stream,Input_FID,Shape_Area_30,NDVI_veg21_30,Veg_area_veg21_30
brz,5122,640.274250072,,0.0
brz,6431,1196.35221196,0.27670142252476626,238.5080000933479
brz,3553,831.113882541,0.30012547404601647,106.26706722483915
brz,3655,501.474335489,0.3447400156707201,496.29024397906136
brz,2896,1183.87371908,0.2869158870352561,618.3792440975413
brz,5280,343.247578951,0.1915642431318122,220.12665991689647
brz,1607,1492.94856782,0.377639908119855,1507.5991250430834
brz,4173,721.026290746,0.22462859749794006,31.672689520143997
brz,5431,781.632807849,,0.0
brz,54,976.027317699,0.40598401839194226,954.6967681884764
brz,4570,680.619613997,,0.0
brz,4467,1685.99513129,0.20840575536092126,78.52373606363932
brz,3795,594.146625986,0.2749281221153604,193.97377265481387
brz,962,356.738517596,0.38264752535331836,352.65792900534234
brz,670,974.788132236,0.38858749706188217,984.3588036032286
brz,911,916.4221686,0.30851651560620397,926.10583226821
brz,4441,783.664703269,0.19986399778448014,297.0865649055032
brz,1788,641.948432549,0.4662995572885708,626.1952225629021
brz,4293,399.853753035,0.21085722744464874,2.355783260569853
brz,5851,3094.65000502,0.21975844107485296,1245.5296309228036
brz,644,1085.0784913,0.25356038664849634,889.6848926020604
brz,5742,786.360279148,0.24137123285296597,579.1750437418619
brz,650,288.495242254,0.35677248103912024,252.95985693838082
brz,2262,482.622510092,0.43444751975145224,483.39248106713393
brz,3832,693.237320224,0.3553999072300092,118.05626908844593
brz,3880,846.641245625,0.32766732223833356,439.5163520065009
brz,3739,861.952562011,0.30950959384903437,506.52733253030215
brz,3373,648.171036509,0.2771433668730472,646.7475070429784
brz,3612,663.476041301,0.2497021455231602,362.2583169076957
brz,3334,683.219300008,0.31894759900673175,670.8243938072054
brz,4762,573.881768146,0.20147105875329024,312.272756210028
brz,6280,633.346787623,0.19509165032515444,412.29835600011495
brz,2622,663.020777039,0.22717369527331602,209.61686182957072
brz,232,599.505482199,0.3146538758690498,559.2567945891736
brz,5241,407.921343343,0.18968263532675747,73.81185913085938
brz,2394,778.691034618,0.35303149929022876,577.6241542741365
brz,700,407.238809839,0.3576534596670951,410.17581269507315
brz,6237,718.956883942,0.2124917031563777,234.80280384736906
brz,2070,363.020686042,0.27455521935134897,348.08901214599604
brz,2988,846.556286657,0.34695999409015327,953.1364624921013
brz,1250,696.713167448,0.3524041144643331,692.260168576708
brz,5579,1550.42644069,0.18945383156339327,37.68949243882123
brz,5772,4144.09715217,0.21736566119484213,79.55920757218902
brz,671,1728.52138917,0.3437236688364077,1723.8856352563
brz,5572,860.797886617,0.26112135793918223,102.07630875531363
brz,2376,828.963617119,0.33709094232083064,531.567368032418
brz,1111,565.121685388,0.2953850248086831,551.2451829498888
brz,5785,312.601571103,0.28837119380234677,313.2670461916456
brz,4532,685.357695353,0.20371725675832827,173.2822224934896
brz,5658,559.107559641,0.25661955880267273,355.4159728405523
brz,4978,1254.83116395,0.20067037824414585,784.7094632017845
brz,4041,1563.62622242,0.21227056376948328,43.71482334510952
brz,1412,542.039707304,0.328016739235271,471.45416424321195
brz,247,928.800419323,0.3688649177232798,930.199821172976
brz,2000,975.68385494,0.2534555291520216,788.5306192136278
brz,827,311.849124943,0.4284723890120452,308.9527432310815
brz,2632,611.859152586,0.24043821357717077,462.941785625383
brz,3444,697.811822911,0.28135908050847724,588.653447379318
brz,3618,635.171506559,0.3390156342160134,219.8669101490694
brz,907,262.641872483,0.5003700547433093,258.4716398650525
brz,651,1735.85470719,0.46428628314457554,1395.5962518430226
brz,1533,1089.63439723,0.31795051458391765,506.5244903564452
brz,2895,985.726445763,0.27731481981335426,807.3201648487762
brz,2839,673.913117131,0.2783895913924899,403.2586908377853
brz,4449,543.765961337,0.17990075051784515,21.98693093692555
brz,5319,998.800479333,,0.0
brz,1354,832.521615012,0.3368597533137563,643.8493967093674
brz,1717,1088.67673301,0.45723822887885796,1002.7283762613934
brz,2946,391.790298464,0.38312089920240666,158.59170074462892
brz,5706,1253.99170211,0.2854177684148029,168.28605286841298
brz,2351,692.150759895,0.3700020355343588,676.5559440762388
brz,3015,539.928728748,0.42601819329856383,535.1856085085402
brz,2582,1068.90520418,0.2379673919029664,524.7013642554189
brz,851,437.66668244,0.38761178627788445,437.4015838024663
brz,5608,656.326513535,0.20456355887036476,395.732473934398
brz,6044,386.955541548,0.23948770749756668,33.24134721942976
brz,2893,2438.90312689,0.2522949920171037,1729.5130425845878
brz,5291,1868.29084518,,0.0
brz,3442,686.256839343,0.2701709966590818,644.6651359109317
brz,1516,1039.67949677,0.22628618331569236,626.0796289481367
brz,1571,334.977857939,0.38375963949469055,335.42195904301656
brz,6136,632.545742956,0.2704692803672515,402.0461145139208
brz,3278,506.055478832,0.3845022114299149,482.109158594468
brz,5696,1143.0450766,0.23003687430265277,264.5982404821059
brz,4575,590.450494391,0.2066399863693449,58.895295087028956
brz,3088,657.427773355,0.2867279845240062,508.7780089135263
brz,2557,723.788042994,0.37473208980864114,605.8394164440679
brz,4169,999.66561046,0.2308313195352201,21.20245163861443
brz,4871,750.729373188,0.19865541661947833,177.20423012527766
brz,3494,774.585851425,0.2098444965648037,121.97214911965764
brz,1646,1097.38796515,0.4271790149524543,1081.4241811116535
brz,1584,2052.95737545,0.39068583719529754,2061.4462965722178
brz,3535,752.060790634,0.31609600733869603,192.9025296379538
brz,2853,635.324788264,0.28644818248113213,615.497829541973
brz,584,558.310661699,0.30562251153286923,186.26138829249965
brz,6144,1806.44668323,0.2171112427564516,1089.1342580458697
brz,1997,990.717407449,0.25654300353940457,324.5205236098345
brz,4348,865.779201346,0.2082896746556078,182.43645776486863
brz,2075,2551.18109093,0.2190743970546288,1114.6875752168546
brz,5317,331.118188737,,0.0
brz,4022,1015.97327629,0.21863202370703222,157.06101406321807
brz,1012,1113.50292568,0.2978775562929378,1109.2655013738895
brz,1917,909.946726839,0.1979720946477384,64.11450901405483
brz,4306,426.630494984,0.24241944331459514,238.98201225131166
brz,6361,879.913382368,0.1966672642496381,71.73242408902038
brz,2378,766.602652548,0.3533043203158202,640.9680407954197
brz,6417,882.555750144,0.23002350056817486,149.7529022515989
brz,1072,613.76357534,0.304768880237338,537.6522678749234
brz,4771,899.964790148,0.21977518389058595,401.2669781254788
brz,1252,297.644015457,0.31420990976657137,251.42291538014132
brz,2115,609.303323889,0.3123758961824147,387.34311331954655
brz,1229,306.171607709,0.2770528859231495,301.1381923899931
brz,1815,1496.39873766,0.2901464604644108,692.1380114087872
brz,4844,1598.93663481,0.20254714697171627,273.52955088895914
brz,1344,807.964808478,0.3223224623486901,785.1391494750976
brz,2277,719.883133585,0.45894605335884514,417.7038648717544
brz,5787,1011.99142215,0.23990196296408706,1013.0843216540767
brz,1861,1649.59235123,0.23570650637126744,675.9320425594555
brz,5626,381.039881246,0.2079293438237467,120.91826719396255
brz,5191,635.682405859,0.19713041714082163,201.01609344482424
brz,3908,705.976190208,0.2836462885725374,427.46203514547915
brz,4396,699.770962204,0.20856393371001783,173.80389739391848
brz,2193,2175.30193191,0.35350067725142403,573.4169311822629
brz,1779,698.303849304,0.3759410703537011,549.5213223625632
brz,4125,1652.42221233,0.19116121435419045,270.65777186973423
brz,6123,1059.6413222,0.22405992513973805,237.66990051269534
brz,6299,160.086599141,0.20868516194449324,67.27786290785845
brz,5697,1211.33372844,0.23536781365598414,402.26198799282895
brz,2875,1504.37140515,0.2805946631888301,1525.9136517992208
brz,3449,1345.12329031,0.23958570905470164,757.206832855823
brz,5526,1389.3777904,,0.0
brz,235,608.504572998,0.26887450222741194,566.5830909280216
brz,3064,680.786601271,0.3088898070640584,245.74926362879134
brz,4688,1210.90311474,0.18496794183067822,381.6401361203661
brz,5863,1371.77770779,0.22379841789067084,843.8017177506987
brz,2255,1710.79422045,0.371757871074198,419.7941036448759
brz,2054,1046.91723256,0.19951347920963233,109.1352502261891
brz,5460,474.955521889,,0.0
brz,3196,926.628198955,0.3120615850550835,927.795022313735
brz,1655,1422.16235229,0.44173509736381456,1413.7486480712892
brz,1602,1060.50849563,0.41659548690382603,1060.1751942653282
brz,3205,787.366596022,0.3539390485766882,411.9477533677045
brz,5217,799.232539673,0.19699755311012268,29.576325031355314
brz,2280,525.729583683,0.449648399666219,539.9277792238722
brz,5619,426.508028422,0.21842872681284803,395.46992746988934
brz,5539,716.281584262,0.19543147087097168,1.3086869482900583
brz,5,762.192268338,0.5846098370608085,756.9359265495749
brz,1966,771.696038112,0.24940459294415063,735.1263552796606
brz,4983,2515.14564585,0.202180164396216,28.529867912741267
brz,2268,3159.1447464,0.26681647329660485,380.01143547506894
brz,1495,1336.29855318,0.42290395172194367,1336.6575910979627
brz,16,786.803424217,0.5626681272363857,777.8558917176489
brz,5689,698.547871985,0.2583610522117697,426.3401485667508
brz,5444,4295.34112161,,0.0
brz,916,520.881461361,0.40769071003852275,514.3251919914694
brz,1818,1520.88275227,0.24998748608838733,83.9985273473403
brz,3538,749.53733817,,0.0
brz,552,363.775807956,0.36762851814125636,205.61582928825825
brz,3152,934.736836607,0.3013488395487799,208.5845965217142
brz,2771,885.146170214,0.32760563299151446,596.1322251562979
brz,320,511.901591153,0.46450733663270655,519.9954357670803
brz,1122,447.485294496,0.2997875007336094,244.3604336009306
brz,1259,1002.98585277,0.3105116885786208,805.0173232134653
brz,4269,1291.6694247,,0.0
brz,3149,759.341663149,0.28160049712706237,516.6226847330729
brz,1961,3526.16649399,0.25007655803125106,713.9364213232901
brz,6267,356.502240028,0.1981040826615165,53.401791920381434
brz,5498,323.184202649,0.18952240652226388,36.90458445829504
brz,405,245.748166812,0.48523047750496384,245.61690715714997
brz,4995,671.738454527,0.20399472723139153,137.15058471081304
brz,2276,860.559369667,0.38807356011157274,448.06316567215265
brz,3361,716.475209635,0.278714157984807,272.2065616682464
brz,2414,688.224553972,0.3541916185279363,673.6741524191465
brz,3030,726.301230264,0.4152813103509076,537.2725844140147
brz,3141,790.333296423,,0.0
brz,5842,629.537820028,0.23150638877674135,534.433249798943
brz,2729,870.502687835,0.3750031280701291,611.2996189491421
brz,2189,759.185005575,0.31924704168414236,385.5038522757736
brz,1954,1020.20709173,0.22723265292963474,577.0537661384134
brz,413,433.061475714,0.4492155314927213,434.47433728984754
brz,97,1436.15935957,0.4986585357390387,1441.1153872022444
brz,3096,643.821635569,0.3535059788528156,383.42019743077896
brz,1923,504.294447146,0.21624714136123657,17.27170769186581
brz,5101,1031.50674851,,0.0
brz,1567,1093.08379475,0.309851922331542,798.7793910606233
brz,4916,1824.93935036,0.20534821127087466,569.8316433177274
brz,2288,1321.50306955,0.3029883480239136,364.0552279304055
brz,4066,870.574488684,0.21240119586003228,101.3038646922392
brz,39,801.727509944,0.5058251572123528,799.05028851079
brz,5377,514.664087332,0.18964388450750935,163.32205164292282
brz,5767,522.556109463,0.2591909992245839,354.35482327330345
brz,2307,663.320733289,0.33016001085337265,252.30411487654143
brz,4679,698.319776156,0.2046432758577335,409.6405110078699
brz,3762,878.948247977,0.23663685010827107,30.10336902094822
brz,2462,641.436700832,0.21992213617241574,164.8859795963063
brz,2712,1187.65333972,0.4137144892468908,1187.8097138348746
brz,5258,228.814052651,0.1972673346652933,48.1610527786554
brz,5699,973.875829305,0.26884543708994724,421.89052533916396
brz,4727,830.438122352,0.2188533613441945,567.229770226572
brz,4135,2059.49624257,0.23205768096360185,431.3778853173349
brz,1136,267.395047241,0.3387749849811314,265.81746371400124
brz,1091,496.955327244,0.3473500863949061,471.72006351246546
brz,2897,1547.82028452,0.2902982579324742,277.65614480411307
brz,4664,546.248082738,0.20369661071608144,202.85482758166742
brz,1879,877.985381533,0.2762207944725835,112.52466382793352
brz,6307,2337.92218418,0.2065085619688034,16.230554438572305
brz,351,354.502148926,0.48264958215765214,347.3707924038756
brz,3224,1031.69250408,0.35636094612348235,657.4504792755725
brz,2838,710.850009829,0.30488172063988234,516.306869835947
brz,5347,1067.60682406,,0.0
brz,3977,875.313167134,0.2146148024397422,156.7965769749062
brz,6041,495.794434941,0.23805212167883408,202.58829785515283
brz,5186,838.368677441,0.19609821694237847,309.6351730945063
brz,154,812.346898837,0.3376558828294339,759.3106840245864
brz,1775,480.629312906,0.44086239627448076,477.29822498396334
brz,4208,1075.85097826,0.19790105521678925,35.860067749023436
brz,4897,613.458726103,0.24318102785459905,300.75156187169694
brz,2880,1221.9334696,0.2813922143086297,1232.039386255601
brz,2297,1363.68972354,0.29836512335736776,403.5794642728918
brz,5394,569.79206603,0.1921693652636346,336.3258491964901
brz,3491,764.346357768,0.2050899422687033,30.100310381721048
brz,2430,473.15863091,0.3371257829119619,456.7020220588235
brz,3441,499.873415651,0.2868525516900104,503.5875492170745
brz,4444,276.273810699,0.188916876912117,0.26174962660845585
brz,4778,149.989040601,0.21888033342697924,64.9140442792107
brz,1241,852.05951579,0.3173245142580501,307.15175200817635
brz,4350,660.194778584,0.2018201410770416,126.94652976241767
brz,4973,707.553192651,0.21320387945917552,437.1112513224285
brz,3653,866.47767767,0.313833174539119,455.71596042408663
brz,1991,2950.12413728,0.24241245364901998,129.54642666087432
brz,2385,925.396329676,0.2673599938180216,756.1228468951058
brz,1151,296.151141324,0.3683356572726662,289.62771471808935
brz,4519,998.109501462,0.20004713531134843,93.44466947667739
brz,2352,715.790088194,0.38523776195710446,711.6289996278052
brz,485,1064.1713186,0.2895287701193197,169.51087422090418
brz,3807,632.082602361,0.36576886207289544,294.2342936497108
brz,5048,1812.29415854,0.1740043813779474,57.32149574429381
brz,6252,3622.6416206,0.21165270832451907,40.31214524811389
brz,567,3435.61104026,0.41372064380324397,2323.3016291001263
brz,2850,909.312554107,0.271363990395467,932.9257410086838
brz,2886,597.209220781,0.2538296052968914,446.7034292482863
brz,358,625.546506239,0.4714414130067112,629.8753973568187
brz,5220,853.689966834,0.20077418963832547,195.5188358082491
brz,1492,1730.92785074,0.34509370052985044,1737.2213952158008
brz,728,404.557299726,0.46698732177416474,404.94724650663494
brz,4074,493.875634629,0.22769075283615076,429.8212060068168
brz,4025,870.875893208,0.21833442886276996,132.1931557748832
brz,4221,676.290218177,,0.0
brz,3168,749.060371058,0.3222175320315231,287.36070610495176
brz,5606,2506.8326269,0.20359243903263113,84.80008383358225
brz,4488,799.871272029,,0.0
brz,5297,1003.08175072,0.19810717801253,6.281747137331495
brz,3087,788.899929585,0.3247703189819791,539.6599551930146
brz,2900,1132.1997347,0.2499429349453395,171.40972152410768
brz,3251,956.590236473,0.32515132367044614,881.4898792640835
brz,1845,1893.76268715,0.24076979500906806,5.495278751148898
brz,5269,858.948993943,,0.0
brz,2520,689.484828497,0.351039414280474,609.784783187567
brz,2459,901.610619586,0.2541786730289459,4.972743793562347
brz,328,395.286895643,0.45142462746439854,392.8768085554535
brz,5358,489.044654058,0.1911358679743374,333.71414271335976
brz,3606,797.953014264,0.3028019725427997,432.1497294706457
brz,5013,375.036569251,0.2024058285218667,74.07180828019683
brz,1936,1874.43289341,0.22201761298613468,162.51280571432673
brz,2144,610.690556851,0.23321084493584293,378.1762454762178
brz,4545,546.480946701,0.21535185724496844,93.7096877154182
brz,586,849.414348805,0.36769972986043653,846.8066208783318
brz,4691,1431.60511544,0.20699288184272507,841.0102868173637
brz,1427,2512.43764869,0.21369148600910062,2009.5690465889725
brz,822,620.874753,0.3610447980634548,569.766537924374
brz,3021,1507.37397217,0.385421685223291,1518.1395384246223
brz,6157,148.5691766,0.32396847814910074,145.79519590490005
brz,603,1246.60590285,0.3102360697694888,1053.4509802126418
brz,313,413.697391943,0.4855158637496744,417.2005699008119
brz,5283,662.373448773,0.20499703249623696,283.9909397798426
brz,6151,345.755344379,0.27768409529581983,295.2557783239028
brz,1835,1213.45410281,0.2770509635027744,542.4606299306832
brz,1169,374.637225443,0.3631697109007346,331.22192777745863
brz,5987,2412.50050389,0.22515301369411916,727.899666969449
brz,550,2032.99016216,0.4778743250231128,2043.0627024332687
brz,1332,508.529501763,0.3347389157266524,319.4488603778914
brz,574,557.483712554,0.42582739953283466,361.27127598781203
brz,3851,502.989357263,0.37419897294086807,295.0134539735083
brz,3279,593.399964549,0.35000925141197825,449.1306351605584
brz,4610,568.510434025,0.1927885661410424,231.91237012077778
brz,4302,1730.20598617,,0.0
brz,2461,781.732976569,0.2183503806591034,39.25857095157399
brz,2214,1637.47370565,0.2740363298735703,322.9594728956035
brz,2231,1125.2716367,0.3539255324643018,495.95149311738857
brz,5548,547.492859318,0.20717897266872176,269.8501557892444
brz,4110,193.783030453,0.23449841579656017,73.03078598321655
brz,265,248.874713867,0.4001820245835961,249.02432807473576
brz,5800,463.271165172,0.28035811126232146,425.27939435173477
brz,2040,1578.94575443,0.25383904031408366,140.27919173895145
brz,2476,711.515563367,0.2706665848424746,539.4011440501495
brz,2131,1413.08613821,0.2843478088129365,426.3326418708352
brz,3249,1069.42642976,0.36592728039004957,497.7991019753849
brz,3994,726.865101197,0.2299920974593414,124.33670402975645
brz,3046,1176.50156152,0.32227963754791183,440.9763989916035
brz,944,626.489590174,0.3522404969441855,620.8061607809627
brz,3254,833.35671405,0.30595530345174754,837.7792281206916
brz,4562,875.90158699,0.16719333827495575,42.40490327722886
brz,5722,247.712262379,0.2832798031017636,207.2798525941138
brz,3924,1246.56200681,0.23563279423345376,637.1321183447745
brz,2421,785.594241139,0.308171365830235,69.61757489372702
brz,4397,697.23647321,0.20301677343451366,185.32106493781595
brz,85,760.101415477,0.4201515544585785,636.09387661803
brz,1007,1100.42055689,0.33381582998558695,306.8821607701919
brz,4075,1200.63414845,0.1865245010580448,79.05398751053156
brz,2959,891.46304563,0.3057313306639699,893.1894972857307
brz,6321,627.215495428,,0.0
brz,4352,781.409496686,0.18124207854270935,36.906119402717145
brz,3048,1127.2106488,0.3762462566891359,384.44880843817015
brz,1687,1372.18652749,0.4100512498106155,744.7071675618488
brz,2362,507.250755364,0.22570497919986768,161.223921622482
brz,5549,887.53393145,0.22235219388850855,290.2651996088963
brz,3636,639.173055878,0.2728168778881735,51.303361241957724
brz,692,589.752586642,0.29032732488307283,591.1973520914714
brz,2791,887.003843305,0.23758245421540453,707.6249041688209
brz,1312,459.302113438,0.3657589389115386,379.1061594345991
brz,2578,738.52306422,0.2672497928418155,424.473755570954
brz,4974,1413.24387474,0.2152041979222151,221.43420619590609
brz,706,1324.16526553,0.3054176871814022,1241.0017009061926
brz,5009,981.671587997,0.1948920637369156,47.112891702091
brz,3825,918.312937364,0.2557139517162046,97.11571254356235
brz,3641,1001.62990004,0.21797846263921408,125.11717960133271
brz,5679,1252.34284513,0.24129926224247128,979.8778115066826
brz,6385,226.034426252,0.1918062376560735,63.87904636158663
brz,1575,4365.22868046,0.2708892286501449,2934.324397517186
brz,508,725.005393629,0.4376433963430648,710.4918860940372
brz,3936,844.070078631,0.2836292481405321,364.8954664641736
brz,5902,528.214485272,0.26332149769669505,466.14689184450623
brz,1232,1371.14633937,0.272754077921253,268.43313715317674
brz,221,701.318670176,0.41110535556663697,710.7108522901348
brz,2849,1174.03104722,0.2901425608190391,1136.5168086033245
brz,243,489.755727996,0.32067126972859755,466.6653665580002
brz,2137,1621.02529954,0.30009800505016654,276.1065278894761
brz,5046,2316.16076803,0.2063155113786891,72.24079159007353
brz,6056,1827.61954638,0.22332494727700775,44.75848523308249
brz,5793,1831.93559567,0.24266394042452383,350.4274425431793
brz,1300,280.005912712,0.37903570695771316,273.6663600547641
brz,4516,794.475892861,0.20185496206206036,160.97638205733955
brz,474,872.444166722,0.4308567899107262,835.5084285661286
brz,4264,1441.77748713,0.17508143186569214,59.67942648494945
brz,1113,689.420461455,0.30351792437789205,693.5670133702896
brz,1244,320.080319279,0.35381695269768615,324.1564437866211
brz,2970,677.143014177,0.43644056263619624,683.8358622532265
brz,4454,1458.08596051,0.20960776123234073,169.3530685125613
brz,5688,934.839780505,0.251641994837887,316.6792415544099
brz,3644,757.755238566,0.27537328004837036,0.7852597404928768
brz,5211,767.730232087,0.19049060772992896,437.10360511331
brz,1902,1217.73366148,0.19715060367720857,721.4798865224801
brz,386,283.589636991,0.36788769903906143,275.9599265304267
brz,1640,1409.94975927,0.32943072499820136,1507.915357432646
brz,4239,788.215300535,0.19105255603790283,28.007741471832873
brz,5232,1372.94442782,0.1905835005900693,910.0778858259612
brz,1499,690.598882182,0.387093460852907,675.7773824055988
brz,4551,1113.45979671,,0.0
brz,4535,665.905796317,0.2318415491479178,180.87371464149626
brz,1633,1991.86301061,0.336079290986553,1965.2538343840952
brz,3575,914.930742229,0.29875696403042723,324.8266168033376
brz,843,434.849051018,0.37703481395525185,424.5847788193647
brz,2403,1422.51111401,0.29049012879829167,1027.5434001249428
brz,286,773.54118981,0.37851893811451914,750.4584046606925
brz,667,877.769845294,0.403429645762452,889.9256909239527
brz,6166,667.445873143,0.25674140962158765,21.46363722857307
brz,3051,1049.54304961,0.3754509729568405,414.54629130643957
brz,444,506.061218613,0.5219141827201692,493.8699145447974
brz,5459,646.279296348,,0.0
brz,3969,847.458876126,0.2087636260022669,206.27087821212467
brz,3226,975.667534844,0.34872441164528334,226.12963424383423
brz,2121,1512.1321579,0.213188080310012,154.15237450693166
brz,5382,1378.97875611,,0.0
brz,5222,680.738198354,0.1984261639668467,316.9667265349744
brz,3699,718.531800197,0.38489406712064755,196.05711637010762
brz,1604,1763.70589386,0.304817975262478,1368.6592702229816
brz,3067,806.160935256,0.2490418263093264,522.3826859717277
brz,6177,1192.64722578,0.22270213245630013,501.51673015519685
brz,2781,603.553288068,0.2576768599552145,211.18758760340071
brz,3450,1348.73182319,0.2472115629959547,907.705555934532
brz,359,543.44029895,0.4766914772566214,533.0929757211724
brz,5836,311.063900739,0.2298624928327317,307.51928875493064
brz,1859,1392.10209219,0.25035530581802495,553.19925291772
brz,2517,802.27234975,0.2644437636259232,372.67736592012295
brz,1748,376.334631144,0.43508665914412836,376.28700552547684
brz,887,827.926492885,0.3523176059981953,556.1743566475662
brz,2305,808.903800089,0.2594752893998073,119.08573802873201
brz,5255,1034.70732396,0.19044051403433432,269.0736848419788
brz,4275,809.634148046,,0.0
brz,1264,1054.28080935,0.34451562076244713,138.6618329216452
brz,4743,1160.86434093,0.19094125926494598,21.725894464231004
brz,3988,765.680677312,0.2474207122877589,256.7880758248124
brz,125,817.344946947,0.43499615506661315,730.2645678052716
brz,4098,586.143383007,0.24630073929893362,582.6858607572669
brz,697,332.039660825,0.46943449043760116,333.5294468898399
brz,2095,741.541961773,0.32581517515415565,746.941421030082
brz,6193,2430.87660383,0.29199476514832445,15.44360309675628
brz,4944,1870.95856399,0.2892908615256668,28.53036361395144
brz,2246,1136.89230297,0.3423722508006994,339.18889513202737
brz,5010,4608.48056979,0.1948920637369156,5.234765744676777
brz,6259,665.137409177,0.19056974351406097,0.7853113511029411
brz,4934,528.635967102,0.266063544206032,195.52665557861326
brz,5020,661.928918651,0.23291959289376063,34.28748046276616
brz,6204,1573.45034004,0.2509162611775584,20.155458338120408
brz,4877,766.232190239,0.18644067645072937,114.1216501273361
brz,3404,686.242101401,0.2865800857802198,302.04684478161386
brz,6388,551.267220026,,0.0
brz,5262,1054.81020625,,0.0
brz,1570,1733.65564057,0.29926458460949784,774.9750668095606
brz,850,273.911617002,0.48946189187360134,273.37601545745247
brz,4810,1962.88324062,0.22840206906777735,1018.4547149059819
brz,5331,218.115301154,,0.0
brz,5789,300.215796956,0.3205551773608819,286.83373975566786
brz,1235,706.489596055,0.30683460934595636,431.68824678308823
brz,1938,685.040353853,0.2331223759931677,222.4418230243758
brz,314,1389.44263151,0.3941215466285143,1389.7029779471602
brz,3868,681.227192901,0.39319793268253933,49.73680503695619
brz,870,564.755296292,0.44358925972634905,571.8715986064835
brz,2827,798.369175223,0.26525966642104093,564.4537380143707
brz,3347,813.807168415,0.25044314564225933,819.7569412231444
brz,5365,785.131271677,0.1899447680973425,75.11763984829773
brz,3016,664.558966593,0.3810162238704351,673.8872842227711
brz,5030,436.421223658,0.21761767748448485,145.52614572562425
brz,4345,701.818775466,,0.0
brz,4811,1526.63092209,0.1974033829642505,332.6813831404144
brz,337,209.060571266,0.542690001700595,207.42524270450366
brz,3848,1327.8411289,0.22333287824225687,219.1006652832031
brz,3193,1190.4941731,0.283878149648223,951.085458942488
brz,5959,1531.95424524,0.236851341660238,376.90609337301817
brz,4128,767.793030099,0.22590163449612205,313.5848698933919
brz,2344,810.217593437,0.34887935249893753,353.3231730741613
brz,3579,863.729598835,0.2761458582399434,338.96214189716414
brz,1029,847.660511654,0.2664259551689484,812.8560662063899
brz,3669,553.872641384,0.2302533947345795,211.763326846852
brz,3248,974.10177902,0.3869846335551597,538.6287154253791
brz,1419,695.907321331,0.3130247593660676,636.8036557365865
brz,6373,369.869898238,0.17740768194198608,78.27776480282054
brz,2423,713.847666944,0.3163065036845181,242.6146677353803
brz,2577,726.070573376,0.28414580615442286,373.4430425008137
brz,2341,765.902446431,0.3461898538892964,511.14127960205076
brz,3574,826.620753734,0.29117374612597274,270.3829564113243
brz,701,421.774340036,0.4075123933433179,429.534490368413
brz,3223,856.543021943,0.3417834457732849,280.5686973122989
brz,5561,1159.68373889,0.2024862934590671,922.8691378724343
brz,1546,1087.39051049,0.3033520477523727,1077.131542250689
brz,636,532.364825162,0.26074485115166657,310.2532004861271
brz,6276,511.963967937,0.21038899506841385,128.2697832294539
brz,6112,326.520331788,0.216302201598196,227.19898017434514
brz,6365,205.385585456,,0.0
brz,772,476.545128974,0.4594802403298026,471.91597092572385
brz,2484,900.089287626,0.2587436559605917,176.1346969006108
brz,1623,2586.91744854,0.25756704619513154,2560.263742005591
brz,2404,1007.02436894,0.25997303479994827,900.0793179680319
brz,4190,475.99717176,0.20757405841892418,143.96473768645643
brz,1737,1371.21133159,0.33106715034680323,444.3274328792796
brz,1778,743.755929524,0.3989707987831003,568.3616333905388
brz,5665,366.511098175,0.2366501959397667,361.9591120402018
brz,3073,1144.20924034,0.2415071830025375,548.0364941166897
brz,1011,897.68697856,0.291221040775533,908.8665604535273
brz,5640,418.257953106,0.2195057979363813,317.2103653851677
brz,4616,727.31893153,0.18677819328449446,167.78263621610753
brz,3483,604.695602434,0.24863219102955586,241.58714644488165
brz,4826,542.456761474,0.20185321674627416,44.49774169921875
brz,2334,697.028760773,0.35932461036447716,701.6760811300837
brz,2143,622.115692697,0.21669772076732324,347.816937495213
brz,4424,660.883039081,,0.0
brz,3372,577.95328912,0.2776153192647984,571.107651534735
brz,6191,197.03524825,0.2548021519239229,198.149258333094
brz,2108,749.150691259,0.27349309060540233,523.9563899320715
brz,1853,1099.62245895,0.23817801638389355,208.29925130208335
brz,4225,941.073213225,0.20269291933658906,59.15557224049288
brz,423,475.157663742,0.4666836179760347,479.20751881318944
brz,2702,606.346104253,0.31027710863879143,624.1368269078871
brz,4845,2035.52613843,0.1997389063002213,345.7723356359145
brz,1617,1477.81622011,0.448230329339214,1459.2082746917133
brz,2699,1094.46323591,0.2744334884561025,1068.2348418291874
brz,1699,1267.55842442,0.38590973736449474,1233.0038961373123
brz,2316,1369.25905868,0.36997424424924974,570.5576706531001
brz,1675,1658.35647294,0.40388763369891,1682.49080286961
brz,6400,1138.71165336,0.19704173505306244,30.369259344362746
brz,4923,730.847996705,0.2179448444261016,79.31079702938305
brz,4395,732.611682233,0.2161144628592833,265.94126691631243
brz,6139,1964.01321617,0.23919054815821625,452.29938695570996
brz,619,467.383392877,0.3800999319768167,435.5630261290308
brz,2339,818.94146187,0.33179442213489746,388.91697791604435
brz,4412,975.585689405,,0.0
brz,2026,598.103067496,0.30773970038393433,449.0968515732709
brz,6404,298.621980136,,0.0
brz,3182,1219.16609404,0.4198706629566657,40.82756105310777
brz,5508,321.131222361,,0.0
brz,3456,1562.62834108,0.31262517309744076,1230.685652370079
brz,1855,1102.4273791,0.23240132579260522,469.9824320475261
brz,1554,2349.53274003,0.42160815512186317,2330.1102104935
brz,1041,793.680647023,0.24805172087621766,335.40160546396294
brz,3349,447.536413863,0.33145647885586493,445.4747341081208
brz,4908,646.402503326,0.2648135222966158,206.78520905737787
brz,2944,868.546580261,0.2622400550171734,318.2285467409619
brz,5694,1092.59173677,0.2739532122015954,274.8052269430721
brz,456,322.326480366,0.4593319883356328,319.1344831878064
brz,5298,387.035558138,0.18553564527268226,88.20614932191138
brz,3903,710.109099078,0.3192044220019862,76.17402639950024
brz,2957,538.999712865,0.35849762840348237,549.3113855100146
brz,2494,723.277076619,0.3266197979875973,457.99938088211354
brz,5140,776.79533703,0.1748441323749165,70.14550015318628
brz,2036,610.722178973,0.27453743996924923,243.6556190939511
brz,1992,2990.63842547,0.25295846793386667,105.99262820973115
brz,2064,933.779342061,0.24016841307104048,415.34729075712323
brz,665,813.503557446,0.4224240819139202,838.9172060499003
brz,3118,890.935443265,0.28541899383418196,891.149125402114
brz,5921,555.571801169,0.24074835504623168,73.80942921357996
brz,2554,796.275106432,0.35430029698661375,317.70636129940254
brz,4394,718.136692123,0.21598220221104397,288.9759749468635
brz,1207,466.923822849,0.3171638738385391,364.1902058320887
brz,1026,712.722718893,0.33751661506029634,396.356668659285
brz,3597,1915.72065705,0.24339860353254442,805.4184291764801
brz,402,308.966306194,0.5090308035755979,303.425880132937
brz,323,563.599749714,0.54604604298672,558.446327748018
brz,2122,826.329230775,0.26929404633394155,266.429335081811
brz,4874,412.874356573,0.20948672191073886,86.63867893592985
brz,1847,782.749135182,0.2546346857597309,107.02725907868029
brz,5729,320.304160993,0.24253387318113673,114.89431427600337
brz,2948,597.787146755,0.4112114104376608,523.1436746036305
brz,2919,2036.83994928,0.26433418164239547,2004.8962527705175
brz,4733,1349.7717522,0.23115093132989808,211.76273707969517
brz,2828,1203.20715147,0.2710950778229947,394.3580412621592
brz,5075,3023.82615264,0.18728936623313472,218.55175380332798
brz,4147,836.305301961,0.20691777909091866,247.6203825109145
brz,4849,2087.84254349,0.18726356327533722,37.69201085707721
brz,241,570.929642641,0.37019629134729004,569.7270226572073
brz,3555,691.090828629,0.2918535586225862,75.11992743997013
brz,2100,753.543004364,0.24642447756945027,442.303414438285
brz,5861,364.634598263,0.22403397054185853,287.3743859683766
brz,5541,517.830559661,0.20279226307585885,156.51916411156748
brz,3654,694.895863771,0.33383734738679977,680.303225109624
brz,544,606.497638848,0.27208618117185274,247.4705602010091
brz,136,671.476723783,0.4641302510049858,611.0033828136968
brz,1822,1145.92810757,0.2764857947706215,648.9633594886928
brz,170,1010.01505893,0.517380932943908,1018.5287953993852
brz,226,839.952568953,0.3027770138027011,831.0309150247014
brz,2743,744.226980689,0.32125520618717,236.30036127427047
brz,4161,1237.43285249,0.20898369164432137,323.53036032284007
brz,1218,227.772566354,0.36071924516974496,225.00369113099342
brz,2596,457.511751467,0.35133131360819214,463.46158139097923
brz,5197,3604.71490017,0.20337525957875113,1013.9904538322897
brz,5852,1005.67427541,0.2517392923360441,245.49579692167399
brz,4202,1149.00170615,0.19028110802173615,64.65282287597657
brz,537,426.627776361,0.3894303885839705,434.51621363022747
brz,5260,275.12822208,0.20142912311213357,54.96646656709558
brz,215,758.003832252,0.39721650515413315,757.0122995413985
brz,1104,1883.16886746,0.40754159727720235,1862.2833702536186
brz,3768,823.621442053,0.3351952594508938,320.92741435929844
brz,3545,774.831564029,0.28620282676535874,169.868877545525
brz,6368,3452.37188133,,0.0
brz,3133,702.280362386,0.3358526957516131,457.21640978046497
brz,5910,466.835928718,0.24059032174928105,139.50490333706725
brz,1874,568.15491678,0.22390890937292107,303.0326943790211
brz,1265,1097.62112,0.2884049392399832,773.3628311456418
brz,5776,639.595183207,0.2942867151147583,184.76598175647212
brz,3076,901.171686721,0.3164567974290144,669.7319908590878
brz,2224,996.076663552,0.3203511274120082,300.97272790647014
brz,3777,956.636647198,0.336308933334586,63.60934376436121
brz,2755,1554.91285378,0.3867160225288035,1019.0053006639668
brz,2149,773.819447312,0.3033901364804549,758.1919387817383
brz,3732,811.200408411,0.36239741755132915,249.20358485801546
brz,2349,732.792193489,0.3124819299190778,729.9452364454082
brz,301,841.633864488,0.5546085009358347,838.0636724135453
brz,2837,859.492273907,0.33281705868376915,728.5342038322898
brz,2331,680.054707802,0.3641524606204907,570.5540107278263
brz,716,350.904586627,0.38789939428197917,341.3784785551183
brz,5042,481.998191798,0.18592413944996516,272.4719178143669
brz,1484,487.735265791,0.3265943249936772,486.8851707009709
brz,5642,377.545587354,0.25305599728310896,194.46072034648822
brz,4024,949.485632808,0.21678865690130827,180.09678593055875
brz,3529,621.305836007,0.2446141028121706,171.17953449324068
brz,5495,514.671608354,,0.0
brz,1693,932.729557399,0.494391103138512,918.7224679685107
brz,4774,602.916307729,0.23066015309066087,213.06576053394988
brz,1619,569.223826016,0.36141963397970567,571.1795521156461
brz,4233,814.332258473,0.19215910136699677,9.684853527592677
brz,844,345.376364801,0.4282831815881556,345.84105344286144
brz,195,755.351102935,0.4917933220898221,750.9756738400927
brz,5396,1737.68962061,0.19114324948690956,348.36286680932136
brz,1071,1939.69742069,0.2559649541512648,574.5415873209637
brz,2125,705.701906542,0.31818811383783757,549.0823687983493
brz,923,790.390399272,0.334828044147642,679.4027080461092
brz,4250,700.161244211,0.2057101089730222,30.625388829848344
brz,4248,513.634421246,0.2128767012560516,63.08318864410999
brz,1166,367.711244424,0.33359597155255954,290.6706431968539
brz,330,307.372728259,0.4121702076896788,296.6195344513538
brz,6022,1435.49370707,,0.0
brz,4055,815.562746072,0.19974585924459543,150.51483528286803
brz,6369,533.216736508,,0.0
brz,1281,544.847414197,0.25514236755124786,458.3723522410673
brz,4621,558.727033538,0.22616976954029144,424.8238479015874
brz,4326,809.485985481,0.19718187762343367,120.40614635991115
brz,825,1374.57542412,0.22530164936644434,1080.681832407035
brz,186,821.184658492,0.5485838656145722,746.7843494190887
brz,9,806.389312807,0.5175263234135195,794.6012795840992
brz,4194,253.425119,0.22109216451644897,20.155069119322533
brz,5076,1347.86489317,0.1939144793860983,264.3564301434685
brz,4839,1008.65767549,0.2373861884953929,266.9867276360007
brz,490,197.07674611,0.37304271060644556,198.54644218893614
brz,4408,924.00657377,0.19523152944128042,255.46753324620863
brz,1790,936.683983156,0.38863517984430834,614.9450181848862
brz,140,823.276813293,0.48509956333393855,804.5645562564624
brz,1042,366.855189262,0.24168048670879255,358.94858996821387
brz,42,833.80656396,0.4927217907384108,829.9184885959997
brz,6419,450.906878732,0.22269887330933152,84.03985039206113
brz,3632,671.422611395,0.27520801550236307,180.6080878762638
brz,894,509.334897736,0.35430284378303273,489.99185019100406
brz,5479,915.376741068,0.1840122938156128,53.65569873884613
brz,1612,1394.47946098,0.3449310788494647,1419.1714021869734
brz,1520,765.655159711,0.3080647821883804,728.9030243219114
brz,4029,768.019606476,0.20006516575813293,1.8323803770775888
brz,3078,767.519144478,0.2635642636063936,774.6770792942422
brz,963,1546.99647343,0.2445104561638959,1382.3833460789099
brz,2448,736.445461068,0.3520020940669432,616.0879787071079
brz,3897,1417.50206273,0.24403822850531448,970.3719250248927
brz,5014,438.373987168,,0.0
brz,3074,1073.87295742,0.32569952524539564,615.5581657559263
brz,189,793.530895753,0.480617144254,784.9760600968904
brz,5856,444.93902532,0.3118776583261093,182.42166804893347
brz,4052,1005.54107442,0.20409219803616724,206.53127629897173
brz,5311,686.945073004,,0.0
brz,3028,762.042412801,0.3680246516659453,464.7808793610218
brz,2964,652.184458716,0.2882220798849383,644.8398684333351
brz,5253,444.838743239,,0.0
brz,5320,822.838982869,,0.0
brz,487,575.312759794,0.3485584146098087,74.55329805261948
brz,3065,774.006689478,0.2996882270602678,432.87484304390705
brz,864,961.63141652,0.47975413354787744,952.7762338675705
brz,6403,654.773627497,,0.0
brz,6249,290.542768428,0.22589982766658065,20.94134641161152
brz,805,878.55924064,0.4311414993223516,869.5538058112649
brz,5062,313.623146201,0.17848619412292135,11.516639440199908
brz,730,487.478704043,0.4748911937321818,489.9639269062117
brz,4996,426.441897277,0.2075507883558568,177.7197203393076
brz,2901,726.412700435,0.2406999464760937,627.0211734846526
brz,1194,1633.98881298,0.25830897918454643,1585.9712189319089
brz,3637,663.314905724,0.2798212416244276,43.189053254968975
brz,4005,746.856545679,0.20790912270888515,136.6408694996553
brz,5418,413.314280855,0.20071359911481992,276.38766317928537
brz,5468,304.518408529,,0.0
brz,4559,817.557123268,,0.0
brz,5771,4186.12148433,0.2007015660160878,15.964186694575291
brz,4240,1127.16673926,0.22247525443177327,758.3006196564319
brz,6336,430.536107819,0.2501411149376317,248.7028778674556
brz,2597,730.567775635,0.2331754567099808,544.850310830509
brz,4475,768.683428082,0.202957881993787,349.6923867917529
brz,762,564.679182619,0.4407876593289461,556.1467936497108
brz,6174,945.968008264,0.19888152677431664,94.49292022106694
brz,1541,820.383201024,0.28888609917784397,769.9829712811637
brz,5705,3636.74160452,0.23221401671568553,94.2193765079274
brz,4295,483.22695176,0.24557767042020118,155.21970499076096
brz,2980,992.905505304,0.3731799233575001,998.9263652427525
brz,878,1363.6006972,0.25619214666448015,1139.5456334731161
brz,2518,809.417723265,0.24596973168578265,470.8183921365177
brz,2888,1593.91450659,0.26146125462211556,399.07608660529644
brz,3203,654.226011751,0.3161429288170113,320.3444757798138
brz,1678,867.917539221,0.43538386463937795,860.879327811447
brz,4603,352.772927036,0.18226002156734467,0.2617523193359375
brz,4371,699.21727704,,0.0
brz,1506,1560.68453205,0.3213510793979063,1584.1395607443417
brz,2696,1651.02387389,0.21125839113830852,1218.978505452474
brz,3638,902.731442511,0.2760475652162419,33.765988159179685
brz,5078,760.661804876,0.2016107773589949,179.8147055233226
brz,302,1385.59952112,0.48294998307573334,1387.3512740191288
brz,3440,1155.88853067,0.24453378468444667,634.7166755526675
brz,4579,541.768392873,0.1940789520740509,88.21251792159734
brz,2532,675.603791013,0.35989550522461505,675.7296745449889
brz,3671,497.947661459,0.27743106988373767,279.55806370155483
brz,2060,693.849279535,0.2756516569261921,303.59179980708103
brz,564,326.878796458,0.34020343711760587,272.58785190956263
brz,1591,985.911723448,0.3669493280319253,977.4907263662301
brz,3883,924.683644975,0.2820688965843945,128.79183903114466
brz,4787,947.539798405,0.2233060544950294,190.55327938304225
brz,460,776.76404644,0.35347314299874666,570.5141056733974
brz,3453,656.769492944,0.2954073644095822,583.9402168124329
brz,1755,908.383854464,0.3702108598947877,884.1896253997204
brz,955,399.384461875,0.36264360219419134,392.16008896173213
brz,4604,741.811465766,,0.0
brz,6156,290.062265287,0.3001317593126416,232.43502331902002
brz,5573,907.753400749,0.25925287829863064,48.42082947375727
brz,2379,898.795894611,0.33020444423209677,625.5261456957052
brz,5753,391.444635969,0.2747852216997193,383.931905409869
brz,6159,2116.99801719,0.2501943147219868,583.9640724032533
brz,5566,967.361368392,0.20250645720358917,41.615669340245866
brz,3037,799.136012192,0.3002255898840884,615.0044868319643
brz,6052,404.769796571,0.2200100299789499,233.4759712967218
brz,1791,662.08770778,0.3389124275189847,624.889022468118
brz,6248,771.754124005,0.2165789771674457,194.2308744243547
brz,91,523.809719889,0.44009787397893524,529.3754350849227
brz,3526,959.332894272,0.26328266769026715,100.50930223651962
brz,6039,4996.50763213,0.22590868720343632,1909.654041484758
brz,2561,618.982057761,0.3987707807053968,587.5209913665175
brz,4672,739.201805933,0.19920275595852702,91.08874709185432
brz,3339,619.602452767,0.2912098916580063,444.1621251424154
brz,3183,1907.95775952,0.4149691847219966,80.08486417882582
brz,3470,705.974316983,0.2512910420244391,25.912345168169807
brz,340,520.95226,0.5340547365892581,514.5107596902287
brz,5429,779.486247786,,0.0
brz,2600,958.339370616,0.31733035488855815,907.8219765158262
brz,1186,3626.58396288,0.24963554359713058,2148.9739457074334
brz,1391,442.264566366,0.3432807845221329,421.4730187808766
brz,1137,569.174105486,0.3465266476551539,272.61954899208223
brz,4667,838.82157118,0.21865280522245087,380.32116043988395
brz,2535,677.602942961,0.3243957472787552,667.0920951095281
brz,4166,781.543621951,0.24444026457187298,223.27993600882735
brz,5073,327.244166744,0.18576241804541443,72.76370903463925
brz,4483,699.633788524,0.20385180413722992,8.637692260742188
brz,3752,659.883192076,0.34242425363555884,303.1322451722388
brz,1886,1894.14729306,0.20420809372745707,15.17784705068551
brz,6111,1591.10279928,0.2163358507483887,201.024098295324
brz,6020,1237.99194015,,0.0
brz,5728,532.560800852,0.24091742715770464,201.2612410302256
brz,3115,724.290262104,0.352726491476886,718.417486302993
brz,162,774.808563925,0.5471092574432869,796.9800393796434
brz,2172,357.333632789,0.3621749795157625,356.1971389471316
brz,4592,674.169274924,0.1785983443260193,34.81360362931794
brz,3711,938.493965626,0.24895642697811127,16.22920586081112
brz,2793,984.746278153,0.28253620625715886,930.3231021955903
brz,2686,838.372233425,0.2808591426576547,707.3714371625116
brz,166,845.49760047,0.4964222396173093,832.2921037262563
brz,2904,643.240549399,0.2717846797961565,612.1047240014169
brz,2497,633.77958375,0.3263888307832394,414.8182250378178
brz,2161,977.217893509,0.2781877465176755,432.8824303720512
brz,4298,888.392076449,0.25371917547932654,65.70004431032667
brz,1573,1494.27094673,0.310866141245665,805.0670120837642
brz,397,752.308521593,0.5829853464669335,741.8305797202916
brz,472,707.717886297,0.34103330140735827,702.8843041513479
brz,2028,705.330278183,0.28449299260109323,654.0195222742418
brz,396,401.371490677,0.5397422175716472,409.6288120643766
brz,2091,985.314814507,0.34192164885022275,377.39612941367955
brz,2604,363.306513352,0.31192484323544933,359.8336696250766
brz,4033,889.711080442,0.19765320773881886,221.71802338244868
brz,3929,346.206063463,0.2845618765204008,274.3256279440487
brz,3677,653.602896896,0.3626528608507102,406.2478016273649
brz,1400,328.765280014,0.38361863574532223,319.1819528317919
brz,1871,784.300369469,0.23113095169086534,325.7987295711742
brz,2015,672.266257106,0.24680669761876084,404.60270867441204
brz,1270,1429.08281475,0.2898227077148948,312.6452757891487
brz,2981,889.73806686,0.4829170024334835,881.6847712797279
brz,4039,818.351983158,0.1908734098129351,222.76291228649663
brz,3749,1659.99844803,0.17434086799071724,141.88202377020144
brz,1437,497.609555465,0.2682667180275586,490.2855486103133
brz,2439,779.641338075,0.2956644370934494,538.0945202397364
brz,3238,954.340696766,0.3694226853962483,472.14830232508035
brz,2611,656.838337935,0.2735018247006589,629.3818346808938
brz,1110,519.695682156,0.3127885710107778,446.8573934218463
brz,4197,757.331660867,,0.0
brz,554,930.312712223,0.23007585085057594,201.43141913320505
brz,2868,665.425371581,0.2312761961967729,559.4998643762925
brz,1746,454.924431864,0.4192068968391307,449.29482511632574
brz,1116,629.286226889,0.2761991475118399,623.1917955585554
brz,865,444.368952177,0.46008406303415955,440.54542682124116
brz,4520,969.931664539,0.19994969207506916,61.24972722670611
brz,1921,1353.10217872,0.17674586176872253,76.41422190946692
brz,1631,934.813714772,0.400964729091271,914.2052281697589
brz,977,1353.98537648,0.32583851772338523,1385.2648384243832
brz,6119,594.485794998,0.2295228818053366,278.50242803237023
brz,1947,838.015184185,0.22801422480946387,280.0195992563285
brz,3391,1683.89024606,0.203434163614689,493.9058991376092
brz,6428,1612.23056048,0.23416325449943542,0.5236160577512254
brz,2529,720.506040255,0.3385258347548619,518.1804979212144
brz,2179,624.108470544,0.3016845974071362,394.9270403693704
brz,1823,911.979898542,0.27926775996543335,431.50747013466025
brz,6192,2342.12893693,0.272848780456396,122.23982520009956
brz,4112,331.271824608,0.23511617970496002,318.55998403511796
brz,1454,2597.64625848,0.32997304917803827,2609.9018091239177
brz,4607,508.322516391,,0.0
brz,5478,909.936871997,0.18435932533896487,24.079557052313117
brz,4670,661.592483388,0.1890685893439349,125.1157964070638
brz,128,840.279607026,0.3713182821118806,716.1443153530943
brz,2655,734.767481261,0.23567828612843741,533.0695020787856
brz,3595,759.77456462,0.3848676067941329,80.09629540536918
brz,2785,497.759682373,0.2705134201637456,167.22340123793657
brz,4484,691.591652102,,0.0
brz,2653,567.463025538,0.3165405457489248,556.884762393727
brz,1468,648.070386086,0.2891830576596631,642.8111929500803
brz,303,1016.8276386,0.47012249868116357,1002.8478966806449
brz,5148,849.197310319,0.19552304109980387,94.7489709592333
brz,3627,728.663234858,0.21424919366836548,0.26174780153760724
brz,774,1337.77862144,0.319182086221927,1319.484778699688
brz,1688,1805.12445749,0.3362670530757799,574.1019725724761
brz,2303,1873.69817177,0.23661033198308043,110.4487008487477
brz,2682,613.952635113,0.360593622256938,611.3233796961166
brz,2693,1170.80416721,0.3217020648842407,463.4633706784716
brz,4968,622.728721443,0.21901153028011322,57.845166524251304
brz,4994,893.934534388,0.19288314348560268,15.442555356493184
brz,3482,755.768442434,0.2611895075825951,277.18413965561814
brz,693,224.467079218,0.4437573253754483,220.26023484772324
brz,1177,347.237360234,0.33867424106999733,325.98811304429
brz,5310,1187.77417066,,0.0
brz,2717,1132.46664206,0.1978745648875961,788.7315990074009
brz,6243,1307.19824703,0.2242795079946518,1.0470600202971814
brz,4777,691.945153062,0.22267967514084566,665.89460179946
brz,441,701.900339581,0.4588350065932806,701.8255003686045
brz,6092,326.257123972,0.28911107059182795,136.6346685072955
brz,1328,1083.55704343,0.2608579105129623,510.9638406192555
brz,1028,1436.61769406,0.2661454148743309,1148.514438314999
brz,1627,1398.69368342,0.3384752381849271,1376.8136291503902
brz,5537,380.627188285,0.19664025197426477,117.7815803079044
brz,2266,1100.20815537,0.37710845613128346,284.22353515624997
brz,5094,1043.42717127,0.20080631520624354,463.795030002968
brz,4906,503.897589892,0.2679099968740609,167.78386981440525
brz,999,299.719952948,0.4118659932217261,248.80493469238277
brz,2440,602.304618875,0.2606385553703171,509.8299678129309
brz,5577,1803.05400483,0.22502591710447015,225.8760486976773
brz,6063,1538.46895784,0.2220690412924697,470.3568725885129
brz,3674,701.862922983,0.345966829092742,59.94261696011412
brz,1722,513.440404119,0.42106789821072627,517.0629514208027
brz,2782,692.513192876,0.26358211658416536,142.6237392350739
brz,1208,626.831707064,0.3112548399231718,335.67282666973045
brz,2178,543.623598738,0.378329156132186,491.76195538090724
brz,1681,1202.67022695,0.42772045469191006,1206.8021259981044
brz,3672,620.075010387,0.2951721529135755,172.498793777765
brz,2536,684.456187126,0.3186059136924666,608.2071051204905
brz,3600,1101.18642531,0.31172801006126827,359.38489954331345
brz,2051,819.142439978,0.21941714713729502,387.86093438840385
brz,1283,305.00028373,0.31877978014138836,301.39500086167277
brz,2082,1420.25847243,0.283545893611874,477.90129681755514
brz,3314,617.963390298,0.3356398506501759,368.25443190032365
brz,3573,616.882056407,0.30876549561020294,182.43625491273167
brz,5139,755.274684902,0.1744515746831894,1.046947763480392
brz,5194,1829.90601699,0.22202149896357934,546.5158445470473
brz,582,596.500675668,0.291513205764375,406.27014196059287
brz,4716,689.830574339,0.21228244856290335,685.0186384014053
brz,4901,531.03259712,0.27151051047970265,222.48881081973803
brz,3610,797.846886731,0.2902565481603101,355.71594040814574
brz,4180,500.15458526,0.2253066134612565,312.53632707782816
brz,1389,408.397262788,0.3063792199562914,409.43811471976477
brz,1626,1009.40237904,0.3380013206639848,1007.3587496888406
brz,698,259.939156959,0.48333005930303474,266.56148119159775
brz,749,806.411920955,0.38688533874102893,794.4479453591738
brz,5383,2882.95408062,,0.0
brz,2292,1012.36668998,0.27117460927164017,690.9473035924575
brz,3415,590.81899365,0.2523839422711381,58.106480856502756
brz,1776,582.766656113,0.4013213417288513,578.5663652008656
brz,382,777.580965113,0.4839372671788681,775.301303728889
brz,5086,689.221122142,0.20464710999798302,316.1792478075214
brz,412,322.365669331,0.4769866530471508,319.3817144954906
brz,845,318.086131973,0.5212011504144132,320.988115198472
brz,2328,1091.25597234,0.3509343968036305,620.2806935029871
brz,2133,956.315421396,0.2799219538932278,395.97273311240997
brz,1586,1004.10713773,0.36013614174110237,1006.7933062085917
brz,1084,1505.7823608,0.2539877707771736,1491.836354274376
brz,1185,3910.4323744,0.25498716828329815,1896.767217598709
brz,583,612.882675558,0.31485118765288206,213.72971373913336
brz,5114,560.298775353,,0.0
brz,2239,533.774841881,0.3698576363044278,526.5783827239393
brz,5120,1172.06386424,0.21637451814280617,47.11158842198989
brz,1762,3123.40605996,0.2897735398495445,2450.5386599671597
brz,1637,802.387590581,0.3319605762308294,791.5000831753599
brz,4034,783.319926639,0.1971666883327523,320.66632857977174
brz,602,661.43052517,0.3221339128935452,650.8538520364202
brz,1694,742.241717271,0.4302316844189739,741.050660795324
brz,4406,700.14323437,0.20253176242113113,13.61099225212546
brz,4998,1136.81816227,,0.0
brz,4883,1683.73980057,0.24212957161035142,170.9214553234624
brz,3431,526.263508431,0.2619453267310688,517.4620362225701
brz,3783,759.817399373,0.3828315140565113,669.3427119236368
brz,1503,3453.7046189,0.3691533589201407,3452.6452391979733
brz,620,791.031857617,0.5472031030937226,804.1598185520546
brz,4292,1145.50248403,,0.0
brz,3700,675.725710504,0.2979231506258577,285.8405582203584
brz,4937,1414.57905139,0.2003878311869876,191.59959716796877
brz,6433,2272.01548086,0.2597481459379196,122.78873757755055
brz,4984,1491.42662704,0.20497765105504256,234.78234243953932
brz,1515,2053.75231072,0.23945770088645027,1861.2249547621782
brz,815,695.752698863,0.41133946118622833,707.361916216682
brz,6337,791.55982374,0.22573702741000393,706.8409459731158
brz,2619,1031.93984066,0.25015880188677686,533.593930382822
brz,1489,1881.61142593,0.2643534445934125,1645.9027855667414
brz,6169,1812.21038203,0.20311186533959963,257.0420716528799
brz,4971,1180.27917757,0.20644654304708152,297.0791673847274
brz,4827,615.133537353,0.19280125200748444,13.611050594554229
brz,4524,603.249961854,0.19923501244019567,195.2672015021829
brz,294,695.604149508,0.5105413415505998,682.4397057925953
brz,171,884.050998563,0.48937123563868684,871.2710498884613
brz,4892,988.733614622,0.2685441415234389,57.846865844726565
brz,3288,807.358557668,0.28612360817698146,436.3013666788737
brz,2168,450.656405629,0.24532923588101427,366.9295425115847
brz,5187,501.405261803,0.18622449040412903,49.99192714317172
brz,2706,794.036978575,0.26407228917854375,739.0200344010893
brz,1563,1430.22207495,0.37662868181246234,1446.3225830078127
brz,3517,809.376996626,0.25782009959220886,0.7852311975815717
brz,3559,735.449566752,0.26040130586144516,580.2854468551336
brz,3999,653.234712352,0.19830546724796297,65.4406753839231
brz,3673,486.876102577,0.3634542806404773,280.0810379327512
brz,3900,593.286699056,0.30175899001063083,134.54819557339536
brz,1777,721.913516192,0.40709634564758046,529.6333518533146
brz,6241,1863.73873122,0.2242795079946518,41.88240081188725
brz,5871,666.70565147,0.286950523489291,180.8533432306028
brz,1707,709.924556607,0.4828796159851807,692.6477719774434
brz,2732,1316.39277586,0.39555020450662143,1306.343913717831
brz,1892,424.155242806,0.22156582383522347,105.19808044433593
brz,4673,690.900841386,0.18671439317662747,135.5860907161937
brz,3011,464.763869305,0.43314920403469837,455.6291112862381
brz,2503,636.872056012,0.35801520782367924,585.1946599922928
brz,3921,970.622886498,0.2321122707881383,385.05408839805455
brz,5713,263.102003741,0.3199896971341446,240.51810075348496
brz,4485,747.79604677,,0.0
brz,5133,964.565184962,0.20845861347718617,452.5374082079121
brz,2444,707.178544683,0.28444512703746844,663.7204318177465
brz,4260,994.521470014,0.22413795216138968,90.04264113482307
brz,100,729.496275538,0.5019312547844681,719.7781826542872
brz,1025,716.483051702,0.35888251103321056,348.74176958869486
brz,3998,1244.59649823,0.19882882996038959,34.55273269952512
brz,3104,599.154252437,0.25320388477798084,327.9380361220416
brz,344,674.822467297,0.48537229247248226,667.7959484025545
brz,3346,1051.0196374,0.23944829930019562,978.6269692215267
brz,5655,950.748958542,0.24679166329936617,581.8035782458735
brz,1386,844.323953923,0.273575476434971,838.4933945898915
brz,3001,695.042817712,0.3483655331442319,706.090899807799
brz,1838,741.386641466,0.20981704234505896,355.0998002594593
brz,2778,662.241089285,0.29375552614818473,252.27251901065603
brz,1466,456.606438283,0.3903188360410465,449.469442060882
brz,464,711.320517846,0.39409099896637867,702.3545476576861
brz,2871,1138.49477477,0.2457562908416659,1030.0211881151383
brz,6377,936.795887368,,0.0
brz,4065,602.476086465,0.21247592282582012,402.59659310135186
brz,5176,329.482031286,0.2357244805755968,205.19905892166437
brz,3405,689.569918344,0.32974007387200127,481.6017252005783
brz,5878,496.222988274,0.2358128016596725,496.76235181023094
brz,5681,994.003324241,0.22586993469585992,408.8017186781939
brz,4198,660.055238248,,0.0
brz,3437,650.63826231,0.2731092324691256,390.7770839915556
brz,3487,935.77783864,0.2161997160721273,55.75073951272403
brz,223,697.268215341,0.38712726828308475,697.893921317306
brz,926,612.784091736,0.32838097183546544,525.5765525069892
brz,1616,1310.15103754,0.42461198759032204,1333.0922588871974
brz,6155,556.050074524,0.28945073807797234,358.0750864365522
brz,78,827.301096971,0.43016530361246785,813.959271509507
brz,5930,488.635806893,0.23535177358606246,331.62068837483724
brz,105,759.699854137,0.37090638932682995,665.1204271802715
brz,6206,624.91393837,0.1931291723716344,184.5410717234892
brz,1890,481.270772345,0.21176524378290965,57.04806494619332
brz,2677,695.013516587,0.33370018369542676,548.2561934527229
brz,201,977.056377102,0.4183709953115326,591.6806527231254
brz,2164,1019.79097918,0.29452396240900663,388.6528037576115
brz,3408,674.35632248,0.2794600277612571,148.1442635928883
brz,4556,704.362396881,0.1761771436395316,113.8656167423024
brz,6315,521.540218968,,0.0
brz,5937,867.361056016,0.2384559109807014,143.9559529622396
brz,5406,566.359499078,0.1860886812210083,41.615307796702666
brz,1114,1780.40541099,0.26591226292188136,1748.168302049824
brz,5817,1659.72083006,0.21164859073121864,1334.220721914254
brz,5448,892.970089871,0.17062318602950702,147.35720409318515
brz,6427,1720.02443877,,0.0
brz,729,650.333009584,0.4577058300496109,648.7524221083696
brz,5570,499.42894317,0.24670470879580775,354.9105089673809
brz,4791,342.794324516,0.20728013905397072,297.0858553718118
brz,3953,1059.78850919,,0.0
brz,2184,1464.26414293,0.2260916430228917,291.54756792853857
brz,3898,677.629919923,0.3261510340506967,484.26991915235334
brz,6033,608.325488624,0.20612183402509668,340.00547745648544
brz,5869,383.935342356,0.2635059353679117,362.7524921492034
brz,3117,893.172360511,0.3036246573602831,890.8885087555531
brz,496,1217.08524066,0.3541411442705725,991.9509613037109
brz,3645,578.184571591,0.26830512075718366,182.4421324187634
brz,433,700.254478964,0.379293230365767,690.0471363142425
brz,2451,625.787968551,0.3745666489524035,526.0584446626551
brz,2646,552.115006884,0.2902245858588616,540.664473290537
brz,2353,472.882501501,0.32398960961569967,472.15033096612666
brz,6035,687.037252126,0.2063833740749162,494.95671694886454
brz,3430,370.449722495,0.27454147822427644,361.9887016745175
brz,3787,617.476930539,0.3619279189612193,288.2089849135455
brz,4853,795.568219815,0.2045893509424885,346.55600762460745
brz,2608,801.32693365,0.22832742922813154,762.851357643277
brz,5292,1170.12392236,,0.0
brz,5374,508.265984804,0.1867285486491447,167.24753196566712
brz,4831,1045.77954822,0.20637734239945527,138.98981915642236
brz,5979,2169.93405882,0.19221802332759957,88.73108628216912
brz,2406,703.289851952,0.3539851661822092,674.9900927375344
brz,1063,2877.81332876,0.2831208099901346,900.7825373930087
brz,612,344.344524819,0.3658705896938952,327.5221002017751
brz,861,1582.32943802,0.43471978497228875,1580.1159991993622
brz,3412,766.640850286,,0.0
brz,3582,735.782317117,0.31024727874524366,63.08143648633771
brz,1124,379.083365252,0.3437553427473661,377.79137390735104
brz,2253,1635.15469179,0.4079518465997519,360.3852128870347
brz,1081,2263.66386496,0.22388150344723787,1475.8900427126418
brz,5629,739.928793725,0.20891379224615245,576.3210697548063
brz,5212,606.412924515,0.2003223346999155,495.2104389265471
brz,4919,201.746106631,0.2119678407907486,14.134625244140624
brz,2364,1467.92126069,0.2564344108104706,12.562916475183822
brz,6270,1078.12621172,,0.0
brz,1254,664.450536404,0.3278121749786586,229.44584359561694
brz,1457,2946.3956708,0.3406361123811864,2934.062693277994
brz,2865,835.650759173,0.21561512753932274,780.1102771235445
brz,2925,776.481970906,0.3554354233110052,765.469275560566
brz,3899,774.845830457,0.24234329089647721,466.7327714508655
brz,2473,714.728500699,0.29229983240302115,610.5908667171703
brz,871,677.498640223,0.3828790033394976,674.9427910898245
brz,3157,621.909516969,0.4194605718948062,373.2003286025103
brz,3424,639.335092146,0.25457383394241334,41.87892539828431
brz,356,872.613429586,0.5271687292690894,879.1531901939243
brz,755,792.06082707,0.4049121904555339,761.7520162544997
brz,1239,2998.35647124,0.30471984598811214,114.33189685297947
brz,3554,813.536489439,0.2676433587574777,68.57637975356158
brz,5595,856.969367585,0.21257315256643897,684.940405991498
brz,1544,851.249747945,0.26473721239801384,842.9759975358551
brz,2113,737.442332087,0.24160293806089111,248.37106212541167
brz,5235,324.758583365,0.1978616669252225,67.26802392099418
brz,2332,751.098457181,0.2736715343051825,491.5117167753332
brz,6383,1309.06667934,0.20723175512397804,78.80142113180722
brz,5759,280.46093936,0.3052608696957126,274.2726962818819
brz,3439,1046.28250117,0.2543256289160069,325.34160228056055
brz,6320,469.358150476,,0.0
brz,2867,736.418166516,0.24539148725318852,412.6906276927275
brz,2718,751.26384621,0.20863344519282528,186.0602024751551
brz,5321,612.367590394,,0.0
brz,1182,367.848969026,0.3192436941254392,360.78162689208995
brz,4615,646.007402291,0.19701019921263713,79.83439052806182
brz,1714,909.680074635,0.5337085613711721,905.3820349001414
brz,4903,346.635711369,0.24515526559969034,271.4372162164426
brz,3501,930.067995461,0.20196673132642343,35.85882987228094
brz,107,820.828249838,0.4431821936296127,749.3391024720435
brz,2783,760.006674442,0.2915149131205398,614.7207926731484
brz,2033,445.770942085,0.32418380143213177,375.03547755222706
brz,2160,1982.93271453,0.3074331097149816,188.69921028286802
brz,6305,459.397720895,0.18129517138004303,16.492281027401194
brz,976,968.534932918,0.3175837184659325,921.1567059086819
brz,1922,1039.29191325,0.17679699957370756,6.542313968434053
brz,2065,764.68783529,0.24413401497252016,452.25039331772746
brz,1261,1098.99807514,0.2830860546015885,865.1910117355047
brz,4952,241.752004466,0.20608210756917048,230.07359493480004
brz,3940,1070.30738642,0.24026514988474945,805.1815783033184
brz,1057,273.152879003,0.28973649897918974,237.8190683701459
brz,5630,1713.73350866,0.20424017895917318,1609.8720318663354
brz,892,410.124344576,0.37168278451661885,421.18867537554564
brz,2236,1844.14500253,0.2908634081936608,326.6238580142751
brz,1967,920.134981568,0.23949579078932826,754.492183371151
brz,4640,737.47264472,0.2211096667448847,622.4446426391602
brz,2042,1333.45479689,0.23842863601198946,227.1685130699008
brz,5219,840.579146176,,0.0
brz,4990,866.790771085,0.24149196155043995,251.79334764667587
brz,327,386.863144229,0.480411086916118,387.12216380998206
brz,5170,326.722448278,0.20953979263954522,206.77017555984796
brz,5192,708.826921408,0.1894405335187912,6.020022583007813
brz,597,457.384354708,0.35700387451278265,459.6307706047507
brz,4184,1979.52086214,0.18553366371609362,145.79805249980853
brz,5964,388.766473484,0.214199960231781,20.154023204130283
brz,5520,626.897714071,,0.0
brz,4515,704.922228873,0.19858724808338848,52.87360588522518
brz,4855,302.181632749,0.20816891305028817,162.80811908198336
brz,297,716.866485992,0.5001638125988046,720.3635612338196
brz,5981,1332.92164093,0.1998353107797608,133.22705170874502
brz,4129,564.227354207,0.23010712217039145,315.6794054816751
brz,4461,3192.34661214,0.18552388999056307,123.0219331629136
brz,2614,776.279834437,0.31296426828318497,490.4178145165538
brz,110,815.896654832,0.4141474779695273,763.7268985224705
brz,5021,250.916784672,0.20804007782028358,171.17563135483687
brz,5923,1281.73552843,0.2555926503853088,1005.5817963544062
brz,4130,872.693964055,0.254579035428966,85.85640587900198
brz,4049,694.355597597,0.21341363841963706,112.03487061145259
brz,4018,942.125002425,0.21336557778922272,208.10546336454505
brz,1251,299.331461207,0.3662235279895848,290.928232529584
brz,5744,1122.17502761,0.2582397863598525,591.4770505718157
brz,4403,705.905826698,0.21128955126709198,450.4743498858283
brz,2851,974.32430521,0.26964761645538793,948.8887624703202
brz,295,774.586526744,0.48952541981534364,771.1111324534696
brz,483,1777.27622376,0.35089107222386795,1710.542496236165
brz,3466,721.877945321,0.22386210161775905,156.7821088304707
brz,1035,2565.68478773,0.2869785967554677,2563.6350499471023
brz,3127,706.983549597,0.2891579545915464,508.5136799232633
brz,5756,1025.78996896,0.23437788217919858,1032.4557072658165
brz,1342,560.881128645,0.38464770314868013,564.5903601253733
brz,3614,572.818369275,0.3274210624653717,91.08780993293314
brz,4693,643.610586649,0.18966846090256254,255.73401944029564
brz,959,1569.29078587,0.2593596066890237,1559.4838614071118
brz,3990,856.920079649,0.2726622255295649,290.29299504897176
brz,2181,559.971631811,0.23647168971712385,307.2517173617494
brz,6322,1674.59589092,0.2014988801925848,74.0859401628083
brz,1713,1235.45009952,0.5089938015323843,1227.494420638739
brz,1558,1062.72812927,0.2423450830853649,615.6254174924364
brz,2335,716.789167447,0.3378780312986357,597.2477993235868
brz,4433,1080.60854053,0.21931986510753632,27.745266962986367
brz,2960,1497.63265229,0.33350899111649024,1506.885631516401
brz,1401,1741.13974687,0.2964676463226362,1457.771379777497
brz,2139,871.09405239,0.2594093322178378,311.6995486091165
brz,731,515.029536122,0.39161979931825486,509.58158742867266
brz,4445,267.010167662,0.1886122257502611,63.343405151367186
brz,2155,1705.74178369,0.22193303568796677,109.39802988089767
brz,6118,947.388708496,0.2292871648563461,646.0040174297258
brz,3657,644.384156499,0.3548769262083181,555.1847167370366
brz,2697,1357.57515518,0.2921284298128015,1201.9650117462752
brz,4451,565.280657328,0.19317133989992055,88.2093116012274
brz,4047,714.281468352,,0.0
brz,572,795.383128232,0.448218604301413,313.9212118709789
brz,6087,2028.93133758,0.20067516462748045,603.0793743357939
brz,5552,455.618365045,0.24350670250617612,392.07904235241466
brz,5432,494.199509243,0.1961435079574585,15.180426743451287
brz,3841,732.985899771,0.42261321421850606,113.08291652903839
brz,1559,1104.94715608,0.26721114222187253,631.3246391445982
brz,2425,747.346881434,0.3412696398803883,422.4161417344037
brz,488,349.421956888,0.3479158143301558,209.79531402587892
brz,5482,421.53075804,0.20256532394886015,32.71672117943857
brz,4413,1030.70682103,0.19495121017098424,62.81934311810661
brz,4124,950.150892909,0.19716328103095293,163.33673203412224
brz,5043,649.00357078,0.18016671746348342,25.12709610882927
brz,435,583.48927539,0.43355105201762095,579.4002205343808
brz,2757,1473.88618156,0.3475840136879559,1292.2108476526596
brz,1537,949.564604469,0.3161368199935604,624.2571565216662
brz,3105,704.731027359,0.39238306723820543,696.7015826954562
brz,3185,1865.69553431,0.24137016148815935,411.4184744143019
brz,5300,704.810975725,0.1872202455997467,14.657421156939337
brz,2387,2605.85127631,0.23346357210842586,1366.2163945216762
brz,4017,883.251976605,0.2024287555301399,298.4151045855354
brz,523,630.662247783,0.42730789824057847,629.9326967725567
brz,383,954.659669667,0.5692280715909497,948.1992787080652
brz,5707,486.558597692,0.3070178620539992,257.27043962665635
brz,1228,178.852464214,0.36327832245566766,167.9671672147863
brz,123,876.417431728,0.3102659006892936,757.9868182911592
brz,3452,812.828900904,0.2750087982730529,615.3461594226312
brz,587,370.421977295,0.3777548079728399,365.981346429563
brz,2660,692.991073298,0.2921764736803702,417.66168823242185
brz,2758,780.23054422,0.3464774631305316,559.4859620337393
brz,2173,426.525000222,0.3710219953242885,433.6648684632544
brz,269,576.537078096,0.30489664642886405,453.83996929093905
brz,708,4272.93337283,0.3213008708738095,4275.281356961121
brz,2687,896.910808108,0.28829157523180104,411.1278443280388
brz,1030,1086.77701439,0.2717492518022631,1082.8474372414983
brz,6216,723.553534404,0.2070127418435427,328.5100187413833
brz,4090,969.797505947,0.2288783410953921,33.7676856545841
brz,30,1178.57591345,0.5457675952082506,1120.2200255749274
brz,2044,471.772272347,0.28891261543167956,294.4290816363166
brz,3022,1354.67682622,0.33295649305510466,1264.020925185259
brz,3036,675.07449746,0.34259047515200497,605.058586988262
brz,1421,595.378356511,0.30064715062730335,607.7597784603344
brz,34,741.29886522,0.542956927931726,724.762486895393
brz,2490,712.84179628,0.2940171736875607,369.5411911609126
brz,2020,3465.39200327,0.2191735238758559,50.771737072514554
brz,1674,753.837615536,0.4443896123156691,748.8787178787532
brz,2081,1042.855696,0.2861643189339192,476.33172158633954
brz,5435,1226.1322139,,0.0
brz,5953,2322.18089695,0.2291114692405988,48.684195335238584
brz,6382,91.5647606805,0.21734711527824402,1.5707939596737133
brz,2063,1542.51653429,0.2613303752064563,220.1049984801049
brz,1062,1410.66907085,0.3054912816037529,504.41633408490344
brz,2814,344.493688022,0.20651662786652272,69.60862603281059
brz,4926,755.997946613,0.2120247284249316,161.50037949505975
brz,5045,342.584189133,0.2042200409985603,196.82956210865692
brz,3680,704.329318168,0.23277020257133682,332.1692030962776
brz,2507,573.404378367,0.3442905278360031,295.47658775179997
brz,5748,821.231018605,0.23305258056293643,814.9730453790404
brz,2281,554.185864917,0.44646908125499396,536.5254824769263
brz,5669,317.4783856,0.28717186283862706,323.4853098850624
brz,277,726.934323848,0.49473434018952656,733.1983844532685
brz,4671,748.655165585,0.19651377576453086,205.73474522010955
brz,3080,1071.64799512,0.25082386296708137,1071.9801896936751
brz,6101,602.494663226,0.22355154540058575,332.6856621237362
brz,5578,1329.90577055,0.21692652672239174,215.14469861797258
brz,2749,806.216603994,0.3198338864017124,126.65464854520908
brz,1885,835.184787705,0.2209301467676808,34.80421046836703
brz,1287,388.138347775,0.2834840105181293,293.0236510033701
brz,2728,764.593369509,0.36185788265570273,545.0926639631683
brz,4728,736.734563308,0.22140227563151746,473.25914650711354
brz,2736,1605.82074549,0.2964031529460387,1614.609894427131
brz,4961,1240.88102551,0.19998997180306136,52.087066500794656
brz,4896,501.39631367,0.2455047316000431,206.78308554256665
brz,3129,776.783068521,0.2768654313973746,440.7289618398629
brz,4843,470.119719068,0.2027585917480001,209.1392060223748
brz,2325,886.975613309,0.37025237834686764,535.2233137242935
brz,2761,718.946881889,0.33066423824264635,316.90221186619175
brz,219,817.818020964,0.3950933970576423,803.8304831411323
brz,2257,899.896897898,0.4291588078046721,648.7980100145528
brz,2855,1536.02224313,0.27632593276175355,1537.9654942830402
brz,3306,780.092537377,0.28052429439338106,403.5827828500785
brz,2502,715.710083296,0.33697228800765305,720.238683124617
brz,3497,677.789548718,0.2240551708161634,79.30821497300091
brz,3946,418.369235501,0.24946239935567635,314.3789062799192
brz,478,299.129602715,0.41738381680738124,302.919690061083
brz,6107,432.45424984,0.23638076611021733,61.51160924574908
brz,2428,613.429003871,0.3699149918976464,527.1038553873698
brz,1262,956.386908906,0.2905880868498894,487.4070866005094
brz,1635,2781.042236,0.337144805310465,2784.236135325713
brz,45,789.436801232,0.5038106401722183,795.6581215652765
brz,1082,2976.29113583,0.24398050904536203,2973.4989623125866
brz,6429,1028.48044454,0.24212036030266873,121.7407927868413
brz,2982,909.179569916,0.5085997823059404,903.6708026661593
brz,6265,602.388303466,,0.0
brz,281,930.057599648,0.37759491769855275,918.3943067363665
brz,5917,379.816209369,0.22021531187169266,238.96521956499885
brz,4450,574.087500158,0.16310998797416687,1.0469947964537378
brz,1915,928.602908958,0.23833273351192474,107.03168628169041
brz,607,550.697863403,0.4047639800665469,544.1273255890491
brz,2654,390.990534529,0.3377199957393251,388.3531231150907
brz,4729,313.38004616,0.20923638868687758,175.37769153071386
brz,1510,1621.26091992,0.25174871039115326,1495.71712586646
brz,2314,1190.6582865,0.37256806778502793,708.7474200080422
brz,6273,101.054892453,,0.0
brz,4975,1192.70710677,0.22338043819616624,170.91775566549862
brz,3563,602.370383644,0.24441947378886916,495.7402243819891
brz,4686,1513.26276046,0.19230001972896882,1184.7037173402075
brz,1832,1298.32099454,0.21046501391387248,407.4338742125269
brz,3871,724.364611023,0.4079443913509403,231.4070316688687
brz,4440,987.756291794,0.19090851736779244,118.57246641271254
brz,1395,1100.42455754,0.33613660685532476,1102.7371671788837
brz,4399,695.709423943,0.19487345652943627,195.79096224915747
brz,17,792.950238048,0.549808374345201,766.608790468702
brz,2991,558.675039594,0.3237581874512185,527.8658005359126
brz,849,319.68724959,0.4842896106743043,324.38869395536534
brz,2272,1920.16199211,0.31558763520792127,209.3742602479224
brz,1511,1342.21157453,0.2769478400560827,1037.3529774684532
brz,6027,438.266227197,,0.0
brz,3872,739.572158436,0.4362139438192805,206.5387301276712
brz,3596,1582.29809467,0.24582527775724397,622.9773967069738
brz,6234,408.604477355,0.21092043817043304,11.77942522834329
brz,1453,567.753435197,0.3107170825720277,563.0060896929572
brz,4496,898.922147953,0.19890339664146728,46.329137824563425
brz,4966,2148.0003092,0.2098747154320269,117.52266663196039
brz,5843,1070.31673234,0.2140667317777264,769.4596243465649
brz,1097,1176.66479501,0.37507324380507345,1168.439233099246
brz,163,756.281463942,0.5587215890707131,696.5417584886738
brz,4473,1352.88996285,0.2204705515725656,882.8757994408701
brz,1479,1582.33118103,0.3756191255521712,1601.6510964786305
brz,3894,707.458140511,0.33241477453350593,296.3230579151827
brz,446,251.677552854,0.5149509979472676,248.76694434670839
brz,2737,1128.11273481,0.2953127767194597,1067.1569075939703
brz,2539,666.159644204,0.35879186622597903,505.61581124698415
brz,6103,440.679512901,0.20144813716091134,146.05803168801702
brz,1932,472.761628158,0.22072594608674503,327.90230147417856
brz,2327,1304.26862982,0.37194053265241983,656.1376216813629
brz,1826,784.379309891,0.22644501503459916,130.57679347617955
brz,4792,526.145440083,0.20008511981028124,374.0410219977884
brz,3392,579.245303959,0.21572174929283758,193.68823421702666
brz,910,1298.60434081,0.26024850005152256,1294.9819965736538
brz,1233,489.397304277,0.31475802615108933,265.816363585229
brz,238,653.300683938,0.32310193820682936,652.6462399651024
brz,1018,1386.17564459,0.2224450229564054,1198.4776595171759
brz,5071,440.37448078,0.23146696170897177,78.78397889978746
brz,3213,660.050206004,0.30729456772891484,85.84526531743069
brz,594,215.041607611,0.4152861061825681,210.32654062906903
brz,1397,391.974117849,0.4269454042267734,378.83070241890704
brz,1352,2793.94316383,0.29939820229918346,1579.9350846533682
brz,3985,716.715620264,0.24723301687354038,313.59147452560126
brz,4513,950.444085299,0.19411331415176392,9.42303502699908
brz,1504,615.658926944,0.4981771074982725,612.991137934666
brz,5137,1284.43474658,,0.0
brz,1282,441.134706364,0.27532737793448886,416.2499330408433
brz,2427,771.347928919,0.3235103745510909,625.251208974801
brz,3350,744.278413835,0.3164467053065944,741.7583459293139
brz,831,408.660212116,0.4350427654949395,406.5297766292796
brz,4329,714.752577781,,0.0
brz,6317,1471.8117978,0.2103745579161746,97.90819615382775
brz,4558,795.30282507,,0.0
brz,1069,2065.19820449,0.2905621803292731,1704.2530742271274
brz,3667,520.042271745,0.19624092060426052,380.07513128542433
brz,2132,1163.54069679,0.27552039754095226,401.20772552490246
brz,4700,199.144493235,0.1994066771328795,135.32801708146638
brz,4003,297.970913824,0.23814461750103236,255.74427110260606
brz,5163,470.557075737,0.18891724784865632,68.57497331207874
brz,912,565.406418724,0.4033098723870497,557.4931334850834
brz,2590,680.556962741,0.3071455346351421,452.2079361261106
brz,4216,657.817147843,0.19646799564361572,15.443093812231925
brz,1721,310.095854053,0.5091604357202574,305.6334363750383
brz,5978,1823.72873829,0.20788438052017644,99.20087462780522
brz,5132,659.319759448,0.2515439747561254,291.8324304019703
brz,1320,3483.51026499,0.20413404567804663,547.3385965683881
brz,3209,1519.38467915,0.338891488595575,1519.0340880450083
brz,3275,591.323344898,0.28432190214456776,331.09124615239165
brz,5466,1391.39692924,,0.0
brz,3045,1180.07476097,0.3067253474816767,450.65875429639624
brz,5514,610.89084296,,0.0
brz,142,844.502245496,0.6056475296429118,831.769361219219
brz,6355,3195.03618931,0.19810062511042842,198.17862237668504
brz,2803,1113.89913876,0.2645230717256409,1035.244733862783
brz,4482,733.307633232,0.20547923118678185,252.84854413200827
brz,6122,737.694700608,0.2156125037527044,309.6514564962949
brz,3241,931.703460398,0.37012373733931986,523.184963719985
brz,4283,1884.13378274,0.21239408183722727,129.8285719030044
brz,6030,1035.25996533,,0.0
brz,6060,596.922540516,0.20513713818330032,74.85909256280638
brz,857,291.891363514,0.515291222726697,295.35268129834935
brz,4848,519.352978415,,0.0
brz,5252,948.396841796,,0.0
brz,6386,352.472803299,0.18694724142551422,9.948378798540901
brz,6269,231.729831885,0.19786599278450012,29.056872020048253
brz,1119,438.252127414,0.3655863426467206,368.89382396024814
brz,2579,750.128926233,0.24709246370790564,342.56183378930183
brz,782,676.97326948,0.5212706989776914,669.1616662418139
brz,1490,2026.29974702,0.2703159647221424,2007.4813362271182
brz,5808,445.581330897,0.21551044182427445,390.47549830418
brz,1787,499.197047863,0.42566289362259196,478.3480307485543
brz,108,909.396286112,0.48082665484171594,901.2988598991845
brz,5926,384.329373975,0.26754375750649634,252.05095286649814
brz,3178,871.954503695,0.32048280902270215,554.3103097653856
brz,3384,837.684458534,0.25982550031949647,656.437156048943
brz,753,772.358537759,0.43376971143629695,781.8919158337162
brz,981,1187.07357598,0.4153571925254971,1190.3676338644586
brz,1651,1454.92469661,0.4990283645299733,1465.558584205777
brz,2575,794.60451114,0.3014101344874575,694.8102071425495
brz,4860,1594.1257765,0.22007984207378878,378.4867286233341
brz,4758,676.486830826,0.20267388181100476,493.14603998520795
brz,389,331.409194573,0.35479614000802506,333.7694199805166
brz,1976,2460.72836789,0.19813630886711125,180.3141605751187
brz,5779,610.783396731,0.2581731373973099,423.96772631476904
brz,2792,939.453275785,0.25427116159342883,859.9291425817156
brz,3822,891.287501273,0.3285237958800587,471.4454755596086
brz,1493,685.138815524,0.38259518062677916,678.9264237048578
brz,2927,792.493178825,0.39411075153017144,800.2701812744137
brz,5162,367.890352505,0.1981823444366455,44.23354300704657
brz,1951,1011.29490576,0.24662699579214292,892.9259628595091
brz,258,543.648862624,0.31964142912279364,543.8313362570369
brz,1201,428.146140483,0.3287122330683119,195.69859334908276
brz,4404,681.220069229,0.2072679660689663,278.7652812284582
brz,5668,794.17228573,0.21975875776737414,777.8337203081917
brz,922,1645.87333506,0.3495962381390977,555.6596322751511
brz,5912,534.458785094,0.20002821765948034,90.29892461440141
brz,613,310.571282727,0.32998901620657756,310.779246969784
brz,3546,753.629584659,0.32618561612837244,198.66053391998886
brz,2083,980.005676149,0.27701978560476076,655.0846744312961
brz,5581,1013.83042571,0.21230869280466477,257.0205561918371
brz,5375,324.10909056,0.18508577554286282,20.676890563964843
brz,1065,447.752432109,0.37851492248880214,327.55864509133727
brz,3751,601.092747826,0.35606164840005694,43.97781004064223
brz,3620,680.452672504,0.3063025383613049,306.2437842873966
brz,6200,160.276425048,0.22974787240332747,159.93444073246974
brz,797,468.381129154,0.43464082117615976,456.7464438943301
brz,6370,637.608272759,,0.0
brz,628,303.57412255,0.3187430648060588,302.1457286161535
brz,5271,514.378883608,0.1988485546326944,60.98651990703509
brz,4924,689.767107795,0.2128053503619803,220.3948892032399
brz,828,342.273418633,0.47319057934954084,346.36158333572683
brz,4146,801.502350519,0.2299153463700916,243.6939271216299
brz,6214,1350.76475802,0.22425202142309258,120.14787202722886
brz,2726,732.304109641,0.3250062906567399,374.99612908456834
brz,132,807.608284004,0.4846504018315916,747.012112426758
brz,4367,693.176620079,0.1924719764072387,15.96661589379404
brz,5523,738.888358193,0.19285942614078522,28.791112862381283
brz,4798,892.741642517,0.19575559604812315,484.2359632604263
brz,1255,304.720711754,0.41935262742078855,309.24120549220663
brz,2650,897.916801401,0.31965767818910357,889.2402376661113
brz,1836,1700.93899768,0.24812024409019096,223.21208849140243
brz,1827,1134.57795372,0.22074135841980377,114.61447269215304
brz,3806,1501.20125988,0.34548508425999114,116.75139390534045
brz,5695,1712.11959472,0.26037367401234485,212.77784073773552
brz,5111,377.738776182,0.18555200099945068,15.703970516429228
brz,856,310.843153362,0.4928957752585917,307.90946023978444
brz,4439,191.761760147,,0.0
brz,1408,363.128841497,0.31967414712563524,355.2893190271713
brz,4894,740.143440095,0.24223257097210768,141.6071969424977
brz,5243,589.054626308,0.18544809520244598,2.093957040824142
brz,1639,1176.72720389,0.3661763238675125,1157.5552655089136
brz,3503,1408.91713085,0.2290042371641506,143.9585942287071
brz,1405,439.230150533,0.34371225055850196,436.12953290752336
brz,511,536.676843236,0.5670296367063282,540.9810745837642
brz,4525,668.771632,0.20740716128407052,75.6465275184781
brz,5703,222.214736321,0.28615287302376385,201.5244561887255
brz,1869,459.52910271,0.2445031197773928,135.81468703326055
brz,2213,1608.56670165,0.27432618046148666,301.2372303981407
brz,5305,854.036662023,0.1916200774175495,140.55421501608456
brz,2311,1172.76386454,0.3538224550528487,771.3012983434337
brz,893,396.236833819,0.37724080512514196,396.07483098647174
brz,450,420.434373406,0.457045712507688,425.0772259282131
brz,2558,549.227066283,0.4266706988806041,343.35309980803845
brz,3550,781.64468325,0.3402060191264422,249.17726503259993
brz,5306,766.194633206,0.19008508516532,414.5960165584789
brz,4503,1453.15321611,,0.0
brz,5610,448.440878975,0.19991832358690625,264.0826623654833
brz,6282,870.805604554,0.18523387640078293,147.1184460509057
brz,3510,572.3561284,0.24072461574062148,161.49458725873163
brz,5105,2093.06581744,,0.0
brz,4887,258.551312254,0.21767158147847612,171.1839920642329
brz,2098,654.629092079,0.2911720284915282,440.20898772594967
brz,588,449.779987267,0.31941701162471525,454.9254299986596
brz,5322,1345.77712767,0.1690850704908371,77.47573744829964
brz,3026,687.495001416,0.361089229310029,484.4085627237955
brz,4020,801.532151005,0.2297559839487076,104.70734555113549
brz,1712,2239.80042472,0.4539115323811341,2247.215484828575
brz,3289,881.849746024,0.29270456742840945,203.10133457557828
brz,5028,477.655325905,0.21295951223209908,209.9131073596431
brz,3540,476.815657209,,0.0
brz,3578,713.732663936,0.2795747205259043,76.6917984307981
brz,1531,3312.40073821,0.2758884983903793,2136.782949709425
brz,5784,384.299410329,0.2974651633948605,377.1231213438745
brz,4927,684.186699995,0.21898118132839398,102.60627055448644
brz,5318,2174.71780016,,0.0
brz,3905,784.222909566,0.3299110129158548,147.63600302303539
brz,5456,1962.52584953,,0.0
brz,1735,4241.88435228,0.2831879487536163,751.5359325932521
brz,380,297.741295136,0.46745980100602086,294.7940185247684
brz,504,690.321279611,0.5105238301147309,292.98550953584555
brz,1474,605.036895771,0.3573001423871549,606.4442068960152
brz,4683,666.060301482,0.20009722642006314,426.65669364181224
brz,4514,572.572156216,0.20241872801230504,85.068920359892
brz,2025,613.432611733,0.2652139722743713,433.91740776510795
brz,2191,1189.51727597,0.34656942871273555,424.76195962943285
brz,4183,498.997762097,0.1930937338503571,208.6192169189453
brz,3270,708.594002966,0.33959979335872487,205.19689678117342
brz,5698,750.818108755,0.2668568881465559,248.89463842055375
brz,2659,615.348522288,0.29524766230074106,367.6782163732192
brz,4148,1069.93786203,0.21459003430979132,116.74279809091605
brz,2350,717.816559209,0.3535691763284387,730.208224696739
brz,6074,2271.19262972,0.24892179502381218,40.047554794012335
brz,5307,900.936703029,0.1903256945710146,171.4397488762351
brz,5857,299.726604299,0.24492805721103283,252.82541099997127
brz,3697,714.158998197,0.3959990128804157,276.1543258966184
brz,6283,2479.61239635,0.18457112428934672,120.41742137834139
brz,1243,395.726682816,0.3233153166486514,326.77270902745875
brz,1742,776.852962957,0.34047275854193654,601.8545927159927
brz,903,2091.69097858,0.38207621189793795,2110.6724169562845
brz,4410,670.054541045,0.21347040447096036,188.45879139619714
brz,2080,1456.01692851,0.28995359438977786,467.9574798583984
brz,2324,926.509444005,0.3495811388748033,366.4128669289982
brz,1237,586.111656935,0.3069709298488136,335.9316770067402
brz,2823,727.211759897,0.25530440011503164,538.2844896204332
brz,951,814.927591678,0.24459872897885693,824.8750801535214
brz,3433,251.151432483,0.26599912071519155,203.63480906767003
brz,4051,564.610694307,0.2181670100971933,285.5841161989698
brz,4437,639.252386293,0.1916137308548283,46.853069799086626
brz,5033,1174.05796332,0.20344459100465204,346.28067052504593
brz,5061,535.536498175,0.19897422798922368,278.75457898308247
brz,4650,273.980944068,0.19495914024966104,64.12818983489392
brz,447,537.693523188,0.5162577489799046,537.2943560431985
brz,4977,807.246183609,0.2084940589085129,84.28147307751225
brz,2704,878.765333302,0.36765671017526613,876.4040092617859
brz,6402,270.077286586,,0.0
brz,3530,747.878512065,0.28579428791999817,48.94565277099609
brz,5507,770.279662972,,0.0
brz,3043,1002.23623659,0.34639832592038183,225.32866946949682
brz,4694,633.857905883,0.19676020938580435,332.42837733848427
brz,4684,625.200078379,0.20672095014458208,443.67155366785386
brz,1912,1629.28307294,0.24067293396548062,460.0561872594497
brz,4617,757.484013529,0.19360882251323025,144.74853488697724
brz,228,1214.50251521,0.263168307911266,719.3359783097807
brz,5208,733.076326186,0.20914552710172835,198.1371972476735
brz,653,610.531299035,0.3393595413934616,549.3415268841911
brz,6067,253.583192421,,0.0
brz,6211,607.520878365,0.20241137185772717,68.31915836708218
brz,507,533.7972333,0.38122970867071226,363.61722325343715
brz,4662,248.270604769,0.18930239975452423,67.53081700942096
brz,568,980.446013809,0.5029076796616645,904.3594145531748
brz,543,519.248899325,0.25372420261900336,148.06414274327898
brz,2039,4281.99781376,0.26616448163986206,25.90975934196921
brz,3962,869.557376371,0.22293442394842394,377.98941372142116
brz,3592,822.24387905,,0.0
brz,6357,1368.13023301,0.19608380177191326,128.27975972493488
brz,3436,653.511623285,0.24549709558304775,428.20623007381664
brz,1271,1443.41040136,0.31680108926814404,202.23846995035805
brz,562,710.678812774,0.315082332213812,675.7125721052581
brz,3893,747.631734147,0.39004817008972165,28.794669656192553
brz,5950,839.597616026,0.23521494392023187,72.50250836540671
brz,1630,818.140115595,0.36576969803923376,828.3868668500113
brz,5754,1367.35785025,0.23075480911288662,1381.5865812413836
brz,3505,723.424504668,0.22021234035491943,5.758342368929994
brz,2022,1219.58562642,0.24953206486938415,95.00086328843062
brz,2662,1053.27913568,0.25683401778037196,334.4426425709444
brz,1325,793.124825912,0.2971972726971094,426.4593421188055
brz,1801,1970.26592815,0.29674946344708486,1957.1098604389265
brz,5174,2144.24750078,0.21861799526817033,170.91157307344326
brz,1719,1875.59853131,0.38617960287491754,1101.1228869569068
brz,5327,570.68672276,,0.0
brz,2354,939.509882949,0.2323600886431783,612.6963533588485
brz,536,315.947238315,0.4188139184646303,311.5649632173426
brz,5023,1028.19852091,0.244689479470253,14.395480735629214
brz,1784,1375.6483325,0.3366716640224135,417.6393229465858
brz,598,358.010969075,0.3646776071518144,362.0533489451688
brz,6059,267.621722447,0.20101873576641083,2.879195867800245
brz,6306,707.984842645,0.18129517138004303,50.00040755926394
brz,5427,772.791295358,,0.0
brz,2587,736.065001093,0.3015164460750415,523.6516064812156
brz,5425,272.058965089,,0.0
brz,1953,1603.75223611,0.23143085009099762,513.1974069034352
brz,722,288.612454012,0.5087150498213272,289.06177036061007
brz,2291,1357.80257131,0.32962913116566234,452.5185189939012
brz,3465,679.794403846,0.23319956304701378,166.72785533830233
brz,2635,519.009785826,0.3017754223137583,502.7198398365694
brz,3416,439.696579918,0.26652647092274456,358.3239218319164
brz,2258,1173.01025109,0.3878648991060073,610.0627938364066
brz,4142,650.420468683,0.23332517700300692,236.88913403679348
brz,5272,1283.72655669,,0.0
brz,3323,713.583231796,0.263780637170024,613.2425601734834
brz,1017,882.645407696,0.2634884607718401,891.0760420556161
brz,1158,259.849364825,0.3326045331802774,258.2308919570025
brz,2725,779.386452624,0.35067763160558263,493.0174691592946
brz,3651,698.567547441,0.31035037191359555,643.1327311497108
brz,5686,1541.95476796,0.21143243748270818,218.53363910749846
brz,1044,223.679626443,0.3335986469032902,222.6421308928845
brz,6263,661.735665152,,0.0
brz,6381,235.875468788,,0.0
brz,3678,674.692299082,0.3102858432024112,231.917094930013
brz,5647,335.713177925,0.2473752475661697,149.44351968204276
brz,5296,710.220603916,0.19295305295994408,323.24891303567324
brz,5711,365.916569367,0.28235993614736604,346.7764778885187
brz,1924,911.142636568,0.2155781432137459,82.69489988439224
brz,3829,624.251983782,0.3269771147693147,387.15257720947267
brz,3242,939.132807555,0.36631788422630684,546.2172468896006
brz,914,480.803911955,0.4408530978805688,480.054918715533
brz,5330,415.303522015,0.17595048248767853,4.187834616268383
brz,3132,826.390043343,0.3094866087806965,687.5268948424095
brz,6089,224.649112252,0.21432497719870103,97.11052593156404
brz,2260,589.870373535,0.43772647890288385,589.1264859966204
brz,5639,529.874450272,0.20161656864538094,520.5713973999024
brz,3232,959.703038065,0.3832051382915801,606.4120977663526
brz,5324,2174.96454211,0.18949168920516968,113.85694885253906
brz,5939,334.769997039,0.23576871218587764,320.1058103972791
brz,5119,388.385372997,0.21214954908361136,101.55168115952435
brz,4942,338.340136805,0.25457988672335685,165.42392796535117
brz,4309,648.487760364,0.2577138841152191,0.26175504198261335
brz,4159,936.104429924,0.2104959636926651,16.752382046568627
brz,6013,876.3573422,0.2083404728854868,82.97260568656174
brz,82,765.673364162,0.4341839491163136,747.2568818036249
brz,5225,806.760508058,0.1829360142709261,173.7960117115694
brz,119,811.319442092,0.4261236718896023,629.8210044711244
brz,5737,339.989299162,0.2663102703707996,285.79549883674173
brz,102,602.371133545,0.4202135234022079,601.8226121491078
brz,1518,718.429482675,0.29783855819657984,564.8593546848672
brz,4678,922.166999021,0.19564690834301407,177.46697163301354
brz,5087,1480.80372237,0.19784872902899373,12.825136581121706
brz,5088,1927.34626815,0.1927996649425857,64.12566046621285
brz,3803,399.945145434,0.34492709897602386,271.19833275290097
brz,348,830.108157732,0.4747205453969625,837.5550687602922
brz,2373,537.301521472,0.34512224479643316,499.63745733522904
brz,5633,848.173346862,0.21131471947443736,615.5768002678366
brz,5145,699.812748649,0.18941813110581882,215.67201747520298
brz,5649,293.890434231,0.26779025389846106,212.78013278736788
brz,1528,570.554753076,0.29100963068119057,563.8199437459311
brz,1597,2249.11257778,0.3228442443417655,1427.7651514689123
brz,2965,585.977698013,0.3566164803539063,594.3294929055606
brz,890,3063.90304463,0.28566068434823044,520.8596604291131
brz,6019,147.070756923,,0.0
brz,1451,1686.17489199,0.2832565924695692,1505.0914034974344
brz,6350,1118.53838843,,0.0
brz,3726,782.145995013,0.2595773935317993,7.329433545879289
brz,799,542.16809281,0.42838661295733993,547.2602780809589
brz,2967,685.675028299,0.33102735537675493,684.8828214458391
brz,4864,820.102465092,0.23656727992571322,34.0272159950406
brz,3617,611.151898681,0.3289987146854401,144.22213972503064
brz,5462,706.620225988,,0.0
brz,2312,926.542782475,0.40981408259347335,511.14777505912025
brz,5747,2063.4442633,0.22215812824530534,846.1165478874653
brz,1768,1645.63567274,0.28045992040646617,1252.1070700252758
brz,2744,666.376224542,0.40214760798046717,313.4973724365234
brz,1172,369.811482084,0.3648472683742778,202.23825773351334
brz,1286,558.003749451,0.263780123597512,460.9879802928251
brz,4928,395.020972447,0.2176145911216736,68.57863733628216
brz,5037,880.638992562,0.19708359942935028,210.17672143075978
brz,1601,1466.25133077,0.39518104434575113,1360.2763846004714
brz,5326,2868.29709841,0.18081345618181507,456.2165836109835
brz,3576,686.338408001,0.29897948053046947,240.02143252503635
brz,1555,345.841998723,0.28704992503131904,305.5879181506587
brz,3665,1234.89536827,0.21823496037453669,215.427925528732
brz,5603,729.029858617,0.20267205396723795,516.1284203622855
brz,1480,2958.40342437,0.3792891356939959,2947.437016176709
brz,6219,819.757094406,0.20139373651962947,217.00091723273783
brz,2049,1448.00422547,0.24703602643752992,322.9558357986749
brz,2094,644.486422698,0.32204028541647556,631.5224471447515
brz,3723,1276.90805972,0.24912324137748426,205.48515894272748
brz,1995,1307.20607744,0.2854871892486023,225.3325834386489
brz,5039,3006.51341421,0.20179948210716248,3.9261016845703125
brz,5893,375.517649936,0.2611870357832306,126.41624639174518
brz,2370,600.370312244,0.239525759453867,66.74071502685547
brz,3445,726.54163252,0.2900492473751898,541.0167305740655
brz,5924,1267.47067642,0.2789078603167096,1232.2411956487915
brz,3747,657.61418071,0.21355194321393103,145.0228754978554
brz,1485,831.383331832,0.2779246460658991,696.1869409000169
brz,683,1385.95977502,0.4123733711843116,1384.064282884785
brz,973,1420.32741049,0.28996246597486336,1374.0072034050436
brz,2612,736.603882682,0.34489749700971845,499.05501373889405
brz,5816,455.978684366,0.2362697894994992,387.59878438313797
brz,3438,689.217734842,0.25474887091930465,398.8905326394473
brz,1000,206.535532251,0.4530678359719065,201.4506659414254
brz,4070,241.980935747,0.20964018771052365,130.88332486620138
brz,1543,769.418432927,0.27547939132571136,790.6522602455289
brz,1658,1178.56603933,0.4554257925280212,1152.8670838000726
brz,3778,662.976024813,0.33091275098016454,150.25429244695925
brz,2302,618.495914782,0.2886772457974024,260.6794934441062
brz,4624,1128.7284821,0.1782553791999817,7.590765201344209
brz,1279,775.783353817,0.25760109902971384,404.2139327105354
brz,5644,820.534744286,0.24082549649524496,131.3848824893727
brz,5453,1411.84609274,,0.0
brz,1891,401.941087058,0.22858029394350998,102.31951431573607
brz,721,246.657269824,0.559988568506769,250.34534974939683
brz,5110,307.067734814,,0.0
brz,403,313.939056037,0.43176021815939747,313.10354246251717
brz,129,811.695150516,0.3695483408767506,637.9398816276998
brz,3237,975.277893342,0.3476181536308603,490.46821217256434
brz,4139,708.991644937,0.24739807986756832,164.1213985667509
brz,2110,705.360198641,0.3146175721047087,632.0475753784181
brz,1977,2344.16526993,0.2220073825399137,185.02513065712125
brz,3561,641.165619156,0.2491973548317581,279.27935958563114
brz,761,429.221476173,0.45444703813464865,439.47626181209785
brz,771,477.775374159,0.47769103681939284,459.0981763951919
brz,5873,320.891355323,0.3323520361445844,150.75526607737822
brz,2666,830.634796704,0.2777046775274295,826.4308257458259
brz,3337,649.939610164,0.2953593534574326,613.766672889859
brz,2846,962.662730689,0.2919342219548328,970.6008426142672
brz,682,772.330466853,0.35758540242709025,774.3040059407552
brz,2774,722.221226583,0.335817784394601,277.13219649370984
brz,1725,493.809379132,0.4642440371423944,495.3458850935393
brz,2735,1232.44664238,0.3232489897955262,622.5489212933708
brz,4409,802.044636793,0.2009807272847435,425.60369693531703
brz,1800,2525.05379614,0.22686085721696403,2527.061367079791
brz,571,647.998032793,0.43260365913006654,357.87041428509883
brz,2169,359.779644503,0.2116680576368536,352.5345394358915
brz,2935,715.546925657,0.28539004713989957,517.639315885656
brz,638,355.583664648,0.35220212829805053,139.69187648997587
brz,6253,2191.98575572,0.19640834056414092,61.253617769129136
brz,1642,1594.96586261,0.3601957864585599,1575.946624037799
brz,4660,785.134335613,,0.0
brz,6091,304.855038886,0.22518140302764045,58.8944034651214
brz,1045,596.568441725,0.27110648423537503,598.5970750995709
brz,4753,627.744020421,0.20758525604414768,508.33180036357805
brz,1806,1312.15331068,0.2891792551391577,726.416102809532
brz,5980,1321.12064388,0.19790316670449498,114.12005869547528
brz,2945,1145.93226174,0.29299569325005,825.6691957361556
brz,5323,411.907143394,,0.0
brz,253,557.166620157,0.34902686589627524,545.4045897839117
brz,5282,683.736342764,0.2101760281192071,497.57454247568165
brz,6026,987.837879898,,0.0
brz,2908,1442.64836635,0.2150887486670105,983.4487231385473
brz,5299,1021.20866966,,0.0
brz,4199,678.819337022,0.20128987729549408,3.1410389619715073
brz,1085,1254.86685975,0.30424591443209065,1258.4556998458565
brz,6178,1527.66197686,0.24297585153548584,401.0067004035501
brz,4788,394.814791161,0.20651620781477195,168.56643841313382
brz,2684,547.711662588,0.36368349254018006,550.6121677772672
brz,2514,786.0246645,0.3534112488488098,201.5189734066234
brz,5409,461.326971801,0.1992153909090346,207.02907176298254
brz,928,508.352507731,0.3365644323490683,474.5630040486653
brz,1191,404.092137003,0.32464873089602125,248.54522660199336
brz,4764,1035.05838253,0.20088583648204805,6.543864829867494
brz,3842,855.316943542,0.33443326787913547,71.20033455643
brz,2509,697.071131547,0.3482952744929821,544.1041633755553
brz,1644,991.08339233,0.4118973574483607,1003.7124213723575
brz,895,464.122644909,0.3739081197646112,475.86575146843404
brz,3754,718.95451075,0.33174895440231034,354.96215200985176
brz,2537,703.773375705,0.37361139725059145,466.0988868862975
brz,4760,702.123622853,0.22953357903593513,65.17689280790441
brz,2877,548.231057874,0.2522634842729203,546.4089723175647
brz,4297,789.365847532,0.2303787762077696,134.27927380730125
brz,5027,511.800041206,0.2012221815091117,165.1557632147097
brz,2769,1034.60574258,0.34001290451345,686.936730777516
brz,2056,1533.04578766,0.21378944581205195,359.85892157461126
brz,3802,864.912304423,0.3572698015961169,722.7566821229224
brz,1248,2104.35019071,0.2525565093149518,1949.8947732065237
brz,5366,2028.44983191,,0.0
brz,1430,492.446441276,0.38024039254009695,495.2569028068991
brz,1334,208.272838656,0.3917538664295741,213.75100881539143
brz,2719,464.854318103,0.23255923503293893,331.5583358166265
brz,2685,708.701643401,0.36832166070781946,703.18379723044
brz,407,987.902801863,0.48604659323082045,997.370989182416
brz,1599,1904.29642014,0.34050521419905294,1282.5622102026846
brz,2765,1086.08248642,0.2576254258007785,1000.9591120402018
brz,2917,3348.86307519,0.21774850219882358,2037.8600794175095
brz,5858,3008.69366351,0.19046164126069606,1207.5982694738054
brz,4277,825.644464714,0.22408913091692348,98.94138668284697
brz,1038,218.38936393,0.38202832397822195,214.79281457639206
brz,2923,634.212055117,0.2900565934261053,625.2000512216608
brz,1464,446.601421951,0.364183335304951,451.56142700793697
brz,3952,872.721733513,0.2391495406627655,12.30299883075789
brz,2380,708.354050698,0.3425783752647549,709.5388223386278
brz,6229,1928.38601985,0.19317058560748893,219.8846834968118
brz,902,1068.0494604,0.31765735778649384,1065.5352506151387
brz,5338,3177.85753868,,0.0
brz,6374,3033.85244065,,0.0
brz,3144,792.776443338,0.30114028081617633,243.9182237213733
brz,3828,919.27281513,0.29718086488594275,355.7409435496611
brz,3991,772.043466568,0.2802398670502793,384.52713380701397
brz,2409,688.819412822,0.3406998036511289,416.1419255873737
brz,4380,624.487877881,0.1940747575343021,298.66124674479164
brz,4217,1080.21799149,0.19646799564361572,10.208146757238053
brz,1087,552.684223358,0.3362642760186879,537.6543738570867
brz,3156,909.551569454,0.4116709307204969,211.46246113496667
brz,2123,577.89884449,0.33349068244524394,367.97542413449753
brz,3260,838.21845611,0.33289318625976083,825.7495603972789
brz,2016,351.024353723,0.23072540606221842,324.5200309005438
brz,2057,773.401192714,0.22862748717916184,451.46010906743066
brz,3863,577.66609965,0.3264144661520498,362.03053944905605
brz,5007,628.230478303,0.23773941894372305,124.06360796760109
brz,3068,673.921959292,0.2567951870528427,271.13691938811655
brz,1197,808.93705446,0.3368846222931681,382.2377993415384
brz,2971,621.223935018,0.45924907431456474,623.9034898047353
brz,3111,637.872866775,0.37628824251130577,630.4843690759998
brz,10,811.846792692,0.5154777946823005,826.5105055565928
brz,3544,781.874110577,0.30235812677578494,69.09923909505208
brz,3715,660.843327734,0.39699725250191087,343.4324221741919
brz,4578,648.271783499,0.20701114121277328,260.1872696521235
brz,1863,1948.42142649,0.21238030511123396,1789.942080419204
brz,1897,3216.61499932,0.22517265023796398,2180.921494158576
brz,793,828.398363304,0.48693292726197507,822.1882031908223
brz,760,351.866204714,0.46690207370104453,350.0113055958467
brz,6133,1536.36292432,0.2785589549718636,207.82865714278876
brz,4639,907.437498796,0.22365352009124553,886.0275030697093
brz,3429,514.335790668,0.2855634181269439,499.1418816959157
brz,1398,465.596437499,0.33148912101439443,415.1965092378504
brz,379,324.251212937,0.42368084495796066,326.183497320437
brz,4126,1173.02724992,0.20750952565304673,230.60870642568548
brz,134,803.154386122,0.530492449171412,803.7703271903245
brz,4597,616.484773056,0.19964389299636442,316.46067038143383
brz,3463,666.451594882,0.2674678322298831,262.784586947572
brz,4446,1245.29369651,,0.0
brz,513,502.738130994,0.29722698618227494,445.50093261120367
brz,5821,739.566872365,0.23291235071984026,224.29078635421453
brz,4203,832.62037251,,0.0
brz,1443,692.204559889,0.27933639195174287,680.7442545872109
brz,1420,413.398133574,0.38438634470365307,419.6509613934685
brz,4821,1370.60170033,0.2469363660087406,83.49906646130131
brz,4829,1774.86168713,0.1891164916837327,112.0293181475471
brz,4389,679.90607268,0.190281174291437,81.92918766994103
brz,5648,598.600143581,0.21107453931246742,567.4123968685375
brz,6278,1235.10457703,0.22822072576966645,128.53187905105892
brz,4195,587.341309391,0.20167679923073142,176.1608492982154
brz,3352,573.254026144,0.27019898879727444,578.9618044385722
brz,3434,387.808212704,0.23231368175683878,306.23680743049175
brz,5664,436.808526952,0.2495033448276995,441.2585730459176
brz,4642,373.315408141,0.19683853969161896,212.01747849408315
brz,2942,555.449664174,0.3071987764223625,258.5600698134478
brz,4577,687.24397197,0.222232490586383,183.23000754562077
brz,334,3437.31681947,0.47031936280951075,3451.704299507889
brz,3542,429.907073911,0.2513112296345155,189.49947928634344
brz,3770,802.160454876,0.3452432518541394,447.09924068076936
brz,5974,598.147012424,0.2141543520348413,186.88417265648934
brz,5097,470.528118394,0.19947975873947144,2.0938773360906864
brz,1993,1976.29256108,0.26758125323074056,92.3837169273227
brz,3172,1035.91249965,0.3906527159650341,160.16836030249502
brz,5740,511.267442696,0.26885826473415136,331.0708642099419
brz,5519,998.04059824,0.16817906498908997,5.234693340226715
brz,1747,434.706976639,0.4407136256626423,428.88392854578353
brz,905,3329.08719825,0.2991818941148674,3344.2005021039176
brz,1592,1652.55943164,0.4866112765384956,1647.7994026333681
brz,2776,788.052297984,0.29258818902160927,455.34578345803646
brz,1442,401.96691539,0.37043054509132245,407.08592245064534
brz,4179,511.551825636,0.2696655294977793,132.1870324826708
brz,3353,800.989061102,0.2498844525791132,680.5174051920573
brz,3879,892.956502159,0.3345155801508314,454.960775457644
brz,1624,1848.43037706,0.27626358028364545,1853.5455402449063
brz,1052,353.195444951,0.3597269108375677,353.7171233532476
brz,3920,1074.07096263,0.2240625152400896,320.3988854800954
brz,6021,2353.22807325,0.20874063969905404,125.11598492790671
brz,5108,634.498524025,,0.0
brz,1530,2365.29803477,0.3338899382879058,2356.550808416628
brz,347,757.800323061,0.47325119634883267,753.3278705372529
brz,2857,554.300210362,0.26323234963248365,554.7897186279297
brz,1744,1137.51540258,0.3259669363922618,919.7864976770737
brz,3362,700.217871972,0.2849128508362277,242.89200140261184
brz,3170,1079.44584943,0.31016005005487374,711.3385650634766
brz,5006,348.05460129,0.2346316707495711,211.48366229487397
brz,4576,668.790162726,0.24183898372575643,142.39573792102289
brz,4538,607.884005503,0.22316592782075506,177.20979841643688
brz,4175,585.661542559,0.2230944515439164,294.7388229070925
brz,2343,702.885764696,0.3366972290787424,654.041984468348
brz,4879,472.927677509,0.21272126953254747,302.056540664972
brz,6304,513.920054209,0.19708356611868916,26.701830067354088
brz,804,701.184883048,0.3914817081079262,708.4076169182272
brz,79,780.019112692,0.44281202668475134,774.2011005177218
brz,2210,1562.29748696,0.24182770216059915,269.57093401142197
brz,4353,810.946236791,,0.0
brz,3282,596.243067414,0.33834320980129445,508.54331665039064
brz,6349,1156.31850021,0.2098803343932803,21.46707811542586
brz,1343,930.901318989,0.325139885906607,905.4882445391488
brz,1650,2770.09147159,0.45116657635270996,2768.363452507468
brz,3742,824.631878892,0.25422970059014754,251.56361086976295
brz,5392,464.596810601,0.1880651757674059,268.01345837162984
brz,4709,798.833975272,0.22096245714994234,28.007837512446383
brz,6332,834.612069057,0.22876215954341306,445.3080305211684
brz,4361,1021.2196901,0.2348892640379759,170.1344324149337
brz,1134,1886.81882336,0.25886880054198796,1696.1581221337408
brz,451,924.598774664,0.4196143390733859,918.6926075056487
brz,5882,403.708139455,0.23965131309322882,339.46252994911345
brz,2037,566.240785449,0.260536855248393,244.179233416389
brz,2450,734.293609109,0.34571330384883714,650.1129832847447
brz,5372,1808.22907661,,0.0
brz,853,437.369901078,0.42891062234995414,439.75823648490154
brz,3329,915.736005626,0.19772447687328648,159.13618873147405
brz,3464,905.571711251,0.201334118435625,67.00500198065066
brz,1238,577.316644193,0.3438199811813717,212.1810427497415
brz,5900,358.693694686,0.24744635122726283,308.58256871840535
brz,5654,2578.18611083,0.21166684919995485,1037.9824851540957
brz,2252,961.028023199,0.400991461044716,611.1119884416169
brz,6064,185.826249791,,0.0
brz,1526,1736.51951274,0.3295656354916196,1748.7562664256372
brz,872,802.755710042,0.35799489626372916,812.0245843326344
brz,1589,1362.24575344,0.31524692774990926,1131.077355478324
brz,5289,1010.17294057,0.18796519296509875,18.321996830958945
brz,5949,292.457182189,0.24136600376012837,204.9435630349552
brz,3368,354.110388792,0.31135569027443544,184.00140467625036
brz,1458,1525.7322128,0.38012063530456364,1519.7551046334063
brz,3422,606.394940285,0.21746458342442146,122.49628403607537
brz,6108,367.628456761,0.22842654767219495,139.7750339283663
brz,191,785.039331752,0.4812454579285711,789.4264688230026
brz,3588,886.175013739,0.3094820620083228,536.5890211217543
brz,3330,605.953123301,0.3372313373455286,137.93463661343444
brz,6172,349.137142003,0.2754201070634747,84.02283262365005
brz,4291,585.70140044,,0.0
brz,5178,2983.22344625,0.2531188522514544,49.729496974571084
brz,3228,1409.13602079,0.33261725263504804,852.4310925951191
brz,3284,687.938097682,0.35649757430658147,673.4318403356217
brz,4244,946.572125449,,0.0
brz,4697,1257.32853322,0.20885493226653837,941.5353770237342
brz,2937,708.170439755,0.32294655006240913,423.95214080810536
brz,5708,369.38069031,0.30916328649621455,272.9731530881396
brz,6426,879.11352591,,0.0
brz,3158,719.140358851,0.39485574618848046,441.24574279785156
brz,2985,449.577769633,0.42216623456032387,449.34916645124855
brz,4959,1043.91250441,0.20385903797366406,43.18777420941521
brz,5934,1338.7774195,0.23385535180568695,3.4025860655541513
brz,491,215.780521341,0.4096212044159088,215.2878095739028
brz,606,494.175787951,0.322327591085434,490.49837538775273
brz,3520,822.86590872,0.26311639118148555,271.16638572543275
brz,1317,1269.09528633,0.25729448467005334,607.5152213601505
brz,5790,310.420887078,0.29978579342464773,313.52755788167315
brz,4541,734.551249029,0.22216397874495564,17.799589029947917
brz,747,787.842047499,0.39667014449196564,793.923119788076
brz,2468,715.079895161,0.34232180647331956,496.22358263801135
brz,5452,1446.78545265,,0.0
brz,5293,880.234624043,,0.0
brz,2010,1439.58798459,0.292472311969675,392.30221111821197
brz,652,719.128534402,0.399043772027773,444.7057424208697
brz,2746,651.111959273,0.39509068506896317,574.1343777226466
brz,3767,805.899438433,0.31163740588478683,647.0911591174556
brz,5604,1557.98723029,0.20560606528847694,227.96558798995676
brz,645,1280.8042345,0.27517732036286513,812.2510567160214
brz,2412,763.445974501,0.27256346442990326,600.6547279507507
brz,1413,811.50618421,0.3249784648403275,514.6242676678827
brz,104,704.186235516,0.3607399470980155,691.5362306482652
brz,5877,1945.14821796,0.20135462472004476,1741.2932228537168
brz,1076,1453.90329906,0.29101188615396034,307.15674830418004
brz,2794,1019.53841739,0.2966079270511824,927.7050247192383
brz,5814,2051.2994563,0.20819952681521212,2041.6336181341433
brz,4082,668.895859752,0.22769914487101778,296.0575861313764
brz,59,772.729267591,0.4967678205991115,774.2149551690793
brz,5929,955.254438937,0.2746456931753439,853.7847247553806
brz,2515,712.046589194,0.3286638113878333,389.68989473230687
brz,5992,461.038367316,0.3150344480602247,138.72320825913374
brz,1858,1258.67620688,0.23188258225401723,909.0876882814894
brz,1376,811.0762798,0.3187824053346446,749.2782272338867
brz,2811,2017.50692957,0.36224227156349115,1970.7596617156387
brz,5204,1278.609148,0.211521323438973,868.2004179711436
brz,879,1674.65357698,0.27856466996793944,527.3929368262197
brz,942,323.83138991,0.4042131022661311,317.85984820197615
brz,2079,720.070268089,0.270771047812232,489.6810873592601
brz,3423,361.94371549,0.27867655154386184,170.65651239133348
brz,2905,880.693524412,0.2922204436243367,852.8599719178445
brz,1872,793.688588103,0.21331696821044585,337.57594972498276
brz,2170,267.87731531,0.3067003564106498,257.53040008544923
brz,1109,527.49185071,0.3228604881812289,402.3815063476563
brz,738,878.819226135,0.4456653700399287,883.6574303122127
brz,4953,232.189971797,0.1978951711533369,164.63730501661115
brz,1039,211.237731809,0.39315244468985333,216.3624636780982
brz,3222,800.353592912,0.3357163543968152,502.5113292918486
brz,5922,210.024933756,0.25676351943172065,155.99430449242686
brz,6194,593.202603909,0.2880342621146963,93.18528490253523
brz,6397,438.925949751,0.2022021290056866,178.54978811226638
brz,839,3699.69719875,0.45353395921053247,3710.061859041101
brz,1805,530.31779216,0.29479046961061506,533.5613595102348
brz,5991,1104.50574945,0.28997072884014674,45.80483380485984
brz,919,889.397559965,0.34403168774505916,674.952434016209
brz,943,357.103107132,0.40455044489720715,358.6710882448683
brz,4750,706.657186286,0.21828032896465277,93.4474842744715
brz,1764,560.600277358,0.39588106687000074,570.7072654574523
brz,4537,778.367911291,0.22776326030078864,150.77219462675208
brz,1351,892.34520815,0.33182839341669773,749.2876097136851
brz,3319,665.016754115,0.275116471262819,360.66760891185083
brz,2264,647.54866451,0.3680499467078377,444.9180295757219
brz,3970,994.156405173,0.1929893985987875,267.7854054170497
brz,2978,826.61088084,0.34704721996002424,835.6208465576169
brz,6014,2752.33912709,0.21353509807639795,1350.8505704692764
brz,5546,446.44983922,0.2002026692195587,263.5694261737898
brz,1578,576.901056281,0.34866796176870557,582.4126965990254
brz,1868,488.784383234,0.2382170825111431,186.84427786434398
brz,5879,515.35652238,0.22534056225330226,509.325947451124
brz,1502,521.703988799,0.42850634446915453,533.715728191301
brz,4917,246.644695934,0.20175732444314395,222.48876459458296
brz,5914,1068.97942239,,0.0
brz,3331,671.688255436,0.33778801837375183,281.6272911221373
brz,1736,2235.85029836,0.29810956720575726,482.79431062586167
brz,820,634.77865699,0.3743564868001822,601.9424080942192
brz,4508,877.671569055,0.21726307452709165,618.2538561054304
brz,414,559.78955242,0.44979738480754766,563.4305800793218
brz,4819,1409.48562533,0.2338480526617929,266.9868814804975
brz,5956,353.927601052,0.23296821844129248,180.86345609777112
brz,4646,652.400628044,,0.0
brz,3986,752.991207777,0.23423076188230157,317.5175192141065
brz,1673,644.364036211,0.46121257456495285,626.9442251168044
brz,1828,1018.89075886,0.23549799012074335,378.3852676391602
brz,3847,906.576966669,0.24204992269741674,34.29146192962048
brz,1925,1575.79479724,0.23250728845596313,13.869728447409237
brz,1193,349.244933244,0.37233976531297636,347.96241263595283
brz,1023,2291.9784884,0.24925210643520315,123.74730730243756
brz,5812,395.961162672,0.24193546254534282,272.9668410656499
brz,4606,622.268651689,,0.0
brz,3769,831.763291079,0.32694177515993483,516.7296865126666
brz,5389,1042.57195364,0.1934564837062632,34.28696818632238
brz,3748,2724.65739619,0.20207296672367278,146.0704106947955
brz,3967,1698.40723161,0.22075148473906167,1259.089402741077
brz,5015,675.980779238,,0.0
brz,2543,570.63883614,0.3873666120726255,558.478710608389
brz,558,1578.02440448,0.33612879813862667,884.986164227654
brz,4982,1130.80643439,0.2032974660396576,15.18103063246783
brz,2471,704.960935878,0.33331329030963897,560.866125757554
brz,5828,365.043311282,0.2326585806703289,134.5231383978152
brz,1701,3557.24332833,0.3019872065508059,3224.09616058948
brz,711,383.400587466,0.5106157854526908,380.8818014705883
brz,3735,703.991994094,0.3047073838196647,123.81698814840878
brz,4687,414.055945793,0.18747599360843506,62.820771669874
brz,4271,807.655580012,,0.0
brz,2295,1420.4481899,0.31570221573438956,408.5512086157705
brz,1877,738.767683894,0.23238696157932281,21.719879928289675
brz,1980,788.603749255,0.2632804716542875,511.11128082275394
brz,1403,554.367000235,0.32068308131586154,545.4899319517847
brz,5718,4020.883939,0.21369462510329165,1371.3827258540132
brz,6117,512.549786094,0.25120531166489635,238.4546678430894
brz,5511,3461.77704549,,0.0
brz,2013,754.041417705,0.27031317220465967,343.6247135536343
brz,4167,543.745745353,0.2285401053980501,130.6174683215571
brz,4964,1407.40727488,0.2304633698283773,237.92472390567553
brz,1365,981.400378949,0.34187692339768333,444.4918739169252
brz,4118,638.58551256,0.2628164534194347,204.17102140538833
brz,6148,2188.03072373,0.2419532799580391,288.97398205925435
brz,4218,577.630854966,,0.0
brz,2410,657.910470132,0.2986866119154693,343.9056339937098
brz,5135,792.70686705,0.18380204252168245,53.39388643152574
brz,6075,964.056009559,0.2511532513445683,186.36519200942092
brz,1536,2068.99350244,0.3145170518682982,470.4178436877681
brz,5564,505.260003112,0.21114211853044446,394.16994999904256
brz,1292,380.149489061,0.31083805251331514,386.1661837409524
brz,264,1065.87213681,0.4821652299044263,1065.4147318821326
brz,1937,1533.5263875,0.2082625908726718,454.5664686315199
brz,4428,1079.39195153,0.2032586675857811,190.81226079604204
brz,6199,165.008541716,0.2552305121513966,159.14891836128982
brz,2099,712.564634978,0.23181591059839463,304.1163688809264
brz,1296,2714.29859402,0.3367334837261681,886.1447586358762
brz,1431,796.450737465,0.3376953225096395,791.4144203036439
brz,1173,304.346569567,0.3102229312253796,305.31907582002526
brz,449,636.955579581,0.46372813981863775,624.927659846287
brz,5465,2787.79613935,0.15719158947467804,31.408486758961395
brz,690,2453.6304871,0.355548304615425,2441.1483702117316
brz,5982,762.490700838,0.1950594524779199,340.52636222091377
brz,514,273.446458465,0.4184899498060875,257.6732300103879
brz,2844,1202.46152429,0.27718192169060535,1205.078161172306
brz,1189,181.06876473,0.433640367645368,186.5390914916992
brz,96,2774.38103228,0.5143376817243863,2765.0572835884836
brz,3317,725.662101773,0.3307116775598437,564.0314743939567
brz,5675,1629.32450386,0.2680016599375779,905.0184567918965
brz,2326,1170.59948432,0.34471329674465145,859.2345058665555
brz,1594,1640.06097194,0.41685898594867676,1637.8564179663563
brz,655,762.582744845,0.4659985024793832,765.6735547234032
brz,3344,375.433048321,0.3095276309600608,368.52213918648516
brz,6097,205.420620782,0.2750702870614601,8.637813523236444
brz,5886,450.123802182,0.2380458490782175,249.166322296741
brz,5874,288.381050085,0.30152551922610943,289.9943104164273
brz,2330,710.807927,0.3750441591915211,517.1624860875745
brz,6406,981.878190444,,0.0
brz,4131,385.999502445,0.20593321360268105,179.8277270148782
brz,51,820.734124872,0.4030616893164819,753.8138972263711
brz,2405,703.892786466,0.3100787342203828,691.4808609906364
brz,278,718.104735726,0.4628671423168304,700.5016656015433
brz,3684,724.863856758,0.33693446845016223,195.00908541211894
brz,3324,652.930289532,0.22493829308058721,257.02354084089694
brz,920,1158.479343,0.3341529634966458,789.016201871984
brz,3821,813.14680858,0.358740560287902,276.95153760723036
brz,1406,771.550656176,0.2797165610460789,704.2974953744927
brz,1876,741.54261072,,0.0
brz,214,845.487623853,0.366013888685916,835.7468233594708
brz,1117,394.816571379,0.30750017603962315,402.11915067784935
brz,4905,557.402476439,0.27256201704343164,69.88803208295037
brz,3916,1219.56280654,0.2241816329517907,188.7328043021408
brz,5943,1463.10684825,0.2239248860213492,75.3810239904067
brz,3290,705.282856799,0.36695193434011303,674.7386193368949
brz,3979,953.913303977,0.20853342395467855,126.9554063385608
brz,3756,1485.44770872,0.2928073873726102,1154.6690306719613
brz,338,591.289646001,0.5219232065908169,600.5656325396369
brz,1399,495.331649099,0.3047626285709162,489.23728329527614
brz,3704,1270.52494446,0.29667183826512916,481.3781828038833
brz,73,793.06039715,0.4430385216733582,798.008128267176
brz,1175,533.969360017,0.333049322640261,525.6071958654067
brz,1036,770.813574942,0.29601636441739987,755.3071445839079
brz,770,657.236404366,0.4313253446838971,664.9716729556812
brz,4698,1174.3305064,0.2063689729681721,777.4159432803882
brz,3882,943.261107276,0.2979666300868519,532.7061751720951
brz,7,799.303619424,0.5704550918584781,790.6766569249769
brz,5160,447.038499772,0.17870834469795227,14.657293820848652
brz,4038,769.6448223,0.203293647628222,175.3836877860275
brz,442,602.538648331,0.491334016816972,589.084625932282
brz,3432,293.015006286,0.25397572287264664,265.40512102912453
brz,4885,1942.36918396,0.21718190664227874,115.95468471751492
brz,2024,524.453790823,0.2638610474117678,334.20497283935543
brz,2227,1476.4577223,0.3004288707202235,491.50116110409016
brz,5884,418.626279249,0.2292527054260661,374.27457472857304
brz,173,676.950482146,0.49596334148383325,663.8524773990408
brz,2454,713.375773562,0.33937796130577574,686.494824847053
brz,3646,786.448050212,0.29403105545938807,97.63400011249617
brz,2544,597.185026098,0.4003582326945261,594.8544275022019
brz,3040,1539.51279629,0.2880806226850741,790.3452355777517
brz,4835,1241.87840341,0.22652324889770425,151.29234376795154
brz,2795,1214.64858015,0.3601111150865502,1157.990935381721
brz,3033,1399.12818269,0.34595994006223746,1230.78152848786
brz,3084,674.415736763,0.3171731408838076,517.4118893791647
brz,3199,568.831092939,0.26335215186943767,290.24565028770303
brz,1392,445.490417162,0.3107172928851523,405.25337081609985
brz,4572,733.296844248,,0.0
brz,2573,709.992151105,0.2910482878895941,479.1718627630496
brz,6287,1807.24206804,0.21150097250938416,19.371617754767925
brz,2165,1956.32763496,0.2858232016165164,351.75111858891506
brz,818,1056.15209909,0.33039517327420886,674.6647053438074
brz,3623,777.572738477,0.25142677470203084,302.31793886072495
brz,1410,2497.6679754,0.26396766744205946,1304.739128741096
brz,2129,783.15027536,0.31536483459124326,426.3340546551873
brz,1698,1086.96416065,0.39246684228810075,1095.3612008487476
brz,5969,908.340401198,0.21095280246918327,156.25927563835592
brz,6316,355.934326567,0.21498633921146393,32.723288442574294
brz,284,389.572765317,0.38188926697176034,391.05458655263857
brz,5866,2776.12392972,0.2062046889976789,170.38422280105888
brz,4259,1310.60062135,0.22389550858251267,849.6476524502624
brz,158,758.126022486,0.49140323851326434,749.8971145031499
brz,4338,667.398785088,,0.0
brz,4732,271.303570917,0.21147366541415388,239.24682126512718
brz,1156,525.093762145,0.29416784821401076,384.86197677313123
brz,790,445.198032858,0.4591777164065196,436.8625074498794
brz,5312,1027.4092107,,0.0
brz,5198,1886.78860425,0.1912199045061718,718.2201477948357
brz,2301,465.967090328,0.398180731581421,449.90658138499543
brz,3564,567.842843819,0.26641762144062264,523.2228434843177
brz,4362,1464.02432236,0.2240647078958011,809.3161477780811
brz,5823,283.952051077,0.26669848473716123,276.11170869715073
brz,2467,665.290954903,0.31416990694335917,460.6301027185777
brz,3878,753.314494988,0.3904642435366998,131.14797659481272
brz,3974,962.649290198,0.2247647779392027,122.76767024619906
brz,2308,768.123562566,0.3848648182080164,322.44623769124354
brz,4296,1166.18353583,0.23799550533294678,21.202012993307672
brz,2950,331.674331398,0.35024423280051487,327.9117887010761
brz,5627,821.503695448,0.22549824505599578,210.42885365205652
brz,3870,692.264331218,0.3719924981586444,163.34607534969555
brz,4209,1183.66540766,0.19790105521678925,30.886773681640626
brz,44,791.548564158,0.5006199455309219,779.7018701590742
brz,5809,260.231669002,0.2987825603892164,268.25465707217944
brz,5173,503.639290918,0.2460038952763952,216.1916446461397
brz,987,963.469261589,0.38108644457863866,960.1548453237496
brz,309,499.183631594,0.37959808700252323,502.2130692425897
brz,3950,379.21863504,0.23415799960030637,378.77410236433445
brz,6422,2276.21963956,0.2086249760594137,59.43021880505131
brz,5412,4259.62149771,,0.0
brz,2077,2289.83815958,0.2645270605236938,302.28948546764894
brz,3468,547.608912291,0.2885079715599793,367.74381555295463
brz,4359,701.990708526,0.22162881141863996,126.42320188634537
brz,5920,440.910642799,0.24959130806738394,257.02406996184703
brz,6085,434.032334944,0.24065150084471937,105.74765248018153
brz,4655,999.057647823,,0.0
brz,3569,625.245675354,0.26328153165811946,447.0579540776272
brz,2475,707.39479017,0.2515719901726378,620.7959353577857
brz,4641,1039.42564116,0.20309198844730936,931.571380704992
brz,5509,491.134510812,0.1965373456478119,16.75098996629902
brz,471,832.043884174,0.3176455479000033,634.3492629705692
brz,5801,272.825603579,0.29843561437599453,271.1326348697438
brz,3601,933.840478693,0.3158903985924364,241.07305899227367
brz,233,566.187616568,0.2546109882589618,264.45679066975913
brz,4816,1030.23129135,0.20630498465738797,129.3047804888557
brz,4016,819.266204664,0.2071848956779355,219.88482576258042
brz,783,737.479939333,0.46094072910851264,739.5332628137925
brz,5693,2393.55617715,0.27807890991689826,1153.9313608206955
brz,4857,347.961285806,0.20012286953398978,357.5493608362535
brz,4878,552.552152061,0.22032391403018114,237.66653122247436
brz,92,393.646643856,0.42086468476271344,392.8458846447514
brz,4850,853.222705992,0.19741659046428334,296.8245561786726
brz,4623,500.760382873,0.18347815135162798,169.35323181152341
brz,3204,632.826924929,0.3157479137314105,473.18941294352203
brz,4026,876.721573086,0.21227064106234061,100.25738348867378
brz,4087,524.418094677,0.26144394278526306,39.7882807712929
brz,3973,1131.94070244,0.22551368815910736,158.10615303189147
brz,5657,733.939916155,0.24925132807783473,512.7091642192765
brz,1224,893.770561303,0.28887704762585487,496.31095521216304
brz,2156,1747.55189907,0.2660739546775042,241.30390433517158
brz,2388,695.831248171,0.2432217564161697,612.6974448110542
brz,5872,1899.55377737,0.19181012972128836,1084.8565562229528
brz,5972,493.901538772,0.21494478413415,147.36071005428542
brz,6284,1022.94076609,0.16424486564867422,43.193273656508495
brz,1928,1964.50762253,0.23914427254547851,73.53580995447496
brz,2059,1065.87291868,0.29227865133779474,226.12311359480316
brz,6407,328.271666314,,0.0
brz,3134,724.017014716,0.3394905456502211,407.23025761024627
brz,5351,603.584242692,0.17876923084259033,32.97891109690947
brz,2741,999.524512593,0.39313953145043085,933.1688305723901
brz,6167,252.030090385,0.22822001576423645,18.584382808909698
brz,2975,433.525363601,0.38706811552694637,426.3143030204025
brz,4739,1525.68816126,0.2059414833537939,475.3479132259593
brz,2869,842.198507188,0.2538076779440693,842.6494204352882
brz,4015,780.436614356,0.2057225504500228,90.04805614995021
brz,3688,755.027086525,0.3324670614286036,508.07132972268494
brz,4780,642.248678803,,0.0
brz,1903,654.990726304,0.2297313754817424,561.5864224303003
brz,1978,1025.26097581,0.25109044822480314,265.36886004279637
brz,2318,1456.01830174,0.38770943304682287,513.7637520285214
brz,2832,753.98528263,0.22874121876105957,294.65621023739084
brz,5336,320.817714841,,0.0
brz,4006,566.23239134,0.24132573662141873,121.98248024734797
brz,193,724.461575516,0.4525570920380679,719.3254972869274
brz,1517,659.588109598,0.2805989137427374,483.49172919778266
brz,2241,2410.99703394,0.3132746213843039,148.13342572380515
brz,5515,1192.31644502,,0.0
brz,5226,478.403606785,0.20637393787644856,247.86725550632855
brz,6025,1265.78167081,0.22072895272420004,102.08170318603516
brz,2505,691.410700034,0.2861939631486966,230.83338111428654
brz,5600,939.858215887,0.21660710871219635,3.6642028210209863
brz,84,776.61775809,0.4128275234652452,632.9564280790441
brz,2707,1362.76958887,0.2294161454258736,1276.0149310242898
brz,2235,912.653001896,0.267179071896673,594.8835732254327
brz,5563,1247.91480742,0.20316330729026705,966.5771719240673
brz,2681,644.4743639,0.3995581268539398,645.6049277810489
brz,3145,386.107053546,0.3748794870189399,316.6744585224226
brz,2751,1281.75414762,0.40239547555333843,237.87081397561462
brz,803,446.053317784,0.506275657222172,447.0699678308823
brz,1785,962.495055175,0.36392520327676825,424.4427348417395
brz,1904,495.217804252,0.23101266021274952,209.09014943440758
brz,1804,401.284261723,0.3502878403777279,398.0130130543428
brz,6149,1741.86481833,0.2402353347847761,317.2431843776329
brz,2124,597.655114451,0.36453912139732414,511.13421424416936
brz,4354,690.197664955,0.18535810861259455,192.1212276383942
brz,4929,1088.90381114,0.21325909724376474,318.8113589118509
brz,5481,990.570294879,,0.0
brz,4115,1343.79715176,,0.0
brz,3180,760.968793393,0.3470465170688672,351.22092683081536
brz,279,700.779431729,0.4561736949806004,718.0265751558192
brz,2424,699.894831709,0.310115920258997,532.8632141711665
brz,4596,838.415178234,0.1870921198832881,202.3364522298177
brz,4840,531.119261367,0.21744799577872342,216.20700255749273
brz,5774,331.884848129,0.285761408275799,151.2672556559245
brz,836,764.806132781,0.40057471105752585,734.3177083333333
brz,2142,657.136313958,0.19538395818202728,243.39302197624656
brz,3020,913.056395493,0.5240684587608547,915.4395972457586
brz,2637,520.527887009,0.3060516909471554,518.6818365059647
brz,5925,1130.037946,0.26319285907740797,955.8510156369678
brz,4133,2345.38944067,,0.0
brz,2176,711.450534768,0.3286332772542256,639.3716618556601
brz,2779,706.41476575,0.27091424190622615,66.47025676054113
brz,5890,752.821244479,0.2422300755475344,139.7642115873449
brz,3586,832.17911843,0.30034205970192746,190.03040618896483
brz,77,778.917875702,0.45136997402200507,801.667547786937
brz,3313,629.132085672,0.31951991518556616,238.43591796276618
brz,1058,374.270904716,0.32886619595518546,191.7726465561811
brz,5302,753.924830522,0.19032731039984388,105.7420669854856
brz,6121,678.973262899,0.2113173621120276,424.03843422684014
brz,5003,408.246267706,0.20263970501366116,32.978820890538834
brz,3410,512.820778871,0.2829625674207276,114.11873608757467
brz,3642,844.83395726,,0.0
brz,1880,1059.48783199,0.23947319759697216,239.44198279287298
brz,3335,632.608777494,0.3130574963846066,637.0597589231006
brz,2436,711.386155302,0.300163914593532,406.19057560341037
brz,3790,834.905449223,0.36170949642490563,763.0631569357478
brz,177,783.265298784,0.462017081541899,773.7151673560048
brz,744,1059.75487144,0.3591246480600903,822.435335047105
brz,866,720.165087984,0.46795760185907304,717.0652470906576
brz,2202,1006.86513031,0.27954088164015295,341.5418476777918
brz,773,657.472734145,0.35989692056611944,669.942612023447
brz,5538,1583.72116798,0.1903655175870155,71.45411394904642
brz,4865,416.642184366,0.2393156048827366,186.10295302447147
brz,4011,959.415377327,0.22789173777640984,626.9315061382218
brz,6394,536.722425691,,0.0
brz,135,769.744966425,0.5201807969530866,752.2440546970743
brz,4767,445.474875622,0.20157668828122863,352.3209576475854
brz,5589,497.36654735,0.22655699857070125,353.59642537434894
brz,1862,3146.25101996,0.20751477886418532,1761.6715900196748
brz,80,814.901259516,0.4744013080981358,803.7554833505669
brz,6160,182.325163933,0.3322106550065424,181.13166387221395
brz,1463,683.351209667,0.3092840879833002,676.8180384617227
brz,3366,2762.33190586,0.2510361990700628,2316.656619980757
brz,5144,642.281306424,0.19565678550280668,157.30389365401922
brz,6046,1682.47843767,0.19495374508054578,489.195068508971
brz,4270,1361.79933623,,0.0
brz,5613,288.564263936,0.22726681640767676,66.4785681032667
brz,3786,657.588464615,0.3815342261924507,84.28990774715648
brz,1319,2501.51416531,0.2332544840638849,400.82399118460864
brz,996,4049.31229903,0.25403868735113266,3268.773274829341
brz,5667,3733.11832336,0.20166260108377657,3457.610110533471
brz,3154,549.425050211,0.42880071190883,453.8085452809053
brz,5414,496.526209113,0.2095676628277474,50.7756498448989
brz,2589,1389.62570624,0.23292950645939367,174.28817976409314
brz,5770,270.54374319,0.2609932740130017,104.15998232972387
brz,1909,2965.05219643,0.2546666049832003,1008.560649767109
brz,520,776.562780299,0.2786829921405973,644.3175774966969
brz,5802,670.94593337,0.2775844361349133,570.0051592060164
brz,4881,2193.72511782,0.2053411453962326,83.49740552715227
brz,884,589.818133594,0.3522280620535667,574.7472085990157
brz,668,1404.56377061,0.4015550318837054,1398.1865656534826
brz,4028,848.59033294,0.20028093686470616,3.4029921288583793
brz,5179,1686.70159131,0.22085121054859722,302.5654276529948
brz,2786,826.26103722,0.2566342055797577,14.916655596564798
brz,1371,479.205486543,0.37140566643027184,480.33568231919236
brz,4805,1338.44527083,0.18915607088284808,594.6932731778013
brz,4149,2411.85830921,0.2491847553218787,54.4450460396561
brz,5497,558.518294972,0.17911001620494527,114.37790811576095
brz,4238,734.899950841,0.18693002286660246,65.70036519368489
brz,2223,1338.97820109,0.3321134163241081,371.89769104602294
brz,5175,1108.56951561,0.23670072437209244,53.39359741210938
brz,4077,624.459078287,0.2208691815393312,91.61851755777994
brz,98,906.237546484,0.47705844493644295,911.4885904947915
brz,1425,590.278227561,0.2998506066633062,583.9526082655963
brz,2216,1668.79529143,0.2656761263428248,442.0397444481943
brz,801,419.852032752,0.5158740165157664,418.8173343733245
brz,2593,666.017442825,0.3618215818291564,543.8005386053347
brz,3186,1219.61586746,0.2742331719072991,507.99206913966765
brz,2645,798.293057139,0.2453433609070756,805.5038765103209
brz,3077,1125.22821194,0.27047219256623706,897.9499087165384
brz,4946,234.992057171,0.2598906805895897,217.24919499415975
brz,2360,503.745915473,0.2822037063434091,464.5644314934225
brz,3824,807.390074521,0.2882642450299724,132.7162837308996
brz,2269,2172.51343415,0.28029936946339623,228.47849321552354
brz,2263,445.464811185,0.39529377005096084,449.3682682112152
brz,4782,325.815708493,0.23142065107822418,7.852475334616268
brz,5134,876.658516504,0.19932661822013267,288.16929931640624
brz,5531,865.768801644,,0.0
brz,3941,894.937074707,0.2634231549273101,451.0170167212393
brz,5504,705.423351887,0.1944149285554886,66.74280548095703
brz,4735,1462.60398891,,0.0
brz,4682,780.141698149,0.2048383598202552,329.28420679429
brz,6207,207.600271638,0.22911090447946833,70.67495990827972
brz,649,736.664398234,0.27622352866690253,727.7492210238589
brz,5732,1883.14575293,0.18400342017412186,133.4771728515625
brz,19,773.336292582,0.5345461607059807,775.2363187902115
brz,2858,650.95072435,0.25465898335446446,635.3917145672967
brz,1852,941.739755091,0.20758148717478625,512.6338862998813
brz,2188,1608.39597872,0.2477649525368124,313.27037901036886
brz,4609,772.271738929,0.184881329536438,19.893142161649816
brz,3227,1231.59449042,0.3178246768064942,1055.7902769500133
brz,2092,953.221399773,0.35021073599698166,249.15438839781515
brz,1685,1681.41290339,0.39131546601390427,653.1226238475127
brz,3948,951.243602184,0.26273425877807993,896.2835873472924
brz,4251,781.486589215,0.2113872692593046,193.69854571772552
brz,1498,421.970380588,0.3599869108229202,428.2814985088274
brz,2902,641.076129605,0.24890508647209053,534.3812654981426
brz,2492,749.00021014,0.3003330771979578,292.59644341562307
brz,2540,633.216421479,0.33595880550510826,325.0390851189108
brz,3605,679.778713089,0.34419914199635876,200.23914741067327
brz,141,771.670685897,0.5436327501278266,785.7323393877814
brz,5341,960.137280805,0.1834509447216988,50.77744828766467
brz,4852,832.02236857,0.20331894472677603,554.3876223395853
brz,5436,906.760101717,,0.0
brz,4192,1186.80627577,0.2442054222269756,160.97832892922793
brz,3343,677.387188759,0.276954279454348,423.74704966825595
brz,5660,3557.99741994,0.2164995513076699,360.12535699582565
brz,3619,616.997483494,0.3219404104536614,295.77365187102674
brz,4257,1014.09337125,0.22160384144071804,371.1662709554037
brz,6072,276.931369932,0.2677598741194487,124.85397509406596
brz,353,341.023216518,0.4923728498417563,332.1996660419539
brz,3730,715.790887991,0.381859826595902,178.5255288217582
brz,5408,404.946814038,,0.0
brz,3140,331.093413357,0.32996837369033266,10.992058159323301
brz,3477,676.260022236,0.22913947233472856,294.19731950946874
brz,2683,793.189357476,0.3557371266120131,796.3421097998527
brz,4970,833.898894344,0.2200907501307401,201.54215255438115
brz,1582,779.889362545,0.4151953125202049,771.8359074012907
brz,6186,696.21129582,0.24616794892583027,391.0612751680262
brz,2048,1251.06260013,0.270690452254364,348.8655547497319
brz,2185,3239.14069766,0.2554227839375651,56.268174564137176
brz,1222,349.40327893,0.3224952045904756,317.8810725492589
brz,218,690.350455909,0.420498388289875,705.7413459329046
brz,1867,1134.30377304,0.23450215843816594,923.2333742927103
brz,787,405.778664707,0.5447870403938068,399.45647762522975
brz,4343,1509.01833102,,0.0
brz,791,323.813822453,0.5294564368241902,328.0390089745615
brz,1192,283.104237514,0.372957664434573,281.51008929084327
brz,2513,708.269176152,0.2781398332283378,294.1658497829063
brz,5096,542.249503437,0.19867994542382347,93.43932593850528
brz,117,898.952925758,0.291166005983414,284.30724502264286
brz,5036,485.666945957,0.20361218106922338,390.7761176913393
brz,4381,838.758965402,0.2113987242379706,388.18163535922184
brz,5415,471.078530286,0.2034932979026042,179.80869733025048
brz,5865,550.751927458,0.27003925997590605,180.0678304634842
brz,3731,795.357797324,0.35677780653257296,262.81529678643915
brz,829,405.690996316,0.46723402644955264,413.06980342491005
brz,1115,3515.78131772,0.22967377133275596,3143.6710314283177
brz,5597,912.49145534,0.1890355624908259,591.2417767693015
brz,5213,554.951609006,0.21390363247248165,179.02915182674633
brz,4245,770.827624751,,0.0
brz,1341,1602.99744559,0.27191659783666866,700.3753910737879
brz,4859,248.628252569,0.23874354639642872,239.2378523284314
brz,1121,495.467539634,0.2806880349766228,439.01049562342024
brz,631,826.211029814,0.33334917620933563,404.1666820750517
brz,2911,765.060069495,0.2931171631166985,598.7620878032611
brz,6043,288.09369231,0.23563092060857443,157.56914436489927
brz,2413,681.969980508,0.3671026772674305,690.1638180601831
brz,527,285.471226078,0.346395260552223,288.54565746830957
brz,89,684.96558508,0.4203313747063399,674.5373851402132
brz,1689,1076.54247277,0.3975468489775665,833.4139680451037
brz,3961,871.578055437,0.23225655876776372,348.93317754408895
brz,3336,821.565684448,0.26877471129789043,610.885442726285
brz,1682,1495.04639381,0.4086191687319016,1511.907562405456
brz,5410,989.106510043,0.19800053087946698,40.82992302389707
brz,3147,758.111013678,0.368461598471637,718.9261379167144
brz,2510,710.216212474,0.308559882568503,539.130818864411
brz,2906,1797.69435952,0.2980506188202106,1795.4778732000611
brz,3776,773.686674677,0.3467527507811554,168.83969340604895
brz,4863,762.087261051,0.21711573004722592,6.281949032054228
brz,2530,711.365221713,0.34650861709650854,662.6445080626245
brz,6325,567.380146022,,0.0
brz,4076,555.556026232,0.2328423708677292,9.423622041590074
brz,169,1055.8775767,0.5689010411696207,1037.8814966837565
brz,4489,627.311342327,,0.0
brz,934,2303.97002198,0.24072117659509704,2295.1166032978135
brz,3397,692.774550475,0.3123086179581365,328.22152742872055
brz,2003,707.813309478,0.30225872083796257,249.9333547853956
brz,3955,582.74364414,0.23993547081947328,13.088296628465839
brz,4557,733.865872067,0.1778542697429657,19.108482809627755
brz,3421,832.932155817,0.2631959617137909,19.107226951449523
brz,5795,2045.00069814,0.2513809819789083,389.16104703417017
brz,5907,1080.77154079,0.2047886443594492,451.2286055022595
brz,975,1017.00594105,0.3145073126597119,1024.2323117723652
brz,2243,1855.16963188,0.28192327008014784,268.2637486775716
brz,6217,935.258675224,0.19943557503779216,445.77981172449444
brz,2211,1676.11531947,0.2536533003704075,219.31977473240275
brz,4214,684.700954643,,0.0
brz,2883,623.857765132,0.27343470607979936,738.4878343170764
brz,882,1398.46572764,0.3640299891951934,539.9518709070542
brz,4546,729.70431182,0.18926805872821587,110.98568746529372
brz,6116,412.150669243,0.2672135861836776,140.55987800149356
brz,5553,2121.27004782,0.207323534489737,883.8755325018191
brz,6082,499.5179019,0.22260020847121875,157.05038676542395
brz,1745,468.6930059,0.426681152126024,479.3872309965246
brz,1557,839.483186233,0.24239747710224102,807.1396804510377
brz,4321,1113.3609876,0.2331722972251601,30.886881779689418
brz,2396,933.015418884,0.368834115093002,929.9056331260534
brz,4465,1099.93772239,0.19407756626605985,21.986683385512407
brz,1844,1027.48003943,0.24408294382549467,137.38194948084214
brz,4900,1240.11584751,0.23671182566707832,351.00827062270224
brz,4932,1234.58671889,0.2410077601671219,3.9262443991268383
brz,5860,297.708216215,0.2508923737714716,274.0260167738971
brz,6398,274.41816257,0.20790931156703404,43.98298986098345
brz,5083,1029.43725367,0.193546588844111,311.47003577737246
brz,3032,835.421600419,0.3438442867783188,635.4112340590535
brz,5473,554.980221313,0.17729012381216014,84.27849501067516
brz,1415,3024.6527457,0.24066309021169288,1958.57034816368
brz,927,2023.69554574,0.35005433820966464,438.19802033667474
brz,3448,847.74106117,0.2633441459260703,415.1168522255093
brz,4384,726.532108868,0.2097496256118513,68.5798209994447
brz,1190,156.957967448,0.3929180593506709,154.88265964283664
brz,4902,513.205590326,0.25726385432735666,387.1309276805205
brz,4370,707.091785388,,0.0
brz,5999,1426.84659771,0.2924423575401306,238.18547482958027
brz,2616,1074.6967896,0.2613389415578428,769.644467312682
brz,5961,760.862033632,0.22478867678538614,114.38071854535272
brz,1726,384.62700638,0.47375235998737325,379.6874673282399
brz,1632,3010.55009077,0.3795734862154755,3024.1407432705755
brz,4104,553.056061135,0.25884915718129087,93.97241839240579
brz,5150,738.004822464,0.21648196876049042,45.54246197868796
brz,3267,511.338864165,0.40077927648924344,483.41432435278796
brz,1728,1165.06444705,0.386590640571311,873.7300782147576
brz,1893,390.647760655,0.2361663579940796,46.057086780024505
brz,6105,789.367060138,0.22351171426829844,549.6818812351602
brz,2245,669.939546673,0.39629766552425016,295.2200474757775
brz,3892,783.781028042,0.37998338439247825,71.98673203412224
brz,2842,1276.51191171,0.23344639128095665,1217.8938713821713
brz,4554,657.151026318,,0.0
brz,5267,1688.90782607,0.19811032712459564,40.04720764160156
brz,5558,662.570559089,0.22176612341461902,430.81546250885606
brz,3458,1601.82140779,0.32913350946721276,1584.550778676949
brz,2692,1485.16426952,0.32259789312035425,271.11735654344744
brz,1471,993.40183427,0.2829378435451772,1011.9699791702569
brz,2903,701.193347995,0.25303466355136667,615.5075712615368
brz,5752,466.424164438,0.2636428637687977,425.2829468671013
brz,5246,1217.37274738,,0.0
brz,4717,671.211816541,0.21461414557370698,672.7168676338945
brz,684,819.230821989,0.3764109980734216,813.5411315917968
brz,5209,898.085156484,0.20541532188594794,659.3237767836625
brz,2595,1044.19609029,0.32246982966076027,896.8254908543006
brz,2627,728.719274999,0.26533210531444873,728.035188443053
brz,680,616.586176311,0.29689296922842956,419.0684405158547
brz,3625,747.534687279,0.2568791308831946,224.05616613649858
brz,2730,1000.00602714,0.35491854425588604,580.1587720085593
brz,3506,663.579107329,0.21266478898054525,163.06578617469938
brz,5736,1038.8753417,0.24518077603095656,420.57986641678156
brz,1174,1316.45464113,0.2442151086022326,1317.0252600576362
brz,2873,942.142514578,0.2949921361954146,936.0700063368852
brz,5822,496.708928936,0.2592072634956273,167.23698398365696
brz,2615,1359.62481141,0.31493872691820957,1226.5636017743282
brz,2552,674.108689042,0.3266465456593969,371.8799114451689
brz,3819,683.174287103,0.3664134572778117,342.1326762479894
brz,4972,1919.95471985,0.21431255633377463,627.4002860574162
brz,1120,542.752848927,0.3229683296737217,549.4159007352941
brz,411,442.41491184,0.5294093639278299,440.22782114066337
brz,1422,508.191039695,0.348369351076206,499.70685128604663
brz,1669,5076.58174815,0.35751917747746254,5097.185580474255
brz,6311,3105.79444583,,0.0
brz,3171,654.484474291,0.3604956273371488,474.74728632908244
brz,617,509.899473062,0.3312877852242038,458.0600899191463
brz,1973,1808.53852911,0.21402052837648078,907.0590720382392
brz,2996,609.998042595,0.28610564099797786,478.92916738472735
brz,1086,1707.75735924,0.3258721548840748,1703.2272889081173
brz,1802,857.395019496,0.3221283449410157,757.5620817296644
brz,1620,656.175657971,0.34780502767615995,657.523573183546
brz,3099,658.212523847,0.3182809666920733,146.0406151266659
brz,3931,954.231077381,0.2507337852679299,92.40140219295726
brz,3716,716.396504841,0.3719790954668601,261.5010966581457
brz,5200,879.81387388,0.19083266223916845,279.54029005462047
brz,6093,1242.27107983,0.21671234163546402,841.0182237512926
brz,5483,1328.95433142,0.20259059049896685,93.70070561427697
brz,3038,946.684842464,0.31833450107794314,786.1580294739966
brz,6088,2530.42443931,0.21309023529966503,2252.3930568321075
brz,4510,2732.15168181,0.20933803915977478,0.5235019459443934
brz,43,818.359508702,0.49363550702868897,828.0887579824409
brz,4215,820.880031019,,0.0
brz,2571,594.143614666,0.30773441861333195,579.9279314527324
brz,4459,370.419708758,0.16202904472990734,53.6582010306564
brz,90,666.233580148,0.4288415873351581,652.8276987412398
brz,4941,352.063449232,0.2457891294629422,254.94138033997777
brz,2716,414.72861351,0.2248876985336976,318.4757456461589
brz,2667,657.7841611,0.24452741541901613,653.972355562098
brz,1856,663.184821543,0.2587755575608132,325.01097232594213
brz,212,1014.35851393,0.35470798984681257,952.9358831368241
brz,3388,595.824639762,0.26264289522319406,378.47460578469673
brz,4334,774.423865311,,0.0
brz,1184,2318.94211351,0.24686681791196405,1983.1078265321016
brz,1969,692.083412197,0.2762143735969854,681.4791906917796
brz,2885,3226.95695483,0.22796520671371504,2230.6217275881304
brz,436,803.519819688,0.46352166222234076,796.5119557100184
brz,4099,923.093271699,0.2106967444046135,928.4763378666895
brz,5294,334.679601437,0.20742559432983398,1.5704433665556066
brz,666,1315.69654591,0.36627533569291315,1271.5909953996247
brz,691,992.133076513,0.33486213210463334,988.2895013846603
brz,15,794.672873983,0.5485493662751074,774.4571435965744
brz,5837,370.836056439,0.2246377781725016,287.62924532422835
brz,2046,1082.49250796,0.3247602361291286,323.74106035419544
brz,2669,708.535696876,0.2863243147242797,719.1376627903359
brz,658,641.897890767,0.38418362295442765,607.4098713893517
brz,2542,727.163321967,0.3420700306167027,481.27655738381776
brz,3214,688.480007822,0.31206845033134634,91.34155411065794
brz,4071,2246.59765257,0.21535382604384984,1516.4088950961245
brz,4486,737.862777125,,0.0
brz,2863,1261.38487588,0.28554604456967386,1277.3172568826114
brz,4772,870.650977633,0.22055771566954077,512.248809634938
brz,5313,1157.60563257,,0.0
brz,1306,2968.14438745,0.2404885484945091,516.2039160634956
brz,565,864.560923595,0.3163061439490118,155.6526492249732
brz,4795,337.754425889,0.1947992415888884,151.02956641702093
brz,5803,1494.11979711,0.26529959938341874,1036.1094104841645
brz,1379,972.885216565,0.3172278682567299,736.4579808553059
brz,1377,1457.93912575,0.3028254315989917,1069.2348545149262
brz,244,733.430338924,0.3556921997819753,711.5079486323338
brz,548,1043.83260283,0.3349511518487483,1029.3780400294888
brz,5614,440.599577574,0.22339156720331846,417.4531043258368
brz,2821,691.277145173,0.26629880961926683,330.7688147750555
brz,3815,692.050401835,0.2849131304262598,381.9241273767808
brz,1944,1424.25602274,0.21245792654370116,197.32041248994716
brz,3409,1045.23595015,0.27555093863275315,588.9133973065545
brz,5636,613.393405697,0.22359792064452233,587.5700044818954
brz,1690,1408.90844016,0.4104437663675163,1351.5146109188304
brz,3836,870.217418674,0.3847782692704374,386.88968556722
brz,1213,660.139503932,0.25211702916440615,415.73480793074066
brz,2261,649.975933153,0.396482178329992,581.2737324134977
brz,1577,946.930188404,0.2903683853854492,882.51737389658
brz,3919,969.451101872,0.21984585507275303,573.2647736493279
brz,4979,1390.12360173,0.20872002924623942,687.0793975231695
brz,2434,615.035270726,0.3276272954430825,337.09601362639785
brz,350,360.701467483,0.4192834099205744,361.2337337119906
brz,4336,696.73615382,,0.0
brz,2074,2966.07180559,0.20499317270122755,375.57407154756424
brz,1303,671.730646912,0.29736165229084294,570.8816915773879
brz,795,2758.49295521,0.328013001854928,2627.9883731916834
brz,6210,325.749353634,0.20188447033440832,207.31327478745405
brz,585,1950.36894054,0.4671949906518532,1596.5640035292683
brz,609,2289.14690232,0.5599039852482699,2285.0895929972335
brz,518,378.360677948,0.4235100637782704,379.840600047392
brz,2233,1622.23974496,0.33657925748046685,432.8790604236079
brz,4346,838.025554022,0.21799767017364502,37.95310151343252
brz,2594,425.742066594,0.37813988180695846,428.91778055826825
brz,2941,420.722104047,0.3239289631974847,354.08022586598116
brz,1305,1943.53253803,0.22868861416095812,762.1382652731503
brz,2860,692.01401304,0.2595603476606453,704.4773993099437
brz,2205,1382.736059,0.2853758092441367,286.05823908787147
brz,394,762.187572124,0.6311077267645973,763.8058693081725
brz,5335,704.636037621,,0.0
brz,2859,613.97422609,0.2677190608298961,614.4555182961856
brz,5739,497.373551682,0.2528889720657058,352.00889312145756
brz,1704,1299.96840285,0.3299786849073261,929.4665733486999
brz,1263,955.947912779,0.29492175956045524,657.7248476813822
brz,3003,755.278499812,0.28363735989668576,665.0020759133732
brz,764,622.722104076,0.4816020557744046,603.7554344027649
brz,4378,696.864477305,0.20777530142535952,217.77841557521447
brz,5381,697.301451047,0.18898017704486847,29.576118798349416
brz,3630,941.173221086,0.25730583454881395,100.77377902760226
brz,2750,926.469088665,0.38443059279301833,180.03835709515738
brz,2259,725.268045447,0.4079398938310926,623.9345202876071
brz,5527,666.96478997,,0.0
brz,767,720.440353246,0.45193928229800107,716.2418434591855
brz,2109,656.208277856,0.31079540552420043,592.5275407978133
brz,5650,486.060837688,0.2165763762624921,468.2222716985965
brz,3966,611.585965969,0.2535902773137807,76.95916577507468
brz,3027,736.52170939,0.357342598046076,401.7107151106292
brz,2506,769.476313162,0.3272820566907342,105.99481874353746
brz,4469,1445.98449642,0.23448977492105255,862.4464578965133
brz,362,938.625540949,0.5539349864194448,921.5414010440602
brz,1733,535.07638635,0.36598978177019487,534.3415247300093
brz,400,334.895192669,0.5296615409906693,336.3851119695925
brz,1473,731.640643824,0.3110426184628731,723.9168242211434
brz,6058,850.562496682,,0.0
brz,5641,1968.58428067,0.18591120757702548,1393.9456285663682
brz,5112,571.386556307,0.18555200099945068,51.03790417839499
brz,2591,754.528778568,0.3272161231252026,574.9429198919559
brz,3462,647.487854617,0.2986840453890349,495.46936331356267
brz,2924,710.356628145,0.3242242501890205,713.9154328888537
brz,3794,1068.82467131,0.24255928481524847,69.36975561403762
brz,3797,679.578553777,0.24246288259926532,101.56828059776157
brz,2845,650.420933989,0.30141816159320717,651.8640395818973
brz,2766,790.920138597,0.3002179579846811,779.8322134279738
brz,3333,691.513415428,0.2980386663410845,699.6177176980411
brz,2709,602.515836927,0.30806847413598315,597.96364847819
brz,361,1039.28118622,0.49970886469398956,1036.1094531489355
brz,5730,246.101886558,0.23244657320210482,193.93305780747355
brz,3859,581.303589725,0.4184520238252067,307.31996346268
brz,2983,853.568431727,0.41924453568127423,847.9303356993432
brz,1394,397.890245344,0.42668271199963725,409.43830279181986
brz,3327,669.580504202,0.2974117046839128,338.16166953292554
brz,5945,392.433157803,0.24546526566147805,209.3922549977022
brz,1846,1844.99116416,0.25912606716156006,6.542007595885034
brz,4456,1771.38471527,0.215679573961076,45.28251821480546
brz,5092,585.07121829,0.22550724692455754,219.0732812320485
brz,4430,895.239700656,0.21819358663398675,218.03427970736638
brz,137,955.435592084,0.38067888906760616,896.8890134624406
brz,3634,862.047764361,0.28433157976880763,83.23695211971507
brz,2085,549.34652234,0.35717643934403553,552.2272807102578
brz,6073,1471.64104143,,0.0
brz,4751,796.710101451,0.21972804931522927,41.35770078172871
brz,4201,984.736163518,0.20051733208330053,29.83986271876915
brz,4712,505.525079681,0.20550546437065592,411.21895072787424
brz,33,703.95949998,0.5328456321565885,707.237356926413
brz,1999,876.895041997,0.2730293699870451,508.50214547549973
brz,4599,697.632604639,,0.0
brz,3086,1055.10947834,0.3033980437656614,758.4551333558326
brz,3002,648.248974158,0.34156369275312415,644.0652591181736
brz,5476,708.417867402,0.184751249021954,44.75654099408318
brz,2633,679.003442992,0.2367248914732734,672.3005669687308
brz,1179,319.108027859,0.39462320435198633,267.6443039838005
brz,3355,715.257068553,0.26833003643387093,87.42038239123775
brz,6048,3459.26439173,0.22350490246952662,1946.0508953318874
brz,6376,3223.73666279,,0.0
brz,1513,1402.7384637,0.271476804841155,655.116162887274
brz,1908,863.08617073,0.24652984001831202,547.98103389366
brz,352,513.258232072,0.4695975657586244,519.4879103118298
brz,1782,2912.52031529,0.3061598628908024,419.7324855131261
brz,4622,919.194444027,0.21095990652744653,755.1550580193015
brz,2694,1047.78274122,0.32328966338129034,483.87503126555805
brz,315,673.340484956,0.357469360544636,656.0090425379136
brz,467,1573.31501591,0.3728715143403025,1542.8256804223154
brz,1811,1067.9518078,0.2726786899382151,828.470527230057
brz,2429,813.646716633,0.40283243055215373,812.3775357713885
brz,6301,319.698925296,0.19254066342071735,142.9331107644474
brz,5635,439.488551395,0.21487971641938902,389.7078364054362
brz,4547,723.774090275,0.18642576498554103,24.605368730133655
brz,4358,781.722907075,0.23550087213516235,1.5704731660730697
brz,6295,1114.60376392,,0.0
brz,113,694.368259411,0.45223599033614825,683.4349322449926
brz,3272,913.538975556,0.29913830547068354,139.24120097440834
brz,4571,702.560717029,,0.0
brz,2136,2701.95500061,0.3024930670803112,215.38930466595818
brz,1794,468.485178213,0.3564503245014053,468.40446702545756
brz,5501,733.070718368,,0.0
brz,542,461.775947935,0.36704453575995655,162.1905082253849
brz,4377,729.04371674,0.21818313118676808,225.10691106459674
brz,4653,268.92619374,,0.0
brz,4605,1152.92582752,,0.0
brz,3320,611.629871849,0.26864829704390103,208.33951978496475
brz,4434,1075.79537625,0.19362904645027,123.02163097905176
brz,1130,338.129861492,0.3551953515226055,334.1010502235562
brz,3570,659.764808122,0.267980818079509,430.0460224525601
brz,5936,673.459539087,0.24169113238652548,58.891014099121094
brz,4907,1183.31223637,0.2421803092376214,129.0445499494964
brz,150,756.463162463,0.5961308834916808,748.5924745148303
brz,4744,502.326829068,0.20132534205913544,15.967278394512103
brz,282,370.760801579,0.4275425563588046,359.9275776283414
brz,4754,707.132930914,0.20494673826581564,491.84016361610566
brz,175,792.329159525,0.5234031347281439,805.3623672485352
brz,3297,429.291898736,0.3898883702031838,403.84632215312877
brz,3206,918.953758044,0.3912455757736493,468.480146520278
brz,2511,713.470187764,0.2969927857019899,555.3561944998946
brz,387,270.818973459,0.42289484012150025,269.94421063591454
brz,6384,5514.72646832,0.2026497584424521,109.43182615392348
brz,4652,854.122679275,,0.0
brz,4790,507.547239774,0.20794696057375697,158.09654065300435
brz,126,846.447863301,0.36967997349046655,811.0871197569604
brz,3746,600.670157554,0.3548922006449947,452.8667011634977
brz,1256,1952.63251185,0.305403185470526,1572.098542247099
brz,3283,694.766705343,0.35410033908971056,703.2701446832397
brz,5524,393.864776712,0.19063695764493363,64.64918147068397
brz,1133,308.569179984,0.3250311065350335,296.95070498597386
brz,5651,1632.00699149,0.20306761161758877,751.6675293567134
brz,3792,867.269171221,0.3200437556136992,627.9903981825883
brz,2006,1472.93247013,0.25728290614372495,564.7687974518421
brz,3031,813.134435587,0.3324607454820733,493.8298899631874
brz,5532,1441.11670836,,0.0
brz,240,628.680689295,0.36468718331052025,611.0565197813744
brz,1015,978.723222261,0.2927328871829169,256.3882506127451
brz,2066,1979.18936266,0.2833177706517211,142.6370507034601
brz,1772,1433.08619679,0.3000823635976874,890.4811844769645
brz,4376,656.961158513,,0.0
brz,364,490.078996839,0.45938345523475327,488.6266991409601
brz,18,766.356927645,0.5635698638484385,775.237916804295
brz,481,846.141054582,0.37483536090911157,796.0161201028262
brz,1588,2790.76269769,0.30884718689269924,1038.7176849963619
brz,1267,664.576521602,0.3057024925454008,553.3402458639706
brz,4254,728.792010663,0.19853241811059927,95.54041888667088
brz,739,290.976132027,0.49230700213435696,295.0743987139533
brz,4723,737.467270201,0.20892649936245847,478.7516111486098
brz,2242,3294.40605482,0.2478601744576315,260.4126822677313
brz,4674,678.298281098,0.19129180751348798,24.866257162655103
brz,813,304.44762084,0.4541520131584305,305.2868953929228
brz,1743,775.474324338,0.36241316425893766,634.3012004179112
brz,3887,950.794775677,0.2530744298547067,444.74876116584323
brz,751,569.497539021,0.4286589207720157,571.5752031214097
brz,4517,1221.67651892,0.19869535241762515,292.63573252360027
brz,4872,448.831448929,0.21994384282939616,264.10451687083525
brz,3660,681.027616173,0.29437557691885474,357.5598880244237
brz,579,1502.69765406,0.40248904610408154,891.0207729863185
brz,3396,675.588787947,0.27372271729858993,276.3981051875096
brz,153,779.144850875,0.37751841478683074,756.9575206382602
brz,6176,1975.72206332,0.21413068057557616,279.54957173665366
brz,657,968.827316707,0.5127982738704441,974.9420636345358
brz,2673,654.111331448,0.31121443016465394,225.32023037181182
brz,3266,595.588168966,0.4945755024655004,595.6972097957836
brz,842,494.214588685,0.42293238870618766,506.7291576011508
brz,1099,300.770882448,0.32045779989412626,272.87792950798485
brz,3932,1077.76705139,0.24776555656448124,132.97415071375232
brz,1402,1929.470758,0.24306322895765392,1408.5939495011874
brz,1895,300.146345658,,0.0
brz,5449,1061.29308243,0.17957111738871465,70.40698759789561
brz,3383,788.841858708,0.26266307510699316,709.8301661472696
brz,1381,733.129485297,0.318975508487919,538.9371616139132
brz,3230,1053.5979214,0.3602513266847765,590.9705284567441
brz,495,983.066497742,0.32939119607193124,915.0416897942036
brz,2890,1074.61208377,0.30680237965716045,802.0833983178233
brz,2739,1117.38144157,0.3457435888986823,1096.2010302674537
brz,6346,2199.82830001,0.21779179887872344,18.587405634861366
brz,3207,862.888667957,0.3997052322740229,740.9320199405445
brz,6114,5361.8234292,0.23180965249614657,1072.3856712790093
brz,1716,1184.51947212,0.4673377089932517,1134.8729441324872
brz,5723,296.813037589,0.3010792108131694,241.82684200511258
brz,6410,413.459736497,0.21145730175204197,77.23255621218215
brz,1360,559.033640129,0.36671585184023425,574.2603120990827
brz,5218,756.229624641,,0.0
brz,4705,212.144727883,0.22001472325885998,177.9940558938419
brz,5763,303.731635562,0.24667370320642237,305.678532110476
brz,4392,743.396939242,0.2192453780899877,42.14241724949257
brz,4227,1687.17611261,0.21225874632967953,252.32776740579044
brz,2549,671.546342055,0.3304760307391994,489.9086706423291
brz,4141,893.047794683,0.24616776014629163,29.840180520450367
brz,3014,626.675272668,0.32931852886181623,626.2595115811217
brz,1566,643.245519183,0.3665160138026511,642.58230342491
brz,854,353.519851088,0.4945086071520675,360.2304803287281
brz,1459,1239.95241263,0.35473071165816505,1236.162824922449
brz,3478,705.550363881,0.22470843673204785,137.9380091349284
brz,5849,137.024295968,0.266825960963282,137.14243711583754
brz,4063,449.618895162,0.2266266359122352,326.4227780809589
brz,2998,684.493853972,0.30444494362437097,685.6803739360734
brz,1188,331.63077772,0.3692920415697596,330.6943960750804
brz,809,661.942550871,0.39245763081238766,658.4482528985715
brz,3135,642.785867064,0.4207071869219002,301.2347271788354
brz,4466,2638.69688183,0.20115337329664773,188.71834229114006
brz,4143,967.991399992,0.21792240917881414,627.9534215291342
brz,72,802.251008623,0.43135143784622765,807.6877773210114
brz,1608,1530.07696271,0.37856818790644087,1494.51600745706
brz,3276,622.407856209,0.34237834483111673,228.2299920474782
brz,4986,711.774697955,0.22365460909881701,182.6952697753906
brz,4837,696.21021026,0.19922451862279392,181.13214587043313
brz,3813,751.339822253,0.3065835826924799,441.6093630921607
brz,374,574.045728492,0.39400899434238934,584.884276117063
brz,1831,1652.28369254,0.2196293360609152,667.8062579884248
brz,250,575.52815182,0.41690480046955697,563.9779437794405
brz,6218,1001.71391299,0.19860526218066957,343.1699351591222
brz,6425,635.896841138,0.21376303264825167,74.0915693993662
brz,312,550.810093244,0.3586765994793339,519.4750229779411
brz,190,774.571006276,0.4728226828989775,752.0193258547317
brz,2504,581.008671226,0.32951753925579924,366.9252303478765
brz,4200,785.414543385,0.20128987729549408,102.083766264074
brz,4922,753.034072448,0.2135187020149741,63.60568614286535
brz,6375,817.219853384,,0.0
brz,3664,440.097240836,0.2514799318267304,107.84441624061733
brz,2309,624.131004113,0.4404213390885666,516.3839547250785
brz,1952,1358.3194282,0.24237733601119507,499.85005053351915
brz,1053,1479.57144647,0.2757601028034857,456.2743789972044
brz,4210,1007.1478572,0.16927336156368256,63.6055954877068
brz,3799,1047.46544647,0.17815114578829624,277.4824139464135
brz,6115,354.026259766,0.232696938019887,345.24806222354664
brz,1649,2749.07548371,0.4205660851043692,2736.165873299393
brz,4880,580.950852682,0.2006049338569973,203.37773213106047
brz,1132,642.419675917,0.36801517869349176,219.50773563759
brz,236,521.532725133,0.29600942344667974,509.0361153995289
brz,4862,676.285715719,0.21869397879949684,95.79962759578929
brz,1432,438.864355837,0.3923059525366364,434.55932312011714
brz,2819,746.316384869,0.2808400389610553,40.03782845291437
brz,1054,397.794456464,0.34938075293885906,307.4106817806468
brz,1579,397.81895117,0.3641073090269378,397.6931404861749
brz,6066,1711.50176318,,0.0
brz,5735,1348.43046615,0.21217230371547494,467.9513192569508
brz,2452,749.951709666,0.3539487434783358,205.71304823931524
brz,3446,705.269907894,0.26199459188166835,653.5640997194777
brz,3090,1194.35613813,0.24236201976045904,817.0823112637388
brz,1929,996.904441064,0.25098514680554274,192.34468123492073
brz,2021,1341.22595494,0.2322878846538937,121.95694998946844
brz,5775,310.350774885,0.23997623278564417,301.2264333687576
brz,502,688.459558175,0.5445948421519102,607.9435858034619
brz,1812,1356.07369744,0.2748777250219921,1305.7768221387678
brz,1167,505.608010002,0.33091002109375867,287.792231092266
brz,3685,721.268151837,0.35698117361456716,221.97011048560046
brz,3071,703.431287313,0.34876874257933416,110.96775201535692
brz,4521,1527.22259189,0.1946894339492349,134.53988656436698
brz,2508,645.966512016,0.3590131606488207,431.04434060489433
brz,4648,500.695686544,0.20387413993792539,285.0437620275161
brz,1161,434.949908894,0.36069852835298616,365.23651224772135
brz,1946,1145.56173607,0.22348625720443577,174.03019205729163
brz,5988,544.267208907,0.23541720515294445,351.7803198421702
brz,3252,1039.86693209,0.30721971709784623,619.7625795551376
brz,553,347.957780611,0.31964235900238874,97.83781226663028
brz,1988,558.699418915,0.24010567573922528,471.33794893750957
brz,627,614.841883318,0.3395184527945963,435.0380010268268
brz,4069,806.579886832,0.19318148578916275,174.07530376957914
brz,2562,694.654069804,0.30545385557185545,425.00503234863277
brz,2053,1356.58487748,0.1969375700087837,284.22234541949103
brz,335,444.302641831,0.5010997213693941,439.1784564747529
brz,1417,517.803536476,0.3418881546375583,513.3162170410156
brz,2217,1524.70944424,0.27979249822728686,487.57822810154335
brz,5371,1593.44851994,,0.0
brz,4500,773.833963884,0.19470919493366692,40.047353048885576
brz,5690,1880.94053913,0.24762651377842348,1623.4525906731099
brz,3435,594.416592109,0.23899720692532006,425.8512188182158
brz,3712,408.996977271,0.28460886778812566,164.90978016572842
brz,3197,701.322021062,0.30858904145493404,544.8978485107423
brz,5847,435.790577985,0.2401511457930605,379.23458850337005
brz,1138,263.43443008,0.3522045717317097,248.81135023528452
brz,2361,562.176056758,0.26581883709015935,424.25910629571655
brz,2384,1000.57736479,0.2471751988079845,535.2277393715054
brz,1596,1932.76783312,0.3387037601074489,1721.3198850743904
brz,289,638.093320299,0.4620993067193663,642.1609898585899
brz,3461,726.078180637,0.31228295235167675,503.3209716796875
brz,575,632.915899957,0.34265772985261783,298.22505053351904
brz,3079,813.725694705,0.24960030417040246,794.5656759823071
brz,4178,702.286882874,0.275071331252486,138.9928587072036
brz,5401,2753.73868072,0.19643917579565104,502.00473794376154
brz,509,920.172487445,0.4770211370113273,925.5230752383959
brz,1223,274.996759522,0.3323407558075869,235.99035982618148
brz,1049,372.18014468,0.29657299791316494,369.9396617216222
brz,3745,858.115948841,0.1892572226711708,339.78295769784967
brz,6389,1120.6678675,,0.0
brz,5057,1846.27590479,0.2073348355633111,468.2548542695887
brz,2357,639.504018181,0.35426595668078925,642.5372079587451
brz,5309,896.007393015,,0.0
brz,4303,2281.69189517,,0.0
brz,4471,363.475678731,0.19758999347686768,1.3087253944546569
brz,6095,607.000648174,0.22611527803074338,210.97338223924822
brz,6244,2307.65404057,,0.0
brz,643,757.076837003,0.22065894693714103,283.3075496000402
brz,4276,673.553244422,0.21944953501224518,4.44974365234375
brz,3533,753.238892193,0.3346704744523571,32.45583944881663
brz,3102,1030.32688436,0.2791011054465111,36.90284558464499
brz,2961,732.629043648,0.3144259941072934,722.8253609451593
brz,4867,365.606367959,0.22580171844986488,366.7103535970052
brz,4064,730.846589254,0.21356885010367116,206.27231511134727
brz,1118,455.909305387,0.31792745511346665,272.87640093635116
brz,3378,730.114171581,0.27303858763438,425.31915073768766
brz,3958,573.853884047,0.24918101053603373,143.4476884131338
brz,1075,426.207019624,0.33294237168792223,301.13864210540174
brz,6008,718.067477666,0.2232851533136051,621.3825739243451
brz,2279,615.318162889,0.3547332897648081,464.81539222866877
brz,2656,1153.79211505,0.23429319262504578,45.79627317540786
brz,750,631.841963632,0.39199440013909514,633.5723168466604
brz,1706,1584.99249512,0.35900499570824934,1281.4163846184226
brz,421,215.835307516,0.4925531827919229,218.9386707380706
brz,1590,1025.54615731,0.3597959776178252,1008.6258426441864
brz,4781,1473.2130983,,0.0
brz,4273,845.585870129,,0.0
brz,6353,672.959403879,0.20944610750675202,65.44871416278914
brz,3852,1073.34521037,0.28821198179084023,410.9759028715245
brz,2478,681.374172821,0.27861581923414586,382.1081317078834
brz,2630,463.405110048,0.32031143215589347,574.1602849025352
brz,4320,1211.80835858,,0.0
brz,5386,284.686147881,0.19120714801256775,31.93140671673943
brz,1830,1857.88291281,0.23489424514492305,1558.5638558182059
brz,3063,693.84112665,0.3199412838641543,264.592290541705
brz,3791,709.111553248,0.34879481982202565,629.0378127154181
brz,835,445.427670793,0.4618228635441695,455.711705047009
brz,399,419.814687735,0.42432322338662004,417.73539485557404
brz,6329,1181.28134777,0.2150465869428566,101.83632318833294
brz,6294,1025.0333082,,0.0
brz,5715,1789.27430207,0.261229462156808,384.9845063751819
brz,6238,1383.51899286,0.2083752097622041,308.358557547775
brz,1529,1624.62747273,0.34531356017691844,1628.41208894019
brz,3628,730.644112836,,0.0
brz,5017,740.634774996,,0.0
brz,4455,1716.26371462,0.2169802936513235,105.74643315333947
brz,3357,622.943033624,0.2886236044963201,196.3029017728918
brz,2369,390.567777758,0.26576985291042377,372.4387397018133
brz,1478,959.117446592,0.38907761199913765,953.8769514495253
brz,3356,671.387070598,0.29837480282936335,40.83103099149817
brz,775,2478.39094211,0.3768774330114932,2473.9208012001186
brz,4935,830.329971274,0.23561040734922567,242.11756585813035
brz,5750,2184.14532851,0.232609320902951,2167.2639504526173
brz,2567,666.311275534,0.3148887343979292,426.04845949060774
brz,2199,269.595079901,0.2235983731122585,261.45568856632013
brz,6076,1646.47405531,0.25949174770410516,54.18197533102597
brz,1330,1465.56160696,0.2473621213292893,479.04257339776734
brz,2498,620.640200771,0.3254573887459774,307.515573090198
brz,5124,770.24723109,0.197018101811409,60.198037540211395
brz,4045,829.089493543,0.2058932857938332,52.876406261967674
brz,1507,1075.8569535,0.35149331196221223,1053.5723198086607
brz,5692,974.703978825,0.27919268959320986,599.601302801394
brz,3259,787.86209757,0.34713359781213715,600.4009372785979
brz,1051,214.954349591,0.3936769508764837,209.56214010201248
brz,2815,1611.38235262,0.20938978708343,197.57454789105586
brz,5839,1808.42658172,0.23165197946269137,523.1771294687309
brz,3210,764.81412303,0.3488311875684589,680.7407609827376
brz,4951,523.546693815,0.21559926454821673,379.006259394627
brz,743,1269.93027167,0.3230222294719806,1274.7228924021997
brz,1157,632.162510742,0.28908646589478976,363.407221177045
brz,1273,828.059580888,0.25972043672232953,188.63414554969938
brz,5128,811.35619038,0.20642490760687202,97.88779117359834
brz,4207,1032.70501214,,0.0
brz,5433,2405.38529351,0.1961435079574585,51.56110462861903
brz,6024,3314.19493758,0.20677035040146596,164.63987833658854
brz,4573,830.378189316,,0.0
brz,4479,630.73126629,0.1926078825687979,358.06881636077276
brz,852,1099.55067303,0.29429845640605157,1093.5070039337756
brz,2564,643.703515589,0.32357023519248446,642.7394316729376
brz,5206,734.644932908,0.2203034168377258,372.98122899672563
brz,5529,1032.09985336,,0.0
brz,4920,341.563554996,0.19087506956364736,43.45081051097197
brz,1333,329.882918759,0.3552884235978127,323.8967437744141
brz,2067,488.095750597,0.31193760464955506,311.9698100968903
brz,2977,1319.25322434,0.3476615640988101,1262.4552602730546
brz,26,1037.66923029,0.5270068215032818,1033.643442370845
brz,768,741.428559091,0.4049285110152301,737.1690073649087
brz,1195,1495.54611174,0.25664202949846177,992.6107219022863
brz,5154,754.687148848,0.19632157130817476,109.40724173153149
brz,1970,781.654847399,0.258240356088571,703.9833382999195
brz,758,698.782720385,0.42767132706770583,689.5577622058346
brz,5156,728.094776733,0.203103053733343,214.62621442009421
brz,4838,756.02033367,0.20003677455855218,295.5186290366977
brz,2457,306.010208349,0.3475562106259816,300.45795650108187
brz,4804,520.357768063,0.20346032083034515,19.631051456227024
brz,1610,2148.285902,0.37631825014804177,2155.9452493405806
brz,5398,503.589518865,0.18462472199024887,125.36981452493106
brz,3509,884.131880502,0.2340473008819812,101.03220304601332
brz,2359,369.529416376,0.3346512063770268,371.1288195740943
brz,2609,488.584076866,0.2871222369707702,465.82196481742113
brz,2152,750.382480343,0.19993079884614054,232.14285176595052
brz,287,955.888052353,0.3359413340308978,967.3015807806278
brz,4869,731.599315325,0.21081212521926596,258.6081224628523
brz,2753,1031.90657714,0.4238372945112867,834.7749950034946
brz,260,517.253407407,0.2858547474106472,522.1181022195254
brz,1943,1314.87699739,0.19862705300683559,150.4760300580193
brz,5093,1471.91777368,0.20603579854712573,333.4515543021407
brz,3128,768.993055978,0.2808507509509399,482.86530770694503
brz,522,501.702599935,0.41831444681583146,506.71898049747244
brz,476,845.256646493,0.4397189188652587,811.9681312411439
brz,2455,570.547911456,0.3280221495789663,475.81053861730237
brz,5990,1632.89015737,0.2642303110342326,99.7236348769244
brz,6135,1647.7843067,0.2696782822697047,226.67459683885764
brz,3184,1961.39650322,0.2943797138551044,333.1640745574353
brz,5545,2592.98751003,0.19487185577977875,60.98484230789484
brz,1048,615.16084771,0.27517804178020594,606.1875378776999
brz,2958,1254.4934963,0.2845869515994164,1247.0063716514437
brz,840,2895.15601138,0.44805664919529736,2900.9441183651193
brz,3085,752.942284347,0.3185609932469878,676.2749183205998
brz,3250,1251.68870826,0.35412521360727856,643.0572095683976
brz,1369,637.173113068,0.3770683677962915,660.8498244341681
brz,395,1051.33734645,0.6315132154460695,1053.6338810939415
brz,1653,1112.46216135,0.5033179838474675,1106.2966057571712
brz,833,479.967288127,0.4443746715253074,469.83753398820465
brz,2135,2173.30284148,0.27699519525204536,323.73860976275273
brz,3019,807.604538076,0.5361870299597569,817.0400732900579
brz,2250,865.069420161,0.3322112290535582,730.719969925226
brz,1523,1010.68584832,0.35057012753566497,999.6901249904259
brz,373,537.53177275,0.42398709240051685,528.9082769954906
brz,660,659.773582981,0.26649629745587894,656.5914432002049
brz,6235,520.1840442,0.21316281987392174,102.61188198912377
brz,6061,1699.98732327,0.23036601856539524,310.16475572773055
brz,4818,394.727887306,0.22156794121212503,377.44558204202093
brz,1521,707.100967716,0.31243221537993693,716.0845258525774
brz,953,437.252277187,0.3504725666910605,439.7743893492455
brz,4702,778.031077205,,0.0
brz,2107,684.75159543,0.2986613148088443,404.61390105602777
brz,1798,2298.69811089,0.20639259875759064,1213.4180299646714
brz,5940,2499.31725364,0.24675336300829392,1787.9291254380173
brz,437,1866.38799181,0.4310316677474203,1796.2795979518512
brz,5646,663.934300851,0.2224825765885098,557.4667322495404
brz,2631,826.209266932,0.23260280074500536,447.7618720858705
brz,3755,734.018211866,0.297132995440004,485.06202231014476
brz,3997,1680.71709981,0.213876338274462,258.8834698546167
brz,3938,879.316315797,0.28026225927444004,221.97392958098771
brz,1423,420.753935433,0.3637851269080721,417.29474998922905
brz,3975,856.249051632,0.22542316192853537,184.54386991613052
brz,2062,1064.80931002,0.2402722905928947,250.98719691856235
brz,5171,375.148942918,0.21097777456045147,366.42807560341026
brz,1358,2105.32554817,0.26536047905367216,2095.3459679996263
brz,1064,969.746427155,0.3159359170297834,969.5925383623908
brz,3496,693.830150148,0.2275482695969872,139.2474022659601
brz,2852,1069.85140595,0.26832079164081674,1084.707274911918
brz,3125,717.452724498,0.3004785394658599,625.2402033487955
brz,930,1756.36187352,0.3421743586875892,450.2330127192479
brz,3385,779.707580027,0.26388663046895183,648.3239418777766
brz,4497,691.157721775,0.19842198728460128,118.30954718496287
brz,1275,419.85322508,0.31257193659038457,415.2026108685661
brz,570,604.743596373,0.356464670629231,253.752774885589
brz,756,794.74079843,0.3855334730279453,789.4821658863741
brz,1141,237.40015012,0.3242177454219468,227.6203088199391
brz,3521,715.906947527,0.27393340750505,171.44230322744332
brz,5568,688.935678131,0.20983275404671747,675.7940616981656
brz,20,772.891202123,0.5298030768298774,755.8822654574526
brz,1842,1452.82151665,0.2957490782146572,127.6996332804362
brz,4539,714.953306419,0.190432992810754,197.3654155656403
brz,5540,270.617915235,0.21661428652623066,145.00251387053845
brz,2994,602.100673837,0.27832368723878037,515.8294433593751
brz,209,890.532891457,0.3582418696288135,893.027379952225
brz,5405,290.817494005,0.18739985642535834,109.40391010957606
brz,3231,993.507566214,0.3680883266999035,562.4423316805971
brz,2586,806.103753585,0.32389140074283895,789.7972600001915
brz,4335,849.145914109,,0.0
brz,4766,1056.75723341,0.1929665058851242,25.913704726275277
brz,5792,335.446777158,0.2743445645914403,292.32859332514744
brz,5422,716.71883596,0.1985321804037634,83.2304728788488
brz,1598,1662.55619868,0.3378944454585579,1166.6530303655884
brz,4235,728.806715217,,0.0
brz,2672,682.621389931,0.2783105760945806,586.1987867168351
brz,5894,338.522605874,0.2860714153056722,58.36611723058364
brz,4185,684.950283286,0.20915290279821913,14.396525962679993
brz,5129,771.434731065,0.2179301237328011,134.26873833151424
brz,3304,1075.01367643,0.3069149428374387,350.1899231555415
brz,687,286.806097511,0.44697140581975475,279.90172217873965
brz,1125,239.894672321,0.4054885374818163,242.52974853515624
brz,4224,806.850574202,0.19540887499271437,45.02102239272173
brz,2701,815.975476251,0.2998199663033672,800.7810417624081
brz,2607,736.104358132,0.2280154501231015,737.7290822047813
brz,6170,2060.79043727,0.2350631648416642,994.142498510024
brz,5942,300.210196361,0.23338342790337774,145.5270777085248
brz,1535,673.018634141,0.3663091032914572,597.8325386795342
brz,1226,400.859383455,0.29885989300748134,393.49157403684126
brz,2229,1312.65830492,0.3453424492939966,503.54078102859796
brz,2055,924.955296821,0.19912363575331526,260.40704181147555
brz,2649,807.569690186,0.2638130001723767,808.1173664167817
brz,2256,1258.355356,0.4136027919449619,526.8369821585861
brz,3387,740.325780702,0.2818926124207235,676.0707018683937
brz,3738,884.72617537,0.3210268865777819,468.83162743063536
brz,954,504.170294166,0.34438997650776826,504.654157481474
brz,4752,789.932411535,0.20679009537820875,135.85214969410615
brz,4668,754.371788935,0.2018234650525012,168.8282766903148
brz,3057,1158.05095842,0.2790738573355507,490.4461979585535
brz,5301,873.141571647,,0.0
brz,1209,354.783087876,0.3603552384331033,335.9345000023935
brz,1336,939.411872623,0.3283695815568833,454.188267846201
brz,2800,1053.77908961,0.33918800665075155,974.2760483685662
brz,4108,788.915659425,0.22441271585095435,226.9460664636949
brz,2759,1317.01958471,0.35291337056192196,1296.923478130266
brz,5123,703.419231669,,0.0
brz,2265,1319.88350938,0.330112691362028,433.9251543830423
brz,5334,1704.60898695,,0.0
brz,1727,383.750710062,0.49517995672190307,384.92154343548947
brz,121,819.279174643,0.480953037787465,800.8797060798195
brz,3719,784.334939829,0.34526015742152344,266.99897688323375
brz,2648,548.19180129,0.27124295324058406,542.7576283473595
brz,2912,722.499759756,0.3204642226122367,501.4118227491191
brz,5591,2012.76241119,0.19609385159906806,1760.3795277315025
brz,6185,1637.81553257,0.30785428190418557,249.97510782877603
brz,6143,1244.82127411,0.22061126997324298,476.9055399876015
brz,524,555.587415142,0.3883533044669376,548.8355439728381
brz,1553,1226.24334076,0.4180665343496608,1131.0374755859375
brz,1824,769.506600675,0.2905917232856154,125.60542701272405
brz,1540,1066.87495824,0.2840202405366506,788.5620925903319
brz,3845,679.898863365,0.33359357597340694,312.54981285544005
brz,816,2218.97130168,0.2467311779698157,2200.296381722244
brz,4618,651.145770731,0.21384983008081593,312.53191399667776
brz,4308,884.004008485,,0.0
brz,3110,658.29206146,0.29925193292251767,656.6577295639935
brz,2955,565.28484712,0.36886729273734103,563.7062128403608
brz,4096,1404.16298937,0.2187954791572163,460.43983279957496
brz,4154,1389.19327606,0.19817068675380742,1009.0751507628197
brz,1611,1322.80057017,0.35987792670201907,1277.6162135404697
brz,1534,1351.25628257,0.34162544231952696,471.9879372391047
brz,4677,1026.30138713,0.1831845227215025,35.33624581729664
brz,1989,852.902566791,0.24465031077111235,404.8640611835555
brz,4342,218.785166666,,0.0
brz,3862,589.464907539,0.3059752281921304,328.7847896800322
brz,2183,951.660259008,0.2616627036055783,207.01475839053884
brz,342,629.216833227,0.5264892045665136,626.4655026903339
brz,3451,952.69359778,0.24842975735040887,625.5533324896121
brz,93,1092.24712117,0.45377150092530233,1049.333005688237
brz,1583,863.512119925,0.3823891675702267,867.8594724468155
brz,5567,977.27934293,0.21163360472319603,896.9573126699411
brz,4889,280.547413159,0.21223213333222601,94.22988083783318
brz,641,1054.85322383,0.28966035648260585,1059.4525288002164
brz,3401,745.554806603,0.3150599495389245,575.825561762791
brz,3299,936.135558501,0.38558025868685886,913.1740395340265
brz,1418,3161.70028748,0.22120828247089122,3150.5505765129533
brz,563,669.590971055,0.2962829054258177,564.5327185238108
brz,3727,909.081070179,0.2503213882446289,37.694423540900736
brz,3365,2113.05450156,0.28749082305848,447.83623064826526
brz,4820,2140.81765419,0.22536781930741465,171.44774896958296
brz,206,767.045192019,0.30964202164894367,593.5182389801623
brz,6434,9022.67003917,0.2305620674928549,1201.707542778464
brz,5400,835.110830729,0.19924873750628408,308.5830304912492
brz,2340,706.743690659,0.33247484107404646,599.6036440681008
brz,5505,1457.81340605,,0.0
brz,595,804.373758048,0.32465336416409313,731.9600662829828
brz,5931,342.11527946,0.24142224604668824,300.9978926415537
brz,2072,1824.37640601,0.23078329956422658,171.95110204360063
brz,2545,777.188812726,0.3517354693274293,741.1451625150793
brz,5245,758.942939358,,0.0
brz,1225,757.638272396,0.2898653810922529,371.5140496048273
brz,946,310.447457417,0.3913317241201096,310.7972294526941
brz,2158,702.792068287,0.3596318490470497,673.9228861790077
brz,593,490.757411165,0.4025869346417177,327.52267195757696
brz,349,347.588769977,0.44475203946097747,346.32321852141735
brz,3772,983.717897382,0.30348823550802007,680.5976512235754
brz,4963,865.146928923,0.18165068533442438,142.6502996706495
brz,3089,394.901621086,0.26495457939974215,342.8494829364851
brz,3298,524.724719459,0.3850396562829712,436.82615921918085
brz,1933,898.282349253,0.18773379725322392,372.9132111493279
brz,3982,871.325761024,0.24979216954294914,243.17824012905942
brz,4103,1859.77819032,,0.0
brz,4861,1064.71190963,0.2244294841906854,146.57857049680223
brz,1580,450.163037138,0.365527590929285,450.5431435977711
brz,2007,1479.01274967,0.24978913102997366,576.5452576281978
brz,1500,479.40889699,0.40929910603407277,484.00755094640397
brz,3706,460.635124538,0.4079140463796984,311.496083427878
brz,2894,1177.89076499,0.2670687221628127,773.8216600006704
brz,709,269.464505425,0.507409752472281,265.5189027674058
brz,5797,424.191880757,0.27986399069505313,355.1403124341779
brz,3315,666.680098694,0.3824539718762883,499.38176960664634
brz,4659,878.102909556,,0.0
brz,1751,2072.61147019,0.30690379389596545,2064.3214384490366
brz,6358,466.06577561,0.1941301075269908,100.26779976639094
brz,5663,545.947545373,0.2380057580200699,504.3331834680894
brz,1202,368.0868436,0.33947428884347536,322.3274453256644
brz,648,708.986426417,0.3061816382165971,714.6715931312712
brz,6362,1212.56122548,0.18769212329432314,69.89993612252029
brz,5345,751.283138152,0.20295138491524586,146.05046512379366
brz,6057,1442.46296249,0.24477799271227993,45.28197449328852
brz,4625,609.343989607,0.18563524689725652,170.3999480303596
brz,2566,679.832423426,0.30266133709620413,608.455004463944
brz,6363,316.456058878,0.18637662152252574,26.441604823692174
brz,3834,774.607924499,0.3823048729563024,188.9945796592563
brz,2621,484.713254701,0.27660048143951493,476.0220421884574
brz,5437,2265.74272296,,0.0
brz,5155,660.00981413,0.19869061476277328,114.90348519717946
brz,3476,687.135169162,0.23878577793434216,165.94428289076862
brz,3189,977.133113585,0.30303164579514436,610.0602355657841
brz,2102,732.477683178,0.2626634949405514,504.3293387618719
brz,4749,780.665148548,0.21042741708298945,73.81563577090992
brz,2238,731.342802339,0.25573359432754633,668.1666804594153
brz,5904,482.901953421,0.2875476646321741,92.13029716342103
brz,1323,642.804017506,0.2523399111828165,546.811305775362
brz,3714,646.682309233,0.3641819049914678,215.95384359920726
brz,5875,696.073434659,0.24131129061383594,484.45918273925787
brz,2398,674.618063737,0.3062031584378674,645.4150285608629
brz,5360,2017.16313886,0.18988592914563843,336.0696212469363
brz,3534,751.98288527,0.3355196943582847,89.5152099609375
brz,3126,712.325938105,0.30232935510338493,328.714247191186
brz,4620,638.604961071,0.2170209424321969,546.0142932966644
brz,2076,1972.40693703,0.25732086514629493,861.0735740811218
brz,1302,855.830304308,0.3150481822526758,492.91429204005817
brz,1761,3002.78691847,0.3056809993871543,2044.4237629011564
brz,4050,991.57089111,0.2237995712407704,151.8227232390759
brz,5500,1208.89205132,,0.0
brz,1150,161.707850493,0.413834771960254,162.47408922980813
brz,5993,771.98835225,0.26869498265472286,415.90694535199333
brz,4058,611.415870768,0.2201082706451416,3.141196576286765
brz,4591,798.679948231,0.1974625975047986,151.55774572035844
brz,776,1461.21741823,0.48389110763470605,1439.8321437461705
brz,2116,606.8853331,0.29476321152810137,347.8234962912167
brz,1547,2838.09431526,0.3200930796497545,2831.873339006013
brz,1576,2630.58168566,0.24622731045194657,1859.233657777076
brz,3081,994.472743563,0.26526068037907996,586.2399151970358
brz,3025,919.805858969,0.30908192998558237,479.1741671693092
brz,3518,814.765113924,0.2221887350672542,26.436307570513556
brz,3082,552.236675769,0.31286739393716717,332.37812072155526
brz,6277,3991.49664981,0.208715537974394,130.36411414052927
brz,5983,1000.43341762,0.19989214885027665,361.46532871021947
brz,2856,1263.02698969,0.24807030606813948,1261.3614448098576
brz,2031,691.650270026,0.3709861383958439,401.7294532626283
brz,4876,1076.13855437,,0.0
brz,2201,717.720868817,0.2608910770022819,371.1157680137485
brz,947,199.422408239,0.39304079856464574,195.68721104042203
brz,4386,672.225617123,0.19841647148132324,21.72566848455691
brz,3113,676.197225976,0.4166838517255436,667.122930878284
brz,3012,880.93746147,0.20300441685122608,532.310418880687
brz,673,2678.12330619,0.39773719178240513,2656.6801825429884
brz,2474,692.019413764,0.2677503866852557,635.9765306360582
brz,4019,805.086050572,0.22125734042339082,183.49952628939758
brz,796,468.89390296,0.449627573514978,470.87204787310424
brz,2321,697.008780309,0.3923453050116117,625.518253251618
brz,3294,696.773232307,0.36578940178412256,542.8256240844727
brz,2626,1243.68714418,0.2319314016374173,565.2595325544769
brz,1460,557.434926394,0.3524870951202341,561.7031473197189
brz,4232,985.913740094,0.1928495273975555,218.56358636594285
brz,966,574.961849876,0.31317996325558184,572.9417316212374
brz,4379,709.199123914,0.21187066734233964,393.15366172042553
brz,978,1621.84506229,0.3679288267397125,1599.5303420122932
brz,5002,439.242264077,,0.0
brz,1127,682.08306545,0.3595957346403718,680.7592143339268
brz,604,1205.69383934,0.3243342466562225,1167.2469756481692
brz,5977,1357.96600799,0.20773048730355764,99.20087462780522
brz,2563,627.30144082,0.3021757602496608,599.821833262724
brz,4,793.450213039,0.5818617929967398,765.3067783729703
brz,3599,842.435043752,0.3508048904013826,391.58116727342787
brz,3629,936.208864448,,0.0
brz,266,471.959873037,0.28178406743073536,323.31408610624425
brz,5582,734.872736814,0.21129070103247913,392.85848029641545
brz,3915,655.45722655,0.24329927363521717,302.0766304464901
brz,3702,655.388716703,0.33633934070970156,505.45799030977133
brz,906,300.544216219,0.44066116073100875,304.7772475597905
brz,4188,1142.71017542,,0.0
brz,5932,160.316293182,0.2643477907226344,164.37119739008887
brz,2770,1032.19700227,0.3944260083270451,859.9159858554019
brz,5741,880.716205966,0.23717667563137923,612.1517365100337
brz,4580,621.912174741,,0.0
brz,2417,898.820749183,0.29790365093698107,376.8788070678711
brz,6147,794.111210029,0.24189839901353014,344.2017436308019
brz,5948,1865.86872621,0.2699828050216707,62.29444382611443
brz,2973,447.791378141,0.4367334622641112,443.0644779878505
brz,418,2088.59672379,0.3874099662704814,2093.1079685585173
brz,6343,966.715884196,0.20397905566535154,238.2327444039139
brz,1753,553.228833909,0.39737649703493094,560.7637914321002
brz,271,585.069148123,0.4117727283623304,580.705012811399
brz,1297,3478.89791979,0.2936872628093804,840.8861317054898
brz,3495,730.721175631,0.22364032620850974,120.6635389141008
brz,4726,509.946363964,0.21421034426738164,496.552966188917
brz,3914,891.862862464,0.311586095015553,421.962295741661
brz,2788,627.104298634,0.22887062624877133,204.90820940803079
brz,1720,448.990645452,0.5122999231895456,451.6473903581207
brz,1304,406.42637706,0.3270766303199128,396.1120590509153
brz,2974,342.146647198,0.40779031562534235,345.4484768437405
brz,5404,553.700299868,0.1929711401462555,9.160618052763098
brz,2014,496.42410089,0.25455350093818124,426.0634513705384
brz,6296,570.463611793,,0.0
brz,2962,619.623162209,0.26452300391536027,453.0093744614545
brz,81,817.930140193,0.4567943954275502,810.8160490148208
brz,3507,354.414421384,0.2021716010054096,72.50276528152764
brz,6127,1305.22436865,0.21537907780335352,488.16689997654333
brz,5149,739.360983723,0.21134415807289894,184.00171658385034
brz,3274,579.208128294,0.3346149514881005,201.27167268640855
brz,4481,648.16159146,0.1937840430350122,247.08965852026844
brz,3181,728.513794891,0.3776322441066012,213.55932545381432
brz,4891,398.739508554,0.25425091070857475,64.39054098690258
brz,925,1009.25430793,0.34350283396531295,542.8422332464479
brz,237,599.576843859,0.2975157691529127,592.743001242245
brz,1799,2235.53900977,0.20656667668732798,2218.019797710344
brz,4363,1170.66129588,0.2431958355295677,511.18973490397127
brz,2198,350.825427251,0.26471080926999657,248.36941725786997
brz,2034,458.774772309,0.29125512879802606,323.73981293322987
brz,2274,1514.97304943,0.37122862816283697,219.32001528272443
brz,4518,468.627708024,0.1892048716545105,28.00730608771829
brz,4747,806.352359587,0.1875500210635261,95.01787962072035
brz,6303,1009.9710649,0.1982785165309906,37.173141599168964
brz,1144,1554.56206937,0.27018637430433384,412.33404286702483
brz,1043,185.103401409,0.31168363653445447,181.5671864827474
brz,4543,1092.96489093,0.20314152538776398,0.7852774227366728
brz,2019,1384.24146684,0.21549006735446152,104.945607473336
brz,2271,1282.38235286,0.3144683326438045,320.8655613020355
brz,5067,712.466067709,0.16756279818493944,97.63011474609374
brz,5109,842.431231941,,0.0
brz,704,855.84271924,0.30592892912850866,721.9972457885742
brz,4898,626.048282189,0.22837174988324704,252.32779388427736
brz,4875,221.016629437,0.18025293946266174,3.664469221526501
brz,49,812.571620865,0.4334976263753043,691.2999079087202
brz,41,810.661590653,0.5400344445638642,793.8219269397214
brz,4400,704.626596428,0.20102816983693989,85.854798560049
brz,68,857.200699422,0.38747246389633466,852.1567484537759
brz,1763,1319.73669385,0.3188579365987172,1202.639628152286
brz,3328,486.41428027,0.28618892705629745,164.8932876586914
brz,5615,533.267201487,0.24020707857917292,424.7820244284238
brz,4730,1013.97570913,0.208732214874365,966.4046395993701
brz,2402,2682.65491369,0.2989145820263242,2607.603842881146
brz,5625,2307.63038455,,0.0
brz,5103,186.230473273,,0.0
brz,1561,1130.20607451,0.3350694420915267,887.2057807772765
brz,1894,372.053566995,0.2361663579940796,40.29995093252144
brz,2061,592.873233355,0.2604430208932209,561.646019041772
brz,2797,1091.18061579,0.3401573139617475,943.9255686142866
brz,5038,886.685443003,0.1960761725999005,80.87759372486788
brz,5356,2271.56925888,0.19839203217600146,30.6232131060432
brz,4106,809.035492164,0.2263719499070793,193.17959280575025
brz,4685,766.114375749,0.201456889503987,632.3972862991633
brz,6360,2172.47154601,,0.0
brz,4468,2449.47271662,0.22781389016233292,199.71082054586972
brz,1840,947.325330466,0.24288922788514303,311.6602769739487
brz,5387,276.357036078,0.18574108183383942,40.568520938648895
brz,720,233.563026915,0.5519533035246569,231.77179873597387
brz,2230,1240.38667739,0.35200357469909954,487.8375375485887
brz,1260,1425.65541154,0.29152219825087083,1112.163251241048
brz,2171,438.020535001,0.32197719447229906,436.80687961952367
brz,2773,737.955243496,0.30568108335921645,248.60713677499808
brz,5492,3823.23095892,,0.0
brz,5234,321.73484207,0.16079027950763702,2.0939462699142157
brz,318,595.847059102,0.4643880172577423,604.4808227239871
brz,5125,840.837368831,0.197018101811409,6.543264950022978
brz,4588,659.041716676,0.18769314140081403,39.78731396245021
brz,5965,1811.74463994,0.20204985492031927,271.686057954676
brz,3244,911.181332307,0.4112674889544075,518.9986694934321
brz,378,397.518250873,0.42782861465832556,396.80910004260494
brz,1139,261.706991923,0.34971621134051184,214.27653772690715
brz,4196,860.269842947,,0.0
brz,1315,502.469651838,0.31123954409285043,493.44063059488934
brz,1916,911.663297054,0.23833273351192474,5.757205619064032
brz,6113,1948.98270834,0.22136015570819711,137.9420949599322
brz,5766,1969.3510873,0.21522471738957516,606.3827995150697
brz,5034,560.845764973,0.19336155843099248,284.7727504655427
brz,4992,1276.23925847,0.2005918959904861,141.86241018257888
brz,3308,685.544461608,0.3070040266731218,305.69799415737975
brz,4204,851.11653376,,0.0
brz,3676,664.772460713,0.37131180090583715,221.9706817926145
brz,1572,523.10194536,0.3585173422755373,479.32423712038525
brz,1816,1097.52260121,0.28206746185115333,926.8669320200004
brz,3066,934.650910046,0.25556658841785246,674.1758423749138
brz,2523,653.044000226,0.3465242810985622,320.3318254358628
brz,2641,689.185648411,0.3215569766433002,678.5780865239163
brz,545,474.495417956,0.355139202988329,378.26825767965875
brz,1272,2291.37404139,0.23155130917320443,205.1167658188764
brz,3857,827.63249536,0.38893852393612355,673.5372148102405
brz,25,678.494147518,0.570891161822075,666.4304255766026
brz,4288,2015.55988051,,0.0
brz,1564,1957.16577191,0.3454896300051005,1973.0003376680263
brz,1671,429.419061085,0.476940181282839,419.70680503097236
brz,5827,602.926120939,0.200178860185238,68.04688651888978
brz,4415,716.897850658,0.19629851299173692,311.4778464223824
brz,384,364.259569168,0.5263418195166333,360.44762902353324
brz,1009,568.076949822,0.33659170333788263,417.8085926130707
brz,5958,722.200996081,0.24107558753240518,222.2177583582261
brz,960,384.271754606,0.37431432961342154,376.9878194173177
brz,982,1097.49251674,0.4191319200806212,1081.0122523887485
brz,1013,488.295630885,0.3239884816114365,460.7128105013978
brz,5189,771.645554951,0.18021911745607436,111.7625327315985
brz,3835,826.551688511,0.39508638116303096,465.15770164938544
brz,4073,676.038379399,0.2259565208906511,625.8835046805589
brz,70,845.573100801,0.4373312958604605,848.4906279919195
brz,5819,816.060883238,0.24174910404500416,202.56771518482884
brz,5517,2040.16396488,0.18728635594882864,295.2355774823357
brz,862,1372.10650378,0.46082872111495615,1374.752557732077
brz,2435,708.573698515,0.27634457261724904,230.31436561135683
brz,4627,715.502354533,0.18956709455438184,490.25885072595935
brz,3668,574.155950241,0.23701646201292242,96.06562571806066
brz,3779,777.628031672,0.3050466608956344,313.3347282858456
brz,3943,1100.74285684,0.3029988267252273,209.93407775280522
brz,566,1869.15974133,0.24890819760360597,242.7669038959578
brz,909,938.864907713,0.29704101458927473,927.4157198737647
brz,417,661.509595853,0.42688863562093204,664.9205516142003
brz,2248,739.516956668,0.3490618137275281,577.0902826645795
brz,198,710.471899937,0.42049035958812686,703.1116275862151
brz,4010,884.232535387,0.27541094878777495,136.90387624104818
brz,5079,520.785303446,0.21896274905411803,93.44088897705078
brz,4268,1796.98581279,,0.0
brz,2731,1054.83640548,0.38524207623550444,830.3324200798482
brz,404,441.981946275,0.4062614788582181,439.70413130217906
brz,5918,480.129689009,0.23122515260171492,186.87944437662762
brz,427,675.680616156,0.5328598984969934,661.7924738865272
brz,2512,660.126691798,0.31636504106510344,387.5976121491077
brz,1825,714.917703234,0.32015039281147284,42.91519781374463
brz,5601,1368.02645165,0.21660710871219635,10.99260846306296
brz,1024,729.811897172,0.34484137395318126,222.90192580877564
brz,3233,973.234598884,0.4032829104959518,523.1832760679956
brz,4242,447.165049891,0.20733982692530126,169.61780311734069
brz,3913,788.948251711,0.32811369699974585,477.7184473673503
brz,4068,997.214672326,0.20960509464025737,524.5793516271256
brz,3918,1038.31437511,0.21852839589716194,653.1044617596795
brz,6275,164.64945443,0.19828815939681557,70.94122643564262
brz,3860,964.789637575,0.3937677282364771,63.61042992086971
brz,994,2004.82114311,0.30709807918784854,2024.9852010390337
brz,6124,1049.23887031,0.2188632737893563,141.08425622079886
brz,2187,1723.87182493,0.21655535547223798,160.42992266486672
brz,2569,581.132480397,0.29986371110199833,418.4584582758884
brz,4048,602.322036253,0.19629144344200083,38.47932380227481
brz,6302,2567.56977002,,0.0
brz,4492,714.875819246,0.19345822984095967,282.94870611452586
brz,2073,1297.65141197,0.22810591314451767,260.67534508798633
brz,4645,739.34422033,0.18098456958425432,154.69411055620978
brz,86,769.092033089,0.37313771167115745,680.556545721316
brz,439,508.030324049,0.4005027871173857,416.1765005373487
brz,1126,599.0756696,0.2968197119651035,541.047135476505
brz,1774,591.9284734,0.43306092368034277,596.3607130162857
brz,3935,548.950906445,0.3086845003340774,279.2990237965303
brz,2078,1602.04265309,0.2646712069688593,362.7465843649472
brz,377,415.711960078,0.43964672730621035,412.24241865569473
brz,5670,1131.79123366,0.21515428015409913,1123.5639808205997
brz,5632,1071.30310902,0.2056675854031749,783.865920422124
brz,732,778.276453096,0.44718910239686904,779.5480224010989
brz,2284,1236.47052822,0.2225053751527673,264.3379302679324
brz,3381,749.332263714,0.2617173075405955,693.3398105696135
brz,4945,1872.30640778,0.21246056565998744,151.0276777080461
brz,3833,775.943735068,0.3872073661680898,114.3915480669807
brz,4748,1029.80108576,0.19513952027520406,96.32668011235256
brz,3689,773.215675169,0.4158899874082822,637.1177945903703
brz,6396,1941.07349009,0.21184587478637695,7.06868268181296
brz,6339,630.107615076,0.21529591982824758,74.61115085377412
brz,4689,1133.17440635,0.18539493986773165,436.8685282987707
brz,2416,823.312358278,0.34982378374928264,367.9808399873622
brz,255,3339.02559846,0.38668908387282985,3128.027546751733
brz,6324,1288.10288575,,0.0
brz,5838,1503.57310918,0.21625948788641192,884.0850773530848
brz,4092,605.769604379,0.2715289062458868,260.9790310429592
brz,5854,548.379942559,0.24503626515356347,256.22721677293964
brz,2556,702.228928017,0.33060592949108225,497.4955429974724
brz,2724,713.209322049,0.35407389370073755,434.4000188790115
brz,336,202.486812094,0.5550902329432736,205.3330114028033
brz,961,279.618681834,0.4512053436715439,282.02155411664177
brz,192,884.394794062,0.4919234814429956,897.9748343075023
brz,1346,765.056818838,0.32693462054839645,781.2127031513289
brz,2011,698.139673724,0.2933396558787408,326.3517266965379
brz,6313,405.542992258,,0.0
brz,4364,1142.71086751,0.2558086971983273,480.30476520014753
brz,4230,1358.68007268,0.21805300189529228,321.69297126321226
brz,259,710.980099841,0.3111497079575191,701.8254234762752
brz,4745,1037.79202077,0.2037625206740142,119.88533489750881
brz,3292,656.608771466,0.3513488637780514,535.4972478829179
brz,1033,2224.69039045,0.30041034612217543,2241.037425112256
brz,4663,376.13329086,0.19660766782231828,201.80751504337087
brz,1353,2680.68049002,0.3382079883549056,643.0654775282917
brz,4078,715.503156427,0.2208736177778592,71.7242052564434
brz,2150,433.519490196,0.3354782513998928,382.62887998094743
brz,409,698.90076711,0.5392566810153315,689.7661997178021
brz,556,672.62711374,0.46265590000277723,672.8291168811276
brz,4742,338.261569336,0.19813097463204313,136.11378897872626
brz,4477,868.194426861,0.21395458410537307,433.7104624131146
brz,5439,884.30705825,,0.0
brz,741,728.863646581,0.3596338708355853,736.6403960583257
brz,360,556.587446594,0.46700085191344426,564.4829351686964
brz,111,905.871785439,0.4414259851302791,914.3796068079333
brz,3692,658.96528898,0.3980636573589897,472.9950967826095
brz,3590,759.103021108,0.3688046740742434,205.73684728285843
brz,103,676.110685665,0.42827386329430633,682.9034001967487
brz,2661,699.281462387,0.29811471339393963,346.48104427562043
brz,3691,936.181720532,0.2893437962730726,235.58067635928882
brz,1488,318.440946636,0.3553652617490854,310.8132896872128
brz,2333,672.403500576,0.31476816245780725,593.3221325145048
brz,5089,769.538299454,0.1973393401438063,95.27237842036229
brz,2491,681.430538178,0.27946762096021227,438.63359237371714
brz,4505,1472.66491554,0.2051593590272402,1000.4022916307636
brz,2956,714.800665981,0.37117384961801014,697.434155363195
brz,1366,2454.42707018,0.31924257862598254,616.3743909349629
brz,2437,648.256346124,0.3515445485373531,485.2295249190985
brz,4267,1997.73786172,,0.0
brz,2395,818.298747641,0.36788104785546993,781.2449795592064
brz,717,176.590929048,0.43703806355348357,173.4358782599954
brz,5487,384.69091751,,0.0
brz,1070,2297.4182508,0.24058542488027965,1174.9813782635856
brz,5998,940.269920371,0.26251547312141527,293.67443452722887
brz,4495,751.052803004,0.21558104344110043,294.20246911142385
brz,6196,473.07731135,0.278542896194247,189.25033739875346
brz,3911,933.674975382,0.29679149471184346,99.99374365713082
brz,4351,712.698593931,0.1776963709195455,98.15457287956686
brz,3818,740.978589538,0.37052252308518424,451.81471620447496
brz,5463,565.391336526,,0.0
brz,6231,776.964641254,,0.0
brz,3789,748.162790516,0.3655673856502855,733.2210889030906
brz,2234,1167.19057371,0.28301704047676624,609.2768344056374
brz,3358,661.272475429,0.2958853345349002,63.60220277075673
brz,465,655.294110827,0.3347528651325795,630.6840384389839
brz,2822,552.60944696,0.3131856437481887,479.66818530512796
brz,3663,839.974771027,0.26746654510498047,192.13025758032705
brz,3159,996.310337769,0.41295033550847726,202.56457429773667
brz,317,975.569002877,0.412120948243186,975.3793322095684
brz,6028,467.593073855,0.2012335130176838,110.4562339034735
brz,6338,307.977987174,0.20789452482819434,255.77222412707758
brz,5403,1673.13234274,0.1929711401462555,5.758102776022518
brz,4761,697.188247652,0.20727295616702854,278.7683473474839
brz,2995,702.939067554,0.23533849203138119,466.10584318871594
brz,929,391.739054602,0.3878234645632206,397.9115965001723
brz,5876,2281.30183713,0.20359405039028122,1174.9039593565699
brz,3155,1078.31481309,0.3608286463609942,149.69881932875688
brz,3552,769.900716258,0.30969398954640265,168.56140558579386
brz,3891,807.543862958,0.31112613713228576,243.44621231976674
brz,4171,749.11630308,,0.0
brz,3809,880.799796987,0.37126198710069774,294.7570407044654
brz,1556,508.340275519,0.2856811750416489,498.9341474046894
brz,3285,729.226624552,0.33360297530081134,723.6824495502547
brz,2004,753.073394459,0.2959544395062151,403.29523821064066
brz,4042,1250.37910609,0.21646819066954007,395.5254164452646
brz,2175,737.651042157,0.3185447578555101,616.8655844295726
brz,1449,528.641011055,0.33731313559626347,544.4328441545075
brz,4086,429.078483371,0.24376928107003623,225.90306384516697
brz,1878,773.837364501,0.2585752508448213,102.31895243326822
brz,5623,196.008069124,0.2275589814820847,80.61217932607613
brz,1769,1287.50038642,0.3020591408534339,974.7358528585996
brz,144,815.857304135,0.5780779664212935,638.9971711401845
brz,3098,566.43297391,0.3296722870492427,220.63089285457838
brz,5624,4690.26598568,,0.0
brz,4913,501.537026165,0.22613152216637417,325.3575513054343
brz,505,662.953784202,0.4732297310323426,172.6524688421511
brz,1981,838.21922591,0.25867562374485187,620.2436402264764
brz,3359,680.059102943,0.2809813400911539,158.8746373494466
brz,3310,625.559257214,0.3464532155882229,308.05462930716726
brz,5352,1348.92710322,,0.0
brz,4382,991.051027931,0.19901805647844434,178.25530374564377
brz,376,533.98744793,0.4434300133417572,527.8598286946612
brz,3175,928.94770275,0.3538535165448561,221.4089588838465
brz,4786,198.233536366,0.20865668807107676,192.12417252484488
brz,5011,1527.52268373,0.20299431027574394,68.57543125526578
brz,3519,626.379456026,0.2565008986024903,272.213425729789
brz,268,412.794138427,0.28334857717886763,410.94209522920494
brz,498,926.553934125,0.36820475609908965,585.1803565231023
brz,1664,1226.08373485,0.4004588860341815,1230.3243782193053
brz,3062,676.089419037,0.2991865420905379,354.0978407018325
brz,345,440.46966426,0.3944268866185882,449.64400239832275
brz,5493,1354.82806757,,0.0
brz,6183,2399.22342224,0.22272596314383264,422.4665924670649
brz,3687,803.379853127,0.35249631028426326,228.7758276247511
brz,2891,958.616926388,0.24667537301264153,333.3944205190621
brz,4501,779.651706534,0.19833821058273315,50.25557789522059
brz,4746,1756.28995075,,0.0
brz,2833,685.744059853,0.3119973117170309,381.79813717112825
brz,4089,1116.12815959,0.22614173591136932,12.302955238491881
brz,3460,1538.47088788,0.31756293052674284,1336.1620891496245
brz,2400,897.41927332,0.30614071249679975,608.7763951918658
brz,459,228.926997377,0.44486667776358463,223.91626311657475
brz,2117,643.029625092,0.32902170360570987,646.4430269727521
brz,2162,1671.59455189,0.2754707378667131,334.21489682665054
brz,5233,582.716168708,0.18404307881574253,112.28762338675705
brz,547,2358.98842245,0.29258799142136177,1413.9216419294767
brz,2848,1090.28498935,0.2907412138491576,1008.5515039780558
brz,1645,862.552340986,0.43359247674197055,852.4758265177408
brz,3976,926.491321946,0.21534664004530912,259.9316981596105
brz,5236,381.16376947,,0.0
brz,4858,300.779227698,0.2204536079307613,288.97047226849725
brz,3780,849.303959266,0.3614808215377286,745.250673899931
brz,1329,898.850312224,0.2646844325385494,449.4802439670937
brz,1641,1494.25318059,0.3366746439603996,1507.6548576803768
brz,1258,1859.10112968,0.30955708252728725,1223.8743556003947
brz,937,3068.17077602,0.29904203166725324,3066.6582585054284
brz,3765,664.034897626,0.30954980547408983,325.90088608685664
brz,5506,708.001391513,,0.0
brz,1396,1124.61370751,0.3558344581544635,1122.1016171922872
brz,4435,426.101637752,0.18399553787409556,334.25311578488817
brz,3190,865.987347778,0.31377248314454903,581.5360786587584
brz,422,977.678215347,0.44171364844502137,973.325572533701
brz,2002,1022.84368882,0.24389507793691526,131.3786860148112
brz,5434,1769.85102187,,0.0
brz,1153,2085.43576892,0.26570587830142445,1180.4965417600147
brz,3017,624.187177406,0.4217467606699867,616.8343202777938
brz,1889,569.992497092,0.2399509537180132,78.2442939010321
brz,3443,1749.74527912,0.23527371253304444,1214.4657352522306
brz,4021,1138.57973982,0.22462131008208983,328.5190498501647
brz,5840,263.829144699,0.28847055628354984,259.6260062124215
brz,4349,768.491938365,0.21119750896602954,181.65122387455958
brz,688,1972.89045682,0.274072346561715,1731.7169669357002
brz,1373,739.019619676,0.35294918260743136,739.0795738369811
brz,6175,1030.78179207,0.22951547899934915,202.07216620351753
brz,5602,891.43405908,0.21939288690881012,160.17810417624082
brz,489,239.654709616,0.36361545572402604,235.69244851505056
brz,2363,1987.70747805,,0.0
brz,826,493.902461622,0.2904258104443044,492.3370337093577
brz,3775,495.007952747,0.3592862515850405,354.9563234217026
brz,5474,942.174939686,0.18170779008547772,271.15673534916897
brz,2456,420.444136957,0.32555846601764954,386.8258131139419
brz,6032,347.848235578,0.23959395634605277,274.5697889141008
brz,5168,1192.68299096,0.21786112635260835,219.3332160800111
brz,2466,600.976842436,0.32317386378265456,350.18413391113285
brz,1864,3496.17430588,0.22289289234109885,2786.9813825420306
brz,1112,391.474219086,0.30978831309116195,389.0370255713369
brz,663,1667.82246616,0.3139448471575061,1679.6791520660997
brz,6330,1319.39615167,0.19699918047948312,143.98506643257886
brz,6298,318.768183733,0.21301120519638062,3.6649383544921874
brz,4220,1229.39343503,0.19933523771052802,95.79941442153033
brz,6286,565.91493256,0.1884690702170552,261.2543264650831
brz,5551,1251.96901013,0.22040989422286397,518.2366741404813
brz,6029,1647.31781609,,0.0
brz,3023,1162.23516577,0.2973690550293078,820.4343827191519
brz,2763,659.950882719,0.3468692207902804,289.1646219889323
brz,2159,767.650088175,0.2920547027571742,753.4854042202818
brz,1958,812.621845749,0.2783833954306466,314.30640073290056
brz,5521,734.590989541,,0.0
brz,3291,694.538818578,0.3373505316233709,84.01494688146254
brz,4737,439.832551467,0.18801640153153623,350.75458332136566
brz,6344,2176.10264362,0.19487292040271167,185.08959168078852
brz,4008,840.671694508,0.2522134189293763,140.04481611064838
brz,3407,773.906807518,0.3369265251120663,127.99116934982
brz,4460,391.154037752,,0.0
brz,1817,2397.85794308,0.2982219401176661,1905.810077233408
brz,5796,937.410770489,0.2577894503939641,477.61956308402273
brz,4372,700.378415852,,0.0
brz,2691,1823.25684208,0.3163103878227148,143.93315782733993
brz,4312,651.903543788,0.21511947432178663,42.66607184316598
brz,133,761.804123139,0.524409417770524,768.4613017961091
brz,4091,466.547280552,0.28065007549065807,170.14706525615614
brz,5127,796.2808153,0.2096415506482619,63.077295819450825
brz,1470,1299.80278621,0.2680313148872972,1287.726505773208
brz,408,1805.33633454,0.4819595607676849,1803.2731906666477
brz,1960,1846.44586406,0.2819132810806264,440.18890650132124
brz,5733,838.570225362,0.20332387842508176,404.0955768660003
brz,5485,3415.63741041,,0.0
brz,754,904.087515028,0.38832113509945393,884.4355729046993
brz,2524,647.844724919,0.3226953336331126,382.0945208680395
brz,5065,829.533760856,0.18124625086784363,10.993141264073989
brz,4530,918.521130738,0.18728850781917572,2.879305461808747
brz,1622,3292.35614246,0.26160738348579426,3311.707755593693
brz,2138,650.167871696,0.22814178886775402,482.8602959127987
brz,2984,618.041202822,0.37959313288444024,621.2926085528204
brz,3212,863.038465685,0.26056607735568077,30.3599027745864
brz,6069,1996.35511887,0.22672767409063468,438.68647254495056
brz,83,775.138100855,0.41729741922833696,719.2696232515223
brz,3321,726.506648294,0.21542559239292666,192.11238660625384
brz,1095,447.847830979,0.3431399268406708,340.3793509689032
brz,167,734.786364548,0.5116353340745619,724.2693090700634
brz,3659,457.404756146,0.3429902708352251,464.09553922765394
brz,3782,667.305519387,0.3671390474262546,631.646474381989
brz,4476,703.500697414,0.18939151099969143,274.57263773001876
brz,304,1701.40776238,0.4928760000029295,1713.5220659143783
brz,1426,1466.14516199,0.23033498327299226,1364.6547989190794
brz,5717,1336.51037634,0.29327656773609656,241.0402712653665
brz,3225,1062.05842791,0.355892378276913,712.1494522094727
brz,4993,1045.18471447,0.18839469816161214,98.93715111227596
brz,3741,622.996028768,0.33447097364300393,500.2462500179515
brz,2163,607.685697514,0.264418184510128,520.8202017989813
brz,2954,724.710309034,0.377030519874263,705.809552749933
brz,599,579.806628956,0.28960387302296503,344.26400559369256
brz,6242,1118.2840404,0.2242795079946518,90.3089267506319
brz,5927,4201.87886032,0.23614091046284333,4235.37729590921
brz,3744,721.101988315,0.1972815840196099,440.3039988499062
brz,6187,1748.6412897,0.2589374480878605,311.48841693354586
brz,4443,150.033368091,,0.0
brz,696,285.969758346,0.4946260767840637,284.3501686245787
brz,1101,416.084386376,0.33977022982202465,418.6038751041188
brz,4783,148.004759422,0.2345398981078621,107.05550034466913
brz,185,886.801106666,0.5908871675606643,807.9909889370788
brz,2366,1553.16526609,0.2556053698062897,12.82466589235792
brz,6184,2149.73128141,0.2789150347703597,206.0000682456821
brz,1834,1077.6233943,0.25644594850836266,611.0211381800034
brz,5780,562.338167192,0.27975672313669636,339.9594212251551
brz,2041,698.858696962,0.2481460600740769,222.45764459348192
brz,4713,758.962302013,0.20950356716436172,487.3899906532437
brz,3010,688.332789153,0.37042653566253037,694.5676413741766
brz,3150,1270.28957036,0.2699456718810917,176.91788392908433
brz,3097,609.778164968,0.3280017964833573,294.1740281946519
brz,179,792.500368427,0.46264831558268965,800.9200065463197
brz,4300,730.018718075,0.23851980679252177,227.201617641075
brz,5333,2417.07629159,,0.0
brz,3602,1327.26020187,0.41468133011909386,19.107821026970356
brz,6152,2333.67189093,0.2311862813325222,446.28771963680487
brz,5445,2095.15839376,,0.0
brz,5430,625.847187293,,0.0
brz,3479,723.431795141,0.23526792159805177,285.03565503288723
brz,956,790.693247217,0.3183431309027892,798.1827204087202
brz,2200,436.92180482,0.22243753639990263,374.517907445571
brz,1447,516.089970013,0.34860611175108386,521.1502799838197
brz,2127,698.979023373,0.2631869913962628,451.1986074709425
brz,4909,624.148447862,0.25903459502629533,270.12909602744907
brz,5090,1043.71500563,0.20965587534332109,151.54567709530102
brz,2293,1196.49363063,0.2707941209218287,892.9973412008844
brz,4651,266.068270008,,0.0
brz,4339,530.913046675,,0.0
brz,2240,678.64990886,0.29973935901512855,334.73907853668806
brz,4868,764.7561612,0.2115905919003562,248.92366736916938
brz,1934,628.11953096,0.191367518054236,85.5739387960995
brz,339,395.153901053,0.5395452640409358,396.01846807143266
brz,5909,274.879739456,0.251263290643692,155.73220226811426
brz,1870,615.048787422,0.2283187586390674,135.81455847048292
brz,5719,1023.95186171,0.24358266465813735,478.93856308880976
brz,3309,602.199502093,0.3458885269414891,294.70600098254636
brz,2464,499.621887565,0.287739523607817,331.603146422143
brz,2219,1559.06368546,0.2954608561090774,499.8782444673426
brz,4357,778.643221817,0.20464475214632633,103.12778389126646
brz,6163,272.642521741,0.31600436113143865,275.100369531968
brz,3640,518.507035056,0.2522279526941491,151.03056362376498
brz,3513,643.189176357,0.2110926573757175,359.6347719080307
brz,972,1591.25727646,0.29299455151060233,1585.3899496639478
brz,1462,655.162295698,0.3401557855655492,656.4091378604662
brz,5458,835.309335724,,0.0
brz,601,1008.51464881,0.3084860560222731,1015.5201987771426
brz,4328,748.728191497,,0.0
brz,3896,924.968235989,0.25666688477913513,667.2475760665594
brz,4081,783.38967511,0.2376360912685809,126.43330984676585
brz,1786,766.602287454,0.3871490670541588,466.3112223905676
brz,3930,903.39356993,0.2557987100199649,24.86725302303539
brz,4333,765.22270726,,0.0
brz,4759,676.222505422,0.19998472391891842,350.75102518119064
brz,6430,2897.15838863,0.2578840885730937,306.8394402896656
brz,6352,1460.21463148,0.1913096010684967,60.99810581581265
brz,2780,1105.25434342,0.2992212439254439,1064.5699192121915
brz,4888,570.586074953,0.19991227950883136,220.9161859549728
brz,1481,1372.87418202,0.36687676617440734,1361.228318607106
brz,4704,375.633415619,0.20556263686713896,293.6905724918141
brz,3139,340.663376129,0.3931516805795222,318.768791737276
brz,1887,668.610426458,0.22913651597741236,168.00277153463927
brz,5451,1460.70384997,0.17779839038848877,2.8790961471258423
brz,1587,1331.7004355,0.33705697134231943,822.600134606455
brz,1691,906.467425477,0.4031346938671959,897.261886806114
brz,806,1529.95427564,0.4243943351402174,1544.2210802863624
brz,4061,751.641830295,0.21196613326889263,123.8159247304879
brz,3701,731.623725592,0.26651503469435694,515.6660802504596
brz,5966,4846.27880038,0.20593154374693262,399.1511654722924
brz,1614,1984.99026358,0.3663829035638556,1989.292910856359
brz,2993,684.221825272,0.29989581867808207,638.5702875174729
brz,5016,735.69262607,,0.0
brz,159,751.442723159,0.5415635311177797,754.3445975808537
brz,4989,746.95728972,0.2531544532411355,158.35260371787874
brz,814,433.646007846,0.5338006587710318,432.6848873362822
brz,1913,905.667436795,0.2207228672255128,68.82517996395336
brz,5121,613.578544059,0.21160359680652618,5.234620935776654
brz,1037,413.76759848,0.3189813049035783,421.213955000335
brz,4226,2088.10775698,0.22686081181598614,62.03487423167509
brz,2570,736.547415976,0.28543010692728743,740.3523038377949
brz,1724,2140.15245098,0.3221144625256954,2161.1379724539966
brz,5510,866.566391459,0.18902129474788182,183.47545809278301
brz,3989,1049.26271501,0.2711048086666133,114.38957393870635
brz,1269,1187.37809615,0.2832673609152722,299.8251402013442
brz,4851,1030.92717423,0.20413203636078983,680.2906171910904
brz,2299,1078.64128514,0.3044349835309715,549.360824914072
brz,55,739.992635312,0.4796448252233378,753.03245343975
brz,2688,542.225390938,0.32238841060842915,388.0971476536172
brz,5678,1905.41619441,0.2454189731099448,1911.0797458125096
brz,5275,1047.78287745,,0.0
brz,2207,2066.30699859,0.26603900236907857,405.14366152894263
brz,5810,396.080350776,0.25049645661770764,348.6004423253677
brz,5019,409.499652355,0.21931861037281666,82.18525851380592
brz,3264,623.959196863,0.3840342181389437,633.9067922853956
brz,4540,528.532273904,0.2245048720103044,91.87729043399585
brz,3162,1057.57539063,0.3092339708012824,337.0850089578068
brz,3326,663.742866004,0.2910962674441268,215.66949890735103
brz,4710,616.264458367,0.2014339922040636,120.14581334731157
brz,1322,1266.79327885,0.2333859337029593,742.2506452672623
brz,1634,1042.57439217,0.34812234038734624,1051.3142112283147
brz,462,295.379488165,0.44040481621473365,296.89885639863866
brz,2676,669.600090663,0.37039102816025504,661.829382503734
brz,3316,721.161337984,0.3693450910045056,503.57042361988744
brz,6240,1137.57924716,,0.0
brz,5190,421.092685858,0.1898361390809921,81.40087750004787
brz,2721,1061.11619709,0.27943635179150483,56.78609299005247
brz,127,828.035828816,0.42701617306677747,806.3799704757392
brz,1819,1027.4985363,0.2979041932528201,551.3568734860888
brz,6412,626.951774796,0.19767924114666155,177.50387339872475
brz,425,689.312518991,0.49944565851234046,665.713482725854
brz,1380,1748.20932355,0.2917281792783803,945.7508646048752
brz,6308,3537.87216117,0.18863132923674517,186.91316815544576
brz,1047,445.665527135,0.2918560341455822,445.2862530278224
brz,6002,418.627281836,0.29544461574217284,129.56301655488855
brz,290,557.378778657,0.35984212072911614,554.274001117781
brz,3369,546.067141313,0.3005019972895669,523.2120429244695
brz,812,406.430227609,0.32790036366128644,406.26537631165746
brz,6405,6572.21646163,,0.0
brz,1298,875.710172693,0.29167688577195106,718.442890810499
brz,5203,1171.10482311,0.2000932360252853,638.1283752441407
brz,1998,939.115083679,0.25798637607742925,380.00291927562034
brz,6212,377.078242891,0.1953642874639926,98.68352957332836
brz,1476,858.638573833,0.37196756100480205,858.3857889811196
brz,443,545.248808086,0.5145548908650847,554.2949228024951
brz,3053,1487.59459679,0.35002311578019174,381.8335184134689
brz,3325,797.941502537,0.24409905474698337,59.67555613798254
brz,4590,865.05155843,0.19469018121473272,179.04257803524243
brz,1147,1374.7030214,0.2391824705196763,597.5742029227463
brz,2787,800.273049835,0.19502740149640857,69.87301366469438
brz,2801,1120.20874215,0.314576495228294,1065.0822303023995
brz,4205,979.026607899,,0.0
brz,626,597.450121501,0.26176863944002615,608.4787003461053
brz,4930,394.397990521,0.23411878891511792,368.0197999842027
brz,5903,711.49051202,0.232801383651455,530.7958146936752
brz,4305,791.124556712,0.22314187324201018,547.3279684627756
brz,2952,697.8872912,0.36284703996605916,695.3383747474822
brz,2711,447.176470951,0.4005689061527618,449.58346659342453
brz,3235,919.960079183,0.3697816809899978,383.4240103029738
brz,35,763.891192301,0.5439218392540398,767.1353045295266
brz,5574,1180.3070992,0.23132667969470902,55.225979733934594
brz,3694,836.135466562,0.43880710138214957,94.23251567167395
brz,5528,399.094328286,,0.0
brz,4499,769.259430727,0.20250001081750413,63.34280595966414
brz,837,666.927069372,0.42400492442439697,674.9346528595569
brz,3865,1461.86370119,,0.0
brz,5164,616.344667729,0.20158182423975732,141.33732207055186
brz,4407,601.045189497,0.2061413067513659,309.1263479195389
brz,4884,902.683802889,0.24896721681810094,158.88125840729361
brz,2740,1094.35355106,0.2631124008502994,504.26549467198987
brz,5264,538.647073776,0.20090488112987356,61.510281162635955
brz,5446,859.183153051,0.1829080879688263,26.69698181152344
brz,590,344.48430389,0.35477170915242506,347.1443897322112
brz,2943,749.619445806,0.299555798986285,156.4970935297947
brz,2522,607.051813005,0.35258316209951,443.33573018990313
brz,5933,422.560409139,0.23340785671193323,174.31694443646597
brz,2458,357.419626545,0.2890909043494288,210.9490472830978
brz,4602,610.145228817,0.19530310362912298,116.48021458644493
brz,3221,846.477976531,0.355758655266263,607.9859246347465
brz,1660,1807.86362294,0.3778223911386072,1807.0066525029201
brz,695,229.102705419,0.533628491018962,231.24696451822916
brz,5142,1245.93038886,0.22649374362771163,169.60362713383694
brz,1,2767.09866557,0.533948434251464,1448.756653849284
brz,1881,1114.55122639,0.23485045556328674,225.83434137082568
brz,3109,864.764015938,0.24963498886941926,762.3951827105353
brz,635,577.415348808,0.3063290978091446,287.2322516048656
brz,3844,719.986909904,0.32895526429131783,409.1411174998564
brz,2499,728.69125591,0.27084014749014257,316.4144375071806
brz,1807,2903.17402413,0.24763286831227538,1718.4242027731507
brz,6272,615.549592048,,0.0
brz,3996,1411.31768145,0.2186033237325465,312.02037999770226
brz,5491,1402.66707225,0.18168389797210693,28.26709846047794
brz,5960,271.872387127,0.22749792960432413,170.65510388542623
brz,4330,739.141187873,,0.0
brz,4474,609.908302628,0.20405112382983354,62.03350985657936
brz,2966,711.793069413,0.30224936197763724,707.387972872865
brz,3993,1065.53908992,0.2761550747059487,77.48126938763787
brz,2843,1192.95894635,0.2487722078319501,1194.8690916771984
brz,205,786.543746529,0.35380653548140956,562.9128686942306
brz,4447,616.832320629,,0.0
brz,365,540.779116582,0.4844053581791017,538.8507283229454
brz,63,809.278421593,0.42735460562627064,774.4743225396849
brz,5450,1593.19817936,0.17830032329042475,74.85649982527191
brz,207,876.10153392,0.35325352581305774,859.2830016192266
brz,3527,566.862726226,0.24906790155411968,208.3474750294405
brz,4189,535.002879107,0.18835423925886632,99.7284308938419
brz,5182,350.903585764,0.2057877316263067,86.89624648748661
brz,4657,896.458248774,,0.0
brz,723,1435.63296959,0.4213520646257835,1438.7780896055933
brz,4431,846.996618042,0.23240305467055794,95.79903833725874
brz,5798,428.751867849,0.2651097126761262,423.1858244952033
brz,1739,1384.3369565,0.3187207934460685,572.2868516510608
brz,4163,877.910252638,0.22528579505833157,326.1495684156231
brz,5749,375.111633705,0.25905506421143487,374.5124447691675
brz,1979,912.136904872,0.2629993779420378,394.3899935853247
brz,958,901.477781465,0.2793485584659297,896.0271533741668
brz,5586,1655.33203823,0.20545346432730863,1597.081571601419
brz,4452,693.389755301,0.23550732518032516,134.27708264519185
brz,678,1096.78311282,0.2822345214004112,825.8386302574006
brz,2768,1069.1061562,0.3485458821188414,1018.7582546757718
brz,1308,1697.67128311,0.2869247907546447,405.00934762393723
brz,4822,739.284961216,0.22667421532873944,135.58786800608917
brz,5018,536.190147935,0.20565833151340485,36.90484538358801
brz,4696,546.87221714,0.20292323798744266,524.5570098876954
brz,2777,794.85108953,0.27496985052791956,107.03260866052963
brz,5612,375.574736429,0.21018473878054014,347.5726409612917
brz,1368,2603.73379233,0.30113908863913463,1769.841362717572
brz,3902,787.754784317,0.29191745817661285,6.2824012307559745
brz,4665,642.10978367,0.19202343892097076,317.238278018727
brz,497,747.480449437,0.37232245841394257,416.97632646747667
brz,2813,345.446568475,0.2561262249946594,25.383604730344285
brz,2317,1479.7080226,0.38650018361860833,635.9881878721948
brz,4948,200.33549258,0.30792349352546844,198.14175765093634
brz,275,599.772519999,0.425317354139366,604.7677936628753
brz,2469,716.672202016,0.3479878597619923,562.6998044182272
brz,952,476.504259093,0.3040156109145927,471.6922443165499
brz,311,406.118701807,0.37284980510108234,366.4575521132525
brz,5831,518.275283983,0.22405273612714166,411.683490558699
brz,2196,373.481441149,0.37453744829469554,365.3555378932579
brz,5781,568.100867173,0.24702291497349912,546.7093405929267
brz,5201,970.081207428,0.1862492779297615,35.073376105813416
brz,3054,1320.46254256,0.333959499354622,678.0893174414542
brz,1581,625.707310936,0.4117094810097567,619.8230890311447
brz,5788,455.051485799,0.2565233253016331,449.35651349834365
brz,2315,1143.44597038,0.378313001995549,596.4691236608169
brz,249,642.543038949,0.40199662189138097,647.9480776917702
brz,2664,635.443269283,0.27205663776196143,541.7042945413028
brz,993,806.532703105,0.3627907530389686,782.7822545070277
brz,145,802.610208917,0.5816068948289502,720.0843478632908
brz,846,359.425481,0.4551450740599979,361.01361125871244
brz,5195,715.361847418,0.2064720285067067,231.11699583764172
brz,1032,546.017828472,0.31982543013098164,542.0795443067364
brz,2500,682.987439588,0.2870064485697788,332.11728201473454
brz,1154,2827.3123015,0.24602314909908904,1611.4068479650161
brz,3341,643.406801086,0.28581205753054734,403.3309931437176
brz,200,676.889305886,0.31162030065161556,581.4812819237803
brz,3675,597.884327156,0.37777441335014594,258.0932775460038
brz,546,933.035413206,0.3210357996146937,632.2767289404777
brz,6130,1251.11421638,0.23610872711844713,199.71508403104895
brz,1129,547.976919289,0.32057043404109814,550.2083079618567
brz,2805,1062.15405501,0.3258435893983083,951.764659986309
brz,3853,1235.41589563,0.28694494469043536,255.22442267922796
brz,1770,974.151475796,0.31372862542016394,768.7997488582835
brz,3354,527.885898388,0.30025930344868623,410.9277372173234
brz,3007,764.94182033,0.4877785911588685,762.8743559893442
brz,5997,3202.54036972,0.25120866161779976,247.8690612792969
brz,5082,607.416669904,0.19098321084849776,315.919679439769
brz,1433,434.742309824,0.4206504020554719,444.23928470985567
brz,2415,659.081979896,0.34198026616691835,484.44784016328697
brz,4502,1233.15496166,0.19933994072146136,138.46462067248774
brz,5758,397.458359799,0.2623186648555573,399.63244975968905
brz,3050,1192.48481645,0.3700644300854308,558.4854714487112
brz,3481,761.351871389,0.25312567014118725,296.02916463216144
brz,1203,506.339739877,0.33099118649622816,324.15871985940373
brz,5131,1551.35670157,0.26104216522959817,130.34297730688957
brz,3598,1368.93739963,0.2893806695775167,478.7471848431756
brz,3393,616.732655924,0.22077576682812808,468.2543579101563
brz,4490,688.117623066,,0.0
brz,3058,1219.85454984,0.2665263858309954,715.2575925939223
brz,5443,239.303295851,,0.0
brz,2953,546.194366681,0.3720438020878565,563.1815751318838
brz,1820,1218.94210922,0.2835605216832629,789.2229856603286
brz,5247,529.7861056,,0.0
brz,3340,865.694457889,0.25569219606152915,585.4958755493165
brz,707,3367.30723312,0.38919725912433123,3365.1628547219666
brz,5762,409.105555767,0.2955156787653123,405.65155373367605
brz,1491,4734.71497165,0.30796835513574405,4725.832915122835
brz,2088,650.485116268,0.30794100083951,465.5961187923656
brz,354,465.222323523,0.4319243527396493,462.20209045410166
brz,4494,650.391941294,0.22702177634542706,511.9756451176662
brz,4773,867.108050807,0.2063460652644818,51.0416161032284
brz,3484,616.957992294,0.23588637270263793,76.16663387522978
brz,176,780.777142419,0.5073597555509722,776.8528982424269
brz,1968,912.588090017,0.2637712295049603,539.111293299058
brz,480,854.469870312,0.36354958529586917,871.090354799757
brz,4560,938.013563157,,0.0
brz,355,534.739957599,0.46631301346320464,541.4603145823759
brz,5364,873.122321313,0.18889602499359892,200.48857406915403
brz,3348,426.847504336,0.29276685324999,425.32070833093985
brz,2617,1562.04787521,0.25605073372966475,586.1959703632431
brz,1837,1246.86236906,0.24064613545828675,270.5767416860544
brz,1050,238.661326663,0.3419916072071524,235.98666669060202
brz,381,340.575225063,0.43614924805504934,344.2309685800591
brz,2639,675.031232718,0.33585515717246045,681.9791485655542
brz,2329,705.567532989,0.3509070179196595,559.8231514425838
brz,368,578.529653258,0.5549083142205906,584.6286852967505
brz,4701,2414.91002623,0.202450834100063,17.014172123927693
brz,3604,919.646835609,0.41607290932110375,18.322568108053765
brz,539,353.383468212,0.35909141322439797,314.4415405273437
brz,4690,598.601715198,0.1999532844985032,548.6339498781691
brz,3594,734.638576692,0.369820773601532,4.188037109375
brz,3766,752.260189558,0.31372180056318116,319.61854020661
brz,5621,227.716802131,0.22428568518372258,163.05640127144608
brz,4388,670.175417695,0.18355127195677448,64.91513911228554
brz,3884,947.264268317,0.2859546970785333,69.89297682818244
brz,2864,500.381920362,0.2700418448307105,442.26014670577706
brz,785,339.23090158,0.5228232408624999,336.93604499966494
brz,2407,725.511064099,0.3067582830340344,637.8250031714346
brz,4191,935.236894241,0.22531957924365997,61.77387216605392
brz,4347,779.736015934,0.2239992498659765,135.32237991632198
brz,47,850.383980243,0.4120844661659021,808.2166401582606
brz,4647,773.115428612,0.20451120282839805,134.8005522185681
brz,3455,1875.62505966,0.27027745698960526,1346.8993049771177
brz,1839,592.324262317,0.22121701654929515,351.1741159476486
brz,1668,1303.57174551,0.35520811692312226,1281.61436659869
brz,3798,673.401805276,0.18734924277562776,23.29798619887408
brz,6251,116.989873801,0.21663896704172073,110.46573695762484
brz,3311,513.224935391,0.35372971242349066,378.7219509049958
brz,2419,614.160060555,0.2974200008845911,611.6422049129711
brz,3390,836.690572237,0.2739942603877612,109.9306609209846
brz,5349,1853.45458958,,0.0
brz,5952,1130.24928446,0.2256648782802665,120.4017567653282
brz,3191,1263.57882566,0.27800577001481985,911.5638465432559
brz,4243,545.785692493,,0.0
brz,67,824.374952795,0.3719891453055061,739.1615025838219
brz,3548,612.09901929,0.35501248356368814,518.2462889727424
brz,5562,644.611655453,0.20637767802512225,485.5141577627144
brz,5221,541.109669256,0.2138579771902322,302.57026157753137
brz,5880,608.690899713,0.25189957384542294,558.2665203318876
brz,1210,213.439270576,0.38025876336459885,206.68884106804342
brz,3984,694.165532072,0.2634558886834345,343.6947472665824
brz,4385,696.693978538,0.20178291006623028,56.01557898427926
brz,5617,573.163393508,0.2262451310250839,140.80930343328737
brz,3265,645.440922762,0.38714664770058554,648.0414295570523
brz,807,1482.40978356,0.4083387540045623,1456.850547042547
brz,5691,1356.89122798,0.25930900184457734,1066.7746295704562
brz,746,812.569906363,0.4087331872885346,797.84530879002
brz,4181,551.648813153,0.2235153165241865,512.256333654067
brz,3469,1045.63180543,0.2767527331007077,868.1922421623678
brz,4464,348.490912286,0.1742923416953156,180.605297313017
brz,1445,591.975683993,0.3023533970948251,610.1038431504192
brz,512,1323.99208123,0.40209823666320543,1241.8020830042221
brz,3457,953.351849951,0.31643582631501443,910.0614243451288
brz,967,591.522523781,0.33751190615297977,579.2202266917509
brz,3060,1031.09206059,0.26463602083706206,732.0101336310893
brz,5806,248.901760862,0.2836215027872427,254.38407000373394
brz,1450,1292.31844353,0.31870970644026314,831.166416123334
brz,2141,2375.24306848,0.23633753848307334,242.60728050680723
brz,2547,600.246705216,0.34357939569697504,523.6696604709999
brz,4127,933.505644355,0.2326392738651189,263.8517132029814
brz,3447,648.689577604,0.25404458721675494,211.48538378547218
brz,1905,935.826681588,0.19816681742668152,1.0467610677083332
brz,3661,1176.12958916,0.2689591511439082,229.82263025022021
brz,210,924.103200735,0.36262122270528696,855.361500010771
brz,5467,474.396915427,0.1808236837387085,32.97856804342831
brz,6254,815.794904588,0.1942424178123474,23.297327767166436
brz,2625,867.158882593,0.23334305839879174,32.97346747903263
brz,551,657.571817736,0.4444944660728776,574.2054847567689
brz,1865,1166.2201757,0.2612540341804549,964.5842048495424
brz,2643,634.400673107,0.2767537722190549,634.8770951813342
brz,2915,581.652413365,0.2505329503865621,372.3967063155829
brz,5251,1599.73849983,,0.0
brz,5518,1958.67466105,0.17198753748512402,184.2609389959597
brz,3838,834.217514035,0.3722293750634269,428.77224483116004
brz,5161,501.962473537,0.1826810406446457,65.43432452631932
brz,4393,740.199810658,0.2093318580599318,246.31054801192937
brz,528,830.960295248,0.37991068613248047,754.1974949556238
brz,1362,396.687632334,0.3914372961780333,399.49548241110415
brz,5951,515.481798705,0.24401010351927102,192.380428089815
brz,3013,1308.26845493,0.21401734660352512,954.1784267949124
brz,5118,756.022659736,0.19577650725841522,46.326474717084096
brz,1467,353.956255841,0.36100573510553796,363.3957883947036
brz,5113,709.904822036,,0.0
brz,4228,927.152717731,0.21236961450243405,333.20926100787
brz,1930,959.143610837,0.2436366470257441,196.27027175005745
brz,899,591.490498885,0.36636638758946594,596.7303819244984
brz,2789,661.456919017,0.24172474429460947,485.7071862613454
brz,1914,823.139528165,0.23833273351192474,20.15021966672411
brz,203,1393.14557983,0.36725897750405373,1066.4402608834062
brz,6257,981.098989618,0.19193939864635468,11.517860322840074
brz,4137,1085.20532898,0.22902488586523218,457.2901075176164
brz,2023,930.776721429,0.2605351714642493,119.07833745619831
brz,3153,503.225588013,0.3817958014664457,399.3726757273954
brz,2106,688.104425567,0.25793048476195113,497.7858102237478
brz,3951,1224.47965697,0.19900519616347698,570.1231363932291
brz,3670,601.137809208,0.21744217376660382,243.9599598005706
brz,740,1486.48411125,0.3154145459759073,1473.5312523935359
brz,5818,706.387310027,0.29874367473399105,214.3447968426873
brz,321,619.204255604,0.5052443034292239,610.2353729248047
brz,5913,572.616405012,0.23233719170093536,2.8791014129040287
brz,183,804.591147009,0.55688663909094,798.5706114825081
brz,534,200.361212195,0.4456095125486133,194.63060356588923
brz,2441,792.539421336,0.261011081380826,345.4692762487075
brz,432,758.72277474,0.3994686736436175,776.1060797298657
brz,1841,1389.11593487,0.24918524552455718,216.93211514342065
brz,581,659.672312267,0.4493549130473548,660.810546875
brz,2747,620.019548644,0.3355099415845618,187.6269121955423
brz,5656,1000.88604163,0.22678614324885202,399.90955514346854
brz,3488,839.510118981,0.21636349990450102,22.771428815056296
brz,5008,388.401170381,0.22528456722355078,133.22456470564302
brz,3499,644.095267287,0.22155237197875977,1.3087164186963849
brz,1227,258.902852546,0.35151580629202833,265.031854577158
brz,2047,969.602099223,0.302218051535945,352.26786119049666
brz,1361,286.467179452,0.43058142782838066,276.2723300709444
brz,2585,1332.39669753,0.2886161128622655,454.04136696609794
brz,6003,1484.13081677,0.24351610344345287,46.328640657312725
brz,3690,934.957839315,0.3268545198298636,109.93772888183594
brz,3864,680.804843605,0.264118677710157,65.70476771335976
brz,32,742.467908787,0.5349799950158268,739.1455201990464
brz,2001,756.528104498,0.23835252319582428,463.7498372096641
brz,5841,556.019938221,0.25368890731107624,412.20928305831615
brz,3827,974.237631167,0.29208431984893435,249.7256196863511
brz,3843,757.79722896,0.3277443855799532,154.96563627953623
brz,6420,2200.28778701,0.21428214263286313,143.73192973417395
brz,6015,485.657709075,0.19639337908291649,73.81173885569852
brz,1781,1528.5808084,0.3315686065971462,400.36736252728633
brz,24,683.865384954,0.5764350606266787,680.2950133678959
brz,5184,677.534906062,0.19415911852230883,244.98502577239393
brz,781,648.8774649,0.47634468806457225,658.9607040106082
brz,5004,1153.82146549,0.20648179749647777,133.4856378891889
brz,5060,1032.48503756,0.2214077867573365,334.7667543299058
brz,2934,724.615745279,0.2784076821610654,629.1222465664733
brz,1629,1008.05984275,0.3602264380152234,999.2454065061083
brz,2565,688.84706479,0.3050561964327147,633.3174473482019
brz,1975,811.209477731,0.2270635400004316,105.72846177045037
brz,4423,436.863823823,0.18460631370544434,29.577041775572532
brz,525,647.189520855,0.4103739694149079,652.6929325178559
brz,4313,676.738520648,0.18356552987825125,67.00960759181602
brz,5826,2998.16096836,0.1950876948817464,77.99133519191368
brz,398,571.143664949,0.5322823060838054,572.8507722443226
brz,2928,674.641003972,0.29059317469549406,657.3832354377298
brz,2381,1173.18755369,0.31301366453569884,655.10125319537
brz,3475,649.440355925,0.22721827585396412,313.3048992381376
brz,1295,644.294815577,0.3398817637301701,588.4067879770317
brz,2723,654.357360343,0.3317661629563354,434.4001490275065
brz,1060,459.856848716,0.33256824421771997,225.52242476519416
brz,4706,257.871310725,0.20022228252328741,256.78218102548635
brz,4828,703.406348283,0.19500403913759418,162.28555163215188
brz,3589,773.895740368,0.3585842547986818,301.0140470616958
brz,5830,566.208675956,0.2271852932992529,207.54305300245096
brz,5276,847.355160358,,0.0
brz,3965,733.857787279,0.2553081214427948,9.685339505064722
brz,5984,799.577936796,0.2057511466098767,266.9764233757468
brz,2050,917.933352538,0.2426914485457494,446.4847799862132
brz,4311,696.86863225,0.2577138841152191,12.56424201516544
brz,4426,716.031673901,,0.0
brz,4980,2010.16399036,0.2111377272754908,188.45467619054457
brz,1780,1145.84690747,0.31630524579179103,687.9493220011395
brz,5231,1175.70402625,0.18346396808730622,352.0421102187213
brz,3631,648.643926482,0.2776105585270849,195.26585513844205
brz,6399,1163.95998842,0.20560377492576606,135.09067140467027
brz,1347,876.48037548,0.32061575264270975,864.1462785309435
brz,3558,710.271267382,0.2458685576181694,265.66986451990465
brz,2618,1234.75403179,0.26393946980578115,505.33194933124616
brz,6390,651.998019061,,0.0
brz,2878,725.966068587,0.2435077979010277,715.1976758769914
brz,5685,539.114210435,0.217702244041544,34.54670335358264
brz,6288,1047.44331213,0.19537131805353758,537.6922594257429
brz,985,2271.83161666,0.4504883994673723,2262.2463658949905
brz,5970,916.597755921,0.2140063211568422,221.43309182559744
brz,3854,684.676762745,0.3637352493567589,274.07303637336287
brz,4632,563.664809198,0.19020747152542825,51.82638253604665
brz,788,363.6054863,0.5362649302542423,364.9253975363339
brz,4448,488.688152087,0.18799530714750293,6.2819896922392005
brz,5084,521.713616281,0.18898858808443247,248.91352269789752
brz,6146,1130.9194951,0.23273499988246962,548.628026266659
brz,2496,736.087939954,0.32127624074902794,712.1246432136087
brz,1935,1185.64413572,0.21914210091761457,64.37703480440027
brz,248,895.940945672,0.45075772568618416,892.5324042226755
brz,802,365.881510042,0.5967112204687189,358.12726314769066
brz,3375,645.645091062,0.2800445942002274,203.62982898786956
brz,1985,834.861331754,0.24806223868545707,822.0252494363224
brz,4341,288.996281824,,0.0
brz,5599,392.993994196,0.2073543413188951,151.802672143076
brz,4886,425.193104821,0.2168605729130101,212.54014787860945
brz,3427,808.405568603,0.284967206158788,765.8593332328048
brz,217,773.752867256,0.421156644971532,777.67834741929
brz,208,691.98195918,0.3634722946490697,679.3180377436619
brz,5228,800.735201906,0.19887807581724076,291.8400950712316
brz,3287,770.806723111,0.3119195628790084,627.625746424058
brz,5716,206.915487372,0.27540356127645793,203.61536198036342
brz,4261,1551.89116745,0.23413516875232723,567.4769163243913
brz,2990,642.170427264,0.2478540741382099,500.9098171458525
brz,1525,2586.04570945,0.3536587245589079,2587.5405052035458
brz,1568,890.894829042,0.3336861732819275,585.2846600700826
brz,3639,752.147889016,0.264608766944682,63.86743442311006
brz,622,722.849153879,0.48888095547956534,724.1099958831189
brz,3565,587.80962821,0.2877920174569113,421.9285402185776
brz,679,854.588857708,0.2701038426091967,588.8387985827876
brz,1324,1206.44466177,0.2616727222921327,502.3330495198568
brz,3635,992.981169636,0.21599253005451624,58.89423460118911
brz,6223,593.165546393,0.18518517911434174,39.526312465293735
brz,28,802.492857672,0.5563643632567361,809.7580996644264
brz,3525,760.663551413,0.2695149714677252,128.51595231598498
brz,3531,783.127009198,0.2886165939705634,112.28692375631893
brz,1703,1781.10893528,0.30969024122229283,899.8984252929687
brz,3537,758.986975772,0.2725410673577907,138.98387980741614
brz,254,1349.72046224,0.32438316375997023,843.3507619820389
brz,3536,759.915486888,0.28328886336606485,216.72072592342602
brz,3293,678.386240336,0.3481169230967623,399.6595024856867
brz,2818,542.30278542,0.2753646966239971,252.2647201837278
brz,2551,676.126979971,0.356553403774081,356.70121109906364
brz,3164,1017.38621023,0.3087936574204055,281.86407874612246
brz,2096,701.939657992,0.32362536443568196,670.7827025469612
brz,705,706.644760852,0.34377148028877047,588.5856852811926
brz,4457,552.065159543,0.18767500817775729,75.9069943895527
brz,4411,676.262474879,0.19794951789533557,193.95559037152458
brz,1652,669.328990983,0.5127156864523654,668.5382754456763
brz,6222,1023.62686015,0.21686724662526044,61.25260772705078
brz,2727,791.998500235,0.27779331576732014,304.60210248161764
brz,3971,1032.83530196,0.2146102786064148,48.688290943818934
brz,5671,204.234148517,0.28471117274383934,201.78526207419003
brz,503,1265.85311626,0.45980914444850457,188.08592203177653
brz,6274,617.922054368,0.1793546164562689,142.14431134392234
brz,5001,760.37590344,,0.0
brz,3220,760.327388942,0.3703466181798204,376.09798563040937
brz,600,567.779879129,0.29153126840696025,524.7658833223231
brz,860,3499.99607291,0.4389833379823686,3499.795165357402
brz,4316,741.064789129,,0.0
brz,3398,481.523853417,0.2804323289474827,85.32721351174747
brz,5355,479.91377527,0.200831571882096,113.33209539675246
brz,4325,835.310992739,0.21534421700894765,207.0466957241881
brz,4132,1909.64485842,0.1857057362794876,66.22482799455231
brz,6356,1458.91565734,0.19936443096774772,132.9918768789254
brz,3061,893.309293897,0.2935407551053078,604.2952997544232
brz,6031,469.358384088,0.2357650134170388,169.0870144413967
brz,475,706.432456645,0.43198284921458074,703.1468340705422
brz,4402,714.167990006,0.21028824998333037,374.0429998061236
brz,4893,2175.30694739,0.2454496752170305,129.82841348087086
brz,4281,989.713546678,,0.0
brz,3662,736.694285928,0.28307227535001955,352.84893445781637
brz,3722,1653.58519636,0.2645151118513631,341.3404770495845
brz,4738,598.337407579,0.19683297647841658,378.7611823586857
brz,2854,1006.7107357,0.2794254043363054,1009.6052395988913
brz,5242,876.189877649,0.18387942735734877,275.8781498927696
brz,101,431.198016171,0.3835453624126042,431.2931060192631
brz,3417,263.127301024,0.2771219550091543,212.01081758386948
brz,4776,323.581705141,0.22083079557994317,45.5446486529182
brz,473,938.649844205,0.38748796153537124,951.6516786762312
brz,3004,614.850936676,0.39302797737585393,613.4430116242053
brz,2244,3000.92743603,0.27247140229580985,224.81788015926585
brz,1595,1459.4508669,0.3776086450302886,1445.2916992486694
brz,4234,730.275936309,0.19215910136699677,3.9262919706456803
brz,714,330.852802911,0.47351092544108303,330.1310823926739
brz,1234,600.608982551,0.32242608289321983,430.90407660989194
brz,5471,855.706410751,0.1776568442583084,10.469368728936887
brz,13,768.014113128,0.5362639224438328,754.3201188928941
brz,6221,421.472707785,0.19943130011258484,153.91671402875116
brz,5102,513.248492609,,0.0
brz,1446,583.981644746,0.30919682172324836,576.6153527951708
brz,6224,274.549887023,0.22500543728783412,149.7288661881989
brz,184,825.99067197,0.5649619216422725,855.8560501397825
brz,5308,1019.38142259,0.1860465109348297,12.563525390625
brz,1107,430.305037225,0.3222157178489967,359.9991756663603
brz,5167,1286.12286866,0.21100199757689272,47.373974729051774
brz,242,574.364927065,0.34434939764586814,571.0361741608264
brz,656,516.86918921,0.4348281141432971,468.24596180635336
brz,4799,478.827981775,0.22478849087530658,227.98278302959363
brz,2775,803.321651026,0.2975168674386331,390.96870485193597
brz,1291,581.085401517,0.30581327920929213,377.79355848723765
brz,1677,2786.13988653,0.3588916784354297,2788.042234742408
brz,12,775.64215641,0.535186890108639,790.9378787171606
brz,1661,1397.54061072,0.41895214239707435,1383.6507251814298
brz,6256,642.770333311,,0.0
brz,4834,1205.95968044,0.22558580062438532,101.5595516429228
brz,5916,623.419054249,0.23019830124863125,61.769812131395526
brz,757,1357.1311253,0.3183743951140808,1307.436677102482
brz,3528,873.867254272,0.27101151554543895,107.57629702698951
brz,3613,862.505333662,0.2746569205194862,155.21595623539943
brz,4094,1043.696555,0.23603856221106406,191.34910661285994
brz,4536,714.524802881,0.22648999542495166,235.31938084621055
brz,3092,651.852703664,0.3038670258639067,573.1634332993451
brz,6208,232.222639279,0.19472425894692855,98.42155028698491
brz,6318,635.326128247,0.21498633921146393,4.450367228190104
brz,798,524.272679706,0.42478055266437253,529.9941341325348
brz,65,915.091068838,0.32856327819047115,778.3939810360177
brz,988,848.312901748,0.3640097170759021,832.2226133159561
brz,3124,707.572282141,0.3511317326213464,463.4993195477654
brz,4252,801.133925281,0.2127317489959813,242.90834461286954
brz,3516,695.416522847,0.24909553357533043,29.31525630576938
brz,889,2218.62458175,0.3709712451307039,376.45172663669956
brz,2748,884.415087579,0.3473864288478574,75.62640856574563
brz,4715,615.399638423,0.2187028281451885,541.5730672499714
brz,4340,521.595804412,,0.0
brz,1942,1658.8036225,0.2152671392621665,75.89234272077971
brz,1019,2035.67368177,0.24103046429310984,1399.9259262683343
brz,4527,608.932434989,0.19706347584724426,3.1410389619715073
brz,367,658.941478165,0.580268824602528,658.394249381271
brz,3114,663.960461956,0.42223877806427573,655.8676350013883
brz,6297,3040.55436162,0.19726294984429432,279.84388221291937
brz,3889,922.903196507,0.2890297508574307,354.43738008386947
brz,2830,818.918725526,0.3557026228786987,741.8774027805703
brz,6250,1202.82499996,0.20285138487815857,5.235345578661152
brz,4337,781.368034459,,0.0
brz,2481,756.42157459,0.31013297984854293,454.07879124061736
brz,5593,767.986317065,0.21736964281938262,454.09798221962126
brz,2987,467.362719425,0.38416111807931547,460.60425839891616
brz,5279,748.554973764,0.1979085773925619,123.28107075410732
brz,3371,692.007227264,0.2790463057628926,692.5540798710842
brz,4680,675.707901943,0.20041964558476227,278.2418739767636
brz,1625,840.744934614,0.32628125212086606,848.012900019627
brz,2831,1006.97628607,0.2599418235547615,77.72019590490004
brz,4420,3109.52770449,0.2014188891632102,1091.9951092589133
brz,1359,1064.2535623,0.29899715311367986,1061.4036429610908
brz,1814,1607.10367566,0.2813337206868544,1112.9135414871512
brz,5726,335.528375625,0.25416607292074905,84.53487488989737
brz,5673,1471.1958299,0.2563917974914491,669.4730568979302
brz,4072,276.708949909,0.22172187047050035,234.0200496897978
brz,1339,430.027148856,0.35092451523046897,434.30217698041133
brz,2342,783.131148127,0.34638093359092487,501.9809164608227
brz,557,1375.23350563,0.4269388079062492,1315.570916927562
brz,1469,1011.68517172,0.2704152348423776,1017.4626011567957
brz,4981,452.993244285,0.20295528474650004,171.70283457438154
brz,5543,1436.55012176,0.20447629611049076,88.7291155646829
brz,5138,1015.32237893,,0.0
brz,5490,795.214413663,0.18434656870485555,51.823037181181064
brz,5560,1123.14494362,0.24826446175575256,59.41366753671683
brz,4369,790.868101413,,0.0
brz,4800,1477.66474809,0.21512841086273324,114.64557656680837
brz,5773,2504.82434473,0.23579664001773173,204.39369153789445
brz,2698,1298.41654026,0.29608845726322264,1152.2407489851407
brz,4085,549.746036702,0.21767322739865302,225.37955576578776
brz,4955,865.222032511,0.1986510306596756,24.865825129490272
brz,5653,341.052650197,0.2698627382540876,324.79614536061007
brz,6372,298.345019366,0.17740768194198608,3.403381078383502
brz,2898,584.726881886,0.29705149679186493,491.721722053079
brz,3394,629.271639164,0.24704514969065622,470.08617386163456
brz,538,448.773772406,0.39608881389027223,420.6511745677275
brz,1680,1434.99187326,0.44184842727676416,1421.1026494643265
brz,4789,1332.28383333,0.22045117820123117,130.3509220497281
brz,1552,709.232472295,0.3660700917669503,549.688210999732
brz,6418,1441.68928257,0.2179382225424051,261.8060138178807
brz,1080,2914.32347948,0.2640613799787847,2170.2690746830963
brz,4009,853.731872919,0.26728041155808635,115.43894590490007
brz,615,582.030593745,0.27771057584162423,531.0437653784659
brz,5244,236.520351295,,0.0
brz,3166,665.008480168,0.3159515125449427,173.5154760024127
brz,5000,1574.23801991,,0.0
brz,2949,459.400939886,0.391387927637878,368.9999663409065
brz,5378,309.585898563,0.18708354234695435,28.790764004576438
brz,6086,134.644314393,,0.0
brz,3472,840.52135209,0.19211840710301348,178.7701269710765
brz,4813,1436.77658948,0.210655381997208,238.19178942512065
brz,5070,417.481391494,0.22791443731093378,217.5068837782916
brz,300,555.171654939,0.5048139289260316,538.5703550750134
brz,5743,1140.63286305,0.2625943564370294,420.31502485088276
brz,385,775.464833847,0.47929858050799795,778.4396362903071
brz,5557,553.330776509,0.22681044529589095,507.2396902046952
brz,3978,834.824413484,0.2000286183655843,268.569939287971
brz,5146,856.979709607,0.1950763463973999,41.61638767018038
brz,4206,931.746107415,,0.0
brz,4991,1316.70302075,0.23530617872532233,213.05577826406443
brz,1005,753.019576315,0.317933551688885,749.545958694757
brz,608,411.147361216,0.45101133311974967,417.51359994925707
brz,3571,583.583217476,0.23912055947802927,195.78401528152764
brz,3856,977.763585834,0.3805501153832228,820.6517710966223
brz,3923,1366.53465313,0.21972519279451563,522.7415484858494
brz,3262,821.817664718,0.3631832260122788,489.6924540201824
brz,4718,827.181985232,0.2217106899137694,832.9127304376342
brz,3419,289.652667551,0.2871721580695203,276.138369661219
brz,1750,510.930740801,0.3813287719581904,512.3546265546013
brz,6202,1932.15784268,0.23562826498829084,136.63800479664522
brz,1093,527.732853703,0.38512602061067236,458.89886462641704
brz,5687,1228.79481097,0.24858223563287313,160.95656226663027
brz,4542,510.342071774,0.21095396510798567,80.88352762858074
brz,3345,719.306776254,0.26338925301694627,420.34543451047415
brz,4317,747.489417685,,0.0
brz,5390,1664.91873683,0.19660638584351303,183.99778352625228
brz,1384,785.939748566,0.3801666654074904,368.3610728544348
brz,669,1108.46685633,0.38906606064159627,1110.1799297257965
brz,5885,140.573104688,0.27599223093553016,57.58054522346048
brz,921,932.267940216,0.32288179304923387,855.7282518573835
brz,3083,661.93254849,0.33093624862951126,403.0416186463599
brz,1390,442.14855297,0.26828885420644905,434.0311939613492
brz,1686,1703.21425841,0.3847176948462257,623.8166979322247
brz,5947,172.717743116,0.2988810999444011,74.07268470315373
brz,306,525.936468511,0.4775523757231588,523.3976999619427
brz,2,804.912541621,0.5733172696115625,550.8341448017196
brz,883,424.722624162,0.3525566591466327,419.8764540728401
brz,1108,457.616424702,0.31861462818440234,422.7888844209559
brz,466,756.550001378,0.32246881935881394,702.6201608096851
brz,4595,602.276904873,0.1819230511751586,236.62693927241307
brz,1860,1221.16222941,0.24599607078340135,609.4630960501878
brz,1001,316.632040052,0.43451116675605417,283.86188357484104
brz,2679,646.32882669,0.4294320271959371,645.6075325760188
brz,1732,477.006432884,0.44724389140286647,476.77223106833065
brz,662,980.959529246,0.27738048233242907,980.443833474552
brz,5464,743.794489189,0.15719158947467804,35.072810214173565
brz,2126,715.211431087,0.2699361927697311,443.086170091816
brz,4079,702.343431623,0.23369934185713281,155.75138780182485
brz,428,691.52000075,0.4950996421979554,688.4741734523399
brz,630,653.828583428,0.32753875934415394,414.3696240294214
brz,3034,972.292972252,0.3847710561834062,935.0616468242567
brz,3947,1479.96351916,0.2504285309257568,1168.2533069087008
brz,540,310.846387403,0.38887501010395564,217.38791728300205
brz,3103,592.720618884,0.2846464732169524,214.87392793543196
brz,4925,705.294811399,0.21419088162813982,164.37986907958984
brz,326,470.053680904,0.5572723953815915,467.6859599693149
brz,4553,593.154193387,,0.0
brz,5346,2370.11504049,0.194479301571846,11.516524131625307
brz,1990,1687.47770156,0.2550660668774771,227.42557753020643
brz,515,307.860333181,0.40280049236249726,312.60850477031636
brz,2710,626.331867048,0.3005636771934764,626.7484455482634
brz,285,533.680592609,0.37633882879124037,545.1221998326919
brz,5905,193.782107857,0.2778527627794968,185.56948263130937
brz,174,787.160617209,0.5133969051339641,790.9745518403896
brz,5777,3234.10824909,0.2964969792309597,132.685976006003
brz,2347,877.326973324,0.2677603042125703,372.95371246337885
brz,3123,700.881882345,0.3181725862125555,298.356060701258
brz,5576,1122.77020913,0.2758345616739349,231.63434241799743
brz,1220,203.76988419,0.3844441985492607,200.4095489202761
brz,2030,581.09468507,0.34459595652644626,568.179052435183
brz,2306,621.382568989,0.3460038906272326,171.9543341243968
brz,2516,838.522532112,0.2935492664257685,490.71021180994364
brz,470,1182.24029444,0.28625334664526897,908.2315555048924
brz,494,926.974622301,0.3547023665029101,930.9973093369427
brz,6378,416.539184708,0.17740768194198608,1.5707912669462316
brz,1773,1248.93180143,0.32105287218254774,1163.1506779988606
brz,3176,906.329039853,0.3557509253118966,325.5709327548158
brz,6171,2732.49792771,0.23769832685294298,1663.189089277679
brz,5616,240.839371857,0.24327249374965695,116.99203087301814
brz,3302,331.846203687,0.412870711674456,319.30751695819924
brz,6432,2041.48993946,0.2479931970865059,668.9229709400851
brz,766,761.785663447,0.4382519434173625,748.155683599734
brz,3814,692.821608344,0.27613272360570473,477.20947157915896
brz,5391,2410.18869607,0.20368406168305347,519.2723697737151
brz,5565,467.423427235,0.21266819536685944,65.95690989774816
brz,1657,1160.54107433,0.4746200548227632,1170.6647843903186
brz,4629,1309.82676046,,0.0
brz,4285,953.97150628,0.21710307896137238,5.496798706054688
brz,5676,1238.34642148,0.2579608213842106,735.1633525474398
brz,1911,2100.73101871,0.2642856335240748,621.2581206677007
brz,262,636.372176857,0.36633792597735354,628.3181952981388
brz,1875,636.460121903,0.22493540049991873,112.0016128240847
brz,1204,288.270140122,0.33015479490420346,270.5252320831897
brz,4619,659.095818749,0.22371354088325113,480.83887810800593
brz,1055,203.217232551,0.42529937078239055,205.37669462316177
brz,1663,1660.55446297,0.3611420418323034,1645.3105580049394
brz,4165,760.856327924,0.2182845778287725,184.5391096227309
brz,936,4271.25534687,0.2951341107736629,4243.64626013064
brz,5477,963.731173286,0.18440164625644684,17.536192620969288
brz,2804,909.190404972,0.25088349603441706,677.5133841121897
brz,1765,980.915691843,0.33053695642244374,939.66484635297
brz,4105,626.119579717,0.2464804154310266,375.3657284904929
brz,3710,951.326136149,0.24660936302068284,25.652586993049177
brz,1918,2032.76962055,0.23927039140230646,100.75117013968674
brz,2979,815.559483654,0.32689362519741677,800.2916679831112
brz,53,811.682394879,0.41647804142292894,649.4531762216606
brz,6100,848.448563951,0.20887321696199218,83.49863936480354
brz,1100,345.258032181,0.3279145672207787,351.62718191707836
brz,4817,936.767953698,0.20898507490165327,258.3482709099265
brz,5727,459.043600785,0.2614420004812854,384.46328325458603
brz,2605,1146.64044018,0.2345091816017499,1147.2849257824469
brz,3234,935.449688235,0.38689323151937577,559.0396544811773
brz,5824,139.637238144,0.2768878157920037,115.417307954676
brz,898,397.60816135,0.43017505906487535,392.676046962364
brz,3796,822.778076037,0.24893938129146898,37.6953369140625
brz,4223,855.756195312,,0.0
brz,2640,610.295430837,0.3189972826306912,600.0699763578526
brz,1723,4210.66491313,0.3170356883554962,4191.4252102720975
brz,970,759.54780769,0.2897754893055102,750.0568793502509
brz,5701,405.668575465,0.3208232448241059,238.42613375794656
brz,823,2141.98081844,0.24815353520292172,1205.4566051408356
brz,3800,523.018564931,0.26852066213284737,322.24394665886376
brz,6289,1746.76523084,0.20261021030092524,130.62762774299173
brz,3257,1166.31085779,0.38385622561070254,506.96284843893613
brz,4168,498.295449122,0.21166129882924747,156.79285344142542
brz,2237,993.156246914,0.25702598873872706,432.881761229272
brz,4734,342.925294517,0.1905272936119753,31.149155141793045
brz,40,807.630949538,0.5278582477723425,830.9614087273094
brz,1643,1175.01695288,0.36925745859971515,1173.0029478783702
brz,6173,927.922236042,0.2373068706499159,225.3697748520795
brz,1708,408.006709957,0.5254699441600109,405.3301349714691
brz,6255,986.423434844,,0.0
brz,3698,722.032420513,0.39764614137343723,296.31011627795647
brz,6279,467.187490959,0.20415268049431526,257.58782151166133
brz,2733,2405.94942017,0.3014823363910304,2410.6703288657986
brz,4555,682.424393425,0.17498202621936798,0.26176003848805146
brz,2445,659.358484457,0.3044465485339363,326.6263723036822
brz,4507,457.334997533,0.22785790566055253,227.72218035529642
brz,1532,2183.06475514,0.2676713927864451,1187.3031191956763
brz,6198,672.720090777,0.2555241424234585,476.92196993360335
brz,5757,632.897110611,0.2583946535517044,639.3616184907802
brz,4757,697.392804416,0.2015405158231708,348.39597658643527
brz,160,753.444001419,0.5465320902658227,747.5441983391256
brz,5266,122.588348111,0.19810960932888766,69.10106012680951
brz,211,929.982203279,0.3776470252936615,862.1617428050321
brz,5159,364.76783122,,0.0
brz,2914,505.676748877,0.3270480528310483,453.5231520110485
brz,3624,784.526170604,0.2598490599609068,279.8080677406461
brz,5971,736.202740352,0.22789882002867384,145.52835603601793
brz,2929,775.022872296,0.26144147444649996,525.487945915671
brz,3907,1073.3419244,0.28745660479105306,956.2303059297449
brz,500,616.655537923,0.44608706188624486,280.4272735894895
brz,2862,628.144488897,0.2426961630496355,631.467030214796
brz,5099,347.649112693,,0.0
brz,4107,821.716584041,0.2107857593386853,136.90074426987593
brz,4123,911.313124451,0.20838636854820164,280.0807682112152
brz,1505,1446.0567944,0.43634185917796886,1429.2545172298655
brz,4611,612.065149579,0.204201358076003,407.2867798449946
brz,1240,2707.24737987,0.268650295743287,158.02376155479283
brz,5052,1514.62369705,0.1941791562684651,303.6207752302581
brz,5525,434.213942319,0.1875298172235489,39.52241360533471
brz,3120,928.249060067,0.30843720082637516,845.6088339712105
brz,4769,1662.97594114,0.20488083682170039,198.93273013245826
brz,4918,127.591447374,0.2808214518867555,31.93371608958525
brz,6154,243.878325096,0.3435557298038317,240.81149785658894
brz,1452,1961.58665237,0.2900937876604302,1931.2652768901748
brz,1456,2204.3362671,0.2871701217822257,2207.5375978656843
brz,3885,981.156313234,0.2826227278341889,132.45629577636717
brz,3255,1327.1271622,0.31747413268786356,1297.106800423416
brz,3490,643.424123527,0.20311407425573894,3.6643804213579965
brz,2401,1908.50002505,0.2576624196836457,1295.2922711839865
brz,5618,270.791403897,0.23660431256649472,207.2879492367015
brz,685,1583.74435364,0.32974689038741767,1581.823785549987
brz,3165,714.064298085,0.31566560997302273,217.22130853989546
brz,148,890.918374608,0.5728835783090936,890.1014004875632
brz,5050,2155.23899023,0.1993132231592321,76.95222176944509
brz,3386,721.761314341,0.27031470053343193,656.9622908947515
brz,3750,972.380216574,0.1750560525991742,135.5992302090514
brz,1429,562.830234708,0.35942762558947816,557.786632941751
brz,4002,2447.55110866,0.21990491143146226,675.3536988501457
brz,4044,817.604270232,0.20695042715087508,293.69958143047256
brz,3174,745.308630216,0.3546391404114141,376.6052852555818
brz,1196,391.543579828,0.3600698940391126,300.8711112527286
brz,4965,1075.67255124,0.2255717163724844,313.04497318641813
brz,2449,730.496855484,0.383216280303404,595.1509091246362
brz,3217,715.537627915,0.3737585685935646,341.0265411676145
brz,5535,508.541129844,0.18626146780225794,81.9237719965916
brz,4987,740.406996033,0.2315172861240835,188.1915325389189
brz,4806,446.038354151,0.2054809326609822,221.43849693747126
brz,1288,480.87561177,0.3355321492278496,229.7099839154412
brz,6099,2469.01918259,0.22924189991484398,438.6940692677218
brz,426,677.405042993,0.5128191313019933,690.3031817567114
brz,2089,832.631756648,0.32492726373089226,390.4824859020757
brz,2665,545.572038509,0.30484289374575196,546.677672621783
brz,2105,704.214748455,0.26316864530886375,405.66092257032216
brz,5596,1026.7587026,0.20260105090848776,698.5496452481138
brz,5935,1127.93802109,0.2131374180316925,32.455491967294726
brz,6053,816.057284519,0.24884519865067953,109.40923249487784
brz,808,1018.26655917,0.3753291323746776,1024.6885059431488
brz,5259,1308.37157219,0.18895660580024806,570.6028098312079
brz,1600,1372.65052179,0.38214190634311945,1137.616987759459
brz,2194,1446.41922171,0.33822370406453367,612.9371293610218
brz,5768,381.27004147,0.2564191351093135,269.5603975782208
brz,2390,824.911737972,0.30408339083272223,805.3274520574834
brz,3382,746.48239833,0.25347739868922853,590.4769166834217
brz,5870,387.53984467,0.2747444881126285,293.1337639004576
brz,3201,801.444196261,0.36452579929433376,247.84732965207564
brz,637,929.204958753,0.2741950034410104,113.79408802705652
brz,4976,962.829613234,0.2200009897351265,133.48941802978516
brz,2932,812.507690433,0.3167895682686925,517.9009193270814
brz,2876,1349.43580289,0.23647774806764113,1335.3989111208448
brz,3725,1007.56384881,0.2595773935317993,117.79446770163143
brz,3801,888.563211091,0.2700738541408538,349.99296037262565
brz,3229,1091.33835538,0.3737536823757244,607.7212517532647
brz,2470,706.79537389,0.34049767172764345,554.3239679074755
brz,578,514.678635888,0.4162539165161738,488.41128749473427
brz,2477,685.556771199,0.2508835830784946,452.772284863042
brz,3376,683.876452309,0.2805921240547381,342.3493048275218
brz,116,833.616942998,0.3630263415676429,618.0481255924
brz,6415,1759.95899928,0.23530392534128108,324.1148567050111
brz,5807,1387.3856764,0.22006133052374027,780.6905416451248
brz,2714,704.004214076,0.4183147929327089,698.9694757199754
brz,3418,260.807436278,0.28789554365064907,227.71555418126724
brz,5944,702.015088822,0.2406204213124005,95.01166121538948
brz,6215,463.933012923,0.1986731412523691,334.2680690989775
brz,5638,318.59576915,0.2146997607329436,298.36627331901997
brz,2999,708.569797074,0.35132942667150585,697.4556859334309
brz,6364,234.607005518,,0.0
brz,6347,1006.86236128,0.21262842222628459,148.6991279452455
brz,3474,623.123193733,0.22664063803029658,220.64815661860447
brz,4120,710.502701239,0.25278595619912675,382.68974552528533
brz,1512,836.181170501,0.29123175538561147,745.378225289139
brz,573,703.596165162,0.43837077440435174,593.050282646628
brz,178,781.596508721,0.4478990755844534,775.2861005296893
brz,3280,585.065724051,0.3061060970965199,331.61380983240457
brz,3500,747.656852333,0.20059601962566376,3.4026626886106004
brz,1105,477.414127419,0.3072159397469097,457.3267586801567
brz,2446,721.884383349,0.3168030334180534,481.04048108867573
brz,1910,1031.50396713,0.2684302350752676,575.4609020158357
brz,5499,574.417910351,,0.0
brz,1494,773.342842276,0.3854308280313833,780.9606443218157
brz,3312,570.773037369,0.34120515534466905,353.8582497391046
brz,1309,1995.72131189,0.23505898944495873,888.2508006376379
brz,2921,1050.88250662,0.25894204016473454,1038.1672152650124
brz,2422,547.91009182,0.34312848275461894,163.83695274801815
brz,4985,553.694796397,0.22778567546599207,227.4533401489258
brz,1155,661.151026083,0.260482065491125,576.9016728120693
brz,1199,514.198496316,0.3729649993491038,277.84921315511065
brz,4117,543.23370476,0.26253997013940433,100.77674566530715
brz,5631,954.833107932,0.21001442444563712,782.5578803268133
brz,5031,1602.35629987,0.22363028563951196,248.651081608791
brz,2636,576.43790269,0.2991163715261372,586.4626064824123
brz,1171,521.411946911,0.36558972400467415,192.29677647609336
brz,1906,1295.84779309,0.2257879874477648,19.103389485677084
brz,429,926.823329648,0.4176342893191882,921.0165443270815
brz,1163,413.820214936,0.2899643038399518,276.2824982287837
brz,713,390.889133779,0.4939970631972873,382.45023366890706
brz,3523,683.520000883,0.2520628013320872,96.84518193263632
brz,4053,1389.82501021,0.1988910642163507,212.55238213632623
brz,3912,1453.89105303,0.2760636062265556,280.0866184608609
brz,1178,630.413677748,0.3317296554590139,237.2960184433881
brz,4784,115.675419005,0.22924215401257944,114.12287579704734
brz,1216,3375.0200139,0.2237532052771914,764.7551703658759
brz,3811,820.163674607,0.3769372664475335,468.04958828196806
brz,2399,724.292001066,0.3120457673216598,596.7351908665079
brz,3658,576.338710226,0.35644096897757255,528.4868999107211
brz,3577,754.098135643,0.28580882444101224,80.09445118623621
brz,6017,561.807181058,0.19439967444669842,113.33522198246973
brz,2112,580.212310843,0.3194859632794542,381.84693349202473
brz,4155,938.063258883,0.20204033627788687,430.0680072859222
brz,748,821.691497834,0.38626960630448454,829.4998340382296
brz,1253,522.756737688,0.33091737356728423,218.4577923943015
brz,2226,1356.97132719,0.29213235744729404,395.4519997690238
brz,3840,751.178067977,0.42648993916247957,260.45705093682983
brz,968,610.696968441,0.33411497959083347,614.2749566770068
brz,1004,582.767754843,0.3335671377412085,433.77005124559594
brz,3877,811.429299923,0.38695250409157167,266.74619969386686
brz,457,269.560242449,0.48939653363297964,266.8169754626704
brz,858,399.38015887,0.42383697985583896,397.90204324161306
brz,6006,1264.71427976,0.21922156231825873,843.3441354788986
brz,3195,1601.7860196,0.31068844371807947,1593.6117253621424
brz,5411,297.433342217,0.20134507619908878,73.28444671630861
brz,3992,692.03986485,0.27057410077505234,335.315996057847
brz,2377,993.735941602,0.3342613327330437,487.596963411219
brz,5348,993.673654594,,0.0
brz,6312,547.924145606,,0.0
brz,6233,3052.90733342,,0.0
brz,5284,587.914390513,0.20242549592847836,229.5479985555013
brz,4036,776.665927913,0.18860572666134626,152.34876906451058
brz,4756,694.971129158,0.19298065260785527,399.1768837124693
brz,6266,1174.67559669,0.1986754983663559,51.04576873779297
brz,6292,3367.76539801,,0.0
brz,1849,793.044745552,0.24039156362414363,125.60669573615579
brz,5674,492.018423215,0.2622485441934685,470.30709808947995
brz,6045,193.816881754,0.22293234014347807,57.32168085434858
brz,2602,909.317474372,0.39366183377542474,900.2346333223229
brz,2647,622.817816497,0.3468812631072517,614.1997724046894
brz,6047,1895.73834886,0.20742247403012667,678.9580595427868
brz,5637,422.947680064,0.2570237666692188,361.4407076068953
brz,1176,239.585358165,0.4480928564135404,244.6212916654699
brz,1439,494.41245234,0.31420858769773324,419.9061153636259
brz,3041,1321.74035965,0.2593887120416439,453.0112982058058
brz,501,887.968412225,0.4461404117356038,670.725013074688
brz,4249,799.673461475,0.20348148466365384,335.569956072639
brz,5257,928.421443269,0.18556415265709222,244.46943380318436
brz,4323,1796.89942057,0.21114410541274334,489.4831957050398
brz,1008,1280.24472901,0.3193979988534969,263.4528369379979
brz,3029,716.127714026,0.4106754491839166,530.9917188457414
brz,4594,687.13740659,0.19173825663678787,53.3982177734375
brz,990,487.223663257,0.35155787458226473,496.8230497472427
brz,877,628.039278549,0.3163027885224271,638.8382966883044
brz,2337,718.386357709,0.3161291419644949,564.7944684196921
brz,2872,1191.21582892,0.27684487713956024,1207.9695929433783
brz,3200,873.604199117,0.29124033240917024,267.21415895948223
brz,965,692.175418232,0.28234164974399817,699.8266911226161
brz,5151,741.127927518,0.21891756457921743,110.71567679012523
brz,1760,1654.53865023,0.3394706089605241,1542.0195233214138
brz,5738,577.76854453,0.2629763234163756,385.2475214939492
brz,194,914.342163617,0.5395937942366176,916.2869086471259
brz,5472,2220.85104602,0.1776568442583084,16.4892557480756
brz,5799,657.755286304,0.22563589092457711,609.0018560072955
brz,4736,331.306044018,0.1932392332840849,42.40473722570083
brz,3338,693.912085436,0.28105287555660574,598.3233080097274
brz,6335,1754.07387754,0.2326093844572703,58.903245364918426
brz,3713,535.387273058,0.32228515237873906,256.5267425237917
brz,5721,206.411797446,0.32346181967971005,207.54136813294653
brz,1056,307.670124175,0.2906954266378642,306.8882211124196
brz,3295,712.272232766,0.3710007784622055,512.9884587306602
brz,410,367.926503318,0.5520941625657906,369.3409107881434
brz,4462,444.798125865,,0.0
brz,3585,895.627024522,0.3035527054456786,173.2780710556928
brz,2086,623.228781445,0.2965358203697085,623.1519930072859
brz,4247,703.490139931,,0.0
brz,6213,2043.96945775,0.22036246856053673,11.779201731962315
brz,2836,817.478986443,0.33900960993952256,605.5406535728304
brz,149,751.784650087,0.5922265923804994,753.8247343175552
brz,3622,757.361820913,0.26461184590902603,307.2908253090054
brz,3831,1037.24259173,0.29664053552523606,55.232517077876075
brz,3332,654.219007747,0.30582624288115107,627.9027468213848
brz,5068,766.805533778,0.18732660572920273,87.68353540757123
brz,1667,1152.94135839,0.3704243221211909,1167.7904125138823
brz,4803,1356.43749695,0.18451733887195587,0.26174735274969363
brz,3855,1071.48317448,0.331868779558594,836.8807451135971
brz,5700,482.272080518,0.2781797722518015,436.54673919677737
brz,4037,825.454548086,0.20040400496994457,50.259293320599724
brz,1059,416.164676419,0.33458308526368813,225.52244675580192
brz,672,597.323455266,0.3672078071576212,581.2532851574467
brz,5205,2622.36657488,0.19867285578270363,1217.3627015356926
brz,675,912.622765743,0.3429413333411482,913.7308956969014
brz,2487,684.102159199,0.329038149279352,382.889558021695
brz,777,950.567825257,0.48964227763930945,976.8039715037626
brz,1356,227.621166502,0.4421394043575132,226.30338658351522
brz,992,1062.69701202,0.3593460802674934,1071.0914912504309
brz,4013,870.028926125,0.19924490658913627,30.888591871074603
brz,375,483.405618309,0.4760254892951578,481.0384590298522
brz,2153,742.588978046,0.2507896175958708,214.08460115918928
brz,4626,383.428621303,0.18420786069611372,30.886572624655333
brz,5475,1545.32099272,0.1785714328289032,7.32854554419424
brz,589,434.164330827,0.31437734001133427,437.3973930209291
brz,3609,950.98718248,0.26257365984695685,465.9124428842582
brz,3957,474.179353105,0.24062545254614107,128.527163995481
brz,5550,514.411253018,0.23728624705219561,343.920574502384
brz,3608,879.317634313,0.3148354625996923,285.568330114028
brz,5522,683.215384008,,0.0
brz,1986,754.00436429,0.24780154806311408,608.4720400641945
brz,5488,338.360933111,0.1864397968351841,52.34664163028493
brz,5590,2722.02321594,0.19828793303850967,1128.5749800438975
brz,1014,655.899830058,0.3038456858694553,235.45849609374997
brz,3615,1061.53521183,0.23392572051387192,496.7924714032342
brz,1165,239.93693996,0.35876038302412333,243.57760273054538
brz,5745,1516.26608059,0.22931346736162397,656.6405975341796
brz,3137,528.980889951,0.38855918992165067,374.77642888087854
brz,3151,905.080116639,0.28266850475046446,188.95633428237016
brz,1440,405.348015642,0.3769901432863861,419.382351475136
brz,1274,504.329619215,0.32273211742675356,243.8371004889993
brz,6153,3323.11722496,0.23235293519367692,482.9348493688247
brz,3454,695.312646403,0.32513650141577016,687.8502398621803
brz,3616,825.147872972,0.23138370228773952,133.22840504365809
brz,3047,1213.42720873,0.3115716357829269,449.6134885002585
brz,1293,419.269095791,0.31011898021222695,406.83477858001106
brz,4255,944.491072168,0.20614518978292978,412.26284790039057
brz,5169,1045.66179405,0.20285481808435943,109.66660602045994
brz,5040,1892.01055694,0.19297332987189295,94.2265427533318
brz,2495,794.334854918,0.3505266556388469,659.7807202806661
brz,3187,1324.65912979,0.29058507932013805,746.6781225167068
brz,332,362.061955043,0.39240131107340553,292.4351206760781
brz,5502,390.374170707,,0.0
brz,5388,593.060744098,0.18574108183383942,13.871816837086397
brz,897,589.976718945,0.3633164522643659,594.1136403401691
brz,2796,1296.0129131,0.305863119474522,1145.1709615370805
brz,974,1611.55082785,0.2930017576260226,1648.1827389287014
brz,5344,1735.67908078,0.20570416119157894,42.14000875435623
brz,4812,1218.55172373,0.18604142556432637,201.02322830499386
brz,3686,755.852809765,0.38693222500205215,185.5857749190985
brz,2212,1485.89454905,0.25648248675590213,356.72151755538636
brz,2810,327.621079815,0.3201437668658357,272.41626012465537
brz,2294,1721.5126115,0.2936927650057312,586.2600377400718
brz,765,729.744699144,0.44223427501591783,753.9111063639323
brz,1142,245.088278337,0.3429344296455383,196.74795876297296
brz,908,347.247774818,0.4613020342184551,351.34358975279565
brz,3504,1081.76513563,0.22761596739292145,6.020085203881357
brz,891,594.409566102,0.30447553177059616,524.0003448486327
brz,1939,1178.66139837,0.2324098758869343,145.24160856359146
brz,4299,586.060280441,0.254033809427304,169.87791329178157
brz,2674,671.454750216,0.35002516569371145,206.21630111395146
brz,3243,950.481779796,0.3787299704603007,547.2643364999808
brz,2756,1449.79225712,0.3606161828544095,848.3862960815427
brz,3112,668.356444389,0.418278035726203,674.4522212907381
brz,1524,1845.84666181,0.3441195835409188,1844.757905189664
brz,1128,1951.41333709,0.35858392882385076,1971.126487283146
brz,4487,671.509490505,,0.0
brz,4031,875.877910334,0.1872510015964508,34.030158547794116
brz,6348,992.332608706,0.20740616987436863,216.7653826545267
brz,3142,936.783817058,,0.0
brz,900,569.560893899,0.36858494867215247,573.7089760574639
brz,880,3504.63427814,0.26426083948558055,667.8735580743528
brz,2190,1344.91493576,0.31815594646630907,397.5431002747778
brz,6416,1162.32216095,0.21304869683202035,111.79106523102405
brz,1749,751.029684595,0.37165512169246595,758.3284625184302
brz,5489,534.523415843,0.18728508562277008,200.74913859647862
brz,4566,732.43630637,,0.0
brz,5407,1630.24038718,,0.0
brz,1963,901.790429569,0.2621578176387582,424.48548972933895
brz,2623,710.22077164,0.2327353446443568,202.55104956533395
brz,1562,1215.81692817,0.3679804865350114,1168.202351768344
brz,997,3664.9836891,0.270886750748699,1716.2718848733346
brz,3837,820.265241912,0.3978800903274213,173.28863504447187
brz,4095,1829.36068503,0.2375053271349403,142.13735118192784
brz,2947,351.758093644,0.38048773410744324,222.18553933536307
brz,3052,1273.61698974,0.3227592536409175,399.89081175561046
brz,1221,214.686841447,0.3770927005040814,222.90962542365577
brz,261,970.706680626,0.30965492881043655,936.4623860976277
brz,5350,642.905093518,0.17876923084259033,32.717173707251455
brz,6333,562.122719766,0.22053188657438433,48.43152094822304
brz,4331,776.572853078,,0.0
brz,4587,1181.95557032,0.18920082534324228,135.85283089432062
brz,5825,274.697688723,0.2316333258626473,52.60511516496247
brz,151,765.057744448,0.5452597297349046,766.1163241218119
brz,2134,1031.66192038,0.27664527353491347,428.1628182803883
brz,1487,451.198684657,0.3293454424842933,436.13211750703704
brz,1094,486.084019353,0.38878965135971477,269.21677326875573
brz,5571,499.925862023,0.2813435922717787,239.48653905531938
brz,2489,714.427919919,0.31894231100728654,385.24433590758076
brz,3300,357.589754911,0.39687531314107805,277.1705376120175
brz,2418,495.343205598,0.2878929561528406,400.695300023696
brz,1955,1110.82411223,0.23438282171343616,460.85856125775507
brz,4419,305.517560711,0.1951354826425577,100.77202815635532
brz,31,874.932803835,0.5307788146945651,877.5043299656289
brz,363,511.824246347,0.5152167640076081,513.4782284605736
brz,3720,863.699499076,0.3239747879129869,282.7053769878313
brz,1666,1181.10385629,0.38567903218896477,1153.921175638835
brz,6120,1063.64181437,0.21568796693260758,720.3428954479742
brz,948,393.837380549,0.2795878216604549,395.5608552820543
brz,5107,626.561532022,,0.0
brz,180,701.913364973,0.48496040177371796,705.9713896209119
brz,1920,1832.53498764,0.19523646783828735,65.42297542796416
brz,3296,714.893296352,0.36381371133948837,530.2616900275735
brz,4936,746.188524475,0.22866196716568019,288.1850918339748
brz,3861,1309.66826789,0.26652121043808297,424.32965186623966
brz,3121,1042.12601483,0.3255068658409876,852.413684351304
brz,686,1567.04692606,0.2851733577912031,1446.8450179156137
brz,4100,724.345418918,0.2178264449653089,721.1573441150143
brz,1848,887.150745001,0.24203294626760594,112.26094952751609
brz,2071,1947.58038371,0.21170159190465396,164.0992348166073
brz,1327,667.113172509,0.3055301506998769,453.406241981656
brz,1496,555.218914287,0.41491008370207416,558.5736285938937
brz,482,708.706426398,0.3696973968792766,713.8785017125747
brz,6395,1584.91778586,0.21184587478637695,4.450652058919271
brz,2087,661.275284999,0.26303806550935716,520.295484236175
brz,5117,926.044827015,,0.0
brz,1159,244.034770327,0.34467957608086275,240.96294181674136
brz,182,745.302028246,0.5542837200612368,724.5451598821902
brz,5116,577.600679962,,0.0
brz,3734,736.799118349,0.310296355386575,235.59222187715417
brz,5677,452.982797976,0.2502881822703053,450.67731957529105
brz,4904,962.284540887,,0.0
brz,2882,1471.99587726,0.23035562328433476,973.4795259961895
brz,605,523.117847473,0.305414994145617,529.7369128956516
brz,5547,313.214647545,0.20448638833134947,242.63011950324562
brz,1539,701.000371598,0.2862844221220494,690.1857789581898
brz,1551,1753.98547919,0.37437590731429876,1713.4186694575292
brz,1605,1632.25883577,0.32498508447647095,1635.2791840197992
brz,811,552.430705074,0.30712337779729154,543.606573007621
brz,1090,423.971327422,0.3598997559485047,450.0055702059876
brz,4866,459.142199377,0.24803153698179972,266.72166499717565
brz,2322,1743.59490274,0.329269874063167,190.53495519301472
brz,3192,980.027374715,0.3023131102666088,683.0838961732154
brz,5270,228.790976465,,0.0
brz,1123,420.678060923,0.3563527251544752,323.110667479272
brz,4425,696.34044421,,0.0
brz,4035,786.179049725,0.19143338579606342,149.7311761594286
brz,5516,1862.62257285,0.17693248245500984,69.62118266984528
brz,2483,518.756872719,0.3401458958733899,511.3934740253523
brz,2368,405.369793675,0.26737426913959883,148.66154988606772
brz,3091,522.860028711,0.27671206457821784,500.6666951198205
brz,886,550.548767029,0.3398715891739629,551.2046167411057
brz,2968,665.112502511,0.40633486702161675,667.3481898588292
brz,6205,3314.2451772,0.20318613946437836,16.490854151108685
brz,293,678.197561347,0.4998281965115919,686.8878348855411
brz,2488,719.440831775,0.3079586133345704,514.5321476057463
brz,1247,1040.63965036,0.2804267923786955,526.916366038603
brz,2166,2216.1387737,0.31358965295691815,247.58642763624005
brz,4522,1256.73726612,0.2164783369616372,190.03150751450482
brz,3925,929.844655145,0.24195100723466606,519.8614643171722
brz,2840,651.429475137,0.25625084565338485,281.0514020134421
brz,3557,626.466815628,0.3378999056364235,104.95846629423254
brz,1613,1551.69407412,0.36293107545389985,1541.3522338867188
brz,6164,571.484293324,0.3031987373354267,337.9204934213676
brz,2910,749.859225255,0.26646175715683035,703.701243980258
brz,6226,411.378434871,0.194183869651576,140.56687828512756
brz,2847,1248.22372192,0.2918957832510104,1202.7199732462568
brz,5881,1546.18459252,0.21558246163719555,1064.9703674017217
brz,979,1484.66412981,0.4032912994031427,1454.5976133757943
brz,6040,2102.64854491,0.22816525692489825,134.53500641467525
brz,1569,1701.20449763,0.2993137206046328,630.8105626424154
brz,2657,513.895446449,0.2983959150883172,126.13590563605813
brz,3307,583.814343883,0.3204585772589781,335.0110928105373
brz,2678,625.047778551,0.420493021825708,625.1943044026693
brz,2438,824.004625447,0.3505705120183488,809.4979977177638
brz,5049,1263.96086348,0.18551357055411621,200.2328274895163
brz,4997,430.861812739,0.19851609642775553,83.2324899112477
brz,5680,302.360890349,0.24956401964513267,107.3042084937002
brz,2874,805.260798649,0.29459990144552545,803.3924207500384
brz,4561,914.612628099,,0.0
brz,4779,138.899992989,,0.0
brz,4287,437.438847539,0.23935133433959144,96.06339222029143
brz,4043,961.226596839,0.20818041010643695,443.1663651111079
brz,3261,746.497350016,0.3606754201422006,661.9091891120462
brz,4724,448.074229095,0.23095891459687665,458.5973785400391
brz,3119,698.682393808,0.3109612896706824,693.8112071916167
brz,2812,196.047392117,0.2823466051214095,137.64699350992836
brz,950,2259.30453409,0.22670577001314773,2245.9804170795524
brz,4775,547.006976521,0.23160920578320293,158.09771198945887
brz,499,1066.60404656,0.3771762566193522,702.376256606158
brz,6392,2215.50657909,,0.0
brz,4080,768.024756327,0.24263470669587453,54.97104375502643
brz,5496,407.838477591,0.16865200301011404,48.68256458955653
brz,5254,477.392265651,0.19119955020016463,218.8187993367513
brz,855,311.298114714,0.5285427162951135,305.8165603039311
brz,6408,1329.91491638,,0.0
brz,2624,435.561070401,0.2436545281112194,104.67769308651195
brz,2069,512.199112453,0.26448301957252995,512.1870764638863
brz,4638,448.17828149,0.22195754496727965,386.0814689187443
brz,272,641.342726404,0.33870607118010776,653.1609608968099
brz,1068,704.125514347,0.3440054283603304,626.8635498046875
brz,2745,796.249889791,0.2931007984573933,183.43995460061464
brz,5216,1203.79085139,0.1898527910896376,240.27486626120174
brz,1370,245.506738577,0.44968406538168587,235.4579292746151
brz,2806,1071.54483775,0.3559049704838931,881.8915599748199
brz,4825,517.008533671,0.21401128307353637,179.82342421587774
brz,3643,748.216274248,,0.0
brz,2453,640.871579937,0.3322254530586366,429.74640808105465
brz,5975,918.417112085,0.22151610066353433,74.33498711679496
brz,2225,858.791045316,0.2771263569775707,427.90413531135107
brz,5811,615.13989674,0.2267626675720118,512.9562508078183
brz,307,759.194654802,0.3786757864878883,868.9343714396158
brz,4699,317.510647018,0.201416628850079,299.71069653080957
brz,4725,645.687273977,0.23226963176233015,643.9232967601102
brz,5353,2042.41786105,,0.0
brz,3954,651.539102409,0.2391495406627655,9.947105437634038
brz,4162,1040.48006167,0.2121055644459841,160.980385724236
brz,1795,286.94632018,0.40241404137480147,285.2304487041399
brz,5055,1039.83444134,0.19552955141092865,615.0924076753506
brz,1236,594.914387543,0.2974039153314602,349.01319873286235
brz,2628,319.676556522,0.2810987751079718,319.5294307933134
brz,1972,403.056624819,0.2747741833714992,323.4665757721545
brz,2734,859.439359312,0.3295575102903979,747.6377212823604
brz,5239,501.445508407,,0.0
brz,2485,910.930600235,0.2937006561728249,89.50666441075941
brz,915,386.96585913,0.44888250777452954,390.32178219065946
brz,4472,596.896602104,,0.0
brz,1715,1059.30247756,0.5069586771251618,1047.4714636409983
brz,2584,1235.72035818,0.2848688983904528,613.6763711069143
brz,5734,805.987860621,0.20459906995109628,83.48841029148475
brz,1145,4171.00366116,0.24031284023630597,3727.777169650209
brz,3650,658.162362071,0.2911326531152861,609.6268384447285
brz,143,817.950660773,0.5716612003708249,825.7525349934897
brz,1367,4294.68828593,0.28821565437882296,3292.972517754049
brz,5193,678.08727603,0.19168257569386205,92.13267729516123
brz,3035,1001.53000505,0.37259487385352347,948.1476707009707
brz,924,1958.8775389,0.34302434731687415,479.5314570707434
brz,2809,278.628043777,0.26061344940560127,115.92754666197534
brz,5544,2631.54723422,0.18669402599334717,24.079881137025122
brz,4950,734.318406626,0.2502561668678092,190.02708120907056
brz,3467,386.902375604,0.2210628040905656,45.54282597560508
brz,1162,226.174273402,0.3549835264188419,220.81685312308517
brz,5896,274.492163014,0.2812545052080443,259.11387634277344
brz,6225,268.967214439,0.22068659469204133,194.22878690233415
brz,3820,743.72462471,0.31250151479116045,194.75614635991116
brz,904,3342.4908263,0.42143285937351954,3328.751399589987
brz,1959,2826.70478404,0.2616750986301613,569.4690305223652
brz,689,390.406533562,0.43105020325062643,385.8454868092257
brz,6079,1218.9262241,,0.0
brz,2432,614.084329419,0.29658706082014746,178.49354346780217
brz,1670,1169.98270386,0.4049028547216625,1175.6546059103575
brz,5249,835.821226995,,0.0
brz,3211,802.348399528,0.27576613860266347,174.3075049905216
brz,2936,765.987524098,0.27131058562044463,347.2735451193417
brz,2043,1379.33657044,0.25116509856546626,231.35594892314836
brz,2426,675.089495649,0.38239850905758044,449.37291998769723
brz,5607,1065.56791338,0.2295726606744597,67.78763774797028
brz,4633,509.373728728,0.19170197656833257,311.74426888858574
brz,5224,565.23473932,0.20730659435980947,382.66452110140926
brz,5314,1196.94153131,0.18940953200771699,76.95218048095703
brz,3194,1134.8540394,0.3121808043424633,993.2237241558003
brz,2008,1005.34011618,0.27750617769889985,416.9032053330365
brz,118,828.133298812,0.36059330331946393,412.2082966524012
brz,5053,1785.22575405,0.1936471253740063,219.601841137456
brz,2140,1580.59508062,0.25379478299532704,256.73979905072383
brz,252,676.236006267,0.3972487215746365,617.6026092828489
brz,4491,735.66599487,0.17937192315025555,67.26895431817746
brz,3420,670.442102395,0.2631959617137909,49.731138640759035
brz,1900,948.278936564,0.20771568052663217,668.3576794493434
brz,6007,1765.94349513,0.2166641971828449,757.2297045539406
brz,37,790.992776518,0.5017332166523615,777.0770104800955
brz,3370,668.61394104,0.2776139161386197,662.7167916690602
brz,4004,743.674668831,0.21599514006751858,19.108753368901272
brz,4144,798.067143122,0.2291043208000508,307.5630208333333
brz,745,933.501582953,0.3374107445022165,928.1158803304038
brz,1168,451.366576401,0.343942586808569,376.74571877273854
brz,1757,788.992816577,0.393376217336878,798.8868621826172
brz,3881,766.454003978,0.3599268466861624,248.68380324419803
brz,4613,695.410612621,0.21416531577706338,31.410279756433827
brz,6054,394.339978856,0.2445866487274958,132.96634479597503
brz,888,1284.31160147,0.3327716374188368,477.69290574017697
brz,4150,1600.42751801,0.2451207323134132,417.4991806628657
brz,6323,636.472677074,0.2049763332898459,126.70542159734988
brz,1628,1088.61511133,0.35855289324384293,1089.2548390107997
brz,991,701.955292456,0.3537557096418107,690.687656178194
brz,333,456.06006163,0.32064124814890055,423.7437299840591
brz,23,766.641677095,0.5681515747420889,778.376796318503
brz,6110,1492.52748865,0.20702064617324062,296.56230378992416
brz,267,516.768281101,0.3057281618282475,452.0115027034984
brz,401,353.600132269,0.5344300298463731,357.0491153492647
brz,1945,1215.89112899,0.2261264465485859,207.26561548569623
brz,5227,877.726592844,0.19055110738968867,348.3751917820351
brz,3888,961.54106342,0.2556510409350035,498.93451924043535
brz,3866,625.573175226,0.2884322603543599,97.37942334343406
brz,5985,1164.12358325,0.2111245404555009,281.63375253116385
brz,5915,1457.8001885,0.23233719170093536,0.7852094762465534
brz,2068,503.000293583,0.2655936246546207,508.78342204374434
brz,14,808.937072003,0.5092225909078877,808.7228080300724
brz,3198,660.6892521,0.27477778349631127,409.58934589460785
brz,416,453.554349282,0.45818630106164593,444.9387971765855
brz,4548,667.986800063,0.1802026778459549,54.18423506792854
brz,526,575.717380963,0.41343517353250053,576.3065923653396
brz,5363,655.736621562,0.18975059423878352,348.3690316293754
brz,3539,559.653377914,,0.0
brz,3580,1112.71308247,0.2570669038679463,327.7076914768593
brz,2486,521.902673875,0.3205369695891913,332.11665505801926
brz,316,628.472702428,0.3871232037161,567.0758218204272
brz,986,1577.49410751,0.419204981525336,1547.760821144253
brz,4493,702.034374313,0.21708947489693609,375.60654530244716
brz,4796,437.176331897,0.19983472984315295,187.93608335607192
brz,3202,649.137383469,0.3249103067530282,311.9689896228267
brz,3793,917.840414458,0.2937187429394752,389.25526847091373
brz,1149,158.381433175,0.4167211505508739,157.76498727237475
brz,5370,1939.95337133,,0.0
brz,5559,1903.45282271,0.1978559053126485,196.82486542346433
brz,4586,1539.01878751,0.18922510930185038,125.12111574060776
brz,1621,1781.41839807,0.2929582101556159,1776.3340754789465
brz,4236,1373.67339043,0.24784302689367907,335.0432427499808
brz,172,994.512457911,0.4998992032809703,1003.8868427351409
brz,372,330.4081589,0.5024070234621986,324.09404180190137
brz,2700,762.196609476,0.31155187660114814,754.9859825583067
brz,2816,556.549456458,0.23214713931083678,54.95409348431755
brz,6137,599.975149159,0.2543298852035386,370.6357569975012
brz,3709,1102.52553393,0.2437575329528299,45.02288100298713
brz,800,596.299078625,0.3984231503708879,597.7496987735524
brz,3403,786.50154686,0.26749039422378795,442.07653264064413
brz,6393,1114.90431677,,0.0
brz,6261,743.014555772,0.19517127669687512,41.35987297506894
brz,165,784.506468829,0.507800790759706,735.7766294292373
brz,5295,490.747555267,0.20219127038493748,209.39243047377641
brz,6012,378.001657617,,0.0
brz,3522,813.669553987,0.268977564573288,83.75809359082989
brz,6083,346.785041693,0.22515283524990082,33.24243056353401
brz,5846,588.543865623,0.23353366905558742,375.8328540577608
brz,5592,684.246581224,0.20842440817121072,406.2018245622224
brz,5332,1426.13287659,,0.0
brz,3240,899.293832495,0.3705087640150211,539.6736029830633
brz,4418,580.881875925,0.20899443189017208,36.38263696408739
brz,6371,1071.23403351,,0.0
brz,305,841.591381496,0.5016921935384295,846.4326630237056
brz,5887,2053.88308801,0.20452542657272402,201.26977936987782
brz,2372,559.226580934,0.2551832074196979,242.62174628762637
brz,3101,725.059127649,0.26435044407844543,21.461202464384193
brz,4470,638.608711756,0.19566199769141135,406.22780824549056
brz,4956,211.174848391,0.20483841711734707,110.45615222407321
brz,4417,734.852827049,0.197648902861481,275.61924435484644
brz,874,962.740143295,0.3157936876199023,966.3751380172429
brz,3095,676.822037716,0.36071275842420236,446.7557272518382
brz,3761,495.036410007,0.2785886172605966,279.83068312102677
brz,4511,1973.90137572,0.20933803915977478,8.114280162138098
brz,664,936.649790607,0.3772230152360993,924.978015615426
brz,4059,1004.82334399,,0.0
brz,941,345.954420328,0.35441383934065485,350.5620055853152
brz,957,1119.7393552,0.27932051953432097,1118.1349143533143
brz,792,372.960196005,0.5311641050648385,367.80078110040404
brz,1766,1908.8895052,0.26499745877907693,1714.4736334108838
brz,1294,640.833566187,0.2934928839504719,654.0750901465321
brz,155,789.59009746,0.4177338328872122,775.5290277518479
brz,6011,584.130636809,0.2200906193073915,102.60363156187768
brz,36,757.420854823,0.5276732781456543,770.0136473711799
brz,2029,692.371340673,0.2899681713908073,530.4913814170689
brz,5229,604.22402832,0.20244441673738794,74.07251057344325
brz,486,746.158640014,0.3199293825781955,148.32194599824794
brz,3377,723.634470019,0.2782093962128969,354.388929419424
brz,6181,1435.22919786,0.2192423164167187,276.412422060499
brz,3945,910.00794139,0.22618297860218683,507.03667949601726
brz,57,757.509874605,0.501006551291168,763.2304202809053
brz,2638,727.27057382,0.2739070112554565,730.9208678301643
brz,5329,2005.28503628,0.17919518058292402,81.92454833984375
brz,1022,1340.98326746,0.30485181510448456,131.8574067957261
brz,5583,567.589124973,0.21817627117594252,315.3866500854492
brz,1792,597.92554047,0.30977069135915414,590.6079362158682
brz,2825,1731.6529115,0.24297138600362003,99.17825568704043
brz,6190,638.459289273,0.20718861566616917,478.2286377252317
brz,5986,2590.97376323,0.21623991040502785,1057.95221007104
brz,3817,742.657389435,0.32681896578979597,480.0868098539465
brz,5181,451.480294342,0.2071022080160041,190.01989378087663
brz,5115,406.884563232,,0.0
brz,6341,1647.20222349,0.20769210053341733,43.98139145795037
brz,2215,1533.82710286,0.2812973122479338,345.46668563543574
brz,319,650.212164475,0.4421126624377739,653.6557772168926
brz,3148,329.989155342,0.36441423213481905,327.1420850566789
brz,2940,625.886579194,0.32535158703457173,379.2027348237879
brz,4170,1194.09541491,,0.0
brz,3849,1547.19875176,0.27466074801849893,1141.5785616108014
brz,4113,230.87319581,0.2399246723011688,113.0795185762293
brz,4319,710.265054764,,0.0
brz,931,1810.9763425,0.2560239366664907,981.8252545525046
brz,5584,543.615842993,0.20638270992536012,488.1297656788546
brz,694,157.845588501,0.465448934501007,162.71022180295458
brz,873,834.198725938,0.33450896330962304,819.8749801934935
brz,5643,1338.24639169,0.2246641673985113,225.86735720166973
brz,3812,748.808761974,0.365547734401796,481.66089923335056
brz,87,772.670827023,0.36777463887823,705.6641769109987
brz,5868,217.626533484,0.2514652410415212,214.35435985490386
brz,2375,709.815419633,0.29586012189837824,310.9322919359394
brz,3944,1124.59865176,0.22897203368100424,595.7738744997511
brz,3626,734.356634919,0.22099936233376555,180.34434027578317
brz,6258,2264.28415571,0.19193939864635468,121.72284204819623
brz,817,2175.6717617,0.2583552277744696,1508.1140447878372
brz,283,932.005110836,0.4118472032593812,932.512814091701
brz,4458,948.087095232,0.1653881639242172,19.63106132956112
brz,3584,831.476335821,0.2861986589413165,167.781096125584
brz,3771,772.882406932,0.345026051683217,507.8299089917949
brz,1501,1174.20838161,0.3906400079333987,1169.2000022140203
brz,725,900.003430223,0.38408613499656247,891.5175669651404
brz,4158,959.00886288,0.20872903862145054,90.04405350030638
brz,5684,5231.53209022,0.1865428388118744,133.4753189086914
brz,3707,370.833901439,0.32300558407488306,271.4459300321691
brz,3131,927.288179974,0.31405938607454303,654.2891388537837
brz,885,854.616916302,0.31574024083219443,846.5587914261163
brz,5025,770.086043068,0.2246000271952526,75.11823583864698
brz,703,754.584130761,0.3568989133702651,519.0003526874617
brz,1949,1685.16564375,0.21683158900419605,472.6295001759248
brz,391,424.718158382,0.4006427031829261,422.44449052997663
brz,1313,1147.98014638,0.3278301912034003,672.9178791120939
brz,932,274.551082117,0.4205232787930795,273.38499884511907
brz,3269,407.362377247,0.3870508269614289,400.7093735339595
brz,4544,572.300001566,0.20314152538776398,29.57878292308134
brz,2642,669.068033546,0.2844314081666099,679.3647306255266
brz,4763,380.861366006,0.19986707764427838,160.97897518382354
brz,4101,375.185166805,0.22432555226505108,257.8360330319872
brz,109,836.769982926,0.40216817118696324,802.174151252298
brz,5354,449.684083092,0.18047026716745818,37.42844672109567
brz,331,465.249943689,0.38239946523438334,451.2069106756472
brz,6246,1415.01081198,,0.0
brz,5457,2317.08410273,,0.0
brz,5416,2179.6322993,0.19766172272207488,58.36582327450023
brz,616,453.181761445,0.2871768149004566,363.6216583251953
brz,4332,778.330828784,,0.0
brz,759,376.481260261,0.4753879454092877,376.9552547080844
brz,6227,4046.0475609,0.19551962445560273,1256.9953754200653
brz,2720,499.840155235,0.2824923313674655,211.44345320159317
brz,5480,822.327794584,,0.0
brz,2913,554.804383382,0.34245448476649853,489.37458436255366
brz,5421,106.781422628,,0.0
brz,3263,868.152551588,0.36783808830745823,531.570021685432
brz,1883,591.172246772,0.226704347504383,109.3844721476237
brz,5274,837.483817933,,0.0
brz,2157,1059.76548962,0.3551893337988352,360.9090265909831
brz,1730,456.562682515,0.4670361843023631,445.108048023897
brz,715,262.797249281,0.48549441891738004,264.993960092582
brz,1010,712.005579131,0.29669376843100276,705.5900267657111
brz,448,808.414001594,0.5084811927050429,818.2369275560567
brz,4121,803.816343743,0.23425143646509627,346.5671475279565
brz,4375,764.678247177,,0.0
brz,4585,1029.65428001,0.20518955565805921,276.9421700870289
brz,1016,590.370021157,0.31056861583341605,496.8164588180243
brz,933,585.228286202,0.27991117249637165,564.2962571985582
brz,1212,307.675011842,0.2886035069823265,265.29521807502294
brz,187,798.371104829,0.5203359082060038,790.2055219164083
brz,4253,711.279450697,0.20412763527461458,10.99370413387523
brz,6228,1136.84359268,0.1858138837915755,436.88868198768756
brz,2572,691.652703542,0.2816803328414907,701.3563590853823
brz,1335,1255.51102773,0.28030992819606143,529.0154087739833
brz,3414,698.816247753,0.24622680229992516,46.32815111945657
brz,1472,700.802442438,0.31247585622339924,681.5343296425016
brz,3875,789.808970583,0.4262273931454489,255.75186935125615
brz,2365,1055.35575122,0.2577221408302402,42.399907280417054
brz,2254,1334.4558018,0.43552149344574326,460.6232184017406
brz,5022,187.173577385,0.2364881444503279,88.9903402889476
brz,2620,955.980804755,0.24619238442685726,381.28758015352133
brz,257,395.985089779,0.3472916464500441,382.1731255924001
brz,2118,344.593123075,0.39630589747833,339.7101669610715
brz,559,627.311343343,0.33115967421302217,619.7276963177849
brz,22,782.062301145,0.5566021979477688,776.2840972900391
brz,2817,546.229854237,0.2588836390690264,159.3666176291073
brz,3489,579.199826729,0.2016308307647705,57.844862365722655
brz,4833,704.715169952,0.1979907935953395,48.94747368307675
brz,1083,3294.16259758,0.2561346536269542,3244.0161337459785
brz,1438,630.665319355,0.2531217991639919,632.3463082107844
brz,4635,743.407231344,0.19652920862038928,263.0586309993969
brz,2300,1026.41364512,0.33391570783229785,433.6792678234624
brz,3379,754.811453718,0.27946371495335415,401.7635324515548
brz,2972,586.639053642,0.45279716438159257,583.8621838139552
brz,6271,588.804763803,,0.0
brz,6023,1060.14457911,,0.0
brz,1206,297.915019707,0.30462953755719385,306.8929069967831
brz,3823,841.700027121,0.307090172193254,432.1796857347675
brz,2760,864.121988909,0.30948887921612844,379.4449806961359
brz,1040,262.10908,0.3423300181564532,258.48374567966835
brz,1514,2297.71199348,0.2211734229080521,1237.499116037406
brz,3572,559.625629944,0.30567491840985084,75.38245346966912
brz,2526,630.768496555,0.3564525231211663,415.0683864518708
brz,6104,1197.96009179,0.20971759556335465,1067.4309146058326
brz,1103,671.009003116,0.3796415563231532,673.6950185738359
brz,4815,905.428886707,0.211101468622999,198.4065715116613
brz,6367,1032.96038911,,0.0
brz,2111,697.697993427,0.31127757030307246,637.8061388501933
brz,3928,991.745129337,0.23695385653745654,992.6021079867495
brz,5611,1970.01102788,0.18661178718816052,1452.5798879586011
brz,6055,808.901336947,0.23185277016819186,308.07394394220086
brz,4422,1767.79276935,0.20069279308117385,430.0444831100165
brz,1441,399.093959385,0.3758305774994165,390.8652775483973
brz,76,782.452063344,0.44452983528641987,790.1600183524334
brz,596,1131.68354449,0.41398367660669794,1131.1621724745808
brz,2559,796.75940737,0.3052451173298196,187.6409299962661
brz,6098,849.72643238,0.2690922249598656,767.9779946719899
brz,2835,1029.33555668,0.3788040007526304,785.8427499808517
brz,4939,798.482851962,0.19495031589138698,274.04945499195776
brz,6132,1229.66701745,0.2426554200844576,231.64794425216377
brz,5897,289.982921874,0.25162571526838895,286.0719147626091
brz,4182,525.97713956,0.20774194758936382,385.8279396505916
brz,6182,599.778981267,0.21199512573164556,294.2115124571557
brz,6351,1349.03195496,,0.0
brz,3094,700.523453673,0.34275586026265414,551.965973887724
brz,3901,880.963322463,,0.0
brz,1200,451.455921505,0.39834655410256886,273.1403388827454
brz,4569,778.344263191,,0.0
brz,2926,623.099377684,0.38971261722628425,614.7290026795628
brz,5158,408.654310772,0.1992929319430587,94.48773396809895
brz,4187,739.038277546,0.17992724664509296,4.188073491115196
brz,1345,1256.239307,0.2777881647649327,1209.4932367960616
brz,420,3015.7909386,0.5537742997140507,3024.8536548988495
brz,5185,1326.93363448,0.19474051125899033,304.138075465782
brz,810,449.164363634,0.41550723784529603,463.5560915479473
brz,5153,722.08782219,0.20488242879442256,288.1756064022289
brz,4940,696.220449141,0.21274869416109812,262.27061543184163
brz,1509,1254.24247628,0.2992693329757114,1247.961267897662
brz,1374,608.734844209,0.3627436077262757,601.2040985107423
brz,1416,1426.09826377,0.2610479855949884,1342.1649551989985
brz,1585,1044.66874347,0.39020781186931675,1033.214183253868
brz,1388,353.493989593,0.3150483784526253,350.83458365646067
brz,1560,1114.41743395,0.30142757224304406,728.3919952093389
brz,2829,1098.8090926,0.3855202347837436,1027.1143396714153
brz,1987,879.656213629,0.2419389058631108,550.1114824482038
brz,625,960.078783727,0.31043046747951486,944.6360397338868
brz,1444,411.008315788,0.3984663632924799,409.96249826468676
brz,4512,1119.68136457,0.19623153676157415,30.101361891802622
brz,1683,1509.82498161,0.38882578286681346,1505.8927363975376
brz,560,751.172952154,0.2525843886337404,303.4557398777382
brz,529,1047.38664084,0.3226636986426055,649.2960611979166
brz,5973,1240.60294337,0.21302060716340634,76.16702566707835
brz,5751,1641.65007569,0.22677520223889486,1629.1727644378063
brz,1355,217.08256883,0.43038692288769925,218.45417375751572
brz,1311,634.168710758,0.3435450702835366,554.6621882120769
brz,2930,801.660437601,0.3209766703785846,723.3345378501742
brz,3169,767.072295343,0.38217982957043595,330.0199930826823
brz,99,902.944313245,0.5212065495275809,900.5049754722446
brz,1948,2650.58161383,0.20032212164699065,161.72993253820084
brz,5376,422.118372034,0.1841315840654832,97.8884261785769
brz,6158,3950.96160589,0.24987264613420726,3349.5965056774667
brz,2208,1420.21230241,0.2685821724538074,270.3550934436274
brz,6162,521.505872815,0.2757774311963314,397.6011838127585
brz,6051,554.781830733,0.24610798060894012,27.221394856770832
brz,3968,739.423664564,0.24034864395051392,184.02145975150316
brz,3736,890.312122581,0.3138507983122749,182.19180890251607
brz,2203,1389.57283103,0.2636637576907972,317.20218640495744
brz,5442,501.209823934,0.17932144032334382,13.871943185843673
brz,5938,420.503835076,0.24216178828670135,105.48052167705463
brz,5968,2039.75294814,0.19854253990989595,150.76253536448758
brz,5994,1934.87865277,0.2937370584651373,299.6938377829159
brz,3493,796.919625533,0.1864766208596505,172.22639399509805
brz,1718,927.575351136,0.456345357356614,745.2444320080326
brz,6042,341.053602704,0.2430954725810388,247.60829159605737
brz,6010,900.424754681,0.22061126098108064,273.5222646675858
brz,2820,679.878905358,0.23231529364581682,297.7966088388481
brz,5393,817.534396144,0.1931300911550718,483.94383766323915
brz,2114,667.620907054,0.23836141392296434,333.691588457893
brz,2553,620.869239141,0.33676232787052013,396.4796910005457
brz,4176,882.816724259,0.23979020169678267,160.71893941841873
brz,245,837.928034519,0.3767065789571803,825.0376439113243
brz,3108,548.633001793,0.3564386611295284,406.97673618092256
brz,4967,1091.65252379,0.17407137155532837,17.536800010531557
brz,3648,763.800632583,0.27562598387400306,105.22500493666703
brz,5202,621.202489498,0.17718341074338775,32.194256861069626
brz,5946,547.236341912,0.25183753524219893,255.45894156063304
brz,3728,872.428390536,0.30106813213421224,109.6803305532418
brz,702,511.070127366,0.3819995251076001,460.14136723537075
brz,2101,670.603848559,0.2638717926026937,645.6559641220991
brz,1285,1431.80523858,0.2777979765584526,1431.0966454001032
brz,4534,803.211918267,0.2148095584550842,159.6712656956093
brz,5265,385.208401008,0.20181165575292065,135.84604195987478
brz,4256,1037.25431018,0.2158388704395829,490.0029796824736
brz,5024,645.167882133,0.244689479470253,49.72984254126456
brz,3245,806.465039873,0.38234492041685547,541.5079097673004
brz,131,816.674877409,0.45945030948603766,723.4714641795439
brz,3116,761.759943319,0.32851497957686426,778.611193787818
brz,5238,607.080407939,,0.0
brz,2249,845.449132332,0.3149222376266448,778.6123543533624
brz,298,717.143109479,0.4970604260645616,711.2076662549786
brz,4246,727.103889912,,0.0
brz,1813,1586.41689978,0.28251193656975293,1481.6263030407476
brz,1656,1380.45964681,0.45670117943016264,1380.7807391895965
brz,2931,934.595617996,0.3076984498719041,577.5682776955998
brz,4666,532.588441612,0.1924977408485779,354.93034605138445
brz,4294,428.597729071,0.22972375102560896,195.2681765986424
brz,3208,1042.35820058,0.37507991036695665,981.7165308335251
brz,1382,588.545991505,0.3245209988168428,484.782049261355
brz,789,519.625950127,0.4794615942594265,519.0040008544921
brz,2889,1235.90152057,0.30732398761818935,542.7463938694375
brz,5005,544.541248952,0.22035859244775946,212.79202611586624
brz,4057,391.917348663,0.21801583975958072,289.2514057533414
brz,4719,465.742284409,0.2101846175069283,436.0857835059072
brz,220,756.979267063,0.39540560681731307,753.0857526891372
brz,161,750.359887172,0.5368306119263406,736.8189765182195
brz,5555,1764.50588806,0.2045477814382138,1470.152749873142
brz,438,1037.1583971,0.38055242324805816,824.5068530213599
brz,5575,1196.0870659,0.2639911239079776,175.88539285098807
brz,6071,866.513928674,0.23412692014814637,541.0331446928136
brz,2052,921.485121568,0.2073639091596188,366.6622576545267
brz,4809,1791.34039868,0.2296201196201875,976.5749046176089
brz,4186,400.761185146,0.18939589761233558,216.73285208309397
brz,4999,260.734699644,,0.0
brz,4237,1028.57226553,0.20976707671528033,549.4205920948702
brz,5855,1001.54530699,0.2609959064789539,374.526288799211
brz,1046,283.876460893,0.3487408441992907,285.69450225830076
brz,1545,1008.68370205,0.2664246544677032,1021.4064126108206
brz,3764,779.928123792,0.2672388734119593,226.69082034241922
brz,6094,1392.73460963,0.22468010777914074,1033.929817798091
brz,4274,1011.17424066,,0.0
brz,5513,486.271454202,,0.0
brz,2675,673.487121034,0.3536386177096723,356.9536250993317
brz,3740,776.949811954,0.30245192590921244,488.4656205121209
brz,964,1230.77086056,0.24181970671197703,1091.9914891860062
brz,2285,2551.72886336,0.22285707250125425,139.23576462689567
brz,592,1084.09751719,0.295384511708414,273.11007394229665
brz,4870,1654.4903353,0.19914213965426297,144.74729739918428
brz,2695,2219.35527549,0.24233746589035604,251.75134785970053
brz,6354,670.627339643,0.21450594818123436,106.55049641927083
brz,4219,1061.07457495,0.21731307668302527,104.17533419739965
brz,1884,955.609911613,0.22717533416526262,78.76733509138519
brz,5328,165.23865859,,0.0
brz,4552,718.501076747,,0.0
brz,1310,874.143902967,0.3026583740073333,615.1010463639801
brz,3100,544.598340693,0.3026212756168971,72.49690354291131
brz,1956,519.709143331,0.2629146706312895,435.474223058364
brz,1337,486.837326131,0.3380617811688847,484.7975006103516
brz,1034,3343.14224897,0.32458631341822575,3332.260132165049
brz,5832,488.846342479,0.22787277370520032,364.31206808651194
brz,4383,570.512160066,0.19873766811951152,221.9680242800245
brz,4565,693.153215986,,0.0
brz,3611,635.186829422,0.25783473288834985,438.4275186576096
brz,4109,474.715883691,0.243132347734238,101.82450103759766
brz,5183,382.86678978,0.19316223654237205,162.79974422080846
brz,3305,641.779528414,0.34139919551936065,356.99516128839235
brz,5609,707.464831261,0.20541103597334975,374.7936079137465
brz,1767,1656.46927818,0.26749302882043285,1502.5244844324452
brz,2680,649.907707982,0.4124586464067098,642.4663479374904
brz,5710,328.624076011,0.28783756814080796,336.8317097383387
brz,4212,1000.15804233,,0.0
brz,4222,780.538277835,,0.0
brz,2715,374.305854772,0.3418348555573188,375.52302455528115
brz,1809,1297.1290017,0.2705338902547208,1251.8585617663812
brz,5622,1650.45627676,0.22882181406021118,13.348121643066406
brz,2045,1074.38683202,0.31188278291656407,293.9056602328431
brz,4721,511.372913684,0.22076179514880534,226.1573303222656
brz,3922,966.152221691,0.22704937208409928,315.94800633449177
brz,4286,1001.09073312,0.227976588577759,42.92744356043199
brz,1198,440.255617189,0.3765196507396234,300.6102639590992
brz,1073,354.021265598,0.3879965800481768,355.0334899902344
brz,1249,2373.44551088,0.2753503156773871,1639.0778236239566
brz,1183,864.352349375,0.26338942613675537,861.5308284983914
brz,1257,3629.04641078,0.3108618519447083,2018.6847919239713
brz,1160,327.296578468,0.36634997193026514,262.4160243614047
brz,727,229.486834363,0.5501429387684321,231.24893032896753
brz,5126,803.02891413,,0.0
brz,3683,732.834168865,0.306838910878616,256.78337710511454
brz,3603,1048.23334478,0.25233494230595077,79.57241022446576
brz,6203,113.092110211,0.25280841828232087,111.50940749224495
brz,5661,1457.82142162,0.2323701479164514,356.46144923789825
brz,4911,214.823957003,0.2571644362153076,107.31848491593902
brz,231,515.837576586,0.3007551419462395,434.74370933981504
brz,3703,631.630198103,0.3412995528830381,489.2290261661305
brz,4583,733.099241083,0.20384918944498082,118.31553739659927
brz,2177,611.804384974,0.3663140334242104,513.4852890912225
brz,989,755.946442749,0.3580535700487108,761.3241020651424
brz,2128,713.442351651,0.292660382315283,417.4365424361885
brz,2658,615.069921041,0.32658117274135273,202.5501293406767
brz,2345,725.286464581,0.32306729654471084,353.323974609375
brz,3160,870.588440304,0.34187502765168776,365.3499688541188
brz,3753,743.33023332,0.317851230145005,557.0504636577532
brz,6232,2277.46351541,0.1952955722808838,66.75077056884766
brz,2382,985.987032497,0.30757699162860413,713.9887410481771
brz,204,2335.35150328,0.3453770376348742,2032.442240367216
brz,998,1902.99978921,0.2946645881035984,529.2668971940583
brz,5240,446.23968308,0.1857057362794876,10.469767252604166
brz,188,788.809420257,0.5024295690568906,808.2546844482421
brz,569,286.086769598,0.4428577743894234,280.698086158902
brz,4938,672.557348109,0.19949739246196999,240.284484055463
brz,5373,560.40626887,0.19013257324695587,21.200360197179457
brz,718,262.475714187,0.3738030157089234,261.5925282497032
brz,230,1099.36579847,0.2185568456871611,785.7794191846663
brz,4915,910.390076324,0.24051283897226872,248.13992910946118
brz,106,773.733177244,0.4114633824256872,750.3854935889151
brz,2986,673.28708946,0.42195007270775337,675.9868054558249
brz,1340,479.107527641,0.3658468553373036,475.37696676815244
brz,463,583.833491823,0.3234565108419787,589.8761873432235
brz,5058,1163.03989062,0.19845000141224328,314.61267816880166
brz,847,334.059743512,0.4534594719345962,331.4523738487094
brz,5588,1342.59844935,0.2050922219840369,1060.2676223754886
brz,4032,898.693812101,,0.0
brz,3301,362.832305863,0.41355100537861017,366.6809212179745
brz,3179,862.390063997,0.3842921179753763,162.52443348005704
brz,4083,1056.01865349,0.22641417687859117,768.0195700551948
brz,4289,608.60706038,0.21085722744464874,7.329103477328431
brz,4093,647.821457659,0.25189618491812754,238.72874800738165
brz,2130,896.746950522,0.3062902554592303,464.020417247099
brz,2884,1907.98124703,0.22904813511821326,874.0375628901462
brz,6401,244.953345512,,0.0
brz,4600,774.108706898,,0.0
brz,11,811.14864519,0.5284425199501313,796.9542800304937
brz,6068,134.161642812,,0.0
brz,734,695.169792235,0.4367364072324542,698.9741089166379
brz,611,489.058216185,0.45383914395565683,492.85417728798063
brz,676,1221.1157157,0.31288169415368156,1216.920016868442
brz,4344,861.220555168,,0.0
brz,1106,406.072614864,0.3016763123909174,317.6162301456227
brz,4324,1778.59515497,0.2060101193951447,907.2409366682465
brz,3395,678.548009535,0.2612564910504444,511.4412654203527
brz,5069,1034.98732042,0.20456656372005286,143.95780630672678
brz,3774,709.286413467,0.40250647361753916,690.5442454319373
brz,1067,1028.40315571,0.3284445427971683,1038.9269290998866
brz,5256,902.489891785,0.19863054713582604,96.58393411075369
brz,4318,770.001292161,,0.0
brz,4307,377.139367972,0.24656997258598742,19.36986233580346
brz,4988,997.277043283,0.24303378791512337,243.94189147949217
brz,532,1808.17078762,0.3536518961191178,66.96974571078431
brz,2228,1369.44884654,0.3297402943883624,569.7547047035367
brz,1615,1228.5539914,0.39691784002798985,1207.5008286719228
brz,1850,812.8824705,0.23892225807519268,218.2419897341261
brz,4284,721.685298372,0.2158929346509839,194.74346798167508
brz,1697,1392.80379662,0.33795155214243816,1392.0958211263019
brz,6326,1197.15295059,0.18561823666095734,65.97072251263788
brz,157,770.07382677,0.4144615706718342,750.680310746735
brz,5995,760.568070303,0.25241177098890033,287.39217277975644
brz,4636,738.484950093,0.2083960703359555,423.77329308004937
brz,1983,835.041332132,0.2308581842341799,514.2541359097349
brz,5533,442.947940067,,0.0
brz,1941,1235.57964292,0.2164218703034065,172.98202589446424
brz,971,1017.00197161,0.2967608777824736,1023.1809291465609
brz,4172,598.45399469,0.22462859749794006,1.5705465877757352
brz,4582,910.436404386,,0.0
brz,1338,340.279394486,0.3793739167061023,334.36074984681375
brz,1899,1252.32598512,0.20886426030995905,893.4124377680762
brz,2232,1702.92737031,0.36692204471610734,452.507119362027
brz,5077,406.836175168,0.2116277238333618,95.27306425805186
brz,1606,1554.51857746,0.36535322796265673,1558.3578388887297
brz,913,682.715043304,0.38662305252993934,681.7580869487687
brz,1731,487.970008336,0.478235655213813,495.35004272460947
brz,1242,635.823177592,0.33857019641700786,322.84895605947463
brz,5339,1458.45325191,,0.0
brz,2722,461.398309805,0.3250331371827275,359.2962192011815
brz,222,716.050704263,0.42516774972556315,714.3741895787856
brz,1301,520.263112672,0.3396932258260217,372.56318721397247
brz,3804,1849.40844476,0.24259095908810235,351.30304574405443
brz,5469,3429.19348985,,0.0
brz,1331,1324.87945527,0.2862303192319302,386.4257624906652
brz,5051,1111.70539217,0.19015334625116587,332.6738104427562
brz,1077,1749.91384533,0.29198535578026247,244.36530184278303
brz,2090,1384.3855456,0.28362381146157206,414.82144619810805
brz,2431,885.254118128,0.22782813760984158,117.25096606086281
brz,2290,706.441780125,0.35464404680341716,357.77452054491226
brz,3389,1162.64817734,0.22603340306594016,464.0634372486788
brz,4765,541.141114411,0.19941840806068514,51.04214567296644
brz,3867,642.594649875,0.35337347414641257,147.9015151379155
brz,2465,587.984375868,0.29735829631790167,343.6417772779278
brz,4526,647.032456946,0.1980295020298366,71.72037571925742
brz,5143,1014.26806311,0.19018720952952134,151.02171514174518
brz,6131,2215.23370005,0.25403147859840974,256.51432393391923
brz,6411,744.120155191,0.17680333246838076,102.6275167427811
brz,4598,610.075762818,0.1824693573372705,75.12340040019915
brz,5402,1578.38159556,0.1832660598414285,27.481854158289295
brz,2629,416.65063086,0.31395331324997894,421.32957024667786
brz,4823,976.054863874,0.21260642405185434,75.3847895603554
brz,3246,873.893977906,0.4115264432128227,485.4988747391046
brz,1851,753.011718417,0.22402787127645848,404.82097084195004
brz,5835,1500.59614704,0.2110750964673041,547.2520066504385
brz,3890,876.945562254,0.28808289781138663,315.695024467917
brz,4134,2039.43602127,0.2015745239686801,151.2965067545573
brz,3360,717.102159043,0.29157479573041206,217.765472352271
brz,555,425.328067651,0.26249691886606363,246.94932798497817
brz,2310,848.247261785,0.367846628630682,671.0624765433517
brz,1061,614.308630049,0.33099238723174695,456.27696937112245
brz,5419,479.760926619,0.18217864468557024,114.11472652659697
brz,5620,1207.78046853,0.19872011244297028,86.37019886690028
brz,4962,293.181809212,0.1833776455931893,92.39568298938228
brz,1808,1615.08340733,0.25402623008749964,1399.4412051930144
brz,535,216.610049474,0.44613306023074556,220.7904395309149
brz,5399,893.404491764,0.1910261063513883,186.61532287597657
brz,881,2239.78526651,0.32040328970333987,612.9380435420017
brz,1003,360.832898282,0.37275966043904984,356.06875676173786
brz,5911,628.526783543,0.20020606910726824,205.46262913124235
brz,2963,668.655277505,0.25504019176351994,600.350090864593
brz,2192,1035.78306449,0.3665133669226494,449.62549525242224
brz,1896,728.992911769,0.1842309560184341,235.7805550369562
brz,1729,747.361549169,0.39344572763998753,681.4006463443534
brz,5420,249.213049323,0.1922112075611949,20.938483743106616
brz,5136,1197.22237706,0.18252873420715332,35.857710864497164
brz,4614,644.738496523,0.20151286283983796,179.30044070973116
brz,299,691.912301525,0.5090545810264969,698.1279046152151
brz,4943,745.892004438,0.2576460412075353,135.06131223790786
brz,5288,335.381817907,,0.0
brz,3107,670.857286786,0.3424726943340222,251.77608911850874
brz,292,780.406436472,0.46620399013051134,775.8230453790402
brz,1187,1219.58125209,0.2717659513375211,1088.8806389902152
brz,724,3923.2353233,0.40132750075063717,3917.676574796789
brz,2104,676.287730223,0.2603864122961843,337.61456954058485
brz,5385,270.325966247,0.19922815036514532,24.079443479051776
brz,5901,494.116066263,0.2502525302430293,383.7002995210535
brz,3773,1317.71376049,0.2919483137860818,1119.847005447687
brz,5287,266.899013259,,0.0
brz,4593,551.563678197,0.18737137724418895,96.84976301006242
brz,2550,692.666355435,0.33590966124827015,486.5063051709942
brz,4794,4134.24838333,0.1814267383585768,72.50491718965418
brz,621,834.410815719,0.5374974436145897,822.7342952653473
brz,2708,766.237371743,0.25613463980178736,761.2608209348195
brz,199,936.159240818,0.505361236133787,942.9730916640339
brz,6188,568.494395032,0.2529435751034892,335.83201207179644
brz,4814,680.0575157,0.2017989950468493,341.84500696518836
brz,6145,1077.75319471,0.23551937404841813,470.62526580212165
brz,5764,849.824681011,0.222696156375738,823.0824468276079
brz,2346,728.231633146,0.2960917998191923,326.367042721019
brz,2861,715.167441812,0.26704036700348877,703.9531383140414
brz,5286,724.008297946,0.18915215260071921,127.4680903715246
brz,445,337.493183711,0.5206845313857456,342.1520155962776
brz,2278,669.936268777,0.3979801122776488,460.62672917983105
brz,4156,915.597706288,0.21871977822019348,341.8557680616192
brz,5760,404.460122981,0.276830589864403,343.364157373765
brz,5106,789.514176898,,0.0
brz,1803,301.352423191,0.387485868197221,306.1644973754883
brz,1436,407.702235446,0.31064946310996705,409.70499079087205
brz,4681,748.407144771,0.18761541363985643,90.3044079051298
brz,4151,509.950381686,0.21575193584658747,494.9799842086493
brz,3136,611.313022828,0.3641984609653082,502.2313308416629
brz,1962,1414.11726344,0.28249305888680337,330.79533721325447
brz,3917,944.616024172,0.28898929556210834,18.06169245102826
brz,3106,452.988972639,0.4188157726287075,243.92414514878215
brz,2802,1019.01115617,0.3234750494671891,927.9538925170899
brz,1135,527.659073025,0.2445633574976526,385.645193122415
brz,4731,581.48575733,0.21263032855617034,581.1006721047794
brz,935,1765.61145901,0.2766854442822768,1718.5325051999562
brz,434,722.135841688,0.39484017030129676,720.3909894457049
brz,4669,536.907146624,0.18965105509604288,182.7008082670324
brz,1214,2639.0977311,0.22197867275218222,1536.3167310527729
brz,830,444.369232734,0.42829287677185357,438.4450752407897
brz,4266,1002.81586748,,0.0
brz,1700,917.788384616,0.3732682473080396,949.0899812586167
brz,147,715.027224854,0.49241664397673,716.6815678316003
brz,58,764.061371111,0.5086924725203482,758.2606284048043
brz,1919,1482.73828666,0.20115761697292328,78.5075091193704
brz,3253,3561.01064388,0.27370363420339083,3204.269388834636
brz,4830,1313.65858968,0.20678753741022285,154.1712449915269
brz,3219,932.355845369,0.38650941762085483,652.4772144392424
brz,6195,1038.3465269,0.28344193759213493,65.17743252024931
brz,4442,853.78156975,0.19735358058139893,184.7960989559398
brz,4138,724.271622079,0.2368486360755078,67.53326407039867
brz,1927,2618.2118304,0.23250728845596313,20.150360197179456
brz,4355,764.41693108,0.23978180763179854,229.28895314534506
brz,6262,1152.76033225,0.19277338021331364,91.88174312815947
brz,3303,974.255027597,0.34787919004188633,310.4082518932866
brz,1940,2178.01467291,0.21927312191794898,120.11895392922794
brz,310,514.043328096,0.3402288877004391,492.2726344688266
brz,1821,1114.47582247,0.277877328083416,698.4202804266237
brz,5368,1260.46944722,0.18640093505382538,2.355599885828355
brz,736,1711.60106239,0.31431923503484516,1707.3960318771067
brz,2204,913.951891949,0.25736450600759325,322.96053068871595
brz,2992,650.840341481,0.28373420538141175,624.6993533265357
brz,1866,1749.69657526,0.2726317763996961,1610.1696868896483
brz,6128,1558.93281791,0.23733825672606718,283.99934737261606
brz,4567,679.556920803,0.1876923143863678,61.25152695599724
brz,3236,936.133319275,0.361425578234767,499.10545070872587
brz,2009,1035.97971511,0.2855753113028299,404.0795212091184
brz,5424,972.255805016,,0.0
brz,1638,1715.94529372,0.3233694255542045,1723.5143093034333
brz,5889,486.729114003,0.24027776226554948,203.1030172011432
brz,2533,681.253383297,0.35305807821306534,667.3541761809703
brz,633,568.611740626,0.3085888739757404,391.61006658217485
brz,3972,962.681023927,0.20742977729274167,282.7069350597905
brz,2338,736.874422855,0.3161749922312223,527.3680922564338
brz,2393,1078.57151565,0.3472810704970393,556.6865778305951
brz,3830,1017.39770869,0.3712873674419583,708.0778564752317
brz,5054,959.851359737,0.19531306869208362,310.6879422655293
brz,1180,265.009075816,0.3893374241925813,261.36480389763324
brz,2482,699.059074923,0.32778711163271707,489.9334852630016
brz,1006,746.031971163,0.3309097182159964,675.7678339640302
brz,521,1049.83672359,0.33437274308427345,677.8044874602674
brz,3934,1053.00137151,0.3037294514493072,123.289244259105
brz,3743,617.477791997,0.22568158582401196,320.1488558301739
brz,3633,640.968996481,0.2648365500838237,348.1289753633387
brz,1211,405.966876377,0.2846158889751458,324.1621704400754
brz,5672,2342.18715646,0.23930354334051582,1070.688409902535
brz,1350,951.190389569,0.32736436854246737,784.6080106249042
brz,6078,1043.62140699,0.20602390775749896,332.94431056602326
brz,4832,818.54606886,0.19481837282475736,126.94928337545954
brz,5804,3569.12135894,0.24241736208800121,1248.0980680877087
brz,6300,1011.03045878,0.19794786357971283,442.6726812624465
brz,3937,937.265802134,0.2756756858161531,350.498919617896
brz,1092,824.83818425,0.3743577088067136,754.0193645402496
brz,5594,736.770212193,0.2323971212648386,422.69076804366773
brz,699,284.524058495,0.40149037177797164,281.99541299857344
brz,832,426.459712291,0.4353455633033801,430.07394992603975
brz,4046,735.997530991,0.19438909685069863,28.794104333017387
brz,6125,923.322009181,0.21337796888369817,135.8486961813534
brz,752,725.253396308,0.40856012161509087,718.3257783179189
brz,3216,667.647253095,0.3197521474090134,239.2156469606886
brz,5180,602.068041815,0.20859919004890332,325.8601168464212
brz,4836,753.348302293,0.21340425649480008,104.17719600901884
brz,3215,700.542837809,0.28077680913116476,110.18582928227443
brz,1299,339.066986437,0.3701877121770928,331.22595639696306
brz,3567,675.844368665,0.27672703850897484,442.0838687373143
brz,371,1048.74542538,0.5029408166741202,1044.2173144471412
brz,4921,567.305881258,0.21142113540331117,102.34495400821461
brz,2443,779.992635967,0.2583190307598492,567.4068034751742
brz,2592,919.595282397,0.34897277839457147,394.8959808947993
brz,346,312.492271244,0.42669513676284754,316.5038548787435
brz,5534,412.867312094,,0.0
brz,3380,655.58201307,0.250842545910488,557.759294756721
brz,1307,1041.7181656,0.31041173399153865,331.22813325769766
brz,3514,639.327222816,0.2256210126311964,515.3722254435222
brz,5791,2279.05831372,0.2562406759710363,784.3397908827839
brz,712,437.469213065,0.5146917369805807,444.9721693749521
brz,1164,239.993178961,0.37972723506590694,244.10129986931298
brz,484,2660.50705022,0.32652870461107053,1295.6673562143362
brz,1318,1266.13543687,0.24855464081292464,466.756252932081
brz,1482,419.2996392,0.3495482422011884,414.6756794948204
brz,4067,1033.25595882,0.2085042431224453,741.3218197990866
brz,5844,3174.29838429,0.19436718471288034,2136.1764216404335
brz,5041,279.87700971,0.20514477520103913,217.2444933723001
brz,1522,629.988016992,0.3326566506753647,628.962057465198
brz,6236,462.466150731,0.21483431945948842,107.06183950386796
brz,2531,687.790465633,0.3529908740956171,694.5735174740063
brz,3621,707.473695291,0.28766494225940575,339.2239579144646
brz,1662,1559.81002509,0.3920825519582681,1566.0263934266334
brz,4630,1038.90324072,,0.0
brz,3652,666.581940292,0.3219636629945454,494.45623584822107
brz,1705,1170.72753498,0.3761781409813828,931.8200249765433
brz,322,889.348043141,0.5394584733427848,891.6812884461646
brz,5441,604.310590344,,0.0
brz,4160,954.556750131,0.19062930345535278,45.28386035993988
brz,4958,4599.76701002,,0.0
brz,6080,1963.66385288,0.19948559690396345,1362.924603211646
brz,2283,675.030660072,0.2926748678489011,661.6285346236884
brz,5503,400.391674019,,0.0
brz,4436,337.85176746,0.19128769128160045,138.20338254442402
brz,2546,573.618129725,0.3720563891925206,473.6854101742015
brz,4231,1311.35254486,0.21136530105811188,197.09945535098805
brz,4509,1375.63635164,,0.0
brz,4914,1612.27727328,0.23089034662606078,232.69680660472196
brz,3718,816.055661968,0.35446455868001947,262.2869257309858
brz,2742,849.785790389,0.38280897723267654,669.3884467031442
brz,4568,855.105500564,0.1876923143863678,5.235173244102328
brz,5765,962.390451849,0.22514292182672974,920.699122021245
brz,3413,574.393363941,0.25874910767640436,174.3192388197955
brz,4498,762.754758211,0.2143392339348793,42.40301055908203
brz,5714,2964.74127505,0.21396647116687714,716.580100325042
brz,3679,730.624804023,0.25071275946371546,296.30913971545647
brz,3039,1564.37159336,0.32789047313749503,1234.9754910038966
brz,3480,747.542312129,0.23992304049182533,374.8124644559972
brz,440,675.168210885,0.4040549766416152,663.8948997048772
brz,5316,1613.96678616,0.1802863220910768,164.6360107421875
brz,1477,768.187572086,0.3791319870081232,776.498499402813
brz,3498,732.051956915,0.22155237197875977,7.067068660960478
brz,1550,2127.30596947,0.38584736387712726,2138.5608677284386
brz,3656,602.023450284,0.4003856228181732,590.7857093960633
brz,786,374.878556831,0.5589975602821632,377.7446069754807
brz,4463,322.032574282,0.20646597445011136,28.792159435795803
brz,1752,1195.23969541,0.31388723932454543,1195.3133514404299
brz,1754,576.49566757,0.44886184980696686,578.2968588436352
brz,3122,912.060616582,0.3567331874310369,777.299343064252
brz,5166,331.683481243,0.22596617615837086,198.13340008305568
brz,3587,834.322190302,0.28965735904839596,237.669200852338
brz,369,728.902914262,0.5292097886417639,730.0665032181086
brz,2167,1955.83410638,0.27871279494474394,194.98069598628027
brz,1931,806.181298319,0.23106077262039842,83.48039936738856
brz,1486,998.763533971,0.27682397248347607,784.8803630155674
brz,3044,1341.73750563,0.30862227131760334,559.2663215487611
brz,647,193.290916736,0.37201316553725783,193.05575848747702
brz,3983,729.008545861,0.25617997872019277,404.4243958417107
brz,4707,489.490291084,0.18925556612380764,59.68015046961166
brz,3980,871.371090748,0.22034631197687807,177.73739860385072
brz,6268,1314.81869024,,0.0
brz,5996,2250.46061569,0.2547505166016373,266.97613749784585
brz,1277,2771.23991071,0.24311988871265575,1830.328562568216
brz,5976,2793.15831066,0.19628668966747465,54.96609182918773
brz,3511,855.62787933,0.21523258864879605,26.174268655215997
brz,3070,794.31041126,0.39210214343937955,28.788775874119178
brz,779,1625.26656697,0.47830043874829914,1622.9534697887948
brz,1435,382.645999754,0.3839627697557008,384.5887094235888
brz,6016,382.932033102,0.19555377400225132,41.09381896374272
brz,1843,2232.17693914,0.2516847395283335,35.58845983767042
brz,5720,591.154231299,0.2673967849509216,296.7864113601984
brz,1873,683.105351376,0.23492128716665006,96.03868025237438
brz,2195,714.283380156,0.3313026445098671,543.0602099848729
brz,3708,775.062686493,0.24777428310298358,221.186875706093
brz,5085,1468.8028255,0.20377728546479618,130.34567063275506
brz,6005,2124.99543604,0.22319416919102272,175.8926353304994
brz,5662,652.090584604,0.2231977464102987,578.6620272168926
brz,4272,657.668356308,,0.0
brz,3846,439.026863523,0.39067926703120115,265.43230581844557
brz,8,793.522577444,0.5397440292745326,804.5395701389688
brz,4374,651.64806693,,0.0
brz,6065,296.290633015,,0.0
brz,6049,237.403533975,0.2292414931531664,199.97217574774052
brz,4116,677.119925087,0.2505846321582794,6.020428586473652
brz,2374,844.679017553,0.2594152249503827,72.23689090504365
brz,453,344.682459706,0.3431507934149498,239.35182542987894
brz,4427,680.70202758,,0.0
brz,4675,763.392956278,,0.0
brz,5157,506.751828275,0.20190161819641408,255.195802785836
brz,2221,1309.8554706,0.3189857081365284,371.8980366127164
brz,366,691.71544156,0.5425910421424038,687.9522634169634
brz,5794,3616.49779539,0.21475167430144074,550.633556470684
brz,4365,1230.44144901,0.24258961569137005,504.3864428052715
brz,5867,549.139466633,0.20959352333122505,286.0680834601907
brz,4969,981.247319489,0.2118097801438317,188.7167334463082
brz,3411,740.640306331,0.3277838596634109,80.87797205307905
brz,95,962.729800729,0.4860376397734461,759.7941623762542
brz,5423,1264.61280472,,0.0
brz,5165,673.070588908,0.21930758964928215,250.48074771656707
brz,1205,200.191801277,0.3285495344750652,198.57738782097312
brz,2296,1380.39315776,0.2975099731374671,388.66045873305376
brz,2119,219.453668403,0.23829658382121885,214.8711868585325
brz,3471,353.87149215,0.2104457260200405,99.19968387379366
brz,2738,1798.96441736,0.3114326822390591,1805.6374249028224
brz,6379,680.370560224,0.17740768194198608,14.922517035989202
brz,493,459.222225766,0.40211064901880256,460.39747260598574
brz,3543,817.057784499,0.29639382212654525,111.50113689946194
brz,3173,794.409094829,0.3754846688189208,308.29844261618223
brz,276,668.601200823,0.4238851775642601,656.8209923239315
brz,4040,551.937469434,0.20037902375734176,162.5563797894646
brz,2501,646.294303098,0.33044613041224796,646.9590082205976
brz,1984,1029.50842607,0.23285921145934768,783.5524056228935
brz,3532,745.478906347,0.2807093387749528,101.03202756993912
brz,357,583.773843542,0.4855814463559357,562.9109797159831
brz,2472,718.43452677,0.31040950200762635,599.8614353553921
brz,56,741.074404518,0.5154750510682885,732.1052322686886
brz,234,580.177986305,0.25154076074074977,556.6421287087834
brz,4695,731.25377946,0.19453917479413183,153.12643701889937
brz,6036,415.832850538,0.21623523558600471,61.77130904852175
brz,64,853.208558836,0.3674034845953958,798.5348389270259
brz,3858,694.804720953,0.3759513908572499,508.62190904804305
brz,3143,681.695544717,0.28603273724550254,152.84167073567707
brz,1363,411.167233828,0.3483957744549907,406.5585159301757
brz,3647,893.084420554,0.3316525807092478,23.819566554649207
brz,2005,862.528020702,0.24715002964078392,602.4558963252049
brz,2148,714.419771039,0.31172410498196557,680.1987772623698
brz,1066,471.143929786,0.36037886406694136,457.85065962847546
brz,5340,580.394776104,0.1834418214029736,82.44791837206074
brz,5845,1105.61789668,0.2037939912271669,735.4406611423867
brz,4563,822.068195816,0.16719333827495575,24.343555585075826
brz,5281,535.142919158,0.2062919679204296,508.3068698060279
brz,246,786.824503905,0.3346344457095886,783.9711343204274
brz,2555,609.747341427,0.3409327644045375,387.8426642025218
brz,4949,901.711798263,0.21008483314872684,348.12214086196
brz,2599,702.056550064,0.26738832915567756,713.907696054496
brz,3681,764.320517554,0.24474759039161434,347.08930260153375
brz,1027,614.050036943,0.3218360001347073,406.82138157264853
brz,468,1135.10137284,0.36085625066084986,1091.0731209250057
brz,3406,702.453925164,0.28858252424634584,165.15770769306258
brz,5152,718.202439845,0.2030855344036433,332.4093067243988
brz,3760,685.728180458,0.3094296931915687,358.36195074343215
brz,4957,256.846266152,0.20825529843568802,30.362325032552082
brz,4258,1476.37167757,0.23294604960181986,851.4813795800303
brz,2841,1387.43187237,0.2231872241356884,405.09148963479447
brz,2601,1170.76458344,0.3589862486444555,1140.7315267525466
brz,1636,1074.42739993,0.37629213510987136,1075.916271643545
brz,5731,150.552941841,0.2319459319114685,26.956991188198913
brz,2767,1342.95778316,0.23221493279357955,1018.2317730174345
brz,4263,1896.4976323,,0.0
brz,2247,773.21623532,0.3661172064327904,453.0364174038756
brz,2764,822.319946181,0.26021694365464815,515.0019680845971
brz,5786,741.13404568,0.239546102129913,742.4745844822305
brz,5859,167.14305824,0.2513429550098554,137.14379781087237
brz,6197,326.818438426,0.27568025342476216,212.02373414881092
brz,1756,1038.95241469,0.3737828216454726,878.4369048773074
brz,1982,988.994244307,0.24402028087987548,782.5031376258999
brz,3607,795.739801028,0.3088963377645345,257.56158770392926
brz,196,738.595796594,0.41632551379795774,722.7279667873008
brz,1538,668.7505496,0.29355348770817125,675.0127419864428
brz,2222,1333.45910554,0.3253494319415862,405.65956669227745
brz,3839,784.35028391,0.3877388936323344,333.227635342467
brz,6391,2681.55378301,,0.0
brz,6285,521.082408055,0.1773136992164019,155.7576820523131
brz,3322,664.062557132,0.24992943040586924,328.2140037087833
brz,2355,540.227636992,0.3031874582332658,338.6724077411726
brz,918,656.763678136,0.34894220238187773,641.727956016391
brz,1231,2058.96763963,0.23999390206372165,655.9114291920381
brz,939,396.843037405,0.37992923692278535,390.065956025965
brz,646,2506.19059389,0.3889664356237851,2298.3635943543677
brz,6050,335.037162854,0.23410718117942325,31.147511351342292
brz,4478,765.735999269,0.21655804769222603,551.7582806755514
brz,469,1111.62931518,0.31814339425026933,864.2820148842006
brz,1702,2678.85659957,0.29251343570604876,1089.3518423641428
brz,1672,702.400393865,0.4661901790863302,708.5837076224532
brz,52,813.195565755,0.4532811462868261,713.7948275996191
brz,296,792.511804616,0.47912414936317405,806.683443406049
brz,6328,2686.51398657,0.20044125711418084,168.59263404397402
brz,6102,366.724954458,0.2217035567398462,185.32008873434626
brz,3486,709.067811863,0.23513580133479817,68.83776756735409
brz,2251,846.422299056,0.3718916044735853,689.8897092333027
brz,1684,1618.73501897,0.36639926732367367,1098.479428399778
brz,5813,1310.29520248,0.21156042300782485,1155.2007639267865
brz,2951,651.996494028,0.34113841282322366,649.5406290690104
brz,3939,890.543768333,0.25671704350252267,510.69752110499957
brz,3512,1235.84464767,0.20556046934844238,106.26759099025354
brz,3895,873.323811883,0.286033020185638,547.620659831926
brz,2146,721.650737727,0.28937936440993184,499.08965801164226
brz,3763,778.847869957,0.2844105937966594,70.67739194982192
brz,2668,736.311468689,0.2702337139200178,740.3333541271734
brz,3547,732.035210284,0.3163618246714275,367.48306965547454
brz,270,357.882630568,0.41556419894763197,358.101965601304
brz,3981,872.658245721,0.2367067958083197,196.58433580585555
brz,531,1558.54587435,0.30780553124747423,119.8136952119715
brz,4714,802.987494573,0.217468806724225,628.999760766123
brz,4480,1050.0237592,0.2192194870904726,696.7725155101102
brz,530,2316.34636055,0.28897542295720796,1302.2598195693072
brz,2881,844.933416436,0.23539953598472424,701.0647650625192
brz,1565,969.145784232,0.3702887880623503,960.2088823505476
brz,1074,296.695838472,0.34854564137284094,292.7659292482862
brz,393,741.267139826,0.5323118498024432,727.4450871187097
brz,5130,1078.76274745,0.22579700935904573,64.38618621826171
brz,5906,582.770096197,0.2623674498531241,332.92506417667164
brz,2568,657.910578235,0.30230098611320955,541.4588891122855
brz,3949,334.271966567,0.25375711356604014,334.27464877857886
brz,1994,1538.87458271,0.262832152912594,191.83371908150468
brz,5712,648.271774463,0.24057979278328007,475.0176239013672
brz,2644,630.48174606,0.31107300080685624,626.7613407209807
brz,3018,522.677612068,0.4147717887830088,521.5739849913354
brz,2799,1079.09444858,0.34885469205581304,911.9953682693781
brz,5066,704.85127866,,0.0
brz,1290,612.960962814,0.31933694608882857,370.7287897745768
brz,3188,828.859461591,0.28144227334398964,759.5016933067171
brz,1508,1527.08770432,0.2688248428707458,1527.8960008509016
brz,3956,651.354228486,0.22979835006925797,21.203063875086166
brz,5263,514.173292525,,0.0
brz,4140,868.809346722,0.23133552042508673,378.761576274797
brz,3906,780.210327749,0.31703310905132254,533.4787804697073
brz,2538,662.844156603,0.37808265879628833,224.8056759404201
brz,6037,767.137490329,0.23074216277178475,283.2050492230584
brz,2548,653.805067706,0.34401092811535583,538.5857303694182
brz,769,704.671556644,0.4218965372865835,715.7197854434744
brz,115,898.136147056,0.45785722793584854,868.3518072988472
brz,2920,1628.75836721,0.25312146514961303,1599.7817717009898
brz,2287,1324.78112312,0.3004346819356471,292.8665326286765
brz,3566,696.300400258,0.2875303852282735,317.2319937313305
brz,1771,1245.61643227,0.30415938333914955,790.5197036743165
brz,4177,1868.93112508,0.2579092199311537,62.29817833993949
brz,2690,1223.38232798,0.2557650221718682,270.8567059685202
brz,1483,385.901208288,0.33410388345747294,388.25202301623773
brz,5470,243.480754677,0.1808236837387085,33.763772044462314
brz,2313,1721.08512535,0.3194665900965076,1083.2724719477635
brz,3072,676.305095955,0.358052487312993,103.37797965255437
brz,3402,749.029451013,0.2966064585642037,709.8349958531998
brz,2018,947.561912679,0.23026545805065599,38.20962267108992
brz,848,338.274077188,0.48580582701077857,334.3295753030216
brz,3318,717.507494295,0.3096772923276125,632.3449125402115
brz,2209,1386.96517575,0.266631399985399,250.988386146695
brz,3666,758.994979798,0.20022309893638443,592.1007379868452
brz,2463,515.470451357,0.26531412148287264,298.10309370452285
brz,2358,583.218176142,0.3324389622067791,568.9936705645393
brz,3909,634.566060003,0.27797834818434514,306.2642808801988
brz,2267,4180.97249358,0.34424729520916486,203.8765604056564
brz,1898,1114.07304036,0.20851263226788547,638.5249640072094
brz,1901,885.60518588,0.20166141046666353,712.0593355365827
brz,4315,729.497563204,,0.0
brz,388,320.406022619,0.4601686568238283,313.10444093592025
brz,1907,632.270913164,0.2333798095962759,185.27691722196695
brz,6179,1573.30695886,0.2216512867176843,281.64711246864465
brz,5438,972.49419907,,0.0
brz,4398,706.930676748,0.19705158593551494,157.31346214144838
brz,4801,702.198301685,0.2195540947810894,220.6533500222599
brz,2493,665.229173884,0.3020091201577867,348.08022068996047
brz,6001,342.499952828,0.2749030462313277,280.5887314141965
brz,6138,3760.98169907,0.251426219041251,368.8025495940564
brz,2154,672.795511753,0.27420904161484255,321.91223952349486
brz,2606,717.469923969,0.22907445165182844,718.6244955923042
brz,4506,930.256136565,0.21436651670673207,492.8735125373392
brz,6342,1084.50479811,0.2104036053307622,145.55752683153338
brz,6165,3666.62763983,0.21729181153531468,341.84492564481843
brz,1758,772.18045367,0.3825023089605055,760.6789142683441
brz,1404,326.042581164,0.36036497198632694,335.14292788038074
brz,146,799.739509043,0.5509381458222671,721.6539173500211
brz,938,564.485079799,0.3693178661243437,565.6100049486347
brz,3724,1353.29724031,0.27514030986469284,64.65597300809974
brz,629,1216.68515391,0.26058398373251745,1124.870128975663
brz,5682,382.84930704,0.2067994565308631,29.050680182961855
brz,5035,221.039917449,0.20081275813864438,184.003008554496
brz,1957,2372.22702678,0.246094411140994,253.5906530043658
brz,6409,1921.92006093,,0.0
brz,863,388.383316759,0.4631839347365719,389.7941707835479
brz,5104,184.531064514,,0.0
brz,2151,1110.64672125,0.22807964099099837,304.11423468496287
brz,4899,673.924543159,0.2369180891373202,97.63325428682217
brz,2918,1450.8473851,0.2504318671835575,1460.8149666879685
brz,229,454.773533168,0.3626606029360145,389.4894761627795
brz,6331,706.318155965,0.18886207597273774,34.55644818474265
brz,6180,1430.17691136,0.22370629968052663,452.3112333409926
brz,3562,638.915184942,0.23627496267512088,380.8354003307866
brz,6209,236.855180137,0.21614970401410133,202.86292072370944
brz,5342,1564.91741862,,0.0
brz,1974,351.008747047,0.2574357095821555,260.6573846555224
brz,5963,249.770110535,0.2123371824191129,126.68235123578239
brz,2319,1409.92836033,0.3914707062577981,570.5569159713447
brz,859,1282.1493696,0.4461692973768923,1270.8848866182216
brz,2480,727.877738636,0.31845822922630157,404.87660190357883
brz,1268,692.707686966,0.2886992454143641,323.89444669835706
brz,819,495.085522519,0.3710523268753856,485.5294787537818
brz,4947,211.558651582,0.3114897694746458,212.27585260727827
brz,4612,635.433306348,0.21821890606713107,485.55096890318623
brz,3568,634.274285709,0.2862753856103556,536.3116399428424
brz,4658,216.951348571,,0.0
brz,1833,1288.81030285,0.19957043374596486,354.5746100631415
brz,869,1191.28888881,0.3025002423445523,1195.0247449388694
brz,5091,1631.9081063,0.21138419981959253,225.0935600131166
brz,4873,509.027020573,0.229000295944361,271.433128566368
brz,2581,1079.60196733,0.2323530889585714,350.4117165359796
brz,227,1008.06127791,0.28824384699123606,936.1828936109354
brz,6126,1482.94883276,0.2081865778069504,486.0741913440181
brz,4643,572.430347233,0.19285163713224002,215.94338316075945
brz,4912,169.297505641,0.2708802606311864,167.78310116038602
brz,1950,857.956501443,0.24321401812231955,468.1829267314836
brz,1089,533.048034696,0.3618304311475227,527.449098115809
brz,6290,446.86532132,,0.0
brz,4278,877.201970636,0.2329214454992958,102.34420049330768
brz,3485,712.93487062,0.24427326023578644,52.08637165742762
brz,5484,214.847611626,0.19724590351728544,76.4262606751685
brz,5556,1632.22081766,0.21198107440116978,791.7419405469707
brz,875,598.26704923,0.3509478055013941,585.4736994126263
brz,2433,706.648127225,0.3720565470985214,597.2452763576133
brz,6413,916.344413262,0.19975195366469548,225.4141803517061
brz,4842,1456.31577039,0.2120163367931233,11.255311135684742
brz,3473,708.460915174,0.2042631495029815,252.5818449431775
brz,1428,1757.82178659,0.2543170697282661,1438.9499922509285
brz,5369,642.105303145,0.18640093505382538,1.3086666032379748
brz,4310,769.056418261,0.2577138841152191,0.78526512594784
brz,2916,936.946693836,0.2157738756128968,608.7111842136758
brz,3146,699.77538655,0.3872891403050391,356.19269977644376
brz,4102,2260.28936544,0.20813957546747172,765.3965619853899
brz,5862,666.119554821,0.2332634439677079,296.0111863080193
brz,2652,539.02794315,0.3605732216647554,542.4924771776386
brz,5829,3487.6903768,0.19314050885363368,371.64208813835603
brz,5044,1548.28602478,0.19406328132990103,1185.4229940077842
brz,4327,1097.06038864,0.2004876409735635,56.01499633789062
brz,3963,725.361480671,0.22966021779151893,169.10082666733686
brz,1793,993.285028888,0.27683719665741885,796.8090983372109
brz,1414,2564.23892938,0.24644297999419357,1837.9530323103363
brz,274,839.768300446,0.49587919343269826,845.9397323608398
brz,5395,760.343492587,0.19525676855237106,296.5421961167279
brz,737,829.195880776,0.33262880688788093,835.2564520742379
brz,969,825.937698778,0.2931342092587759,835.0802768782074
brz,2348,785.151377305,0.2900127079458525,484.71001497156476
brz,27,773.205362125,0.5505124200936675,784.3874090755686
brz,343,720.690476076,0.5172627839861037,723.2470437442554
brz,4136,1688.61597815,0.2315383300291388,551.0004042083141
brz,4549,522.926068549,,0.0
brz,5628,2041.04299256,0.20667566840522855,520.8351326437557
brz,2389,1336.44993942,0.32847631287147694,1336.8993611055266
brz,6142,685.136537747,0.23700206711986996,237.14420851165175
brz,2058,2358.56460568,0.25013437907275404,388.90992297004254
brz,2356,575.952506693,0.33768745672099204,578.9366921219172
brz,1284,2194.23446718,0.24393575777975768,1002.288140450272
brz,38,789.216913825,0.49041129348270895,782.3093774234547
brz,5064,1617.79109675,0.16100227333003692,42.140714847340305
brz,2182,604.371648228,0.23572191511738907,272.96681437772867
brz,4722,936.503013963,0.20715961888128395,128.26044838101257
brz,834,598.040195677,0.44302376402229526,600.376989925609
brz,4631,582.256900877,0.19012917578220367,36.90663407269646
brz,4012,843.640929044,0.21610135186405083,249.9877778595569
brz,5261,610.884682666,0.19151534140110016,18.060410443474264
brz,3549,755.679019868,0.35546408959342557,313.56523302863627
brz,3258,864.485143023,0.32059152763789506,448.07485357546346
brz,681,813.433446545,0.33217243120193474,817.466945513557
brz,3056,1182.27046071,0.28549926901462847,494.6326271206724
brz,4692,640.975651399,0.2008988681386729,15.96698710123698
brz,138,940.098598385,0.3835032259694252,939.2645268758137
brz,239,682.691153902,0.3425337081781426,689.7923619887407
brz,3342,585.084057565,0.2974805804159569,410.3987901276233
brz,4262,1432.33586284,0.23391080603165468,96.3243782492245
brz,61,837.718460518,0.41331599029923993,861.0517654718138
brz,263,726.691653515,0.4394402424372359,723.794034352022
brz,5199,594.32702252,0.2029064561134761,304.6665018418256
brz,4290,483.573236237,0.21085722744464874,20.940295649509803
brz,4854,443.76539329,0.23230038604971273,233.74217741723155
brz,4931,213.039949342,0.2392739224385042,159.6674046235926
brz,4628,240.481774066,0.18814481371413166,47.900174039952894
brz,3093,749.224256825,0.30568583727099097,577.3514422846775
brz,4314,675.622514086,0.17992058869942212,101.29977793974035
brz,2610,563.158946423,0.3773682108265619,563.9566505880915
brz,945,1224.48437336,0.30271905709096064,1230.6261866850014
brz,4405,791.940186996,0.2053881593580757,219.87066964542163
brz,5530,663.510266518,,0.0
brz,492,558.056824406,0.3978467214483398,551.6910640940947
brz,1020,748.582141545,0.33181136741869216,726.2592805151845
brz,6,782.320845464,0.5864296012382209,766.090337865493
brz,4768,807.104454419,0.20889164161469254,131.92391106100644
brz,60,815.445107644,0.44670969606206684,778.661370670094
brz,1710,1262.03689497,0.5209404025968473,1255.2317780737783
brz,2772,1114.87808338,0.3754972473946557,1028.9723114013673
brz,3705,1266.73749352,0.34643954716706554,652.3099416994581
brz,5769,198.125087479,0.28005920935105133,196.80493965896906
brz,5702,303.813248613,0.31952100815485474,260.4110023947323
brz,2807,1461.2612084,0.35668931128405057,1309.4865010579426
brz,4429,1168.2124364,0.19826951297290832,293.416913170908
brz,139,888.341399928,0.36385992032514825,885.6470564898324
brz,5585,794.48370842,0.19777613046126846,779.4368309469783
brz,5928,2332.61540175,0.25758607675682155,2170.3113768932867
brz,794,3265.00020036,0.39802426249289624,3191.1821338429168
brz,3055,1173.14935534,0.3486378190564174,467.1522180893842
brz,4933,636.381069765,0.2422582786530256,46.067934283088235
brz,4366,963.737607024,0.20938163135288543,155.47810929242303
brz,6140,1646.05967115,0.22933155359953816,486.58889414469405
brz,5962,461.673107906,0.21668409725817123,158.61467859604778
brz,1424,375.007596589,0.39809200604559686,369.4166117948645
brz,3075,765.833989036,0.3517590314711586,763.6857776417453
brz,4060,1021.61606419,,0.0
brz,4504,1251.72554169,0.20150497110234095,76.16882001091452
brz,3781,752.09981877,0.37232446178493184,752.3199957454905
brz,5056,1430.83453416,0.2034085767036801,451.24237078498385
brz,4174,813.887729524,0.23193683194332432,47.90167092715993
brz,2922,761.817387773,0.25583630913647903,759.9771411970551
brz,2220,1478.52764235,0.3015798504803867,429.9988858989641
brz,3942,912.541132161,0.31051525044239175,123.55205826104853
brz,1378,2040.86143743,0.2881857332115114,1364.0751779593675
brz,3987,788.634523375,0.23486558580183772,290.55572536692904
brz,5954,2011.52197057,0.23508197834986283,84.54275548598346
brz,2752,1241.50286114,0.39007854313062135,482.80764384550207
brz,3271,805.390670803,0.2670880333387427,293.13880516501035
brz,5848,358.492633205,0.257049536081387,130.07590107637293
brz,2012,581.147894535,0.28208482247196254,320.0710927028282
brz,838,2045.26922583,0.4270552079553253,2046.7752997005687
brz,3425,1004.92290032,0.20902019314398274,56.01328711416207
brz,6084,606.076457208,0.23034876695015288,273.00592148724724
brz,5273,573.219400595,0.19359930137875664,63.08054920271331
brz,1326,581.590574487,0.2908825315310548,564.3390306958967
brz,4807,2359.53839169,0.20563414770895275,49.99375649246515
brz,4846,788.055248665,0.19446253776550293,9.161284054026885
brz,2180,597.136389616,0.25311653677435075,271.9208460489909
brz,1659,1708.82366757,0.391132706261643,1712.2856255026425
brz,3927,938.43015651,0.2192058254818607,814.6059262743183
brz,5337,446.141505093,,0.0
brz,2084,800.805344988,0.31208487097104876,776.5208011402806
brz,5783,312.033664824,0.26750133117823394,311.9577800675935
brz,867,1890.77751278,0.4671067404515535,1886.199498943254
brz,3161,837.963899679,0.3511069609260182,297.5664901733399
brz,6081,1177.00457508,0.20823134851271574,677.9321620866365
brz,3960,754.895418712,0.24709673606472096,181.40352780211202
brz,4550,681.889798178,,0.0
brz,168,833.858766152,0.5374550834311775,857.1413335164385
brz,1609,1397.78102717,0.4031370058039989,1361.3344401041663
brz,516,628.301606636,0.32673996113965564,395.2731965008904
brz,4529,726.117390198,0.20951390302656692,269.0839964623545
brz,75,802.607085629,0.4330196352490525,789.8998396630382
brz,2870,1207.11360113,0.22210413127655923,1149.6183533612418
brz,4960,582.236118943,0.2077580482517121,176.93887987323836
brz,561,927.609439291,0.28304505965923055,420.9141488168753
brz,4676,971.755690812,0.15667998790740967,58.370166733685664
brz,3218,791.231795112,0.38261093206514857,537.0579736746994
brz,4785,600.144383145,0.20173930937285575,593.9115852804745
brz,2460,859.746359832,0.2183503806591034,8.636885609346278
brz,5074,1675.93302461,0.18784794211387634,0.7852189905503216
brz,461,1231.52580237,0.39065995554395005,1095.2509978948856
brz,4390,690.211169467,0.19102767464660464,76.95585039924173
brz,424,679.861867121,0.52120759412363,687.9459724276674
brz,1783,1962.31775964,0.3226208679055743,411.3590866088867
brz,5536,646.196650304,0.18685604419027052,128.2511055142272
brz,430,953.374241759,0.4406090147487875,969.9330467672909
brz,1740,1435.65178748,0.2857034603325178,514.4565160713943
brz,1098,378.90700313,0.34893510388798554,377.0067169488645
brz,2206,1644.19260019,0.2597740610625158,464.81509166044344
brz,610,992.72218974,0.5548462141324796,995.1293921676338
brz,4152,1130.26434415,0.2165656585264149,1094.1426988190296
brz,5250,1587.15620475,,0.0
brz,5141,1266.8147442,0.22320450342553672,333.1875330607096
brz,3508,1538.25449683,,0.0
brz,1461,270.46488904,0.43337656271322983,277.8424241309072
brz,5026,798.601694896,0.22054381030604492,169.3432590559417
brz,2534,676.220371141,0.37654845897341155,669.9691995358935
brz,1170,656.863431018,0.35017253817539035,187.8493317248775
brz,4241,1375.0141291,0.2195723506324488,906.193890021829
brz,46,788.852668025,0.507585225557567,794.8747882618622
brz,2808,595.37170063,0.2780817623242331,279.22079422894643
brz,1140,263.507788438,0.3292068377257842,258.4926777259977
brz,4797,1154.07031579,0.19425357241625993,409.90004012163945
brz,4533,647.351129417,0.2199037576170817,267.51471928615194
brz,1696,1497.86677687,0.3147327438003244,1222.5296863929898
brz,3364,219.683148539,0.3103965197701052,217.24261953316483
brz,4391,701.339179014,0.19036732614040375,1.8322821523628983
brz,2186,2077.63136077,0.24421584125162513,115.93867088766659
brz,4265,1393.06909846,0.17508143186569214,7.067300504796645
brz,4368,917.385765646,,0.0
brz,4054,862.299653177,0.19605060691957352,100.77925274418851
brz,130,863.095546828,0.3987912144024853,790.1687694474764
brz,120,788.520954601,0.42712313398586593,707.2415617998907
brz,3964,907.628878945,0.22655474103786682,505.73060760498043
brz,4030,673.756294119,0.1873527013120197,32.98307492125268
brz,2174,495.228857786,0.38778674076824177,479.9879767324411
brz,4890,335.547389025,0.23797599125956004,235.3133482989143
brz,3696,655.100214672,0.43926726915697095,219.614461592132
brz,225,626.418060915,0.3581098895566578,627.2639275644341
brz,6423,523.684922573,0.2030433832561485,135.35442421109067
brz,4741,529.937705463,0.21310800966357937,202.07641625497857
brz,778,1219.71805912,0.4970707287597943,1218.2597962024165
brz,576,734.995051887,0.28663427014989823,567.1509315640319
brz,6134,1040.79144516,0.270936265530162,270.6482487996419
brz,4656,1266.4807374,,0.0
brz,2939,699.597675686,0.30644405581844075,413.7463672413546
brz,213,783.110095145,0.35954299712936616,726.4059230729645
brz,824,1625.48547724,0.2738719180254153,560.3510629990521
brz,4356,781.527639017,0.22786418052510615,275.35627677767883
brz,5029,794.182525013,0.21131140008117213,215.9333204381606
brz,3876,783.641026285,0.40851303302142833,224.33915097105736
brz,661,731.182104302,0.26811788749249504,728.2684413835115
brz,452,1316.81251746,0.3485625868707242,1205.6572800879385
brz,3695,801.556152721,0.3606712451272278,79.31235136144302
brz,4001,841.484637119,0.20762588917375444,224.59352524701285
brz,1278,517.460640644,0.2905497715587917,307.1501594094669
brz,6077,840.881873403,0.21962521551972586,321.68898524864045
brz,4438,243.838467801,0.19097602367401123,35.85963736141429
brz,6004,399.169981962,0.288767661189229,178.5093386780982
brz,2613,723.311670434,0.31703546083696177,444.6217340207568
brz,181,990.180936694,0.5288216761331379,987.9415724212047
brz,479,606.712050345,0.39901797850010656,601.3917549881279
brz,5059,959.059217035,0.19949063041044035,364.3436720006606
brz,1276,1815.09944505,0.2698425959209682,1086.008558953977
brz,94,810.913259232,0.47630710312476704,699.3787208407534
brz,3273,827.585112823,0.28770089747266925,178.7628443998449
brz,2997,680.202336667,0.26739287142891355,661.3423018212411
brz,1349,983.138862121,0.2978336989376858,946.0311360677083
brz,4608,770.344753868,,0.0
brz,5428,432.819770165,,0.0
brz,280,527.337460171,0.4295669709458763,529.6917322495405
brz,4122,821.747351038,0.2263024741894338,277.7250421262255
brz,5447,419.909060335,0.17463414369039976,197.6099886426739
brz,4581,825.105677107,,0.0
brz,5277,1635.52293058,,0.0
brz,3850,649.551417475,0.33337954576335743,456.0028957292146
brz,984,2265.49335451,0.43061577983202254,2280.810056439568
brz,3873,775.78659035,0.4476749525769897,240.8309262443991
brz,5278,1177.95749613,,0.0
brz,50,822.165304645,0.4091002262554006,735.7657237034216
brz,3808,661.6302446,0.38078554790358476,422.24130883310363
brz,533,515.034013356,0.36830933575846175,375.39613315357883
brz,3729,840.75097146,0.3540444526599816,189.25785172406367
brz,5761,341.882239377,0.2529454161405927,343.8881274354224
brz,4145,782.831278332,0.2286582071650849,323.2676199520335
brz,3286,759.889733882,0.32369770333432313,745.92845324348
brz,1497,394.747052338,0.41742569961767084,386.94557360480815
brz,2411,712.159022657,0.25824142056458366,330.8189459707222
brz,4523,634.005749928,0.21215093032813367,212.01898193359372
brz,3277,506.225763145,0.3579442833937724,405.16046375947843
brz,6260,721.621007802,0.19056974351406097,132.4558478860294
brz,458,256.020837238,0.4835417143499777,256.8763761034199
brz,392,452.557998487,0.42947358109488243,460.8969756780886
brz,5892,688.709567351,0.21252502550609556,361.71417182473573
brz,4589,618.307531142,0.19126127711707086,273.01389737596696
brz,3904,737.449015879,0.33209362216939814,181.1422169704063
brz,1131,471.151276724,0.3630099924829786,404.21790268841914
brz,5188,836.624028117,0.18686066071192423,84.0179910996381
brz,1316,1352.4226587,0.2610167952495337,730.2213717591529
brz,5645,5435.18842781,0.19445448180388417,730.7243717567593
brz,4895,648.77151586,0.23951380099725286,142.65418871711282
brz,5426,519.977947204,,0.0
brz,3816,701.831531819,0.30574786335545007,346.58450173770683
brz,4802,1216.99629903,0.1928057876798127,126.16232634899663
brz,2145,639.123336705,0.25707910400762995,465.85120017855786
brz,3649,646.011695386,0.2683068275518146,469.32546006744985
brz,216,727.252877415,0.39585375989271243,720.3894615023745
brz,4213,695.588496681,,0.0
brz,6309,402.495427766,0.20895586309789801,115.44656363094555
brz,3374,877.655310154,0.24467226462696517,538.9113266290403
brz,4111,2082.8457049,0.22547298780377392,1181.8430390301876
brz,1711,2240.84634084,0.5799868604770827,2230.9910773482984
brz,6096,369.875412148,0.32231526929218174,59.941281127929685
brz,5542,972.021707483,0.22346094702852184,113.85591664033777
brz,841,2151.08180833,0.475980109135954,2129.9990060843675
brz,197,733.674753057,0.3923711539031277,674.600009215112
brz,156,779.917529613,0.4502528187490929,781.5453689276003
brz,5177,1330.94561867,0.2486694039868527,159.65765769808903
brz,623,450.179697211,0.37492241488555184,461.2001291013231
brz,2899,990.87467227,0.25961493494888893,146.81021728515626
brz,674,1885.4338924,0.3457076292215631,1892.0637151082353
brz,1217,467.437853675,0.2764621409388837,453.6709585750804
brz,324,1136.0783014,0.5826049673784771,1123.9568306418025
brz,1357,348.727788204,0.3588907776490463,351.88298543294275
brz,3910,744.19304905,0.3030947018998841,150.2525173710842
brz,1527,699.44463962,0.2796844265816782,688.0951195511161
brz,6314,819.927316967,,0.0
brz,4708,825.71977772,0.23736701905727386,6.282131778492647
brz,2790,746.189880574,0.23669528674735618,653.4541508094937
brz,5315,1633.74316614,0.1854880317946933,158.09216640696806
brz,288,2185.983948,0.36505094719058284,2042.3624459360162
brz,1647,1506.02833417,0.4387731175284318,1528.5957118314855
brz,3367,582.764549312,0.26889042277730446,376.64048743154484
brz,5815,548.916404731,0.20881625509810176,455.3831881354837
brz,3805,2555.47303932,0.21427145221500907,527.2204064462699
brz,6245,1037.86700443,,0.0
brz,4954,198.105781029,0.22819073664236672,103.38943945192823
brz,1148,318.779286713,0.3179821244307927,320.5016732309379
brz,3459,1807.29476783,0.3064970194578955,1670.3974812825525
brz,1857,477.070124976,0.25916427158145394,233.16059938318588
brz,3995,742.562464084,0.20451392982457137,96.85184792911305
brz,6150,721.383810083,0.26615658896035554,292.37609947054995
brz,654,687.801097148,0.4126099833711699,661.300887702493
brz,1741,803.048031494,0.3407229700675705,440.92438297645725
brz,1738,701.685696174,0.3678786559006546,510.5309169993681
brz,1882,634.908659563,0.22878650415109647,112.78636438706341
brz,152,785.130734605,0.4091938161258158,737.6028157851274
brz,5303,743.526403914,0.18761120381158428,57.058949369542745
brz,1810,695.492329502,0.28378095954057564,520.7386296290978
brz,2705,617.33445236,0.3951993007758621,616.283027529249
brz,5098,472.739222788,,0.0
brz,5580,1017.59775563,0.19483885253788133,142.64410310633042
brz,2420,1101.35189364,0.3266157917915635,41.09013115377987
brz,2703,861.00189277,0.32830841377510117,852.8533284804403
brz,5032,1535.29906097,0.21578316871236655,317.22704018985524
brz,6018,392.830269071,,0.0
brz,6291,155.562685936,,0.0
brz,4528,717.941179247,0.22897512300778888,102.86956185733568
brz,3757,685.039404172,0.33407395049662486,671.7020129933077
brz,1648,2707.79247791,0.4422897404865067,2695.5922417734173
brz,4088,1144.38006032,0.22614173591136932,1.3088250253714766
brz,5941,1084.32467087,0.2397032060638369,287.3894211713005
brz,6000,1143.37394287,0.2244605494124891,495.4792048136392
brz,4211,699.145568391,0.16927336156368256,3.1410170611213233
brz,6201,1451.15470801,0.19647474412677307,606.4927747539447
brz,1219,210.18964859,0.3692471216745483,212.70662084841263
brz,5461,1979.24053358,,0.0
brz,4056,634.446885603,0.20070849574552654,358.3568365059647
brz,2032,645.463554939,0.33534499959112857,436.79921156939344
brz,5384,510.668214226,0.20056631277202863,223.25847033332377
brz,273,799.598654408,0.2970633760029616,779.239666748047
brz,5850,1991.69448248,0.21473662484481124,1510.6511571248375
brz,4007,779.777919735,0.21795673204942528,637.1380769318226
brz,3785,666.807332067,0.3897467710122735,130.09945472268498
brz,1245,425.703621537,0.3504094470963858,259.7959714104147
brz,6340,3080.19598249,0.21572998485394884,7.330221587536382
brz,5248,950.70321133,,0.0
brz,4114,1083.69226786,,0.0
brz,1734,1581.62064689,0.3135613273640079,592.6963038725012
brz,2866,555.300839808,0.2179895625784506,400.3911307839786
brz,980,1034.27490123,0.3812813618794236,1036.0120661417643
brz,3049,924.882445551,0.3581014990286772,360.10958377613736
brz,4097,395.334180503,0.25614689826886017,393.42962326349
brz,5659,1450.80089894,0.24094430527612234,350.1805433385512
brz,4023,1042.72815905,0.21975664111580917,153.65805873496862
brz,541,308.585987839,0.4178908266736277,291.15832711014093
brz,1383,1202.8938827,0.3266706062052507,583.6730864880132
brz,5888,718.430209886,0.22413032744813158,166.19864866967293
brz,3426,702.255261696,0.22797246487759212,318.80354937385107
brz,5080,650.571984482,0.21223447818952393,130.3462356567383
brz,4711,559.253584162,0.19680479186161462,158.1005781884287
brz,2336,713.200647752,0.32478920022555574,571.337297596651
brz,1665,1164.40863922,0.39965631369179805,1191.3378209132775
brz,6141,2060.2194123,0.21150481269404078,785.5042946609794
brz,1364,596.328690746,0.3207997299788237,508.85127961401844
brz,5285,641.722965971,0.2015578746955367,244.20509149887982
brz,3281,756.944588959,0.307371599271017,284.7637347950655
brz,5820,393.9075769,0.26093298822360217,55.48373778100107
brz,1280,678.748788892,0.2538927686138543,390.34921309527226
brz,5081,787.484632215,0.18871255779917212,182.1709808648801
brz,6038,2731.69688802,0.24516328271139068,2091.8335343304802
brz,5683,1857.39533111,,0.0
brz,735,714.298403792,0.3983558115035661,707.0807918174594
brz,5598,1466.93927735,0.19313233874076466,910.5493046180875
brz,3583,809.202645335,0.2651271355913041,184.5328649483475
brz,325,1330.32094109,0.635009069766464,1335.0483321245977
brz,3591,571.720018347,0.36062142852465845,312.27032668169807
brz,2528,673.269958486,0.3721836340326446,370.83946389590994
brz,614,1523.79627076,0.2872034861564636,490.4961827296837
brz,5704,3593.75602856,0.27211260887292704,34.0236286836512
brz,6230,299.718651731,,0.0
brz,6034,312.635973371,0.20661974337670383,204.94519222483916
brz,1266,2564.11983722,0.26006791539950724,1464.5740668203316
brz,6109,1166.94576117,0.20362255773667634,258.08553828819123
brz,3163,1136.75035253,0.3089294130161289,302.80094236486104
brz,2017,766.818648985,0.22475716037905377,152.83830802767883
brz,5454,1037.89174289,,0.0
brz,2784,649.099707328,0.25950642117800615,272.1631315941904
brz,2273,1697.13763857,0.35571954831142316,184.24955564012714
brz,3717,764.161282817,0.34870303306127065,369.6095043107575
brz,580,411.973128878,0.39612071752392486,400.51383511412376
brz,2574,871.826001702,0.29102691168937805,821.212570728975
brz,4453,718.527873643,0.2299361754295438,112.55189529119754
brz,5883,349.708684088,0.23354486357955215,355.69100763657514
brz,5569,471.340176598,0.20192557036244824,370.35254723044
brz,2634,697.301797263,0.25382523689171965,706.3217511644551
brz,1965,669.526489092,0.2554507208673407,596.424040072572
brz,5494,599.167692411,,0.0
brz,3886,919.760832612,0.2474806613728895,190.5692923153148
brz,5268,1769.27048864,,0.0
brz,1676,2604.17424594,0.35589912334194973,2590.731311573701
brz,1143,654.556016498,0.3171001787641011,220.55675147561465
brz,5805,4868.08128781,0.2215578401878327,1199.1643113977768
brz,256,2581.2895255,0.3908774264257246,2581.0374530867034
brz,1372,666.772805662,0.34485677527883657,664.2560894536039
brz,5587,572.692729822,0.22325445791856902,417.98322152530454
brz,5725,468.281442615,0.26728940650401817,65.16783106186811
brz,2989,733.668601998,0.24066302921641528,631.2390469719383
brz,455,839.306924202,0.3056078379450857,795.7463706521428
brz,2027,642.167292671,0.28939672629507823,498.5611917832318
brz,1348,1280.25499333,0.2904940972043543,1299.4874915029486
brz,5512,472.023359334,,0.0
brz,896,723.142568796,0.361995780432848,710.0050143971163
brz,5891,1184.00911741,0.2169040599642401,586.016984647863
brz,4000,554.354524795,0.21086925779070176,146.58764528760722
brz,74,790.335966166,0.43733054319050907,784.9305293363683
brz,1475,642.189692343,0.3345531081301826,640.9796102486405
brz,2289,906.254611108,0.33535960153766925,404.6225716983571
brz,4637,723.010610141,0.22151509217753673,522.4538465612075
brz,2762,880.393941261,0.2989080466811051,198.62029230454388
brz,1021,506.33295581,0.3554452159239546,288.83005505730125
brz,3759,703.742558225,0.30782121003580953,189.25944680606614
brz,2442,626.491687925,0.25261186669270197,510.35365690343525
brz,3000,706.878751179,0.3558829061874339,676.5182263542623
brz,308,1030.54867984,0.44565390532921373,1025.0931082931218
brz,5072,469.309384283,0.19897793743821138,47.37500969381894
brz,5898,1971.4684435,0.22271623739467356,1749.937588590734
brz,1709,839.376049568,0.4851583431849639,845.9832512649836
brz,3933,767.992101371,0.27647921887577553,159.67379985136145
brz,5967,237.121413058,0.22476665700654047,109.14563221650965
brz,4304,2416.24450825,0.20914312591380504,369.5956460092582
brz,406,779.709474862,0.528373587095449,778.4380435120828
brz,2147,693.140312999,0.33138230358887566,505.3717353970396
brz,6359,456.580715618,0.18964992463588715,17.278524241727943
brz,618,599.019918915,0.3290959687307644,467.73910336961933
brz,5362,607.78069655,0.1932336019503103,445.4733084585153
brz,4229,1182.84072831,0.21009252477758364,403.88263047162224
brz,291,670.450898641,0.42804970865526176,667.5336030847884
brz,519,252.927682427,0.3900490310409077,252.9656642240636
brz,3721,871.162068432,0.316065688739346,186.11413322897516
brz,4910,530.884642395,0.2534151928959346,258.6116838941387
brz,2367,548.179794107,0.2818794660511594,121.18009604659736
brz,6327,1501.13184913,0.19765515472874584,86.91410701976103
brz,2519,716.519141981,0.3126021355777939,583.8765820372339
brz,2583,1113.89608239,0.2914010048413478,591.6948037241019
brz,5413,1924.81269737,,0.0
brz,3130,818.451188442,0.29137550150125013,543.3219504861271
brz,1574,3267.63816899,0.2962873459875804,1423.3284027099605
brz,6239,1301.03851186,0.20451399394825323,35.07644022025314
brz,62,815.905877739,0.40704895567840815,821.0329446530809
brz,3502,515.307108121,0.22339033578239867,210.4415938433479
brz,1246,697.66596395,0.3326562835703925,271.5689327464384
brz,1926,2223.35792031,0.23250728845596313,5.495552781048943
brz,4841,983.053069085,0.21530939638614655,9.16129976160386
brz,1964,707.440936334,0.2665732059772912,443.3274432313208
brz,3492,677.585425991,0.19836153404646187,65.69722774730009
brz,2392,797.544134816,0.32551872018808714,556.9496363321939
brz,6247,645.362810904,0.19638480246067047,10.732440035950905
brz,2521,681.135246351,0.35029409917554916,671.5468965119005
brz,2713,1443.93588493,0.41913686293951224,1430.6524456547754
brz,3069,528.676021777,0.3402982263790368,185.55646167829923
brz,640,1175.08989612,0.25124124119210944,1171.154484169156
brz,780,1238.90445425,0.42491149149965596,1224.7996011472212
brz,3042,1295.80940568,0.29578255076617704,435.21654028799026
brz,3758,770.087407177,0.29632762728944,516.7347245160271
brz,2120,1241.57590384,0.19595352021934617,216.96522590786805
brz,3005,662.934680445,0.34686152800064696,621.8174965951958
brz,2038,2577.58188448,0.2651943379621747,165.6651589786305
brz,3399,913.165584684,0.2907348852055714,532.9043281106389
brz,2282,761.591308635,0.43458907909766076,756.631445791207
brz,5379,1139.258446,0.18036194769524183,361.979955516142
brz,4416,636.009258205,0.19276954063821675,305.45843185723993
brz,6168,365.145583239,0.2210765328807475,147.3664162130917
brz,1519,751.863955926,0.32110946605429996,661.4012384452072
brz,3874,809.445587363,0.4395827868062516,288.99701903100106
brz,5652,427.135695219,0.2977396512540375,214.61182852352366
brz,2275,764.395928855,0.3665252956617778,413.2539473290537
brz,202,1304.03666441,0.3864418807233295,903.7390169629863
brz,2754,1311.24857444,0.4368707376533847,1072.649715797574
brz,1102,322.573555695,0.3305566051976421,318.924410202924
brz,2371,622.799932864,0.24384426301021775,174.8343630024031
brz,4360,787.512779231,0.23269430788162626,95.79903833725874
brz,5230,611.557126387,0.19471893942839388,77.47528327493107
brz,2286,1245.27663825,0.3005542751193173,247.85030113669
brz,639,968.970523616,0.24705268868450567,769.8732744403914
brz,1996,998.134304929,0.27075306039185076,296.25595604391657
brz,1448,506.126478754,0.3536222099506018,487.40066291958686
brz,2304,876.742001651,0.22125736932218656,80.35017260383157
brz,3541,748.002784076,0.2785115014910698,130.8700646793141
brz,2798,1098.43391167,0.3567379793766383,968.2606633205038
brz,3959,703.340608053,0.27034789395660813,227.99789659088734
brz,5367,682.426693671,0.19016557714458188,60.98394987816904
brz,901,667.34652194,0.3619385795662673,669.4580809649299
brz,5486,443.795455986,,0.0
brz,5215,427.512189259,0.2005415697818372,140.29142934761794
brz,5290,2136.02220078,0.1873086346888248,127.2064525828642
brz,5147,650.806194168,0.20129936160114795,96.31902908624386
brz,1888,619.517925575,0.23379573422234237,160.93724060058594
brz,1393,465.764581822,0.4135595023395256,460.9776103599399
brz,517,457.836192846,0.39344043291574665,337.98434412339157
brz,3167,674.653955446,0.3547616886102766,144.98884088852827
brz,2603,577.408870892,0.3809509030222565,569.9753575044521
brz,2907,1208.00412442,0.2223157139779208,1108.0128189086915
brz,742,780.950234843,0.383841785313899,765.4131922703162
brz,2576,706.351705987,0.2837855513228813,344.9183087218042
brz,21,801.047916331,0.5280937580940306,812.6406762814989
brz,2270,382.386765041,0.3226632236056969,311.44317465389474
brz,3926,831.287825297,0.23526624345448457,499.7050402473001
brz,3059,1103.00040106,0.2641227103624638,806.0731605080998
brz,3593,799.008311911,,0.0
brz,1096,694.396461764,0.34567604983748196,661.9231927310719
brz,6129,1506.61074685,0.254827241673979,225.36677587172562
brz,1215,3237.06291382,0.2223263447894804,1430.879301841586
brz,2671,698.368037916,0.29545984162905514,700.0353114109414
brz,4793,1664.62631637,0.19011882543563843,49.73264043471393
brz,1542,893.53838171,0.2797247031688053,784.1124273262772
brz,6090,706.096192729,0.21332781518204938,472.99004411884385
brz,2323,2166.02705994,0.30501595953625915,186.3474376304477
brz,5957,308.364211889,0.2649765360152316,130.6088747809915
brz,3515,1024.66444914,0.25362527157579146,5.496608958524816
brz,710,1967.24198414,0.42152542839809676,1959.6195566214767
brz,29,1017.80871768,0.565027471727733,1005.135675497616
brz,2598,598.985941957,0.23765374373310766,586.9846031338562
brz,1078,646.737619215,0.29786006119256636,347.1876572253657
brz,4531,757.191317847,0.18889345607209593,64.91526387532552
brz,2093,821.872814904,0.298977068565191,481.81980351466757
brz,3826,973.955080679,0.2666745469725805,441.07847388772404
brz,6424,3032.77051703,0.19256569409226798,130.38034901338466
brz,5989,677.154884712,0.24158237958017037,149.45456991756663
brz,1548,1070.81620257,0.33689723583606956,1075.0382436116536
brz,642,311.816817906,0.33403965978818284,273.88894677255666
brz,69,851.104734374,0.41107195737222785,847.1846325444242
brz,390,428.301512571,0.3412965208732435,424.7981503056545
brz,341,1385.90233275,0.5196329144352959,1373.2570680506087
brz,251,643.423143794,0.400847446441025,648.2078308703851
brz,1321,2898.79209149,0.20849963893893164,896.3545536714439
brz,5853,342.341458308,0.2747774278284735,250.99225861792473
brz,5361,1744.90688305,0.19378156380480327,533.6795796413047
brz,3177,908.593732076,0.34817961161855454,454.8580305810069
brz,5554,1008.28531582,0.21303348326275653,850.1106504253313
brz,4062,665.823911698,0.22410862065385354,179.8339631024529
brz,4644,698.361331812,0.18507450700693626,105.48514574836281
brz,5359,802.56452209,0.1954663351210423,483.6895617915135
brz,3869,670.948072498,0.4018634626917691,143.18959937002143
brz,5746,463.117061597,0.2791179440939014,332.9003775203929
brz,4720,406.534052933,0.22631451303391908,391.84972309785724
brz,4014,759.585863021,0.20326129199387216,118.8425178677428
brz,4755,711.759145159,0.19291873174327123,547.3312373740999
brz,3788,680.706528404,0.33566876963551007,577.4664594762465
brz,3138,274.783215003,0.40226447026865536,257.00428478764553
brz,1971,1033.03560628,0.2464659658794413,724.6563569312003
brz,6161,557.227646972,0.2415123229516503,397.6009069106158
brz,726,791.477936904,0.44161357542118407,803.3576299330769
brz,5833,294.014141312,0.2519598111602666,295.47967194201897
brz,3268,852.22709415,0.3630272723993397,511.9434570013308
brz,5899,496.425375951,0.24087385031965156,391.81321303423715
brz,3239,924.926649073,0.3354169525185971,581.5490570965934
brz,6062,3403.43560781,0.19238233405351643,261.7429022994696
brz,5196,428.68028375,0.2249022281949261,318.27735972684974
brz,114,892.230878938,0.4758542709386171,911.2444301231237
brz,591,463.54444232,0.31743726703670877,271.8029142192766
brz,1679,563.792813306,0.462969616605372,574.3539424223059
brz,6310,1992.98570502,0.20637992477248496,148.16973209755093
brz,995,1606.42407147,0.30232743149205626,1598.5395952710921
brz,2298,1248.65602973,0.2941950110718607,460.6356261010263
brz,4703,1006.98268069,0.19167490189379832,61.51285523059322
brz,2383,906.043013446,0.28056561808141084,565.0656951305914
brz,1146,4197.0233628,0.21151132335976808,2338.505486162971
brz,5834,1683.71781813,0.21716236409600115,890.6222635007373
brz,1434,416.258838924,0.4074453018068815,413.8906773286707
brz,6189,383.585086309,0.24220601527850105,309.65684060489434
brz,3682,756.230625355,0.27135564553631153,498.12237656537224
brz,5908,722.666161693,0.2067953064761048,98.67403992297602
brz,2892,2467.92803584,0.22974012461106788,1300.5967565798296
brz,2320,1549.13775787,0.3711525171995163,902.9434732773725
brz,4770,629.326788797,0.21706614557630813,341.32621501847814
brz,5895,167.092841091,0.2659957173234182,73.8082961138557
brz,5325,196.805532921,,0.0
brz,1079,1638.07956372,0.31467511924957886,500.2448032453949
brz,2663,832.882500334,0.2808148181915727,562.1157122443703
brz,506,593.527014818,0.3989938206481239,358.3850445915671
brz,5343,1449.97070087,,0.0
brz,2670,700.532190826,0.297968610828114,691.9217291439281
brz,4649,587.500170343,0.19322510034754006,94.49095635507621
brz,784,471.796131693,0.42470405109741105,469.8277486763749
brz,2651,537.3707563,0.31980113770015633,546.6797503003888
brz,4432,469.700616027,,0.0
brz,4421,2873.60595581,0.2006856093899974,1273.9007999794158
brz,3581,1259.41418393,0.23087577429440315,853.0364370607862
brz,5778,1565.59317706,0.2774573711220781,302.53465133367797
brz,6380,411.607441861,,0.0
brz,124,797.284334273,0.3840274305637281,713.5239530077167
brz,5724,222.800627009,0.2363908445387012,219.31957277784159
brz,719,366.475582054,0.43142313018666806,362.8293727500766
brz,4157,1044.4456053,0.21551067708794627,165.95391025917203
brz,2035,764.33468263,0.2776446278129559,245.48739079494104
brz,5417,1174.90239043,0.19533894088982184,92.65252757352941
brz,1152,243.875595088,0.3689601370028197,243.05760088153917
brz,1854,1128.24893284,0.23897666169394705,364.26275865143424
brz,1654,1267.5285129,0.4644778399501473,1265.9094303804286
brz,3256,1293.5369472,0.34531603046877984,899.5498554304535
brz,634,633.330639426,0.340756397070427,267.08960176355697
brz,2408,728.608285714,0.36454741449030187,576.3176750631893
brz,868,1108.04084794,0.4051167716914544,1096.1384975358553
brz,88,735.042778832,0.3764021795777091,738.8799441468485
brz,2386,825.159690708,0.24100712951359674,728.9029238831763
brz,5210,771.741954567,0.19813380827787913,581.8473354863186
brz,6220,1267.82597367,0.2116429929416704,63.08471987855201
brz,5012,421.491783441,0.20307988054032666,155.2106674493528
brz,6009,662.659087575,0.22525802872466336,599.1318911982518
brz,5207,774.231178096,0.2074162728807942,479.5089727065143
brz,6345,623.838337742,0.20917093822645016,323.05394056731575
brz,1593,1645.68771185,0.4778215081985258,1642.8273717244467
brz,6070,2197.13121622,0.1914082020128733,695.7239353853112
brz,224,511.586648984,0.43098327681883103,507.46300760904944
brz,3551,751.172145068,0.2934930656005495,234.5198797786937
brz,66,822.475860467,0.39789510911584713,803.2434662762809
brz,2391,992.530845031,0.29080258595110037,801.1385090846642
brz,2580,738.320023312,0.2303176281417917,309.5874950932522
brz,4654,607.102828546,,0.0
brz,5357,1607.52871783,0.1908408522803263,79.04444301829618
brz,329,370.207366092,0.426293589569068,375.613256147796
brz,6293,449.919138793,,0.0
brz,415,604.024002297,0.5050767888335043,608.4236196181355
brz,1031,778.803711974,0.2984189868134476,774.1362784292185
brz,3024,1389.01826326,0.31661171636127533,608.9784287994981
brz,4282,1178.210502,0.1870601521483783,60.726123405905334
brz,5095,978.336187367,0.1885963967696434,291.83445171281403
brz,48,782.252514801,0.4285627370487496,767.1515426635741
brz,2588,2097.43686869,0.3018217118084431,157.01667719822305
brz,5172,206.476259025,0.24708548967133867,207.2931619980756
brz,431,684.906892377,0.45094970871577045,656.041344197591
brz,4661,444.465962231,,0.0
brz,1411,381.80295646,0.32782951054109105,377.79036299761606
brz,1002,530.428662551,0.4135670651747558,329.38389042873007
brz,1385,1746.26503325,0.3133816896438674,823.0556342929016
brz,510,757.046720323,0.5469836336276102,762.2896971459481
brz,3008,988.026965814,0.5208006536119945,987.1544424318805
brz,3693,742.501688771,0.43219799269624315,346.3047964657054
brz,4882,545.814824322,0.22934384319451773,211.49221287147668
brz,2103,698.149566438,0.259794820911474,434.97396662095014
brz,4119,810.680318984,0.2503785011495209,231.91699260636872
brz,5634,603.796271267,0.22058817225574442,402.27101937088315
brz,624,740.070166421,0.40564538188805,736.9277107986749
brz,2397,592.14237332,0.3452000274978058,593.068717178644
brz,3556,702.011821062,0.3351352364945232,34.811673242905556
brz,1695,850.213403626,0.4061121178009622,640.0470263013655
brz,577,383.439681753,0.32778354329453,372.25921346627024
brz,3006,672.01145495,0.35449991464567054,652.4364044488646
brz,419,423.761694868,0.5310946364994634,409.8870730530981
brz,4808,901.949873681,0.1851271259637929,191.3379332000134
brz,4401,710.87783241,0.21089845359325401,170.13879116282743
brz,1407,310.079798508,0.3168863195060479,310.81246391745174
brz,2541,738.52098544,0.3788286634016231,258.0421553368662
brz,1375,616.287847825,0.3441027010142231,626.0568617876839
brz,3560,617.648932075,0.25964413159845035,337.1245366115196
brz,3524,647.653941107,0.25922365398203095,149.9790393604952
brz,659,752.573405683,0.34405357556057714,708.1218006208832
brz,122,795.038120698,0.4014984224852128,739.4147930668851
brz,6319,1669.9504123,,0.0
brz,6106,1275.9355023,0.2254749254600422,900.6913464116114
brz,2969,658.445833079,0.4259272676536707,643.7945997051165
brz,1387,462.208829265,0.29726053419407833,465.6861322440353
brz,2938,719.016734034,0.28286955447353945,445.1496911441578
brz,6387,531.105369942,0.18694724142551422,2.8797938627355237
brz,5440,699.612202991,,0.0
brz,3733,773.583012725,0.34917097082061155,210.98570395076973
brz,2834,1044.27082845,0.3685007617948108,855.9735307282092
brz,2689,1179.16367872,0.3528693563107891,1176.8468726962224
brz,2097,1560.36599037,0.2664254579787717,453.29601239971083
brz,1789,1512.78299638,0.3648331469693321,429.4151422837201
brz,632,960.129107253,0.28078706659924146,644.3110451193418
brz,2826,2070.52542996,0.22618378049706758,95.51467895507814
brz,2560,536.707646037,0.34590579907214913,315.0900574628045
brz,2479,700.609967836,0.30003098695276437,359.33820211373126
brz,5666,2765.17627237,0.20380135624622334,1793.5781873516007
brz,2976,695.8100504,0.36617818822817755,696.9154158947514
brz,5237,1397.5557186,,0.0
brz,876,495.560076062,0.355285218027599,497.8346223419787
brz,1465,510.154595639,0.36414158888118214,498.9157325595033
brz,3,851.068212706,0.5682556229057135,734.4437698364258
brz,4322,1161.19276896,0.20868200569221557,118.05126258999695
brz,2197,268.099103814,0.30279688799909765,265.6423481660731
brz,4084,756.990247447,0.23066505332850876,659.9097668816062
brz,3810,788.713531196,0.40095119019482944,545.2732891606349
brz,4027,824.518021908,0.20449820279239495,56.01848581351486
brz,1455,383.158089374,0.32131600615010175,381.4426539701573
brz,983,1949.07949049,0.4387462258931534,1947.2354079003428
brz,370,700.037699898,0.5107506503453428,699.4605157291189
brz,4153,1108.66324159,0.22226033654163224,903.5851940080232
brz,1314,451.927660345,0.3306831483612566,453.40930789124724
brz,164,779.400613056,0.5355399750453363,667.5082842658547
brz,4564,730.228776507,,0.0
brz,2879,1066.6878322,0.2664690598137986,1069.2664358400832
brz,1088,587.50712063,0.3614263639513913,508.0890324910482
brz,763,545.738453185,0.5135055740388463,545.4199586756088
brz,5455,798.264605763,,0.0
brz,5100,306.702098706,,0.0
brz,1181,274.503743155,0.3394838089266649,272.091002071605
brz,4740,1693.8673424,0.21041013795567157,167.00046973134957
brz,3247,967.615009826,0.4261573973814894,504.0810136682847
brz,1692,2739.75830714,0.5627785858704034,2752.2261831844553
brz,5782,366.288435089,0.23464129031385136,320.856137563668
brz,2909,727.196275715,0.24012924574810843,555.0568461698645
brz,6264,1118.43130886,,0.0
brz,5214,1036.05932995,0.20769145733374855,230.85284441779643
brz,5063,2484.41443462,0.16242652081145256,91.3484702016793
brz,1796,306.015217956,0.35515924224194056,307.47371613745594
brz,4856,990.375309493,0.19447817777974835,341.321635167739
brz,5919,506.696949869,0.2280247818314752,281.3657314824123
brz,3363,470.666265787,0.30670452117919916,301.2600945267023
brz,3400,455.82538394,0.2960044047275879,276.92113539751836
brz,477,317.66920903,0.43011778481024543,313.12134955911074
brz,4301,1868.89777768,0.22900451587433984,135.58803196327358
brz,5709,281.534882321,0.2908882319100224,254.65233330820124
brz,3009,669.49215532,0.3058342486316711,643.0134614233876
brz,5397,1697.75452563,0.1942680106768685,64.90953746122473
brz,6334,2520.21837792,0.20884081093888535,74.61069847555721
brz,4164,855.782121254,0.2251412342605686,313.5854223513136
brz,4193,785.774556112,0.22022686088170126,110.19816583371629
brz,4279,1606.40047948,0.23932660562651498,45.80626319436466
brz,5605,1237.6010728,0.20690368750038443,186.3507288016525
brz,6421,913.423332176,0.20351597297508106,29.584205836875768
brz,4584,1507.43027231,0.21274110133481144,366.7261078778435
brz,5047,666.968370156,0.1880824559188019,384.23702500287226
brz,3737,821.736247704,0.2926330743482829,175.12440257352944
brz,5380,3711.85662049,0.17483521705475924,504.10375025132123
brz,1759,1876.74685807,0.35385863795496786,1868.847392063515
brz,1549,416.14394757,0.4012579017211097,411.8086543662875
brz,1618,1499.34603005,0.4186692102474369,1492.9655173806582
brz,677,1679.86012381,0.2600433970218175,1666.3395389033299
brz,1797,2923.04617584,0.22243764807233035,498.501475165872
brz,3351,603.702229184,0.29383356327767124,610.1071091895011
brz,2933,764.23489847,0.29345586241064553,726.473900230258
brz,2218,1600.25473948,0.29957381227789076,432.87863024543304
brz,4373,681.923263718,,0.0
brz,6366,269.864495189,,0.0
brz,4414,1921.81386145,0.20687119896569958,473.7598939185049
brz,5864,439.724359816,0.2581457870571237,223.77578600715188
brz,1289,525.304596618,0.34984471161751346,279.6814404955098
brz,5755,860.487240003,0.22083047725722046,848.7349584841261
brz,5223,1398.55315516,0.19981576676897425,375.33615399528946
brz,940,487.761833424,0.33547491297197884,486.8629911534926
brz,4387,637.12037604,0.18118603864023763,40.57196284275429
brz,4601,537.963248967,0.18491504736516157,64.65316281786153
brz,549,515.923317223,0.3506338651505494,515.8681452134077
brz,1829,998.968477265,0.2766235752311234,889.445153838513
brz,454,668.93418894,0.3572357277432956,341.632009528665
brz,4847,1848.54097579,0.2049679458141327,2.355765039780561
brz,6281,365.398587412,0.1780281865321998,295.28448755600874
brz,2527,581.893264669,0.3378852503868389,512.9477176142674
brz,5955,814.048673652,0.2325538462716667,162.8034709257238
brz,4824,422.703279486,0.22733122694331248,193.69661488252524
brz,949,2287.88297285,0.25740964968022106,2154.4083476347078
brz,1603,1389.50718394,0.3261887555835614,1237.5717641194663
brz,917,485.79108732,0.38741925484653267,495.48818371342685
brz,3428,584.776546578,0.286763421979756,599.651459159103
brz,4574,769.270962935,,0.0
brz,2887,992.94042371,0.2990776244986367,806.0061798394894
brz,2447,721.15663584,0.327100402070808,509.0448273303462
brz,2525,774.961664366,0.3096717577009054,372.67219815721705
brz,5304,870.516653291,0.1898977400795106,16.22785913803998
brz,733,613.291553613,0.4293904271390703,614.4808036355411
brz,1230,906.653917578,0.25002564382969517,704.0519691018497
brz,3784,779.037577477,0.3987205554313643,575.1073071648092
brz,2824,706.378916127,0.2412757825897711,370.806378622616
brz,1409,814.525197038,0.28095882889248325,761.0729508343865
brz,4634,682.32839952,0.2044251555944704,82.1891996495864
brz,112,723.998611342,0.3656659380593436,715.0821408739276
brz,4280,835.392574881,0.2389817143741407,14.91975429759306
brz,71,838.218427891,0.43420081792016624,826.2589458091587
brz,821,951.586149381,0.3596732599035212,697.1652201334634
brz,6414,2870.02275079,0.2168347263800056,245.57313648298674
