stream,Input_FID,Shape_Area_0,NDVI_veg19_0,Veg_area_veg19_0
lbv,1,582.717607598,0.6265767770210378,197.1862652049345
lbv,2,406.60662977,0.6612805976587184,154.9881446688783
lbv,3,342.709879202,0.6633797399235959,125.55343583050897
lbv,4,339.160776539,0.6624437301983068,84.39731831270106
lbv,5,342.758070588,0.6648456328351732,73.97799317603018
lbv,6,294.617879158,0.5903956105542738,56.00446214862898
lbv,7,304.050078612,0.5839732891925107,118.26084295534619
lbv,8,311.197543253,0.6134307587949129,108.36249712775734
lbv,9,294.38621598,0.5949729174375534,52.0974209355373
lbv,10,348.11530408,0.60707895136347,106.27899914909813
lbv,11,397.839123729,0.5925107173463131,97.943481983858
lbv,12,470.062115964,0.6388502832381956,209.95365914737476
lbv,13,428.92970217,0.6245366128373748,164.62894406786154
lbv,14,445.458262603,0.608058129608964,233.1379316741345
lbv,15,426.54489361,0.5784271285846466,170.88128973268994
lbv,16,415.577494096,0.600435106232658,185.72938857733035
lbv,17,405.605395543,0.6617382684875938,110.70833207672719
lbv,18,416.229041193,0.6503778901391142,132.32941978304996
lbv,19,387.895998751,0.6108372422507765,133.8926213582357
lbv,20,403.436137427,0.46264043686524875,207.09132115981157
lbv,21,395.378418421,0.4457733835651973,195.10882984236176
lbv,22,374.545193226,0.4779291700219255,203.70542123831953
lbv,23,359.673862858,0.48044600471873805,198.2352334116019
lbv,24,327.023512211,0.5026611449783795,190.1601661233341
lbv,25,306.866545172,0.5993897712802234,76.06415997673484
lbv,26,289.253027841,0.5979561867699347,85.18143319522632
lbv,27,410.368333579,0.5981645745217999,234.18405537324796
lbv,28,392.727610665,0.6032486655581966,195.63093225815717
lbv,29,379.513905091,0.6033701198983056,180.26172996969785
lbv,30,401.36075563,0.6303008223573368,200.05940040139592
lbv,31,410.399674398,0.6508001727654001,175.312443003935
lbv,32,385.010195633,0.7313928420344987,93.77793145273246
lbv,33,345.520654594,0.7274524126136511,74.24090351777919
lbv,34,344.686692676,0.6752608064058665,48.1914259966682
lbv,35,327.305318966,0.585411621372127,93.25669059005438
lbv,36,328.36700633,0.5754863853039949,89.87041341744217
lbv,37,357.402154858,0.6267524706052604,115.39875039493336
lbv,38,358.469197523,0.6051881935388322,131.28915207806753
lbv,39,334.108109962,0.6420245473814564,89.61017680448644
lbv,40,314.476323759,0.6394209837567979,89.87079946480546
lbv,41,298.247272256,0.6643480784771588,97.16472793279911
lbv,42,316.47879845,0.6827966463848817,175.57389119466146
lbv,43,394.201249465,0.7347178438591268,233.92532441382315
lbv,44,524.421780236,0.7472841741636407,313.37707672119143
lbv,45,464.148999126,0.6882522796107605,294.3609039306641
lbv,46,284.476944057,0.5645749505329508,65.90549154842601
lbv,47,458.771054239,0.6892302540770499,259.4548163918888
lbv,48,347.639821928,0.6643113401606251,136.23995660520066
lbv,49,238.912571829,0.6153465478043807,59.393360990636495
lbv,50,381.176704397,0.6886409863532048,169.5838446822821
lbv,51,377.030922713,0.7293200610094898,267.5310455322265
lbv,52,318.582842065,0.5982459013530722,99.51041624779795
lbv,53,368.512488473,0.6480932153927524,151.87077911975337
lbv,54,339.251926814,0.5810926018621975,163.07276488659429
lbv,55,356.95334603,0.5886101710035444,195.89597096162683
lbv,56,336.792572914,0.6007467423318328,146.14071012010763
lbv,57,295.289171723,0.67111319485814,195.89650008257698
lbv,58,301.603031396,0.6931857830116298,155.51912743063534
lbv,59,312.805834637,0.6716433385191443,171.14936433679918
lbv,60,326.02344206,0.647901786673752,140.9313056497013
lbv,61,330.254788931,0.647852241269593,107.32664274327897
lbv,62,318.569586201,0.6139102251852974,153.69616145713658
lbv,63,353.87574378,0.6348179855332939,90.39428265141507
lbv,64,349.052477951,0.6688104068621611,101.59591232000614
lbv,65,383.676944692,0.6515561777778415,178.96509581921146
lbv,66,362.993636314,0.6293528071030948,156.04089107139438
lbv,67,421.937671965,0.5962686866664431,217.78021739884917
lbv,68,388.684360681,0.6319586352076171,110.45323749617035
lbv,69,303.552073468,0.5316302998465781,41.9408187567019
lbv,70,439.202409075,0.6087188755764681,243.5700148339365
lbv,71,460.290702374,0.6348607767352742,235.75495476816215
lbv,72,433.909057188,0.6502413914820692,214.39387766520184
lbv,73,421.158247498,0.6227142376611468,254.25110925412648
lbv,74,410.293847723,0.6169617530200389,240.7052415735582
lbv,75,511.731822515,0.632628138248737,352.20135040283196
lbv,76,402.841704645,0.6494357294340363,228.46243579340916
lbv,77,368.612916943,0.6405505391734617,196.94172192741843
lbv,78,352.345137353,0.6201337012084754,134.94171540503407
lbv,79,296.650235547,0.5681450251947371,14.848851731244256
lbv,80,292.236255821,0.5558655072455625,62.261035814472265
lbv,81,285.059850988,0.5680745934938883,86.74880915623085
lbv,82,306.588031492,0.5434594494590432,60.69823204489316
lbv,83,344.067289964,0.5725483181956296,86.74912459429574
lbv,84,343.759391118,0.5807828103120511,135.46431418026197
lbv,85,331.318508678,0.5441733423129533,134.4224884332395
lbv,86,318.59210152,0.5554476904929901,102.11965819714116
lbv,87,307.151201663,0.56832674741745,79.45542608522902
lbv,88,393.851152234,0.5825218726660459,170.63417172899435
lbv,89,513.317335473,0.6371826310887149,237.58593393961587
lbv,90,535.715901649,0.6339813766285624,301.150995052562
lbv,91,536.172034767,0.6691472361524045,266.24298774868834
lbv,92,638.186250368,0.6955566960850923,363.41449118221516
lbv,93,624.626467056,0.6992378726152642,363.15449996649056
lbv,94,611.245788355,0.6914952251467262,347.0032015033796
lbv,95,585.689913449,0.6673128492654211,387.38312793806483
lbv,96,312.829874883,0.6342246324162593,91.70063177370558
lbv,97,514.538695145,0.6767098501757466,251.13511448280485
lbv,98,560.239880287,0.6853542682286856,289.1705701641008
lbv,99,467.868551869,0.661549574995187,255.04357461368335
lbv,100,359.224973912,0.6432043941112874,114.88698443244486
lbv,101,266.302627477,0.5175036535424702,30.74080119413488
lbv,102,313.726409111,0.485657332880983,107.33238324932023
lbv,103,316.284520763,0.5034598907065946,112.02185318890741
lbv,104,324.148145418,0.4856091383844614,87.53354617848115
lbv,105,318.974245737,0.5158023010281955,115.14848124186199
lbv,106,322.416074667,0.49121566825649804,150.05799345128676
lbv,107,329.668829818,0.5620186210706315,120.88028145584406
lbv,108,319.497639418,0.5166001610424882,176.37085954254746
lbv,109,322.101357332,0.48612102319559225,163.34518190271714
lbv,110,368.805293418,0.511697377670895,149.01684537401388
lbv,111,407.667888086,0.5390854302802548,220.39933902516086
lbv,112,419.051745985,0.5757976044708335,190.4398824654374
lbv,113,428.74093776,0.556357777012972,190.96121619729436
lbv,114,501.906743716,0.5402500032927392,344.1477034924077
lbv,115,600.522494628,0.630261606331599,430.3801523545209
lbv,116,636.983548784,0.6794890108526586,410.0599744011374
lbv,117,722.176455332,0.6514704112627462,488.2173145967371
lbv,118,845.200705694,0.62500755970811,578.3592015285119
lbv,119,641.364455947,0.6966964855462641,379.31999095841945
lbv,120,586.743981692,0.7115687636825127,320.4423367668601
lbv,121,564.025526562,0.6949944729311067,298.03793619193283
lbv,122,564.002492824,0.6850089838602365,292.827931991278
lbv,123,431.382228883,0.7098050536721517,108.89876083673217
lbv,124,309.188286918,0.5355277295907338,19.539317979999616
lbv,125,321.821867235,0.4236407919860343,122.18610441918467
lbv,126,395.394440163,0.618052569219658,144.59116450291054
lbv,127,431.053751454,0.6177409605539225,195.91469861198874
lbv,128,386.099878719,0.5554020762580881,226.13592382692823
lbv,129,320.448843582,0.4978583738300371,125.83387050254673
lbv,130,487.689372992,0.596164350339509,270.16470489501955
lbv,131,469.379259696,0.6748527541927909,203.9910863539752
lbv,132,317.528350656,0.48096240288082587,97.95779188567518
lbv,133,276.416609285,0.40505188405513765,109.42128574146945
lbv,134,266.979347797,0.5242384005051391,101.60550698673023
lbv,135,248.781288,0.48788516924905917,93.52916627771715
lbv,136,258.002802666,0.4534524511608612,77.37649491254021
lbv,137,240.179212269,0.5305966165528369,69.8212142645144
lbv,138,223.691928524,0.5368797625385741,41.42371727438534
lbv,139,255.39143316,0.5006042460600535,132.8684777652516
lbv,140,248.27554002,0.5040747274263324,93.52900456447226
lbv,141,313.813672812,0.6179277090054764,111.24486197677314
lbv,142,277.516140994,0.601774133826202,69.03936513264973
lbv,143,259.700581653,0.5382742994165016,122.9681276807598
lbv,144,251.541007982,0.5239691067926632,41.94467842251646
lbv,145,262.558612876,0.5280884522302398,60.44183164110371
lbv,146,282.315925167,0.42325550971184184,97.43656682033165
lbv,147,293.905806584,0.5170679047137876,82.32591666427314
lbv,148,301.269980783,0.5167424657226148,57.57589003619025
lbv,149,293.717167912,0.4410608707478753,56.273360667509195
lbv,150,284.682766392,0.519360019698169,47.67591047099992
lbv,151,301.999507477,0.5208344141373764,77.11518363204657
lbv,152,537.806471961,0.6228863136101794,242.28680958467373
lbv,153,352.522489691,0.523329808379783,79.45976137647442
lbv,154,587.456568475,0.6349385207480865,344.1505585315181
lbv,155,688.484351371,0.6432521432604944,467.3771301867915
lbv,156,712.895955562,0.6560415016737741,497.85742289225266
lbv,157,708.774323241,0.6603929833632249,423.3472699034448
lbv,158,703.304962807,0.639033254879249,549.1786840999829
lbv,159,671.392939117,0.649117243832128,441.0617718266506
lbv,160,543.932663028,0.6516918620560693,323.82706550149356
lbv,161,450.202368624,0.6301242743308345,300.1194207584157
lbv,162,305.923502913,0.6227022369841596,149.01743044385725
lbv,163,255.10081193,0.6610254831788664,54.969618464451216
lbv,164,320.203537967,0.586758817331149,108.37601402133117
lbv,165,349.537155376,0.5847358892538717,116.71240620332605
lbv,166,435.616150444,0.6103285903503812,221.17998869652843
lbv,167,461.115591649,0.6171820798356618,233.4238950841567
lbv,168,690.443315628,0.661123328607599,473.6199817433077
lbv,169,622.106532758,0.6827063661714095,342.83965822107655
lbv,170,538.144815362,0.6530319904210447,301.67778230554916
lbv,171,484.773608314,0.6585727820193212,262.8605668011833
lbv,172,507.137394793,0.641444059578996,287.08821393181296
lbv,173,349.142171505,0.5675620633497166,139.6363504746381
lbv,174,446.143346929,0.6140750271302681,260.2545870612649
lbv,175,543.985971169,0.6509350714075981,337.3664622587316
lbv,176,391.342373992,0.6134946181467086,206.3272148581112
lbv,177,314.096372953,0.6373205425984719,106.28953758688534
lbv,178,356.256975676,0.6510773638960061,136.5088155709061
lbv,179,417.789388791,0.6471658310859031,199.29207252053652
lbv,180,434.694355657,0.6344356880108231,218.0486415189855
lbv,181,493.483557368,0.6427029090285066,264.15883516797834
lbv,182,482.403294212,0.6345354388674329,270.41073007022635
lbv,183,468.190684315,0.6511615180727188,256.6032507503734
lbv,184,539.223604045,0.6782386647116754,323.03303303438076
lbv,185,596.855660683,0.689919192586055,372.79008492862476
lbv,186,624.165974484,0.6679878375536846,470.22028545304835
lbv,187,571.007245129,0.6787931338889368,401.9660972445619
lbv,188,519.405852773,0.6923042103500651,315.73687211578965
lbv,189,353.813210617,0.6236636781984048,191.73457135967178
lbv,190,436.556909302,0.6729590116428728,341.00554396685436
lbv,191,369.182969297,0.6640289088702087,160.73337581858914
lbv,192,288.77954281,0.6035593633956098,85.7069792803596
lbv,193,300.693579284,0.6025909801457552,116.44667349422679
lbv,194,258.438164313,0.6004052885152676,56.26942760991115
lbv,195,332.047622842,0.5842554452821289,156.04320897121056
lbv,196,410.945373422,0.6083493269555017,274.05197299134494
lbv,197,328.029040633,0.5916697798113226,235.23629724839157
lbv,198,291.824312469,0.5276844501495361,150.83231290929456
lbv,199,306.626012772,0.5147999512896776,172.1934211581361
lbv,200,302.43717827,0.5817799014114619,112.79828763475605
lbv,201,310.57796482,0.5938672000585601,201.6297908109777
lbv,202,317.463525218,0.6708944499816585,95.86528434005439
lbv,203,286.888302891,0.6689860933888568,71.37784561456418
lbv,204,271.283764259,0.6198262017826701,78.41129647049249
lbv,205,288.336509291,0.5225375110957784,72.6801357792873
lbv,206,343.608839649,0.4642315391732866,92.99905009550207
lbv,207,324.649247827,0.5053246283568795,82.57903451358571
lbv,208,334.152219049,0.47518223895150213,131.81373207241882
lbv,209,423.105016791,0.5844251278318657,171.67024742575254
lbv,210,388.285981082,0.6412141869465511,93.78047922171798
lbv,211,367.857978594,0.6737393578629434,42.20125992718865
lbv,212,498.840366218,0.69102843105793,217.78008072796993
lbv,213,378.145398356,0.6689029425598574,143.7977326337029
lbv,214,372.932560835,0.6746556350629623,133.11733455283968
lbv,215,388.973578841,0.641774785585712,185.2184035357307
lbv,216,407.31119668,0.6583504961242577,199.8069772458544
lbv,217,419.099374791,0.6612250972561388,218.5636763927983
lbv,218,348.102194196,0.6682694681949571,107.06766258688533
lbv,219,308.0332494,0.6502080664342764,63.823885150984225
lbv,220,309.061399521,0.629678475888913,96.64773383047066
lbv,221,371.896956718,0.6862239901330913,156.04330124200558
lbv,222,302.967240864,0.6279409786021944,119.0517500634287
lbv,223,360.228104537,0.55012825638318,177.66624333998735
lbv,224,358.724246189,0.569049457294478,181.0529484468348
lbv,225,337.771318616,0.5945334188521854,229.76826728372015
lbv,226,306.986945379,0.5838900993485476,154.48155347038715
lbv,227,273.874972301,0.6005205311749362,96.12787957284965
lbv,228,257.858299216,0.5827321625867132,153.70043993183208
lbv,229,276.718437526,0.5166206094506266,173.49922341739432
lbv,230,309.683806256,0.5193040808127993,240.4502473419788
lbv,231,326.270302698,0.5211599142911534,250.08914678237016
lbv,232,305.945376796,0.536861947202307,198.50817682602826
lbv,233,303.524418856,0.5505076167983836,172.19670861936083
lbv,234,292.674033173,0.5630774774173697,131.55721851423675
lbv,235,252.432089664,0.6125869364805625,73.98462189319086
lbv,236,252.797630425,0.6345912566659047,44.54707435159123
lbv,237,260.848436546,0.6615208983421326,7.815276202033548
lbv,238,246.882105204,0.5455945134162903,19.79859511431526
lbv,239,259.144530336,0.555126916065677,86.22809187945198
lbv,240,252.037196469,0.5551243603229523,18.235549507889093
lbv,241,265.910849896,0.5756993114668438,55.488297256768924
lbv,242,306.776482875,0.5779541560349738,95.60677241905064
lbv,243,308.575884525,0.5854491162876349,86.22832979688458
lbv,244,270.585236075,0.5946950498554442,75.02672427308326
lbv,245,258.742798304,0.5971659168135375,66.69039306640624
lbv,246,250.804957692,0.6000962054143186,79.45550552068973
lbv,247,234.90605969,0.6030947819404071,74.76637794644225
lbv,248,241.801386444,0.6482028998434545,54.186189658969056
lbv,249,224.699902654,0.5651273256575567,88.05240358838847
lbv,250,246.243931049,0.49682033487728666,43.76578234504251
lbv,251,246.46526289,0.4898412037512351,60.43855243757659
lbv,252,251.311936662,0.533303267949698,102.12021939146751
lbv,253,242.893750137,0.5461079564569223,115.14571222043504
lbv,254,266.591234524,0.5532462695832193,64.3461774339863
lbv,255,258.221183709,0.5389419378118312,61.22018830542471
lbv,256,237.273214022,0.5740098626382889,80.75851260914521
lbv,257,254.504689203,0.5599127122273682,73.4640962787703
lbv,258,232.791261294,0.570153802332252,25.79061769971661
lbv,259,235.7556483,0.5496346153408648,43.24498027726716
lbv,260,241.675581844,0.5352634251981542,71.90127952426087
lbv,261,227.794280884,0.5169250692518966,109.93592382692825
lbv,262,219.974042337,0.5682946326939955,107.85195806166705
lbv,263,239.121016726,0.5499034711292813,145.88675540101295
lbv,264,240.653744648,0.49100982902273915,158.13083986768535
lbv,265,262.083668966,0.5293619723748961,186.78720505658316
lbv,266,275.516254689,0.5456369454405492,166.4673387415269
lbv,267,242.832083348,0.5664206998583711,105.50752617331113
lbv,268,282.775299885,0.5731310013142773,165.68586623247933
lbv,269,289.716212106,0.5794564897363836,186.2663656496534
lbv,270,273.899185819,0.5690866631312963,178.45108675489237
lbv,271,288.36094928,0.5375110908110339,207.88909274830536
lbv,272,290.156247189,0.5822005840212728,162.2994799744849
lbv,273,313.014425019,0.5326221744720342,186.0062666051528
lbv,274,264.936436482,0.32617975906892255,106.02877666996974
lbv,275,281.00002495,0.46119990155977353,26.57223070930032
lbv,276,270.709554035,0.46372639668323895,157.0891278435202
lbv,277,278.209798568,0.5406745920942259,177.93018092735142
lbv,278,286.684379368,0.563484788962773,182.3589875464346
lbv,279,272.210732596,0.5392673383367823,110.19704048306333
lbv,280,301.074023695,0.5589810503284317,115.14657305549174
lbv,281,371.237522318,0.5883839564402334,110.19675523346545
lbv,282,387.888932875,0.6087610056463456,78.6747382070504
lbv,283,366.734725523,0.5865620267622679,53.66561013016046
lbv,284,287.788980161,0.3725840990513439,62.262796020507814
lbv,285,309.788753019,0.4552491237235957,90.91919187657975
lbv,286,321.492827257,0.44586857324787255,120.8782875210631
lbv,287,298.348604118,0.42863988135356074,95.3480869068819
lbv,288,274.934538249,0.38753239835029124,94.82715621649051
lbv,289,257.874446358,0.4009891152381897,80.75940300436581
lbv,290,252.838592385,0.4137587000403488,74.24654792336857
lbv,291,268.687108342,0.40877506136894226,74.76757632984834
lbv,292,263.673260616,0.43270553258898997,79.71734619140625
lbv,293,263.582928027,0.4960396980961009,66.95214748008578
lbv,294,268.929094569,0.4784437982716423,71.90184577493106
lbv,295,282.884481292,0.46202206180283883,79.196158136106
lbv,296,273.910391182,0.45757628812396556,129.47537796918084
lbv,297,266.826478687,0.4800545547232532,116.44968100155101
lbv,298,260.690841399,0.4883323942558675,102.90293659883386
lbv,299,261.044394134,0.4937095046043396,93.00341033935547
lbv,300,267.006472138,0.48933001533864784,81.54080514346852
lbv,301,264.874224824,0.4797807852905917,64.86791247199562
lbv,302,285.150538838,0.45505212294626934,123.2228900086646
lbv,303,277.269193974,0.47760343465472566,153.18190475164675
lbv,304,261.194644877,0.5119453224390488,150.83728574865006
lbv,305,295.084992864,0.5367374491396842,189.6538277719535
lbv,306,357.822067333,0.4936587225723932,186.26728949453317
lbv,307,383.974842968,0.5146131746216301,175.32562273810893
lbv,308,417.516018922,0.5247742957838877,264.68152199539486
lbv,309,435.585420591,0.5742394360568788,234.4617456174364
lbv,310,390.576418717,0.5431233609164201,175.846453259038
lbv,311,326.909617815,0.637279394016202,58.35491476619945
lbv,312,334.537593077,0.6651467254851013,66.69131332098269
lbv,313,395.627387098,0.6583416549928282,180.01453082514746
lbv,314,328.330743366,0.6479993366510927,118.01243896484375
lbv,315,353.05817086,0.6475636308454312,145.10575995351755
lbv,316,411.013215066,0.65778559697387,191.73737302293966
lbv,317,375.581271071,0.6521490387460018,171.41731178433287
lbv,318,248.343081024,0.6036166115555653,44.8081854427562
lbv,319,193.307978614,0.6379254937171935,10.420495126761642
lbv,320,389.508765159,0.6512227392597505,178.19021669275622
lbv,321,396.507202274,0.6776440046330454,161.2566931032667
lbv,322,290.354342854,0.5882447547758158,64.34635120466645
lbv,323,322.844370475,0.5799485550266777,153.4410021314434
lbv,324,305.451054343,0.45867836634217185,102.64140394622204
lbv,325,282.472260916,0.5909713846824836,94.0442647896561
lbv,326,256.016456219,0.5620273715489871,60.177833198098575
lbv,327,255.25199472,0.3380217310338736,81.53950736849916
lbv,328,253.774419654,0.3744858952115946,66.95085224824793
lbv,329,254.734990716,0.4308871293769163,57.57241722555722
lbv,330,250.019368315,0.45006141843449354,60.95891490263098
lbv,331,246.810428607,0.5784491377158297,37.513131175321696
lbv,332,230.683527836,0.6489811149136774,30.21885627297794
lbv,333,240.787371426,0.5981380496767983,71.89991081088198
lbv,334,234.967367124,0.5569383540985045,95.60589653463924
lbv,335,225.644476423,0.5336377135999911,47.41210060867609
lbv,336,230.972918203,0.4385710913611918,51.059095375210624
lbv,337,260.431111142,0.4236676245046085,44.02533045750038
lbv,338,257.985270331,0.5066516626017176,68.51271646537033
lbv,339,239.041242636,0.6050191952747369,82.84044455733954
lbv,340,227.048756329,0.5588620729321476,59.655430363673794
lbv,341,242.267950264,0.548978472445287,76.58805802289179
lbv,342,265.872520755,0.5347701543667277,158.90684808469288
lbv,343,260.072438256,0.5000214470221718,177.14189118030026
lbv,344,243.313420009,0.511373345548683,74.76417122635188
lbv,345,263.07921387,0.602977147097644,65.90707855224609
lbv,346,264.607647083,0.5916888247438743,92.21764795639936
lbv,347,240.982753036,0.6362099045631933,26.57115541345933
lbv,348,265.406876093,0.5740485011714779,152.13264214010798
lbv,349,289.453481037,0.6328165144685987,137.8050166410558
lbv,350,275.224489993,0.6158730099295372,145.09885888193168
lbv,351,277.581843306,0.6336080227398647,110.45217724968404
lbv,352,266.90118906,0.5111414942362789,121.39297545189952
lbv,353,250.166741584,0.644813140801021,82.05753505931182
lbv,354,281.73936234,0.6750434906619369,81.7970349480124
lbv,355,282.154294654,0.6665966265129321,85.96502021340763
lbv,356,297.24670719,0.5939549451117759,173.49282902736292
lbv,357,264.888834037,0.6088887207590571,158.1233913945217
lbv,358,284.768720217,0.687223511183913,109.6705493702608
lbv,359,278.399780455,0.6753753085323816,119.30905815573301
lbv,360,265.42417037,0.6453684909361268,247.73559085621554
lbv,361,302.884507698,0.6297470411074529,176.87964770747163
lbv,362,350.415558271,0.6416871422963426,196.67754091749006
lbv,363,370.849072228,0.6694540367644028,146.40107116699218
lbv,364,304.462144013,0.5902351322064874,170.6277931063783
lbv,365,281.136794329,0.6411233092729863,67.73014337876263
lbv,366,265.030908972,0.5605024982560501,128.6874579934513
lbv,367,248.481161716,0.5604700221026198,97.94839549345129
lbv,368,261.392750142,0.5947288087600672,53.923844819910386
lbv,369,264.760102777,0.5259290000666743,71.89852618049173
lbv,370,261.378115978,0.5300096035003663,62.5203758688534
lbv,371,271.912739509,0.5754585886193859,64.60431901520374
lbv,372,257.792992863,0.5487697505673698,134.41885453766466
lbv,373,258.562545896,0.5989500205767782,158.38508468328737
lbv,374,265.501002895,0.6204125662886264,171.4101666020412
lbv,375,258.412190284,0.6090187856259237,170.6286787145278
lbv,376,227.420336128,0.5739626063350821,125.56177529727711
lbv,377,243.025061428,0.5595670316436074,143.27581069048713
lbv,378,241.054966469,0.59083700845207,89.87305809469783
lbv,379,217.773283848,0.6217273393373812,46.36933934828814
lbv,380,225.800781025,0.6014013891920037,28.39469030043658
lbv,381,256.022127806,0.5747133260681515,54.70520917107077
lbv,382,244.914166273,0.5509093151373022,22.142602808335248
lbv,383,244.419435833,0.597060175152386,44.28512752757353
lbv,384,240.465612761,0.5378942133164873,119.569996732824
lbv,385,268.845804897,0.5418417234698263,170.10717540067787
lbv,386,295.667420056,0.5625711541484902,140.67059999353745
lbv,387,292.225637909,0.5914245729112521,119.04892246021944
lbv,388,375.01996499,0.5805914832958136,255.81175510182098
lbv,389,345.312385066,0.5634750026540878,243.82860478419883
lbv,390,283.464477414,0.5573429406448535,163.59457445331648
lbv,391,325.837873249,0.5469603597458302,188.34224647073182
lbv,392,305.391904804,0.5522651007481029,195.1150609035118
lbv,393,265.5155338,0.5368951013254385,160.7288471595914
lbv,394,241.843852811,0.5258546566280226,100.03218371821383
lbv,395,439.984818706,0.567931118778518,317.80940832998243
lbv,396,329.577907491,0.5483660462113257,203.45027094822305
lbv,397,466.139095213,0.5757321775615116,307.9098690855737
lbv,398,499.695426059,0.5914922788702773,319.6319303923962
lbv,399,487.550907865,0.5948057268990411,293.0609834259631
lbv,400,451.324848225,0.6051160912939956,326.40456300623276
lbv,401,545.270774329,0.6361637110108728,404.8140154670267
lbv,402,565.350398212,0.6453611921423521,406.37669818354584
lbv,403,491.809560658,0.6342906295742419,395.17546380734916
lbv,404,455.393839753,0.6390417129778472,317.8069840674307
lbv,405,321.698019977,0.6107037000336041,263.8836626239851
lbv,406,264.572728274,0.6098959149523853,194.8517263375077
lbv,407,252.914581484,0.5947781496834987,134.15571878470627
lbv,408,250.894884574,0.5693065165174105,95.60207109638287
lbv,409,285.120745125,0.5386309694815306,159.42334639605355
lbv,410,279.115959659,0.5537116819519108,153.6921235327627
lbv,411,278.96321147,0.5706632436369342,148.22145197251263
lbv,412,245.607380682,0.5905878496590163,118.26434218462776
lbv,413,290.372643142,0.5641034448819776,161.50606222713697
lbv,414,298.761215707,0.5692663201820757,231.05754837335323
lbv,415,308.915730642,0.5987422324758668,186.51291949702244
lbv,416,334.391733918,0.589461493395011,255.80360921223962
lbv,417,434.023998059,0.5646718258626369,316.75856571571495
lbv,418,514.249175878,0.5392687943952436,408.1908687516755
lbv,419,538.175532392,0.560477601007302,448.5665416941923
lbv,420,359.697328802,0.5988096708568853,262.0540360095454
lbv,421,255.800993027,0.5571935117626802,40.63651802212584
lbv,422,314.720578053,0.6419797987808684,182.6040741864373
lbv,423,410.011583675,0.5661550458542021,272.47353348077513
lbv,424,358.294975561,0.5705906862875502,252.41523590087888
lbv,425,355.346377332,0.6509482231910598,204.7452955657361
lbv,426,304.87538895,0.6770379261159505,127.11922864726944
lbv,427,222.264845917,0.6111068312484439,78.92849363439224
lbv,428,260.824773353,0.5744678294070878,169.05817057291665
lbv,429,250.715711853,0.5965553980390981,110.44796591366038
lbv,430,244.781843276,0.5591279402633623,135.19462534586586
lbv,431,237.646554205,0.5148074050887311,108.62473662133311
lbv,432,229.080224979,0.517769112806458,72.1561030369179
lbv,433,220.443267896,0.5302623866313513,111.22985316257852
lbv,434,223.152672632,0.5268297152721145,79.97101607977174
lbv,435,223.346288547,0.5158871383850391,84.65999348958331
lbv,436,209.059901699,0.5026457522045146,100.55007964489506
lbv,437,213.365104038,0.48830835543461704,52.35906222474341
lbv,438,186.056975937,0.49447651013993377,74.24056623870251
lbv,439,178.896439817,0.5193450216736112,61.99742132448683
lbv,440,193.531875726,0.5222144590483772,140.66649938845168
lbv,441,165.904298789,0.5480765527729535,57.569155255485995
lbv,442,200.716238571,0.5556765106643081,81.7951245476218
lbv,443,197.593926284,0.5014671966972122,86.4841729556813
lbv,444,208.449492784,0.4537286555488749,66.94721751493566
lbv,445,182.608490086,0.4372439320676881,70.5942403456744
lbv,446,225.188854431,0.4300626764136754,46.368237125172335
lbv,447,215.700528195,0.4054826577989066,21.360673702464386
lbv,448,218.103475278,0.39224511550532454,70.33402925379136
lbv,449,219.253644737,0.36118639590310264,63.56116165460325
lbv,450,221.421879072,0.4045530461812321,102.89622916427314
lbv,451,213.929898642,0.3963307195506796,90.39245737113205
lbv,452,222.11855848,0.4764629282841557,79.19115127862669
lbv,453,215.48939648,0.45702446370289246,113.31634249219708
lbv,454,218.742341716,0.432342455455452,163.59236504049863
lbv,455,252.789744101,0.5321446568895674,159.16390443689684
lbv,456,232.425868264,0.4846018010197905,146.66024077172372
lbv,457,248.070869647,0.5176055491391847,73.72089026955997
lbv,458,274.49272906,0.5017494541877733,75.80484577253753
lbv,459,225.961867927,0.3764429222556609,41.15871683756511
lbv,460,247.879172196,0.5519745978783435,33.08314059388404
lbv,461,253.885914581,0.5116071137633637,71.37621175728593
lbv,462,215.029060012,0.25051432847976685,21.360822670132507
lbv,463,202.796818099,0.4437277711726524,28.915155657599954
lbv,464,248.591314937,0.4966698559125265,136.76073410931755
lbv,465,208.791109628,0.51703628174652,44.02386872534659
lbv,466,201.910679056,0.35537234934813833,35.42748595593022
lbv,467,217.075591931,0.35401670700860915,76.32522301767386
lbv,468,210.152634648,0.3764628434980382,46.6286221672507
lbv,469,224.478406462,0.38278873587947293,86.4842393762925
lbv,470,236.866087587,0.4185920934523305,104.97913010541131
lbv,471,199.147770041,0.483145081184127,63.039479783002065
lbv,472,260.1165184,0.5197392325038496,119.82694139667586
lbv,473,267.70264964,0.49998249136069034,86.22309339934704
lbv,474,311.475164326,0.6113326857617829,138.84262357225606
lbv,475,275.154900552,0.5454919717311859,195.36926341337315
lbv,476,246.883745297,0.5695555758272481,152.38786495433135
lbv,477,255.688414575,0.6279642477268126,53.40089566099877
lbv,478,249.51165556,0.6523439564736061,79.71046761905446
lbv,479,266.047504296,0.6335407896011643,164.37011374679267
lbv,480,271.602136449,0.660026316704015,131.80859602385874
lbv,481,262.196947779,0.6443691403172089,155.77368986840344
lbv,482,235.449760894,0.6470158591156915,109.40621759751264
lbv,483,232.798423654,0.6486915159626168,30.99846777822457
lbv,484,250.332638014,0.6278227753268032,43.50194980396944
lbv,485,243.990181704,0.6004577279090881,94.55823875876034
lbv,486,220.914251925,0.657707667082883,46.367399866440714
lbv,487,248.960322125,0.5797754572775529,136.49705744724648
lbv,488,223.957242154,0.5833761639454786,115.13678600834866
lbv,489,234.25485223,0.6574238561765319,60.69429515763825
lbv,490,242.632380109,0.6316582424805897,78.92845414105584
lbv,491,213.737667682,0.6088482083610975,99.24658185173483
lbv,492,258.795610302,0.6011405315645104,90.91074853036918
lbv,493,283.949777487,0.612541512888708,163.5870174333161
lbv,494,254.144050101,0.632344732142013,95.85983037013634
lbv,495,219.763697631,0.6435586416233352,44.54350199979895
lbv,496,257.329199198,0.6506196696707544,61.21467635210823
lbv,497,257.128132582,0.6515124288520643,58.34917710248162
lbv,498,269.253958554,0.6335235249996185,65.12174015419156
lbv,499,284.718987297,0.6167801683305075,115.13510257496554
lbv,500,264.995203458,0.6092002384231898,102.37104815314797
lbv,501,282.023145669,0.5847591651850436,86.48127758549708
lbv,502,363.176538642,0.5618482448535258,233.13432910395605
lbv,503,332.886955201,0.6109482488324567,282.62606617048675
lbv,504,350.007816488,0.6153177165743738,231.57063131893383
lbv,505,305.137343019,0.6277385645791105,148.4758502735811
lbv,506,284.46523973,0.6294757601716272,183.11994299795114
lbv,507,279.071005976,0.5994813449401906,194.84126320633237
lbv,508,252.483544189,0.590786541560117,132.84622596291933
lbv,509,235.681245348,0.618955412375852,41.41679005342371
lbv,510,211.867133187,0.6448584284101214,45.58457168878294
lbv,511,217.503762237,0.6570404481004786,21.09909231148514
lbv,512,267.817072271,0.5730343741133698,138.57658278521367
lbv,513,258.738611688,0.587501132872023,129.45974821202896
lbv,514,302.161943396,0.6202937754470529,211.25125747381475
lbv,515,352.369528162,0.6089708785448268,245.11373069613586
lbv,516,352.620192185,0.6145814092091794,220.88865042293773
lbv,517,345.533769429,0.5877440694887239,295.1254863065832
lbv,518,300.748163304,0.5799170451914536,200.3100289737477
lbv,519,291.763132264,0.570669441723166,179.47123808019302
lbv,520,319.10190383,0.5622797052340118,263.86656993791166
lbv,521,308.364799379,0.5907685676369742,233.91108290728397
lbv,522,296.865356626,0.5390021037092625,245.11129653033092
lbv,523,296.072053655,0.5635376206328793,161.4971065147251
lbv,524,333.26515771,0.6028184316855825,217.23924407958978
lbv,525,303.59240749,0.6069659577531482,247.19385426839196
lbv,526,300.022264321,0.6049717526769013,298.24705930223655
lbv,527,286.86951755,0.6339147186483572,212.80996033911612
lbv,528,296.329442632,0.6243635111598559,242.24345891615923
lbv,529,333.516734569,0.6210670122836728,254.48545197131588
lbv,530,358.548126738,0.627085152265027,229.47930528229358
lbv,531,353.645584422,0.5984829263770176,284.1787784352022
lbv,532,377.029877941,0.6380149365659566,313.6119291417739
lbv,533,370.711655178,0.6474698978607357,253.4417273128734
lbv,534,371.479333752,0.6108565450485964,362.3194740744198
lbv,535,354.54628448,0.614307014637543,352.68135393928077
lbv,536,345.88594134,0.6150275860962113,351.37835941688684
lbv,537,318.201591275,0.6255778498337955,245.1048937629251
lbv,538,336.789599629,0.6162668563845604,263.33754209630627
lbv,539,348.774327952,0.6207369657663199,281.04917740167355
lbv,540,355.499507229,0.621667345148341,286.77906503116384
lbv,541,339.432884998,0.6364060859931143,207.85585793887867
lbv,542,303.224686896,0.6321867951630477,116.16982957428577
lbv,543,301.804449911,0.5954516766473403,109.65789061901617
lbv,544,271.203555704,0.6483414549279858,96.37376029818667
lbv,545,267.106799411,0.5376127614120467,58.86603979970894
lbv,546,251.665223502,0.5297830204168956,106.27125010770911
lbv,547,235.233974717,0.5408043233830694,231.55628183402268
lbv,548,265.67274559,0.5381964928956623,261.5096688663259
lbv,549,280.763416986,0.5798091755110836,220.09491101433252
lbv,550,204.317187468,0.5918608922224778,135.44279569738052
lbv,551,227.901144589,0.532574119498907,157.58216630524282
lbv,552,251.994402921,0.5012043901700485,116.94924319398169
lbv,553,232.546259593,0.5197990001212778,144.81896637561275
lbv,554,242.723519005,0.5407138951619467,97.67460363051471
lbv,555,236.461835941,0.6391085728600218,77.09778364592907
lbv,556,280.573196724,0.580700512085558,158.10238815008427
lbv,557,310.163848601,0.5415593706695727,233.11584667131012
lbv,558,323.854286142,0.5445406260516715,212.539180022595
lbv,559,336.507566371,0.5057780807216963,218.7899637858073
lbv,560,339.345261488,0.514437179250399,296.668464122099
lbv,561,362.382622908,0.6002427471796332,365.6913282506606
lbv,562,368.308607129,0.6410176266009086,359.1795547186159
lbv,563,341.719242959,0.6605233475509765,345.6352438234816
lbv,564,356.603985199,0.6550267897791199,356.57479164273127
lbv,565,319.178735306,0.6280455904988907,325.0585527607039
lbv,566,326.15897099,0.6307429028502646,295.6261701696059
lbv,567,352.865861913,0.6435220997407605,226.342975990445
lbv,568,308.520240081,0.6488849312387488,72.66938542384727
lbv,569,390.298619568,0.6184032546291851,278.43570407044655
lbv,570,326.42765217,0.6218118351745936,226.34285646326404
lbv,571,269.627975989,0.5920560048191271,163.83154560163908
lbv,572,248.56255401,0.6127782263915889,108.61330473656746
lbv,573,230.235839883,0.5988590308165146,122.93892523073681
lbv,574,228.211795017,0.5550160824072242,105.22750612146713
lbv,575,279.583654464,0.5983328997199215,34.90226003609452
lbv,576,252.187972023,0.616209829295123,42.19530415254481
lbv,577,274.353090222,0.6166267501728614,101.84183615890204
lbv,578,261.479062357,0.6385276448091811,44.01867277855967
lbv,579,275.967586417,0.6023730343872017,74.49323790307139
lbv,580,275.117779175,0.5516880799412484,127.36805970435049
lbv,581,278.134903356,0.6145305344006344,146.38234899184283
lbv,582,312.044079708,0.6517670790239565,180.24333873075597
lbv,583,324.139595229,0.6568869321794297,198.2159255981445
lbv,584,309.320674962,0.6418629780322492,173.99272730210248
lbv,585,243.692239186,0.6168728222569888,107.57353743010876
lbv,586,233.012571,0.6353118339371602,77.35931037454044
lbv,587,248.31485809,0.6688263416290283,45.84264882405599
lbv,588,235.513126991,0.5957772057107154,61.21046971339806
lbv,589,249.092191019,0.6294780532319342,51.83364138135723
lbv,590,273.125284458,0.626410783542676,115.90959496591604
lbv,591,204.483533461,0.6017953246553368,55.7408312330059
lbv,592,207.279860304,0.6513637456629011,23.44243621826172
lbv,593,216.987607328,0.5723198642925036,83.09052408255783
lbv,594,232.977642725,0.6003241261616968,94.0305165608724
lbv,595,244.098810461,0.5890892275742122,65.63915916891659
lbv,596,259.178463579,0.5679088849009891,189.10364065731275
lbv,597,276.005645089,0.581456601193973,182.33164574118223
lbv,598,264.588652941,0.5237788811728762,115.65056215174059
lbv,599,247.51461874,0.5730335006049573,136.48867717069737
lbv,600,234.392842317,0.5841198028861612,179.72752515007465
lbv,601,252.243347689,0.6576495460773769,138.57272727816712
lbv,602,264.411477295,0.627944959509067,203.17066581576475
lbv,603,242.001333677,0.5979919442556855,138.57283696193323
lbv,604,249.197650041,0.5885000344532639,104.7111717672909
lbv,605,254.530505095,0.5548284994044774,55.48138723934399
lbv,606,247.773409768,0.5375311327170565,65.37947510364009
lbv,607,233.1293256,0.5265351540345147,72.15185101079005
lbv,608,229.424613213,0.5657634909361438,95.33420170802695
lbv,609,239.42383393,0.6181931335889794,137.01038698682598
lbv,610,240.231627886,0.5952665039992808,170.0909392113779
lbv,611,189.571220424,0.5814872582118732,81.52908741072112
lbv,612,187.162818163,0.6003993184000882,86.73865850112018
lbv,613,207.732489651,0.5665380744759095,141.95972681980507
lbv,614,195.270988872,0.5913712158221608,67.20302608714384
lbv,615,207.499024468,0.5783089739667129,82.57117539948109
lbv,616,210.381323898,0.5134348101367905,110.18175623276655
lbv,617,221.711410937,0.5618483059746879,45.58353498870251
lbv,618,204.47258276,0.5766696729888655,76.05938409543505
lbv,619,217.747516649,0.5939805418808268,125.81059534409468
lbv,620,244.306306098,0.5961952335787134,157.32842179840685
lbv,621,242.134909217,0.602476362337513,83.09241883520986
lbv,622,238.846339198,0.6156757803467231,32.03877204446232
lbv,623,265.873620153,0.49082196610314505,72.93365981158088
lbv,624,264.207500462,0.5600655404850841,50.01152909222772
lbv,625,261.033758025,0.6105955122840157,87.78048753925398
lbv,626,282.861733584,0.613283172882662,134.9264472213446
lbv,627,208.42441024,0.6002072966566273,79.70546013327207
lbv,628,196.875867722,0.6061366947833449,66.681554367963
lbv,629,226.162709345,0.6372313479130919,68.76529478185317
lbv,630,218.381612456,0.6116360747785313,107.5757412181181
lbv,631,215.252715754,0.5813641198834436,63.555618824678305
lbv,632,225.82238426,0.4865049132887198,51.05283346737132
lbv,633,214.251276458,0.5071072578430176,46.88518928079044
lbv,634,195.979175614,0.6356157064437866,8.595587427475873
lbv,635,202.952025605,0.4798562526702881,19.27495362524893
lbv,636,188.225978509,0.44117374079568045,43.75927339441636
lbv,637,228.142520748,0.5188654434611225,89.08123411290786
lbv,638,213.935367438,0.5106007827203826,46.10335358264399
lbv,639,253.463328423,0.5991444781141462,69.02481497970282
lbv,640,257.717694387,0.7075241018744075,44.28001445695465
lbv,641,269.292974791,0.6397246694822105,144.82147156958484
lbv,642,250.008588367,0.668293339932245,99.7600633209827
lbv,643,269.152374971,0.6671471432223071,114.86724674000459
lbv,644,278.082182931,0.6063284591270363,207.59427433387907
lbv,645,258.36560556,0.5962696208116459,232.85963484820198
lbv,646,241.881642286,0.6459329463090505,107.57385538138595
lbv,647,230.553436201,0.6007728836307787,95.07120513916016
lbv,648,254.997104481,0.6533767920199447,96.11313494514016
lbv,649,272.305386349,0.6550560495892508,95.3317215863396
lbv,650,251.076644361,0.6497393782973895,51.31242744595397
lbv,651,195.962207192,0.5393332562584808,53.91702629538143
lbv,652,180.90295699,0.6257740222447292,54.95890119964001
lbv,653,175.885052768,0.6674841966699152,17.711873372395836
lbv,654,169.909450608,0.49408809944159454,75.0148552389706
lbv,655,184.05487869,0.4966590668334336,47.66569453220741
lbv,656,215.371523146,0.5605783390927244,86.7359370212929
lbv,657,210.297955403,0.5836509726086601,79.4428154440487
lbv,658,196.906276957,0.6339793737652233,53.65645895565257
lbv,659,189.019067887,0.6772449647679047,30.995721435546873
lbv,660,239.956518108,0.6953043599213875,72.93109983556411
lbv,661,238.056476662,0.614596104356134,163.57388386445888
lbv,662,224.313169088,0.601898246763112,122.68039416144876
lbv,663,223.055676874,0.6860496498895495,46.363346234489896
lbv,664,207.495965421,0.6080507656802301,59.90763765222887
lbv,665,203.975522583,0.5761603603139519,83.34976375804229
lbv,666,194.293030668,0.622646538984208,10.939686494715072
lbv,667,180.52692468,0.618674779867197,60.16823072246476
lbv,668,176.043275389,0.6306269955303935,112.52240008185892
lbv,669,165.182833655,0.6484026386052444,106.01079080619064
lbv,670,199.674896198,0.6043577179106698,113.04351597206265
lbv,671,216.191596268,0.5968166313062083,90.90374202354282
lbv,672,197.073177898,0.6267326474189757,80.22450585458793
lbv,673,275.479248115,0.65696678851418,180.5057314704446
lbv,674,326.342076548,0.6689471228160061,199.5197016398112
lbv,675,192.032857301,0.6461462993600052,57.042749292710255
lbv,676,187.320683328,0.6602407097816466,44.54022889978745
lbv,677,186.096902671,0.6574349241221653,35.42380777994792
lbv,678,182.692839548,0.6418051038469588,21.87941068761489
lbv,679,170.75909805,0.5472464256816442,11.72109312169692
lbv,680,184.416989548,0.5395501325895756,84.39185889748966
lbv,681,190.622135931,0.5229206714941108,59.90780699486827
lbv,682,177.800710749,0.5429156897841273,57.823993518305755
lbv,683,186.868770771,0.5593495635652156,96.63372168447457
lbv,684,190.381887386,0.5665188868465664,82.82885867848115
lbv,685,203.2013091,0.6106686395468172,50.53082652372473
lbv,686,196.569670848,0.5565005782991648,8.334963719985064
lbv,687,203.038231966,0.5978788832823435,37.50734145220588
lbv,688,203.738023419,0.6379774046927383,25.265366139131434
lbv,689,191.562738522,0.5934376675876782,72.40990977567785
lbv,690,210.032160888,0.6497037674610814,50.00973115808823
lbv,691,197.551116158,0.6058724588818021,93.76810006534353
lbv,692,206.567790437,0.6247971144678829,94.80996138628791
lbv,693,194.671791275,0.6328442096710205,8.855874633789062
lbv,694,239.327289159,0.6442146821760795,18.493157869226792
lbv,695,212.830944653,0.6019352371477363,77.87962808048024
lbv,696,179.185668526,0.6007520133449186,16.148961325252756
lbv,697,183.885820134,0.6819410944471554,12.762913602941175
lbv,698,178.210438384,0.6308669219998752,35.423649776683135
lbv,699,192.399814167,0.5893471414043058,32.298065544577206
lbv,700,193.64670168,0.5002805590629578,13.283927917480469
lbv,701,169.882758037,0.4985077487570899,47.40545759014055
lbv,702,196.82474666,0.5108343334838409,80.48519897460938
lbv,703,180.92887989,0.4981760376364873,61.731443068560424
lbv,704,183.983510214,0.4976809827993947,36.726385348450904
lbv,705,167.123999091,0.481481304568966,35.684538209204575
lbv,706,174.710587732,0.5686236845724509,25.786665793026195
lbv,707,183.832829844,0.47414293867003293,85.17429656982422
lbv,708,176.767257252,0.5186146277189254,26.047207252652036
lbv,709,181.015933005,0.5444444680726657,72.6719030941234
lbv,710,198.105009565,0.5213719916439825,64.5973228304994
lbv,711,187.859207046,0.4773104901773384,21.6193167293773
lbv,712,189.670275807,0.47343465260096956,9.116594202378216
lbv,713,169.004927738,0.4666392207145691,26.04741713579963
lbv,714,209.536662264,0.5321387631552559,9.116596446317786
lbv,715,193.652983,0.5941906571388245,5.73042189654182
lbv,716,162.813189012,0.4732296965202364,30.996533203125
lbv,717,197.879457798,0.4775732110472436,48.96928513470818
lbv,718,200.409942776,0.5444021664167706,14.847055592256435
lbv,719,205.856366128,0.526662685409669,80.7472713694853
lbv,720,200.850616959,0.5372293435524557,27.87083237591912
lbv,721,221.00820609,0.49564883245630315,64.33724104937384
lbv,722,212.884475012,0.5126913338899612,38.550243781594666
lbv,723,191.234393106,0.5627053151959959,29.954510857077203
lbv,724,189.818487961,0.6166583739221096,83.35156160242417
lbv,725,217.458339369,0.641542302934747,94.03081545362285
lbv,726,183.421673419,0.6565472917123275,2.865198501886106
lbv,727,203.051779704,0.6107837064512844,52.87579743628409
lbv,728,269.269670318,0.638953883517609,128.6729513130936
lbv,729,172.477861009,0.5429107292678005,67.20156824448529
lbv,730,190.344906564,0.5846228753457046,55.480266496246934
lbv,731,167.373607599,0.561097990992843,39.33102402032591
lbv,732,162.23987872,0.523810856617414,33.86109101538565
lbv,733,193.995608139,0.5784061868985493,85.95487976074219
lbv,734,189.410598129,0.5966957432019029,123.20185507980048
lbv,735,150.998967408,0.6112956616762425,69.54513310451134
lbv,736,169.417627331,0.6389007568359375,1.5628094841452205
lbv,737,176.789419296,0.6129656840884496,16.409470412310434
lbv,738,187.775944418,0.5933247887810995,33.60032447366154
lbv,739,202.580191839,0.5757971747537677,46.36317030962775
lbv,740,212.60501682,0.567650785633162,13.283807313208486
lbv,741,270.296990209,0.5718618054795108,39.851339003619024
lbv,742,241.030745638,0.5909045729023671,44.5396437701057
lbv,743,197.479243165,0.6052305726777939,21.879084777832034
lbv,744,218.458950063,0.6606169510813593,26.827879931879977
lbv,745,197.911379647,0.6484890245809788,21.358097600001916
lbv,746,179.016519398,0.6072428069404654,38.54871769325406
lbv,747,193.527319009,0.6120205029279371,82.30662997376686
lbv,748,159.100117061,0.6050638707989422,93.2460049498315
lbv,749,150.884328718,0.6009913467457274,89.3389129937864
lbv,750,170.348888675,0.5819917570582922,138.82683281991996
lbv,751,189.156931124,0.5317020089106452,138.56624974269494
lbv,752,175.239848479,0.521053930123647,78.13884061925552
lbv,753,179.992302714,0.49410164159010433,35.42292088527306
lbv,754,171.663145608,0.4875051775868509,73.97130833046108
lbv,755,186.570311089,0.5134005631719317,27.348523906632966
lbv,756,192.306183897,0.59115070104599,12.5021484375
lbv,757,180.229347275,,0.0
lbv,758,174.411956663,0.475398734737845,22.139254461550244
lbv,759,187.341047772,0.5735937442098346,3.6464583153818166
lbv,760,168.170604787,0.4795104467868805,45.580646739286536
lbv,761,174.390404665,0.49572473914683357,30.99481183220358
lbv,762,170.276643743,0.5730616180401928,41.413144100413604
lbv,763,161.099215389,0.6353116764741785,22.139064773858763
lbv,764,153.952245074,0.6446337699890137,7.813774557674632
lbv,765,169.556956073,0.6582414309183756,4.688257553998162
lbv,766,175.191934622,0.6621918082237244,1.5627495260799633
lbv,767,174.44440943,0.5112965106964111,31.515394472608378
lbv,768,183.963906176,0.5316933046413373,20.5761292700674
lbv,769,176.240901507,0.5509084463119507,1.562741268382353
lbv,770,183.914721911,0.5691338936487833,7.813691980698529
lbv,771,182.189328534,0.5677686035633087,27.087468195896523
lbv,772,176.290178961,0.6055765984193333,13.804149911917891
lbv,773,157.385663345,0.5975524768771895,64.85339418299057
lbv,774,134.370247648,0.6090225577354431,12.501821001838236
lbv,775,173.454318804,0.6090225577354431,3.385909854664522
lbv,776,174.681138593,0.5540412899219628,25.78496363022748
lbv,777,231.263722231,0.5821660199472981,8.074074778837316
lbv,778,263.357676454,0.5485274709504226,45.31901765711167
lbv,779,321.366154648,0.544504740514046,63.0297996969784
lbv,780,323.140826898,0.6076925468444825,6.5113426657284
lbv,781,245.198048427,0.5433322787284851,2.8649756338082106
lbv,782,206.049732117,0.4967671036720276,17.18982418284697
lbv,783,177.168612177,0.5388373862142147,59.90383178112553
lbv,784,205.290933589,0.5768569388368108,144.55037734087776
lbv,785,205.840276206,0.586062475809684,67.71722531786152
lbv,786,172.210013935,0.590009513547865,46.09970691157322
lbv,787,145.161723625,0.5921835090261864,64.85199719597311
lbv,788,161.162996823,0.5853578448295593,54.433968009200754
lbv,789,184.490577867,0.6583026364513729,57.0383684943704
lbv,790,165.18857221,0.6265196634821915,54.43386523676853
lbv,791,175.627998625,0.6032428684348831,86.98983238070619
lbv,792,177.823413051,0.5707590310417827,103.65857630710974
lbv,793,185.469558665,0.5722708992055944,77.09276347440833
lbv,794,199.476051662,0.5486212368011475,32.55602013083066
lbv,795,213.929967437,0.485216055830864,19.012703600116804
lbv,796,229.088717371,0.43359100818634033,0.2604482613357843
lbv,797,230.694565749,0.6231343150138855,26.565582275390625
lbv,798,184.412166292,0.6302842795848846,7.292510088752298
lbv,799,216.402583103,0.6522289470390038,21.096155592974494
lbv,800,189.820750454,0.6276656985282898,22.137906392415363
lbv,801,179.574006883,0.6276656985282898,5.2089191511565565
lbv,802,191.251780826,0.6935056454605527,23.44006123262293
lbv,803,169.13616943,0.6860165596008301,21.09604985854205
lbv,804,173.241470034,0.5658635497093201,1.04177521350337
lbv,805,153.217548867,0.6263736486434937,14.845317257151885
lbv,806,163.761331531,0.6105277330197135,60.422881212421494
lbv,807,158.690942294,0.6007812388481633,24.22121501249426
lbv,808,167.23518428,0.6170848724537326,34.63888247620825
lbv,809,189.241010055,0.6334868641536587,72.14260867249732
lbv,810,184.453037984,0.6520162050702931,88.2899326100069
lbv,811,187.283571506,0.6231427846885309,96.10305271522672
lbv,812,209.117209582,0.6596875230471292,31.252995988434435
lbv,813,172.478376113,0.6433929800987244,21.09575419706457
lbv,814,159.886242308,0.694228133669606,28.12762289608226
lbv,815,170.81195472,0.702834209536805,35.41996217615464
lbv,816,181.478944868,0.6312862674617236,93.23770339068244
lbv,817,205.451082542,0.6469684947950137,85.68485224106732
lbv,818,215.510605264,0.6247578897106816,110.94748409495635
lbv,819,227.33350888,0.6525766672955355,131.00143226174748
lbv,820,240.441695942,0.6642314022713964,118.5003787769991
lbv,821,303.92944204,0.6482333326405221,94.80015450271904
lbv,822,164.944196153,0.6236224508867032,10.678075364056754
lbv,823,189.475515447,0.5708876075568022,14.063831643497242
lbv,824,185.665118872,0.5597860217094421,4.1670625574448525
lbv,825,175.709683144,0.5476065278053284,8.594597132065717
lbv,826,165.209036919,0.5103626847267151,67.1942388197955
lbv,827,181.517602284,0.578279604208775,101.57275749655332
lbv,828,156.645581594,0.6441125130653382,52.088694553749235
lbv,829,180.982395389,0.6635581508501252,34.899487125172335
lbv,830,177.327051575,0.6603723055396984,79.69590029249004
lbv,831,187.155883656,0.6018903957370625,67.45507878322228
lbv,832,177.06024864,0.5285412271817526,106.2614085477941
lbv,833,191.229256411,0.5715916386017433,44.01519135119868
lbv,834,191.999183982,0.47835949063301086,30.211679017310047
lbv,835,182.238404737,0.5777813742968663,31.51388367297603
lbv,836,168.757071816,0.5398827210852974,19.79389187681909
lbv,837,169.707125381,0.5813918554850218,46.098962641697305
lbv,838,211.375223592,0.6037564779455598,192.73022837919348
lbv,839,193.736975325,0.6099662345436577,169.02971535476982
lbv,840,215.067885011,0.6130288715379077,150.2776664285099
lbv,841,175.842396508,0.6078899730690174,127.35835355870863
lbv,842,173.019459692,0.607737581021921,119.28450057085823
lbv,843,173.099345413,0.6036021862197761,103.65768791647518
lbv,844,189.897940764,0.6160057555401443,78.39435529521867
lbv,845,187.962490623,0.5594904267487406,92.97920684814451
lbv,846,178.933887894,0.6588973800341289,25.00276211009306
lbv,847,168.645508798,0.5822040812339189,50.26589657652612
lbv,848,173.906545385,0.6296296119689941,24.742238063438265
lbv,849,170.906720889,0.6296296119689941,26.565350341796876
lbv,850,214.854071197,0.6423319595447485,17.970653040268843
lbv,851,214.90922352,0.6511488545058977,52.609682509478404
lbv,852,172.178874786,0.6203431487083435,65.37136460846546
lbv,853,155.756967473,0.6355494384964309,18.751931762695314
lbv,854,181.4480508,0.5802265651236277,60.6832737342984
lbv,855,183.45755901,0.5556459333989527,40.108205668131504
lbv,856,192.598169592,0.5431161952369353,70.84040551279107
lbv,857,169.409016772,0.6459566010369194,23.439850751091452
lbv,858,175.480616785,0.6844595670700073,1.8230995028626684
lbv,859,180.308505704,0.5569454053273567,54.17197277592677
lbv,860,187.482083994,0.62521551286473,84.12280446968826
lbv,861,176.722717763,0.6227040990225731,129.17927180271522
lbv,862,149.347981346,0.5970382066257636,143.50356092266009
lbv,863,155.132690353,0.6272301789449186,76.5699883853688
lbv,864,157.534423232,0.7079681387314429,44.014755009669884
lbv,865,144.935934109,0.7167410027413141,32.81573450425092
lbv,866,158.312477401,0.6017681864277168,151.83772244920917
lbv,867,155.829984185,0.5727691987570186,142.72222224216836
lbv,868,187.824335635,0.5757009813294838,125.27258384554995
lbv,869,187.692192647,0.5938511114371451,94.01952715107039
lbv,870,210.359266577,0.6102700450040914,86.72714888628792
lbv,871,212.295214902,0.6322760008937144,67.45444913377949
lbv,872,220.449506866,0.6893441077412631,42.712469721775435
lbv,873,245.629341226,0.714084655046463,27.08595640893076
lbv,874,223.201557438,0.7158040542935217,22.398002415077357
lbv,875,213.941392209,0.7109910208125446,11.199001207538679
lbv,876,208.500406393,0.6877813339233398,5.990163436590456
lbv,877,226.375518934,0.6028075888752936,33.336561734068624
lbv,878,222.092842135,0.5634747731952029,46.61908599255132
lbv,879,195.156944072,0.6351710089615412,21.877149454752605
lbv,880,160.959784699,0.5553604987827507,48.18182747036803
lbv,881,161.445001151,0.47403183579444885,11.45944309608609
lbv,882,158.829910982,0.649327278137207,3.90664852366728
lbv,883,186.527099643,0.648712694644928,34.63895024318321
lbv,884,188.007598475,0.6366224104867262,8.855084348192403
lbv,885,202.78447183,0.6337861336767673,10.41776185877183
lbv,886,156.274860003,0.6276686787605286,34.639073600021064
lbv,887,162.981213583,,0.0
lbv,888,173.005964583,0.5813812017440796,1.041778444776348
lbv,889,175.788259021,0.6389439702033997,0.7813365263097426
lbv,890,174.412918452,0.5818852186203003,21.096122562184053
lbv,891,171.740908116,0.6004077698055067,4.948475587134268
lbv,892,181.239019055,0.603606641292572,18.491728838752298
lbv,893,194.761532299,0.620593797415495,12.501457214355469
lbv,894,189.099302245,,0.0
lbv,895,176.712386202,0.46588629484176636,1.3022413066789216
lbv,896,179.224501464,0.47937812805175783,10.417934492522596
lbv,897,174.775633927,0.4947622281695725,56.77791664273131
lbv,898,173.285875444,0.5103618159013636,66.41458399155562
lbv,899,178.639783858,0.47802261287166226,16.147897667978324
lbv,900,175.946348252,0.4812990725040436,2.0836042815563727
lbv,901,195.020505848,0.4905405533847525,34.90037171606924
lbv,902,189.552794631,0.5105384635925293,65.11263379863665
lbv,903,155.442730658,0.5398753676563501,33.33766479492188
lbv,904,157.797878409,,0.0
lbv,905,166.64554382,,0.0
lbv,906,171.351037739,0.5699160099029541,13.282977294921876
lbv,907,151.137360623,0.5844215746746948,78.65606162875306
lbv,908,155.717813916,0.596213400695059,93.7621696920956
lbv,909,168.52094365,0.5507581518306773,119.02579417509192
lbv,910,161.630700917,0.6965942465025804,30.212309504490275
lbv,911,143.382522069,0.6340852462968161,67.19635386747471
lbv,912,156.412543049,0.691055836470704,57.038855249741495
lbv,913,134.553576347,0.6119169455021619,125.01663791432101
lbv,914,121.049141196,0.5807217899801697,105.74333645689721
lbv,915,139.152308846,0.6400080043822527,83.3446133183498
lbv,916,153.254944072,0.617095097620389,69.54077220243566
lbv,917,140.774835728,0.579795192027914,75.5312203201593
lbv,918,152.477683289,0.6678733804490832,58.60188562729779
lbv,919,148.883036311,0.6099193833890508,63.55059491325828
lbv,920,145.870166526,0.6059600858154444,67.45745661118451
lbv,921,142.047626494,0.6078154694534348,43.49578112433939
lbv,922,160.859070576,0.6622450929327109,75.79215922636143
lbv,923,159.736822804,0.5949380397796631,48.70493199965533
lbv,924,159.943217059,0.719148832654196,32.81728012982537
lbv,925,168.937305491,0.6788774547983684,54.95592148724724
lbv,926,161.028317839,0.6222119161060877,9.115927901922488
lbv,927,170.894528171,0.6061649322509766,20.315496467141546
lbv,928,182.06441721,0.6629387736320496,15.10642083859911
lbv,929,173.715869162,0.6629387736320496,22.138720194498696
lbv,930,170.301120816,0.6709796786308289,26.306054029277725
lbv,931,159.336800922,0.6265947818756104,1.3022794536515776
lbv,932,156.406091885,,0.0
lbv,933,163.35046185,0.5121400356292725,17.190185546875
lbv,934,153.296431445,0.5437029182021297,34.90132036396101
lbv,935,141.748536879,0.5370432044577411,33.07815970626532
lbv,936,138.782151265,0.545991134857703,43.496532514983535
lbv,937,157.857641387,0.5583662069760836,10.15789435891544
lbv,938,149.837368063,0.5648575331035414,9.897440592447918
lbv,939,143.109361876,0.6096968759189952,42.97583905388328
lbv,940,137.599509776,0.6161546052670945,39.850332910874315
lbv,941,138.249634444,0.680551117466342,72.66836215748506
lbv,942,137.666200372,0.6540306636731918,95.06796937830308
lbv,943,137.040478335,0.6340393814913243,87.77519800522748
lbv,944,147.189040414,0.5953102376725938,124.23971952550552
lbv,945,137.903424498,0.6567714513182973,92.98456744025735
lbv,946,132.769230665,0.5900045296315934,129.4491589714499
lbv,947,113.539892229,0.63547889606936,74.49194129495059
lbv,948,124.588956129,0.6756177707151935,17.19046511182598
lbv,949,163.053005298,0.694911777973175,55.999309464996934
lbv,950,164.695292449,0.6100050732493401,85.43150467218136
lbv,951,165.085259171,0.6078061777124836,74.75258274452358
lbv,952,143.326647654,0.6323464369544618,54.176167626474424
lbv,953,135.510074282,0.6347095306176114,65.37609375598383
lbv,954,120.717570952,0.6310605921633978,66.9389280132219
lbv,955,114.797580256,0.5536592640956055,109.65500033509498
lbv,956,128.649963587,0.5481566332635426,54.697285820456116
lbv,957,131.432610879,0.5803431021049619,50.009098307291666
lbv,958,142.740157423,0.5546835238734882,62.511449028463915
lbv,959,150.962823477,0.5417895913124084,17.71159464518229
lbv,960,143.141958086,,0.0
lbv,961,146.556186075,0.6608772277832031,1.041863893995098
lbv,962,140.24586344,0.6608772277832031,2.083727787990196
lbv,963,139.365480676,0.5685769319534302,36.98629994111903
lbv,964,153.290216751,0.5698303665433612,41.93517240636489
lbv,965,154.190173529,0.5948991851603731,12.241982044893154
lbv,966,164.220496603,0.5780549960977891,4.4279561659869024
lbv,967,157.508924532,,0.0
lbv,968,165.398373845,0.5366144348593318,22.139873579436657
lbv,969,158.288111159,0.5317418447782084,50.53105582442939
lbv,970,197.436450245,0.5527843179539864,83.87130497951134
lbv,971,196.431000286,0.5815129440866019,79.18296754126456
lbv,972,189.472501427,0.5914445497221866,76.83888944738052
lbv,973,174.736578475,0.5799631478443539,76.05757640763825
lbv,974,134.187974183,0.5855228900909424,13.023572435566024
lbv,975,166.914637414,0.633952530225118,7.814164554371553
lbv,976,168.964656294,0.6042853559272877,17.972593688964842
lbv,977,177.705427409,0.6138327958841404,94.03066286573222
lbv,978,159.703465528,0.5854124682955444,66.68105277267156
lbv,979,164.227413046,0.6038946939069171,11.200361723058364
lbv,980,177.432464734,0.5775995359701269,53.13659991096047
lbv,981,164.716365325,0.589391634126023,75.27700051700369
lbv,982,148.427923274,0.5281887783740575,54.17860610064338
lbv,983,164.702984217,0.4403425631974998,104.45001525878907
lbv,984,176.508234895,0.4694089779013196,85.6958547255572
lbv,985,191.394106107,0.5511696256570897,61.471698596430755
lbv,986,168.824243649,0.5570262616039605,96.89588455499387
lbv,987,187.520706044,0.5613513959617151,21.358721175848267
lbv,988,158.663335051,0.5620135109440811,38.28936938117532
lbv,989,141.404158815,0.5554148922436428,71.36918906417547
lbv,990,141.871198637,0.5831455566264966,14.0654416252585
lbv,991,152.521528754,0.5879523206730278,25.52611490885417
lbv,992,147.122368853,0.5860918902215503,21.879486083984375
lbv,993,145.557439221,0.5860045493817797,13.283950805664062
lbv,994,146.32708107,0.6286741239683968,14.58627379174326
lbv,995,155.914268248,0.6220866841513936,21.358435537300856
lbv,996,163.109874357,0.5609939201610294,33.0794651704676
lbv,997,202.469541862,0.5651165418168331,24.48398563160616
lbv,998,197.364970612,0.6389089003205299,4.167478494083181
lbv,999,198.734140347,0.617963625325097,28.130459415211398
lbv,1000,189.622834518,0.6793037440678845,38.028233068129595
lbv,1001,190.399441874,0.6825237983749027,21.879211964326746
lbv,1002,168.821505156,,0.0
lbv,1003,158.311281684,0.6735653424065962,31.516520601160384
lbv,1004,140.369443209,0.5925055623761978,87.77744347067441
lbv,1005,161.196971065,0.6166027653397935,34.381691517549406
lbv,1006,144.094344847,0.639963859637108,44.019068280388325
lbv,1007,146.641858562,0.6164196729660034,35.684149887982535
lbv,1008,128.69227839,0.6018168833893789,18.49327955058977
lbv,1009,134.078159665,0.48705894354335433,93.2478162578508
lbv,1010,161.331306692,0.541099639897494,75.79652718936696
lbv,1011,132.197549135,0.5024483564184673,34.90291026994294
lbv,1012,138.338962923,0.4333287148371986,59.90801927155139
lbv,1013,143.716009578,0.49483854536499294,58.34529622395833
lbv,1014,141.831646632,0.4815144340197246,33.600658641142005
lbv,1015,144.9314811,0.5414744258904066,63.55480717677696
lbv,1016,165.728665042,0.48492763376353126,106.0115150601256
lbv,1017,157.235628946,0.5394455281784758,66.68055635340073
lbv,1018,155.577331185,0.5602738481812082,119.29573187734567
lbv,1019,146.415182604,0.5783803271276227,92.72777739880132
lbv,1020,142.887990507,0.6281122683268513,102.62575079226026
lbv,1021,133.418239032,0.6192463599942876,85.17420456830195
lbv,1022,146.530431208,0.6963073514032025,73.453075094784
lbv,1023,144.118122214,0.5754661879231854,80.74629675173293
lbv,1024,166.41179839,0.6564934150269042,57.04342768052045
lbv,1025,173.283840183,0.6056364596935742,29.69384837431066
lbv,1026,166.067628812,0.6067381162535062,34.38239010081572
lbv,1027,139.233530845,0.6136188069168401,25.526319017597274
lbv,1028,127.147402635,0.6656473994255067,32.55915730794271
lbv,1029,203.113706419,0.5846195697784424,48.18754221598307
lbv,1030,293.632753632,0.6457265771187104,57.82512096330231
lbv,1031,205.982947378,0.5899602203599869,48.44817074046416
lbv,1032,210.603142407,0.5428902052935197,62.25334849638098
lbv,1033,213.731129721,0.5193951604701045,90.90569763183593
lbv,1034,227.795429483,0.575125950949871,157.32711827895218
lbv,1035,156.327405332,0.616270492474238,107.836973212747
lbv,1036,119.529423785,0.6490776764183509,42.71808809766583
lbv,1037,138.069797294,0.6679247992379324,9.116680519253599
lbv,1038,215.539179895,0.5980113022202669,89.60420008640664
lbv,1039,172.541489774,0.5855528878090077,69.28704896814683
lbv,1040,148.459408179,0.6045632561047872,18.75440308813955
lbv,1041,191.322286642,0.6222344212647941,75.01762312346813
lbv,1042,161.215391962,0.608121563439016,84.39497572954963
lbv,1043,132.682012641,0.5560655742232977,59.649531525256585
lbv,1044,117.372289234,0.5878409568993551,27.610715948366654
lbv,1045,103.970582189,0.5696731978025869,103.67045210296033
lbv,1046,79.4242673279,0.5634730565655339,173.47873041489547
lbv,1047,104.244651571,0.6526672379445221,76.84133028516582
lbv,1048,129.227026085,0.6710553469291928,115.39226283653109
lbv,1049,161.378592568,0.6695623555081955,122.42525063309016
lbv,1050,165.312925717,0.610028151759094,152.90134827856923
lbv,1051,152.97897168,0.5260072632667122,141.9612304089116
lbv,1052,177.78770992,0.6017957533278118,106.79666631362016
lbv,1053,144.971848918,0.6760973736297252,11.200638834635416
lbv,1054,149.222806038,0.5518078378268649,18.233637192670034
lbv,1055,161.645724844,0.49037132589271787,58.08713486615349
lbv,1056,143.341486685,0.5676401044005778,17.452221589929916
lbv,1057,145.545389272,0.507250988483429,18.2336986766142
lbv,1058,142.911723281,0.5028791338205337,13.02408914005055
lbv,1059,147.243993966,0.47690380874433014,54.44079936906403
lbv,1060,136.932327809,0.44478191753134344,54.96186741847619
lbv,1061,147.985859503,0.4399534066518148,39.07246757956112
lbv,1062,154.722369725,0.4683369144658062,27.871757118374695
lbv,1063,150.809622819,0.6001821874854075,21.620185193828508
lbv,1064,142.600714388,0.5485255022139132,110.18479581346698
lbv,1065,119.431423736,0.5548904719176115,70.33075788909314
lbv,1066,152.291568762,0.6169972219387022,92.99306739358342
lbv,1067,177.69463552,0.6637009841012537,89.34638650931564
lbv,1068,155.634292354,0.6682544466522005,75.01976031135109
lbv,1069,168.578391229,0.70357830514792,64.33992719463274
lbv,1070,134.288762938,0.6586692333221436,28.653458838369332
lbv,1071,156.034311146,0.57604533168161,40.89634432325175
lbv,1072,151.961953821,0.5648481772957945,72.41524131625306
lbv,1073,124.48430727,0.6228149374326071,3.9073037540211395
lbv,1074,151.91472271,0.562150681237562,56.78629105511833
lbv,1075,163.669971184,0.5770448191372912,81.01173320097081
lbv,1076,139.837487646,0.6384647421433892,18.494676567526426
lbv,1077,146.29979576,0.6205198228010657,44.543639179304535
lbv,1078,93.1739433326,0.5785053842207964,44.28317320580575
lbv,1079,111.735132336,0.6150944876670837,13.024487364525887
lbv,1080,148.076327306,0.58720955325336,42.720374492570464
lbv,1081,162.535558157,0.6111873159618497,82.83591586842257
lbv,1082,140.542801405,0.6485899221606372,10.680121597589231
lbv,1083,114.702090518,0.6066387295722961,8.335712507659313
lbv,1084,111.736977425,0.36836687008046215,41.93912580901501
lbv,1085,135.010630561,0.48514116615862457,28.91457277185777
lbv,1086,159.466356681,0.5477094106430556,35.68743477615656
lbv,1087,157.328042875,0.4496878077243937,45.325714111328125
lbv,1088,149.395204405,0.5028441467868628,61.73689961152918
lbv,1089,139.560081372,0.48335320739710375,69.55178150850183
lbv,1090,118.121422382,0.43580159010914715,45.065451767865355
lbv,1091,126.076033352,0.39178943557616996,40.637160088034236
lbv,1092,140.18918812,0.42571522176545556,55.485399223776426
lbv,1093,142.14619956,0.40184375965917435,19.276654471603095
lbv,1094,146.228338083,0.47263760729269544,37.2509261785769
lbv,1095,168.163772464,0.540705211788921,76.84641744576248
lbv,1096,126.466877703,0.5514026113741084,124.7778174606024
lbv,1097,140.711197431,0.6072616943259362,69.55268797032973
lbv,1098,148.494077308,0.5844610723546177,78.40969633214613
lbv,1099,134.693243577,0.5597521784630689,74.50240451588351
lbv,1100,136.501415305,0.5473064285362779,141.1900666479971
lbv,1101,117.63917211,0.5345724602540334,62.519673515768616
lbv,1102,140.576353878,0.5872849633260977,73.20025987812116
lbv,1103,136.48070679,0.5765017960971092,71.11636424345129
lbv,1104,119.721015217,0.5796445284200751,11.982983099245558
lbv,1105,178.003807731,0.7011024951934814,2.6050056008731617
lbv,1106,162.710568715,0.5170705664902925,83.36032284007354
lbv,1107,149.292613939,0.44749854320890453,23.184597419289982
lbv,1108,130.093335798,0.4137931168079376,34.12574974508846
lbv,1109,121.339089091,0.42243094291797906,11.201590115416284
lbv,1110,135.303570252,0.5092543647624553,66.6887129241345
lbv,1111,126.18115394,0.5270002823589103,58.35267025816675
lbv,1112,108.103551759,0.5532087790114538,58.35276495241652
lbv,1113,141.228760253,0.5614901321845374,104.98293468998928
lbv,1114,148.161757155,0.54446228130223,95.08391361610562
lbv,1115,160.643481952,0.4430238658731634,28.65547898236443
lbv,1116,161.396562407,0.32355399076875885,19.798385949228326
lbv,1117,171.766488935,0.5715485039353371,26.050493726543355
lbv,1118,130.264831058,0.48237257586284116,45.84897796032475
lbv,1119,121.643978648,0.5256158467177507,71.11800662769991
lbv,1120,133.722761987,0.5672620584350486,59.65586850035424
lbv,1121,145.213978085,0.5323932596869306,131.03447089101755
lbv,1122,151.437830041,0.53342896772594,42.72304861031326
lbv,1123,159.628468412,0.39993149869971806,9.378243420170802
lbv,1124,156.070023926,0.37982149124145503,48.19374826468673
lbv,1125,153.696402479,0.37426501173194093,52.622378181008735
lbv,1126,170.60870489,0.3334391321986914,25.008665556066177
lbv,1127,170.557438304,0.38911155939102177,26.05064182655484
lbv,1128,154.681707902,0.5227684378623962,30.739702800675932
lbv,1129,142.27340863,0.5246551632881165,7.29415558459712
lbv,1130,125.974076045,0.5410749976802024,40.899301027784155
lbv,1131,143.412404101,0.5726730778609238,38.03366636388443
lbv,1132,124.088742516,0.555575013921616,61.21848955341413
lbv,1133,118.506839531,0.5868368839460706,32.82349395751953
lbv,1134,104.725580016,0.54924031523141,57.310740601782705
lbv,1135,79.9909511794,0.5596539807554921,79.19288395900352
lbv,1136,75.4177862232,0.5479487891630693,71.63816668940525
lbv,1137,136.939467823,0.5798735978991487,33.604784797219665
lbv,1138,166.743223391,0.5746176362037658,13.025084551642923
lbv,1139,194.004410841,0.5832440519332885,19.53758643655216
lbv,1140,176.247288041,0.579924464225769,11.46204439051011
lbv,1141,197.023728478,0.5811898805374323,11.201542932846966
lbv,1142,126.541910439,0.6291393064188235,34.386051073261335
lbv,1143,126.571540798,0.6009695495877948,118.52750800637638
lbv,1144,128.086460601,0.6193864482223608,122.69550993676282
lbv,1145,152.341096329,0.6245796698727843,152.9135934867111
lbv,1146,123.492063804,0.6191921335155681,46.10855090571384
lbv,1147,138.801242229,0.6549119543783445,50.53710865693934
lbv,1148,134.445950755,0.628417054722212,57.570623779296874
lbv,1149,136.866903806,0.6169742977201457,96.64570913875804
lbv,1150,123.448345159,0.5940614180367497,119.56979029038372
lbv,1151,130.401658674,0.6170839087659961,75.80575633329504
lbv,1152,167.309709559,0.556760522723198,41.68019687428194
lbv,1153,145.221086324,0.5205168724060059,10.420058306525736
lbv,1154,136.963250126,0.37466031312942505,1.563014310948989
lbv,1155,127.879883873,0.37466031312942505,25.529233745500154
lbv,1156,142.974690835,0.4082615419050281,23.184751293705958
lbv,1157,142.991893664,0.44136139035224914,58.613137637867645
lbv,1158,144.774061457,0.5178776998072863,33.34437351600796
lbv,1159,119.72444858,0.492049479410668,63.04177512374579
lbv,1160,130.584895856,0.5331124151634633,81.016450919357
lbv,1161,134.166957384,0.5571026361991313,55.74768365598193
lbv,1162,132.621042267,0.5683110797241943,76.06696394378064
lbv,1163,114.560311314,0.5337124764919281,108.36941633037493
lbv,1164,112.408255262,0.5399906596741003,112.79799502503639
lbv,1165,113.728401294,0.566287349529986,69.03347045300053
lbv,1166,120.01666606,0.4903442452096532,91.4368097641889
lbv,1167,149.138823998,0.4517973351825788,53.66379068412033
lbv,1168,141.5124282,0.43342442636366013,40.11760247922412
lbv,1169,134.040932533,0.3691428601741791,15.890754998898974
lbv,1170,151.359791242,0.411783903837204,0.7815139770507813
lbv,1171,156.351567089,0.43622975154169674,30.218536616306682
lbv,1172,168.285213705,0.47558726400539686,77.10923880782782
lbv,1173,134.001411012,0.48647765625606887,28.65545983408012
lbv,1174,129.02083131,0.4922771302665152,53.40326496199065
lbv,1175,144.108558914,0.5054542442311103,34.90744527180989
lbv,1176,165.995516343,0.46370943870983633,19.798262951420803
lbv,1177,204.0341994,,0.0
lbv,1178,199.658982012,,0.0
lbv,1179,166.515095237,0.28588956594467163,12.504179113051471
lbv,1180,142.408119164,0.5657779399941607,10.68060048421224
lbv,1181,148.533900614,0.5047770373418298,36.991364722158394
lbv,1182,149.397321786,0.6943391561508179,0.260501906451057
lbv,1183,126.167788986,0.6232306957244873,4.168023322610294
lbv,1184,134.396423675,,0.0
lbv,1185,131.962416965,,0.0
lbv,1186,136.623971646,0.533103346824646,0.5210002225988052
lbv,1187,133.916390482,0.46701835521629875,7.2939968931908705
lbv,1188,124.521363474,0.47483751264171326,17.974459390079275
lbv,1189,129.121825942,0.5320101225817645,35.167363335104554
lbv,1190,126.055840405,0.6099777018151632,21.36088011498545
lbv,1191,133.321299395,0.6080633268427493,34.90674477371515
lbv,1192,119.541384104,0.5490293358739519,54.96497955322265
lbv,1193,115.724173284,0.554478795969323,76.0651470707912
lbv,1194,113.439692311,0.5642522070730958,111.49260385550706
lbv,1195,127.096160187,0.6019423323979214,99.24911265653722
lbv,1196,112.061108232,0.596517478792291,74.24130967084099
lbv,1197,125.765082507,0.5375320633077412,118.26492937873391
lbv,1198,108.312694224,0.504037777240249,67.98918798110064
lbv,1199,114.793914197,0.5327252277306147,51.05691680908203
lbv,1200,143.924187744,0.5829883332998474,84.92105883430034
lbv,1201,145.574718469,0.5966601773402169,72.67774227366728
lbv,1202,136.900770312,0.6203308740387792,23.965375384162456
lbv,1203,159.928598331,0.586567668712627,89.08856416590073
lbv,1204,161.75129097,0.6031411347730881,83.61808417825138
lbv,1205,178.164596345,0.6719492697908033,32.30100085688572
lbv,1206,176.86884961,0.6105733909746157,71.37472953048407
lbv,1207,151.363529143,0.5981275488274166,98.20521171420228
lbv,1208,145.394667,0.6062624146963688,48.97230906767003
lbv,1209,163.948335912,0.6127611767385424,25.26754216212852
lbv,1210,151.506400649,0.6249004116764776,21.09969356761259
lbv,1211,152.382343935,0.5743750767274336,40.115370387657016
lbv,1212,160.274143694,0.5819948763973947,88.30583328546263
lbv,1213,196.903065767,0.5681702607597401,79.70946691176471
lbv,1214,230.948745013,0.6092342678036778,126.85770254696116
lbv,1215,205.32733433,0.595041764387186,143.7893144495347
lbv,1216,161.044337941,0.5769485044215924,94.29650851978975
lbv,1217,175.788578527,0.6278780721968715,66.94521304859835
lbv,1218,170.167860374,0.5693493257381526,81.01143565458409
lbv,1219,173.412933357,0.5606693258448241,175.5682881373985
lbv,1220,205.524773633,0.5913905830165139,199.2725456088197
lbv,1221,188.325662078,0.6439021797094908,189.3740489286535
lbv,1222,166.433326785,0.6550540738149521,170.35848648968863
lbv,1223,177.355158342,0.6630956417408542,179.7360668705959
lbv,1224,185.797969878,0.6642707059650615,178.95456399356618
lbv,1225,183.96956975,0.6639473086437292,294.35037614411
lbv,1226,179.175563492,0.5883386781912368,177.391600335813
lbv,1227,190.115307701,0.5746788281235802,185.46681724997129
lbv,1228,193.269308744,0.5840863701239657,198.491232658835
lbv,1229,210.911758321,0.604214203299117,212.0366820391487
lbv,1230,217.840326242,0.6362037053365194,217.5071123908548
lbv,1231,130.097128747,0.6230251008814031,128.94151440788718
lbv,1232,150.210574346,0.609048898573275,147.69673040053425
lbv,1233,132.537913802,0.589302937189738,95.33874430936925
lbv,1234,167.051276109,0.5823916587386562,106.53979896096622
lbv,1235,145.601082707,0.6135506300266855,129.98397411271637
lbv,1236,135.247332651,0.6494644819335504,68.76916626574946
lbv,1237,123.223474429,0.6227998563697218,46.62761182598039
lbv,1238,157.970453108,0.5862324448360179,109.145285542806
lbv,1239,122.186789865,0.549134457894301,122.95130779789945
lbv,1240,124.091288236,0.5336748384937797,126.3378216612573
lbv,1241,160.687347287,0.5667415013092691,73.19788492240158
lbv,1242,154.429607629,0.5902227377331496,38.813145686130895
lbv,1243,162.251258813,0.5308218386266139,100.28917619293811
lbv,1244,158.396722209,0.5421666477885203,55.74521831437653
lbv,1245,142.021930286,0.48377295717841284,95.34003897274242
lbv,1246,143.308478132,0.49145863129745554,82.31551959467868
lbv,1247,146.994136994,0.4995508124162486,115.65862812715417
lbv,1248,153.331344337,0.5679102892899394,104.71805662267347
lbv,1249,139.11642455,0.5168541788830371,138.32168261958105
lbv,1250,159.881859436,0.5826176306337045,107.06270282221774
lbv,1251,139.677147079,0.5738457610991118,139.10346180036956
lbv,1252,136.347457569,0.6008121302633573,214.90735626220703
lbv,1253,154.555156669,0.5761518941706971,154.99382198558135
lbv,1254,154.206044066,0.5582691976914601,153.17047801298256
lbv,1255,145.035102917,0.5233055385267713,145.09524257884306
lbv,1256,152.20493306,0.6021000615738589,120.86945145550897
lbv,1257,146.772836891,0.5444107346174095,92.99669413847082
lbv,1258,173.926702047,0.49335191931043354,32.82239170448453
lbv,1259,183.970605959,0.4094485386889032,61.21645624497357
lbv,1260,161.459770021,0.4332399466896759,106.28233220717487
lbv,1261,153.984925076,0.5133031654052246,50.796804540297565
lbv,1262,142.661336838,0.5657814139263638,79.972416268143
lbv,1263,141.187682288,0.5354945546871908,96.38370139926089
lbv,1264,116.239447028,0.5404031140859737,112.01349804448147
lbv,1265,154.75980365,0.5899422019720079,155.25604343788297
lbv,1266,149.736357871,0.5816656531805688,146.92019707174862
lbv,1267,134.617033746,0.5827563517623477,46.88948777142693
lbv,1268,134.01226733,0.5716156516029938,54.96494179519953
lbv,1269,131.980249329,0.3727594845435198,44.284631407494636
lbv,1270,145.89162861,0.3316223437530328,67.98996294806985
lbv,1271,147.334198177,0.2632455825805664,3.646976007199755
lbv,1272,134.539929268,0.2832257864872615,78.14962050494026
lbv,1273,126.611580225,0.29092999018701043,70.07421806185853
lbv,1274,138.878078994,0.374639855680869,86.22522983925015
lbv,1275,145.052906316,0.4191119800869819,126.60263025620404
lbv,1276,116.738417917,0.4596034601018146,74.50286799412147
lbv,1277,138.601478887,0.4494251426869789,58.872916965858614
lbv,1278,144.148141369,0.43526843615940636,61.99891255696615
lbv,1279,155.132972727,0.45051616466626887,64.0829096177045
lbv,1280,153.7848091,0.4793644234901522,64.0829096177045
lbv,1281,160.870030377,0.545799472035235,61.738355479520905
lbv,1282,183.943576323,0.5566640091320825,82.05722898595474
lbv,1283,166.518230748,0.5183527236652683,159.94653924680222
lbv,1284,152.441504491,0.5482308791503182,150.82900632970475
lbv,1285,132.68192652,0.5267588491669767,102.6366860483207
lbv,1286,150.65902889,0.5385578201367305,50.797335905187275
lbv,1287,142.685137782,0.5276650524957086,72.15823352290134
lbv,1288,142.033626536,0.5140225302076223,107.5861328424192
lbv,1289,169.696100795,0.5543411821535189,95.08217067344516
lbv,1290,181.634136596,0.5579393695740804,178.44175869810817
lbv,1291,162.509253396,0.5470691170692443,162.81179016711667
lbv,1292,156.824444157,0.5633182748196981,162.55130175422218
lbv,1293,145.955601858,0.5782886484486476,147.44229748295803
lbv,1294,144.906423098,0.5607788768815405,147.70277826645795
lbv,1295,132.053153892,0.5439449325496075,132.85434229233684
lbv,1296,142.929729579,0.5088813250470119,144.05578655168122
lbv,1297,145.81205222,0.5013917378730175,49.755265119964
lbv,1298,143.799586685,0.4703299069996946,41.94033717735141
lbv,1299,148.304267127,0.4185281710326671,52.09983676087622
lbv,1300,162.228220691,0.3873867281337282,87.26722657446768
lbv,1301,136.728652483,0.38444840933522606,60.956809010225186
lbv,1302,140.183187071,0.4899456370802759,26.8313876582127
lbv,1303,127.937788029,0.3635500543045275,25.78944657269646
lbv,1304,142.640524359,0.3423962485651637,44.80592154708563
lbv,1305,166.704721192,0.4474477430184682,62.519824757295495
lbv,1306,137.584689014,0.4483008561279044,90.13270682540595
lbv,1307,133.908772736,0.47874551565901746,134.1570006725835
lbv,1308,144.132520361,0.5009883393221977,145.6189432181564
lbv,1309,147.03550954,0.5240598964382672,140.92993591906978
lbv,1310,185.760443858,0.4449890654447467,67.2087880751666
lbv,1311,209.853345599,0.38325783746843123,34.125393078373925
lbv,1312,211.730595764,0.41123631562505447,45.587332931219365
lbv,1313,203.467407335,0.41429029850285887,145.6188444848154
lbv,1314,196.218344742,0.42801939785655285,88.83006864061544
lbv,1315,178.125271523,0.43630514303340184,41.15880013260187
lbv,1316,183.871424888,0.3863867223262787,20.57936461205576
lbv,1317,181.247214031,0.48306189107287467,40.89811500100528
lbv,1318,195.772655095,0.4830183855822829,15.890344746907552
lbv,1319,221.443811611,0.42484746317891675,44.023987654143696
lbv,1320,226.855312051,0.5152442907219502,87.26635757147096
lbv,1321,222.637120025,0.645097111755947,55.22515821269915
lbv,1322,216.834159343,0.43231930011424463,71.89677599738626
lbv,1323,218.542300995,0.44821067831733014,83.09796989291323
lbv,1324,210.000222663,0.4792527182869716,76.06446335736443
lbv,1325,199.821683322,0.5314181519828681,34.12476725858801
lbv,1326,169.100938295,0.5966482162475586,33.86418600643382
lbv,1327,159.071954229,0.6129783576185053,28.65427847469554
lbv,1328,175.492664851,0.6212552785873413,15.629597383386947
lbv,1329,195.166532654,0.6352954448723213,21.360380883310356
lbv,1330,213.515220429,0.6140110967110615,25.52824925441368
lbv,1331,218.08666868,0.4880674653742687,21.620824327655868
lbv,1332,231.85979816,0.5557638089466458,68.50937323476754
lbv,1333,204.514867301,0.6511509429949982,27.091140148686428
lbv,1334,175.919040342,0.6528919843093078,82.57579429476868
lbv,1335,160.428254655,0.6032540873182158,119.04450106153303
lbv,1336,173.369308341,0.6462151891091121,174.26860656738282
lbv,1337,151.082301227,0.6117167892451916,150.0427848067938
lbv,1338,149.723818076,0.6387397715834534,153.16859717275582
lbv,1339,175.032088068,0.604857313415562,171.402863296808
lbv,1340,147.712887876,0.6159007787223786,64.60169683718213
lbv,1341,170.253816715,0.6050744284325698,66.16464197495404
lbv,1342,145.387243575,0.6288990977514594,50.27475956935508
lbv,1343,155.984400039,0.5704895323099092,112.01103485705805
lbv,1344,138.234344644,0.5282610055332478,134.93416430903417
lbv,1345,138.179834789,0.5411492796391731,80.49160401587392
lbv,1346,150.087470025,0.5885721515668066,59.39191729975681
lbv,1347,132.077452907,0.5810466924492194,63.820298886766615
lbv,1348,140.467715579,0.6245124320434445,63.299316855037915
lbv,1349,133.564551666,0.6070613606573793,94.55816025079467
lbv,1350,140.85881498,0.6339612956400271,140.66489586923637
lbv,1351,160.657909551,0.6567978758933182,153.6893594480028
lbv,1352,128.193892538,0.618489123019437,128.42166652305454
lbv,1353,160.974393986,0.6231482778223331,166.19256418265547
lbv,1354,142.233191023,0.6216679039227703,142.7483013975854
lbv,1355,131.286639581,0.572435658054048,130.76561126708984
lbv,1356,140.351538613,0.5720913421496947,137.277652276731
lbv,1357,127.029780376,0.6189022311164291,101.8510783475988
lbv,1358,137.97508512,0.5894592829876474,93.77577119715073
lbv,1359,142.903631266,0.6500240980010283,39.594185952579274
lbv,1360,145.24518939,0.6453427396794801,48.45072048411649
lbv,1361,138.66932789,0.5482610328554433,92.2124673282399
lbv,1362,144.954312195,0.50442247209924,92.73330269607843
lbv,1363,148.995788767,0.5320617811403412,35.9471165376551
lbv,1364,167.728624335,0.6019502625517223,95.8588634116977
lbv,1365,150.797795097,0.5607281492637085,144.56953385296993
lbv,1366,140.933076401,0.5327016212341543,59.130203815535005
lbv,1367,141.940875731,0.5223435340644597,111.74798323687385
lbv,1368,141.248618441,0.5512794235904136,129.98179360184017
lbv,1369,127.130802036,0.5082923391409088,74.23798654593674
lbv,1370,123.086492439,0.5522001403530528,117.47824368944354
lbv,1371,111.771058351,0.5918156699258456,114.87326785816865
lbv,1372,141.631035661,0.6021909445797632,141.96344188615387
lbv,1373,110.506846888,0.5763169273594829,111.48680587469363
lbv,1374,114.176157222,0.5723845104876589,113.83107000612745
lbv,1375,133.205649766,0.5669839168359377,129.9808718812232
lbv,1376,124.452877125,0.5477244244336306,79.96815556544884
lbv,1377,137.201400223,0.5108790973194469,140.13946506275852
lbv,1378,132.772406357,0.4859798975422178,131.02248618929994
lbv,1379,115.83741935,0.4953506676746266,116.69585209266812
lbv,1380,131.478506281,0.4849893584614619,133.36655650419348
lbv,1381,154.5168448,0.4779711899441709,149.5162806791418
lbv,1382,154.66231675,0.4620922286101062,154.72578250660615
lbv,1383,127.407395782,0.4835544558878082,127.37511848000918
lbv,1384,118.865403405,0.5322722506392134,118.51861302992876
lbv,1385,128.329473618,0.522958733156474,128.93767772001377
lbv,1386,118.477124769,0.4613407505185981,94.03325554342831
lbv,1387,132.806808705,0.44418600719538853,91.42829966825597
lbv,1388,102.251743054,0.503115240446071,101.06591757980047
lbv,1389,107.808831074,0.5709016896320873,108.88010861265894
lbv,1390,94.9672751722,0.5670297951462434,97.41888161453547
lbv,1391,104.020807397,0.5542585315740653,102.62825772154565
lbv,1392,158.818443648,0.5313610111794821,160.19360680673634
lbv,1393,169.200063476,0.5170569743387274,106.53509991215725
lbv,1394,149.363722468,0.5212324707853523,91.68776526357614
lbv,1395,134.067924253,0.5350299930873037,123.98662591074029
lbv,1396,111.669431626,0.5725031522442313,110.70217641194662
lbv,1397,130.653701717,0.5908667984074109,133.10292537913602
lbv,1398,120.883173351,0.6032328500088553,120.5999666999368
lbv,1399,129.916528353,0.62039023153181,128.15358446906592
lbv,1400,118.223588533,0.6062845943520248,118.25540888169233
lbv,1401,184.55369727,0.5953190310041331,186.49957894717946
lbv,1402,216.572910059,0.5874982221290399,219.8400713752298
lbv,1403,202.038577256,0.6074549561947161,201.34627820183252
lbv,1404,158.794076083,0.6317788156667044,159.14944314395683
lbv,1405,170.704114517,0.6189995695276923,172.43370980655448
lbv,1406,197.454709493,0.6203720610744009,200.04402896656708
lbv,1407,151.774740065,0.6176508501806158,146.9075497795554
lbv,1408,151.195905137,0.5338125828016608,150.81486699721393
lbv,1409,155.660962332,0.5137203070460944,154.20128224690757
lbv,1410,167.611899851,0.5482849758176417,167.22533578311695
lbv,1411,175.349265814,0.553312754311256,174.77939180860332
lbv,1412,181.144230077,0.5938365270060004,183.63588490205655
lbv,1413,241.027520878,0.5949953412714082,189.1061689489028
lbv,1414,252.191981912,0.5999360418061486,144.30434827617572
lbv,1415,239.980793298,0.5372995795572506,159.4123233570772
lbv,1416,253.786790442,0.5738444689931816,233.12787732891007
lbv,1417,237.856069962,0.5881388640665747,237.03539694991773
lbv,1418,252.95263504,0.5683273549167994,225.57468426274318
lbv,1419,258.331932401,0.5781684480201705,119.56002287023209
lbv,1420,271.931962164,0.6002047244698783,231.04553240607765
lbv,1421,267.341695737,0.5795527566557612,262.04306808172487
lbv,1422,219.418605867,0.5837116338124797,154.98597358254827
lbv,1423,159.054597661,0.5885263157092918,153.68383026123047
lbv,1424,153.411906826,0.6071643519802253,154.98640352136948
lbv,1425,124.709441957,0.5878075836150626,128.15700979793772
lbv,1426,155.397917925,0.5479206709833275,152.64245991426355
lbv,1427,153.024474121,0.5098098127614883,109.40261724135456
lbv,1428,142.880889042,0.48135756949583697,51.57561726289636
lbv,1429,143.766150675,0.461177952422036,70.33049100988052
lbv,1430,128.772213271,0.534854345120393,80.22898035984413
lbv,1431,117.967202096,0.5120773555706764,116.95723900888481
lbv,1432,127.533491475,0.5658724261539998,105.23558903114467
lbv,1433,127.457435356,0.5577468570698514,92.73241631002989
lbv,1434,105.611883028,0.5676087381657321,98.72366524490657
lbv,1435,126.323467587,0.5286243830471677,70.07044213986865
lbv,1436,147.243287182,0.4869465739407798,62.25593650668275
lbv,1437,151.400397922,0.4496788881545843,67.20526948816637
lbv,1438,142.194381966,0.4440168449250252,95.85867895986519
lbv,1439,134.41715607,0.4347218979668144,39.33336465872971
lbv,1440,160.802215928,0.45205946980479234,87.00232047286688
lbv,1441,171.733830203,0.5037696061632301,82.31357266295188
lbv,1442,181.193867066,0.464150389288641,40.89627431233724
lbv,1443,176.992180602,0.3799428641796112,0.520970183727788
lbv,1444,177.648560578,0.4886311863477414,33.8630116780599
lbv,1445,148.35253299,0.5078256785869599,69.02832701439951
lbv,1446,136.218434552,0.5204444217561471,128.9394926183364
lbv,1447,179.695301718,0.5147749321561466,92.4716615863875
lbv,1448,161.76048358,0.44680667646537875,44.02161643832338
lbv,1449,137.814508624,0.49010951876640324,117.21710474350873
lbv,1450,124.234904349,0.4913135407462952,82.05186923157935
lbv,1451,138.556899097,0.50528944509134,112.78849702722886
lbv,1452,147.681052331,0.5046848771864909,148.47426021800322
lbv,1453,135.63828406,0.5151338569757319,92.99164042753333
lbv,1454,131.581573899,0.5374282548824946,62.515263276941646
lbv,1455,125.299896876,0.5297841310798379,104.45237510531557
lbv,1456,121.323330924,0.5311276460720213,78.66478588627834
lbv,1457,137.134533097,0.5903848859679747,64.85923829920151
lbv,1458,143.57207061,0.5822082917569047,76.8411377551509
lbv,1459,164.221639676,0.5314223805747966,98.46067980597999
lbv,1460,157.030204547,0.5263022142787313,67.20323917164521
lbv,1461,156.958256398,0.6359661424701863,22.921975648169425
lbv,1462,159.318323609,0.6345897673690405,71.3705774045458
lbv,1463,167.757309271,0.6008277258759152,98.19953278186274
lbv,1464,162.241745674,0.5409219128341072,131.80072987874348
lbv,1465,121.247853957,0.5364449944185175,119.81865808823528
lbv,1466,131.995513734,0.5718486952828243,133.36315540986902
lbv,1467,112.373113148,0.5711092518036622,86.47755459056181
lbv,1468,134.175328233,0.6026655266959354,65.37898065903607
lbv,1469,149.064631908,0.5628576578452573,89.08199112836053
lbv,1470,142.049524909,0.5272686408116267,16.93076088101256
lbv,1471,141.917146854,0.5788211302151756,16.409785640940946
lbv,1472,146.140454531,0.5558162854493031,42.45696731268191
lbv,1473,150.297587714,0.5359769148539894,82.30911198036343
lbv,1474,165.921215152,0.5433497993569626,34.642701332241884
lbv,1475,149.196651077,0.5260291671015553,25.26568364162071
lbv,1476,116.089358962,0.5690950430356538,23.702803967045803
lbv,1477,150.536882578,0.5353295250133899,82.82946687586167
lbv,1478,176.93201786,0.5588058670408917,109.91818386900658
lbv,1479,144.582349931,0.5254816877287487,89.60141454958448
lbv,1480,144.089130468,0.6432892075606755,72.93125580432367
lbv,1481,141.654708981,0.5603633793917568,134.66211547851563
lbv,1482,140.11445859,0.5655884546538196,62.512339872472424
lbv,1483,142.43943172,0.6421352216175624,9.116362179026885
lbv,1484,162.394407691,0.528869251067611,113.30314591351679
lbv,1485,183.184303329,0.6138102590873096,94.28893737792968
lbv,1486,158.369639759,0.5035437120418801,98.97725345387178
lbv,1487,130.198823425,0.5308669476937025,60.94914981617647
lbv,1488,129.698011153,0.5136991732794306,95.85156297870711
lbv,1489,167.746747652,0.6037283252232039,51.83281656901042
lbv,1490,181.055990617,0.635438074578752,86.73532858455883
lbv,1491,206.967955338,0.6461169048287402,90.64235094855815
lbv,1492,190.018006723,0.5743922151816196,121.89838445326862
lbv,1493,180.658228251,0.6184341400627076,99.23800820743334
lbv,1494,143.321644222,0.6052200711588762,140.91290669160733
lbv,1495,153.542529085,0.5966908908014066,150.55043514476105
lbv,1496,157.660319405,0.6063498829801878,62.51241000306372
lbv,1497,159.317432654,0.5466889025872215,148.4671931547277
lbv,1498,148.788582112,0.5891100644237465,150.0302141974954
lbv,1499,174.743068011,0.5872608659519701,174.77506585214653
lbv,1500,155.222493013,0.5742513071225344,93.24824194814644
lbv,1501,149.707063012,0.5473755751399026,143.7797133501838
lbv,1502,135.300383117,0.5328154978314801,88.0391659007353
lbv,1503,122.963104012,0.5227784157375207,53.91757731718176
lbv,1504,128.918353697,0.6015711063924043,59.90852026845894
lbv,1505,122.596034544,0.599942111732936,52.615391959396064
lbv,1506,123.675155064,0.5876896421114604,58.606357350068926
lbv,1507,155.084387724,0.548338763706677,86.73758628695619
lbv,1508,138.72657881,0.5139667983581162,73.19309898825253
lbv,1509,138.863184508,0.48880282509498285,126.85090798770679
lbv,1510,154.670817858,0.5107285247461216,154.20091768152574
lbv,1511,137.005000288,0.5184271162702837,136.48887104707606
lbv,1512,118.762733844,0.5017855303457426,116.95345865885417
lbv,1513,143.233418008,0.4740170276862509,97.93889387542127
lbv,1514,146.973990186,0.5343870449208927,43.49952506271063
lbv,1515,149.227500688,0.5959678053855896,31.257205738740808
lbv,1516,135.782603208,0.4928060466051102,52.0954568900314
lbv,1517,146.539395269,0.5241726073261085,62.25416391410079
lbv,1518,124.281290155,0.5208737487165035,63.296218782312735
lbv,1519,126.335046088,0.5336319755335323,63.55673744351256
lbv,1520,114.670109314,0.47991179722711574,113.5686797796511
lbv,1521,135.27231863,0.47336338598785094,98.20046003753063
lbv,1522,149.98585357,0.5527058194895259,47.66766348446117
lbv,1523,160.317237832,0.5451699890672961,77.36231285544002
lbv,1524,133.410242776,0.5204996509828429,107.83828214757582
lbv,1525,152.660815949,0.5295086600725224,157.32921678131703
lbv,1526,137.604498961,0.5538006433900797,138.0537390615426
lbv,1527,115.384315517,0.5530908141623844,114.61065389595781
lbv,1528,62.1220501746,0.5546523794531822,62.514903797822846
lbv,1528,13.1033919187,0.5419532060623169,14.065850830078126
lbv,1529,108.682383662,0.5627114008057793,69.02685068167892
lbv,1530,152.702279826,0.5733997861710552,124.50885060628256
lbv,1531,125.516054864,0.5585374361855068,123.46687918270337
lbv,1532,121.274108631,0.5531059088914291,119.82015781776576
lbv,1533,129.638418585,0.5589967062655051,116.17345350676891
lbv,1534,164.23431365,0.5508153666302843,110.44288533528645
lbv,1535,143.051509068,0.5289819017196208,135.18827254351447
lbv,1536,120.92697524,0.6327145714668712,122.68526844697841
lbv,1537,123.516596263,0.6187892424579385,122.6852522906135
lbv,1538,124.852812087,0.5755591474233136,64.59864469042012
lbv,1539,150.989601525,0.6304146400813398,67.98494567871094
lbv,1540,130.70086197,0.6056250174446862,78.9250518798828
lbv,1541,130.498258547,0.5877927647435607,52.87716650869332
lbv,1542,101.920701961,0.5689839486564908,102.1074806063783
lbv,1543,97.0190012119,0.5630924928983053,97.6792656393612
lbv,1544,121.401768977,0.5517663759133545,121.64313902013443
lbv,1545,129.382500664,0.5705390588719715,134.4064687691483
lbv,1546,134.140130227,0.5923551219444746,126.85261173622283
lbv,1547,127.686014865,0.6518043922881285,62.51468030144187
lbv,1548,138.292252627,0.5984144943455856,50.01174172794118
lbv,1549,136.11041987,0.5596552159040028,34.122562154134116
lbv,1550,140.042910606,0.4979463251431783,19.535824555041746
lbv,1551,165.570718867,0.44397109746932983,38.81119540345435
lbv,1552,143.643850058,0.5119547934243174,103.14904928768382
lbv,1553,169.144567962,0.510748102188702,104.97223765055338
lbv,1554,140.377579964,0.4955311503026869,37.24818686690985
lbv,1555,140.806673368,0.5391245972419132,35.94573283475988
lbv,1556,139.940367028,0.5421492582367312,16.14949068555645
lbv,1557,169.153759895,0.557133376598358,37.24799086626838
lbv,1558,180.109130144,0.5790600721652691,33.861715877757355
lbv,1559,155.875529168,0.5216832479960483,36.987363747989434
lbv,1560,152.386418585,0.5132651848670764,40.633932136086855
lbv,1561,166.763136646,0.5160318826316693,28.391633964987363
lbv,1562,126.628858991,0.5232087969779968,40.89422882678462
lbv,1563,138.604794873,0.5801691385236522,106.53323854932599
lbv,1564,175.888061368,0.6307364146792866,141.43638844209556
lbv,1565,181.314853899,0.6238142509352076,114.60753796147364
lbv,1566,190.914170307,0.5802232198623707,122.16100936590455
lbv,1567,191.09719264,0.5839048473091868,80.22504499846814
lbv,1568,151.79246623,0.5855270335962484,47.405633515002684
lbv,1569,148.450310655,0.5913945414959738,72.15013376871744
lbv,1570,153.090041677,0.5837370074621521,157.84452101763557
lbv,1571,156.457692101,0.584162913324829,156.54191125607957
lbv,1572,155.798835146,0.593711459380112,157.32306982302197
lbv,1573,179.321472802,0.5880956689634789,175.29513445087505
lbv,1574,184.414576841,0.5529945398279863,185.71353409711054
lbv,1575,144.831488844,0.5765548134353798,36.98639284021714
lbv,1576,145.887723865,0.5865992732139539,122.15899406881894
lbv,1577,167.146623938,0.6440015199309901,123.72167250689338
lbv,1578,149.704850864,0.6159909607448617,126.8470032935049
lbv,1579,123.150432199,0.5973692114945431,122.67937927246092
lbv,1580,120.192254042,0.6073206468370923,118.77219669117646
lbv,1581,128.452330004,0.613343168399529,130.49292225557215
lbv,1582,155.392492768,0.5879008652401618,153.15312535903033
lbv,1583,122.020001222,0.567111218051546,122.67861352060356
lbv,1584,112.188392424,0.6131864363948504,112.52035223268993
lbv,1585,117.508479405,0.6020148761602707,120.33409369973575
lbv,1586,139.999395881,0.5960756696354259,143.25466275682635
lbv,1587,134.956209852,0.6193845943928697,133.09643306358188
lbv,1588,120.237056986,0.6208879988946956,120.33358253030215
lbv,1589,133.657807046,0.5783211035052622,132.31464191511563
lbv,1590,164.061644262,0.6190929394170462,108.09153430415135
lbv,1591,107.858265784,0.6041696661262101,96.8915179981905
lbv,1592,127.57815595,0.597308270112721,130.49086420395795
lbv,1593,117.077096846,0.5957678249696406,106.78880444694968
lbv,1594,124.252692655,0.6004552395255478,70.32423311121323
lbv,1595,126.639229469,0.5583928503941015,75.79381579230812
lbv,1596,130.819162843,0.5761089297467762,90.37945736155788
lbv,1597,131.725944895,0.5324241182877629,118.24840482823988
lbv,1598,100.404457278,0.614968840823029,51.570820079130286
lbv,1599,91.2947675097,0.5549835210574806,90.37905464920343
lbv,1600,121.04504018,0.5703830576542789,124.23853346880745
lbv,1601,121.155637854,0.5641935002829773,119.55016102510339
lbv,1602,102.233155171,0.5769630459478667,104.44348892511107
lbv,1603,112.576449222,0.573620360110693,107.8292911305147
lbv,1604,137.630927557,0.5693800886645587,59.64463704427084
lbv,1605,149.459565105,0.5903076758943343,62.249193857230395
lbv,1606,146.396337107,0.576851097688283,57.040056295955885
lbv,1607,158.078142115,0.5366526620332586,55.99820724188113
lbv,1608,167.029549976,0.634982171077882,32.29662685020297
lbv,1609,127.108937979,0.48004939392501234,26.566516292796415
lbv,1610,128.271333057,0.5616401980147545,74.75078875971775
lbv,1611,137.986969089,0.5389471101311017,69.0206387089748
lbv,1612,127.678861121,0.5440710564454396,39.06823610791973
lbv,1613,142.312484452,0.5670896247029303,40.63091242173139
lbv,1614,138.039879862,0.4442773461341858,8.334518612132353
lbv,1615,140.850344795,0.5143732041643377,29.691691140567556
lbv,1616,120.632852031,0.5456568627130418,43.75618501551011
lbv,1617,112.037652764,0.5623134907343647,112.77618749281939
lbv,1618,98.7345969588,0.5590028091652752,95.06528595569087
lbv,1619,104.123666633,0.5701649015389599,107.30646876914828
lbv,1620,112.555517735,0.5741942267462681,110.95269212909773
lbv,1621,94.6810665656,0.5776297114502189,101.31589008406097
lbv,1622,100.575115899,0.5758007154112956,95.3254223094267
lbv,1623,104.48348341,0.5779742500697723,103.1389249016257
lbv,1624,109.267510809,0.5636557209462583,106.5246997309666
lbv,1625,130.901767769,0.5543333685580101,136.47647806803386
lbv,1626,141.101847513,0.5352801367557248,139.862194554946
lbv,1627,151.644156652,0.6061182519968817,88.55330672918582
lbv,1628,128.09297934,0.5597377361556296,64.3312593347886
lbv,1629,115.080263089,0.6038703758777152,112.77490045884075
lbv,1630,113.436153791,0.6152749612090292,115.90012658811084
lbv,1631,151.515207573,0.607543350461561,90.896878081677
lbv,1632,184.864796125,0.5421252387600975,67.4562863817402
lbv,1633,128.821542048,0.5165902996681165,120.58780529545804
lbv,1634,118.13311702,0.5409964102965135,118.50412585688574
lbv,1635,109.004099578,0.6423570386698989,63.549482128666895
lbv,1636,107.0468433,0.6854394239348334,28.909806823730467
lbv,1637,141.757053609,0.6358797083150094,34.900064086914064
lbv,1638,151.686401966,0.5560890999707309,114.59715740727442
lbv,1639,119.321312211,0.5548395589487441,117.98289962469363
lbv,1640,112.66664379,0.5697562186806291,112.51341337316178
lbv,1641,149.564242421,0.6159843088027076,149.4968898997587
lbv,1642,136.299262648,0.6427117608972894,135.95362225700828
lbv,1643,122.383017799,0.6216933297140951,121.62908109777115
lbv,1644,117.491248223,0.5993304064399317,89.07321394378063
lbv,1645,123.152239618,0.6142097206615466,59.64263024423637
lbv,1646,116.129575791,0.5635098906450493,55.99646639356426
lbv,1647,123.293178833,0.5859135011727897,49.74573459999234
lbv,1648,137.430157006,0.6405549645423888,31.253888298483457
lbv,1649,143.088483226,0.6667309051904922,71.10274290197034
lbv,1650,131.909425138,0.598621022936545,118.76503502340879
lbv,1651,153.130811133,0.5877294903811144,153.14447524126837
lbv,1652,156.209538837,0.6222762375974807,81.52086409026501
lbv,1653,134.803187579,0.6622913479804993,54.694511862362134
lbv,1654,123.402070377,0.575795509085256,118.2441775452857
lbv,1655,119.845539246,0.5854025640259122,119.54645969166475
lbv,1656,126.724553555,0.527170899147521,130.48541322595935
lbv,1657,139.053342896,0.5233692715042515,138.55948040532127
lbv,1658,111.708702046,0.542739600508134,109.91008994906556
lbv,1659,114.25128866,0.5246794008806851,115.90054964551739
lbv,1660,112.105367459,0.5037424959399381,111.21256881414675
lbv,1661,122.435897079,0.5128190804172207,96.36695427988089
lbv,1662,127.258912086,0.5557831052347277,36.723655162138094
lbv,1663,140.148509675,0.5834964853580867,27.86838947370941
lbv,1664,127.252296427,0.5622691403253042,116.94307388604857
lbv,1665,114.324688868,0.5495210424479512,75.0103577856924
lbv,1666,122.120541864,0.5280798707829149,63.550509194766775
lbv,1667,219.423173871,0.5967778365197192,136.216801033768
lbv,1668,210.334982038,0.5634199289480845,97.66967028449562
lbv,1669,144.534517675,0.557349721740063,34.64033265955308
lbv,1670,125.309350476,0.5879868156839124,26.305862516515397
lbv,1671,137.899671081,0.6127919942992074,45.579535091624535
lbv,1672,133.616317343,0.6409346871078015,37.50553101184322
lbv,1673,145.478680591,0.6553482125634733,59.904705421597356
lbv,1674,129.32375081,0.651015043258667,26.045553169998467
lbv,1675,124.857830438,0.6819430589675903,36.72429324879366
lbv,1676,149.999594178,0.6462417958426648,35.6824670829025
lbv,1677,164.465781971,0.681013112801772,16.929667454139857
lbv,1678,153.248806616,0.6031224862123147,50.78907686121324
lbv,1679,159.53446333,0.5280461140100469,94.28533989401426
lbv,1680,183.094651712,0.5337579512150488,111.4756690530216
lbv,1681,180.392766312,0.5153818606813519,180.23644154866534
lbv,1682,165.491669569,0.5266009348340834,165.91145944034352
lbv,1683,155.970600896,0.5308831092621047,156.53518422444662
lbv,1684,177.65687128,0.5423854431713062,164.34908130122167
lbv,1685,180.352368598,0.5834598232464618,86.47221449309704
lbv,1686,188.758270105,0.5168341638931193,157.05668909409468
lbv,1687,169.537063333,0.5526293593208965,106.7882568359375
lbv,1688,168.213903029,0.5588693191115702,168.25687199012904
lbv,1689,193.016941822,0.5529897459893239,197.42860197179456
lbv,1690,124.994245771,0.5424571432125794,122.67684371050666
lbv,1691,121.30807429,0.5506352488728088,86.2124895881204
lbv,1692,133.658969877,0.5347837038578526,80.7429661470301
lbv,1693,162.214406995,0.5570354539019461,34.12047980813419
lbv,1694,213.589235606,0.5939770495252951,58.3435318292356
lbv,1695,169.07225163,0.6438627977765912,116.42673519358917
lbv,1696,177.085946452,0.6401949418339753,53.91580002728631
lbv,1697,160.085710203,0.60957703060574,35.16253886503332
lbv,1698,210.652904155,0.6066153505702078,126.58519152473
lbv,1699,200.598014278,0.6151388785910846,77.87864176432292
lbv,1700,206.324525658,0.6075453324751421,11.460393987917431
lbv,1701,167.708046625,0.5493335657119752,65.11588541666667
lbv,1702,144.745174185,0.6292286878046782,53.91591581456802
lbv,1703,161.000818163,0.616504339672995,73.45063763786764
lbv,1704,196.342458991,0.5725461614996853,82.56673024495444
lbv,1705,206.388249168,0.52869839638943,148.2032127529967
lbv,1706,189.537569691,0.5259904053078189,121.3754736806832
lbv,1707,199.302457938,0.6246554154460713,61.46911537320007
lbv,1708,196.590491538,0.6966572581110775,9.637107071222044
lbv,1709,179.59182546,0.5882839131098921,24.222933930041744
lbv,1710,146.128915808,0.5030625215648898,88.03590973498775
lbv,1711,136.779542078,0.5069980394165471,138.04445827708525
lbv,1712,125.577520397,0.5203823327268445,124.24002963795381
lbv,1713,122.219913777,0.5183282576581484,121.11447861615349
lbv,1714,140.548778352,0.5092437278444522,139.34669180477368
lbv,1715,177.408186808,0.5139695278791974,179.4575350593118
lbv,1716,208.563399267,0.4888155078401371,127.62582217945771
lbv,1717,246.420981915,0.5481540975977459,54.95726614559398
lbv,1718,276.881725252,0.4994112545793707,42.976045047535614
lbv,1719,232.342496773,0.3315765266479165,112.51896119959214
lbv,1720,201.856134216,0.3163590133190155,17.71131591796875
lbv,1721,182.312857352,0.4157432837145668,91.16134912827435
lbv,1722,209.73368678,0.49808490158358465,151.32784962373623
lbv,1723,225.419860286,0.5389373384503758,221.3919608022652
lbv,1724,241.550268823,0.5879201657420468,241.96863104128366
lbv,1725,192.437386905,0.6078774026363571,135.17967831480735
lbv,1726,201.308822666,0.605744715493459,162.52833715700635
lbv,1727,179.395167079,0.6280774206709651,88.81766560872397
lbv,1728,199.278662324,0.6845646900852232,71.36679878982844
lbv,1729,235.660505445,0.6621182324719189,182.06356955135567
lbv,1730,237.418095007,0.6631980666320951,145.59884592692057
lbv,1731,209.158558992,0.6426848265458438,154.71520601160387
lbv,1732,160.681563097,0.6051823014540296,125.54345026951209
lbv,1733,165.000970385,0.5899540435149673,163.83176769181793
lbv,1734,169.186489099,0.6114674230910236,167.73890799728096
lbv,1735,184.628426848,0.5948783309119088,182.32509179208793
lbv,1736,171.06349523,0.6146439311129076,168.7811533310834
lbv,1737,164.694665872,0.6245664032939044,168.52081346698836
lbv,1738,168.006253732,0.6137947256608708,170.8651876412186
lbv,1739,214.670278748,0.6134850749032413,209.41426212086398
lbv,1740,158.370321232,0.6102441893342664,70.84660791135302
lbv,1741,186.286288533,0.6172072238587806,141.17227400237437
lbv,1742,163.708273919,0.657803752904485,163.57232393750957
lbv,1743,158.611814619,0.6399872882498636,159.40482707304116
lbv,1744,160.455225786,0.6080227067221456,157.0607037712546
lbv,1745,171.302656844,0.6195465666775365,168.26077518837124
lbv,1746,150.504588992,0.5670847707904901,151.59101122687844
lbv,1747,145.239663196,0.5952137091292038,145.60035307641124
lbv,1748,165.152628859,0.5814238230844861,158.36324217553232
lbv,1749,169.227740584,0.6581691711275409,62.772361605775124
lbv,1750,172.177709833,0.662493442495664,78.13991154689414
lbv,1751,160.592215419,0.6689348816871643,58.60495174632353
lbv,1752,167.83161587,0.6741250093572693,70.58640854779412
lbv,1753,158.593788037,0.6590909361839294,69.02360983455883
lbv,1754,172.901490317,0.6511173924242241,71.88871576645795
lbv,1755,178.583644945,0.6227352689294253,79.70262307559742
lbv,1756,155.055391232,0.6140992385177796,53.91643874224494
lbv,1757,158.934330568,0.613994296491146,52.093148534438185
lbv,1758,165.224040558,0.625547343138921,61.46994081384996
lbv,1759,183.345527705,0.6525799941943692,85.17235921223958
lbv,1760,182.511214568,0.593516537336388,154.71678529627184
lbv,1761,204.131616156,0.6520720166899615,138.30740859087774
lbv,1762,207.984535282,0.626433493004953,143.51650276932062
lbv,1763,218.710603611,0.6335746389196579,86.47451291551776
lbv,1764,157.025076358,0.5533299476976888,65.37668738271675
lbv,1765,126.363984832,0.5987171884341342,85.17193352194394
lbv,1766,111.249596748,0.5734602998507738,73.71135885201248
lbv,1767,132.100376015,0.6303597454556482,129.97152446672027
lbv,1768,160.332719773,0.6087468160369035,156.53874601476332
lbv,1769,157.140455977,0.5906472945062897,165.13389844707416
lbv,1770,106.829152003,0.6361602819109538,108.0923761106005
lbv,1771,96.7127263204,0.6283756032507254,98.45518556482652
lbv,1772,99.7710102868,0.5797927012455832,101.05975120394837
lbv,1773,138.254662528,0.5906461182681993,135.96184207691866
lbv,1774,160.611973918,0.5867706814227237,158.62218888226678
lbv,1775,176.159029716,0.6532534804749995,97.93431561039944
lbv,1776,180.033474521,0.6280862789936166,98.45523319618374
lbv,1777,194.296927092,0.6009835528500508,90.1203395170324
lbv,1778,203.08094673,0.6447407215833664,104.18540329278684
lbv,1779,198.101908823,0.6786003031427897,82.04609467749502
lbv,1780,184.660440772,0.6266751812953575,66.4182986091165
lbv,1781,195.270546004,0.6752114885882156,76.05559043136297
lbv,1782,194.937604417,0.5919420315738867,68.50221309287875
lbv,1783,173.585458608,0.6428329348564148,45.06045813466989
lbv,1784,158.64520454,0.6044155576409804,106.53029234643074
lbv,1785,193.220071531,0.6274078886799908,142.99555376838236
lbv,1786,224.465112068,0.6249584223853419,135.7027666877298
lbv,1787,221.239945939,0.6276240608260085,160.96818772858265
lbv,1788,242.243385584,0.6220668331432012,150.81021456250957
lbv,1789,229.623928654,0.49744436253766794,99.75890027214498
lbv,1790,238.479979386,0.42393919258175006,129.97313977409812
lbv,1791,226.523174291,0.49385624594811883,211.23908305448643
lbv,1792,203.273482777,0.6031606549308413,136.74556507783777
lbv,1793,203.231976863,0.5132005133786085,169.82508589800668
lbv,1794,183.786459191,0.5450616461693207,180.24369596593522
lbv,1795,148.331767318,0.5659180832204044,147.42472013585711
lbv,1796,218.121018058,0.5449456466947284,182.3274984920726
lbv,1797,168.80396534,0.5603403135752066,81.26602406221278
lbv,1798,147.99907415,0.5522412165917986,47.66561656278723
lbv,1799,149.794534081,0.5830870609025697,96.37304373348461
lbv,1800,134.819183239,0.5630727882655163,110.43820881563076
lbv,1801,153.50918626,0.5831146978643623,99.23804186652688
lbv,1802,172.130834212,0.6384433191942882,21.618771182789523
lbv,1803,179.213163768,0.6405313547621382,24.48385955212163
lbv,1804,183.968206044,0.6304458142681555,45.842023303462014
lbv,1805,193.278913006,0.5784526792676167,59.64661592969707
lbv,1806,176.852528157,0.5658873359758657,104.44651205025467
lbv,1807,157.207998307,0.5894269279980872,87.77659370571959
lbv,1808,163.364336963,0.5795172948361663,101.8415121340284
lbv,1809,157.116752163,0.6019903303317304,27.6091703527114
lbv,1810,134.262409287,0.5691852092742921,10.418530931659772
lbv,1811,135.311651582,0.5516261458396912,9.376677030675552
lbv,1812,143.556356929,0.6155932593537143,64.85513853185317
lbv,1813,139.736978042,0.6223851988415517,43.497206265318624
lbv,1814,175.316073893,0.6942902922630311,23.441562787224264
lbv,1815,191.531708624,0.6465308225283058,121.11453175264246
lbv,1816,199.328839417,0.6567492455753506,121.89572691075942
lbv,1817,192.108995578,0.644370531106924,80.22189564424403
lbv,1818,192.559204274,0.6591089982539415,58.34315697165097
lbv,1819,199.194305504,0.7075773477554321,40.63177508185892
lbv,1820,180.689860201,0.6391811032492416,69.28229962517233
lbv,1821,176.104177758,0.6285402320565715,64.59398839613971
lbv,1822,117.097037662,0.6632974042611963,17.711222330729168
lbv,1823,216.238256445,0.6139547982691232,83.60723607680376
lbv,1824,196.761072975,0.6095252509217665,86.47229751886105
lbv,1825,171.439106038,0.692192569375038,65.63558870203354
lbv,1826,164.789561778,0.6595380512470939,61.72864532470703
lbv,1827,178.348780059,0.6973729007171863,42.975670758415674
lbv,1828,216.402913519,0.6931544041288072,35.943301032571235
lbv,1829,259.463001426,0.6828335845320794,62.24963139552696
lbv,1830,205.677306544,0.6605713403586186,68.76107025146484
lbv,1831,237.318321797,0.625197278339645,122.67578663545497
lbv,1832,178.78165047,0.6676841378211975,0.2604578055587469
lbv,1833,254.445134873,0.6193960298751962,90.63952502082377
lbv,1834,214.950263361,0.5722010130375887,88.29548061595243
lbv,1835,282.775856454,0.6918412587329154,85.16985467648972
lbv,1836,280.331711435,0.6719569879180335,76.31442266726026
lbv,1837,241.761060822,0.6075202226638794,35.422509765625
lbv,1838,253.011760852,0.6751667374656314,5.469656162635953
lbv,1839,247.149387768,0.6904078776186162,45.84097397748162
lbv,1840,245.475659329,0.5845656121571859,97.67253247429343
lbv,1841,249.010193517,0.6577792468717544,76.83581587847542
lbv,1842,257.884180323,0.5867765592936738,115.38401938045725
lbv,1843,251.241524224,0.6260709669954496,103.92384858972886
lbv,1844,259.976971624,0.6440438895974011,192.48080740535963
lbv,1845,260.453826888,0.6781497479134749,95.58929703656364
lbv,1846,305.112773609,0.6315472951889037,162.78820501589306
lbv,1847,287.607762759,0.6637146475918609,103.92422637939453
lbv,1848,306.46404999,0.6438805901206082,120.59380053351906
lbv,1849,357.108708946,0.6434325149044786,128.40763217701632
lbv,1850,441.999778259,0.6400395767077018,237.5413283404182
lbv,1851,421.555284459,0.6237386425285193,202.90001986634496
lbv,1852,396.301005113,0.629743444881214,242.7511147592582
lbv,1853,388.09889985,0.6469184247926735,226.60256374583523
lbv,1854,312.786785503,0.5992034292518655,177.37543487548828
lbv,1855,296.709789965,0.5300562111906303,167.99903468711702
lbv,1856,355.316378661,0.5829097388945904,176.8547467699238
lbv,1857,364.077851759,0.5612091177373852,227.12428029378256
lbv,1858,361.589151505,0.608172812756298,151.85032830331838
lbv,1859,303.034621093,0.553959638088733,111.73902369480507
lbv,1860,236.926156966,0.5482681404330773,43.497445259842216
lbv,1861,328.289615069,0.6242942086453569,133.87826756496054
lbv,1862,297.223519682,0.576513970029584,94.54851169960172
lbv,1863,235.299251464,0.5229321480968953,106.00909773882698
lbv,1864,279.404903231,0.5160987586017668,132.31596769445082
lbv,1865,249.057495696,0.5800491007871198,138.56697618073107
lbv,1866,248.265547341,0.6435134777222401,110.17636988022748
lbv,1867,254.449978679,0.6381629473410998,77.61832514744178
lbv,1868,254.956769792,0.6683250709690831,45.84164584290748
lbv,1869,295.10652901,0.674530894612547,51.832315063476564
lbv,1870,332.64578684,0.6168513533651319,121.89708416508694
lbv,1871,313.246661908,0.6015590527494656,112.25978707706228
lbv,1872,313.760496496,0.5919162012032007,189.35649330288757
lbv,1873,401.17098301,0.6227023154095498,193.26308225743907
lbv,1874,387.970087806,0.6297090943678684,255.51354343189917
lbv,1875,338.754268487,0.6232904983229107,234.41638638365498
lbv,1876,312.567479873,0.621513275543551,208.63066941803578
lbv,1877,357.841105363,0.6304492305971438,269.3184341131472
lbv,1878,404.333361034,0.6462928334526394,299.532190061083
lbv,1879,433.290921197,0.661010835769418,295.62513673071766
lbv,1880,409.881212826,0.6695727604067222,213.31879796046837
lbv,1881,384.834858521,0.6373771973978621,221.653954300226
lbv,1882,393.139449779,0.6031338259915824,298.49067879471124
lbv,1883,431.458740337,0.6221589682291646,268.7982488295611
lbv,1884,454.251676383,0.6235417722951155,220.35204814836092
lbv,1885,557.17251487,0.613850858844626,356.0527226167567
lbv,1886,521.637971612,0.6192107227004944,317.7647783167222
lbv,1887,526.118641097,0.6312439065337588,228.94666412951895
lbv,1888,592.277087288,0.6051221397823979,249.52350015079273
lbv,1889,644.019902051,0.6095510039253167,292.7604533176797
lbv,1890,374.682846916,0.5831991761105317,104.44628660912608
lbv,1891,349.433147588,0.6426894945757731,54.69766594381894
lbv,1892,356.006993604,0.5816504137497149,98.71627319934319
lbv,1893,331.237395667,0.5768379201280309,85.69304992077399
lbv,1894,340.539580798,0.6059848691106225,81.00477818507774
lbv,1895,331.63457305,0.553933662318048,87.51642527860753
lbv,1896,340.856338404,0.577051055499877,45.321079388786764
lbv,1897,339.649940266,0.5906124635825775,82.56771359911151
lbv,1898,328.71380071,0.5179788034383943,76.57695809158625
lbv,1899,303.142470246,0.5118534564971924,33.86063878676471
lbv,1900,374.012175672,0.5164081859588622,13.023307022393919
lbv,1901,326.750238532,0.5406982246567222,22.13962635713465
lbv,1902,323.433702216,0.5682915451366511,69.8050702861711
lbv,1903,328.787772449,0.5391383890732093,56.521237691243485
lbv,1904,330.665114564,0.5120053162057716,21.618638551001453
lbv,1905,330.923317014,0.5785967161258062,18.753647359212238
lbv,1906,324.158303095,0.5724245129891162,55.21907815372243
lbv,1907,335.747943565,0.532873627017526,79.70298420027189
lbv,1908,327.903328164,0.619761774414464,29.69332903693704
lbv,1909,337.073150043,0.601226949271794,96.11261497946346
lbv,1910,357.501973133,0.582186519437366,93.7683599135455
lbv,1911,491.784644427,0.6776968720432831,228.169448224236
lbv,1912,529.543580517,0.6408222315715397,313.6031466914159
lbv,1913,565.612968987,0.664148468082234,368.8227462768555
lbv,1914,560.892591588,0.6423944759616818,450.8709266812193
lbv,1915,387.791550043,0.6218743674790682,174.51416189156328
lbv,1916,332.805605947,0.5145942103190181,133.88142694211473
lbv,1917,354.745378606,0.4711894703550814,135.96530106488393
lbv,1918,350.713674093,0.45233441604657115,92.7273556578393
lbv,1919,370.095619842,0.49110097545523973,112.00228229597502
lbv,1920,402.092374654,0.5183253039422614,131.01666920979815
lbv,1921,310.411621331,0.5641173124313354,28.651757333792894
lbv,1922,326.595585017,0.4362143306249983,115.90985783595664
lbv,1923,509.894691311,0.42963381029056047,296.1571711521522
lbv,1924,274.78822205,0.2734426259994507,2.6047234628714766
lbv,1925,292.037299651,0.3171012055873871,6.511808657178691
lbv,1926,329.474842538,0.37476531664530444,32.03809859331916
lbv,1927,357.097063176,0.4688110947608947,61.21092143339269
lbv,1928,368.760406803,0.47268103696246,121.37981986251532
lbv,1929,365.749804003,0.4894916608121043,134.40329580867993
lbv,1930,376.683582141,0.5253413230415404,99.23960041719323
lbv,1931,393.937375389,0.5632994386589548,151.8546225155101
lbv,1932,422.136090403,0.5269799526928425,216.97214932909202
lbv,1933,364.737497885,0.4950512565712818,144.04011194565715
lbv,1934,339.453582747,0.4681948340747912,88.29940032958984
lbv,1935,297.026725719,0.4313178993150836,31.77730620141123
lbv,1936,285.688401157,0.4409421266579048,53.396140753054155
lbv,1937,270.986674429,0.3608565338900392,55.47989469042011
lbv,1938,254.994155667,0.3577167946406362,86.21511957505169
lbv,1939,241.442301257,0.3263108174909245,5.730311494715073
lbv,1940,255.375179436,0.2662028670310974,20.576991541245405
lbv,1941,248.400892097,0.4982042778283357,8.334952500287224
lbv,1942,243.323596838,0.29883137345314026,2.344206148035386
lbv,1943,297.890384083,0.6196724002177899,33.86063782935049
lbv,1944,275.553240354,0.7227672934532166,3.646523628982843
lbv,1945,269.95102936,0.5484745502471924,2.0837241976868874
lbv,1946,303.816710731,0.3859243243932724,26.04650759229473
lbv,1947,657.260449622,0.4337719427457209,341.4693438361673
lbv,1948,513.820262243,0.4532994805655864,251.60852643181298
lbv,1949,346.672524207,0.4237868014176687,97.67394528856464
lbv,1950,321.51293619,0.387224615627044,77.0971586040422
lbv,1951,300.353446562,0.340044112936143,40.37175406661688
lbv,1952,313.921379722,0.37064366406056937,42.71587440640319
lbv,1953,260.472695364,0.7039155599835155,23.702067416321995
lbv,1954,266.994611435,0.6647317321944576,54.957448921951595
lbv,1955,249.274427139,0.5750345587730408,65.89674072265625
lbv,1956,253.433654904,,0.0
lbv,1957,245.275953364,0.6714826822280884,9.637039543600643
lbv,1958,253.160110066,0.5879161290719476,55.4780049941119
lbv,1959,253.641703337,0.5873639167873723,40.892178973029644
lbv,1960,261.008882456,0.5484100790887043,45.319917117848114
lbv,1961,247.87282089,0.5373312969207763,32.55736796061198
lbv,1962,250.443252743,0.6476903280791114,44.27798087924134
lbv,1963,254.510815629,0.6036385884103568,47.924338097665824
lbv,1964,253.192117281,0.6194895746102973,34.90140473608877
lbv,1965,258.337746734,0.6775060557030342,48.18467547846775
lbv,1966,283.253852134,0.6776498640194916,81.26273974250344
lbv,1967,322.371484585,0.609550285609813,149.24197597129674
lbv,1968,418.243469939,0.5809566749220935,224.513199151731
lbv,1969,594.512762485,0.5232845980036188,390.943474743413
lbv,1970,499.384883437,0.5365662213637313,279.20771227069923
lbv,1971,404.54281344,0.6010859525458175,158.61689617680568
lbv,1972,329.543372378,0.6253401721503175,91.94062000349456
lbv,1973,314.456969131,0.6120710069090542,93.50323405546301
lbv,1974,361.879596025,0.566561052396396,132.57115478515627
lbv,1975,427.613468386,0.5733591352718884,192.9961125691732
lbv,1976,445.821416066,0.5758825905991894,230.24078046013327
lbv,1977,446.928152902,0.6143789534137842,221.90589713302313
lbv,1978,455.131096863,0.6370404203637289,216.69659968357456
lbv,1979,516.178764815,0.6212041255740155,262.7963827095779
lbv,1980,531.417136583,0.604455572235427,295.61296216179335
lbv,1981,561.293902634,0.5908722371264735,328.4296390608245
lbv,1982,814.544014644,0.6017382941794712,629.2503814098883
lbv,1983,638.031185654,0.623485867390557,410.21049601236984
lbv,1984,497.482734244,0.6080801678022708,301.8626783183976
lbv,1985,494.920408144,0.6021039824505778,279.46379675771675
lbv,1986,569.552232859,0.6201063887346038,351.0871948242187
lbv,1987,620.736900197,0.6189812090278973,405.5211656159045
lbv,1988,514.548561289,0.6095893138716387,268.78465408624385
lbv,1989,595.368143446,0.6956010050769321,288.83893504423247
lbv,1990,579.492585292,0.6800032573922835,299.77773611031324
lbv,1991,523.692519745,0.6230521895984371,295.0898052140778
lbv,1992,480.416553501,0.6553476236478233,178.6684153837316
lbv,1993,381.938481204,0.6666533755233397,97.14764936858532
lbv,1994,287.506127818,0.5019940908811267,67.45670776367187
lbv,1995,422.100824269,0.5567047714770257,186.2215300915288
lbv,1996,444.26209964,0.5881185562107036,157.83222988353057
lbv,1997,447.213102721,0.6761188729931076,145.5906961179247
lbv,1998,449.093093546,0.6468069685545773,182.053483431947
lbv,1999,464.489235055,0.6792025393186577,152.6226184620577
lbv,2000,470.094423887,0.6529885502615032,175.54190263935166
lbv,2001,437.495674459,0.659633720999285,152.62221568986482
lbv,2002,393.685825129,0.6320807716831149,121.62890280929267
lbv,2003,352.490997937,0.6538680812517801,97.66760702694162
lbv,2004,310.337513949,0.6453858468738304,51.308076207778036
lbv,2005,293.682816234,0.6697803391350643,35.16028472302007
lbv,2006,347.080529115,0.6726513733951058,85.42640416762409
lbv,2007,397.475238807,0.6485831777945809,149.75646811092602
lbv,2008,383.825682463,0.6318733960213746,132.04592668121938
lbv,2009,392.606499268,0.6475063806091905,152.88149255490774
lbv,2010,351.922833039,0.6636239044368265,125.01366472431256
lbv,2011,274.263910942,0.5951372387488025,63.02785782159544
lbv,2012,334.726940203,0.6163484576470688,159.9132704192517
lbv,2013,350.438634423,0.6278240092855312,151.31829537784353
lbv,2014,392.6964921,0.6638792173355412,172.6743617338293
lbv,2015,381.687740121,0.6709128951380967,163.55855410706766
lbv,2016,293.25815404,0.6697161390773976,83.60240933287378
lbv,2017,242.886604254,0.6235167042662699,75.00769473805147
lbv,2018,400.781843065,0.6124252003329071,258.0988679175283
lbv,2019,413.412572426,0.6124545233926011,237.78393072988476
lbv,2020,371.254433259,0.6075765930004973,174.49609180525238
lbv,2021,349.837272313,0.5788104911108275,144.54501884310852
lbv,2022,265.080846069,0.5487613116993623,30.992527770996094
lbv,2023,280.190891443,0.508887679874897,5.208813386804918
lbv,2024,446.842905795,0.5319948912822371,161.21283775778375
lbv,2025,485.414823017,0.5417443672701114,225.28091774734796
lbv,2026,487.470465223,0.5466968723787712,270.85746340284163
lbv,2027,518.543908714,0.538170478041445,293.51502900965073
lbv,2028,532.593600984,0.5090110751522914,292.9934254066617
lbv,2029,513.206990716,0.5164846799895977,240.1240989834655
lbv,2030,462.407971685,0.49628808956038095,241.16528933655982
lbv,2031,493.833149122,0.5123458729786241,243.76942407944622
lbv,2032,510.194526147,0.5351283342956187,236.9977657243317
lbv,2033,525.837977933,0.531590115855035,303.1483933691885
lbv,2034,529.83234335,0.5214433115649714,240.38259935566018
lbv,2035,517.151969544,0.5333359151674986,230.74647486069625
lbv,2036,457.862189204,0.5583377380344824,189.07668095009
lbv,2037,527.978689122,0.534824413877811,254.70622346167468
lbv,2038,530.972750328,0.5264522799311857,217.9846082500383
lbv,2039,509.597746268,0.5246795892060457,236.99596764059626
lbv,2040,527.68848507,0.5411198132700149,286.9992270076977
lbv,2041,669.161328293,0.5366460030580726,332.83485960118907
lbv,2042,694.256768996,0.5478630525987805,413.82942322375743
lbv,2043,680.351622049,0.5469965368179782,423.98567364262595
lbv,2044,755.616274034,0.5490677869193769,492.2186302933038
lbv,2045,801.094379234,0.525217261106446,625.559465116613
lbv,2046,792.433056871,0.5235231989050565,570.3468676697975
lbv,2047,782.81982296,0.5526436698748434,527.8957664938534
lbv,2048,803.215819555,0.5648742845988228,530.2393286013136
lbv,2049,840.318534008,0.5824266387498176,597.1703324561026
lbv,2050,574.086543457,0.5734576793789222,339.3421823239794
lbv,2051,556.389057941,0.5677941263532964,382.83359841739434
lbv,2052,594.553968647,0.5643073194404518,407.8342657650219
lbv,2053,508.076211146,0.5749695827261493,291.16085432464007
lbv,2054,470.578560566,0.5904242937425966,214.5941056793811
lbv,2055,495.439914503,0.6059940049251777,241.15756590600108
lbv,2056,513.022058278,0.5989859001315598,288.29476327335135
lbv,2057,475.468929997,0.5910817011967525,260.68892831241385
lbv,2058,412.853734921,0.587062339226787,216.67611466950063
lbv,2059,427.525917843,0.5967221011556322,239.85378711176855
lbv,2060,476.80313256,0.6038229178964047,222.66527557373047
lbv,2061,534.409453196,0.6045193702550395,314.33505643956806
lbv,2062,500.639351295,0.5923929705307902,290.63578090293737
lbv,2063,437.470535932,0.6160116158529003,188.02751336191213
lbv,2064,416.135443997,0.6120760434188928,116.93114010679957
lbv,2065,313.410709358,0.6502238869667054,2.604249991622625
lbv,2066,400.264036323,0.5937358379581946,142.45255683450137
lbv,2067,479.385849689,0.6058978490692248,180.9954886342965
lbv,2068,495.52502866,0.5922488044614292,253.39318907494638
lbv,2069,484.44586768,0.5844983087799491,246.62195258047063
lbv,2070,477.737580347,0.5791934028970009,248.70502002192478
lbv,2071,471.154239204,0.5555828365097084,259.3819734760359
lbv,2072,460.185835123,0.5289940227206065,222.92255784577014
lbv,2073,462.58594489,0.5333428568728676,189.58817102768842
lbv,2074,437.166183778,0.5408515673315986,188.5461213654163
lbv,2075,404.194459291,0.5368301143730264,177.34770633473116
lbv,2076,292.619682494,0.6442981078511193,10.937718649471508
lbv,2077,338.526401064,0.5811961550506757,72.39731226902381
lbv,2078,444.331983707,0.548866327111247,180.7330918255974
lbv,2079,457.474158057,0.5432663739531366,251.04677103080002
lbv,2080,531.170425879,0.5582105438229588,262.76566401462924
lbv,2081,633.226699433,0.5610579844068199,367.71432142070694
lbv,2082,579.432712044,0.5490277231275459,376.56864088469865
lbv,2083,533.833636237,0.5545050650560615,282.8176949295343
lbv,2084,520.721702346,0.5489233721142412,266.1505945542279
lbv,2085,450.895141596,0.5594461257918278,198.18064401663986
lbv,2086,423.275187023,0.5468512744393023,250.52486497467635
lbv,2087,299.456662499,0.5484850268559721,88.80326179055605
lbv,2088,442.718594166,0.5491155084633128,257.5562502393536
lbv,2089,476.976890188,0.5252223561921405,253.64982811422908
lbv,2090,492.024464185,0.5216608899809656,280.73381616929004
lbv,2091,497.233366724,0.5282525130444101,243.75425253475413
lbv,2092,478.743852544,0.5316982364689551,177.3470604690851
lbv,2093,433.820175808,0.5302616506814957,137.5025670070274
lbv,2094,466.707013454,0.541507835625208,178.12830242082185
lbv,2095,359.215028769,0.5883567410966626,71.87620747884115
lbv,2096,477.701424666,0.5658993644393839,220.83737637388938
lbv,2097,487.412965576,0.560580259419315,240.108568797392
lbv,2098,489.616555115,0.5579388731167594,262.24440104166666
lbv,2099,507.547029902,0.5780052856984901,290.8907666973039
lbv,2100,486.893427441,0.5824146099497883,301.82850509344365
lbv,2101,592.757151324,0.566905397101892,394.01821645100915
lbv,2102,479.792421398,0.5528014058249506,211.20229587928924
lbv,2103,436.159310654,0.5532966654058624,187.2433650297277
lbv,2104,430.581253023,0.5267771395441587,189.06634518492456
lbv,2105,416.422324363,0.5154605634930701,189.3268686331955
lbv,2106,391.046737557,0.5383534762538782,154.95111454982384
lbv,2107,363.406621935,0.5499756814279433,138.8049040850471
lbv,2108,280.586254649,0.6177642609360473,70.5741683361577
lbv,2109,273.631060315,0.593671747566661,66.92814384909238
lbv,2110,273.984741941,0.6265093306700389,46.875764734604786
lbv,2111,270.30581842,0.602290159522128,79.949230149213
lbv,2112,253.868322469,0.5936947803605687,22.91705304314108
lbv,2113,249.162272926,0.6336517273592003,59.11565641515395
lbv,2114,249.677146519,0.5882150083780289,18.750341078814337
lbv,2115,242.712625781,0.5920080471669,59.11576508166743
lbv,2116,256.160188705,0.5501859235343429,59.11579021379059
lbv,2117,253.917146535,0.6972916722297668,2.0833785711550243
lbv,2118,244.339591439,0.48903745412826544,1.562533030790441
lbv,2119,252.936631511,0.6271292279506552,7.552271554984298
lbv,2120,262.933781664,0.6012461047241652,17.96923418232039
lbv,2121,275.134103949,0.5602797954640489,24.479805561140473
lbv,2122,277.769649371,0.6226719858184938,16.146288105085784
lbv,2123,261.274998306,0.5274296503317983,49.480669956581266
lbv,2124,260.772131817,0.52366042137146,15.88590031044156
lbv,2125,248.330979256,,0.0
lbv,2126,250.541417756,0.3702514965723201,42.70985789579504
lbv,2127,260.179687653,0.4315749157201216,51.303989096248856
lbv,2128,260.49149315,0.6562173881773221,30.730319393382352
lbv,2129,272.376516306,0.423669146421628,10.156672129911534
lbv,2130,293.899375427,0.42061489216889003,82.29516948625152
lbv,2131,268.272342649,0.4872432145334426,43.75190594243068
lbv,2132,253.560885587,0.45252849318729793,163.02858874751072
lbv,2133,243.968742162,0.4773553356357004,45.31464215446921
lbv,2134,233.650769172,0.45542988475458124,21.094777185776657
lbv,2135,224.365998027,0.4966829332709312,26.042990591011797
lbv,2136,241.804144537,0.5062865697675281,84.3793223960727
lbv,2137,241.760864099,0.5272385409074044,69.79530169917088
lbv,2138,219.539179935,0.53434312636735,79.43135528564453
lbv,2139,222.497473598,0.5323349607657202,41.92942041135302
lbv,2140,226.983223405,0.5658416132132212,31.25179111256319
lbv,2141,213.544354406,0.586082720145201,50.7841931511374
lbv,2142,228.295555199,0.5973556720144381,32.03317197911879
lbv,2143,258.365985567,0.6015216357780224,85.94269696403953
lbv,2144,283.246602373,0.5991199160846347,106.51701821719898
lbv,2145,239.45431767,0.6222130864675791,42.45057175580193
lbv,2146,238.853792591,0.6771935446203248,63.02484543744255
lbv,2147,234.43783563,0.7259322982425838,33.595941162109376
lbv,2148,214.133274402,0.6546774049744988,71.35883124856389
lbv,2149,230.63988881,0.6730564948506829,54.95157919491038
lbv,2150,234.377479159,0.5875477565794575,102.09019658705768
lbv,2151,222.714394205,0.660105359327944,82.29732540355009
lbv,2152,220.182279524,0.6351898967380255,55.472650116565184
lbv,2153,247.243366229,0.6557400416820607,73.44276562859031
lbv,2154,311.759375364,0.6896470881683725,147.927485148112
lbv,2155,385.379212457,0.7058097881147231,226.5794610416188
lbv,2156,425.100829823,0.7624609710225156,258.8739764045267
lbv,2157,463.755669283,0.7774009470500656,308.35744009578934
lbv,2158,511.828744912,0.7745447932560554,362.52896587895407
lbv,2159,466.576117555,0.72580403036195,378.4160140392827
lbv,2160,369.56583641,0.7275826500856923,257.31270354027845
lbv,2161,466.177968945,0.7617441426299831,339.6117128559187
lbv,2162,348.383781609,0.7266804625852757,197.4124952727673
lbv,2163,210.345523294,0.6270290544728914,54.43177223953546
lbv,2164,204.971747115,0.6108931513852948,59.64058990478516
lbv,2165,175.381563365,0.5977212508519492,85.94498084573185
lbv,2166,201.264768464,0.6345251966808841,62.7661423627068
lbv,2167,195.670141874,0.6345784820420911,69.53765626795152
lbv,2168,183.849910448,0.660533438328983,38.284856728946465
lbv,2169,199.661712664,0.6770747521317991,69.27745905857459
lbv,2170,181.443621005,0.6770497626000709,23.700231155694702
lbv,2171,220.721260868,0.6441987145897801,84.90424415737975
lbv,2172,184.999695558,0.5937942377070791,25.26293813668045
lbv,2173,184.304025194,0.5569996592921141,88.29025080063764
lbv,2174,180.682936355,0.6250519562274852,61.20425130806717
lbv,2175,198.108490019,0.6858895369517951,42.191944735657934
lbv,2176,178.374166569,0.5955615666604811,40.36891383750766
lbv,2177,206.961184793,0.611374352855244,45.31742607565487
lbv,2178,194.256611272,0.6284684729576111,13.022266013949524
lbv,2179,202.597707707,0.5816498082131147,4.167131281834022
lbv,2180,211.194441028,0.5574797528982162,26.044628307866112
lbv,2181,230.583072207,0.580481124890817,57.819169437184044
lbv,2182,220.959134635,0.5915767421237136,88.29155865837546
lbv,2183,214.512195872,0.5817397866293649,83.60365160773783
lbv,2184,200.560497168,0.5792444164936359,74.48810604319853
lbv,2185,214.742510641,0.5587819299350183,50.0061191334444
lbv,2186,199.596946392,0.5334285083939047,22.138161902334176
lbv,2187,213.505010146,0.5720152658495036,11.459767928777955
lbv,2188,211.761740887,0.5576776654823966,53.91312848259421
lbv,2189,234.339824891,0.5627342369182999,86.46943263633578
lbv,2190,210.457543658,0.7057506583504757,15.366582025266162
lbv,2191,227.759760127,0.5874550552013887,64.85233046587776
lbv,2192,238.427098329,0.5102494192587865,60.16433482450597
lbv,2193,230.770037311,0.4914217715856259,49.225422668457036
lbv,2194,204.359573577,0.47535888671875,13.022619868259802
lbv,2195,220.701883863,0.4880820154768866,41.412032751943556
lbv,2196,235.352365812,0.4500877217677988,73.18739327823414
lbv,2197,250.694786648,0.4654016666365473,92.72151148178999
lbv,2198,244.572320251,0.4132708342846974,134.39434913186466
lbv,2199,303.227639954,0.46644143232503277,166.9512762630687
lbv,2200,625.881194173,0.5170369693398342,462.0465159098307
lbv,2201,811.297202886,0.5198365656462829,689.9451235902076
lbv,2202,913.95128189,0.52953506832056,706.6151267556583
lbv,2203,968.974807432,0.5276550239833411,820.6958230112115
lbv,2204,999.634037845,0.458317255737498,886.8537275127336
lbv,2205,979.083274673,0.5217348397994528,804.0285541310029
lbv,2206,909.465091513,0.5246679441283062,764.4400861253924
lbv,2207,796.752878476,0.5073296808684591,630.8267010258693
lbv,2208,840.397292778,0.5107794858596156,695.6812443751916
lbv,2209,919.528166798,0.5199155778424506,785.0188498702702
lbv,2210,966.957043532,0.4983947172042834,864.7200597725661
lbv,2211,992.516203789,0.48320806106541775,814.1923899033491
lbv,2212,955.612553828,0.5103376225241762,750.9015482285445
lbv,2213,949.974597659,0.5086214339051701,783.7200996847714
lbv,2214,983.263971896,0.5108006981571784,810.2877717859604
lbv,2215,972.21935349,0.5231685346423282,825.3950911578011
lbv,2216,920.6602476,0.5142365744716394,724.598187046425
lbv,2217,825.110243626,0.5223169433639603,698.8133771110984
lbv,2218,687.74375767,0.5228798713745216,507.89679379930675
lbv,2219,591.898544935,0.5847833698593848,382.09466157801006
lbv,2220,492.926075414,0.6659598798026128,332.867650050743
lbv,2221,524.625474856,0.6557447845129974,353.7047769284716
lbv,2222,508.301339905,0.7244494893626212,280.2550288780062
lbv,2223,478.405839578,0.6929100745866279,309.94801698572496
lbv,2224,446.699069439,0.722067367960425,221.3916375253715
lbv,2225,358.316327147,0.6851677922328021,142.73270894966873
lbv,2226,282.100915146,0.5273756786254035,108.87308971928616
lbv,2227,256.135516967,0.41509304724576823,34.120625275256586
lbv,2228,243.942530085,0.36813148617329083,74.75292113061045
lbv,2229,235.471977406,0.37824941612780094,37.50676466997932
lbv,2230,234.637054672,0.4322084488237606,44.27877562279795
lbv,2231,221.497501632,0.37073542496987755,29.17198797487745
lbv,2232,223.782726308,0.3846091146652515,3.386039255179611
lbv,2233,221.482843689,0.3719326407990904,30.474361374798942
lbv,2234,213.023499893,0.4055872434063962,64.33476290235332
lbv,2235,208.781695158,0.4081931087705824,93.76727070527919
lbv,2236,209.572406154,0.38390525156451816,80.7440694173177
lbv,2237,200.956038194,0.38545995950698847,65.37673405665977
lbv,2238,208.820136789,0.4451403198987757,75.79533709357767
lbv,2239,206.827163938,0.45818581847950474,89.59998611749387
lbv,2240,237.723453113,0.42095397766287973,86.7348846435547
lbv,2241,252.258403109,0.40283199512597273,51.57211196001838
lbv,2242,259.976751069,0.3892361904352398,61.46982478721469
lbv,2243,263.657109163,0.3566354590913524,65.89775217093674
lbv,2244,386.71031612,0.4794900588476473,117.46969000124464
lbv,2245,276.98375164,0.41467598913494585,77.35824064366957
lbv,2246,251.402636952,0.5237510277869853,61.20939022886987
lbv,2247,236.449593605,0.5683900252062613,49.74891521977443
lbv,2248,239.043206888,0.5850140170353214,53.39543256572648
lbv,2249,248.222703884,0.5588656431537563,138.30697999842027
lbv,2250,234.017828091,0.5551265794463474,106.0092908373066
lbv,2251,248.863031949,0.6325178093860805,50.26969457888136
lbv,2252,263.212775623,0.5893958315108586,53.655793971641394
lbv,2253,259.802813598,0.48818069343736187,44.01862565582874
lbv,2254,255.919547523,0.38171806776678413,40.11173029880898
lbv,2255,259.272760478,,0.0
lbv,2256,295.989485625,0.6004472715514046,1.823256040086933
lbv,2257,325.193236558,0.458461764819768,51.05124442904604
lbv,2258,358.773619812,0.49336000583523326,146.6420166614009
lbv,2259,292.891815907,0.4457710253671535,107.31188396379059
lbv,2260,341.90857206,0.48334171727195485,148.9862761553596
lbv,2261,346.976149662,0.48792249499903023,146.38158210305608
lbv,2262,301.265747208,0.4488451305053217,36.204740516812194
lbv,2263,306.376023387,0.42357400676299783,15.10703962737439
lbv,2264,272.359501493,0.36796801884969077,7.813993566176471
lbv,2265,263.288816585,0.3954732418060303,15.627958409926471
lbv,2266,271.4884211,0.37816697073743694,73.45140452665441
lbv,2267,253.023368596,0.46462148939364056,44.018648544012336
lbv,2268,253.082501262,0.5481716990470886,27.609250476313573
lbv,2269,239.384473839,0.28999412059783936,0.5209310494217219
lbv,2270,250.346155043,0.44976851288919095,42.195284405876606
lbv,2271,229.735764663,0.5241298079490662,22.139455159505207
lbv,2272,223.972092884,0.3328537940979004,14.586044251685049
lbv,2273,232.607554771,0.3517241716384888,50.79055684407552
lbv,2274,236.883256346,0.306973646416712,77.8788725011489
lbv,2275,234.738781168,0.26053591390674036,23.18133072198606
lbv,2276,239.592885372,0.2580922001824133,55.478869987936584
lbv,2277,250.640167561,0.24426451325416565,9.637156886680454
lbv,2278,277.768249692,0.4066064190499637,25.52537120744294
lbv,2279,284.111652153,0.4568421027076899,61.72964414708754
lbv,2280,320.450956367,0.5487133879171509,112.78007489372702
lbv,2281,328.963355412,0.47830918887761287,147.94228004006777
lbv,2282,405.014095567,0.5567265831491102,222.95495880725338
lbv,2283,451.338347224,0.5660173254836467,252.64707677504595
lbv,2284,559.090840731,0.6031788189314018,377.1467218735639
lbv,2285,383.032251884,0.553485980781261,266.7112173641429
lbv,2286,528.475968722,0.6120754454254118,315.1562912884881
lbv,2287,627.808508605,0.6412857739818544,424.2881853889016
lbv,2288,596.728448376,0.6444515915593693,394.5951775943532
lbv,2289,582.268649161,0.6538466685137759,336.2518370385264
lbv,2290,438.009286036,0.593725194180504,227.11937474269493
lbv,2291,370.971437252,0.5110633669815628,158.61852755079082
lbv,2292,486.615788015,0.6562752140645299,250.82064424402574
lbv,2293,435.441210745,0.659005949682579,170.85979470645682
lbv,2294,550.748309158,0.6374829132351781,320.8823249068915
lbv,2295,673.807640102,0.6894600331690742,335.46754790661385
lbv,2296,591.804361316,0.5723030638792876,316.4532147276636
lbv,2297,794.912504818,0.6289985871353887,558.93721890917
lbv,2298,829.989990551,0.6309465672557591,626.6544980217429
lbv,2299,804.354087968,0.6574639576527239,594.3573679306928
lbv,2300,848.975921741,0.6720592451056139,629.7779187669943
lbv,2301,827.952771358,0.6646837451206609,733.6981167961569
lbv,2302,758.863206469,0.7012647411625857,613.3682837991153
lbv,2303,848.634556792,0.6540501843937007,676.1357216928517
lbv,2304,830.43145172,0.6395429185933428,691.2409651214001
lbv,2305,790.6679582,0.6278198991978117,667.5387107101142
lbv,2306,790.298441116,0.6393075002442369,650.60857666614
lbv,2307,887.449244137,0.6534094891747101,792.8140163945217
lbv,2308,786.843323399,0.5950308526838504,649.5640261182598
lbv,2309,693.234711591,0.6088498622672707,597.4729092467065
lbv,2310,1138.38622891,0.6842501125722026,1031.9009525673066
lbv,2311,753.463185911,0.6958422628219874,528.4505260991116
lbv,2312,756.345358715,0.6186530534364795,571.4243657130822
lbv,2313,690.227510202,0.5561601974852177,471.4117696425495
lbv,2314,772.996211444,0.5061307107477709,601.1147688024187
lbv,2315,852.079863566,0.5013702447632582,549.284866213331
lbv,2316,839.96957035,0.4257207481669875,639.6606861488493
lbv,2317,723.128961534,0.4490376306392304,563.8691230923522
lbv,2318,706.580500843,0.5309264571222859,549.8034057617189
lbv,2319,678.131033485,0.5621696782642746,514.9029701083314
lbv,2320,695.61418628,0.595995591878891,533.914978206859
lbv,2321,419.356070413,0.61758337720034,185.17727140538835
lbv,2322,236.118766825,0.651120720675628,57.55855901381548
lbv,2323,260.230840042,0.6308958078187608,82.04039360495175
lbv,2324,227.607339716,0.6040926462371056,76.05000329111137
lbv,2325,276.848093924,0.5171902574990925,24.742183909696692
lbv,2326,389.675324408,0.516868203536633,113.55361097747206
lbv,2327,273.561243544,0.5616342425346375,22.919165278416052
lbv,2328,262.630934877,0.5393313453250685,245.07922330370138
lbv,2329,441.216436403,0.559726077993618,222.94146860160077
lbv,2330,472.944786417,0.4349517382421033,313.05465063955273
lbv,2331,728.216035708,0.541084508195606,493.0236261405197
lbv,2332,879.664338141,0.5597486655718998,722.9977534275429
lbv,2333,961.11692018,0.5366708416450396,774.3061176674039
lbv,2334,1023.60820062,0.4530494384241827,859.4705140955309
lbv,2335,977.78454192,0.47359830566680144,822.4906539019414
lbv,2336,944.632201425,0.46825784667214365,767.7980150708967
lbv,2337,931.596129809,0.4890664116984266,762.0688363467945
lbv,2338,970.335838447,0.534525897726866,863.6439810659372
lbv,2339,666.059932113,0.516885939469049,546.6805870804133
lbv,2340,560.904385023,0.5370510555281007,426.8750448189529
lbv,2341,505.429257097,0.5785110242615253,352.3873484892004
lbv,2342,384.574822787,0.6468557766220523,171.1152006261489
lbv,2343,252.136342701,0.5375823632221923,148.71695502786076
lbv,2344,264.395288338,0.53666528256113,193.254263754452
lbv,2345,282.044102905,0.5158682056731737,191.95228633506625
lbv,2346,278.723231303,0.5316251593681524,116.42175095502067
lbv,2347,277.389811518,0.5085304506062491,128.14233066334444
lbv,2348,313.919759482,0.5407294837609391,169.81481122783583
lbv,2349,354.245299459,0.6121083674177659,147.15565281288298
lbv,2350,339.128266181,0.5950441034067245,76.57320664349724
lbv,2351,353.203543579,0.5665741008818704,140.38452094582954
lbv,2352,435.051014252,0.5798498152809987,177.1088781917796
lbv,2353,458.273920169,0.5671456992755484,240.13921598546645
lbv,2354,393.232118992,0.6093855933940159,183.62082031848382
lbv,2355,262.189135985,0.6338914915135032,19.794597969803156
lbv,2356,266.863163702,,0.0
lbv,2357,261.355277376,,0.0
lbv,2358,272.553527506,0.676214640790766,8.59506306367762
lbv,2359,277.999935502,0.6844565868377686,12.76238702512255
lbv,2360,272.94477865,0.6791471838951111,16.4088134765625
lbv,2361,264.119193448,0.48120712643271085,28.910831675809973
lbv,2362,284.246871838,0.3488481663233411,58.86362068325866
lbv,2363,264.723098423,0.3248556523151648,79.70041073069854
lbv,2364,262.25673579,0.3624531662464141,52.09185916676241
lbv,2365,251.572868541,0.44663273411638593,13.283429643219591
lbv,2366,248.3123231,0.2797032372896061,11.199801366469439
lbv,2367,244.321747483,0.3221057224273682,26.046070772058822
lbv,2368,242.77796317,0.2883149337437418,46.88299784940831
lbv,2369,243.279028991,0.3748006408382779,84.91042815563725
lbv,2370,243.675770025,0.3993902813643217,41.67391414268344
lbv,2371,254.432722917,0.4373753038574667,110.69646917604932
lbv,2372,260.975247343,0.4684349337044884,88.5572598027248
lbv,2373,265.469809516,0.4127467179298401,6.511578129787071
lbv,2374,248.681809056,0.4478204552556428,36.98580136766621
lbv,2375,233.869261165,0.35377792808516273,75.53461076325061
lbv,2376,243.68269823,0.3594634536167849,47.92544166714538
lbv,2377,243.16411651,0.3808117097438271,34.90229504155178
lbv,2378,235.2640707,0.3883890634188886,31.776776511996403
lbv,2379,235.539705292,0.43923344122585156,75.79548205207377
lbv,2380,229.437069724,0.5080823612709839,75.01420180376837
lbv,2381,229.987839501,0.5624734736405886,13.544251206341912
lbv,2382,227.216473354,0.5387709023635512,45.0607738719267
lbv,2383,250.857626065,0.5783959151460575,54.177159387925094
lbv,2384,256.382039764,0.5123483583706767,30.99560878978056
lbv,2385,252.644602336,0.564631784480551,29.953802220961624
lbv,2386,239.131106151,0.5491956472396851,42.71679256663603
lbv,2387,242.860244557,0.5191871473212647,79.70339953852636
lbv,2388,228.727947721,0.5708083266561682,25.786433949190027
lbv,2389,240.601275951,0.5788416266441345,34.90292956782322
lbv,2390,237.952084974,0.562078573773889,22.13993237065334
lbv,2391,343.903401178,0.554525926419616,174.2547972735237
lbv,2392,439.450134574,0.5833765680211724,235.2052807677026
lbv,2393,264.374252911,0.5857283926258484,50.010463101256136
lbv,2394,237.471074236,0.5946041672275617,27.089062978707112
lbv,2395,265.063846679,0.5777383667032865,54.95957755294501
lbv,2396,243.820277687,0.532160126451236,17.451622069115732
lbv,2397,220.835315659,,0.0
lbv,2398,220.807163368,0.4954580267270406,21.879758588005515
lbv,2399,218.622225448,0.5085295417351637,43.49906230253332
lbv,2400,181.933351046,0.5461883544921875,1.3023708567899817
lbv,2401,181.348302209,,0.0
lbv,2402,181.563147455,0.512222409248352,1.8233254825367646
lbv,2403,188.936437354,0.474736545767103,3.6466571882659315
lbv,2404,197.757085603,0.5169205007881954,15.107605100145527
lbv,2405,179.702439315,0.5354319638327548,39.592416980219824
lbv,2406,172.096781479,0.5609942736296818,30.21530938241996
lbv,2407,181.266437658,0.584756076335907,7.814320283777573
lbv,2408,184.362889741,,0.0
lbv,2409,182.950001931,0.4666430652141571,3.9071740543141082
lbv,2410,197.10916953,0.5290512306534726,35.94604842242073
lbv,2411,213.705234337,0.5738427439610735,72.41320911482269
lbv,2412,217.356844047,0.6485640835677478,73.4552505493164
lbv,2413,201.62034291,0.6812069201469421,13.023998066023283
lbv,2414,220.92564398,0.47520202206027123,48.44936595243566
lbv,2415,226.211695425,0.5026329060395559,25.006142560173487
lbv,2416,212.324036656,0.56175297498703,18.4941504983341
lbv,2417,184.450951512,0.3733922839164734,12.503130744485293
lbv,2418,176.870451957,0.385495802464564,63.03669553270527
lbv,2419,200.34153832,0.3710603973245233,32.03937404856963
lbv,2420,197.08848124,0.3640449345111847,3.125793816061581
lbv,2421,176.400796683,0.3452219966799021,20.838661343443626
lbv,2422,204.443752747,0.35672250390052795,32.03944181554458
lbv,2423,179.130806157,0.5269552870134336,29.43453285366881
lbv,2424,194.712601385,0.5416661947965622,29.174025352328435
lbv,2425,196.779048327,0.5272244215011597,2.3443413229549632
lbv,2426,197.940939886,0.4137316048145294,23.44349401137408
lbv,2427,218.327093428,0.3859117329120636,20.05721154306449
lbv,2428,258.995629015,0.5613432696887425,5.470119700712316
lbv,2429,276.994685835,0.6105347275733948,2.3443370145909928
lbv,2430,270.928424798,0.33661787770688534,4.167739449295343
lbv,2431,254.102231496,0.37153822549602444,29.695128766228173
lbv,2432,265.293892868,0.4194063313629316,59.91113475724762
lbv,2433,228.122445052,,0.0
lbv,2434,247.097951278,,0.0
lbv,2435,216.562133093,,0.0
lbv,2436,202.886640017,,0.0
lbv,2437,220.330273778,,0.0
lbv,2438,225.438748705,0.37623319029808044,30.476594722972195
lbv,2439,202.527819606,0.37393206277409113,38.55158990598193
lbv,2440,222.761233149,0.3747054209414217,25.266880020440794
lbv,2441,218.629417024,0.4132555161531155,13.545120897480086
lbv,2442,233.630535374,0.3766621864333595,25.266876878925398
lbv,2443,222.614702773,0.30552244186401367,0.5209656360102635
lbv,2444,221.975161848,0.30552244186401367,16.67090035232843
lbv,2445,224.0848126,0.32171744321073803,21.880513449276194
lbv,2446,229.594098107,0.33508337206310695,14.06603968003217
lbv,2447,222.911262051,0.39895957708358765,0.7814456715303308
lbv,2448,231.716303821,0.4780343933538957,14.32645820168888
lbv,2449,223.841035687,0.4244010329246521,13.024070290958178
lbv,2450,231.740825005,0.3538335184256236,23.443329754997702
lbv,2451,215.900098501,0.32733359932899475,57.30581844554228
lbv,2452,204.201470761,0.3557380139827728,27.610937679515168
lbv,2453,216.153966948,0.3391110337339342,83.35377412683823
lbv,2454,230.098745679,0.32601380348205566,0.520961088292739
lbv,2455,221.503492065,,0.0
lbv,2456,224.687271617,0.33483746472527,22.14074721990847
lbv,2457,224.380415889,0.3513615131378174,48.4491252225988
lbv,2458,225.349940693,0.5604714810112377,21.098741688447838
lbv,2459,230.080247406,0.35343074798583984,33.86217513738894
lbv,2460,219.908565208,0.46577276076589313,7.293372090657552
lbv,2461,201.428860508,0.38551739328785944,4.949067717907475
lbv,2462,206.267022873,0.5317668318748474,11.721447215360753
lbv,2463,206.135341472,0.5930508794918866,18.493816390692018
lbv,2464,205.041127762,0.5703006160670314,37.76901499430339
lbv,2465,214.191423687,0.5160073426584847,81.5288486555511
lbv,2466,214.907147233,0.5072380190310272,59.90926992378983
lbv,2467,216.784255255,0.4850787231416414,34.38266781077665
lbv,2468,196.400600957,0.4483947027219485,57.04386192770565
lbv,2469,186.920615368,0.4624443096174321,18.49365629308364
lbv,2470,197.424719921,0.5022516738284718,2.8652060116038602
lbv,2471,217.554516919,0.4765722453594208,11.72129732019761
lbv,2472,242.250196987,0.59369601726532,13.02362180223652
lbv,2473,221.552890804,0.5899433369906444,27.61003459855622
lbv,2474,252.182002244,0.5898449420928955,16.409729542451746
lbv,2475,233.318024021,0.5001709461212158,0.7814129997702206
lbv,2476,232.505377283,0.49108200902874405,19.274832452512257
lbv,2477,226.728229706,,0.0
lbv,2478,227.677971748,0.41051508591208663,18.49331994150199
lbv,2479,265.707869857,0.5630652904510498,39.85192108154297
lbv,2480,283.084949652,0.5752759079138438,4.688459478640088
lbv,2481,270.128878542,,0.0
lbv,2482,240.504765168,0.41512273748715717,3.9070376227883727
lbv,2483,236.084051081,0.38024368816438847,35.42391773298675
lbv,2484,234.137277619,0.3762490451335907,8.855982462565104
lbv,2485,225.726148192,0.318492527405421,19.535289091222428
lbv,2486,216.11678679,0.31786580170903894,7.293179381127451
lbv,2487,217.730182929,0.4122946823752203,11.20022331686581
lbv,2488,223.211522669,0.41665398638422896,53.39652919395297
lbv,2489,228.25570775,0.3587125364022377,10.158394577923943
lbv,2490,218.810487281,0.5268868207931519,17.191094073127296
lbv,2491,215.284233532,0.5017309831401516,45.061595632515704
lbv,2492,206.988011222,0.5291303197542826,7.8141614128561585
lbv,2493,222.700446545,0.5645384301359837,27.08911099901386
lbv,2494,235.683371628,0.538907811497197,60.169150019627
lbv,2495,244.224081841,0.5427474491883323,49.750302512972965
lbv,2496,230.54112819,0.5493920232568468,14.58647652420343
lbv,2497,208.876792244,0.36354056000709534,4.167586741727941
lbv,2498,200.213933841,0.36539470461698675,10.158510185690488
lbv,2499,206.510000314,0.3746914116559049,59.127742363424865
lbv,2500,194.691665233,0.40783268801299977,58.085940372242646
lbv,2501,189.063976202,0.40435333075470103,46.625056966145834
lbv,2502,197.997097789,0.4227216243743897,4.68856793571921
lbv,2503,198.066046303,0.41888025403022766,30.73616757860371
lbv,2504,176.807029556,0.46732325840365985,33.60144796932445
lbv,2505,199.041672764,0.4911759383365756,15.88905283610026
lbv,2506,198.523084392,0.5181341819710784,23.70339735442517
lbv,2507,199.457837569,0.5231784109885875,67.7239897484873
lbv,2508,206.24231454,0.5071593124770263,58.086363968194696
lbv,2509,226.61264629,0.5348927319874813,75.27789013432522
lbv,2510,228.549328077,0.5532452155436788,29.173467658547793
lbv,2511,219.814314448,0.5861259275012546,11.721495744293811
lbv,2512,230.6943678,0.5672094265060246,55.481824897317324
lbv,2513,221.267198451,0.6079764000831112,48.44900898652918
lbv,2514,209.931030995,0.6543623766173486,23.964071774950217
lbv,2515,200.163867604,0.666920481584011,10.158696522432216
lbv,2516,199.814806306,0.46802224963903427,1.0419189453125
lbv,2517,214.783844247,0.30870309472084045,7.814402860753677
lbv,2518,218.170771409,0.26079824566841125,22.66184638528263
lbv,2519,198.659143179,0.3688357280833381,3.6467370425953582
lbv,2520,215.229188276,0.35227715969085693,9.637829948874082
lbv,2521,194.258502079,0.2758106589317322,1.823376584520527
lbv,2522,205.356409457,0.4307931661605835,5.730621996112898
lbv,2523,189.01707407,0.47940043295700535,51.31511514701096
lbv,2524,204.573148135,0.4771925193613226,71.63277495141122
lbv,2525,217.959846191,0.48341232538223267,47.66835569493911
lbv,2526,181.142962268,0.4874476750954887,39.332856600892306
lbv,2527,194.082313343,0.5081863397826797,56.52466484518612
lbv,2528,183.974303757,0.5532167553901672,0.7814456715303308
lbv,2529,200.112600382,0.6153619885444641,2.3443289364085476
lbv,2530,195.011215004,0.6293249772145199,16.931257808909695
lbv,2531,203.285103656,0.5820023699040794,42.45831433464499
lbv,2532,209.536346958,0.5330647826194763,46.6259370691636
lbv,2533,207.261447327,0.6495952725410462,2.6047948201497397
lbv,2534,203.761737095,0.6736497282981873,27.08983345779718
lbv,2535,203.79852961,0.6581604492261214,53.91909574620863
lbv,2536,208.324418047,0.5525532660682511,106.53559863520604
lbv,2537,202.311799167,0.5087984005610149,11.721516328699447
lbv,2538,210.113155867,0.5990089121913411,49.751220344094676
lbv,2539,209.462969904,0.5886887377995988,103.4094871969784
lbv,2540,208.597992684,0.5279804198150959,121.9032029993394
lbv,2541,208.909098804,0.6281671286733062,56.263007309857535
lbv,2542,213.736997853,0.5690531844696844,72.15198564716414
lbv,2543,217.201170974,0.5978891395224541,90.90627938064875
lbv,2544,222.187640439,0.5111116749337978,75.01721622242647
lbv,2545,242.10684014,0.47967513761307934,52.61624193378523
lbv,2546,224.811159248,0.4795716106891632,1.0419057808670342
lbv,2547,209.067977062,0.48424288630485535,25.526735612457873
lbv,2548,194.554651612,0.5071348994970322,3.6466702330346203
lbv,2549,201.774142223,0.5285143256187439,4.428114827473959
lbv,2550,193.731087032,0.5201088066370981,41.415894811293654
lbv,2551,201.511502966,0.5128173067651947,7.553839530196845
lbv,2552,211.474853714,0.5059435367584229,24.224437399471505
lbv,2553,238.503628086,0.47598254680633545,6.772435027477788
lbv,2554,268.280609837,0.4540823996067047,5.730501541436888
lbv,2555,277.544740243,0.5181829631328583,49.49095662434896
lbv,2556,318.185403329,0.5031638858365077,119.55987611658432
lbv,2557,396.410212393,0.46769880275825987,162.0181032068589
lbv,2558,280.466388471,0.4808301136925302,60.43117816401463
lbv,2559,315.910555878,0.4565012434320728,71.37141642850987
lbv,2560,213.970698449,,0.0
lbv,2561,358.272393434,0.5429085408504681,117.47693409639247
lbv,2562,357.341572852,0.43562258687315947,54.44042968750001
lbv,2563,246.913211161,0.4433913026844059,28.91336777630974
lbv,2564,170.177102849,,0.0
lbv,2565,217.293868736,0.3814572893835434,79.96809901817171
lbv,2566,237.611849979,0.46865365902582806,56.26427971335018
lbv,2567,200.468069195,0.3640908002853394,12.763673789828433
lbv,2568,168.307732596,0.292797521434047,5.7306417427810965
lbv,2569,207.661298296,0.3400858868570889,35.425785319010416
lbv,2570,209.51542271,0.34783637523651123,31.51852958529603
lbv,2571,194.402487511,0.2995060682296753,52.87819426293466
lbv,2572,188.921028862,0.31669327604325476,62.77657545501111
lbv,2573,194.047696765,0.3911574356777724,56.003998849906175
lbv,2574,192.860014132,0.37233183767697586,38.03062247482001
lbv,2575,194.141373781,0.3361312448978424,19.015311237410003
lbv,2576,196.789012539,0.3911087477611283,61.474057246189496
lbv,2577,186.266448279,0.3344354615777942,73.45628123563878
lbv,2578,192.198751437,0.360104317540553,52.35713662540212
lbv,2579,188.742333619,0.3939904165072519,31.778958548751532
lbv,2580,184.42673056,0.392799964417582,11.982230272480086
lbv,2581,205.04126891,0.44141489267349243,13.024140900256587
lbv,2582,219.901958558,0.468438449453135,63.55780759325214
lbv,2583,220.695268442,0.5329760261650743,30.21600688859528
lbv,2584,212.461105763,0.5048091988654653,40.89572825712316
lbv,2585,227.536410441,0.5044142986121384,47.92875593596814
lbv,2586,232.973248286,0.4931362738024514,13.805513269761029
lbv,2587,242.123136909,0.5194406509399414,26.56915283203125
lbv,2588,249.024807116,0.506414491076802,22.401425081140854
lbv,2589,249.696885626,0.4821340457517274,63.81795322193819
lbv,2590,243.548418341,0.5143407110898001,27.61102205164292
lbv,2591,242.452422757,0.49629431114166594,41.15589500876034
lbv,2592,221.569299504,0.555684774916693,39.332629933076745
lbv,2593,233.278280215,0.5760529827109365,58.08716448615579
lbv,2594,247.539212334,0.5908511054131294,40.374466839958636
lbv,2595,260.780863526,0.5741718138029817,56.78466078814339
lbv,2596,292.775778096,0.5505837046581766,29.95514628092448
lbv,2597,288.94356575,0.5311622137404739,89.34440433277804
lbv,2598,284.648568354,0.5431637335964974,48.97018498439415
lbv,2599,321.934680623,0.5465738336804886,18.494018315333946
lbv,2600,363.590466907,0.5625381469726562,6.772446695963541
lbv,2601,350.978157621,0.5025889536081735,76.84134733910653
lbv,2602,391.181545224,0.48000994684502213,99.24261322021485
lbv,2603,231.167308272,,0.0
lbv,2604,196.991983358,0.5443009947953017,47.92851032930262
lbv,2605,277.06115676,0.6301448623205992,38.8117577047909
lbv,2606,232.745765335,0.5221813344122733,70.85101542753331
lbv,2607,243.042512123,0.4412494638273793,16.149886785768995
lbv,2608,237.573226147,0.5209469199180603,33.862707998238356
lbv,2609,249.599842023,0.26568499349412467,5.4701503978056065
lbv,2610,238.370985121,0.30829596519470215,13.805636925790825
lbv,2611,304.507555048,0.28043782119065114,76.06141608743107
lbv,2612,365.643688196,0.2858297483907842,188.06997803332757
lbv,2613,228.74284397,0.2662642618663881,64.33958859911152
lbv,2614,240.899848589,0.2984231390866889,86.48074257046568
lbv,2615,246.051100928,0.3206438077123541,98.98398246017157
lbv,2616,235.215178522,0.33320072293281555,4.167746629901961
lbv,2617,232.69033904,,0.0
lbv,2618,223.458162555,,0.0
lbv,2619,213.916898303,,0.0
lbv,2620,206.631218909,,0.0
lbv,2621,206.090168451,0.3011780904289103,62.776668354109226
lbv,2622,222.923117042,0.35366361756662756,135.97255204144645
lbv,2623,254.703873316,0.3875417448018664,103.67252239152498
lbv,2624,264.653406213,0.40773051077651346,157.07152207318472
lbv,2625,251.251096916,0.4461993000293701,127.89731900084251
lbv,2626,240.019896907,0.3823358467024703,146.13097803452436
lbv,2627,238.474202992,0.3712798205600388,113.31003032011144
lbv,2628,270.573707489,0.3470360373503694,111.48655230952244
lbv,2629,253.691891548,0.37533564583521273,136.232188056497
lbv,2630,245.719462108,0.3407236446339385,138.5764035692402
lbv,2631,240.867519241,0.2961520260799303,75.27926635742188
lbv,2632,251.927451679,0.3133813907893805,27.09010000789867
lbv,2633,287.096573734,0.4571223153472918,159.6749720853918
lbv,2634,225.646127377,0.5225000150157297,107.05764321719899
lbv,2635,169.548263505,0.5638628921447657,50.79369623520795
lbv,2636,187.404234438,0.5843209216039476,38.03009392233456
lbv,2637,205.167957908,,0.0
lbv,2638,232.339790363,0.5600687265396118,1.8233478920132506
lbv,2639,222.725371425,0.5600687265396118,8.335304649203431
lbv,2640,178.935348293,0.5048029527221759,25.266434852749693
lbv,2641,228.002846269,0.5342047333717346,24.745408301259957
lbv,2642,232.386883744,0.4468729570508003,31.257298847273283
lbv,2643,246.062575454,0.3388830149229967,55.221145510206036
lbv,2644,248.53388704,0.3474897794945296,56.00249137130438
lbv,2645,268.663268658,0.4107426160946489,83.35236418480967
lbv,2646,315.901390603,0.4767751760571916,27.870881682751225
lbv,2647,435.447051519,0.4384445954973881,13.544678901223577
lbv,2648,446.193748271,0.5354762228441909,36.98733233283548
lbv,2649,392.55394375,0.5896455645561218,6.772328455307904
lbv,2650,439.933236495,0.6050498416634643,76.57931572409237
lbv,2651,284.844294075,,0.0
lbv,2652,282.679391363,,0.0
lbv,2653,272.792316198,0.48060388209527,14.847133142807905
lbv,2654,260.276617928,0.356148450420453,74.49639213412415
lbv,2655,256.259163663,0.3550071474323925,60.95168295467601
lbv,2656,259.728179236,0.3501936085347279,110.96340068742339
lbv,2657,255.110459975,0.3359587694301043,97.15821949079925
lbv,2658,263.146344505,0.3410903439129869,95.07456012800627
lbv,2659,253.219530502,0.37317472158356263,144.3049850763059
lbv,2660,250.614228787,0.3380529204363463,96.89809695973115
lbv,2661,241.550408129,0.3930918806917452,98.4610886517693
lbv,2662,241.420712678,0.37316735037117726,82.57195994059245
lbv,2663,253.819499759,0.39330988013206575,69.28759765625
lbv,2664,251.994134308,0.35841475903816117,90.38658288693897
lbv,2665,218.788891786,0.3392580227796421,22.401291791130518
lbv,2666,226.721633217,0.43680208921432495,2.6048016716452205
lbv,2667,227.65639719,0.22175732254981995,1.8233669505399817
lbv,2668,220.699487522,0.31340918508735865,9.637813343721277
lbv,2669,218.169293618,0.33554536435339183,18.754657520967367
lbv,2670,218.609533127,0.3048361837863922,7.814451329848346
lbv,2671,207.903702969,0.5377532243728638,12.763568653779872
lbv,2672,210.282350468,0.2817041575908661,10.158812399471508
lbv,2673,214.487559134,0.33198510187075425,70.8511812397078
lbv,2674,202.621435296,0.349262974033617,38.030419293571924
lbv,2675,203.491853673,0.3333186545606815,34.383731976677396
lbv,2676,223.322682626,0.3615196849639874,104.45360388662301
lbv,2677,225.012616308,0.38262675481813924,70.33041381835938
lbv,2678,229.959629653,0.3525780071603491,171.39781093223422
lbv,2679,239.145180071,0.3359975463194813,108.62151596966912
lbv,2680,238.913870935,0.44342020107614394,133.88844939587162
lbv,2681,250.789629696,0.41635161785634,189.63195420807483
lbv,2682,248.091052354,0.4363290155095752,172.7005333395565
lbv,2683,248.685921572,0.46187762745091177,174.7844290939032
lbv,2684,250.709634988,0.4490594267845154,86.74107728845934
lbv,2685,303.376717884,0.4486397239443374,133.1071589152018
lbv,2686,284.158996779,0.48152480923641505,178.17068732766546
lbv,2687,288.844654246,0.43492350549181913,149.2571797987994
lbv,2688,268.934784554,0.4445210123572368,66.94424309824029
lbv,2689,183.82327338,0.49034210329964045,10.940291819852941
lbv,2690,258.780029919,0.5225927233695984,7.033036086138557
lbv,2691,234.126463166,0.4056380093097687,37.509650555778954
lbv,2692,176.824470447,0.43006199758863606,77.36365724451402
lbv,2693,167.416941378,0.4408379749196475,63.55796287387025
lbv,2694,169.699628441,0.43704437914561906,76.32158415551278
lbv,2695,172.57245679,0.43957103194965835,71.89336906881893
lbv,2696,172.475174797,0.44666101310374967,71.37241958917357
lbv,2697,200.803780418,0.41941087203366423,109.4030169318704
lbv,2698,198.907979133,0.3886552573893014,132.32554665359797
lbv,2699,171.589211336,0.370656997229926,88.04335315180761
lbv,2700,184.562530889,0.34037241157750747,89.60624512317135
lbv,2701,207.776306363,0.34786242743333184,79.70787963867187
lbv,2702,211.528779616,0.3537357449531555,56.2643856272978
lbv,2703,212.268113018,0.3661851444781221,39.33296565635531
lbv,2704,204.174671655,0.4198677044097832,132.32532674752028
lbv,2705,239.853082473,0.4496492139758572,131.28329886642157
lbv,2706,216.482694057,0.43446362018585205,84.39643303366267
lbv,2707,216.259891632,0.4186313853832919,63.29732477524701
lbv,2708,205.469606743,0.42731173220090574,133.3670399086148
lbv,2709,213.240174666,0.44384137934143697,117.99854422176585
lbv,2710,210.863916477,0.49879480333633075,114.09122206744026
lbv,2711,179.539317832,0.5103983947769605,63.297215719784006
lbv,2712,181.470507708,0.519683117761552,41.41669670553768
lbv,2713,170.014500286,0.4471384210070384,50.53349585439644
lbv,2714,191.462122433,0.4342961940113629,111.48629557291666
lbv,2715,204.434467247,0.41596118967200435,22.40148375268076
lbv,2716,180.777403568,,0.0
lbv,2717,171.681353072,,0.0
lbv,2718,168.623382808,0.387127623694842,15.889389935661766
lbv,2719,184.432556135,0.40431069865308955,45.323840870576745
lbv,2720,168.870932594,0.37982741874807024,75.27915326286765
lbv,2721,213.70527709,0.3736789718599811,106.0159647324506
lbv,2722,176.020935592,0.3901722211804656,37.509327607996326
lbv,2723,159.981252911,0.3972178437891282,99.24327401553883
lbv,2724,188.400980213,0.41109883872506847,115.65357567282284
lbv,2725,186.331345397,0.39431639913229916,44.542249791762416
lbv,2726,218.858343323,0.36389497599818493,11.461161445168887
lbv,2727,227.038560714,0.31763743219837065,40.37448434268727
lbv,2728,250.959493513,0.5303848357427688,5.4700652776979934
lbv,2729,262.02329188,0.4931526027227703,14.84731726552926
lbv,2730,265.111566416,0.5982554596810301,63.035850016276044
lbv,2731,252.140325634,0.5726744107516163,65.38013066310509
lbv,2732,220.150140146,0.6491745805071893,27.871174920773974
lbv,2733,230.30981857,0.6184371411800383,14.065822556439569
lbv,2734,249.427198399,0.5334578667028967,65.3799331964231
lbv,2735,227.375203392,0.5651240737541863,11.981971172257964
lbv,2736,214.492357,0.640183687210083,0.5209537880093443
lbv,2737,214.214624882,0.5416115753858993,26.829120082481236
lbv,2738,211.066600592,0.5932921211545668,12.502870267980239
lbv,2739,213.132597429,0.274983923882246,2.083813356885723
lbv,2740,226.771689164,0.5081652402877808,22.92188768573836
lbv,2741,205.248215057,0.5155798196792603,26.568505859375
lbv,2742,217.716755427,0.5700661807224668,15.107559742647059
lbv,2743,214.33470817,0.2793847322463989,11.721357906565947
lbv,2744,213.371496611,0.32805227395147085,33.34070649988511
lbv,2745,228.230904264,0.4266451322115385,27.08928195728975
lbv,2746,225.493176779,0.5142875781426063,16.930790171903723
lbv,2747,204.068726953,0.557582676410675,1.041891180300245
lbv,2748,220.7119753,0.6427058577537537,12.763144968070236
lbv,2749,234.749289848,0.4753851890563965,2.083786190257353
lbv,2750,207.565025503,0.4499123152785414,33.07998663210401
lbv,2751,242.691504391,0.46888447511270176,83.87194291657093
lbv,2752,285.422046163,0.4991812651807612,8.595568129595588
lbv,2753,243.038342784,0.4801337633814131,5.4698833390778185
lbv,2754,209.986212218,0.45499297976493835,3.907057818244485
lbv,2755,338.072366531,0.6212508124058733,85.69428761800131
lbv,2756,264.442805238,0.638871081764736,32.818995217715994
lbv,2757,247.313010938,,0.0
lbv,2758,262.134419974,,0.0
lbv,2759,243.968062861,,0.0
lbv,2760,211.297162885,,0.0
lbv,2761,203.449978348,0.2591738700866699,31.777348836263023
lbv,2762,202.487925935,0.2673631599889351,81.26666259765625
lbv,2763,209.79833497,0.3120003521442413,62.5128173828125
lbv,2764,198.332637421,0.3189150420670024,86.99689872592103
lbv,2765,210.933323121,0.3035663534765658,107.8344331629136
lbv,2766,208.002291934,0.27394096961905884,64.596466662837
lbv,2767,190.934663916,0.2675629362780997,24.48414462220435
lbv,2768,192.047237588,,0.0
lbv,2769,190.223331459,0.28581362012773753,41.675067976409316
lbv,2770,195.937476479,0.3626601994037628,4.427975972493489
lbv,2771,202.326434659,0.27862316940693144,24.484060250076592
lbv,2772,208.485280061,0.3036450783411662,15.628091251148897
lbv,2773,209.13559076,0.3429752657861274,51.3121576645795
lbv,2774,188.606744044,0.5107850846834481,50.00970737232881
lbv,2775,209.059746341,0.5044133950162817,84.39124181410847
lbv,2776,237.034434523,0.35087186130144266,48.44673234528186
lbv,2777,212.604277314,0.3366628871722655,17.19074348000919
lbv,2778,194.0305473,0.3385228216648102,9.897689939012714
lbv,2779,186.514854574,0.6104703545570374,1.3023240332509958
lbv,2780,190.610102448,0.4590255923961339,29.692947297937728
lbv,2781,180.875232513,0.40469265835625784,3.646501189587163
lbv,2782,191.792340401,0.45909298570067797,28.13006160960478
lbv,2783,198.946193918,0.5952579532194574,28.390522167729394
lbv,2784,211.987389493,0.4970816145400088,43.49730365229588
lbv,2785,223.098050294,0.47215768066021285,56.780835649078966
lbv,2786,217.476519095,0.4255257149537405,12.50218577665441
lbv,2787,223.449473865,0.6684008836746216,5.730171772077972
lbv,2788,213.478854632,0.4715777583744215,23.96247666302849
lbv,2789,208.253709934,0.5527236653030465,28.390347589231006
lbv,2790,197.928174985,0.617597607049075,2.8650809493719365
lbv,2791,215.655644408,0.636827709345982,7.553395230162376
lbv,2792,178.826834115,0.618364291531699,14.585866651348042
lbv,2793,170.184976478,0.5995619701750484,42.19482852711398
lbv,2794,158.293023265,0.5974133610725403,29.432195207184435
lbv,2795,181.849028025,0.5766394167411618,21.35791296865426
lbv,2796,174.76027327,0.5758902839327281,58.86447421803194
lbv,2797,170.070674078,0.5547488835724916,28.650884890088847
lbv,2798,167.772144497,0.5673939361263383,64.33427351409314
lbv,2799,185.036002333,0.5307947845585578,58.864593266505814
lbv,2800,180.766205772,0.643456132444617,19.0138173122032
lbv,2801,193.188486643,0.6253493384078697,56.26006218405331
lbv,2802,191.823409307,0.5730101411992854,85.95287278119255
lbv,2803,202.091196585,0.6298110228776932,26.04635515400008
lbv,2804,197.728667829,0.5995493594045731,53.134584853228404
lbv,2805,184.630758709,0.5584562879342299,47.40440003638174
lbv,2806,192.462407985,0.555176096704771,27.60919811772365
lbv,2807,196.492961323,0.44689699874243916,46.62308756510417
lbv,2808,181.343448432,0.5591222061051262,35.16273453656365
lbv,2809,194.081564426,0.5778056979179382,47.9255739698223
lbv,2810,169.500761881,0.6485598550902473,21.097699872185203
lbv,2811,174.349583931,0.6673539280891418,1.0418620988434437
lbv,2812,200.909070645,0.36340726273400437,14.586113664215684
lbv,2813,204.886969281,0.4329603072343298,55.47941131591797
lbv,2814,201.801928365,0.390676169316898,67.20051251579734
lbv,2815,168.553888452,0.3503288942224839,44.27948985380285
lbv,2816,163.947357428,0.3534145818437849,45.58190334544462
lbv,2817,187.278899759,0.3491259941205322,64.33572842467065
lbv,2818,180.876353345,0.3564274368377833,6.772193609499464
lbv,2819,190.586344365,0.5966386795043945,2.344222573673024
lbv,2820,201.793429634,0.4185807449477059,1.8232891606349573
lbv,2821,172.173592009,0.36036917454791517,27.60987165862439
lbv,2822,177.417687403,0.36174839642859,50.531337603400736
lbv,2823,184.962548935,0.4029257404093712,39.331149680941714
lbv,2824,180.724300176,0.45276502776546634,30.996112718769147
lbv,2825,168.488627098,0.4330654005722806,70.58788332471661
lbv,2826,157.440566629,0.46457969719363795,40.37318001541437
lbv,2827,171.758390781,0.4648544321889463,23.96346932205499
lbv,2828,164.473310388,0.45152936139459277,66.94150121352251
lbv,2829,179.4201375,0.42789630091041947,62.774042286592376
lbv,2830,164.106196274,0.41978553150381365,94.81227749095244
lbv,2831,168.333154138,0.549303867987224,54.69947366153493
lbv,2832,183.023352102,0.5797216473926198,71.63027370677275
lbv,2833,169.630658049,0.6070977458055469,53.91806057200712
lbv,2834,180.33160062,0.6199508703403394,62.25321969424978
lbv,2835,195.756644969,0.5671598944865481,73.97453720990349
lbv,2836,199.508038673,0.5180177248564344,77.62116932588465
lbv,2837,209.93844349,0.4455155782228293,67.20222535974838
lbv,2838,205.606072861,0.5359987304324195,38.28970318962546
lbv,2839,196.014744777,0.5315512756506603,31.256903704474954
lbv,2840,180.798300918,0.5654458999633789,6.772340123793658
lbv,2841,175.115282865,0.3072625696659088,0.26047417135799633
lbv,2842,182.435108287,0.3374505043029785,2.604746201459099
lbv,2843,173.747397842,0.37902702068659794,69.80737020455155
lbv,2844,187.018680846,0.5201820857539962,41.15518676159428
lbv,2845,179.352783699,0.47588183358311653,22.921915959376914
lbv,2846,204.582093984,0.4623385108396655,63.556258915919884
lbv,2847,203.413901554,0.45948407456841667,131.01982966404336
lbv,2848,199.310785338,0.43616099622997917,142.74147659002566
lbv,2849,166.941876796,0.45394612783971044,59.909794108072916
lbv,2850,173.127915506,0.4211047291755676,32.559783785950906
lbv,2851,173.436590247,0.4385096803307533,2.083827059876685
lbv,2852,165.655981937,0.5107994286497687,40.895229354559206
lbv,2853,150.527774392,0.5251890181889994,51.31445800182866
lbv,2854,129.833567141,0.4773575772932911,85.1768346449908
lbv,2855,126.807946974,0.49144368948953926,71.11101672602635
lbv,2856,136.993037139,0.44830702307845366,123.98855770335479
lbv,2857,139.624079985,0.47333984137550605,96.11731540455537
lbv,2858,147.853711793,0.43539273738861084,15.628832648782168
lbv,2859,321.733046006,,0.0
lbv,2860,385.043831587,,0.0
lbv,2861,309.14812972,0.2709283656440675,33.34174325980392
lbv,2862,256.986519527,0.37374808293642453,50.53364919026693
lbv,2863,185.691882817,0.46480892425359677,78.4053591859107
lbv,2864,161.357206367,0.5023690627498942,94.81591988357843
lbv,2865,140.602139291,0.48522580605606697,89.60637347651462
lbv,2866,153.240751562,0.5005400972579841,52.357310306324685
lbv,2867,157.183673949,0.5121444117191225,11.200839173560048
lbv,2868,145.191692348,0.4929128518471352,6.772602515127145
lbv,2869,161.524886512,,0.0
lbv,2870,171.169241981,0.4659685790538788,1.8233987845626531
lbv,2871,213.076952578,0.4525420031377248,18.233991884717753
lbv,2872,205.097018864,0.5161425607410941,33.081770593979776
lbv,2873,196.763539681,0.5147454354070848,24.225245935776655
lbv,2874,186.415357098,0.588652491569519,8.596068258846508
lbv,2875,161.166339549,0.5949226021766663,1.3024368286132812
lbv,2876,154.826665211,0.3058010588089625,10.940503917020912
lbv,2877,170.813362015,0.5509587185723441,12.763905603745405
lbv,2878,168.678876573,0.559008002281189,22.141502380371094
lbv,2879,162.424174383,0.5798577070236206,0.26048871208639707
lbv,2880,175.341194164,0.5798577070236206,2.0839096966911765
lbv,2881,173.573060117,0.5745095014572144,4.167827052696079
lbv,2882,153.475272655,0.5745095014572144,7.814675723805147
lbv,2883,166.291650245,0.3203975260257721,31.519300692689185
lbv,2884,179.887810146,0.3208451817598058,78.40751659916897
lbv,2885,182.497501988,0.31786022389807356,64.08056173885569
lbv,2886,197.242121085,0.3071746003368626,47.93017625995711
lbv,2887,194.847891548,0.346823120717522,72.41612743302888
lbv,2888,171.703780939,0.4094885498401256,66.94572876574946
lbv,2889,151.876570056,0.4960472649998135,42.199184283088236
lbv,2890,145.89178225,0.5157861669858297,7.814651938045726
lbv,2891,146.594105066,0.5504638673294158,21.880978662827435
lbv,2892,147.909263622,0.5802727937698364,34.123844909667966
lbv,2893,149.196544296,0.5904577706606334,34.12377893784467
lbv,2894,165.146264251,0.4446328166891767,99.50580997841031
lbv,2895,190.994634231,0.5281438821279852,62.25613891003178
lbv,2896,172.798355891,0.534770164613066,37.7704033945121
lbv,2897,155.655820074,0.34846028685569763,6.51211607689951
lbv,2898,143.291453953,0.354328019481127,38.29123295802696
lbv,2899,153.06321085,0.3970761183987964,22.92260242536956
lbv,2900,172.152434065,0.4975804274514217,38.812078558229935
lbv,2901,164.037239015,0.5038861673844011,20.578205003925397
lbv,2902,165.161822483,0.5439138287984873,41.156318006328505
lbv,2903,155.572252272,0.5321914197839036,51.05461796779259
lbv,2904,156.188105269,0.5105563158472183,52.87790946212469
lbv,2905,162.466257935,0.43215201513187307,9.637819177964154
lbv,2906,183.465108295,0.5041482718949466,50.533384884105004
lbv,2907,163.877538377,0.4348461747604565,71.37191503188188
lbv,2908,178.648856162,0.4580873559971559,56.52445939007927
lbv,2909,176.307538434,0.4504681152915492,53.65917071174173
lbv,2910,186.118937494,0.4355309879457629,86.74025546803193
lbv,2911,176.813494674,0.4923666890867998,73.97672406364889
lbv,2912,177.190255821,0.5133555828578888,82.05165414249196
lbv,2913,169.262345095,0.4562735999482018,91.16850460276885
lbv,2914,197.758790926,0.40950438796087757,89.60565230425667
lbv,2915,198.019299105,0.43552761580668337,38.290837904986205
lbv,2916,201.769299016,0.4469897230662922,26.308714025160846
lbv,2917,213.996077063,0.40736393071711063,58.3480587828393
lbv,2918,238.453272749,0.5324482172727585,5.209655462526808
lbv,2919,213.534272454,0.4989167489871687,51.05463457294539
lbv,2920,215.827102838,0.5369995647288384,61.2135986627317
lbv,2921,222.88569332,0.5388055916627249,78.14515865550322
lbv,2922,231.764217723,0.5397550290090997,74.23805099188112
lbv,2923,234.168940495,0.49664043423741366,56.00426782346239
lbv,2924,177.92940523,0.45134865503702587,34.904998270670575
lbv,2925,155.412942473,0.36391690373420715,12.503327493106617
lbv,2926,160.005398609,0.36543055248982975,42.98020935058594
lbv,2927,168.929484144,0.39104784528414405,32.039867805032166
lbv,2928,153.443447851,0.39501645861809226,124.51275975844439
lbv,2929,175.57322206,0.3839064571955433,95.07782700482537
lbv,2930,202.161635841,0.37824021509513556,131.80668290082147
lbv,2931,147.366900435,0.46016796334431725,108.36275177001951
lbv,2932,137.978030521,0.4226576820696043,125.55494797650508
lbv,2933,145.684084397,0.4194128966849783,101.85065962847543
lbv,2934,143.728265384,0.43984670416294086,75.28090568991269
lbv,2935,155.971204312,0.3881632380035459,51.0556646010455
lbv,2936,162.78751436,0.3282793462276459,38.81275123147404
lbv,2937,153.183058749,0.46951517638038187,13.284902774586397
lbv,2938,154.190060633,0.3962066338087121,50.01383272058824
lbv,2939,152.785318633,0.421614643008936,43.762091094372316
lbv,2940,151.590082782,0.3916243414084116,42.199221083697154
lbv,2941,145.579446804,0.3585067689418793,35.42652994791667
lbv,2942,151.450741517,0.519390344619751,2.083917116651348
lbv,2943,137.686627947,0.5233415947404019,22.40210529402191
lbv,2944,135.73671118,0.5778841310805017,23.70452354281556
lbv,2945,150.887094008,0.5560449838638306,10.419586032044654
lbv,2946,146.810215197,0.4423280370732149,25.00708797679228
lbv,2947,176.06681368,0.28139281272888184,11.201113682167204
lbv,2948,169.063061474,0.28325959798452016,28.914502760943243
lbv,2949,169.026988604,0.3192851752245508,38.292131461349186
lbv,2950,171.05841957,0.35740332851999057,67.46704912372664
lbv,2951,187.652565063,0.44786900876095737,83.61732599595013
lbv,2952,182.621662806,0.4023073744028807,12.503517509909237
lbv,2953,172.755272021,0.3033033013343811,10.159095943675322
lbv,2954,164.533771707,0.28132490704699264,10.680038631663603
lbv,2955,163.195624752,0.30478930473327637,22.66247890696806
lbv,2956,166.967887181,0.31802891772620534,12.763901115866268
lbv,2957,160.99928826,,0.0
lbv,2958,174.309380906,0.43677108746308546,16.931652742273666
lbv,2959,167.326029956,0.4248496890068054,19.01554493623621
lbv,2960,170.326977779,0.4828495979309082,0.2604859894397212
lbv,2961,162.541702492,0.4828495979309082,31.258318732766543
lbv,2962,176.730717606,0.48061255905134925,30.216322266821766
lbv,2963,187.859670904,0.4836977850645781,8.335519798129212
lbv,2964,169.265948784,0.48619529604911804,1.8233925015318628
lbv,2965,171.839570145,0.6435250639915466,0.5209683287377451
lbv,2966,180.763541756,0.6352960956402313,30.476601454790902
lbv,2967,185.365287383,0.6236916151080099,37.24916414747051
lbv,2968,176.7252459,0.6194746336516211,8.856446329752604
lbv,2969,201.009692581,,0.0
lbv,2970,197.047635976,0.4728769063949585,15.889506650438497
lbv,2971,156.261726386,0.42431500948165074,31.518527790144375
lbv,2972,176.550624102,0.3217358887195587,11.982271560968137
lbv,2973,166.342059564,0.3241021189934168,50.79441205193014
lbv,2974,168.158107741,0.3110590553283692,19.536330997242644
lbv,2975,154.348986775,0.2981393337249756,32.821065027573525
lbv,2976,174.666576095,0.29276646313996146,15.108135328105853
lbv,2977,160.033056093,0.32786603896495176,70.85194498697916
lbv,2978,162.866687537,0.42092689830962926,152.1233169854856
lbv,2979,140.606858338,0.502047312221343,81.01097442028569
lbv,2980,146.366333042,0.498706811986616,101.84984774122051
lbv,2981,151.57108126,0.49787549743285553,84.65779936547374
lbv,2982,174.211326354,0.5295769981618198,69.02875219606887
lbv,2983,165.972496403,0.47149234791548145,106.53873826569202
lbv,2984,171.159520875,0.5139114403664464,51.57627751967486
lbv,2985,156.722395588,0.4602077435702085,8.335552559646905
lbv,2986,171.066103145,,0.0
lbv,2987,183.476485713,0.4549610347583376,22.662415627872242
lbv,2988,188.827893193,0.3901780843734741,9.898536951401654
lbv,2989,187.472023002,0.27055543661117554,6.772706514246323
lbv,2990,160.917549986,0.27055543661117554,4.949285529641544
lbv,2991,173.282934053,0.3244588874481819,9.638115737017465
lbv,2992,168.806570355,0.33601876676723524,24.225533339556524
lbv,2993,181.712859667,0.4209083914756775,25.267538571825213
lbv,2994,159.550069582,0.4086308185513138,36.72916573917165
lbv,2995,167.028480813,0.4336162758407308,87.26436157226561
lbv,2996,159.003706948,0.4286108428781682,28.654012493058747
lbv,2997,155.859359533,0.43510425090789795,1.5629460951861214
lbv,2998,153.312576683,,0.0
lbv,2999,163.160177177,,0.0
lbv,3000,158.938822513,,0.0
lbv,3001,166.174059616,0.5085333585739136,7.033330939797794
lbv,3002,175.544019851,0.5085333585739136,51.838253963694854
lbv,3003,186.581563736,,0.0
lbv,3004,197.854041277,,0.0
lbv,3005,228.319343042,0.5064102411270142,2.083957088694853
lbv,3006,225.626457661,0.5064102411270142,3.125935633042279
lbv,3007,214.178383372,,0.0
lbv,3008,148.604251542,,0.0
lbv,3009,156.241107971,0.383918045229382,58.611602783203125
lbv,3010,181.913242527,0.44693497871633747,103.67743446499694
lbv,3011,158.925285859,0.39247510718802614,62.51904204125498
lbv,3012,158.785913703,0.36214789761738336,57.3090420292873
lbv,3013,169.069184587,0.346082258911033,99.50925969142541
lbv,3014,169.716624416,0.3126252591609955,1.5629733814912683
lbv,3015,169.747501959,0.42768053772548836,6.251875903559666
lbv,3016,172.911708551,0.3038462535709354,36.72983643774893
lbv,3017,170.300338414,0.2336066897426333,3.646937890146293
lbv,3018,164.278235837,,0.0
lbv,3019,174.285072447,,0.0
lbv,3020,161.921018626,,0.0
lbv,3021,193.480313539,0.26329636573791504,7.293837244370405
lbv,3022,215.578785975,0.3880833357020661,56.26655955595129
lbv,3023,200.134841399,0.3741904061574203,13.545649509803923
lbv,3024,181.065798447,0.3499242622891198,23.965307527429914
lbv,3025,187.380598705,0.33549325638695765,39.594820209577975
lbv,3026,194.045908016,0.3370064442229067,60.95513646742877
lbv,3027,189.406743159,0.3795900838449597,58.35009750665402
lbv,3028,185.734241468,0.37312863767147064,9.377688688390394
lbv,3029,195.731894969,0.349856141312369,15.108452591241575
lbv,3030,200.253687407,0.545753038087428,39.33400738286037
lbv,3031,185.921940932,0.6035346388816833,35.687080622654335
lbv,3032,188.734869813,0.6088603734970093,25.788429888556987
lbv,3033,191.8090171,0.5109805903215519,22.66251391242532
lbv,3034,203.543824488,0.4328637735559306,56.786440950281474
lbv,3035,224.733576114,0.49758784528131833,98.46441093893613
lbv,3036,222.509308578,0.5205101500839047,149.25930184757007
lbv,3037,177.94042174,0.5090811127288775,68.76859409107882
lbv,3038,165.986381073,0.5503228607158812,32.82131326712815
lbv,3039,189.6225567,0.44572774120248276,81.27168300853057
lbv,3040,215.973569747,0.4973325965051748,51.05522520775889
lbv,3041,235.001725612,0.5359262149478938,77.10370567172181
lbv,3042,224.734457212,0.45254569396414523,102.37056301341337
lbv,3043,213.531973729,0.4799904460776342,95.07688182756013
lbv,3044,209.818017599,0.5355217918215027,86.48088570389093
lbv,3045,225.412857032,0.5090390019137744,102.37029143688726
lbv,3046,203.854795621,0.50281365278741,36.988751340379906
lbv,3047,209.716588194,0.5260184059950931,31.518529585296037
lbv,3048,229.80811069,0.5225110593595003,49.49181710037531
lbv,3049,208.782784574,0.5243249517220717,50.794118095846734
lbv,3050,195.090490145,0.5337328169590387,30.476432052313115
lbv,3051,186.106011334,0.567850009357329,72.41399380553003
lbv,3052,184.949979628,0.5505497533164613,38.030332677504596
lbv,3053,187.502439319,0.5947342502827546,25.527177698471966
lbv,3054,196.60001707,0.6194339122157543,33.34155677346622
lbv,3055,195.874630976,0.48757320372607765,66.16205866196574
lbv,3056,196.09365765,0.5509332546373692,53.39849853515625
lbv,3057,194.311084651,0.5008259249526427,113.56933773265165
lbv,3058,195.607702529,0.5322768309272033,75.79970774931067
lbv,3059,181.991116485,0.5557595702318046,50.7936185948989
lbv,3060,178.661161738,0.5690585970878601,37.50913373161765
lbv,3061,195.127066699,0.484388960732354,49.23068680108763
lbv,3062,200.965433747,0.43687387383901155,101.58705049402573
lbv,3063,208.128669709,0.44476574659347534,3.1257553998161764
lbv,3064,211.985158794,0.35595819114574356,29.173695553050322
lbv,3065,215.184531393,0.49732854687250583,16.93119970583448
lbv,3066,211.089478432,0.437853220016209,34.90437900318819
lbv,3067,172.826647433,0.44962328004425967,30.215752096737134
lbv,3068,170.403135089,0.45662949328069335,35.16494436825023
lbv,3069,164.950663352,0.45460520179803704,31.51825938505285
lbv,3070,157.754506035,0.4958895146846771,25.266749123965994
lbv,3071,166.156280318,0.5034990994230149,32.82078570197611
lbv,3072,169.053703866,0.4380491375923157,41.67725088082108
lbv,3073,170.071389387,0.5198435831901639,33.60236789478975
lbv,3074,209.749159757,0.48311243881948396,139.87978174546186
lbv,3075,252.242115144,0.4519845050247245,171.3985725253236
lbv,3076,234.055259817,0.45258934014415547,122.6883217306698
lbv,3077,208.092790442,0.5420223477236721,56.78582048603133
lbv,3078,196.205973313,0.4859694008891647,77.10372452081418
lbv,3079,188.900280443,0.5660688742995261,41.677758310355394
lbv,3080,200.526703157,0.5228452624813202,8.075065672631357
lbv,3081,188.717899829,0.34154069492983263,11.200912385828355
lbv,3082,181.178713522,0.5002863917610433,26.30918399586397
lbv,3083,184.21057588,0.5024449127641591,22.922892671472887
lbv,3084,205.555061096,0.47525088999095383,38.8127005184398
lbv,3085,190.673846205,0.3947043345561103,65.64306389303769
lbv,3086,179.750195117,0.2947884446504164,63.81975295122932
lbv,3087,187.624577532,0.32789148304324883,27.090874615837542
lbv,3088,181.235797975,0.3909365479592924,7.033229244456571
lbv,3089,178.317537572,0.36473741116922087,106.0194601320753
lbv,3090,184.909303388,0.41414547079207564,75.80267420750039
lbv,3091,208.17001266,0.42537483916832847,108.36413765701593
lbv,3092,237.974054885,0.40827834743508556,113.05332100064145
lbv,3093,229.104146942,0.45372273787469053,160.462823007621
lbv,3094,230.600674802,0.44791393686373576,138.321200651281
lbv,3095,210.265318464,0.4151024595328739,45.58615396537033
lbv,3096,197.533035085,0.41450400617387567,35.166502111098346
lbv,3097,198.260817333,0.33804809866817137,81.79485958323758
lbv,3098,196.170415069,0.33429756622516976,67.46781577315986
lbv,3099,195.007506041,0.32168208079023675,47.40989002900965
lbv,3100,184.86598,0.34161695521637053,46.62846536075368
lbv,3101,201.272331452,0.43620861981724113,86.74470528995289
lbv,3102,196.779483192,0.4475836815111313,74.76198972814224
lbv,3103,193.553810079,0.46730777474952917,100.81162202124503
lbv,3104,191.294606651,0.5232516334230778,85.70302934833602
lbv,3105,192.849937145,0.4456313699483872,56.267104115205655
lbv,3106,192.193038587,0.4527255032459896,39.07444179759306
lbv,3107,189.221817223,0.42426149631765747,91.69475522508807
lbv,3108,189.616093509,0.507003989840342,31.5201234106924
lbv,3109,189.275232481,0.44927331887556043,47.150021930769384
lbv,3110,196.495497549,0.3826716640465696,92.47664325190526
lbv,3111,188.209697711,0.39849995701543744,72.67893901151768
lbv,3112,218.302277128,0.39859745115973055,100.03140204934513
lbv,3113,176.682761817,0.3670937659947768,59.91470680984796
lbv,3114,183.306954602,0.34882120855489573,51.839342962526814
lbv,3115,185.637461887,0.40445743451665894,86.22533898447074
lbv,3116,199.84034914,0.44027246871302206,72.67952722287646
lbv,3117,212.24692047,0.42899345142774314,64.86460430668849
lbv,3118,240.924547517,0.44195369255635164,67.20918534222771
lbv,3119,222.302539009,0.364295626503562,51.31863546932445
lbv,3120,238.349887136,0.36639314153615166,66.42782772288602
lbv,3121,237.693393464,0.3749249431822035,46.890279433306524
lbv,3122,218.22119023,0.35502636432647705,30.73928144866345
lbv,3123,209.796556776,0.3543171399626239,15.109160329781327
lbv,3124,259.211436666,0.4001102153869236,53.142644096823304
lbv,3125,255.719053045,0.42754110595411504,63.041848276175706
lbv,3126,245.078863845,0.4231577972313026,40.117580937404256
lbv,3127,262.333692805,0.4796081036329269,8.857152183383118
lbv,3128,299.103238478,0.28944523045866516,66.16829154818666
lbv,3129,224.854027243,0.26883256435394287,66.42891693115234
lbv,3130,214.966723674,0.4474402666091919,2.0840408624387257
lbv,3131,186.013385398,,0.0
lbv,3132,230.291276739,0.5038046836853027,2.6050555659275427
lbv,3133,245.404926424,,0.0
lbv,3134,209.618268846,,0.0
lbv,3135,258.778387496,0.3126969337463379,62.52166389016544
lbv,3136,270.929471398,0.3311903035141411,99.51361484901578
lbv,3137,302.300999993,0.40051046235808013,188.86720922133503
lbv,3138,234.761097457,0.4559892760589718,150.05150218290444
lbv,3139,235.454561302,0.3709239867425735,80.75681140376072
lbv,3140,229.992066158,0.32317577564572714,108.10965833476945
lbv,3141,210.945519237,0.3684451419573564,57.57159331078623
lbv,3142,218.544939933,0.3718156847688887,23.44538963168275
lbv,3143,229.212107351,0.44111170437793407,89.6133285223269
lbv,3144,257.119644723,0.4915083136216578,130.77276192459405
lbv,3145,231.055263366,0.49545338642247383,115.40286359599992
lbv,3146,261.82089483,0.4703962434702765,120.61271248611749
lbv,3147,248.67247965,0.45159662207163664,211.26720171161725
lbv,3148,207.974306905,0.4426724726689004,175.05714829388785
lbv,3149,198.179615802,0.40888467830206665,87.5284408569336
lbv,3150,196.857884348,0.403299945426154,111.75482150807099
lbv,3151,191.966848283,0.4309745860533625,164.63619330911075
lbv,3152,159.886376157,0.43366995580652934,122.43496949438953
lbv,3153,178.625257798,0.4273973794245138,85.44383954814836
lbv,3154,191.4164742,0.38233183872315196,40.37735643573836
lbv,3155,202.054689339,0.36966856360435485,6.512464336320466
lbv,3156,199.649946556,0.34240515671704147,57.57004765529258
lbv,3157,195.01333116,0.3389603227808855,107.84607119092755
lbv,3158,207.949378582,0.3294511663231031,59.13289998372396
lbv,3159,198.859590316,0.3379677388262241,12.243349830777039
lbv,3160,198.351588942,0.3250480592250824,41.418912191951975
lbv,3161,215.778710209,0.3598490283769719,22.142148934158627
lbv,3162,219.651078477,0.2989089197811039,22.66311403162339
lbv,3163,223.928674391,0.37830605892883,59.13238779703776
lbv,3164,219.748071073,0.43165502945582074,57.829810108858
lbv,3165,215.289282582,0.4460999537259341,45.84700164794922
lbv,3166,239.115519349,0.3549902240435282,31.25928452435662
lbv,3167,344.001970423,0.3396897935996885,119.82722990746592
lbv,3168,240.785770989,0.5030675610058181,34.12457897709865
lbv,3169,228.77464443,0.4353782809488305,57.047871757956116
lbv,3170,226.29544337,0.5242589509712076,27.61217154708563
lbv,3171,214.385365288,0.44200757799301554,48.71192677815755
lbv,3172,200.603179745,0.38710737612114443,121.38900098613664
lbv,3173,225.396403784,0.5321793771067331,22.40221156699985
lbv,3174,246.055496204,0.43507874168847754,39.59454692765778
lbv,3175,227.924781244,0.4175697686756856,44.02278948017195
lbv,3176,202.794028112,0.4551543692747752,67.98776810589959
lbv,3177,201.594568875,0.4879904123452994,67.72715944776348
lbv,3178,201.751386017,0.4741711484805475,69.55045560948989
lbv,3179,197.711298065,0.4370910433716461,63.55911201028263
lbv,3180,199.442540217,0.4216312879358816,44.54341538373162
lbv,3181,172.226904959,0.3529271537065506,13.024348988252529
lbv,3182,180.555007319,0.3930540831759572,41.67788851868873
lbv,3183,186.707677684,0.42657931768788704,58.869928307626765
lbv,3184,197.884285225,0.41285227282254255,81.0111427157533
lbv,3185,189.275820709,0.4084978675076721,56.785814203000534
lbv,3186,210.44870695,0.407802719821807,141.44337562112247
lbv,3187,330.501683945,0.46548022682339724,262.04729392855774
lbv,3188,334.04660756,0.5477477052981911,151.60162730497473
lbv,3189,279.562995497,0.5690779428722803,79.9684549069872
lbv,3190,205.043745979,0.4794917596598803,46.10554899327895
lbv,3191,197.671042172,0.44787052273750294,79.70774904138902
lbv,3192,173.499490653,0.3972955458658807,48.97070450128294
lbv,3193,182.873767124,0.45231946142096274,49.49157367781096
lbv,3194,172.543858147,0.4157844650159989,58.347875707289745
lbv,3195,218.245525264,0.48874142329640846,83.61445124009077
lbv,3196,199.844199249,0.48947327931722007,46.88656122544232
lbv,3197,205.173703293,0.45883218769254625,46.62601470947265
lbv,3198,199.363327184,0.44003510003042695,52.616971094468056
lbv,3199,186.01123719,0.48013286151155077,71.37137089149626
lbv,3200,188.030674009,0.4560901718619078,47.92819022384344
lbv,3201,198.791166382,0.4419038129078834,54.96106761857575
lbv,3202,203.491455354,0.46148689091205597,56.26338536879595
lbv,3203,183.791324561,0.519973943090957,47.927967146331184
lbv,3204,184.712065246,0.5487809167563462,68.24517343558517
lbv,3205,196.768642748,0.5532328084290745,21.619609757965687
lbv,3206,223.591420017,0.5303179090842605,66.6820754406499
lbv,3207,227.614951052,0.5153823348860077,39.33193290560853
lbv,3208,202.938810653,0.53339266129162,47.927557761996404
lbv,3209,154.699985696,0.5583531354913617,26.30801690793505
lbv,3210,179.302977852,0.5791405858940253,46.625002333697154
lbv,3211,227.578624712,0.5496630485928351,95.594128148696
lbv,3212,240.543287867,0.5033982348499806,107.57577173569624
lbv,3213,256.320047507,0.4974118611242017,121.90163349824795
lbv,3214,280.033238252,0.5284185402095317,145.86493949142158
lbv,3215,284.182414412,0.544602178751237,144.04136816286575
lbv,3216,252.613396615,0.559454510609309,110.17979709400849
lbv,3217,217.351661288,0.6493428247214775,44.01974349676394
lbv,3218,214.268122476,0.5811077702182069,90.90448713115617
lbv,3219,206.662190008,0.5584513479261658,133.36112850413602
lbv,3220,200.56973237,0.5099398308882007,56.26163213393267
lbv,3221,193.110732206,0.5717375758217602,53.39636395024318
lbv,3222,191.059760478,0.613473200216526,10.679259954714308
lbv,3223,203.277016548,0.5617618003086736,44.540239670697375
lbv,3224,206.544109221,0.4858848069173594,100.02001716763365
lbv,3225,209.585822138,0.5451665771712223,52.87514277439492
lbv,3226,228.985686223,0.5248447060585022,45.58194328756893
lbv,3227,216.083270752,0.592684807842725,38.02836411420037
lbv,3228,192.808122193,0.5836043953895569,9.89777634564568
lbv,3229,195.600114137,0.5884068459272385,19.79555269129136
lbv,3230,197.348493739,0.3079015592734019,7.813993566176471
lbv,3231,211.998677471,0.34318357095366614,95.33077895220589
lbv,3232,164.271504405,0.43506746979860167,67.7213664335363
lbv,3233,169.364760439,0.3978913164637388,68.50279092227711
lbv,3234,176.691877359,0.45437797004950103,46.623655610926
lbv,3235,168.69394197,0.41433531045913696,41.15384126551011
lbv,3236,170.755657881,0.4896566420793533,29.172393439797794
lbv,3237,172.248814413,0.43891519327761713,78.92174521053538
lbv,3238,175.090074711,0.4803099779706252,49.4889607149012
lbv,3239,179.821646622,0.5182624859053915,21.358420787138098
lbv,3240,188.758992126,0.5503707528114319,12.762967577167586
lbv,3241,175.619957136,0.5319572053293684,34.90286718630323
lbv,3242,178.094064342,0.4780503876747623,24.223648071289062
lbv,3243,175.35570616,0.4978419840335846,39.591451009114586
lbv,3244,172.592506881,0.5013577603263619,42.19620199764476
lbv,3245,157.785736079,0.48967847457298863,30.47508544921875
lbv,3246,149.752549806,0.4246667057780896,61.47124259799135
lbv,3247,156.392422468,0.4276780352780693,89.08133149988511
lbv,3248,166.691899214,0.4493280710472214,64.59707949769263
lbv,3249,180.045414445,0.46525685126717026,28.912466789694392
lbv,3250,184.615811377,0.47101496512763164,53.917963843252146
lbv,3251,196.128871745,0.5409389155752518,53.136616516113286
lbv,3252,196.314640054,0.6031717851879151,32.03831006218405
lbv,3253,200.488354681,0.5230862525089708,49.2296973733341
lbv,3254,193.728329227,0.47406343299409615,59.909210205078125
lbv,3255,193.005051798,0.482042553981668,79.18448606004901
lbv,3256,195.403309934,0.5425256981091067,57.30466760373583
lbv,3257,211.235882045,0.510962397751222,78.40332070144953
lbv,3258,233.904402896,0.4955385911123485,145.60645988314758
lbv,3259,236.527905294,0.4953039967824542,164.1005177217371
lbv,3260,221.606539874,0.5741460635299571,89.08330260632084
lbv,3261,244.583010478,0.5441629198881296,33.862147791245405
lbv,3262,207.76687468,0.5213791877031326,6.251482077205882
lbv,3263,208.878135644,0.5266517996788025,57.30531819661458
lbv,3264,211.326332212,0.5340922438737119,17.191618795955883
lbv,3265,211.721387826,0.5475024512180915,6.772460608388863
lbv,3266,199.342244287,,0.0
lbv,3267,191.788362736,0.5170156955718994,3.9072014303768383
lbv,3268,181.042217642,0.5170156955718994,5.470082002527573
lbv,3269,203.81812792,,0.0
lbv,3270,209.441169911,,0.0
lbv,3271,194.827374716,0.5315122604370117,0.26048099293428306
lbv,3272,192.03954434,0.3423333676996399,103.41137898763021
lbv,3273,240.33141831,0.41099340750111474,117.21708200492111
lbv,3274,244.337695689,0.3905909003171705,138.57667694091796
lbv,3275,203.991273351,0.30428638052609236,93.77378800336052
lbv,3276,215.188491439,0.25864594236568167,28.13214434455423
lbv,3277,250.170206721,0.30411259652851347,37.24900168624579
lbv,3278,259.984205005,0.41775953811365407,37.24890274347044
lbv,3279,278.675935119,0.3667129104447471,58.08744117886412
lbv,3280,266.370541493,0.4397023809766306,134.14792408662686
lbv,3281,238.724133469,0.4201019471793464,68.7670238719267
lbv,3282,219.888536508,0.41583715075497435,108.62050538904528
lbv,3283,226.283379579,0.4258368180905685,179.9920658784754
lbv,3284,230.217408083,0.44210646232312495,120.60239129159964
lbv,3285,224.153691926,0.48962853623159,300.8541840497185
lbv,3286,219.555408014,0.4346353243205957,163.58120341581457
lbv,3287,216.555555025,0.4255634512423757,174.26068402458642
lbv,3288,205.222091056,0.40838016140950867,152.11973619648055
lbv,3289,195.297799307,0.36520221960573745,106.5358185412837
lbv,3290,187.930394158,0.38265516685369694,40.63465459487017
lbv,3291,194.546909654,0.3901689473512399,71.37102179433785
lbv,3292,210.649993837,0.40224851675522644,101.58631247726142
lbv,3293,202.308341496,0.39327459066811177,52.61645720238779
lbv,3294,190.128429693,0.38635628753238255,56.26306295955882
lbv,3295,207.110067019,0.3869136298289064,31.778157731598498
lbv,3296,233.947845095,0.4024086069035273,24.22429953182445
lbv,3297,277.599574716,0.4307578997479544,46.8856803744447
lbv,3298,326.657566904,0.4367976615857045,84.13363512824563
lbv,3299,344.125802505,0.4299062941695603,36.98752821380017
lbv,3300,310.537363572,0.4105227066333904,67.20269129136028
lbv,3301,307.952678231,0.3205839533890997,14.586606732536763
lbv,3302,238.623060156,0.32792740483437816,32.29890316233915
lbv,3303,207.868473034,0.4041227069722504,30.99647396312041
lbv,3304,214.520237195,0.2872198894619942,71.89079679601332
lbv,3305,213.327834842,0.2955346703529358,11.460824046415441
lbv,3306,182.256429947,0.3686615008860826,41.675758511412376
lbv,3307,195.241245836,0.31942447566714127,137.00892082663142
lbv,3308,190.180784432,0.356162630720064,66.68110127168542
lbv,3309,158.674030942,0.5015233283042907,65.11819876876532
lbv,3310,175.083146684,0.576253972270272,22.92160596660539
lbv,3311,152.157749069,0.56562340259552,21.09826004925896
lbv,3312,140.507682906,0.5562998329599699,9.37700222239775
lbv,3313,141.6523136,0.5179830423810267,51.57343570484834
lbv,3314,175.683960312,0.49367031913537246,27.08904009052351
lbv,3315,158.564045819,0.5327298455424123,40.11260124655331
lbv,3316,156.419169453,0.6301894411444664,3.125656457040824
lbv,3317,150.450568459,0.5880568623542786,11.200252996706496
lbv,3318,160.943078009,0.5880568623542786,1.823296999463848
lbv,3319,193.171642546,0.5083663572867712,23.44231908461627
lbv,3320,181.265399349,0.49883490800857544,11.460683186848959
lbv,3321,175.959002543,0.4728461682287037,60.949953864602485
lbv,3322,184.200088561,0.5568362985338483,20.05619557698568
lbv,3323,199.013765169,0.4561475293253953,82.82934166403378
lbv,3324,200.333396943,0.4806299942991008,89.86202015596277
lbv,3325,190.500600195,0.5112205065213717,84.65262768315333
lbv,3326,189.102837083,0.5131430040567349,50.79158558565028
lbv,3327,179.409045753,0.5928377442889742,39.85192108154297
lbv,3328,182.552699542,0.5226778398667064,87.5179443359375
lbv,3329,180.578269894,0.5164255526195579,76.57820533303654
lbv,3330,170.234066984,0.586159884929657,21.619053260952818
lbv,3331,202.377053106,0.5563858416772658,40.37299385818781
lbv,3332,232.182348967,0.5703501208968784,11.98166644526463
lbv,3333,211.516091066,0.3467206358909607,14.06543399586397
lbv,3334,249.783172773,,0.0
lbv,3335,298.707608625,0.3700646162033081,3.646619131050858
lbv,3336,225.608795319,0.3700646162033081,74.49521939146751
lbv,3337,216.716389433,0.48019399315293065,44.54093606986251
lbv,3338,193.192688859,0.5415531032404323,40.89437040441177
lbv,3339,164.688088156,0.5582553042548877,85.1750540340648
lbv,3340,179.820927894,0.5358055582413306,101.5850143432617
lbv,3341,181.449877449,0.5738548577808942,95.33372084673714
lbv,3342,168.565011155,0.5860421559085017,29.95460734647863
lbv,3343,174.706315545,0.611438845374943,58.867362886316634
lbv,3344,149.425205006,0.5660373250387872,81.0077464384191
lbv,3345,162.15883365,0.547928225798685,63.55592926623773
lbv,3346,145.10110122,0.6074011374164271,28.91278578814338
lbv,3347,163.346805646,0.5676272988319396,58.60699821920956
lbv,3348,166.925589798,0.5978846456422362,22.400933419021904
lbv,3349,186.475122999,0.6054134454045976,3.646667989095052
lbv,3350,204.029791836,0.5381909024775328,51.83481259813495
lbv,3351,202.579960435,0.533492552221946,27.61054852055568
lbv,3352,196.152494201,0.595137508019157,11.98195193421607
lbv,3353,182.854815844,0.5692033474671774,46.62544435987285
lbv,3354,198.03375541,0.5451157323825053,50.79316899916705
lbv,3355,202.489208881,0.49376181641202055,40.895055553959864
lbv,3356,200.649179471,0.5330831348226311,23.182570992264093
lbv,3357,187.992354947,0.6065669059753418,2.865265909830729
lbv,3358,192.941298927,0.36990601042421856,10.679643189673332
lbv,3359,197.270501276,0.4077991180949741,14.065897533940335
lbv,3360,190.988072809,0.40791233340088207,12.763541726505055
lbv,3361,191.047773153,0.432950900335397,29.173814212574683
lbv,3362,181.660776219,0.44860682281709857,21.880390391630286
lbv,3363,156.45439687,0.4709008736441834,51.57529988008387
lbv,3364,156.711645414,0.48181119694071967,40.89559532614315
lbv,3365,153.869847494,0.4702206738924576,30.73686403760723
lbv,3366,139.539000511,0.5169462124506632,27.350639492857688
lbv,3367,130.890258339,0.5350326483709771,74.23738762350644
lbv,3368,137.3000933,0.5706060752272607,43.76100143731809
lbv,3369,107.89627839,0.5298768652207922,85.95927025290095
lbv,3370,137.419290234,0.5444767791291942,59.91106070724187
lbv,3371,154.16478769,0.6339558464590854,56.52486889409084
lbv,3372,170.649301687,0.5729826710694609,77.88449677112055
lbv,3373,168.728590223,0.6653713375329972,31.258045869715072
lbv,3374,182.377654391,0.6197246329393238,66.68383118872549
lbv,3375,192.818628391,0.5208723775264044,69.80965013691024
lbv,3376,176.817404333,0.6035392313276619,59.12990531173406
lbv,3377,196.880731442,0.5747380302857984,33.60246982948453
lbv,3378,162.031677865,0.5924389436841011,62.51631433823529
lbv,3379,145.320591356,0.5239810983937485,34.64449926638136
lbv,3380,165.352167583,0.5022647722253522,26.82998645258885
lbv,3381,149.367452381,0.5073827680419474,44.282553130505136
lbv,3382,161.465550799,0.4888797433019799,55.744003086464076
lbv,3383,170.279022485,0.5667989253997803,8.856538899739583
lbv,3384,176.35393324,0.5561988949775696,29.435021613625917
lbv,3385,182.89537941,0.5561988949775696,0.5209738338694853
lbv,3386,181.578432618,0.4294839643296741,38.29170873305377
lbv,3387,183.385230233,0.46199264523819983,60.954216811236215
lbv,3388,188.205134889,0.4959904322666781,58.34939476461972
lbv,3389,168.214007688,0.5316623006391963,28.393277755438113
lbv,3390,154.638030542,0.5103965401649474,13.545452282475491
lbv,3391,165.997158791,0.4992036819458008,15.88986801446653
lbv,3392,176.754609968,0.4333450496196747,13.805974683574602
lbv,3393,181.393117743,0.5000942707061767,2.60490644866345
lbv,3394,190.068925246,0.525572565441229,25.528136159859454
lbv,3395,195.729186971,0.5205433853161641,50.79586073931525
lbv,3396,196.938940295,0.5496287739392622,80.49201337028951
lbv,3397,193.245026244,0.5954023756478962,39.59484264897365
lbv,3398,176.592766419,0.6243790984153748,8.075277141496247
lbv,3399,181.842730853,,0.0
lbv,3400,187.959989561,,0.0
lbv,3401,192.118055574,,0.0
lbv,3402,204.274383253,,0.0
lbv,3403,202.618074964,0.5284257531166077,1.5629678165211396
lbv,3404,200.843578125,0.24263298511505127,23.96559184953278
lbv,3405,202.420240801,0.39281420707702636,2.604959226122089
lbv,3406,185.992907812,0.5328729152679443,20.058192952473956
lbv,3407,187.764616931,0.39827584334321925,28.91513366699219
lbv,3408,171.429284388,0.34820422127440176,9.638394194958256
lbv,3409,178.25421506,0.4422144492467245,1.5629851696537989
lbv,3410,185.692221106,,0.0
lbv,3411,171.454061882,0.41755148768424993,28.915309771369486
lbv,3412,152.2731743,0.40746888518333435,6.251958869485294
lbv,3413,160.990931377,0.48850685358047485,1.0419949400658701
lbv,3414,162.402299072,0.47697244953401025,26.31037223666322
lbv,3415,178.329970378,0.48275689482688905,5.209960339116115
lbv,3416,179.727724646,0.4506535232067108,4.68898530847886
lbv,3417,170.234979848,0.4186651751081995,24.48692327761183
lbv,3418,179.890622651,0.3997548222541809,69.29278289196537
lbv,3419,181.901066752,0.38864871356077996,95.60321526620902
lbv,3420,190.020852829,0.3993266195832909,40.11694297042548
lbv,3421,185.691852539,0.38589738661592654,71.63739896288104
lbv,3422,204.077742494,0.4525109289622889,21.360990935680913
lbv,3423,212.432422807,0.4623027374069174,74.50300493427352
lbv,3424,184.57514578,0.46712584562342746,30.217980448404948
lbv,3425,184.725565883,0.6054997444152832,2.083993470435049
lbv,3426,185.612576626,0.5548751950263977,3.126006721047794
lbv,3427,171.471668897,0.5751107931137085,14.84853192497702
lbv,3428,181.473847703,0.5332964386856346,29.697063849954045
lbv,3429,197.456083166,0.4306950569152832,51.5791108972886
lbv,3430,181.685106728,0.4306950569152832,8.075517362706801
lbv,3431,192.714118525,0.5308310985565186,13.80648052739162
lbv,3432,199.185658845,0.5415552289862381,24.747465096267998
lbv,3433,194.752028663,0.5429437671388898,18.23497428146063
lbv,3434,189.102709703,0.5703905986957862,15.89047758812998
lbv,3435,169.252709237,0.4797081180981227,38.29356285544003
lbv,3436,164.732370908,0.49174755962589123,61.73863274069394
lbv,3437,169.273819583,0.47035024091601374,83.36017922794117
lbv,3438,164.606254237,0.44960626133953224,86.48618594898896
lbv,3439,163.903287891,0.4242126631575661,96.38520723230698
lbv,3440,167.445085602,0.40376475996045913,87.26769884894877
lbv,3441,188.231140033,0.44468883218036764,37.51214527803309
lbv,3442,188.488436253,0.49155792097250606,40.638157384535845
lbv,3443,186.498059499,0.49948094767682694,44.28517150878906
lbv,3444,185.387353919,0.5066215102609835,49.49519168629366
lbv,3445,197.663521655,0.4814724454421871,78.67121133243336
lbv,3446,193.486017328,0.3995381245196191,47.67167205810547
lbv,3447,177.255859006,0.3469785451889038,16.932565576889935
lbv,3448,180.026307476,0.3325193226337433,9.378036319508272
lbv,3449,194.621481323,0.35972848709891825,13.285551452636719
lbv,3450,179.879750034,0.4839941192381452,26.310525033988206
lbv,3451,186.564608615,0.4977347950807354,38.814513890883504
lbv,3452,176.315765837,0.4139649095013738,58.352024931066175
lbv,3453,165.158570586,0.43345889236245844,25.529010907341455
lbv,3454,166.835456701,0.46584636926650996,32.562454074036836
lbv,3455,170.855792054,0.5285427804086722,13.285455681295955
lbv,3456,176.46892459,0.5002333770195644,23.44489916633157
lbv,3457,164.44658595,0.4859987241881234,32.82283926571117
lbv,3458,153.037705925,0.5464405381499823,51.83913741766238
lbv,3459,151.89688262,0.47940538880191264,41.15866100834865
lbv,3460,138.738615745,0.4549810970928652,36.73013362510531
lbv,3461,162.423029049,0.422657967668719,58.872344282561656
lbv,3462,170.484373578,0.44742517896107775,69.81313237208946
lbv,3463,166.888430121,0.5029597737903678,59.65368152693207
lbv,3464,157.52654024,0.46546460775768056,13.285290796616499
lbv,3465,167.389206777,0.424379352512567,59.91398276534736
lbv,3466,159.595462883,0.4352735412713573,47.1495896283318
lbv,3467,157.863186395,0.5355511903762817,20.058086978687957
lbv,3468,160.837069704,0.3977252244949341,21.621017545812272
lbv,3469,173.07509103,,0.0
lbv,3470,171.623929451,0.5271836519241333,6.512320275400199
lbv,3471,176.643957473,0.5271836519241333,8.856755574544271
lbv,3472,175.96034496,,0.0
lbv,3473,164.618814712,0.36666667461395264,13.806071412329581
lbv,3474,160.195694192,0.36666667461395264,3.38639487472235
lbv,3475,147.01321077,,0.0
lbv,3476,157.32400676,0.5126629769802094,3.1258828555836398
lbv,3477,180.30688507,0.49908604867318096,39.85498037899242
lbv,3478,194.988604884,0.47851083004796824,28.91433922262753
lbv,3479,197.306300005,0.47803913979303264,16.41081662645527
lbv,3480,156.423552067,,0.0
lbv,3481,156.221373568,0.5361422747373581,6.772694396972656
lbv,3482,152.859630249,0.53864985704422,2.0839061063878677
lbv,3483,195.018260592,0.4145466387271881,2.3443822524126836
lbv,3484,171.46120223,0.6537262052297592,2.083898028205423
lbv,3485,179.692730856,0.6000402585989765,76.58315582275391
lbv,3486,188.005152297,0.6684985160827637,32.30037769990809
lbv,3487,175.304757315,0.5373547077178955,43.501235184015016
lbv,3488,174.931411749,0.571071071001504,62.777231612859985
lbv,3489,176.568697697,0.4859972298145294,3.125826487821691
lbv,3490,175.929433712,,0.0
lbv,3491,155.655423723,0.4458991530512975,31.518804722206266
lbv,3492,161.385598573,0.5094558586030316,44.02220270493452
lbv,3493,151.479526722,0.4840601086616516,18.75505801930147
lbv,3494,163.566739053,0.45277432671615053,21.880938720703128
lbv,3495,181.806965527,0.42681120720601856,16.150226099350874
lbv,3496,171.74532022,0.40907469685924674,39.59411190257353
lbv,3497,163.124801419,0.3719135820865631,3.1258591595818013
lbv,3498,153.948458045,0.38571836716598934,14.066363525390626
lbv,3499,164.481836419,0.4989295228322348,19.53665340647978
lbv,3500,181.188346226,0.5004339814186096,20.57860825482537
lbv,3501,177.623311864,0.4942370653152466,31.519192086014094
lbv,3502,183.255444282,0.5420023202896118,7.554199547861137
lbv,3503,193.813346819,0.5412486616853645,49.75349890017042
lbv,3504,169.521918166,0.5531729102488441,87.78498998903761
lbv,3505,136.207187596,0.6004663862883401,120.60672511680451
lbv,3506,146.040642736,0.5975260699308047,145.35335172765394
lbv,3507,150.10784462,0.5945078475729125,149.2608771829044
lbv,3508,166.224369839,0.6263175310635412,120.60710568895529
lbv,3509,140.022698437,0.6303067655939805,98.98640411975336
lbv,3510,136.956633125,0.6133940743537528,100.8098378798541
lbv,3511,154.153368022,0.5674299103740588,66.94608624028224
lbv,3512,193.467889885,0.47966482825037365,35.947760189280785
lbv,3513,214.664105691,0.4524782330825411,30.21694539388021
lbv,3514,198.821047881,0.43223090129986147,44.54386345358456
lbv,3515,161.947569062,0.42868202924728394,40.63645378561581
lbv,3516,139.006315077,0.6111333737006553,3.3863599291034774
lbv,3517,162.130542526,0.5720289691344841,74.49982527190564
lbv,3518,124.368178588,0.5763899987158568,59.91235845229205
lbv,3519,130.033763796,0.5710256590562709,48.71129446590648
lbv,3520,147.149820281,0.5177234411239624,15.62926887063419
lbv,3521,151.951071431,0.528665828704834,6.5121751673081345
lbv,3522,171.862114208,0.5496320518013699,39.85449829101562
lbv,3523,167.600723459,0.5750544980420905,15.368699376723345
lbv,3524,161.174140231,0.5739047057547811,30.737351241766238
lbv,3525,176.471300168,0.599965683345137,7.554088757084865
lbv,3526,155.251973329,0.5926979184150696,6.251642204733455
lbv,3527,173.827572372,0.5731216406822204,26.048463350183823
lbv,3528,149.377568306,0.5835670232772827,11.461283485562193
lbv,3529,116.888418602,0.5578168008638466,17.97335079417509
lbv,3530,118.130360369,0.5554705303290794,75.5401455748315
lbv,3531,125.370055888,0.6026349213388232,23.443474264705884
lbv,3532,156.317444862,0.5472813248634338,20.578107168160233
lbv,3533,155.25151904,0.4515914649647824,53.13837028952206
lbv,3534,182.243082415,0.5641329648594061,31.257798976524207
lbv,3535,179.460153905,0.5686156526207924,10.419259912827435
lbv,3536,147.388165796,,0.0
lbv,3537,86.8592398438,,0.0
lbv,3538,95.9919708378,0.5453478879646348,83.61411061006433
lbv,3539,85.8605941336,0.5638548908026324,89.8654873717065
lbv,3540,88.6274566131,0.5454107502873023,46.36531207514744
lbv,3541,144.113044315,0.5867477468748533,73.19454474355659
lbv,3542,159.48848991,0.5798456293328518,97.15844912061503
lbv,3543,123.73320445,0.5484948130364113,61.21234235576555
lbv,3544,139.623500717,0.5401106476783752,28.392044246897974
lbv,3545,137.715285554,0.5755461079102975,14.065763944738052
lbv,3546,126.325066488,0.6080323916215162,3.386196480545343
lbv,3547,125.741528394,0.6025231080268746,17.45190028770297
lbv,3548,144.416312464,0.5585127157323501,106.27404946719899
lbv,3549,170.669563807,0.5664692842927517,94.55256443397671
lbv,3550,169.563644385,0.6305156842522,23.96369826372932
lbv,3551,174.408834452,0.5310052037239075,32.038323077033546
lbv,3552,140.976345805,0.5310052037239075,16.93082113826976
lbv,3553,119.594312062,,0.0
lbv,3554,153.376900005,0.5453579764394365,88.03980473537072
lbv,3555,189.425361063,0.5637599885545478,189.88450200697955
lbv,3556,162.000404418,0.5600092775076143,159.92987835454008
lbv,3557,167.909798522,0.5699670161028733,171.65082202986173
lbv,3558,149.362536548,0.5864956690698653,146.90577859317557
lbv,3559,120.86660163,0.5943954723550114,121.6398650524663
lbv,3560,103.016638443,0.5897621551547387,103.14624113195082
lbv,3561,105.927279024,0.5717899152542263,107.05311135684742
lbv,3562,97.1912252809,0.5504804404227288,94.81088286755133
lbv,3563,107.904439707,0.5499226215601531,110.1783806295956
lbv,3564,106.456239823,0.5292985218162912,106.01067959654566
lbv,3565,119.328813462,0.5022331724030142,72.6706324857824
lbv,3566,137.703641455,0.4656689897079595,38.8096472347484
lbv,3567,162.332138994,0.49639845351149753,67.98194283878101
lbv,3568,178.959705522,0.5176917889288493,58.344543636546405
lbv,3569,107.119485697,0.4971490606429085,16.409381701899513
lbv,3570,137.249476375,0.6048967222035941,15.367467304304533
lbv,3571,150.57548427,0.61370353506069,25.786081112132354
lbv,3572,172.552577513,0.5394627497746394,60.94882148293888
lbv,3573,175.629137032,0.6206970634217747,43.497663640040976
lbv,3574,175.268498131,0.5370801345729009,121.37656112371707
lbv,3575,159.860258302,0.592818880708594,98.97656369676778
lbv,3576,153.305660823,0.5707342597126226,126.84618410596661
lbv,3577,141.121600102,0.6569262491332161,46.88363288430607
lbv,3578,158.875482078,0.6683463971569854,41.41387571447036
lbv,3579,145.680592382,0.5430233400892205,110.95782928466797
lbv,3580,158.079278841,0.5455521020801161,126.84617557899625
lbv,3581,186.839726246,0.5683543410645909,108.0928337246764
lbv,3582,177.475477064,0.5065828524977225,151.85094404033586
lbv,3583,120.072617556,0.5223811430262293,121.6371374990426
lbv,3584,144.823395015,0.4752592202720292,141.9535655601352
lbv,3585,142.345899912,0.5201970217198226,83.60944599824793
lbv,3586,163.123581694,0.49789645680875494,103.14441519344552
lbv,3587,162.027952529,0.5240694606367917,48.70715607287837
lbv,3588,178.928513477,0.5712425736435355,61.730446669634645
lbv,3589,140.248112779,0.5725200613339742,7.81400478587431
lbv,3590,153.228550766,0.5833005637203881,56.78181313907399
lbv,3591,173.871037438,0.5645017324631184,62.25175897934857
lbv,3592,194.105466645,0.5584269079748073,81.00555222455193
lbv,3593,210.330222378,0.5674776428312228,94.28954401951209
lbv,3594,187.720733037,0.5675729005319691,109.13640854779413
lbv,3595,165.961558107,0.5696473932969189,106.01088101256127
lbv,3596,131.719599682,0.5024757362761588,13.804890052945005
lbv,3597,158.622637235,0.6065961932524656,10.158304999856389
lbv,3598,182.178611966,0.2671036422252655,2.344234690946691
lbv,3599,183.547875582,0.2671036422252655,9.376938763786764
lbv,3600,195.65995782,0.35525584700754137,30.735549238616343
lbv,3601,169.23634009,0.3957342737250858,70.32715513939951
lbv,3602,161.895956247,0.4579877355018583,92.98810676125919
lbv,3603,125.172531786,0.5377583637365846,58.085029631969974
lbv,3604,167.551925414,0.7038707335789999,34.38223616656135
lbv,3605,169.750385494,0.5290722203977181,42.97788821949678
lbv,3606,157.727568687,0.44330083450885743,25.786747023638554
lbv,3607,152.623435384,0.5024304356839921,4.688511508118872
lbv,3608,163.355753852,0.36807624733710026,47.40613582835478
lbv,3609,151.948799245,0.3665997699687355,9.898001457663144
lbv,3610,166.191440197,0.36364157182665974,54.17853151209215
lbv,3611,159.151820084,0.3547394871711731,56.001850352567786
lbv,3612,162.215601147,0.3739107557840272,98.71954085406136
lbv,3613,164.775059008,0.37984240032591915,69.02551051121132
lbv,3614,167.928916926,0.38853680930639556,89.0818696564319
lbv,3615,160.517197302,0.40167365368180624,77.62102382884305
lbv,3616,200.191832938,0.41661750502461425,119.2965591131472
lbv,3617,149.688604967,0.4203237423220196,96.3747672286688
lbv,3618,164.903196209,0.46898780128817724,103.40738324932025
lbv,3619,112.272194028,0.5415735424420479,108.87709787406172
lbv,3620,142.943406686,0.5719539929270525,141.4358216229607
lbv,3621,143.599384869,0.6031333766944058,146.12403133616726
lbv,3622,144.533889105,0.6420421312340592,147.16566766477098
lbv,3623,100.81553305,0.6421881150698724,99.23897238338695
lbv,3624,109.753820655,0.6215878891004488,112.26227584539674
lbv,3625,101.74421048,0.6197856376492643,102.36427307128908
lbv,3626,100.907648005,0.6088347993299641,98.71754042681525
lbv,3627,92.9646806276,0.5851229831576347,93.76847121294806
lbv,3628,97.3676320354,0.5494471829953846,97.15437846464269
lbv,3629,105.141879402,0.542538885995159,66.15865927303538
lbv,3630,144.266873445,0.5557261079632344,94.02845746208641
lbv,3631,144.397109947,0.5621804641051726,114.60515184589461
lbv,3632,144.895163656,0.583314182581725,77.35832546458525
lbv,3633,165.292823585,0.5725998494584681,92.2047279806698
lbv,3634,154.499389068,0.5595274172427895,118.25103541355509
lbv,3635,77.3718352834,0.5836903159935725,76.31611690147251
lbv,3636,120.729299654,0.6074691394445161,129.4506935269225
lbv,3637,92.3832271763,0.5721487770246906,89.59953756893383
lbv,3638,119.795073173,0.5617936525913264,117.98999759449678
lbv,3639,127.451801265,0.5413530960438714,129.18978723264206
lbv,3640,132.044189796,0.5220290420083661,131.7942756802428
lbv,3641,122.891273896,0.5391100954550964,121.89653571633731
lbv,3642,131.173630929,0.5638910039044753,131.012592420391
lbv,3643,155.023940013,0.5536149666099351,150.80753646551395
lbv,3644,242.242935986,0.5799958703180426,171.12348246854896
lbv,3645,121.58782823,0.5493528401410137,14.064911157944625
lbv,3645,6.54376810507,,0.0
lbv,3646,0.143322289958,,0.0
lbv,3646,4.6139900922,0.563132107257843,3.6464536779067096
lbv,11163,90.4075696314,,0.0
lbv,11163,22.8054527509,,0.0
lbv,11164,150.151365118,0.4614411649795679,6.774246036305147
lbv,11164,9.67027778292,0.4455825984477997,3.3871218213848038
lbv,11165,133.359452378,0.5390576124191284,10.421945908490349
lbv,11166,169.26345639,0.5581990024074912,16.67512826358571
lbv,11167,174.964081862,0.5979277345267209,28.66041879092946
lbv,11168,186.093037306,0.5647819001166546,79.46764553294463
lbv,11169,202.674765373,0.5985051544631169,91.97412917193245
lbv,11170,193.51639561,0.5655992663131569,69.04577131084368
lbv,11171,178.554490438,0.5312400180936435,53.933971090877755
lbv,11172,165.321404188,0.5197087987413946,27.61840554031671
lbv,11173,179.216208658,0.5381120124248543,25.794566704245177
lbv,11174,168.882747155,0.5871333479881287,2.8660685520546108
lbv,11175,177.68903022,0.6004003806639525,30.745177714029946
lbv,11176,219.748441185,0.6384165026623793,103.17893646838617
lbv,11177,256.799195894,0.6308338056564331,162.84574752508425
lbv,11178,228.266905195,0.5755922450559345,132.36119426652496
lbv,11179,237.062487262,0.5679055003298296,77.12397876814299
lbv,11180,253.320626983,0.5315510516642717,153.98753213321461
lbv,11181,241.948315627,0.5617566640153894,52.8925890155867
lbv,11182,236.833594229,0.5580226066928581,38.82270726222618
lbv,11183,219.44509589,0.5584969018344527,28.140001424153645
lbv,11184,203.434177138,0.5780593917981999,77.12445211971507
lbv,11185,211.289941481,0.6447770608508068,35.956663393506815
lbv,11186,203.768341609,0.613877318495867,83.11707620059742
lbv,11187,225.346426697,0.5919540477271127,26.31602974685968
lbv,11188,197.666537887,0.5109925923510368,83.8984240064434
lbv,11189,202.594625467,0.5355290386411878,35.174809624167054
lbv,11190,191.226441864,0.517598323429687,41.16754377776501
lbv,11191,199.144673252,0.4653682213668761,158.41686072256053
lbv,11192,170.767386351,0.45877260655347557,169.8813471775429
lbv,11193,170.577497015,0.46236389341639045,174.57157571830004
lbv,11194,180.835310541,0.4564495206736832,144.868534970751
lbv,11195,172.914433331,0.5103712852380072,67.22331399356618
lbv,11196,173.610746773,0.4959152857182731,55.498387774299175
lbv,11197,181.091789425,0.5288958132266999,37.78067644904642
lbv,11198,161.737033614,0.517162635922432,60.449103142233454
lbv,11199,194.222765134,0.5599455067964451,76.08259959501378
lbv,11200,191.090825243,0.563525792681941,121.68014035692403
lbv,11201,186.347376857,0.5305093088640054,65.92099346086091
lbv,11202,174.084260247,0.5049279262683144,42.47093042111864
lbv,11203,188.862873331,0.4405265793306138,114.3850398643344
lbv,11204,159.359007714,0.49179061381804834,103.1811840281767
lbv,11205,171.191154186,0.500180129849498,127.93444192923752
lbv,11206,180.958326354,0.4866944133891343,180.5675850064147
lbv,11207,156.433668554,0.4805003110936865,143.04728013580922
lbv,11208,158.593743698,0.5187829497125415,117.2520523071289
lbv,11209,162.43425231,0.5555226424122384,94.3228946760589
lbv,11210,189.350976011,0.5387052341267982,120.90015755447689
lbv,11211,213.704704768,0.5266289643055417,100.57653658997778
lbv,11212,216.770739804,0.4631348914526245,195.94188316195618
lbv,11213,181.148704529,0.44236218224044976,170.66756364411
lbv,11214,203.11824427,0.43575219365984497,206.36453043619792
lbv,11215,226.829888686,0.47349973826108616,223.82240783093022
lbv,11216,207.885097281,0.48140918677284195,206.10443570006132
lbv,11217,209.802110189,0.4546588936662363,199.33008171530332
lbv,11218,199.079993537,0.4870177727083073,141.74608324836282
lbv,11219,203.465454885,0.49410160671649767,205.06296709846046
lbv,11220,186.611363927,0.5118715846139077,147.7393389533548
lbv,11221,251.592295716,0.5869512328940831,115.95087450812845
lbv,11222,239.285547016,0.5508367023523281,157.38058791815067
lbv,11223,311.040770458,0.48775092267765197,276.1978395349839
lbv,11224,391.366477189,0.5086695071821365,309.2899714152018
lbv,11225,471.394360609,0.5666928868740798,150.08548951990466
lbv,11226,572.114881956,0.5250659815187464,241.54427633846507
lbv,11227,593.735815966,0.5070977084444347,293.9183139576631
lbv,11228,609.309269596,0.5483579583141515,281.1511874928194
lbv,11229,491.339215813,0.5104219687992589,255.8763533049939
lbv,11230,439.57711513,0.5933890224259197,246.49641352634805
lbv,11231,216.77608783,0.611805111491423,144.87547236423868
lbv,11232,322.672617775,0.4430280801653862,130.28388513303273
lbv,11233,334.232787355,0.4669987707687863,120.90357806635838
lbv,11234,295.67584012,0.37274649313517977,116.73490717270795
lbv,11235,286.202565084,0.332764488324475,81.03716349882238
lbv,11236,348.261971932,0.2953714722557291,200.89929540297564
lbv,11237,243.827750248,0.2710675260534993,56.283057986988744
lbv,11238,315.138275986,0.4159834951503913,181.87694238400925
lbv,11239,299.956107267,0.4024806477271827,163.6372131347656
lbv,11240,306.502587862,0.4103159438382398,144.61571038938035
lbv,11241,226.494652059,0.30626684427261347,65.66355770335478
lbv,11242,240.523043529,0.3102773101890789,66.44526672363281
lbv,11243,251.592604597,0.31287470069087925,63.5790003159467
lbv,11244,257.853635462,0.3770470310140539,56.28299303241805
lbv,11245,258.483669103,0.417369764574148,56.282944862515315
lbv,11246,267.41852071,0.42880528836834186,63.83947502585019
lbv,11247,284.023027565,0.4412061821107994,76.08621036305148
lbv,11248,279.151980085,0.47821188366885753,118.29844593721278
lbv,11249,263.733534185,0.5002513040195812,83.12157862046186
lbv,11250,217.819609503,0.5046123262890223,93.28362713982077
lbv,11251,227.798982588,0.5424580651488008,46.120665187461704
lbv,11252,238.829822534,0.5497322693143203,95.8891352634804
lbv,11253,224.050437267,0.5623988807201385,41.6908893959195
lbv,11254,208.021741159,0.5682887849600419,47.94447960947075
lbv,11255,199.53989592,0.640320360660553,27.099009554993874
lbv,11256,200.926228813,0.5954203294204162,57.84589089786305
lbv,11257,205.917420581,0.6021498113035042,83.64198934517654
lbv,11258,194.778283059,0.6242975486649408,35.17653835521025
lbv,11259,218.000137658,0.571727181394254,64.62051268932866
lbv,11260,230.558696847,0.630079151152041,81.55731272977941
lbv,11261,250.688309553,0.6090318116828473,142.79026357613358
lbv,11262,201.216189804,0.6079639969787127,74.00074253456265
lbv,11263,172.500355841,0.6133472147869737,38.04263939950981
lbv,11264,227.166530533,0.6063438768440721,92.24037224264706
lbv,11265,216.356014671,0.5730325118682095,111.52227519914214
lbv,11266,196.081313867,0.5569001121420256,37.000388231464456
lbv,11267,227.36508303,0.6019814458428597,51.071034390318616
lbv,11268,202.261413983,0.5863945034367066,56.282364430147055
lbv,11269,236.297416558,0.5454989820271282,86.76864516314339
lbv,11270,252.559436989,0.5373873955984777,116.47325466380398
lbv,11271,262.518448011,0.5679114305857316,134.19185309316597
lbv,11272,257.555254597,0.6069955191897827,143.57227992637485
lbv,11273,275.401438454,0.5767637380197937,212.62247386259193
lbv,11274,295.876477033,0.5815690982407629,235.8129410089231
lbv,11275,306.396792799,0.5899939628893967,245.19338758880016
lbv,11276,295.376415199,0.5938967455206369,208.9745908550188
lbv,11277,240.918239567,0.6301997156992352,76.08557745241652
lbv,11278,289.749994614,0.6268139058673704,154.2557807174383
lbv,11279,282.261780029,0.610223147202293,197.5099681480258
lbv,11280,269.242661455,0.5990544241813858,179.5309019500134
lbv,11281,181.755713507,0.6320467919946832,55.76143158557369
lbv,11282,244.566725174,0.6248222210881661,102.14259610643573
lbv,11283,288.215836284,0.6155491961162978,147.7421724207261
lbv,11284,167.661286607,0.5494023423928481,108.39637436212278
lbv,11285,303.825098671,0.5838088406182996,239.46261812097885
lbv,11286,273.203973227,0.5754662768127993,126.37596579159009
lbv,11287,248.376059089,0.6081910631873392,42.99395707074334
lbv,11288,243.327345215,0.5611262959103251,78.43149548698874
lbv,11289,240.306897145,0.5117902727412783,126.11606615851908
lbv,11290,253.764502716,0.4897044731737816,114.12995635387944
lbv,11291,242.044294076,0.4743196427024726,77.91077587651272
lbv,11292,238.17933765,0.49233893596607703,65.9245693730373
lbv,11293,230.568980077,0.49360059229532877,97.71446721694049
lbv,11294,242.706347476,0.5188726830172401,90.15800820144952
lbv,11295,250.976517092,0.5227593061435654,64.88261817483341
lbv,11296,245.735772192,0.5254567757674626,91.20051484949451
lbv,11297,243.637458917,0.5637621575823197,81.29887695312499
lbv,11298,332.925261186,0.5730544646362682,260.8341141046263
lbv,11299,236.783779771,0.5785686036655091,169.11220412908816
lbv,11300,273.301871213,0.6054619442332874,134.71667980119292
lbv,11301,331.246044656,0.6006531612171483,200.12083040125228
lbv,11302,306.2737627,0.584328857612478,188.39503802131205
lbv,11303,238.004899844,0.5585794485451883,89.11633875229778
lbv,11304,335.721074023,0.5605856829152834,155.5629711375517
lbv,11305,282.560771692,0.5622707467318864,145.13996279847387
lbv,11306,278.64010189,0.5386963254710039,156.3446444343118
lbv,11307,339.250724598,0.5491753114446489,221.74909123439414
lbv,11308,258.859092685,0.5805367367608206,91.20122198965035
lbv,11309,208.449479843,0.5169312527678052,63.58032896752451
lbv,11310,292.309266781,0.5351535113829591,157.90874723546645
lbv,11311,300.895021557,0.5207750374674797,130.287911568436
lbv,11312,270.323163052,0.5173491182359489,96.41319544175093
lbv,11313,291.085913593,0.5353391217284424,89.63835018382353
lbv,11314,307.325311832,0.5539707839488984,104.49139485078699
lbv,11315,299.552591452,0.5531723432278519,108.9213716394761
lbv,11316,296.79086853,0.5480174083495511,133.41588924632353
lbv,11317,290.496262682,0.5320541018520151,131.07091519224878
lbv,11318,278.046080741,0.49261716008186346,108.14024607340495
lbv,11319,263.363531196,0.47003683873585295,58.369773924584486
lbv,11320,248.49445697,0.5161783875125211,42.73506529564951
lbv,11321,228.984638426,0.5140079457533083,101.36574940400965
lbv,11322,268.531255105,0.493407939823847,82.08294193043429
lbv,11323,289.826104497,0.5202330361369631,74.00502376182408
lbv,11324,303.789037441,0.5453482684529858,105.53551617790673
lbv,11325,308.8307915,0.5608989790729855,107.88093270694509
lbv,11326,340.105527856,0.5747534904312822,141.2356615851907
lbv,11327,366.160186978,0.5775119080407495,164.4277927174288
lbv,11328,383.711828213,0.5695025818722864,193.87400144689224
lbv,11329,347.040164477,0.5240939330032893,228.01083733053767
lbv,11330,322.000635588,0.5027265031904968,204.81915866627412
lbv,11331,407.673095132,0.5184409777190508,233.74418822643804
lbv,11332,333.47653969,0.5297413971549586,123.77786287793927
lbv,11333,300.647170741,0.5333317518234252,114.13642353731045
lbv,11334,358.26007276,0.5041392663350471,223.5828710219439
lbv,11335,678.115421885,0.5157301031558383,511.0108569874483
lbv,11336,648.271989204,0.5375885142767253,542.8021626491173
lbv,11337,876.078992626,0.5599712263231679,787.2321803672643
lbv,11338,717.289771885,0.5737775302748184,503.19428139480897
lbv,11339,429.207967975,0.5616341205544099,263.4544111364028
lbv,11340,407.801304371,0.5540293611081919,346.5823240093157
lbv,11341,239.813166231,0.5110066337510943,83.3884573543773
lbv,11342,504.258664521,0.53000003084339,308.5376285627777
lbv,11343,902.81097975,0.47671955194846044,800.0128605262905
lbv,11344,564.648741487,0.5186077576288497,473.49098444919963
lbv,11345,564.518650886,0.5423241353662394,371.3390417659983
lbv,11346,570.986697705,0.5262088809247658,466.71486840341606
lbv,11347,525.621088466,0.5097593095774039,392.7076365751379
lbv,11348,363.381800326,0.5335295749843217,161.82572539086433
lbv,11349,268.0535911,0.44494083615449753,135.5068261539235
lbv,11350,300.136593019,0.4626729168601938,96.418378164254
lbv,11351,271.303413711,0.4349640423931726,106.8421350217333
lbv,11352,251.124139631,0.43884018464964264,127.68941408045151
lbv,11353,248.332622566,0.40790782264602465,132.38006349451402
lbv,11354,237.633130151,0.41151195578277117,50.03347886029412
lbv,11355,252.398533566,0.4139369403559064,82.08617625517005
lbv,11356,272.143624808,0.4171411775464388,103.71523670869715
lbv,11357,289.52302078,0.4474535217156282,144.62798399083758
lbv,11358,297.025140595,0.4886732655225757,141.50081437054803
lbv,11359,295.081033083,0.5181556056992721,106.06048646814683
lbv,11360,304.710650238,0.5237797397627795,104.4970048792222
lbv,11361,318.462799018,0.5623948469471473,162.60865595200482
lbv,11362,370.395803642,0.5849872761524763,155.31207784016928
lbv,11363,425.651462661,0.5519258415253465,285.86829310398474
lbv,11364,321.562151881,0.6104177129553988,97.98224966011796
lbv,11365,342.359219049,0.5529665593499696,208.7338825001436
lbv,11366,327.381200912,0.5805906819756451,132.11994742599188
lbv,11367,310.024613648,0.5257335488047891,200.9164386225682
lbv,11368,203.569435698,0.5470161583112633,29.96808307124119
lbv,11369,207.741230632,0.5442698672413826,7.296581702138863
lbv,11370,227.694966026,0.30661325247391413,29.96823060278799
lbv,11371,210.332883607,0.3068756139680241,23.192804553462008
lbv,11372,198.858289382,0.34105762981988014,48.991441674325976
lbv,11373,235.649651318,0.35077555429160107,128.2115941664752
lbv,11374,202.195369004,0.3364138089797714,114.66067071054496
lbv,11375,212.318736055,0.33876295110174254,53.16084442138671
lbv,11376,207.479118768,0.3248452842235565,49.773064976112515
lbv,11377,218.209146912,0.426865029482194,21.107873894186582
lbv,11378,206.710168804,0.42123931073225457,60.978217091279866
lbv,11379,232.949107719,0.45636503442362875,97.20017718146828
lbv,11380,228.713094568,0.5301298130218679,80.00111137838925
lbv,11381,217.992001734,0.48055146766490636,79.47974706911573
lbv,11382,214.479587232,0.4714397774703467,69.83783081653071
lbv,11383,216.867851953,0.4672375109448511,142.5418575212067
lbv,11384,240.528483426,0.48498275519309203,104.49580090092677
lbv,11385,240.415572903,0.43814018107297126,44.56045388614431
lbv,11386,232.335238623,0.5517949900456838,36.48220178940717
lbv,11387,241.746528157,0.546434760093689,32.833954036937044
lbv,11388,243.200922198,0.3767507076263428,72.18233286539714
lbv,11389,232.671767304,0.3767507076263428,9.902269490559895
lbv,11390,238.727794093,0.4562025637302584,26.840276321710327
lbv,11391,253.410830281,0.4903917107575452,93.54995048373354
lbv,11392,208.425657191,0.4618664795372087,51.335114422966456
lbv,11393,201.061804473,0.4607982336296866,65.92775501924403
lbv,11394,191.769371514,0.48493513919924963,34.13647326301126
lbv,11395,194.567281461,0.46973684430122375,3.1269944134880516
lbv,11396,203.421142819,0.48567256331443787,11.726229050580194
lbv,11397,200.791265798,0.4497980047253114,41.172022740981156
lbv,11398,193.388044932,0.4125072956085205,79.73807911592371
lbv,11399,199.061830132,0.43737887369619843,9.641531342151119
lbv,11400,188.241754952,0.4861681439258434,7.035688602223116
lbv,11401,170.721065825,0.5071967244148254,3.3875477211148133
lbv,11402,182.414028202,0.49939581751823425,0.5211602304496017
lbv,11403,170.116790259,0.5130754980173978,14.331883449180454
lbv,11404,181.200559052,0.4805230744356333,44.81964069441253
lbv,11405,171.296676636,0.47002957777662585,23.712695342419195
lbv,11406,178.199945601,0.45897965514382655,22.409765774595968
lbv,11407,190.771077407,0.4946493682407198,27.360705566406253
lbv,11408,190.956783672,0.514202038852536,38.30492113898782
lbv,11409,207.858466973,0.5334027884687695,45.60101767147288
lbv,11410,179.181251773,0.5207132964648984,22.930767912023207
lbv,11411,162.314120811,0.45223279451501774,7.556729125976562
lbv,11412,167.169306768,0.5033437130243882,95.89198500689338
lbv,11413,153.523113354,0.49331783146776226,90.94088598513135
lbv,11414,150.398332526,0.5033233296126126,83.384048761106
lbv,11415,149.952403471,0.5137265970832423,24.754618326822918
lbv,11416,192.312298997,0.4955961503412413,47.94565669041054
lbv,11417,231.844311194,0.5781181709400351,62.798338377709484
lbv,11418,247.209251876,0.5330493079649437,106.05339421290978
lbv,11419,269.092693436,0.5910958871245383,97.97552418428309
lbv,11420,246.490714408,0.5985060748007658,72.43922798306335
lbv,11421,220.725969168,0.5622133834525433,83.6437391393325
lbv,11422,228.758902432,0.5359853138351999,89.11563559139476
lbv,11423,239.554418202,0.5414244996751466,120.12348908069087
lbv,11424,227.89041153,0.5413748551025448,173.01930302638635
lbv,11425,217.476070202,0.5562170223422247,114.13013410381242
lbv,11426,223.415468113,0.5910743330519623,84.94606981464462
lbv,11427,237.732734989,0.5904387563467026,104.22822840073529
lbv,11428,162.031607318,0.5635291524231434,62.53685221952551
lbv,11429,205.023676951,0.5677063316435741,118.03830261230468
lbv,11430,175.723846047,0.5682255969444909,78.1710371129653
lbv,11431,171.329630316,0.6025468518859463,69.31165250890395
lbv,11432,164.203161652,0.5996043069721901,76.086475686466
lbv,11433,180.237931122,0.5761006184526392,57.846594507553995
lbv,11434,181.4914367,0.593462263414373,49.768979061351104
lbv,11435,165.354947776,0.5535489685499846,52.37468477136949
lbv,11436,173.816691578,0.5592847530197048,41.430794031479785
lbv,11437,186.449331682,0.5448182222450741,83.90390254001991
lbv,11438,210.394737615,0.5055393672142272,81.29831246768728
lbv,11439,192.400419917,0.49537518975750505,78.69269666484757
lbv,11440,205.526392591,0.5165893392519908,57.84703737146714
lbv,11441,206.651526013,0.5276119485497475,14.592060014313343
lbv,11442,198.314326292,0.46416454044255345,14.33150838216146
lbv,11443,207.481347448,0.4673336579755772,42.473464307598036
lbv,11444,218.946495707,0.45725092512589904,28.141979082892924
lbv,11445,214.59823631,0.5366363832891619,73.74254542332069
lbv,11446,229.64177462,0.5699553540879233,84.94743574553846
lbv,11447,282.471177521,0.5742444679749795,146.7039219874962
lbv,11448,262.425941699,0.5913264506178307,104.49092443129597
lbv,11449,215.331171616,0.5421967668520227,142.27452242982153
lbv,11450,215.930014241,0.48306811863493193,145.66221627628104
lbv,11451,218.596758598,0.4580073150931295,114.39319036147175
lbv,11452,191.983870907,0.4604946952777556,94.06838262221393
lbv,11453,177.121672592,0.43987955886068075,81.03970642089844
lbv,11454,205.77451817,0.4527954263327944,119.34475055769377
lbv,11455,220.377652802,0.4578470822809071,120.90836103850718
lbv,11456,223.664293306,0.4421945278877979,74.52551796109069
lbv,11457,213.997709656,0.45021862203424634,71.65916365081188
lbv,11458,235.217711772,0.4656191056511967,64.88422519459444
lbv,11459,223.633657742,0.4477887717967339,85.73051144469018
lbv,11460,210.392440392,0.42915600538253784,11.726084989659926
lbv,11461,205.415264091,0.4185126805550432,76.08917912501914
lbv,11462,217.987790587,0.4322794558665225,68.2717913758521
lbv,11463,245.941082055,0.44416990313889837,41.43223293528837
lbv,11464,222.382774762,0.42800344558472336,48.98906166226256
lbv,11465,259.203482109,0.4527240412298744,88.07602509143307
lbv,11466,425.457381725,0.5217568380286894,216.28089234595203
lbv,11467,241.425745723,0.4430872283617042,134.98053385416668
lbv,11468,372.62725204,0.5408886490785954,180.06031793332568
lbv,11469,333.752091054,0.5716975079426033,183.44776204427083
lbv,11470,322.392433592,0.5743106344022041,157.6504046870213
lbv,11471,341.707568678,0.5134701297618449,250.15618672090417
lbv,11472,348.551420215,0.5449801042329434,201.68836292940028
lbv,11473,248.929959883,0.5509409422140855,169.37658706365846
lbv,11474,230.464204014,0.5487826968922973,114.39426667456532
lbv,11475,253.554557933,0.5257378897075563,165.98877494662415
lbv,11476,170.313720087,0.5701773897853009,44.81954824410233
lbv,11477,154.642493669,0.4614753878953164,74.26484455781825
lbv,11478,169.730980316,0.471004443569771,109.96411659390319
lbv,11479,174.493344143,0.46213133802344075,142.27584841859107
lbv,11480,188.526499996,0.44358202219009407,174.5876162659888
lbv,11481,191.40280966,0.4604725313002539,67.48993748683554
lbv,11482,187.085940511,0.4294763306776683,58.63031544404871
lbv,11483,182.973527142,0.4228626698889631,36.741749123965995
lbv,11484,176.56634705,0.47040611505508423,40.38991785984413
lbv,11485,185.222018414,0.4721280597150326,6.253933775658702
lbv,11486,187.682509695,0.4628700927684182,29.706220020967372
lbv,11487,179.67819416,0.46861693263053894,1.3029052135991115
lbv,11488,200.931810138,0.47565258101180746,28.142804673138787
lbv,11489,182.302053145,0.45875408348216806,72.70241519703585
lbv,11490,176.754686226,0.47617289423942566,19.543679181267233
lbv,11491,167.4228725,,0.0
lbv,11492,177.955554588,,0.0
lbv,11493,189.556187224,0.42690739035606384,9.641615923713236
lbv,11494,185.995490713,0.4309869598258625,17.198563968434055
lbv,11495,195.514937797,0.45552669931203127,16.677447629442405
lbv,11496,197.555576917,0.46012924824442175,38.30602524701287
lbv,11497,192.502238891,0.485411137342453,8.859910074869791
lbv,11498,198.596235748,0.4813319742679596,4.429962666829427
lbv,11499,248.528516647,0.5283993936952998,15.89578384698606
lbv,11500,304.415147974,0.4876190082680794,16.15640396417356
lbv,11501,408.536473332,0.46654980731281376,68.79507850198185
lbv,11502,412.487828305,0.4358192277088594,69.57695662554573
lbv,11503,467.242855237,0.4260054692733202,72.44351737826477
lbv,11504,515.099467925,0.4113530683654741,135.76666415345434
lbv,11505,484.77758941,0.3988726783712158,132.63989622826668
lbv,11506,348.436288575,0.4348972323930489,69.05602189606311
lbv,11507,348.764145464,0.4270347232198985,92.2485610662722
lbv,11508,259.936140032,0.46752676548379846,8.599486616546033
lbv,11509,247.339100438,0.4713514712382489,33.09506153779871
lbv,11510,265.468539023,0.5065899058491939,73.74732145421646
lbv,11511,334.881141271,0.5678567818538872,174.0752284629672
lbv,11512,371.699244865,0.5603025335254092,171.9907926372453
lbv,11513,411.032924171,0.5561762729746205,213.16456654866536
lbv,11514,432.443233406,0.5642856773185103,237.6605117797851
lbv,11515,426.453997945,0.5524330394214423,197.00828399658204
lbv,11516,310.972222509,0.5833040002064828,121.95751629997702
lbv,11517,396.272569233,0.5478782039901764,221.76484811820234
lbv,11518,398.898143447,0.5331006493254837,259.5511504827761
lbv,11519,212.723645056,0.5466210974947265,47.94921025294884
lbv,11520,314.55635661,0.5601766862044826,139.41771434709136
lbv,11521,358.719839283,0.526473730382785,166.51976192698763
lbv,11522,273.10273752,0.5040496508000603,74.00889078776042
lbv,11523,297.092900631,0.5038623968270464,74.00891188079235
lbv,11524,364.324670556,0.5163828765930131,112.05590745514515
lbv,11525,370.863827114,0.5072929069366198,115.44383775299671
lbv,11526,299.880451249,0.5031710392454775,42.73775404387829
lbv,11527,271.382329021,0.41208246539667703,77.91840434354894
lbv,11528,269.661983248,0.46732543994640485,37.78654052135991
lbv,11529,244.733098749,0.42976128590571416,20.06601212445427
lbv,11530,237.927405973,0.3838321182174959,35.96250430836397
lbv,11531,233.452018379,0.4130925027763142,26.58102722167969
lbv,11532,244.89567844,0.43684654727400063,65.41017482981962
lbv,11533,266.272018144,0.4439338947043699,88.60344465667126
lbv,11534,308.988844329,0.4975508611705435,51.85915817559934
lbv,11535,340.542179698,0.51774134238561,93.81556252872244
lbv,11536,371.973784344,0.5541634341153628,142.5475519516889
lbv,11537,369.755677241,0.5464432220705118,169.12859374401617
lbv,11538,373.523881932,0.5512730182104169,175.1224428064683
lbv,11539,338.996923653,0.5720980457616763,129.51767772599763
lbv,11540,236.697087777,0.5393315263129957,51.85917029287301
lbv,11541,326.847136229,0.5534883622599638,87.82192601222619
lbv,11542,275.28119796,0.5496914315451846,54.46524430817249
lbv,11543,281.976989237,0.5295313072812026,40.91415013331993
lbv,11544,274.459795264,0.5345828533172607,78.96170376048369
lbv,11545,284.660384387,0.5347207774827768,47.42921803792318
lbv,11546,308.488454297,0.5060134263379995,116.4882667092716
lbv,11547,321.771150519,0.5222646523045148,83.13155897551891
lbv,11548,350.889980241,0.5246979089596647,166.5238437428194
lbv,11549,288.927193007,0.5341571651493447,164.69973955341416
lbv,11550,312.29587961,0.552830955020995,131.8641722436045
lbv,11551,318.365250835,0.5464343536390016,190.23889172123927
lbv,11552,359.574506001,0.5777117496701928,172.77886469223918
lbv,11553,456.396862711,0.5814412900703079,288.2257272458544
lbv,11554,371.582172856,0.5911643359685794,226.46301380232268
lbv,11555,187.816721359,0.5691189587116242,5.212039124731924
lbv,11556,272.667849785,0.5715641517180937,86.7804635440602
lbv,11557,449.725504983,0.5739622370007174,246.52997029622395
lbv,11558,327.700424574,0.5666225389796686,138.38010325712315
lbv,11559,330.479062967,0.5602958405508977,139.16201459099264
lbv,11560,273.641853076,0.5693372240511038,61.502379413679535
lbv,11561,277.746709888,0.5222754783613583,185.02848088881547
lbv,11562,385.361815849,0.5422608033618045,146.45929499607462
lbv,11563,212.940101403,0.3880511107476982,19.284779447667738
lbv,11564,271.006019681,0.41140154380907956,22.672646556181064
lbv,11565,245.208435468,0.411637544631958,10.424223058363971
lbv,11566,228.972758044,0.42042060442341184,26.842423682119332
lbv,11567,229.766733705,0.40968336033082653,58.896975648169416
lbv,11568,217.351066527,0.39851389384605523,55.50918534222771
lbv,11569,226.399841567,0.3937328566764962,37.78796371759153
lbv,11570,236.052140029,0.4029739797115326,19.806128408394606
lbv,11571,236.558378839,0.43390760520129523,26.842562357584637
lbv,11572,243.512869539,0.43973336303443233,74.27312245088466
lbv,11573,255.246125319,0.47146734134438106,75.8368844424977
lbv,11574,265.016885001,0.46069106641462293,76.87938382017846
lbv,11575,241.869831022,0.44454388685573804,78.70371536554076
lbv,11576,188.869601533,0.455170134135655,27.36391493853401
lbv,11577,196.726747118,0.46625779893609787,64.63097689759498
lbv,11578,203.535002194,0.4749723896384239,3.1273066801183362
lbv,11579,209.929734582,0.48247941210865974,20.848738128063726
lbv,11580,226.637875258,0.4835226237773895,2.0848738128063724
lbv,11581,230.015900092,0.3929932713508606,8.600074857823989
lbv,11582,222.926611654,0.4079746010870036,26.321441231521906
lbv,11583,233.701728332,0.43019126653671264,3.909134359920726
lbv,11584,210.471517045,0.4409671532256263,7.2970552033069085
lbv,11585,238.378363107,0.5221676369670962,31.794435149548097
lbv,11586,213.451718153,0.438831096828574,26.32161491244447
lbv,11587,210.938443665,0.4341922104358673,6.515253104415594
lbv,11588,215.433886511,0.4842122793197632,3.3879495059742646
lbv,11589,239.73501939,0.4664696893871647,38.04931362376494
lbv,11590,242.380923368,0.4445026647118689,80.5291161032284
lbv,11591,252.822889646,0.46400222345128084,47.692103307387406
lbv,11592,253.175593306,0.4726385475927694,45.086068964939486
lbv,11593,287.745486077,0.519261255726084,86.78432895436006
lbv,11594,335.587987468,0.5296284093590315,130.5676467895508
lbv,11595,271.172446487,0.5191373307196822,47.69244905359605
lbv,11596,208.413290715,0.5100768836768899,9.642741064931833
lbv,11597,220.937379799,0.3765060305595398,1.563685338637408
lbv,11598,227.552197806,0.4111583506738818,9.642761918610217
lbv,11599,236.07216999,0.3950574594108682,39.613561233819695
lbv,11600,233.765520804,0.39384496212005615,7.5578523822859225
lbv,11601,280.798828338,0.45703066635131834,32.57711732153799
lbv,11602,294.995506584,0.4645030149851987,67.49985740512025
lbv,11603,324.762319811,0.45974629835873704,113.10805418725107
lbv,11604,437.536200274,0.43733997008624886,208.75517542221968
lbv,11605,535.310456437,0.43867887098563263,294.23857700123506
lbv,11606,533.318965544,0.4675129804271253,275.9959058574602
lbv,11607,508.70670778,0.5046062950383532,366.9523486268286
lbv,11608,272.801067232,0.5497177209603648,133.9585001328412
lbv,11609,185.962738336,0.4898635529809528,28.146924187155335
lbv,11610,368.356551921,0.5349321843117707,168.09997540642232
lbv,11611,390.985776993,0.43683103791798916,224.65472433052813
lbv,11612,269.925750143,0.419867757005968,89.91418367273667
lbv,11613,401.434838118,0.42183058991683975,236.90443312701058
lbv,11614,221.303013991,0.3787976912371031,86.78713034835516
lbv,11615,408.171708861,0.43474013034271036,232.47432017606846
lbv,11616,359.647187529,0.4365024458028769,198.07275821461397
lbv,11617,247.96929934,0.4136811593820999,149.07631958606194
lbv,11618,240.006223952,0.4630517239115902,50.56092065549364
lbv,11619,249.1498115,0.4534997955058355,82.8783436494715
lbv,11620,251.954738243,0.45899533092975614,65.15592881744983
lbv,11621,316.40571431,0.5179993394789337,107.63765405393116
lbv,11622,394.393076239,0.5142173845881784,212.92992667403877
lbv,11623,425.133230351,0.4882605859189847,204.85085416307635
lbv,11624,316.523775856,0.46232346853200534,107.11685671338849
lbv,11625,458.846554321,0.4859617926835773,257.75817951875575
lbv,11626,386.048519302,0.45274502095090197,152.20531723920038
lbv,11627,388.755401378,0.4465332648642463,189.21427423813762
lbv,11628,463.285295169,0.4557621333863999,293.20408023011447
lbv,11629,454.144654564,0.4492653971831651,256.19534469305296
lbv,11630,459.61649225,0.418120241140326,312.7516925587374
lbv,11631,449.05779131,0.42838371935870007,281.73719545252186
lbv,11632,427.89901259,0.4520826193330437,222.31440088608682
lbv,11633,464.572344615,0.46611584186058796,250.98372712976794
lbv,11634,234.885538167,0.37051724173404554,56.29562841677198
lbv,11635,304.657483948,0.45513343370250253,118.06415121041093
lbv,11636,376.644418036,0.43457754827116235,206.9381509818283
lbv,11637,340.65866153,0.41945460668699014,165.498728314568
lbv,11638,540.094805596,0.3439233987449526,289.29958478142225
lbv,11639,549.563652747,0.3727694130721694,343.5102542054419
lbv,11640,510.748191212,0.39315634634101365,262.19315448835783
lbv,11641,839.051647445,0.36885903885727256,585.8945140763824
lbv,11642,954.476560647,0.3479514615690693,633.5876876831054
lbv,11643,314.272210021,0.3895291178863241,83.92211504169539
lbv,11644,267.029241816,0.28897524507422195,4.951911447562423
lbv,11645,248.808570563,0.3276095792873582,34.92393843706916
lbv,11646,238.533743304,0.3229019472646953,51.86457142549403
lbv,11647,227.112962356,0.32359346662652433,54.991999996409696
lbv,11648,240.905156002,0.325459748506546,14.855633185891545
lbv,11649,255.688005245,0.36260664349510563,54.73118495567173
lbv,11650,263.765975974,0.4003846774108461,86.26661840700635
lbv,11651,243.887997777,0.41842686653137207,39.09356913847082
lbv,11652,251.333069076,0.4514261819422245,18.764888359518615
lbv,11653,222.097992557,0.4761659857044872,30.492883390538832
lbv,11654,210.925931528,0.48970804888269176,29.971574102663528
lbv,11655,256.256724959,0.4946398840231053,79.75027483771828
lbv,11656,238.337790153,0.5000762384608044,56.55484972187118
lbv,11657,210.698855649,0.5215787887573243,29.18954398959291
lbv,11658,210.11721433,0.5310513809533186,37.00810262642655
lbv,11659,230.899232412,0.5366169810295105,30.492557211483224
lbv,11660,217.414992828,0.5061231255531311,6.776099709903493
lbv,11661,232.584193225,0.5039082975696316,36.226050432990576
lbv,11662,245.653719239,0.5019533221804818,44.82641152774586
lbv,11663,193.37552079,0.4789325946897972,33.098499073701745
lbv,11664,175.931848042,0.44929238822725087,18.76448777142693
lbv,11665,190.910518909,0.5594265460968018,2.606174244600184
lbv,11666,187.890136609,0.5594265460968018,12.509636374080882
lbv,11667,212.921898609,0.5515167148907979,39.09249833050896
lbv,11668,219.287845917,0.5321811066999135,90.95508249320235
lbv,11669,242.650829708,0.5051696700208327,110.76178232828775
lbv,11670,244.305340062,0.6020473150883691,46.128950769761026
lbv,11671,257.736363512,0.5936328993468988,95.38512788660387
lbv,11672,256.260327782,0.5744666756328308,137.6045545989392
lbv,11673,273.857091574,0.5685085914042719,127.96161765304267
lbv,11674,220.44006433,0.5569034179343897,70.88698162004059
lbv,11675,222.041003279,0.5895338287720314,64.37156366086474
lbv,11676,240.563524826,0.618190080980749,125.35496694527419
lbv,11677,296.214464655,0.6287536328208858,120.92447399064605
lbv,11678,277.62410661,0.6254027154212608,103.98452701942594
lbv,11679,221.364895373,0.5794027415372558,76.88068614286536
lbv,11680,279.972939398,0.5694865128999791,107.11171569824218
lbv,11681,259.383608498,0.5776812901273806,44.56472006405101
lbv,11682,252.720330025,0.5488851946942948,35.44325022977941
lbv,11683,243.395420378,0.5308570847995039,89.91112608068129
lbv,11684,259.969100982,0.5236005901640701,95.64459075927734
lbv,11685,264.114081613,0.5540570769428221,94.60213757683248
lbv,11686,264.148221231,0.5711851606985748,82.61398791144876
lbv,11687,253.885889212,0.5722831163446276,62.28625587014591
lbv,11688,248.109101592,0.5632911652469179,54.46789739272174
lbv,11689,237.925645449,0.5547795606450446,54.98912129121668
lbv,11690,245.337011062,0.5538387849926948,62.546867819393384
lbv,11691,223.350387787,0.560065214400706,47.952598661534935
lbv,11692,219.794245259,0.5522875757593857,49.516270357019756
lbv,11693,222.500211128,0.5337173938751221,21.891403736787684
lbv,11694,230.188105465,,0.0
lbv,11695,298.905119105,0.5873172903060914,52.12249588311887
lbv,11696,374.850671133,0.6085180999064932,127.70015019435507
lbv,11697,207.896050385,,0.0
lbv,11698,359.906294986,0.6339458116726184,109.71787226059857
lbv,11699,510.509809883,0.655151027135981,320.8142108692842
lbv,11700,349.326269453,0.6250528926473289,175.13168897441793
lbv,11701,278.513225478,0.6009458677109444,137.60342658547793
lbv,11702,253.966474366,0.5996809575418349,164.96776476093365
lbv,11703,238.682235449,0.5981116833818424,160.53735064338235
lbv,11704,248.856399739,0.5842310663456568,182.1682155833525
lbv,11705,269.441243241,0.56972296716523,178.51969009100222
lbv,11706,268.304503048,0.5940852548754166,123.53055518655216
lbv,11707,239.655078719,0.5693841206876538,123.53056416231043
lbv,11708,241.946269496,0.5839993520679636,91.47526065602021
lbv,11709,231.111660228,0.5789914028719068,50.03780562456917
lbv,11710,217.462534191,0.5210503590207141,62.02606751685049
lbv,11711,183.793296688,0.5462947487831116,0.26061422310623467
lbv,11712,181.5238128,0.512571279819195,3.387987593108533
lbv,11713,209.203313649,0.4602052867412567,14.333833283069088
lbv,11714,220.480310376,0.4602052867412567,7.5578393674364275
lbv,11715,227.611157679,0.4394257664680481,37.78932698567708
lbv,11716,213.860636469,0.4344620207945505,16.41883212818819
lbv,11717,247.642582336,0.4305982164299216,34.140829946480544
lbv,11718,232.371447345,0.49001318144879935,76.10028794232537
lbv,11719,202.790375434,0.5000268711569559,47.17180274514591
lbv,11720,236.938560328,0.5196176930866411,58.89968557918773
lbv,11721,248.844196765,0.5653562824547446,100.85931172090419
lbv,11722,269.449608453,0.5955670893192292,101.64132376278148
lbv,11723,280.019796908,0.5796075904344152,123.2727872063132
lbv,11724,243.554569365,0.5458015982802833,100.85963798971737
lbv,11725,242.898413271,0.5314711501917888,126.40042473288143
lbv,11726,280.310685007,0.5662677672857452,156.6324963438745
lbv,11727,294.894071077,0.5728412364906875,197.54991437126608
lbv,11728,342.13881986,0.5952393877931441,197.28958447026272
lbv,11729,332.900979417,0.5929606562523062,193.11979020062614
lbv,11730,343.219105748,0.5852988362312316,167.31859714283664
lbv,11731,307.695543119,0.5955409940302842,132.3955373726639
lbv,11732,358.938119194,0.6036883197926187,192.85981406417545
lbv,11733,346.428133169,0.5936856391422588,169.92535756429038
lbv,11734,230.492422907,0.5933735976296087,64.6342435948989
lbv,11735,299.314273441,0.5826052821660962,155.59140762628292
lbv,11736,319.267868608,0.5710548471127238,131.35383749569164
lbv,11737,307.820349495,0.5559269620024639,149.8582488415288
lbv,11738,319.309208153,0.5645887477954558,126.14172521852979
lbv,11739,317.626871279,0.5172236099660293,151.94366039201324
lbv,11740,370.655683726,0.5433797250043101,174.61822859820197
lbv,11741,314.690885364,0.5617552494609749,94.86737024643841
lbv,11742,330.048954477,0.559846935698139,126.92436954273897
lbv,11743,396.361781941,0.5630738419560385,216.0584029253791
lbv,11744,430.353891465,0.5837840745267312,232.47820210176351
lbv,11745,467.202865242,0.5822044656210285,271.31191442153033
lbv,11746,244.507222395,0.5463898672112105,75.58168544395296
lbv,11747,430.100198016,0.5785222772534911,223.617777745864
lbv,11748,473.299560929,0.5573947920758037,286.42927599140245
lbv,11749,454.785218041,0.5412269916731058,227.5279365090763
lbv,11750,328.391482229,0.5491289164740937,126.92586062562232
lbv,11751,311.525210906,0.582506218297141,136.82991207347197
lbv,11752,303.263998519,0.5707845557592587,130.57499617034313
lbv,11753,233.97181113,0.4753546758907513,53.68962327545765
lbv,11754,314.609110483,0.465375045158935,146.73445311901617
lbv,11755,218.455387604,0.4038770217895508,32.57875898772595
lbv,11756,266.536900928,0.5086031392079975,56.81725565592448
lbv,11757,228.363542237,0.4180414652583575,25.802444458007812
lbv,11758,161.236388456,0.38061627745628357,19.80795886469822
lbv,11759,210.882061535,,0.0
lbv,11760,216.442578858,0.40578567091520734,20.0685858633004
lbv,11761,220.764851454,0.3745668898192112,109.2042225856407
lbv,11762,219.149353271,0.3837110950630538,51.083595425474876
lbv,11763,213.713878951,0.35422098900698407,20.5897886986826
lbv,11764,222.570283039,0.35223421813046785,62.81186376833448
lbv,11765,227.089715696,0.3615500829113063,17.46221938787722
lbv,11766,249.067713198,0.3539428114891052,31.275562959558822
lbv,11767,244.97582172,0.3948743151556147,78.97072691075942
lbv,11768,240.549253209,0.447062411724426,99.29974679385916
lbv,11769,246.850624609,0.4747874830743949,52.907736235973886
lbv,11770,264.365300811,0.4298293955792163,69.32728133856082
lbv,11771,239.653627155,0.46505584570596803,69.06662241617839
lbv,11772,224.654036773,0.47545302097613995,16.94086426379634
lbv,11773,221.47693815,0.4301096870785667,54.73191564223345
lbv,11774,219.95134114,0.41491743950348986,27.626601394952512
lbv,11775,209.245810009,0.5178030627839109,36.74849952248966
lbv,11776,213.233162908,0.5182840096748481,15.37704007017846
lbv,11777,200.038950083,0.5422266016543751,37.00908610026042
lbv,11778,196.719978392,0.5356173515319824,62.81109945259843
lbv,11779,203.09453198,0.5356173515319824,8.340062997855393
lbv,11780,215.566511678,0.5869597668917674,13.813197685690486
lbv,11781,218.809057414,,0.0
lbv,11782,235.499110451,0.5331019495061772,43.52447393080767
lbv,11783,246.739042907,0.5392870837481234,49.77940377628102
lbv,11784,223.526020287,0.6054764722848868,20.068110896091838
lbv,11785,175.459527025,,0.0
lbv,11786,287.681156509,0.5632330466420161,143.60401362998812
lbv,11787,190.635159063,0.5885957777500151,53.16734822591146
lbv,11788,186.899438346,0.6057617625252145,31.79615436628753
lbv,11789,195.677461,0.5820184148202732,66.19855089374617
lbv,11790,204.636428491,0.5548157890637716,54.73108921425015
lbv,11791,200.957081976,0.5520233882693795,33.09933624267578
lbv,11792,198.325102974,0.5274655550298557,55.51305999755859
lbv,11793,215.572421545,0.5399863046485107,20.068123043284697
lbv,11794,220.776776997,0.5272713567977562,34.6631441004136
lbv,11795,220.670030928,0.5496814813254015,27.62631279440487
lbv,11796,241.204251708,0.5507704896085402,22.153178944307214
lbv,11797,233.808551226,0.5543221902279627,32.83888118968291
lbv,11798,226.4610037,0.5390788177284626,56.81647922291475
lbv,11799,268.216927167,0.506238003096512,54.47087357464958
lbv,11800,221.265010573,0.5550819065718525,29.45084458893421
lbv,11801,222.599268329,0.5556373462080956,41.700319028368185
lbv,11802,207.635068314,0.5637913942337036,15.898272465724572
lbv,11803,196.065870546,0.567247748374939,8.600719586540672
lbv,11804,199.993656151,0.567247748374939,12.770765446681603
lbv,11805,204.408815891,0.5333281630819495,43.00367108513327
lbv,11806,222.190234593,0.523998629010242,59.944551954082414
lbv,11807,225.300467905,0.5013711406189261,53.68950895421645
lbv,11808,206.177672449,0.4491479328700474,9.122009516697304
lbv,11809,201.058002903,,0.0
lbv,11810,188.101730944,0.5676551461219788,0.26063014011757046
lbv,11811,194.427025225,0.5400744080543518,5.473242367015166
lbv,11812,209.198938614,0.43895422929042094,9.64333178950291
lbv,11813,207.910762927,0.5159535333514214,9.38272253298292
lbv,11814,200.008550321,0.5610625147819519,1.3031575820025276
lbv,11815,204.024376855,,0.0
lbv,11816,203.666659294,0.5408180356025696,0.5212657255284926
lbv,11817,196.497251567,0.4928447246551514,3.9094929414636947
lbv,11818,197.454095842,0.4685227341866225,23.19636158662684
lbv,11819,201.412316771,0.45056744788321984,42.483294408461624
lbv,11820,195.716160357,0.4471433460712433,9.122182659074372
lbv,11821,196.532140542,0.5667636394500732,2.606351366230086
lbv,11822,189.900330145,0.5667636394500732,14.85620278751149
lbv,11823,203.057603294,0.4464932382106781,1.82444595636106
lbv,11824,194.67273519,,0.0
lbv,11825,198.651416723,,0.0
lbv,11826,184.297998812,0.5349609851837158,1.042547846775429
lbv,11827,191.566311459,,0.0
lbv,11828,187.473892343,0.4518052339553833,1.0425496419270832
lbv,11829,181.150012581,0.5158935387929281,2.345739387063419
lbv,11830,179.794337764,0.6056964993476868,4.430859375
lbv,11831,189.085832443,0.5394017100334167,22.414974257525273
lbv,11832,196.721834873,0.5508459061384201,67.76623041489545
lbv,11833,218.033043298,0.5780912216693636,32.840614139332494
lbv,11834,197.337346294,0.5539953112602234,37.27153903736788
lbv,11835,204.33171236,0.5764816842581096,14.856506437413833
lbv,11836,197.482679914,0.47100349910119,17.72358159083946
lbv,11837,217.779429256,0.4738980829715729,10.946924546185661
lbv,11838,190.071923434,0.47996675968170166,0.26064195819929536
lbv,11839,194.380036158,,0.0
lbv,11840,202.175526463,0.5417343974113464,1.5638600068933823
lbv,11841,190.475799277,,0.0
lbv,11842,203.945592928,0.5679903626441956,1.042575133080576
lbv,11843,198.501950537,0.5789626240730286,17.984452012005974
lbv,11844,204.826998653,0.5513021945953369,13.03223404229856
lbv,11845,234.764987505,0.5432608011292248,21.372853058459715
lbv,11846,242.798371168,0.562881887969324,30.756125296798405
lbv,11847,230.340125362,0.5263488403586455,67.24644075281479
lbv,11848,218.247882994,0.5101345678170522,19.548396690219057
lbv,11849,198.85488475,0.3870375243326028,50.04387955011107
lbv,11850,190.985647356,0.36233202319278895,27.88904993393842
lbv,11851,199.512435651,0.37889936105126426,21.894263862161072
lbv,11852,191.880829628,0.4111298620700836,7.298102165670956
lbv,11853,163.604664778,0.43296632170677185,5.734242876838235
lbv,11854,200.069618465,0.43296632170677185,7.558774701286764
lbv,11855,177.800386374,0.4358889162540436,1.3032416549383425
lbv,11856,228.11345317,0.4358889162540436,5.21296661975337
lbv,11857,219.646995632,0.4678030576970842,9.383356071920955
lbv,11858,209.294510125,0.4302503367265066,19.548656688017005
lbv,11859,216.019298422,0.4945349715790659,13.81440238204657
lbv,11860,224.076897519,0.4320150266384937,44.04971962723078
lbv,11861,234.251318357,0.46434212058455077,71.15727350571576
lbv,11862,227.35769139,0.49043758325679326,48.48083549948299
lbv,11863,212.516153462,0.5005240860439483,27.36825337129481
lbv,11864,195.788412778,0.4824203200507582,29.714114379882815
lbv,11865,186.524005176,0.47136250138282776,15.378357442220052
lbv,11866,183.386646217,0.47566403683863184,29.714168952493107
lbv,11867,187.848722795,0.4642791152000427,40.92214496088963
lbv,11868,197.263712068,0.5014502853155136,43.78937701056985
lbv,11869,227.876680453,0.503799263648349,85.75421639236748
lbv,11870,237.340071786,0.5577732593943385,62.29570907891966
lbv,11871,235.029052646,0.5807719638740474,91.7493288526348
lbv,11872,250.220901264,0.5746007630285227,138.14535731895296
lbv,11873,237.463409997,0.5809453262501404,62.035144192564715
lbv,11874,211.465932043,0.5527630740521001,66.46624755859376
lbv,11875,199.480325693,0.5051363364244119,50.82713766659007
lbv,11876,207.521699758,0.502734403736544,39.35851239971086
lbv,11877,194.421543669,0.5203274472763664,19.809615071614584
lbv,11878,195.813518956,0.5118966698646545,27.107899385340072
lbv,11879,201.917236061,0.4754503667354584,17.203119614545038
lbv,11880,214.825644944,0.46735040006572265,38.055409150965076
lbv,11881,238.707653916,0.4742178222385504,30.757150537827435
lbv,11882,224.367036825,0.46499518324843553,58.907766454360065
lbv,11883,221.567267662,0.4703811593600456,78.71753827263326
lbv,11884,239.459333916,0.4534781215325841,69.07342945173676
lbv,11885,256.609289384,0.4474830862167663,29.453956544165518
lbv,11886,232.556461995,0.4674951126895001,25.283519610236674
lbv,11887,226.774750423,0.45023722967631385,55.51961481430951
lbv,11888,224.374072432,0.5055343551295144,7.298379726035922
lbv,11889,235.048320382,0.5111642479896545,3.6491927801393995
lbv,11890,240.1175409,0.5179904699325562,41.44445468678194
lbv,11891,237.915459649,0.5296501969469004,22.677196098776424
lbv,11892,234.380065424,0.5180378337652584,106.60889997295303
lbv,11893,251.219405928,0.5058605762447898,66.20708728865081
lbv,11894,266.27219267,0.5174717136791774,9.123038647221584
lbv,11895,295.738319327,,0.0
lbv,11896,388.449032251,0.5327719602473946,11.208327229817709
lbv,11897,418.673330302,0.4984254402215363,47.70061062083525
lbv,11898,491.860253702,0.4646885632172875,179.855002190085
lbv,11899,581.645168497,0.477736825062359,254.40409815171182
lbv,11900,715.046221658,0.5143399597610705,422.7909947114832
lbv,11901,652.430628394,0.522796069606167,379.7825637817383
lbv,11902,379.397662644,0.561919577790065,131.11250242345474
lbv,11903,500.69262624,0.5375775589677565,302.1064254760742
lbv,11904,333.256427519,0.4919720354613724,111.8238744099935
lbv,11905,255.293393019,0.4159188797431333,29.194239388260186
lbv,11906,369.332325452,0.4774199642516948,105.56823533002068
lbv,11907,511.545966216,0.4916765970035192,178.55317463594324
lbv,11908,370.751563664,0.4224767193600938,125.37876401415056
lbv,11909,487.458972966,0.4615764965407581,188.4582458795286
lbv,11910,306.336860451,0.41465569491934995,29.454913808785232
lbv,11911,267.15908753,0.42563209009893016,43.00943038042853
lbv,11912,258.154344753,0.4265302112830683,52.914692658069086
lbv,11913,279.498316554,0.4406697863469953,23.981054657580806
lbv,11914,290.089042208,0.4755594806145813,15.379188866708793
lbv,11915,296.1043468,0.4852536185221239,34.40767678653492
lbv,11916,305.437874735,0.5013232369895888,64.38406186571308
lbv,11917,312.197519787,0.5204280661951944,95.66377042882583
lbv,11918,325.559728175,0.5163523524235456,132.15681026683134
lbv,11919,327.336819281,0.5324901323602413,148.83936617982152
lbv,11920,343.205598576,0.5522788201428495,144.40811707739735
lbv,11921,301.293599287,0.5813827443753045,59.17088617063036
lbv,11922,286.385211555,0.5456819325378262,50.568951176662075
lbv,11923,290.670877479,0.5270780068275343,73.24677979712392
lbv,11924,293.006057696,0.5481261345438467,81.32738539751838
lbv,11925,302.978375719,0.5737077281899648,95.14261432722502
lbv,11926,304.097038876,0.572762467184113,107.3938653983322
lbv,11927,302.572330556,0.5632489946309258,110.78251498353248
lbv,11928,303.98286246,0.5584198497746089,133.19971750296799
lbv,11929,313.242814412,0.5784028020061431,159.0055610806334
lbv,11930,309.302023003,0.6082591178003423,126.1618205051796
lbv,11931,319.855604227,0.6859939341714395,88.10481920429305
lbv,11932,336.286169701,0.68536500938859,115.47468462177352
lbv,11933,331.403259406,0.6818380900356765,132.6786309036554
lbv,11934,327.582680831,0.6061287266545575,137.89192842969706
lbv,11935,348.877936451,0.641017987633383,118.08144064510569
lbv,11936,385.009494164,0.685022302208439,131.37549591064453
lbv,11937,390.846675682,0.6771497673063136,122.25219292734181
lbv,11938,402.434965237,0.6859751698003714,129.81151625689338
lbv,11939,424.298010964,0.6907927465899556,161.8734395644244
lbv,11940,461.41221325,0.6820291359740567,216.3526722029144
lbv,11941,319.204156834,0.6519710795084637,78.1997263291303
lbv,11942,305.077637732,0.6392252984948046,66.20910629571654
lbv,11943,471.084922201,0.6660748861845369,185.33366753073298
lbv,11944,470.311540297,0.6177745020160307,243.98366438921758
lbv,11945,368.119040876,0.6284550639154675,115.73595859303194
lbv,11946,275.24061116,0.5777352657169105,58.389318608302695
lbv,11947,409.535768507,0.6129341546505216,147.79813980401732
lbv,11948,401.001382751,0.6490526276358057,139.19634917016123
lbv,11949,391.698522746,0.6509063842538171,118.34310724595012
lbv,11950,360.630621153,0.6193616607750969,181.4249085370232
lbv,11951,458.722811281,0.6310060622507357,282.56461507759843
lbv,11952,454.361787851,0.6529396037541744,239.55477803548175
lbv,11953,289.520573253,0.6534017813966628,61.25726174747243
lbv,11954,390.288755656,0.6217424925168353,234.60248161764704
lbv,11955,456.802391406,0.6502706375985283,375.1038093716491
lbv,11956,434.452077874,0.6154616139662105,232.51781520469515
lbv,11957,360.681023752,0.6015642992451661,152.4922503303079
lbv,11958,220.776191246,0.557119573901097,31.28046417236328
lbv,11959,424.748042058,0.5833023403828649,194.46055294859647
lbv,11960,302.777456562,0.5392482353628969,72.46661729999617
lbv,11961,342.565506252,0.5379344625398516,100.0978926714729
lbv,11962,249.121739933,0.40121084511479416,77.94104967304304
lbv,11963,202.450283772,0.3845423012303664,58.1300510780484
lbv,11964,378.259614437,0.489683525814187,87.58592906278723
lbv,11965,388.805594775,0.46396832561863516,150.92958161597159
lbv,11966,355.041398457,0.4482963620447645,66.47176773968864
lbv,11967,239.829852119,0.4617709910212937,61.51901221181832
lbv,11968,273.485484108,0.4776878100973708,86.80439210779528
lbv,11969,360.505081007,0.5059646071318319,177.2583142448874
lbv,11970,357.823642297,0.5065213691588886,186.6426129509421
lbv,11971,317.651248399,0.5362398342434067,58.13035709156709
lbv,11972,282.08004642,0.5753107666969299,20.853939280790442
lbv,11973,249.030888949,0.6566119194030762,2.6067424100988053
lbv,11974,250.96532533,0.6566119194030762,2.085393928079044
lbv,11975,257.025167376,0.6624271869659424,5.9955075432272515
lbv,11976,284.027411345,0.5996782779693604,33.10559719310088
lbv,11977,278.574933231,0.5830262117848104,102.1841323852539
lbv,11978,272.571071586,0.6189176375076318,81.06954938103172
lbv,11979,261.118582445,0.6215981791185776,56.04479376101027
lbv,11980,291.03507036,0.6609847760862775,46.921245380476414
lbv,11981,316.15722407,0.6487124449187153,162.1387938555549
lbv,11982,295.00289538,0.617642083940985,171.2622152889476
lbv,11983,289.285836611,0.6295209556223045,143.6308544084138
lbv,11984,327.407251506,0.6222936003717758,204.88906540216186
lbv,11985,321.545191908,0.6031390570566834,205.67110063141467
lbv,11986,256.331785875,0.6464731464278226,46.13918127920113
lbv,11987,329.217251047,0.6518469943450047,135.55017568550858
lbv,11988,321.386262647,0.6286615909633834,177.5186423507391
lbv,11989,301.010268875,0.6302378005782765,156.4041508693321
lbv,11990,289.624571719,0.6480925760788625,93.32124813304227
lbv,11991,277.706661633,0.6645034469131914,58.39102998621323
lbv,11992,288.65368298,0.6255404165705796,124.34163719626034
lbv,11993,300.388799803,0.5730395695491627,174.91252881218404
lbv,11994,314.688648106,0.6399523940202062,150.4093153112075
lbv,11995,324.414202448,0.6727740584835928,112.3509609446806
lbv,11996,343.483319979,0.6478070265079641,186.90411430807674
lbv,11997,345.421620371,0.6168353913824343,178.82339504466339
lbv,11998,343.259037189,0.6009925066657331,121.47495251823875
lbv,11999,296.27680066,0.5991391715300509,65.42969512939453
lbv,12000,337.222795585,0.5829599991912755,115.21889056037455
lbv,12001,375.601183093,0.6110389445135219,178.0421193141563
lbv,12002,415.211219763,0.5998110705040355,194.98635645847693
lbv,12003,355.555797477,0.5715401235453139,111.30915144378062
lbv,12004,443.006819412,0.5961454091543821,194.98680997362322
lbv,12005,413.801889894,0.5822992077469824,208.5423432892444
lbv,12006,373.858620783,0.5904036432977708,164.22733564189838
lbv,12007,354.732657061,0.5963642932548674,131.12138525270947
lbv,12008,409.14454837,0.6383443174815333,120.69446722292432
lbv,12009,438.577964414,0.5990906262924658,235.9150905235141
lbv,12010,482.141098296,0.6027066854203676,321.1578402650123
lbv,12011,454.389275417,0.6175776919105082,275.5392986222809
lbv,12012,442.574831425,0.6335463208172161,263.8091448615579
lbv,12013,430.045074205,0.6383172315168889,245.04054529526655
lbv,12014,461.810932572,0.6060628630645535,251.55802827722886
lbv,12015,320.097146615,0.567236293737705,67.77733791575713
lbv,12016,380.811684648,0.6297527166237508,104.01227982464958
lbv,12017,308.338156821,0.6057686508618869,84.7218879250919
lbv,12018,205.354715798,0.446187287569046,3.1282108082490807
lbv,12019,327.087835515,0.6083111655610457,122.26032900342754
lbv,12020,371.877101393,0.6255705168643729,120.69607651654412
lbv,12021,279.512617434,0.6029955831266218,48.48699583165786
lbv,12022,284.516313557,0.5615585203981994,62.82464877857882
lbv,12023,231.355415179,,0.0
lbv,12024,206.946275012,,0.0
lbv,12025,227.252140173,0.5274460211396217,52.13653651218788
lbv,12026,229.646062294,0.5011817400272076,20.33329282274433
lbv,12027,239.238329684,0.4891393184661865,4.170925723805147
lbv,12028,231.188895102,0.49294346198439604,29.19648006663603
lbv,12029,225.536223268,0.49519070982933044,26.850288121840535
lbv,12030,223.195521088,0.5038297089437644,18.769133444393383
lbv,12031,215.605896953,0.5167232751846315,8.602501992618336
lbv,12032,220.556854996,0.5142998439925058,12.77341604793773
lbv,12033,223.590698011,0.5478068590164185,20.59383939855239
lbv,12034,216.896635228,0.5634035302533044,14.07678991579542
lbv,12035,216.722718603,0.5884328104555607,20.85447977103439
lbv,12036,243.801563367,0.592074504675027,90.45608002905752
lbv,12037,285.820201193,0.578714921868225,115.22061746634688
lbv,12038,290.718728759,0.598638395093522,96.71217887728822
lbv,12039,321.155699014,0.6177874045044769,132.94649999281938
lbv,12040,336.895075519,0.5824305534883358,238.78192569508272
lbv,12041,301.120523761,0.5870142150633405,131.64278830733952
lbv,12042,316.076233616,0.5612826704279085,133.20671467500574
lbv,12043,328.038560969,0.5599004887953037,117.56601272283815
lbv,12044,258.292993459,0.5467331491410732,41.708407981722964
lbv,12045,256.272644178,0.548169193753771,81.8528430415135
lbv,12046,276.990075435,0.578700656350702,83.41691379921109
lbv,12047,364.073330795,0.5759691900664909,141.02678216672413
lbv,12048,344.464832953,0.5862738404510538,99.83967111624925
lbv,12049,324.299434196,0.5739900866771505,138.9412852268593
lbv,12050,432.379712817,0.562126524335756,297.9548120236864
lbv,12051,447.873725998,0.5571533110406665,279.18614522896564
lbv,12052,260.663961761,0.5979630792842192,66.47284922880284
lbv,12053,274.107382276,0.5911331518312518,92.80139848297716
lbv,12054,185.900899943,0.5386968910694122,7.820343017578125
lbv,12055,381.276239655,0.5419849503138835,157.71049580293544
lbv,12056,263.584544118,0.5120522811704753,51.093042590571386
lbv,12057,237.743567005,0.45807110906361104,87.06676210889628
lbv,12058,245.749820818,0.4501338601112366,47.704300465303305
lbv,12059,254.416054174,,0.0
lbv,12060,252.73065997,0.48800259828567505,31.020989481608073
lbv,12061,275.984930466,0.4941439399352441,67.7769723929611
lbv,12062,284.276280067,0.524043490489324,34.40992225198185
lbv,12063,297.919495457,0.5219382926037437,39.62361575855928
lbv,12064,296.763317865,0.4926825590672031,40.40572940602023
lbv,12065,299.609033651,0.4652272628529088,74.55524974149816
lbv,12066,217.767730327,0.49998921974032534,26.58965148925781
lbv,12067,262.753084646,0.5429184970102812,39.62389092538871
lbv,12068,241.116125451,0.50818074823812,44.83765683641621
lbv,12069,262.248637453,0.5177910102897858,64.91041107177735
lbv,12070,243.714245141,0.5829044558219056,34.93175422818053
lbv,12071,254.272198642,0.6052212205099229,52.39768362606272
lbv,12072,245.877882543,0.5519918479477635,81.59456511852787
lbv,12073,310.008553478,0.612718950177348,134.51408817066866
lbv,12074,362.224433195,0.6328719356656073,156.4120631498449
lbv,12075,356.783135639,0.6304658536886261,150.6772548301547
lbv,12076,385.294777055,0.6309124109873431,179.09244636086856
lbv,12077,376.156300366,0.6204963116287496,180.3961507161458
lbv,12078,374.931222534,0.61401975592342,198.9053003647748
lbv,12079,416.154750232,0.6265838094073266,220.54278429816748
lbv,12080,412.859239696,0.5995505896261928,212.2010704489315
lbv,12081,221.125994351,0.5340169405138027,46.66341310388901
lbv,12082,426.87365761,0.6037004016663716,191.8676730885225
lbv,12083,407.496053734,0.5863797871626765,180.91898576325062
lbv,12084,270.703547552,0.5828399145603179,26.069060680912994
lbv,12085,295.77532097,0.5315367245178902,87.85290907317517
lbv,12086,300.482558523,0.5379444618482847,106.10143016740388
lbv,12087,284.944459714,0.5358665760606528,83.42138238046682
lbv,12088,272.207991018,0.535188503742218,32.58653633267272
lbv,12089,253.352152494,0.5274318733880686,11.209778849283856
lbv,12090,227.658293609,0.42293643951416016,19.552033368278952
lbv,12091,306.305804343,0.4536272436380387,50.05319913976333
lbv,12092,300.575278825,0.5011383384187645,27.894274662990195
lbv,12093,351.0880563,0.5473818811468588,81.33671417236329
lbv,12094,428.498392135,0.5565611266965018,248.96389985926012
lbv,12095,452.116850531,0.5586840133168804,261.9991396735696
lbv,12096,478.895768309,0.5812606519164004,288.0692035450655
lbv,12097,493.447704475,0.603465906848337,313.6179619284237
lbv,12098,498.462477545,0.6320817378851085,328.7389199649586
lbv,12099,461.151662136,0.6369944597220899,287.2886015648935
lbv,12100,479.102411925,0.6371156403144828,299.5419219073127
lbv,12101,489.512587278,0.6199490878026231,308.66688660266345
lbv,12102,479.972205458,0.5898842465240706,278.16559265735106
lbv,12103,358.093312325,0.5726808081654942,150.68416287291285
lbv,12104,491.069987006,0.5669268709045273,289.3764493156882
lbv,12105,264.660648248,0.5818879782621349,87.59514878216913
lbv,12106,454.005655129,0.5553288164548575,250.27199473661534
lbv,12107,477.516587513,0.5564472562643329,221.33460127886602
lbv,12108,476.893890138,0.5671621344595631,195.26481927609916
lbv,12109,304.783123899,0.5724524375064151,75.3426066379921
lbv,12110,452.422439871,0.49672443710787356,224.20324473661535
lbv,12111,421.8147758,0.5296606367039638,144.16799041149665
lbv,12112,393.899867148,0.5856669134318583,126.70112298703661
lbv,12113,309.152180224,0.47589022505517103,66.47913366579542
lbv,12114,342.077477845,0.5838662007083633,95.15637257893879
lbv,12115,384.938785027,0.5855187783391708,136.34750644459444
lbv,12116,376.497090664,0.5624534338339229,104.02047621783089
lbv,12117,406.202664101,0.5526224728121586,167.11077366249233
lbv,12118,380.150185689,0.5606549578975852,175.71418834013096
lbv,12119,403.828416929,0.5764764220733953,160.3327418308632
lbv,12120,420.603658776,0.6273627181172099,114.97034741569969
lbv,12121,354.01086333,0.54605808213072,69.08658052332262
lbv,12122,231.289095569,0.31010592201860937,53.44460114123774
lbv,12123,201.802252309,0.2648435012307218,48.49124091653263
lbv,12124,272.894507342,0.2818637111830333,32.84896168428309
lbv,12125,335.493571151,0.39380543278323277,117.31749411190256
lbv,12126,363.965901362,0.4534689206296526,101.93580738142424
lbv,12127,429.01206125,0.5112095602864611,196.57173503800936
lbv,12128,300.264583882,0.36381477905488985,122.27108534270641
lbv,12129,390.278203921,0.4666233988208625,170.76199684891046
lbv,12130,381.62098552,0.50811860984586,140.25932270124846
lbv,12131,214.747012921,0.4631447969447999,21.89925662769991
lbv,12132,320.507037381,0.48727478974383037,140.52007362515317
lbv,12133,237.253891443,0.3540283898855078,15.12090753293505
lbv,12134,277.32078272,0.3821798634173265,17.467232767740885
lbv,12135,222.866539598,,0.0
lbv,12136,231.678072187,0.4560683697462082,20.856303046731387
lbv,12137,221.255611555,0.3303753515977538,23.202610509535845
lbv,12138,238.017577773,0.34534903595576416,38.584048641429234
lbv,12139,236.985645064,0.3506056880108034,51.61911064596737
lbv,12140,244.316515267,0.3763574290173248,60.74359271479588
lbv,12141,250.843081454,0.37521905406661654,29.980718874463847
lbv,12142,244.382899874,0.3300828116555368,8.081738789876303
lbv,12143,249.119948652,0.34024986624717707,11.210132524078968
lbv,12144,258.694703681,0.3500830630461375,28.155636955710015
lbv,12145,253.882780166,0.4454471054284469,23.984389002182905
lbv,12146,265.22281528,0.5198263923327128,5.474686835793888
lbv,12147,223.236054313,,0.0
lbv,12148,213.386158609,,0.0
lbv,12149,240.936230808,0.4955270822141684,13.295614624023438
lbv,12150,216.785430686,0.5006780905856026,56.31063537597656
lbv,12151,225.535016605,0.5507061159610749,65.17424774169922
lbv,12152,228.235589127,0.6332198869098317,25.80894910026999
lbv,12153,250.182666384,0.5736120971082485,53.70338224523207
lbv,12154,249.738196538,0.5271081774195363,126.17671598546644
lbv,12155,294.031712831,0.5712405029932658,117.31292640835632
lbv,12156,257.364830765,0.5741822570562363,63.60960795084635
lbv,12157,192.809485007,0.5256133497871968,41.97190695369945
lbv,12158,215.869746874,0.5144089941978455,65.17357470942478
lbv,12159,190.312859797,0.5673906058073045,38.5826836679496
lbv,12160,231.544329204,0.5803602011430831,54.74564541087431
lbv,12161,264.619443729,0.5954762436811205,80.55416295668658
lbv,12162,298.800438507,0.6026140525937081,125.13244341681985
lbv,12163,197.935466977,0.5954430434438918,35.193474264705884
lbv,12164,303.164376113,0.6071858109672212,95.4133181403665
lbv,12165,312.648385823,0.6180731133389392,152.76532658595664
lbv,12166,201.59229475,0.6197103758653005,37.539576631433825
lbv,12167,198.268768439,0.59818967076756,38.84300318699257
lbv,12168,266.242368703,0.5910239948374351,83.16045032576018
lbv,12169,221.979232616,0.5974576473236084,18.248373891793044
lbv,12170,244.742013466,0.5450091512806444,43.274655540316715
lbv,12171,221.650559499,0.5210714283443633,32.84701645795037
lbv,12172,211.433093406,0.4910210371017456,16.944889442593443
lbv,12173,218.904430172,,0.0
lbv,12174,208.267910536,,0.0
lbv,12175,203.583310137,0.5436698198318481,1.042764222388174
lbv,12176,240.556428916,0.5512808205545412,33.629146172018615
lbv,12177,270.892505758,0.5130497377909972,46.40300789627374
lbv,12178,261.725780579,0.49016507654070113,41.44973312078738
lbv,12179,270.105204743,0.5459683820849559,47.706479240866265
lbv,12180,283.390238056,0.5132107899730219,133.21320256251914
lbv,12181,229.562239211,0.5315691853483646,163.1929324580174
lbv,12182,255.503580884,0.5538015338338587,125.3927433088714
lbv,12183,249.36836505,0.6271696713662918,121.22177617690141
lbv,12184,289.216244787,0.6330131279016898,128.26050199620863
lbv,12185,356.19270814,0.6052250019493866,182.74519964479933
lbv,12186,375.036310098,0.5886991391216753,178.57412300857845
lbv,12187,242.77327602,0.54918209790009,105.84083649878409
lbv,12188,311.517838273,0.5476783199726885,167.10346344592526
lbv,12189,322.374360591,0.5543783956296217,125.65356271781174
lbv,12190,281.885284691,0.5333081983431741,62.826776422238815
lbv,12191,274.549001348,0.5491089972457445,45.09978553921569
lbv,12192,271.705043279,0.5135384170632612,19.812656058517156
lbv,12193,266.176815744,0.5094929099082947,1.3034657497032016
lbv,12194,241.445055562,0.45349032000491496,24.765836229511336
lbv,12195,250.715212288,0.4681656196261897,43.014460395364196
lbv,12196,217.442672418,0.47105948130289715,2.3462440041934745
lbv,12197,217.946131579,0.5132830142974854,3.649725461473652
lbv,12198,238.975852126,0.5364742103744955,48.74998863070619
lbv,12199,245.975168125,0.6162358698519793,45.88240912942325
lbv,12200,268.474796068,0.6066536674760793,57.09240713680492
lbv,12201,213.083752048,0.5611779601598272,51.096457178452425
lbv,12202,212.499247775,0.6168183831347002,77.16623472325942
lbv,12203,183.308944133,0.5740044713020325,15.64182685403263
lbv,12204,190.503563951,,0.0
lbv,12205,183.487586115,0.44850849579362306,35.45497233072916
lbv,12206,214.306250666,0.4561538471365875,41.451076911477486
lbv,12207,230.54849854,0.46121914250644175,33.108744841930914
lbv,12208,221.541389135,,0.0
lbv,12209,248.380466527,0.5100405208881085,84.72738542743758
lbv,12210,250.826794417,0.49066120125613844,74.56017372280942
lbv,12211,245.149145459,0.4984759952752821,32.32682593850528
lbv,12212,246.908838983,0.4728799543033044,12.513642673866423
lbv,12213,250.27830133,0.467156570404768,8.342434453029258
lbv,12214,248.194452224,0.4911026060581207,57.0936279296875
lbv,12215,233.440518399,0.519679477741552,33.630532657398895
lbv,12216,208.924578926,0.5237030771153032,31.54496525783165
lbv,12217,193.932572847,0.5041294255532509,31.5449878468233
lbv,12218,184.583003981,0.46246007084846497,18.249201157513788
lbv,12219,198.652034533,0.46574403672683534,10.688836221133961
lbv,12220,179.940698801,0.46365559101104736,35.19495077694164
lbv,12221,179.862384402,0.48274582624435425,15.642226275275736
lbv,12222,197.244616969,0.4733429253101349,12.253098341997934
lbv,12223,202.643473774,0.4733429253101349,6.778309721105239
lbv,12224,201.088205754,0.529864820180001,40.14852360744102
lbv,12225,211.779946821,0.5579061855637066,55.00869861677581
lbv,12226,266.968876529,0.5819377428362805,67.00109306784238
lbv,12227,267.967493888,0.527801777438625,95.93935484044692
lbv,12228,208.139012981,0.5245242902210779,54.74808615890204
lbv,12229,191.061933788,0.4737233840502226,3.389178586473652
lbv,12230,181.586296957,0.4506159764528274,26.070610794366576
lbv,12231,195.126789248,0.5535516738891602,22.160090128580727
lbv,12232,201.502394272,0.5347365490321455,7.5605027741076904
lbv,12233,207.853337944,0.4407670135739484,20.595889880610446
lbv,12234,205.479396649,0.46646422248775676,30.763535862342984
lbv,12235,226.753323438,0.49339878657632624,63.09144191367953
lbv,12236,226.548178963,0.4940675631777881,76.1269916010838
lbv,12237,220.509170232,0.5053426704439177,76.64854748295802
lbv,12238,228.589395844,0.5207085625545398,86.81636576933019
lbv,12239,235.530327899,0.5339828175467414,96.4628049065085
lbv,12240,231.288729455,0.5456460800281792,56.05278778076172
lbv,12241,255.265122367,0.48450285801202947,52.6636636173024
lbv,12242,279.775083473,0.4704601778138069,80.82061420515471
lbv,12243,221.303316783,0.44504279056481555,58.9209337421492
lbv,12244,267.470338924,0.49753587635663843,61.006702647489654
lbv,12245,220.116159591,0.48879482271921576,47.189057593252144
lbv,12246,209.795870666,0.49579450552181537,24.246309616986444
lbv,12247,231.892335474,0.5249402693596231,43.278511466232004
lbv,12248,219.922934129,0.5737214230502825,50.31788120643765
lbv,12249,218.68771107,0.5576222919184586,90.72871030919693
lbv,12250,254.580574866,0.5622391987250047,107.93600086885341
lbv,12251,262.05291321,0.5987374995673834,93.33602031632965
lbv,12252,260.414482915,0.5952004375281158,70.39308794806986
lbv,12253,247.599247286,0.5764526599331906,69.3502457861807
lbv,12254,236.926894924,0.5607305232402499,58.92167202818627
lbv,12255,210.826507573,0.555253994105191,30.243002079982382
lbv,12256,228.651800216,0.5336581147751029,102.20049127316942
lbv,12257,256.628454131,0.5979538314810423,55.79321510464537
lbv,12258,247.944784107,0.5949548160036404,6.25719523710363
lbv,12259,246.427624244,,0.0
lbv,12260,233.653940646,,0.0
lbv,12261,238.609644112,,0.0
lbv,12262,236.333265971,0.5352813005447388,14.600200338924632
lbv,12263,235.18176794,0.522652071875495,38.586281002269075
lbv,12264,231.404005496,0.5145025037082972,26.593270066205193
lbv,12265,229.913632294,0.429505552639041,14.860987076104855
lbv,12266,206.347522799,0.3900998759393891,25.029090522317325
lbv,12267,206.21190549,0.47076067328453064,32.329296994676774
lbv,12268,203.886375552,0.5147418630123137,65.180144665288
lbv,12269,200.589774011,0.542855965796292,73.78398907231349
lbv,12270,199.584070984,0.575902403048847,47.972696222043496
lbv,12271,238.860506123,0.6233241644679991,122.01768933464498
lbv,12272,231.140016503,0.5867912189442982,134.53235922420726
lbv,12273,230.008991723,0.6396256172714602,53.96943673526539
lbv,12274,214.587443929,0.6274161416812231,77.6951447131587
lbv,12275,249.26573068,0.5965741225485259,147.04725485409008
lbv,12276,228.699087772,0.5822972801203529,125.14665087531594
lbv,12277,231.580667762,0.590341999732628,98.55310677921072
lbv,12278,197.468860511,0.6044093765364102,42.49781939936619
lbv,12279,187.578375532,0.5394946371807771,22.16144666484758
lbv,12280,218.450585553,0.6095143107219516,49.79817436068666
lbv,12281,215.465920453,0.5005519203841686,64.6594814824123
lbv,12282,209.317535818,0.6023545855922359,14.600555778952208
lbv,12283,232.350116283,0.6122666597366333,41.19450019387638
lbv,12284,246.905091592,0.6443785355937095,80.8247667200425
lbv,12285,226.242418687,0.5650310251116752,52.145105698529406
lbv,12286,230.119237847,0.595672555463307,89.42892276539521
lbv,12287,233.529146384,0.6560590758177512,68.04952667834712
lbv,12288,227.327847293,0.6748797485121975,42.237713892319626
lbv,12289,200.9584234,0.6732052101029289,16.425801535213694
lbv,12290,204.356288052,0.6668119379452296,9.12546105478324
lbv,12291,197.63837623,0.6698204874992371,2.8680064182655483
lbv,12292,223.766665338,0.5502092900375526,25.029954618566176
lbv,12293,251.414832978,0.5815233965773037,88.90856954537186
lbv,12294,294.935181506,0.6414630514080242,123.06430005840227
lbv,12295,348.987206713,0.6602438119395326,200.24053613999308
lbv,12296,316.13851839,0.6781911595108732,190.8546369664809
lbv,12297,315.861590068,0.6317157209302423,121.76125368604472
lbv,12298,324.658449737,0.616386226139395,167.6500709982479
lbv,12299,324.419799571,0.6344043135843694,154.8745143217199
lbv,12300,260.234398645,0.6247768214945094,76.39446285472197
lbv,12301,241.379767818,0.6206078564419466,53.18941040039063
lbv,12302,256.437172123,0.635387162470447,50.32143967572381
lbv,12303,295.125359248,0.616074291668316,131.67032252293006
lbv,12304,354.479142356,0.6413988766242873,165.8266803816253
lbv,12305,302.030685736,0.6269757891193443,113.6801076851639
lbv,12306,259.716461443,0.6305277322798225,94.12517694211473
lbv,12307,196.330635324,0.5342916871110598,37.545844762465535
lbv,12308,183.961811073,0.5246687531471252,12.776021201937807
lbv,12309,192.997646718,0.5396691163380941,1.5644153669768688
lbv,12310,210.322183028,0.5167073011398315,12.515330595128676
lbv,12311,221.257620329,0.29009426491601126,9.125791961071538
lbv,12312,241.141194662,,0.0
lbv,12313,260.060477879,0.4402936877626361,43.02171864229091
lbv,12314,290.673550552,0.587172194021691,81.08947110643574
lbv,12315,320.348981436,0.5490665546464688,107.42418883080575
lbv,12316,378.201934266,0.5436105085123935,211.7197525024414
lbv,12317,371.587929183,0.5466696073040652,204.15864886115583
lbv,12318,410.362369846,0.57750550748701,287.59542855655445
lbv,12319,393.107502909,0.6055780665244077,208.0702569400563
lbv,12320,407.202225261,0.5805964937182664,238.05561104568778
lbv,12321,373.511748253,0.5874442727392177,175.47826867197074
lbv,12322,284.111566593,0.5739930566729305,91.51997019449871
lbv,12323,248.881994969,0.5289301993190378,53.97341126086666
lbv,12324,255.963785015,0.5752398669719697,45.890483242857684
lbv,12325,248.953549433,0.5384879256342793,47.45502020143995
lbv,12326,293.865499367,0.49124939309226134,82.13377155977138
lbv,12327,227.921330541,0.4654988705134782,15.905287559359682
lbv,12328,274.142408165,0.43485539998763656,40.6758269366096
lbv,12329,231.009733459,0.4565791330085351,27.117258139217604
lbv,12330,224.266020914,0.3962516157484766,17.46977066339231
lbv,12331,220.26606482,0.3930130898952484,22.684627577837777
lbv,12332,236.513107745,0.2782615184345666,53.19194120519301
lbv,12333,241.931594221,0.275785822745678,98.82240558699066
lbv,12334,315.48343369,0.27554983015749895,118.11771973254633
lbv,12335,195.800569411,0.2504691779613495,0.26074559828814337
lbv,12336,201.886282476,0.47026193141937256,10.169042160931756
lbv,12337,264.667401651,0.5230543575503609,57.3639159857058
lbv,12338,264.953460611,0.527370709759086,69.8796776865043
lbv,12339,332.201342818,0.541259277729387,91.00003874535653
lbv,12340,232.180545139,0.5143849556262677,16.948453835880056
lbv,12341,319.417788095,0.5115504123537663,130.8941748824774
lbv,12342,248.096005422,0.5003034182922628,64.14338654162836
lbv,12343,233.391772952,0.5181278401517613,48.75936913583793
lbv,12344,189.403569762,0.5304501056671143,6.518627989525888
lbv,12345,201.346597894,0.2928014482770647,1.825218230602788
lbv,12346,209.050059645,0.4815274775028229,9.647552819345512
lbv,12347,211.496338906,,0.0
lbv,12348,226.594437346,0.38568468093872077,13.037194495107613
lbv,12349,204.399656299,0.3429941892623901,15.644615622127755
lbv,12350,193.164541585,0.37543875575065616,23.466876699410236
lbv,12351,193.251581215,0.4045238372954455,34.41803140079274
lbv,12352,196.480482956,0.42974358797073364,21.120134151683132
lbv,12353,206.42204866,0.3626141846179962,1.564448996151195
lbv,12354,214.57461379,0.3965415817660255,19.294858386469823
lbv,12355,211.048028202,0.45514471712426396,63.360016886393225
lbv,12356,214.705221226,0.4247796564926335,63.35994549919577
lbv,12357,195.824298377,0.4023241102695465,6.779243199965533
lbv,12358,193.892745288,0.41464036040835917,11.73327412324793
lbv,12359,188.920110226,0.4252221406395756,17.469516439998852
lbv,12360,178.455065849,0.43462800031358545,11.472496750775505
lbv,12361,171.466625804,0.4365579612711642,12.254689444747626
lbv,12362,168.11013734,0.4407018337930951,18.251633288813572
lbv,12363,164.763503018,0.4493610168375621,21.380446190927543
lbv,12364,171.2804629,0.4719106122370689,24.24851496079389
lbv,12365,182.152265452,0.49234828285956656,23.205532148772598
lbv,12366,190.257157591,0.5055667534470558,16.68708448223039
lbv,12367,188.546716144,0.5099375907410967,12.254568451526119
lbv,12368,182.113669786,0.5279392004013062,1.3036733889112286
lbv,12369,207.290461903,0.5289717316627502,10.429377686743642
lbv,12370,243.986088025,0.5132500791727607,69.87668271532246
lbv,12371,217.330033924,0.5148347136900597,50.582317457012095
lbv,12372,178.21610826,0.5349286071589735,15.904723313275504
lbv,12373,188.167533741,0.5510265231132507,5.4753804823931524
lbv,12374,177.381232069,0.5491180419921875,1.825123685948989
lbv,12375,196.819718523,0.5559620834313905,6.779030833524816
lbv,12376,178.748296025,0.5740252137184143,1.3036575317382812
lbv,12377,209.041700481,0.561913251876831,55.014253145105705
lbv,12378,246.153478761,0.5086675580511701,61.27170182770374
lbv,12379,226.974586151,0.5089096846275551,44.845650138107004
lbv,12380,284.63613305,0.5152345841267594,112.6354673497817
lbv,12381,290.349014717,0.5172067629780405,140.0119384765625
lbv,12382,238.522401037,0.513380501248421,56.83906468410118
lbv,12383,302.703284438,0.4815901350953002,141.05459376316446
lbv,12384,338.824507531,0.47928559741630755,141.31518611533969
lbv,12385,350.308815848,0.4953600141449251,179.90285904828238
lbv,12386,362.086176701,0.4983336240549246,203.62894550398283
lbv,12387,378.405288135,0.49708574720119175,198.15342493992227
lbv,12388,389.751054731,0.4804498731337624,185.89905123243148
lbv,12389,359.506914139,0.4715189164115633,167.3871113496668
lbv,12390,226.781556327,0.4746159140771557,65.96396765615427
lbv,12391,353.84655599,0.4756721112992346,202.32432185154335
lbv,12392,317.938123993,0.4948285734149772,129.58130472220628
lbv,12393,275.697874197,0.47817041270144567,160.60764629887598
lbv,12394,218.602263093,0.46012763136779,90.99358469645182
lbv,12395,293.044398272,0.5086764651025366,130.6241829367245
lbv,12396,228.872019933,0.5081389956576849,96.99045374253217
lbv,12397,177.168964064,0.5095934208403243,49.01667540307139
lbv,12398,188.75807092,0.5420705485343933,13.036368575750613
lbv,12399,189.811546168,0.35434193821514354,4.4323591942880665
lbv,12400,180.703804024,0.5417947173118591,1.8250981349571078
lbv,12401,181.905703807,,0.0
lbv,12402,183.567052368,,0.0
lbv,12403,191.601565528,0.49510762095451355,20.85833859911152
lbv,12404,183.27216012,,0.0
lbv,12405,191.31240416,,0.0
lbv,12406,190.556873932,0.502041702190142,46.41004542930453
lbv,12407,188.616484821,0.5212501825152578,37.28454167983111
lbv,12408,182.823133606,0.5332064215953534,27.11608025045956
lbv,12409,167.95449345,0.5468894839286804,5.475371057846967
lbv,12410,165.705219479,,0.0
lbv,12411,184.514814168,0.48670015484094625,6.257593850528492
lbv,12412,166.056316184,0.5004372000694275,1.0429332059972427
lbv,12413,181.470111223,0.47017157077789307,3.6502662209903494
lbv,12414,155.40110779,0.4804023504257202,0.5214693555644914
lbv,12415,174.839647648,0.48133096306823026,33.634772985121785
lbv,12416,227.552564921,0.5426750725328324,77.95980284447762
lbv,12417,169.018630415,0.5721842518874577,3.65029670864928
lbv,12418,169.425660782,0.4160220613402705,24.24840491799747
lbv,12419,181.737729772,0.34137959281603497,38.32816823323568
lbv,12420,191.06225852,0.2554264858365059,5.214738584032245
lbv,12421,199.357911556,0.25589862850404554,24.248559839585248
lbv,12422,188.567862782,0.25621312856674194,41.45724666819853
lbv,12423,195.143074349,0.2804344951266973,18.512387294395296
lbv,12424,181.993768471,0.28780804506757046,45.889861462163
lbv,12425,181.058569194,0.293261855840683,7.300659778071385
lbv,12426,174.375947654,0.34220603108406067,37.8069881364411
lbv,12427,185.073647296,0.35403649554358296,94.1263697904699
lbv,12428,207.151268199,0.35473751809375587,120.7216615265491
lbv,12429,195.153511146,0.366331904638009,15.90501406800513
lbv,12430,181.767281104,0.3844597339630127,55.797899732402726
lbv,12431,184.313257056,0.36076991486299725,99.60185840083103
lbv,12432,177.027878466,0.35799917578697205,37.54625028722426
lbv,12433,197.069203139,0.375,91.51898507510916
lbv,12434,193.685655314,0.3683638693764806,50.06168428308823
lbv,12435,169.933660814,,0.0
lbv,12436,170.575533356,0.35561625361442567,10.429533116957721
lbv,12437,183.2097051,0.3484431952238083,12.515439740349265
lbv,12438,190.116220359,0.35744078597932494,13.81913137996898
lbv,12439,194.619029755,0.40857067229473487,29.46343105540556
lbv,12440,190.469904007,0.4282039897195224,15.122823019588695
lbv,12441,186.578008086,0.43971389532089233,0.260738327923943
lbv,12442,204.604612311,0.5586806535720825,1.3036847582050397
lbv,12443,219.48973681,0.5346866846084595,11.472486428653493
lbv,12444,225.639795243,0.5607600600823112,11.99394489363128
lbv,12445,220.588277618,0.5662491917610168,80.56799540800208
lbv,12446,267.087450312,0.5488380832804572,93.86562571806066
lbv,12447,254.141754113,0.54392009973526,50.84388059728286
lbv,12448,250.089193989,0.5765882017644676,77.17829027362897
lbv,12449,249.443108556,0.5832426305132933,153.5741996017157
lbv,12450,217.078284838,0.5556955740332059,114.2028350830078
lbv,12451,243.942295884,0.5596472585764457,132.45443381515204
lbv,12452,204.455421073,0.5678274302106154,89.17204015395221
lbv,12453,189.144223685,0.5764162473380565,83.43582811542585
lbv,12454,201.162447244,0.5829328541692935,99.08006630691828
lbv,12455,241.58286705,0.589950507996129,132.97590367934282
lbv,12456,217.464021156,0.5725766194916759,100.64449609494677
lbv,12457,183.338923609,0.5261287819014655,58.66583341710707
lbv,12458,184.133630872,0.5816882252693176,40.414297066482845
lbv,12459,171.824589375,0.5415984103554172,49.5401060814951
lbv,12460,209.040754173,0.5656836628913879,32.331493302887566
lbv,12461,217.957378549,0.5871763640436634,52.92978482713886
lbv,12462,205.050706022,0.5567585532880547,77.96064324472465
lbv,12463,218.269802774,0.5617250276449771,81.61099754782285
lbv,12464,215.427245244,0.5305244933884099,55.27650601256127
lbv,12465,270.989833858,0.5614528262115025,74.57123673382928
lbv,12466,261.842772915,0.4940901796023051,68.83504153980928
lbv,12467,169.140798249,0.4595002312035787,10.951049266142006
lbv,12468,175.683580374,,0.0
lbv,12469,178.593778463,0.40346822142601013,6.257773724724265
lbv,12470,178.99921667,0.39553018776994003,4.954074695063572
lbv,12471,180.186315242,0.38461539149284363,1.0429642022824754
lbv,12472,174.806522652,0.38558927178382874,14.601523964077819
lbv,12473,191.333659582,0.38623062535828234,13.297839355468751
lbv,12474,199.487607318,0.3943699262081048,30.50680793313419
lbv,12475,206.32531561,0.46950322125727934,50.06254021139706
lbv,12476,173.790612864,0.48668185373147327,6.257819321576287
lbv,12477,170.534743979,0.5292274564321788,42.501083852730545
lbv,12478,173.085144384,0.5158519893884659,27.117262178308824
lbv,12479,174.342259218,0.5038207555789292,60.7531945920458
lbv,12480,171.808737844,0.4795153793610132,65.96807903214996
lbv,12481,160.188193884,0.5191311836242676,70.1400749954523
lbv,12482,171.858243189,0.5560818945489279,53.452522876215916
lbv,12483,169.22532131,0.538980684400666,87.87080550848268
lbv,12484,176.353456847,0.5385102957218617,57.885311081830196
lbv,12485,173.609499122,0.5237422478877433,32.07162682028378
lbv,12486,169.871712085,0.4877507364308393,70.40118611653645
lbv,12487,180.65612817,0.5411514135246928,45.89122482000613
lbv,12488,183.277245974,0.5425896048545837,1.5644735897288602
lbv,12489,191.081390947,0.4798067510128021,5.214929917279412
lbv,12490,192.4000679,0.4798067510128021,0.2607464958639706
lbv,12491,214.642249094,0.4815968871116638,13.03734723259421
lbv,12492,225.590056713,0.5400359034538269,1.8252317540785845
lbv,12493,240.214246667,,0.0
lbv,12494,393.165195475,0.49041984507510833,179.39397511201742
lbv,12495,926.058938766,0.5588019375821429,733.4831610586128
lbv,12496,249.991082946,0.5256494969643396,60.49355121687346
lbv,12497,237.947517508,0.48198691429747376,68.57678596646178
lbv,12498,265.169179099,0.5202715694904327,56.32171361586627
lbv,12499,291.654997688,0.5307394814491271,65.18725526099111
lbv,12500,313.280620772,0.5521103927583405,129.07111134248623
lbv,12501,282.165460191,0.6129649279277717,69.88098847632314
lbv,12502,209.674909332,0.5228196152721543,21.64222059062883
lbv,12503,219.711240233,0.4676407896280289,65.18753476610371
lbv,12504,219.170077045,0.527253270149231,20.338546393899357
lbv,12505,203.998177912,0.46673907608870996,43.2846539366479
lbv,12506,191.557347333,0.35204800963401794,10.16930820240694
lbv,12507,217.696407534,0.28135591745376587,2.0860191195618873
lbv,12508,230.287656294,0.3116000041048578,12.255350658940333
lbv,12509,242.061559325,0.38444437086582184,2.086021991804534
lbv,12510,281.3420688,0.3855021893978119,35.46239013671875
lbv,12511,302.729019057,0.3766094040763271,28.943659075568704
lbv,12512,325.118464133,0.48490630506728744,83.96279844396254
lbv,12513,307.766790994,0.5389655622848987,85.78816007726333
lbv,12514,283.870987083,0.6154077734775886,43.54606475830078
lbv,12515,274.880067632,0.6100998520851135,51.10800793217677
lbv,12516,300.334492709,0.6113362682832254,9.647941619274663
lbv,12517,271.645676723,0.2243468909679601,50.065244068818934
lbv,12518,303.394683659,0.6253489851951599,15.384579886642157
lbv,12519,400.555508397,0.3368413004360787,152.28243192784925
lbv,12520,994.779490221,0.462978055546034,816.6947575887045
lbv,12521,455.116499438,0.5515749988617835,261.0185872994217
lbv,12522,408.584740503,0.563177387217867,277.9676719216739
lbv,12523,325.575175583,0.5580700886054117,79.53107084386488
lbv,12524,275.309097819,0.4872364103794098,12.516354549632354
lbv,12525,256.394968071,0.48640490722972035,39.374365354051776
lbv,12526,252.987775672,0.4840748373602258,15.906200573491114
lbv,12527,241.659774111,,0.0
lbv,12528,236.272250089,0.4442198872566223,7.301194254557291
lbv,12529,224.937256095,0.4536387551398504,32.85537414550782
lbv,12530,226.097963683,0.48771347021788686,23.20736745198568
lbv,12531,222.68845284,0.5027456879615784,6.77968037923177
lbv,12532,229.113254412,,0.0
lbv,12533,230.448255601,,0.0
lbv,12534,211.562147442,0.5117614269256592,1.0430259554993873
lbv,12535,205.612695723,0.5144658582704561,28.943970265107996
lbv,12536,199.538000779,0.5203238869535513,7.561938177370557
lbv,12537,212.932755126,,0.0
lbv,12538,206.725424926,,0.0
lbv,12539,206.51541098,0.5132887363433838,13.298558044433594
lbv,12540,201.237590441,0.5140209763737048,15.38460636512906
lbv,12541,205.844709014,0.5164480149745941,15.645335926729091
lbv,12542,205.70642003,0.531665237590333,80.57347771139706
lbv,12543,216.504159502,0.5401198437501644,60.49529718137255
lbv,12544,235.040068932,0.515160443419117,76.92282762714461
lbv,12545,225.467310445,0.5148626963805665,101.95528046851065
lbv,12546,226.714944085,0.56019583248323,80.83409417844287
lbv,12547,234.44590931,0.5602459907531738,78.74805303835402
lbv,12548,225.197980769,0.5784188404800447,64.14576505773206
lbv,12549,233.342232863,0.5852993130683899,77.96578761082068
lbv,12550,201.247507767,0.5723504570126533,52.15102895100911
lbv,12551,227.093220399,0.5295408245672222,115.51455416211894
lbv,12552,208.027579028,0.5182320368122048,92.56812899720435
lbv,12553,194.095728033,0.5136811137199402,28.683115042892158
lbv,12554,224.874841969,0.44876554282773445,31.02995440913182
lbv,12555,206.43884969,0.46162790060043335,35.72357749190985
lbv,12556,199.371634494,,0.0
lbv,12557,196.062923098,0.46268656849861145,14.341631571451824
lbv,12558,196.079850373,0.5071982145309448,5.215147729013481
lbv,12559,199.565767508,0.45543478429317474,6.258180416331571
lbv,12560,201.750364656,0.480441689491272,1.5645471909466913
lbv,12561,224.212002761,0.459922016199146,43.80739674287683
lbv,12562,203.401206301,0.4586494565010071,3.6506163952397364
lbv,12563,204.056369238,0.5083992859007607,37.02776495241651
lbv,12564,214.14871451,0.5886510814939225,18.253165899538526
lbv,12565,242.966608077,0.5773065375582791,80.05320332845052
lbv,12566,246.026310266,0.5718351710926401,65.97231277765012
lbv,12567,233.720108552,0.5350399996076921,116.55979560403262
lbv,12568,222.914139009,0.5680632204340215,89.18010846306295
lbv,12569,207.836376627,0.5545927052912505,35.98498804428998
lbv,12570,207.361673957,0.53260687738657,6.2582716100356155
lbv,12571,217.876654903,0.5219717719066093,62.32199724982766
lbv,12572,216.176702415,0.5329221825341921,9.648189320283779
lbv,12573,207.26722384,0.5128576755523682,19.55718096564798
lbv,12574,208.075249042,0.5084521229329863,9.908976625928691
lbv,12575,220.655961633,0.4996347725391388,23.990224561504288
lbv,12576,216.541648566,0.5064977629472744,38.85375928691789
lbv,12577,222.715622188,0.524983468808626,34.681599725461474
lbv,12578,222.368434304,0.5463799032671698,22.686499561983
lbv,12579,230.173418575,0.5560273662419385,18.514300686705347
lbv,12580,249.270911147,0.5229764540990193,43.02630256204044
lbv,12581,239.586400751,0.5138254375709836,59.19378763834635
lbv,12582,247.237780026,0.5003368287790018,31.813467706418503
lbv,12583,260.171906131,0.5221481553295203,59.45473453297335
lbv,12584,212.063453468,0.5246477914952684,22.686687574199603
lbv,12585,206.510165779,0.47891894765829635,30.770528426824832
lbv,12586,201.081904671,0.3405837651561288,22.16527422736673
lbv,12587,201.809932588,0.3832306055550648,51.37135647044462
lbv,12588,205.541813618,0.3703334515668312,55.28289364085478
lbv,12589,190.904014551,0.3812769055366516,6.258450137867647
lbv,12590,209.783440391,,0.0
lbv,12591,199.434041212,,0.0
lbv,12592,184.81992711,0.4965170919895172,6.77996431238511
lbv,12593,201.998839818,0.4648463825384776,4.693832217945772
lbv,12594,201.468897871,0.43141587544232607,16.689229090073532
lbv,12595,207.298056279,0.4647050124453747,33.11768897561466
lbv,12596,217.467671765,0.49874098342040485,30.24922772575827
lbv,12597,215.898992895,0.507736586509867,49.02453595329734
lbv,12598,232.463809472,0.6004876827169782,85.01061437270221
lbv,12599,217.167773408,0.6429132370635716,51.63218177346622
lbv,12600,202.804754205,0.6197768545781189,108.47957126393038
lbv,12601,201.450765484,0.5858339546109315,139.77163391113282
lbv,12602,193.191072604,0.62848020937978,102.2210084802964
lbv,12603,184.875526996,0.6676387235634311,69.36425027286305
lbv,12604,183.831545476,0.5947605728125962,127.25457386690027
lbv,12605,191.10660629,0.6132318538804887,135.85988401525162
lbv,12606,235.991761797,0.6276175047605093,170.80280079561123
lbv,12607,225.28634333,0.6859900323178273,72.49347803452436
lbv,12608,212.22416145,0.661321465365858,108.21870377484491
lbv,12609,214.015200368,0.5972652588932978,159.85078771254595
lbv,12610,196.07103564,0.6148126500169027,101.17804744944853
lbv,12611,200.10993982,0.6098582139699765,105.35042248894186
lbv,12612,219.459980289,0.5879245437681676,70.92909303552965
lbv,12613,212.762004126,0.5801520075012997,64.14911974738625
lbv,12614,213.563244122,0.6115152179263531,41.723071827607995
lbv,12615,212.542532574,0.5475370428356968,31.81383726830576
lbv,12616,215.856485569,0.5728832202641954,58.15163936241
lbv,12617,195.671614531,0.5626666687783741,27.38083917954389
lbv,12618,202.667479115,0.5445969124569052,78.4918254478305
lbv,12619,216.681605126,0.5842749599148246,26.598595204072836
lbv,12620,214.80969757,0.5287146721825455,43.0271884693819
lbv,12621,220.886774484,0.5989089382546288,36.50798363779106
lbv,12622,221.345190453,0.6125197024906384,84.22919604731541
lbv,12623,249.125954806,0.6050351511832723,93.35634568158318
lbv,12624,236.364965419,0.6200534050890024,62.84612540450751
lbv,12625,253.735741752,0.6216137379940069,116.82606341792089
lbv,12626,277.676724588,0.6018963073066133,130.64712727864583
lbv,12627,429.215553991,0.5493431209713191,270.4212451710421
lbv,12628,594.809804875,0.5427605652829223,464.43677987491384
lbv,12629,638.028210139,0.5642798400317272,428.19003319833797
lbv,12630,700.267318618,0.5661571152760431,423.7576162300858
lbv,12631,790.221148735,0.5648862152214511,411.24107489492377
lbv,12632,817.292206113,0.5377208175015276,500.1658789242014
lbv,12633,662.331569097,0.5505360293622995,344.484303672641
lbv,12634,645.317899209,0.5330677207313695,383.6009222591625
lbv,12635,677.943308646,0.46986962703911006,460.7909845688764
lbv,12636,523.043123718,0.5874305568882412,322.5807771869734
lbv,12637,571.45738177,0.5835175708411271,351.7884420656691
lbv,12638,408.434901735,0.5217614278992477,224.79020029703773
lbv,12639,420.312392112,0.6028558931012792,231.83153438194122
lbv,12640,412.436566873,0.6235641907017256,202.36392621807022
lbv,12641,351.225973272,0.5895279934942322,155.42412662880093
lbv,12642,368.179412982,0.6248320928781317,111.35257936365463
lbv,12643,386.293091003,0.624485332394915,117.6114455279182
lbv,12644,209.409906576,0.21904312446713445,2.086243693033854
lbv,12645,358.435896209,0.6343518087455821,57.8930108463063
lbv,12646,396.991567001,0.5290591728765829,178.1126645555683
lbv,12647,366.915187511,0.4467399983179001,164.29160844391467
lbv,12648,353.106022344,0.49289386944482794,77.71248623717065
lbv,12649,227.005429026,0.22834645850317817,9.127351499071308
lbv,12650,331.925625398,0.47441859543323517,62.587235394646136
lbv,12651,299.410895921,0.39880096647474494,105.6160920087029
lbv,12652,280.721195239,0.4132460519275834,29.468173427207798
lbv,12653,278.237606345,0.3139725923538208,2.0862445906096814
lbv,12654,264.901723023,0.3184320175526093,25.556493482402725
lbv,12655,256.89277214,0.3565536141395569,23.209431128408394
lbv,12656,256.638629391,0.35822408920840215,29.72893335678998
lbv,12657,251.929212682,0.4540138284365336,62.58712230009191
lbv,12658,255.022199392,0.4640059769153595,15.125221222522212
lbv,12659,245.277225253,0.46866485476493835,33.901295680625765
lbv,12660,243.562373656,0.48787459292832547,70.93182235418581
lbv,12661,251.226893292,0.4897116996521173,56.06742514815985
lbv,12662,253.321575603,0.4686138964486572,82.92749938964843
lbv,12663,248.525090224,0.4742014706134796,22.16615549723307
lbv,12664,248.322005513,0.5068593621253967,31.81489784390319
lbv,12665,249.893139353,0.5232061130519757,63.368920449649586
lbv,12666,243.762574795,0.5253233899561207,46.41837313782935
lbv,12667,238.312191949,0.5095294119228962,59.717922375248925
lbv,12668,240.366241616,0.4797837781906128,58.67481456083411
lbv,12669,242.384332521,0.4494617254409975,26.860026221181833
lbv,12670,276.89874746,0.40554262200991315,15.646617216222426
lbv,12671,266.535075284,0.40488411155906884,48.24373641668582
lbv,12672,269.801882249,0.4069884656069105,60.76095506256702
lbv,12673,260.603519813,0.42327995025194604,27.12080879959406
lbv,12674,272.124456529,0.3582647740840912,36.7695504581227
lbv,12675,268.825470918,0.4831029176712036,0.5215565999348958
lbv,12676,260.752168333,0.48309878500945425,70.93169848872166
lbv,12677,255.785636776,0.48254087567329407,49.54796226351869
lbv,12678,250.043840533,0.4665293843350945,48.76569916968252
lbv,12679,249.004536363,0.4811007770208212,47.46188815247778
lbv,12680,242.295902289,0.49768098384324766,42.50715005912033
lbv,12681,241.574382462,0.4901770560801783,41.20331854726754
lbv,12682,242.69087345,0.5028698123418367,40.68182516659007
lbv,12683,237.126630773,0.5163624847113196,34.944704153023515
lbv,12684,321.726183953,0.5517570592070881,118.91655728209254
lbv,12685,440.217152716,0.5737682641019747,232.87864541446461
lbv,12686,392.465823766,0.5394888289911405,182.54798664766201
lbv,12687,280.291526754,0.4910616135597229,45.63707688275505
lbv,12688,263.297168897,0.5005347728729248,71.7155299467199
lbv,12689,287.702206731,0.41667863446245623,74.84505791757621
lbv,12690,292.721978966,0.37570688259470597,47.46280281216491
lbv,12691,334.693369234,0.46197911388263474,128.30625960406135
lbv,12692,294.268866349,0.47480938712755844,39.11780637853286
lbv,12693,303.770647226,0.499675139784813,29.72962682387408
lbv,12694,307.007223077,0.5084682553545241,84.23402443680109
lbv,12695,340.313835459,0.5481999732430013,141.0857935587565
lbv,12696,504.453425989,0.5385131208222551,274.87023070092295
lbv,12697,443.18094482,0.535319386166636,262.6136400409774
lbv,12698,557.341411086,0.5788932613836254,343.7194659064798
lbv,12699,576.254182947,0.5776583737903384,390.40090723972696
lbv,12700,461.892582434,0.5941671994529736,324.4217374913833
lbv,12701,274.227507331,0.6407177464109689,107.96676225849228
lbv,12702,543.902913751,0.5846341605882468,335.89723914651313
lbv,12703,540.071170706,0.5794116987624554,326.77003811106965
lbv,12704,266.020845648,0.6336222207823465,78.49784124037798
lbv,12705,519.868920976,0.5668596918534328,371.1050502103917
lbv,12706,505.146637645,0.5833442870848603,341.8970603494083
lbv,12707,462.787827553,0.607531747576527,265.2249383963791
lbv,12708,417.482342335,0.6166895048106394,216.19648314831304
lbv,12709,219.073381847,0.5110990858391712,49.55050195432177
lbv,12710,418.43246288,0.5992479629477663,207.59076729568784
lbv,12711,394.768136955,0.5854686867714544,202.37524572634226
lbv,12712,374.350103883,0.5867524107606495,201.07168094410616
lbv,12713,352.657838309,0.5930321133655051,149.95644148284313
lbv,12714,327.382085847,0.5612552927188297,146.8272190467984
lbv,12715,298.728094402,0.5460075254135942,98.05884863161573
lbv,12716,285.011147035,0.5799191558318929,73.80505062926048
lbv,12717,285.99900968,0.5936822274440453,82.41143122654336
lbv,12718,297.321016418,0.6112473240389732,96.23375863467945
lbv,12719,315.403491232,0.62156324432971,113.9681131699506
lbv,12720,360.812841568,0.5941293010691635,155.17429890352136
lbv,12721,319.498975143,0.5740946735516727,145.00353510239546
lbv,12722,359.966510598,0.55375189899433,322.08589935302734
lbv,12723,418.000945732,0.5923250857955636,248.54109775318818
lbv,12724,424.703227527,0.5941984471888028,263.66784398696
lbv,12725,360.496420054,0.610868644808966,164.30364631204043
lbv,12726,286.326276531,0.604502436576351,202.11979076909083
lbv,12727,322.187941194,0.6106592899113032,135.3553186753217
lbv,12728,355.365657711,0.6117410769858084,166.65163493436927
lbv,12729,401.12861099,0.5886554235190736,212.8136915019914
lbv,12730,189.459616952,0.45356979341564063,43.553888777190565
lbv,12731,348.400723535,0.48727069688106767,236.02552197026273
lbv,12732,346.8332958,0.4825902621027166,136.6602387671377
lbv,12733,238.113094652,0.4584737835342393,70.93828190822228
lbv,12734,392.455727015,0.5242739823095652,204.46908997180415
lbv,12735,273.446467551,0.5053287422443186,58.15906114765243
lbv,12736,209.379922319,0.408399726252958,43.29342435948989
lbv,12737,231.865083852,0.40936850130558006,26.080415493834252
lbv,12738,231.491902727,0.419389321045442,57.37692619772518
lbv,12739,222.060601802,0.44740056923587057,68.59150722728057
lbv,12740,259.564135965,0.4443528419816411,74.59002380371093
lbv,12741,287.79871351,0.4376616738308436,45.3800106272978
lbv,12742,301.382251981,0.47311181531232943,62.0715087890625
lbv,12743,219.431294706,0.4873445431391399,0.7824103261910232
lbv,12744,533.380126408,0.5697421085357666,326.0052108764648
lbv,12745,1101.45444463,0.600168448162469,892.7350322947782
lbv,12746,842.657247567,0.5518195414928398,572.9901066499599
lbv,12747,589.953766536,0.5222562699829608,342.69921459123196
lbv,12748,467.040805015,0.539714567390257,287.9303099688362
lbv,12749,523.797172506,0.5868630166872437,346.3515960992551
lbv,12750,385.798760107,0.6052663588994428,237.85629101921526
lbv,12751,364.375927003,0.5781233611673413,184.3910390218099
lbv,12752,397.045198932,0.5719452354417214,214.12338176054112
lbv,12753,439.497962722,0.5687947067005461,239.68291551178578
lbv,12754,334.803526744,0.5730070295028908,134.57725515926586
lbv,12755,427.288661713,0.5852539197993032,252.98464439242494
lbv,12756,402.813775155,0.5955723194126805,221.42707241282744
lbv,12757,261.602867494,0.6135234978309898,67.28886278937844
lbv,12758,470.939866959,0.5844933041664357,277.76248303581684
lbv,12759,484.9965956,0.5586256555884889,331.7506323421702
lbv,12760,467.91060726,0.5640975329676285,264.7228395948223
lbv,12761,428.979552565,0.5545115471950599,219.081308222752
lbv,12762,468.634491471,0.5099945817556647,262.89795307832605
lbv,12763,471.983974566,0.4903128982602326,291.8484773523668
lbv,12764,437.451836195,0.4998939557018735,273.85293175192436
lbv,12765,385.597588859,0.5114805761879013,176.3094066844267
lbv,12766,291.127921915,0.5105035322004574,91.54533718333525
lbv,12767,267.708478582,0.4823026709831678,67.81151051240809
lbv,12768,223.42317145,0.44329468154499674,30.51520924287684
lbv,12769,260.399259894,0.561677687155093,47.729058837890626
lbv,12770,267.013005664,0.5864460903998704,44.59936693976907
lbv,12771,263.265815087,0.5753840283128142,68.3336586746515
lbv,12772,297.425069708,0.5831155834617195,118.67124155081956
lbv,12773,294.531866773,0.59161563092099,142.4057020000383
lbv,12774,350.763315051,0.5840514457640165,195.0909324795592
lbv,12775,372.211706473,0.579683939941594,222.73787575516045
lbv,12776,317.270486153,0.5990131657800557,105.63116499956917
lbv,12777,375.933207717,0.591261752001889,261.07880171233535
lbv,12778,429.994860088,0.5683961837986183,281.1622619928098
lbv,12779,390.816182326,0.5726611230214634,211.52403729008694
lbv,12780,354.058545924,0.5956419720088394,214.91487094654755
lbv,12781,305.153031451,0.6136253122636612,147.10206577076633
lbv,12782,385.015777834,0.6015720432191282,241.2581024169922
lbv,12783,493.025425874,0.5928170055419476,289.5102197983685
lbv,12784,445.30398956,0.5952496734949261,240.73729361739817
lbv,12785,493.700638116,0.5915642354673553,376.1035737280752
lbv,12786,207.684674841,0.589832636512744,81.11533481373506
lbv,12787,512.444991351,0.6270688498317267,334.89455054788027
lbv,12788,388.997247844,0.6423873619106569,212.0479673497817
lbv,12789,363.102076421,0.6508972414619173,203.96275838216147
lbv,12790,444.12206416,0.6403630463837536,298.64140559177775
lbv,12791,419.676011782,0.6276778182227865,248.56383843515437
lbv,12792,497.053938467,0.6167732548133692,300.20701389686735
lbv,12793,243.046552549,0.40829511387654915,89.20200811647902
lbv,12794,598.616220845,0.45709478077124027,424.6217353671205
lbv,12795,682.717389576,0.4665216848895741,533.125050204408
lbv,12796,314.099387857,0.4023883673032439,132.49900252398322
lbv,12797,444.140590133,0.5433879258172838,306.9895813287473
lbv,12798,360.775891185,0.5028246432659443,266.56221732345284
lbv,12799,590.563369578,0.5389557867380741,487.21857865277457
lbv,12800,401.428854407,0.491587956376366,248.56516505222692
lbv,12801,410.409001219,0.5143540779980579,201.87749714570884
lbv,12802,611.34930049,0.5063927340124523,353.1545269536037
lbv,12803,550.806094784,0.4520561227979868,359.93615599987555
lbv,12804,322.574756223,0.38290609846977147,206.31172156240424
lbv,12805,460.441359443,0.4349047200922053,225.87294697481045
lbv,12806,327.604275046,0.4074419530118323,99.63463335224228
lbv,12807,252.062715885,0.46850886940956116,3.9123355641084556
lbv,12808,686.643607965,0.6025505808997538,373.23577132879524
lbv,12809,748.538861195,0.48380497704961273,468.6972166173598
lbv,12810,217.091473624,,0.0
lbv,12811,328.339630442,0.4614847889943929,91.02749361524396
lbv,12812,706.081932257,0.5488216876082725,431.4034849877451
lbv,12813,840.158588962,0.6108822916058158,601.9841122496362
lbv,12814,829.284778855,0.572452012629591,652.8465971105238
lbv,12815,640.999345155,0.5516205347493122,437.9272635665594
lbv,12816,476.699629828,0.5622483000767474,306.7320664349724
lbv,12817,388.551095519,0.5679064803252751,250.1330078125
lbv,12818,342.065610671,0.5963478057754965,208.1401301664465
lbv,12819,374.913764587,0.6116741408208374,204.74970469755283
lbv,12820,369.529626965,0.5991522911228712,164.8433531518076
lbv,12821,353.03029705,0.5974587314309137,182.84075054093904
lbv,12822,384.67567408,0.605228044222032,255.35147295185166
lbv,12823,363.672452189,0.6404757950325114,194.57865301393994
lbv,12824,255.936696059,0.6571528612759702,96.24613764145795
lbv,12825,320.950210363,0.6289948019896591,124.676725619447
lbv,12826,267.808928437,0.5692082584005981,76.42326396867341
lbv,12827,294.196596844,0.5790003992786462,91.81240569469975
lbv,12828,292.098345075,0.5686665278473979,101.4633165546492
lbv,12829,276.883298508,0.5337698187984404,79.5535972445619
lbv,12830,261.1974673,0.2823141813278198,1.3041618197571998
lbv,12831,278.519562505,0.4211548429727554,52.16652933756511
lbv,12832,281.317634377,0.5027452713477983,75.38071304022097
lbv,12833,314.136539866,0.5072179345684198,136.67670216279873
lbv,12834,320.675761278,0.5208423881374334,115.28852889117073
lbv,12835,269.83073721,0.512516632812208,114.2454205681296
lbv,12836,316.690324584,0.5483541642274478,117.89717102050783
lbv,12837,313.072371461,0.582791708039479,131.19997002096738
lbv,12838,309.711396512,0.5499950100163944,159.10952438653683
lbv,12839,337.499358591,0.5788314748028097,171.36902094822304
lbv,12840,384.138875575,0.5420761308524499,179.45520707672716
lbv,12841,410.510124577,0.4868519639675334,190.67146513695812
lbv,12842,461.73676436,0.5309726814553922,248.83823062672334
lbv,12843,267.789742977,0.5664328385262467,57.64499158672258
lbv,12844,366.238614898,0.48163716377559035,188.5854679780848
lbv,12845,282.989175344,0.4494178720028046,64.948738786286
lbv,12846,292.077130224,0.46474007610334767,235.53722013585707
lbv,12847,442.722174904,0.4676780062432908,329.70047278310733
lbv,12848,438.595523582,0.39368611047180685,256.66625432033163
lbv,12849,283.059805174,0.4870010574056644,129.11543911204618
lbv,12850,270.933864172,0.4557615295409015,109.03093438241996
lbv,12851,260.764640923,0.46197836223344313,85.81630102419385
lbv,12852,258.255275573,0.48573070706485166,120.50813840978287
lbv,12853,254.067941366,0.48979930361876123,203.45548029880896
lbv,12854,243.668811996,0.45535867703849364,150.50513679653992
lbv,12855,242.191588326,0.4470534287943629,158.85217365938075
lbv,12856,256.151827603,0.39704515249134814,91.03369670194738
lbv,12857,300.847045924,0.4887466882046716,98.33725935992074
lbv,12858,321.572530992,0.5798331698337634,186.50186202105357
lbv,12859,359.365402287,0.5673523388205496,159.37461009306068
lbv,12860,241.685901727,0.37604573196003227,110.07566279991
lbv,12861,250.834325351,0.2812802350028939,170.5915834913067
lbv,12862,181.506897948,0.271829904628401,31.0403943529316
lbv,12863,344.130224534,0.5549367632967694,158.8533249200559
lbv,12864,212.385489315,0.49326627316710714,47.47353252336091
lbv,12865,177.661013112,0.3537529070361131,38.344092963723575
lbv,12866,176.513242109,0.35037594787160253,34.69233589920343
lbv,12867,186.850216785,0.35198352412438727,74.07987515318626
lbv,12868,180.271395126,0.3084535331332258,58.42919730392157
lbv,12869,225.838025812,0.34652853266973244,79.29678078445735
lbv,12870,237.904741163,0.3808328543922731,58.42919999664904
lbv,12871,226.528238632,0.49847036921061005,16.95483413397097
lbv,12872,228.217518497,0.3400387159060864,43.82178084429572
lbv,12873,187.759151001,0.38992861545447144,60.25482898786956
lbv,12874,187.669415121,0.45298395276888004,113.98833788703469
lbv,12875,196.711602402,0.4249242700866817,50.60349130069508
lbv,12876,192.636908541,0.4647509316603343,46.951551998362824
lbv,12877,197.705971643,0.46582781086283287,63.12366772819968
lbv,12878,188.538675297,0.4645979720425894,21.64983708998736
lbv,12879,200.141503832,0.34453514218330383,2.6084074132582717
lbv,12880,194.658621261,0.3741963252876744,8.607727529488358
lbv,12881,200.466166505,0.4857412868616533,38.34344015682445
lbv,12882,214.977268136,0.5666723718348237,25.30141356225107
lbv,12883,182.442224077,0.5834794477982954,5.7384584913066785
lbv,12884,179.190547665,0.5650313496589661,1.043353151807598
lbv,12885,174.298398319,0.5812889794970666,11.216033456839767
lbv,12886,196.139338096,0.5654063735282022,54.5150572533701
lbv,12887,184.845626264,0.5588103774227674,41.212301605822994
lbv,12888,176.631415485,0.6157527658674452,11.737652498133041
lbv,12889,180.499504866,0.6002126497292669,41.47296977323644
lbv,12890,180.764315881,0.5481068049923757,69.64316837086398
lbv,12891,185.380544143,0.5294510849060551,40.42949541877297
lbv,12892,173.588618948,,0.0
lbv,12893,178.838339127,,0.0
lbv,12894,183.122272346,0.6098565963598398,27.126717062557447
lbv,12895,177.815572433,0.5896797987231374,71.46840129179114
lbv,12896,185.882225754,0.609796356137206,85.55328417011336
lbv,12897,187.385462751,0.6263060921846435,56.079030055625765
lbv,12898,199.202206599,0.6060542949062868,93.6387876922009
lbv,12899,199.711189851,0.5960139540525584,57.64384831447227
lbv,12900,203.109710347,0.6235527185978237,62.860343005610446
lbv,12901,201.351426237,0.6136700850342618,125.9813943900314
lbv,12902,195.245741842,0.6054910043111214,40.68959814333448
lbv,12903,205.968256562,0.6168512997277286,56.86099374808517
lbv,12904,201.512960372,0.6349510819353955,61.29506084965725
lbv,12905,197.674783742,0.6116268826136688,112.93912787343942
lbv,12906,201.742679982,0.5975850221352332,148.41172213086898
lbv,12907,190.443139348,0.597543587508025,105.63564121021943
lbv,12908,203.501092302,0.6748294586866674,37.037641667384726
lbv,12909,202.031514479,0.6397230075420561,77.20508817784926
lbv,12910,212.979372313,0.6198581775953604,100.94030205221738
lbv,12911,237.964235698,0.6101799720870351,121.80634334788601
lbv,12912,233.484138811,0.6012600312126578,128.58765833237592
lbv,12913,218.457370949,0.6254446625709533,66.51079020780675
lbv,12914,210.129122396,0.5802742388561695,142.93273108987248
lbv,12915,194.849260793,0.593632112755332,89.7241419175092
lbv,12916,164.059292813,0.5722561857917092,22.952671185661764
lbv,12917,180.870157758,0.5595103820592271,72.7703016393325
lbv,12918,195.791562959,0.5323107868262047,136.4115697224935
lbv,12919,183.251793896,0.5899494418210411,82.68155421836704
lbv,12920,204.219024871,0.5810753567811328,133.2814697864009
lbv,12921,236.169765683,0.5970469416099222,170.5793019911822
lbv,12922,250.265517551,0.57608114486667,245.6965187521542
lbv,12923,219.928815325,0.5416466294110385,193.27073014203242
lbv,12924,174.183462977,0.4890382954707512,166.14499939563228
lbv,12925,184.988500083,0.4930598338729673,182.05533997778798
lbv,12926,195.51616612,0.5275190719744054,192.48841148825252
lbv,12927,201.725119723,0.535659906938672,208.65960409127027
lbv,12928,229.441564939,0.5216807819048196,225.0916280709061
lbv,12929,222.331909729,0.5047856727648063,220.39679119633686
lbv,12930,183.808261827,0.5140494131011727,105.63403589585249
lbv,12931,176.502589174,0.5574140057161256,80.3341288248698
lbv,12932,197.267979618,0.40188251218949955,112.93720403933057
lbv,12933,195.45229716,0.5925660127602914,53.99088727165672
lbv,12934,211.500807833,0.5566575423200079,122.5880489573759
lbv,12935,214.08472982,0.5217170673961199,101.46132345760569
lbv,12936,253.571267262,0.5327210717084931,181.7959139655618
lbv,12937,216.818123489,0.5828228936745571,84.76865207447726
lbv,12938,205.866456343,0.6056820066248784,31.820888115377986
lbv,12939,228.10110153,0.3474963889039796,37.81999386058134
lbv,12940,236.523264407,0.3491362021348186,55.817213469860604
lbv,12941,215.62935276,0.33419057011177034,72.77115209242876
lbv,12942,212.906639803,0.3330449780926633,103.80992886412378
lbv,12943,220.850910593,0.3644983328002341,70.94558255064722
lbv,12944,225.251837224,0.4600568498466529,106.41845685173483
lbv,12945,227.415295671,0.478931598037436,171.88683010924095
lbv,12946,225.633071694,0.48011617607888285,109.28783198337928
lbv,12947,233.684992578,0.48774651892414034,84.24828533097808
lbv,12948,240.928910866,0.488313741190056,120.24309970631319
lbv,12949,234.199851445,0.5207175031907296,90.24762639064414
lbv,12950,206.660483211,0.48833412095291967,19.04072801178577
lbv,12951,208.898560996,0.5656953454017639,9.389960614372702
lbv,12952,219.297283613,0.5884929981020932,47.210647104300705
lbv,12953,237.535262769,0.6338149866887501,73.033187567019
lbv,12954,235.878806219,0.5967350202942603,140.58893875421262
lbv,12955,226.367555284,0.6198404205736714,111.63662357704311
lbv,12956,254.322019234,0.6245234429005546,149.71840012494255
lbv,12957,280.732774377,0.6366725303346593,170.58532236136642
lbv,12958,208.094074698,0.6189529053189539,114.76692738252528
lbv,12959,182.615282693,0.6122793504865106,89.46616184010226
lbv,12960,183.846559269,0.6436445142702273,96.7696434469784
lbv,12961,205.435428255,0.6308425006465377,139.54662502513213
lbv,12962,180.74321658,0.6231360127663012,134.85175951789407
lbv,12963,183.288688138,0.657053940599297,106.6817034553079
lbv,12964,240.627566784,0.6756812660964495,126.5054059196921
lbv,12965,263.32155037,0.6545204660085242,165.63095586440141
lbv,12966,251.010573944,0.6504555302802647,111.63798355401731
lbv,12967,254.206670656,0.6392706513717731,99.37880096435546
lbv,12968,199.050051963,0.6026968549854749,82.68527272542318
lbv,12969,215.615474594,0.5704072059146942,82.16376854391659
lbv,12970,167.704620269,0.5048568965615453,96.50999115588618
lbv,12971,171.568935123,0.5183745255647613,94.68430053112554
lbv,12972,205.144501961,0.5129067616205765,104.07462924134497
lbv,12973,197.56033968,0.5157614583149552,100.16219518324908
lbv,12974,198.3811531,0.5283472390286081,89.46791378844019
lbv,12975,206.895157004,0.5473281489992605,134.3324390486175
lbv,12976,206.255180342,0.5741317134390596,121.2906265258789
lbv,12977,212.68735394,0.561502069739972,107.72709996840534
lbv,12978,204.103898876,0.5667677656333879,135.1154576918658
lbv,12979,216.740800249,0.5445972558912596,164.85149042466108
lbv,12980,228.335160675,0.5219560146088005,127.55145075180951
lbv,12981,184.680816403,0.5287192844369877,82.9476599300609
lbv,12982,185.633127367,0.5504363990887848,76.42668672449449
lbv,12983,194.833727377,0.5189375039603974,46.95162918988396
lbv,12984,211.761643865,0.54489375431748,141.89838310690487
lbv,12985,207.905384089,0.6054516538706692,143.4635486976773
lbv,12986,226.350985988,0.5979071255042175,139.55097751991423
lbv,12987,209.192872907,0.6258307182084013,101.46810874190986
lbv,12988,216.336917877,0.5527563751479726,211.283312180463
lbv,12989,215.104810163,0.5383197251973812,171.37441487031825
lbv,12990,210.765487006,0.5161793700891649,110.07628161860448
lbv,12991,234.044031931,0.48479232784731086,139.03008231368722
lbv,12992,212.966246982,0.4934052381325853,137.72598257625802
lbv,12993,224.112317389,0.5047877310320389,112.16327308205999
lbv,12994,341.367935165,0.4759143739670247,289.5379619224399
lbv,12995,260.212474891,0.4530841833615576,159.8982405718635
lbv,12996,286.871099028,0.4475106116347385,210.7633176616594
lbv,12997,219.728782418,0.5003884763944717,109.55550085329543
lbv,12998,195.592346829,0.48701912112288426,118.6853120093252
lbv,12999,182.626064872,0.5176209240074617,108.25155923880783
lbv,13000,186.632468275,0.5335101579862928,32.86676698572496
lbv,13001,195.227855683,0.5598212826125164,24.519736016965382
lbv,13002,200.921222233,0.5219590318957708,160.68255142511106
lbv,13003,201.48107054,0.5106255144705414,131.98945500990922
lbv,13004,180.766615443,0.5018933849427307,80.60236520206227
lbv,13005,202.184061628,0.44404496571847374,87.64547657686121
lbv,13006,198.602803517,0.5209265855033841,58.952102511536836
lbv,13007,211.585380014,0.5866769458782876,92.34107178332758
lbv,13008,229.803905579,0.5485919401224921,110.86145187078739
lbv,13009,190.659743873,0.5534826196157016,84.77657024907131
lbv,13010,174.381905589,0.5672405616927694,34.17152769799326
lbv,13011,169.241461608,0.5393636695269881,37.82351759368298
lbv,13012,185.467250011,0.545040252475976,73.29946950276693
lbv,13013,201.402612483,0.5172383794496799,151.29449806961358
lbv,13014,173.501276742,0.5026650285826321,147.38189496807024
lbv,13015,192.366152109,0.4709277241830005,118.16659886977251
lbv,13016,262.473544134,0.4406809862322954,204.5092944575291
lbv,13017,293.156209157,0.5143759037767137,135.12237022250306
lbv,13018,451.340836236,0.5169692615390848,243.1160399792241
lbv,13019,306.101927852,0.3324908814023412,65.73556727989047
lbv,13020,405.890409828,0.36183021729696474,105.12476995131547
lbv,13021,497.449773651,0.3907847582413058,264.76889756146596
lbv,13022,569.444602161,0.39313053689512284,222.24883683148553
lbv,13023,774.430507927,0.3801477875876085,474.2345741122377
lbv,13024,890.774760146,0.44082145320234295,674.0493009679458
lbv,13025,939.861987516,0.45917628429672697,728.5682096892712
lbv,13026,982.509837085,0.5038358266409736,742.3933900421741
lbv,13027,1003.09063548,0.5466393612473461,838.9101965511545
lbv,13028,977.451291215,0.5616025585988224,781.7817618874946
lbv,13029,905.414078255,0.5783744784122382,772.1300692689184
lbv,13030,770.853143041,0.5467662722863904,564.4886392032398
lbv,13031,547.651570345,0.5266706301650682,342.76273232254323
lbv,13032,308.483290502,0.47182241060061025,105.38521893071193
lbv,13033,253.060638499,0.43157340233036545,45.12785665474686
lbv,13034,266.523226818,0.4658064152065076,29.73742711684283
lbv,13035,249.736532312,0.5209549096412955,83.4734796262255
lbv,13036,282.283673572,0.591154146194458,54.77938349106733
lbv,13037,299.144896869,0.6204024250442917,96.51606047387217
lbv,13038,360.32299697,0.6327692007494939,154.4256119372798
lbv,13039,409.849740912,0.6409960215859593,216.2478162578508
lbv,13040,443.435399446,0.6138449534066942,274.93952561920764
lbv,13041,308.824985804,0.5980845151934773,133.55674522250305
lbv,13042,389.628111212,0.5907944840593978,217.0297859042298
lbv,13043,402.642491328,0.5695024861928761,296.5897204829198
lbv,13044,422.297732799,0.5724641204442616,276.50403954001035
lbv,13045,491.944131027,0.5801400468540049,345.8910067389993
lbv,13046,455.71279644,0.5813746890274146,307.80635812796805
lbv,13047,468.412154828,0.590679595942113,313.8059957466873
lbv,13048,502.737656269,0.5949909788110983,359.97709901099114
lbv,13049,498.110141024,0.59592065934624,365.1941464293237
lbv,13050,432.865135922,0.5786294233701357,286.6773129033107
lbv,13051,332.23715358,0.5306815163165773,193.29177667954391
lbv,13052,514.597956698,0.5828290147862718,321.11033756031713
lbv,13053,566.042802999,0.5838135387120622,371.4552947998046
lbv,13054,551.032850662,0.5947529290270344,416.58292523552393
lbv,13055,282.795445775,0.5985699708520228,95.73306821935317
lbv,13056,545.860097246,0.5894276430223608,366.7603959625843
lbv,13057,599.164264309,0.5860523510169474,392.32459345798867
lbv,13058,325.034145902,0.5948597271086645,117.12343507654526
lbv,13059,549.761700165,0.5368775566455963,420.2365858190201
lbv,13060,590.393288437,0.5333180687102727,438.49703156714344
lbv,13061,431.7569691,0.5917711086084093,243.37792044246902
lbv,13062,494.553847748,0.6132958535107902,333.63417385325715
lbv,13063,537.265689318,0.6235357252535996,366.2415683222752
lbv,13064,285.448208371,0.7010691722709975,43.56295201918659
lbv,13065,229.699713475,0.40883056074380875,8.34739200367647
lbv,13066,500.694671411,0.5778946352933322,274.6819201301126
lbv,13067,415.986122353,0.6005378066393723,212.07654607436237
lbv,13068,497.922418553,0.6147140610418159,326.33213518928085
lbv,13069,443.160992135,0.5734791136507331,272.3353489894493
lbv,13070,302.717903854,0.4906034549880109,154.94976806640622
lbv,13071,296.526597306,0.4539398952843026,196.1656501620423
lbv,13072,269.060959455,0.4054048999129789,99.64814518947227
lbv,13073,267.918508901,0.4826721051497439,124.69075580671722
lbv,13074,292.377658216,0.47309602752263963,182.34085666432102
lbv,13075,283.615218578,0.47405533362011165,86.34466947667738
lbv,13076,259.273257411,0.5104304432868958,93.90977495978859
lbv,13077,247.72137105,0.5285409740039281,54.78078011905446
lbv,13078,247.60173898,0.5442783799098464,102.25753930783739
lbv,13079,269.285720705,0.5652045440183927,114.25732206456802
lbv,13080,288.735336379,0.5402795260775828,130.69166268741384
lbv,13081,272.253026665,0.5609951099524131,67.82409249100031
lbv,13082,284.718384322,0.5602070287754547,114.25753568761488
lbv,13083,325.437581108,0.5737655831105781,172.1689614688649
lbv,13084,325.074754831,0.5612010520267124,206.3419710346297
lbv,13085,274.742140717,0.5456942124392397,97.04081806856043
lbv,13086,371.709848837,0.5303501955528355,259.55826098872166
lbv,13087,387.254360108,0.5232237850568687,224.8638247321634
lbv,13088,407.252220948,0.509996242575593,213.64714005414174
lbv,13089,338.493260841,0.536335412988436,153.6486189000747
lbv,13090,293.052156805,0.5526661938846772,70.69406522863052
lbv,13091,450.114402199,0.5285679130327134,251.99476120892692
lbv,13092,321.778019197,0.5548993241149213,126.78012569651885
lbv,13093,355.810269495,0.5422117248004545,157.3014097325942
lbv,13094,323.500894255,0.5027948645028201,149.21483037612018
lbv,13095,370.298760689,0.47070334132631036,209.73574398265166
lbv,13096,258.651971202,0.5161094319176031,67.56435226739622
lbv,13097,364.868742039,0.5329985679856031,196.69310649797032
lbv,13098,322.726006209,0.46063623721229613,151.30251623415478
lbv,13099,296.126711028,0.5031584926414299,129.65071408140895
lbv,13100,264.726211764,0.6221397643186608,63.912388221890325
lbv,13101,271.539419924,0.6408170357491206,80.60786922679227
lbv,13102,258.990223045,0.6224158714430251,84.2600056966146
lbv,13103,250.076901876,0.5910020991262184,86.60780771292892
lbv,13104,248.115696953,0.5714841008186341,71.73839494293811
lbv,13105,258.890683963,0.5618868439847773,71.73839494293811
lbv,13106,253.173960852,0.5552785715011701,57.1298490636489
lbv,13107,245.42458695,0.5538116372068514,49.825576124004286
lbv,13108,255.651145279,0.5320224123063432,39.91263427734375
lbv,13109,269.333826526,0.5435869000395951,63.91231641582414
lbv,13110,313.469340743,0.5939513224142569,133.82453900505513
lbv,13111,344.372492868,0.6102151481831661,159.1285074271408
lbv,13112,344.170148681,0.6407490852325762,197.73663551480163
lbv,13113,293.497129324,0.6600252124874049,139.04169236725454
lbv,13114,293.976440591,0.6493707437924732,94.1727975284352
lbv,13115,276.258231284,0.6180955078310639,68.34705490411497
lbv,13116,208.515168141,0.5640564686722226,35.21702396168428
lbv,13117,273.837009914,0.5862165400035629,117.65099957036037
lbv,13118,253.523172572,0.6334230672588665,47.21698844760073
lbv,13119,280.814036965,0.6000216779161672,15.912938017003679
lbv,13120,294.761584007,0.4489916959777475,83.47778894761029
lbv,13121,282.909010519,0.46842936402367,80.86922694187538
lbv,13122,271.452699735,0.44816063524602534,71.21720383588007
lbv,13123,263.12931744,0.47480751511237634,68.08689997055951
lbv,13124,256.285604653,0.5108859551989514,78.0000727335612
lbv,13125,255.520867719,0.5746039914397093,54.26102701822917
lbv,13126,259.160206479,0.6176980542480399,56.869824577780335
lbv,13127,271.674865699,0.6257974966307998,70.17435769473806
lbv,13128,278.142365905,0.6135785084375193,74.08754505830652
lbv,13129,257.604785796,0.5952998739943657,57.13097605985753
lbv,13130,267.715802821,0.5691206152281485,63.13115413890166
lbv,13131,265.269741971,0.5381056241469808,52.69631171133005
lbv,13132,253.30833086,0.5627276071330958,14.869783199534698
lbv,13133,242.973419746,0.5420743006926317,16.956798478668812
lbv,13134,241.466438895,0.5440373867183584,68.6099873860677
lbv,13135,237.120256952,0.5759592096513837,61.82734536563649
lbv,13136,247.535444131,0.6086512316939653,48.52281021417355
lbv,13137,257.829522703,0.6238643706396775,56.34916363884421
lbv,13138,258.074544952,0.6414357136900178,55.82749918021408
lbv,13139,265.409763032,0.5797723473807579,128.87310515759037
lbv,13140,272.225465629,0.5640402321574055,206.09287725710405
lbv,13141,279.832760103,0.5655334964185869,186.26651784859453
lbv,13142,283.144852043,0.5885614088269508,93.13344950956457
lbv,13143,265.413193179,0.5689524022432473,61.04554111256319
lbv,13144,258.808846034,0.5708107554912568,39.131856132956116
lbv,13145,257.336488815,0.5546137851018172,44.088591990751375
lbv,13146,249.00931449,0.5326136370145139,43.82775995591108
lbv,13147,264.886902078,0.5329345214334608,96.26473744710287
lbv,13148,255.900616191,0.5208433753093787,58.958960918351714
lbv,13149,250.909448198,0.5095591626384042,31.566579153023515
lbv,13150,264.699773586,0.5254403517601338,24.52283794926662
lbv,13151,260.878218009,0.4392595589160919,45.65432903813381
lbv,13152,261.554259379,0.45866767111278717,54.78521525065104
lbv,13153,246.662751231,0.6226984250702357,39.65419081145642
lbv,13154,261.378912547,0.5557679435116561,51.91573887245327
lbv,13155,261.474098329,0.5411647847910833,93.39628885306564
lbv,13156,256.194432462,0.5113194888288326,43.04583964628331
lbv,13157,258.365573079,0.47843246521620914,52.959487765443086
lbv,13158,288.662435549,0.6100139774490093,72.0042500813802
lbv,13159,321.658210283,0.5551741692926977,100.44086225921032
lbv,13160,307.306397461,0.5413662988098885,112.96355671602137
lbv,13161,283.168822571,0.5635978106190177,102.00647977941176
lbv,13162,277.370668394,0.5172660566139511,85.57078202191522
lbv,13163,292.750063278,0.4927733768935964,155.22769613826975
lbv,13164,285.525686569,0.5027713957009283,109.31176718917547
lbv,13165,295.002462711,0.5582453304819023,123.39991487989238
lbv,13166,278.911547963,0.5364929085014432,136.70544322892732
lbv,13167,269.136378101,0.5212276199181092,105.9207680496515
lbv,13168,265.342438157,0.5100216017319606,54.26493479410807
lbv,13169,257.511485835,0.47133824716789924,113.22603451597925
lbv,13170,267.116282228,0.4531176998645444,103.05146669874006
lbv,13171,260.97498402,0.42517822454957394,62.09187837488511
lbv,13172,254.088758759,0.40827966882632327,84.7894656611424
lbv,13173,265.90163237,0.44607047465112465,58.7004955516142
lbv,13174,279.132146101,0.4481922789321592,100.18237789378446
lbv,13175,296.531002422,0.42397317505608045,68.6145985622032
lbv,13176,297.51120251,0.4314460989950005,119.48873374789369
lbv,13177,288.904756353,0.485233656488932,122.09792133406096
lbv,13178,266.802528936,0.5933141480661909,97.3133077284869
lbv,13179,297.369006523,0.6036288191194404,152.36217875761145
lbv,13180,381.626339968,0.5901402869886496,212.36815661262068
lbv,13181,460.973104114,0.513060397847935,281.7666004255706
lbv,13182,499.449359333,0.477786162854932,331.0763160855162
lbv,13183,509.424857556,0.46590933138768387,359.2534879198261
lbv,13184,276.370745071,0.5517288586263192,122.8818781235639
lbv,13185,583.31965381,0.43351054299445374,410.91162782556876
lbv,13186,581.02762751,0.4247204081082747,384.82254088158703
lbv,13187,594.64722259,0.40745503316619774,410.3910511690028
lbv,13188,423.163546226,0.44333965694010574,247.06970469156903
lbv,13189,595.633314187,0.3959874371039378,355.86445417217186
lbv,13190,565.367513714,0.4216555998331263,368.1271585501877
lbv,13191,587.092135811,0.448929967430023,402.0445624258005
lbv,13192,542.874850369,0.4786773214093696,338.12494093951057
lbv,13193,248.911708991,0.5338495543160414,51.39712096569585
lbv,13194,379.047249765,0.4571286936190502,189.41282492244943
lbv,13195,599.82061523,0.4528196174664046,383.78322275199145
lbv,13196,406.062332791,0.4783311292092263,160.1925287882487
lbv,13197,331.363239124,0.4553486347912315,130.71110648360906
lbv,13198,591.553010209,0.4058465450203262,476.9261179306928
lbv,13199,650.173838091,0.38281021311275687,418.74611496270876
lbv,13200,675.174017243,0.4098924048961773,447.4459345200483
lbv,13201,739.542440126,0.42465130730708067,452.9254714965821
lbv,13202,754.040379923,0.4251327020358651,515.0211007510915
lbv,13203,774.040746455,0.47637878889261287,560.9409230849321
lbv,13204,797.178375217,0.5117552517557016,579.7268882003485
lbv,13205,802.379600408,0.5209764061457609,523.6335810343425
lbv,13206,711.808919779,0.461745794864481,492.8487121582032
lbv,13207,802.342760414,0.5441182317043353,578.4249354942173
lbv,13208,446.611286324,0.5415050084369127,280.47193875780283
lbv,13209,579.230727959,0.5855147384558663,344.39349167767693
lbv,13210,567.582636818,0.6207482997191387,327.1740551817651
lbv,13211,427.426729178,0.5070320789722977,246.03355811623967
lbv,13212,466.319193518,0.5093688045739256,357.1793604233686
lbv,13213,624.937115799,0.5387502584339837,433.88556054807174
lbv,13214,561.694612598,0.5795110926658624,428.14584661745556
lbv,13215,534.77205922,0.5764326495783669,414.5793564141966
lbv,13216,525.532127053,0.6131504567100388,330.5676807478362
lbv,13217,551.780870992,0.5654490734819657,444.3230853510838
lbv,13218,637.25398897,0.585803810704979,441.97483990239164
lbv,13219,737.840771437,0.597343887469212,511.8977045395795
lbv,13220,441.250857966,0.5724286985896936,224.11871774710863
lbv,13221,184.120434391,0.2671860988999976,31.83080240885417
lbv,13222,397.815820734,0.5050721458000655,172.98125715068744
lbv,13223,435.986054759,0.47803371071266776,226.7281443277995
lbv,13224,198.545596501,0.22682015597820282,3.3918071073644303
lbv,13225,391.78257538,0.49951377195807606,189.94025974647673
lbv,13226,627.566326062,0.511781144940319,512.4205600813323
lbv,13227,418.999755348,0.4697664994301783,295.08554418227254
lbv,13228,302.231538004,0.4397685388779507,93.4045940324372
lbv,13229,607.453201604,0.5789413842975364,384.5752097933899
lbv,13230,594.842239101,0.6259052107070988,392.40177106670313
lbv,13231,536.457287697,0.5932052120532424,343.6120478012983
lbv,13232,382.625247581,0.530973126424239,194.37416830623852
lbv,13233,301.428655101,0.4725752397322319,92.62117842131971
lbv,13234,260.339667546,0.45391744497704184,38.09204978194891
lbv,13235,227.018027415,0.4253859547898172,25.046763790355012
lbv,13236,228.166159037,0.5036604449457052,63.92131981943168
lbv,13237,246.958882412,0.6265906334560822,48.788810999253215
lbv,13238,262.688871365,0.6395834397666061,41.22257878920611
lbv,13239,255.387815955,0.5390836978331208,33.39543887867647
lbv,13240,242.196656987,0.5016459340653264,72.26974918141084
lbv,13241,239.109772934,0.5544958482111307,104.09957939596737
lbv,13242,236.930639765,0.6288181885268338,33.65618097641889
lbv,13243,234.623059055,0.533328877045558,30.52533832624847
lbv,13244,220.432753738,0.5326747988399706,44.61387652228861
lbv,13245,228.838302478,0.5552255722173189,61.57228315764783
lbv,13246,225.682335378,0.6232003353644108,36.0040620691636
lbv,13247,220.11695079,0.6117820186936176,50.35341578464882
lbv,13248,238.220450738,0.6271403246368005,39.39559789919386
lbv,13249,226.675675179,0.6471150815486909,29.220537013633574
lbv,13250,230.187222885,0.5921568870544434,34.438446044921875
lbv,13251,218.685946534,0.6446443796157837,0.5217928418926164
lbv,13252,242.64900866,0.6185885572975333,34.43830647188074
lbv,13253,288.478900805,0.5969833713479159,85.57385283825444
lbv,13254,274.034442909,0.5740939419588938,83.74741560992072
lbv,13255,295.115727303,0.5939619322617848,117.40271400002872
lbv,13256,290.215442365,0.6178331780679448,126.53381751565372
lbv,13257,330.724715835,0.6270379122230009,141.66545499913832
lbv,13258,369.449880512,0.5759158607469786,113.74953936408548
lbv,13259,350.34850858,0.5277483131153038,86.61649914909813
lbv,13260,340.495692614,0.48176075560978043,81.65944471172259
lbv,13261,400.214206464,0.42161732060568674,178.97219310087314
lbv,13262,215.536240184,0.5104536300973047,20.61046516568053
lbv,13263,318.643661518,0.43894550031809887,112.70534174302045
lbv,13264,349.851513145,0.44002587249269703,133.57658164828433
lbv,13265,328.015252757,0.47318938742210326,120.53193233714384
lbv,13266,417.870018414,0.3863092005252838,224.36689833098768
lbv,13267,332.592012516,0.4077504271666209,97.8343241074506
lbv,13268,308.08224734,0.38646070248094094,60.52684323179956
lbv,13269,266.3697368,0.4193566328141747,53.4827101464365
lbv,13270,262.840727703,0.44323130116218656,66.26653580011106
lbv,13271,252.140962182,0.456247688752534,115.57495667700674
lbv,13272,266.391735332,0.47385390775148273,56.09172940721699
lbv,13273,285.518260104,0.49418232865455153,143.22954146441293
lbv,13274,300.837275884,0.5060041369334665,140.62090292537914
lbv,13275,304.602938339,0.507179049964085,120.7930845971201
lbv,13276,299.767588791,0.47371199000996167,92.0951228721469
lbv,13277,297.919173413,0.4721985434231006,99.13917014926088
lbv,13278,291.059425322,0.5221739567816256,83.48562493417776
lbv,13279,297.819583176,0.5323734915848319,183.92937260048063
lbv,13280,285.02678083,0.5270909765878549,108.53139537736482
lbv,13281,265.453376782,0.5176083700159403,66.26693731569776
lbv,13282,223.484126292,0.4966267957678581,70.70216396556181
lbv,13283,223.71767973,0.4901114254203064,39.39501621021944
lbv,13284,214.494117836,0.49174404736319766,77.48550962560317
lbv,13285,225.115057708,0.5205667496907829,26.35035328584559
lbv,13286,223.087098515,0.5286741151276048,72.26780126235064
lbv,13287,231.124599906,0.5373347088233712,25.30678342931411
lbv,13288,222.493743184,0.5763275588515901,71.48514440199908
lbv,13289,212.641665795,0.561097155205191,95.2266051348518
lbv,13290,227.435885891,0.5448644176410263,40.96051973829083
lbv,13291,218.513625235,0.5413244329219642,112.18485152300667
lbv,13292,226.976150062,0.531263756034709,91.05241058947993
lbv,13293,223.356372563,0.5574653611004909,27.91581121706495
lbv,13294,262.368322397,0.5467156181530076,63.91950216854319
lbv,13295,272.187373914,0.5382406176684739,100.44495511522481
lbv,13296,279.704261207,0.5165966299932395,104.8802319694968
lbv,13297,264.420603311,0.515558408839362,107.75011862960515
lbv,13298,294.585274808,0.503382075174599,204.80350643980736
lbv,13299,338.764250663,0.4781207411141877,232.1977024452359
lbv,13300,374.26425841,0.473580533663059,278.115551518459
lbv,13301,426.650319753,0.48350495577059366,309.6840951956955
lbv,13302,387.017061503,0.519795653808944,308.37961623247935
lbv,13303,368.411285509,0.5673567300802406,274.20209981880936
lbv,13304,363.315350341,0.553909601133229,287.5078352385876
lbv,13305,377.181467011,0.5388033390569392,296.63923106474033
lbv,13306,411.357868107,0.5531223043542188,226.71925009933173
lbv,13307,438.719154354,0.562984707317953,265.07115771723727
lbv,13308,486.144383108,0.5626851719288161,297.16153672162227
lbv,13309,424.023579677,0.5692253878869508,247.85203273997587
lbv,13310,353.57264003,0.571224022642406,204.2821884454465
lbv,13311,489.507330663,0.5624960131317605,341.77522200042125
lbv,13312,481.317643299,0.5543002927787087,340.7317760991115
lbv,13313,510.76112456,0.5686479778681878,314.12072373932483
lbv,13314,430.141021323,0.5544247103631497,260.8976499968884
lbv,13315,486.644642597,0.5703252317524758,310.4684740253523
lbv,13316,477.17227637,0.5740501938263575,352.2122806324678
lbv,13317,475.26550387,0.6153651240900061,282.5528473797967
lbv,13318,457.535536736,0.6107289248458458,340.7333058974323
lbv,13319,534.05744853,0.6233823498090109,358.4749879425647
lbv,13320,503.038803718,0.573705621898597,367.8673899033491
lbv,13321,433.58167676,0.5804674092809953,262.2035396800321
lbv,13322,444.237954083,0.5587058846083375,314.90531119552315
lbv,13323,314.37593131,0.6062945134668466,108.27319216260722
lbv,13324,423.267206945,0.5740300430929103,283.59790493834254
lbv,13325,516.975690185,0.5306713640647904,370.7391201542874
lbv,13326,579.774300925,0.5107030289290382,397.87342421587783
lbv,13327,577.303203221,0.5028026254327448,376.47996090159694
lbv,13328,307.774195881,0.5697764156593217,93.92420142678654
lbv,13329,554.546978133,0.5202319717516826,368.9141808603325
lbv,13330,621.270877505,0.500274545441916,484.7549745447496
lbv,13331,421.358860669,0.5167139646410942,234.81151356416592
lbv,13332,565.482895725,0.507649621056033,429.4448838177849
lbv,13333,443.858744204,0.5426148640128753,326.6499726239373
lbv,13334,473.439520797,0.5250997080663106,338.1303251079484
lbv,13335,457.921177487,0.5223274884283708,280.9931520948223
lbv,13336,446.124280778,0.5349634202732438,226.9865264892578
lbv,13337,392.988248283,0.5687848258253678,211.59343130074296
lbv,13338,425.630781307,0.5682441073280949,223.85629074994256
lbv,13339,291.855027148,0.5852958371196936,57.66001287722119
lbv,13340,400.913348657,0.5691274898039862,251.77376744887408
lbv,13341,368.188376303,0.609641813295228,182.63413747151694
lbv,13342,363.550797444,0.6334192859055543,177.15547257965687
lbv,13343,363.057097338,0.6107866187890372,187.85288014131436
lbv,13344,356.661728004,0.5967827183402714,145.84708257936964
lbv,13345,396.350118121,0.5490576462054764,219.6841821109547
lbv,13346,344.652910522,0.5492185638319675,72.53235820695465
lbv,13347,351.857858961,0.5434447519690078,139.58576642204736
lbv,13348,440.969660571,0.5617781617088452,256.47294155943626
lbv,13349,498.761847292,0.5541026705121024,333.44144254198255
lbv,13350,388.518648769,0.5331554064379141,252.8211508358226
lbv,13351,389.969424734,0.49835781880127356,201.9437098783605
lbv,13352,413.948176141,0.48195111323561063,247.0812441956763
lbv,13353,453.556050476,0.5104171253297213,258.5613276762121
lbv,13354,383.552032107,0.5255415409013927,157.58944597431255
lbv,13355,378.864926552,0.4846034822985531,208.72811904608034
lbv,13356,293.776615326,0.4619091543500409,85.0568094590131
lbv,13357,383.237520078,0.4851624131772774,245.5168551276712
lbv,13358,394.210991441,0.5488885921927599,189.94286846086086
lbv,13359,357.453294857,0.55089977393417,158.63400163837508
lbv,13360,280.932781585,0.4747286677491247,118.97561106962316
lbv,13361,192.205237883,0.36946341376395736,40.96312958960439
lbv,13362,277.423013726,0.41684092468208855,134.1084115421071
lbv,13363,333.054741586,0.4464826068115062,144.28375076593136
lbv,13364,337.621485766,0.48538013841166633,51.66023406982422
lbv,13365,439.07291474,0.3106338629200135,42.26751020842907
lbv,13366,335.238575933,0.4504233294541074,50.61652425130208
lbv,13367,281.759584672,0.37298782778282963,62.61829465978286
lbv,13368,269.030179676,0.4071008441712074,66.00999809713925
lbv,13369,243.894620979,0.37020340445321365,46.70269820269416
lbv,13370,244.418296225,0.4458773006938097,90.27428355497472
lbv,13371,207.096628232,0.5026865968172499,72.53242283241421
lbv,13372,211.401268594,0.5763911257187525,6.2617790670955875
lbv,13373,193.1513396,0.5786908268928528,25.568916530235143
lbv,13374,198.423513871,0.5627938518921535,15.65440144258387
lbv,13375,203.342302375,0.5619629773687809,49.05038248697917
lbv,13376,220.599431326,0.5567778170108796,109.58041651108685
lbv,13377,226.063773307,0.6064039456723916,25.829620271570544
lbv,13378,213.258815061,0.6349347829818726,26.61231384277344
lbv,13379,220.079156772,0.5927426369040162,74.61871915331074
lbv,13380,216.560376271,0.569439563927827,70.44415597354664
lbv,13381,223.302291223,0.614352982192144,71.48768457150926
lbv,13382,229.807095763,0.625006709554151,98.36060186647902
lbv,13383,243.204244394,0.6112347925741841,99.40406898049747
lbv,13384,219.59422281,0.6197522765451086,87.92422602036419
lbv,13385,212.739908115,0.6095604456577105,126.53766452564912
lbv,13386,240.549037645,0.598466902255296,173.7607914644129
lbv,13387,260.930576503,0.6439649781784827,147.67048636043774
lbv,13388,241.980026534,0.6464267872538964,132.01621731028837
lbv,13389,236.186453725,0.64129930959134,138.53870607263903
lbv,13390,233.340071545,0.6231648811023601,71.48698838177849
lbv,13391,260.15948723,0.6386331462012935,51.397537949505974
lbv,13392,244.425100837,0.5882782037140892,79.57472145230163
lbv,13393,226.195142849,0.5696276811371862,88.44542373956418
lbv,13394,217.815491024,0.6035401857778675,63.65983635397518
lbv,13395,231.321381159,0.6059362333114833,57.137311688591446
lbv,13396,237.923605667,0.5879616862649372,122.88419557459214
lbv,13397,290.033859869,0.636860076028839,132.01570883358224
lbv,13398,317.457408855,0.6441644632656148,135.92919999664903
lbv,13399,307.842942905,0.6145071573146098,189.9354315664254
lbv,13400,318.996664344,0.598289818983329,198.2842104444317
lbv,13401,240.886861957,0.5681188618746337,135.40713381299784
lbv,13402,254.278023923,0.5597761244975406,145.0604730344286
lbv,13403,330.217629603,0.6182915942304454,163.84560989679076
lbv,13404,204.355137106,0.6207810507880317,58.70262190874885
lbv,13405,403.294315717,0.6084492631039301,277.33771084056184
lbv,13406,406.371351951,0.637620591235404,204.54667627671185
lbv,13407,239.712669493,0.610154564907081,71.48697132783778
lbv,13408,329.048946732,0.6271322293159289,152.62748538746553
lbv,13409,276.101186617,0.5111373924301007,133.5817555147059
lbv,13410,322.887497867,0.5006945261929026,189.67598302504595
lbv,13411,257.809358263,0.4809980869851571,111.40554477467256
lbv,13412,301.664450315,0.5109545294130057,148.7147872027229
lbv,13413,262.557835926,0.475840422667955,49.571701348996626
lbv,13414,249.633231421,0.4338292411374088,103.83983878341374
lbv,13415,234.731143877,0.4319698650368376,90.27297384224687
lbv,13416,225.214659171,0.4489215402238404,69.9224796369964
lbv,13417,228.35269201,0.4634338184093919,109.84104671104282
lbv,13418,228.260456082,0.4980045241035827,95.23051204307407
lbv,13419,198.5808515,0.5297086839777192,79.83709603103937
lbv,13420,218.38721681,0.6149613851308823,26.09063376632391
lbv,13421,248.068909294,0.5181168139722832,125.7568919761508
lbv,13422,242.260307615,0.5694108718493854,122.36522527956495
lbv,13423,225.576213635,0.5181242078542708,58.44315116732729
lbv,13424,258.648170207,0.5267072157426314,14.349921432195925
lbv,13425,303.853378996,0.5235903263092041,37.57071748621323
lbv,13426,369.246653255,0.5415507078170776,60.00891562069164
lbv,13427,576.609275474,0.5129187479203577,188.89774807200718
lbv,13428,798.176993998,0.5028846763380791,520.2510565664254
lbv,13429,920.797010378,0.5614620205743991,679.9277941535502
lbv,13430,943.393614922,0.5811087314473582,770.2030927471085
lbv,13431,919.243998535,0.6048184702072915,690.3664534325692
lbv,13432,877.903915955,0.5866539850179378,626.4439613192691
lbv,13433,853.106600358,0.5697437146268282,638.4464921539906
lbv,13434,817.321268502,0.5498328169784665,546.3463256536746
lbv,13435,726.511213142,0.5423817182239576,505.3845636405197
lbv,13436,732.217512886,0.5423783230556288,510.8642761828852
lbv,13437,849.858222351,0.49380658654386783,626.9694897819967
lbv,13438,846.49573444,0.4795708081477845,674.4558068368948
lbv,13439,923.072174731,0.4945878279247985,560.4388312246286
lbv,13440,934.356442204,0.4837798237930454,598.7935833201689
lbv,13441,913.436280625,0.47010380395478035,563.3100827086206
lbv,13442,904.484878598,0.4597339908246579,586.0103820800781
lbv,13443,896.821552039,0.41243284851476053,618.6250456566904
lbv,13444,894.011953497,0.40195679584939775,624.6268403595568
lbv,13445,895.627908461,0.4243045968838638,575.5758623310164
lbv,13446,857.009671364,0.36736909793032974,602.971596542059
lbv,13447,811.904739993,0.3959609306727301,594.3628902061314
lbv,13448,759.738959529,0.4101545829912996,546.354679780848
lbv,13449,647.761664601,0.4374855639510555,428.4212942385206
lbv,13450,602.913938073,0.48011221219488287,392.4167205511354
lbv,13451,653.145645077,0.44718739183459955,456.60273757635383
lbv,13452,415.959516677,0.5152275710565745,212.38573536592364
lbv,13453,447.391020094,0.48470300633566715,228.30187449735755
lbv,13454,631.571833067,0.4504013329111436,417.72770295984606
lbv,13455,595.165029838,0.48732230255015724,389.28841642491955
lbv,13456,314.253383549,0.6082485768684122,22.43889357622932
lbv,13457,394.220904296,0.5101842739348464,167.77022977342796
lbv,13458,610.739255622,0.46008982149380223,387.72384568756706
lbv,13459,507.958485669,0.4761934215264606,275.7904439290364
lbv,13460,411.980045361,0.4996349062185642,252.56927508185893
lbv,13461,637.440457555,0.464793944745152,422.68797514672366
lbv,13462,776.620991504,0.4495639570141484,577.9349296420227
lbv,13463,647.622854474,0.4523267322229881,365.5475173351812
lbv,13464,730.63634937,0.4672679129133143,460.5226016773897
lbv,13465,775.690824171,0.4429990901137787,600.3768744375193
lbv,13466,636.907739085,0.4622218060616142,431.04063942105154
lbv,13467,541.063899781,0.48490216630063554,326.41206440645107
lbv,13468,591.498245204,0.47933297542083203,321.71578746122475
lbv,13469,357.897795469,0.5201302339143282,116.37121522192862
lbv,13470,305.508772043,0.5465442209274739,80.36416039560356
lbv,13471,682.685200376,0.5033227431026486,374.42313489726945
lbv,13472,801.728938495,0.5262821754048154,544.8065825817631
lbv,13473,827.852530346,0.5140952648745667,625.6918756522384
lbv,13474,733.733017196,0.5260184873592834,480.88007707782805
lbv,13475,616.658456598,0.6465958409648697,344.68059357287837
lbv,13476,864.098796462,0.5305207280692213,651.0029248705097
lbv,13477,887.392370407,0.5368211866793758,681.7912021711762
lbv,13478,819.186240862,0.5748476342752218,642.6546886967678
lbv,13479,918.02621349,0.5643729749587397,723.538411847283
lbv,13480,996.99643347,0.5660733644211149,809.119597311581
lbv,13481,1003.09535545,0.5600089247371455,773.6336267807905
lbv,13482,977.774022398,0.5329568686786965,723.7966092577167
lbv,13483,853.502246643,0.5414095833394885,626.4735494277056
lbv,13484,775.845352098,0.5248810613038547,559.153409950406
lbv,13485,567.955472378,0.5073046818041669,372.59422415939036
lbv,13486,331.874416015,0.5055310821401844,94.71396035587085
lbv,13487,342.718029766,0.465906996846199,65.2299404667873
lbv,13488,332.196705004,0.4622815098190716,121.84942381615733
lbv,13489,341.931865071,0.5608780120345329,72.53555034562655
lbv,13490,350.058983245,0.6034754225082937,129.41588649375765
lbv,13491,339.597312042,0.5953565331815763,170.9017588297526
lbv,13492,402.211278889,0.6236433324742918,228.0427282295975
lbv,13493,535.156894318,0.6196764902561953,309.44862261005477
lbv,13494,582.196241112,0.5918281056095012,377.5473975686466
lbv,13495,664.001104036,0.5991546701978553,459.21378146900844
lbv,13496,604.027222635,0.620358361138238,417.9881961598116
lbv,13497,426.773938121,0.6158258182823871,219.43036301556756
lbv,13498,265.911369129,0.5775094562106663,44.61656117158777
lbv,13499,327.303235329,0.5530346569758428,82.4492151896159
lbv,13500,481.876856382,0.6024975867613274,212.90717713599113
lbv,13501,436.44438076,0.5287664962570765,197.51227043002262
lbv,13502,581.427946891,0.5624903470914892,329.5356517417758
lbv,13503,681.249770409,0.5953724868692866,399.72276171515955
lbv,13504,674.799062863,0.5717469659991234,456.34100967108037
lbv,13505,692.14372929,0.5485244068927843,518.4386234956629
lbv,13506,700.082165784,0.49648517124918595,510.35032297770175
lbv,13507,701.685983089,0.4635644342304792,512.698266511805
lbv,13508,672.860051986,0.4589212456223916,460.254136059331
lbv,13509,659.104029238,0.46441743494633814,440.4246752570657
lbv,13510,486.145210468,0.455589958567177,205.34013444489125
lbv,13511,674.043626099,0.4595310588118581,417.20345539766197
lbv,13512,666.731193123,0.46078462429760686,411.20219167073566
lbv,13513,634.866905664,0.4610909194856578,409.1146018832338
lbv,13514,482.839376906,0.4629357639850109,252.82605375402113
lbv,13515,652.212618889,0.4594907406276156,440.4248002594592
lbv,13516,723.416377948,0.451366031061623,545.8350855210247
lbv,13517,916.385759581,0.428304139253722,767.6139774397308
lbv,13518,687.297521167,0.4237855658201916,510.0898730408912
lbv,13519,640.325298145,0.43348904271931044,492.86932675230736
lbv,13520,578.120836017,0.4808842479940493,449.55721519320616
lbv,13521,430.029344752,0.5758400441539523,317.27260505825865
lbv,13522,289.198768153,0.5279628174756867,79.83981269387638
lbv,13523,342.651513289,0.6256036800738521,128.63116125966988
lbv,13524,400.091403278,0.5893185715633649,178.98803321987975
lbv,13525,344.271062594,0.46237257625907663,125.23930451636221
lbv,13526,493.234375801,0.5490794481597459,355.3676853853114
lbv,13527,289.367361151,0.559008994566396,105.93203205781825
lbv,13528,340.29004185,0.515490400112128,206.12425949994255
lbv,13529,328.093561169,0.49167756988756695,235.6080540376551
lbv,13530,242.764774236,0.4849124541525533,125.50132275749654
lbv,13531,513.952187633,0.4654842215625256,339.45325395172716
lbv,13532,565.822077733,0.46659080709876694,453.9963673610313
lbv,13533,563.792835564,0.4887636571529968,406.7706233903472
lbv,13534,400.116146601,0.5441086580394023,204.29880206538184
lbv,13535,503.175157517,0.5924142492826396,317.5372834448721
lbv,13536,404.032260541,0.6289377375593727,165.94426230636296
lbv,13537,357.917644789,0.5976753539374674,179.7733431348614
lbv,13538,346.073882205,0.5841232771292711,122.11036628274357
lbv,13539,331.315147172,0.5693620797246693,150.2897720636106
lbv,13540,299.075751995,0.6100553257471429,102.54169963761872
lbv,13541,335.398098702,0.5901705123463264,186.29729593314377
lbv,13542,330.09224071,0.6062144008490558,143.24556630452474
lbv,13543,362.203885762,0.5868525197531315,196.21264714259726
lbv,13544,353.094567064,0.5455465433155312,187.08043658686623
lbv,13545,375.361572334,0.5310110358990516,172.9910202026367
lbv,13546,364.684939014,0.5436827727422422,102.28125433828316
lbv,13547,407.197289125,0.5480315543661182,194.3868979659735
lbv,13548,402.27340426,0.5573725286389696,191.77778760124656
lbv,13549,410.985503632,0.5799875700432631,226.74154782762713
lbv,13550,396.796987676,0.5922554485725633,215.26117616541242
lbv,13551,457.56544313,0.5609600325763289,245.52862892898855
lbv,13552,511.443160205,0.49364375130409777,335.02570809757015
lbv,13553,390.193608254,0.49934273542476304,155.24954944685393
lbv,13554,300.045575564,0.45107386149937595,103.06461085899204
lbv,13555,336.67124757,0.45078222845467303,155.7715305103975
lbv,13556,423.834359209,0.4429412931564645,215.52338158102594
lbv,13557,246.038096859,0.3739831367802751,47.749224135454966
lbv,13558,390.08341934,0.47007655963569356,174.29771818273213
lbv,13559,612.512439436,0.5101409878203256,390.3448478249942
lbv,13560,777.550718218,0.5467056595205898,512.980926842783
lbv,13561,899.055533292,0.5822947210563022,670.3213844748103
lbv,13562,808.669534709,0.6044866381547389,580.0410913803998
lbv,13563,673.671227696,0.6098515925064584,479.0623733819699
lbv,13564,755.637985458,0.6425163041144566,535.1624177521352
lbv,13565,815.057043079,0.6690996105016089,613.7021318921854
lbv,13566,703.784867415,0.6288835094620785,500.98075549555745
lbv,13567,697.502273341,0.6100826177541205,512.4612532970951
lbv,13568,565.645340342,0.6207306319184069,325.8985059850356
lbv,13569,346.127191612,0.5977954875748113,138.2918037863339
lbv,13570,335.304188707,0.5324936337390189,169.34227097455192
lbv,13571,384.587921225,0.5644577711861936,188.12937370749083
lbv,13572,449.733568507,0.6228347599655515,312.85348666321994
lbv,13573,487.456413408,0.6655676960945129,316.24596467859607
lbv,13574,279.578149062,0.6272778441360343,104.8933681712431
lbv,13575,253.768722252,0.5836015333529233,76.71306690889246
lbv,13576,480.246488234,0.6656486740189802,272.93216609580844
lbv,13577,274.869772544,0.5579688505331676,97.84857222613167
lbv,13578,503.496739953,0.6067069074701755,306.5926992378983
lbv,13579,609.06506918,0.6515375574621609,405.48570825913373
lbv,13580,622.781496066,0.6898291334234242,423.2297199922449
lbv,13581,624.024592221,0.7031865659054746,418.0118498858283
lbv,13582,623.518736677,0.7153085203655066,417.49071412927964
lbv,13583,726.697120793,0.727602061506047,523.6908520866842
lbv,13584,706.827877933,0.6529217464075798,556.0475246653838
lbv,13585,675.002806323,0.629553208567589,487.162193477855
lbv,13586,705.839876939,0.6832396181875383,452.9807529823453
lbv,13587,1071.69160928,0.7670075266383485,810.9839917351218
lbv,13588,657.357276545,0.7056315970483087,499.69018629485475
lbv,13589,600.026790849,0.6965729285212396,403.1451257144704
lbv,13590,709.880789479,0.64493248173154,603.8055362776215
lbv,13591,782.724313498,0.6539679395251077,645.2956844554229
lbv,13592,594.949694836,0.6281817667017913,404.1910920685413
lbv,13593,518.290350648,0.6296371744912528,308.1667207007315
lbv,13594,221.636238333,0.41808221284589625,50.36081315582873
lbv,13595,483.308971958,0.5825670499989041,298.7733224606981
lbv,13596,572.893998988,0.6060958453071964,375.22864670099
lbv,13597,589.995718385,0.612458250966525,423.2419558655982
lbv,13598,531.876424848,0.6313226009412554,330.60938334745515
lbv,13599,589.656880731,0.6464297224454467,374.18673670151657
lbv,13600,661.930371589,0.5975275108546073,424.5487000409295
lbv,13601,451.501245624,0.4710085975688395,264.33210503073303
lbv,13602,408.944072527,0.5724701890710737,217.36313647101906
lbv,13603,605.911328684,0.613833713462983,408.6328610887715
lbv,13604,635.385340334,0.6095763878004541,404.7194498398725
lbv,13605,582.429248221,0.6173567633337109,309.21555193732763
lbv,13606,674.249276018,0.6357601053638112,409.9396503822475
lbv,13607,693.754969083,0.5755744936360132,457.4319288665174
lbv,13608,881.159466771,0.473543090881827,700.370839616364
lbv,13609,1007.13722624,0.44477772707335805,723.8570915970148
lbv,13610,990.591614683,0.45663536162268764,774.4812950283872
lbv,13611,829.906307681,0.47608822948889135,586.3416268741383
lbv,13612,793.599159129,0.4967166832070389,571.9905305151846
lbv,13613,935.625520417,0.5762961119732972,681.327256565468
lbv,13614,910.959710476,0.5235355166041685,615.5705562217563
lbv,13615,951.815114332,0.4193415666420799,683.4178224451401
lbv,13616,826.754118937,0.3610483202111605,590.2610455681296
lbv,13617,1208.57982275,0.24407618691622612,656.2826354082893
lbv,13618,856.90030033,0.31149882845201066,584.0015873927695
lbv,13619,1082.54889938,0.2500633704684564,489.5397323608398
lbv,13620,769.847759918,0.5996017266495699,153.43671477074716
lbv,13621,733.437937695,0.5333278810985586,406.5557485543045
lbv,13622,640.30884867,0.4592471473339172,379.4180452234605
lbv,13623,428.601589842,0.3053611147596645,306.3540827134076
lbv,13624,677.938853864,0.4454613757010691,468.66264681348605
lbv,13625,800.773772843,0.42623819781024297,590.2649880502738
lbv,13626,995.925240053,0.3843619354425498,753.0978197583964
lbv,13627,980.23076815,0.3829863834281802,673.5085625143613
lbv,13628,914.94993229,0.34911674922107894,617.6657556571213
lbv,13629,1017.26258338,0.2505827875269552,745.7948250265681
lbv,13630,755.708121503,0.3961015300272114,454.31056548473873
lbv,13631,725.990513614,0.4327164440680238,524.7658814074946
lbv,13632,719.689053575,0.4304864479310176,502.0630125457165
lbv,13633,746.591074689,0.3908382229975538,543.5546971638997
lbv,13634,759.058878582,0.3827868823430859,578.5217706119313
lbv,13635,805.532092774,0.41300990916895397,636.9725905773686
lbv,13636,750.61911857,0.4295389796226586,517.1968017578125
lbv,13637,631.427111607,0.3900362254813973,406.81669419232543
lbv,13638,545.270882581,0.39706989949180327,418.81971674900433
lbv,13639,716.849178476,0.44474472200755677,596.0012656716739
lbv,13640,701.849455864,0.42284396408043534,543.8115752276252
lbv,13641,406.446562628,0.3724154231169824,225.19647788253482
lbv,13642,341.680311064,0.35279324837382425,137.51835336124196
lbv,13643,543.103697839,0.4280183078224672,307.3932268329695
lbv,13644,482.181299341,0.4499695415680225,206.9290592567593
lbv,13645,471.452490572,0.4212661308569234,260.683314334645
lbv,13646,703.309904299,0.4213380799810819,527.36750311758
lbv,13647,853.877549599,0.419232996914051,633.5706042719823
lbv,13648,894.087988618,0.439324495801702,668.0138250911939
lbv,13649,890.662482739,0.44124612077195335,737.4236278459136
lbv,13650,888.466582978,0.44779731801174827,688.8870248233571
lbv,13651,872.831665815,0.4559530124913079,648.9617948644301
lbv,13652,870.081180129,0.46360422016134833,707.9334174960267
lbv,13653,867.25272708,0.5124717991411686,652.35166275922
lbv,13654,981.863654022,0.6224462061012922,772.3823457605698
lbv,13655,811.845792564,0.5636764785729526,662.786851830576
lbv,13656,750.292867896,0.5535320407138399,677.39852178237
lbv,13657,701.66144317,0.5161567195878979,503.090364074707
lbv,13658,567.872402502,0.5002937091314495,386.4501700906192
lbv,13659,357.737967395,0.48093857745493734,189.441363734825
lbv,13660,336.347144326,0.5030012347569862,159.95508210425282
lbv,13661,351.409407447,0.5350395636454873,150.03916781556373
lbv,13662,355.399853053,0.5555805643673601,189.1795190549364
lbv,13663,359.814195373,0.5376760865344439,194.6588664634555
lbv,13664,372.307008086,0.5695803854965057,207.96625360227097
lbv,13665,390.218492271,0.5908366877161814,174.30529034184474
lbv,13666,419.572587585,0.5539688583424217,247.88882398418352
lbv,13667,465.395035972,0.5656624770415017,297.9879597682579
lbv,13668,440.264353787,0.5670624085324856,252.58476317162607
lbv,13669,419.199555794,0.5691742558447127,231.97064597933897
lbv,13670,505.338249207,0.5537980023973877,293.0289421829523
lbv,13671,594.942300055,0.5287859311374785,399.48946123310174
lbv,13672,615.340962878,0.5350652393210629,434.9758253508923
lbv,13673,335.562740629,0.5636901237209391,126.03052018109489
lbv,13674,518.017430405,0.5655414296834955,330.34093337713506
lbv,13675,607.432663678,0.5691189704418183,489.24812041637944
lbv,13676,607.258924941,0.5581771049727785,441.49706546559054
lbv,13677,623.171753664,0.5396736548276946,461.84926144469017
lbv,13678,400.639721242,0.5611134832109429,240.83957800771677
lbv,13679,633.44154577,0.5254795118956499,444.62709461286954
lbv,13680,620.069939279,0.552449693545126,434.1890777887083
lbv,13681,536.087715411,0.5629043699656096,300.59215779024015
lbv,13682,513.176583829,0.5623792304962848,291.9813073850146
lbv,13683,544.177335807,0.5654191050739668,301.8965045405369
lbv,13684,527.79303197,0.5463039431882943,300.0698202694163
lbv,13685,586.960372572,0.5586241503174488,407.05063282087747
lbv,13686,636.712162754,0.5540493760323947,486.1122115789675
lbv,13687,584.821361649,0.5649924685481851,375.9997186099781
lbv,13688,472.379692368,0.5588767084913663,284.6740686154833
lbv,13689,626.807390311,0.5503053302499474,407.83308572208176
lbv,13690,592.534610267,0.5477533331058666,413.8339861103132
lbv,13691,529.742448638,0.5604657251490258,332.1628628599878
lbv,13692,421.366652852,0.579988049297798,213.96170011034198
lbv,13693,412.887369713,0.5980326249392681,198.56684025783167
lbv,13694,412.839619869,0.5988952874317082,227.5298489140529
lbv,13695,417.951341783,0.6009575491366179,264.0597506055645
lbv,13696,363.221742659,0.6416825506998146,180.04061575496897
lbv,13697,333.636603603,0.6445864365876087,127.59397968965419
lbv,13698,379.712782347,0.6039039115240047,160.73189299340342
lbv,13699,394.214589271,0.5727268149466058,242.92419999066522
lbv,13700,334.880976876,0.55534781524245,134.89980025945925
lbv,13701,424.603810101,0.5725858992186059,224.92008215212354
lbv,13702,421.397238764,0.5595986295351814,215.78769270953012
lbv,13703,390.48280434,0.5584795947220188,188.3902978036918
lbv,13704,363.27276061,0.5792093399692985,186.30289988798256
lbv,13705,355.516309553,0.57448081970948,212.13481615851904
lbv,13706,370.477050307,0.5795946378674772,187.8685005935968
lbv,13707,367.052126052,0.5899893395345787,151.33862768435012
lbv,13708,435.936789988,0.5732011282816529,225.44253638772406
lbv,13709,482.858455206,0.5670187213981497,307.3743589513442
lbv,13710,539.892979465,0.5235195572110692,426.3580863503849
lbv,13711,550.662302506,0.5207275427035742,422.44482828776034
lbv,13712,547.86119961,0.5152205186230796,425.5765047858743
lbv,13713,482.493265562,0.5315999705384211,366.6063738654641
lbv,13714,579.055078629,0.5162021563097435,449.32157413258267
lbv,13715,627.618668998,0.521896627674025,447.2345444922354
lbv,13716,626.27603359,0.5012851786959535,503.33488494274656
lbv,13717,429.150795168,0.5354764599484342,214.74571859322342
lbv,13718,457.694432089,0.5092119952180552,338.9484986249138
lbv,13719,657.460368301,0.4728515876889703,459.4995385562673
lbv,13720,454.18596351,0.4876472735831539,269.80272767310055
lbv,13721,672.661485351,0.48533694615512957,559.9589289646522
lbv,13722,655.355598955,0.5090769270584891,473.33046830121214
lbv,13723,370.713127777,0.5281981564273959,198.30823516845703
lbv,13724,599.554640755,0.5278590292677838,455.32717222325937
lbv,13725,638.519148299,0.5272500645831995,451.6748659021714
lbv,13726,659.122081998,0.5446455784809949,526.8245062435375
lbv,13727,645.957270345,0.5356462087143551,459.2436628154679
lbv,13728,580.425949276,0.522802807625397,356.17544106876153
lbv,13729,534.318711375,0.5010720542281545,388.27079369040104
lbv,13730,642.435658066,0.4989175889270071,563.3588262819776
lbv,13731,640.520921944,0.5202015504845718,501.5180359485103
lbv,13732,651.334345198,0.5308518539712311,447.5053307626762
lbv,13733,654.008884332,0.5106637791601577,450.63734053069464
lbv,13734,630.622710128,0.49404291941709255,479.080203965131
lbv,13735,597.547864077,0.4993450877638911,451.42158044553275
lbv,13736,465.442894832,0.5317866975311174,301.904875572055
lbv,13737,568.355720963,0.4919632824831984,380.186872175628
lbv,13738,599.85145681,0.46589115277598653,449.59719956341905
lbv,13739,348.642441464,0.5216906911166257,147.95232822193822
lbv,13740,564.55533739,0.48666028758578206,354.09442479750686
lbv,13741,495.701245696,0.4910421277775593,334.5244901769302
lbv,13742,518.856684577,0.49176213322945345,345.74541452445237
lbv,13743,622.996104612,0.494154715358116,397.67268293792125
lbv,13744,348.791788697,0.5562257644610966,91.06820283777573
lbv,13745,441.828653114,0.5163153590950764,221.2780611225203
lbv,13746,239.275547416,0.6014145375763783,127.33965971703621
lbv,13747,360.30247016,0.556420079817452,167.26312408447268
lbv,13748,316.9643324,0.5846180226789773,142.99595639097925
lbv,13749,598.708473661,0.5205381256590957,387.23622224097153
lbv,13750,550.695096304,0.5572381558754631,377.3207082411822
lbv,13751,414.614760145,0.6305320238278918,221.01739914838
lbv,13752,379.467252113,0.6450503094291146,183.70271884693815
lbv,13753,339.597779289,0.6274670633843276,128.3831380806717
lbv,13754,317.323001503,0.6081793412094203,115.33597459980085
lbv,13755,309.948875848,0.590189091572729,114.55324165493836
lbv,13756,309.505332097,0.5797288921554532,117.94553049124924
lbv,13757,321.407531671,0.5865642904387832,110.11723145129633
lbv,13758,301.290043002,0.5866314631789477,87.41525400199143
lbv,13759,279.18282276,0.5650636468820526,108.02945625454771
lbv,13760,272.428300854,0.55757471579905,107.76857919132009
lbv,13761,265.628476066,0.6028416138025199,82.97916421329273
lbv,13762,282.383335767,0.5534488969615527,146.12668415144378
lbv,13763,305.344865584,0.6320385605629001,116.90132706586053
lbv,13764,290.99496271,0.5886660710551089,182.91905607335704
lbv,13765,270.905107103,0.6175740549438878,133.86225684670842
lbv,13766,280.154054821,0.6509362471454284,88.71960494097542
lbv,13767,278.236407002,0.6054512351117236,110.37752461152918
lbv,13768,283.406245157,0.6194801512078493,126.81665703268614
lbv,13769,286.630293489,0.5807437732648314,116.11804917279412
lbv,13770,283.739287975,0.5481547514741756,179.78714402142694
lbv,13771,299.558410783,0.5747111207442664,166.74014336081112
lbv,13772,304.885397376,0.6556565558821738,140.38531871122473
lbv,13773,347.992538362,0.6941703049831298,160.99953891529756
lbv,13774,344.78221305,0.6478544001810013,202.2278366088867
lbv,13775,273.925091315,0.6483042901842901,105.41941618077897
lbv,13776,376.714960572,0.6807508479572285,184.74504107306984
lbv,13777,399.109441695,0.6792981575517095,221.79848255830646
lbv,13778,408.406834765,0.683769142489247,247.1096746108111
lbv,13779,432.894593614,0.6662039266295264,287.2944290161133
lbv,13780,404.399828489,0.63718496746908,262.7661095114316
lbv,13781,451.115816423,0.6288394953614921,291.20877829159014
lbv,13782,457.791739417,0.5849260462415913,318.08563151640055
lbv,13783,480.821571428,0.5750485339543733,372.6221685671339
lbv,13784,376.961387716,0.6144138837450652,205.62087276683135
lbv,13785,365.843094055,0.5899751016939753,230.41012932272523
lbv,13786,461.563042163,0.5941892909095777,394.0200241986443
lbv,13787,466.909019118,0.6200523391736221,336.0916321099973
lbv,13788,424.314248841,0.6676479188131176,218.40777698591646
lbv,13789,460.250242499,0.5980358547224672,400.5447272506415
lbv,13790,832.17043429,0.6843056912071913,735.3344487208946
lbv,13791,243.067158128,0.5956817207867112,159.43533259373086
lbv,13792,364.279496613,0.6040113784647025,333.2229339300418
lbv,13793,581.827723403,0.654228537056568,536.2368483599495
lbv,13794,512.759769305,0.6407807625632371,353.8385119569068
lbv,13795,415.197967171,0.35390982528527576,260.6817585963829
lbv,13796,543.0874973,0.573191002040498,399.5043957878562
lbv,13797,487.327676281,0.5944858462565896,361.1463159598556
lbv,13798,276.670662583,0.6335144995851354,137.51756684546376
lbv,13799,434.06389102,0.6724042162120285,282.6029563455021
lbv,13800,211.778375782,0.5060067551294585,109.85790653602751
lbv,13801,417.118470504,0.5978176847178546,297.99939123415476
lbv,13802,406.490706499,0.6180224421671909,256.509371619131
lbv,13803,340.873558052,0.6487813564034197,144.8249398325004
lbv,13804,285.739369766,0.5172004327285514,180.8358180326574
lbv,13805,351.679346676,0.5862008247581652,187.09854440128103
lbv,13806,273.453371628,0.5999815555501586,82.45915356804343
lbv,13807,308.931535116,0.5102101689086431,193.36178140079278
lbv,13808,276.032608222,0.4523802652591612,160.48262876622817
lbv,13809,241.16056855,0.48037250994638414,124.73295772776885
lbv,13810,269.16757503,0.4733380220438305,163.61421338249656
lbv,13811,258.649447077,0.47975552257369547,141.95557897231157
lbv,13812,236.707932026,0.5340081102277604,42.53444713517731
lbv,13813,228.425859624,0.5611950380857602,11.220741451487822
lbv,13814,232.597584753,0.47163093988735655,101.24782170314414
lbv,13815,248.00744372,0.4876926967648648,116.38286402085248
lbv,13816,249.027543154,0.5287947643656945,98.37746812409046
lbv,13817,260.127183817,0.5240002633774118,76.19686889648438
lbv,13818,288.172832352,0.5569902481653639,85.32993092256433
lbv,13819,293.819916171,0.5183673558803147,188.40418647317324
lbv,13820,279.514509762,0.5240630618914836,124.21113047880284
lbv,13821,280.774893696,0.5501301765441894,114.81702692368451
lbv,13822,283.170675608,0.5239473456444022,93.41928145464729
lbv,13823,324.705727263,0.5226574666239093,212.1501630895278
lbv,13824,312.31914948,0.5383798874030679,184.75080602309282
lbv,13825,280.565325457,0.5389255003634044,132.82224587833178
lbv,13826,289.509059283,0.5096027950825701,136.475513233858
lbv,13827,327.083590417,0.504423167248686,217.89099255730122
lbv,13828,358.694982452,0.522637532092631,141.95529354319854
lbv,13829,344.852848531,0.5183816616749247,168.57218753590303
lbv,13830,301.506750863,0.5037332700618388,192.8402822157916
lbv,13831,287.510413196,0.49130650764898676,151.61072495404412
lbv,13832,275.898779331,0.5191445255906958,123.95013478597005
lbv,13833,256.03398209,0.49623238016491283,42.534589251349956
lbv,13834,261.964197922,0.5270468351909232,127.60361549527036
lbv,13835,245.082845918,0.5515516736756073,42.534499643363205
lbv,13836,258.681718444,0.4140000669438331,63.671577004825366
lbv,13837,310.265630647,0.4289643346293279,144.30491318048215
lbv,13838,350.459247122,0.44708729187118385,195.9729466456993
lbv,13839,382.424936845,0.46073897067145103,255.20857696533204
lbv,13840,392.709014051,0.4822266302227435,288.3492519902248
lbv,13841,266.879098229,0.515950113256401,167.52946822222543
lbv,13842,396.562008056,0.4755012788625628,283.6524750055051
lbv,13843,390.044453896,0.4809908695424318,287.5668781355315
lbv,13844,319.042265463,0.4851925754501211,203.2801031374464
lbv,13845,416.012842266,0.4874395388883093,300.0930326274797
lbv,13846,359.435634326,0.5041716781237888,300.61513166240616
lbv,13847,371.953788693,0.4636370284968065,310.531752911736
lbv,13848,444.207261191,0.4337248282516422,311.57610285141885
lbv,13849,527.314441875,0.4156857018445368,416.4793866325827
lbv,13850,566.106156165,0.4219914733265485,453.2744264490465
lbv,13851,420.943036459,0.4536025823161588,233.55282517975454
lbv,13852,257.561198447,0.46328677930111106,22.441958468568092
lbv,13853,360.264285672,0.48959459857137994,130.21564331054688
lbv,13854,437.574966178,0.4114601512365692,134.91286561255362
lbv,13855,482.9168426,0.424355644256145,144.82921420826628
lbv,13856,617.947689306,0.3922836782755675,246.60149598963125
lbv,13857,480.175089838,0.3396798688613,63.673080145144
lbv,13858,490.715031464,0.3912359540835737,81.67873942057292
lbv,13859,488.533099178,0.3959472005420726,267.74003041585286
lbv,13860,381.653651337,0.45046685767797284,209.5473867678175
lbv,13861,286.534633337,0.4574607636000552,126.04171543495329
lbv,13862,258.542528367,0.4607306007042673,107.51387993307674
lbv,13863,242.747064379,0.49820752160115667,143.52587561513863
lbv,13864,264.931699015,0.535334236529267,134.39244857488896
lbv,13865,299.244364241,0.545079117460834,132.30493307674632
lbv,13866,255.381598353,0.5351433051021203,96.03194747625612
lbv,13867,258.101087288,0.6079648680574312,165.70716244566674
lbv,13868,282.966582492,0.6264285388966683,185.2787929759306
lbv,13869,328.198439969,0.6411128400490026,171.97003763236253
lbv,13870,305.868286476,0.5753159038972535,194.41199801575902
lbv,13871,240.052368385,0.5737555868403856,112.21084205777038
lbv,13872,246.110225892,0.636875046806021,94.98779967064951
lbv,13873,322.818861874,0.6484459159934954,136.47955067952475
lbv,13874,247.964391981,0.5956609342734852,99.68492772719439
lbv,13875,238.978983353,0.5508352771294714,109.34030737783395
lbv,13876,217.217104663,0.5459632262006983,60.280810546874996
lbv,13877,214.162643463,0.5364689934584831,18.78885165943819
lbv,13878,207.489901439,0.5402697264898769,62.36857503255208
lbv,13879,223.059204974,0.529259922274624,21.65939202402152
lbv,13880,229.789453304,0.5734273575246335,20.876545326382505
lbv,13881,227.797116864,0.5241626732051372,20.876561482747395
lbv,13882,223.962400406,0.5856165372595497,63.93463284361596
lbv,13883,250.044242543,0.686568486990419,41.49234349867877
lbv,13884,283.911570813,0.5822825299368963,176.14703994451781
lbv,13885,258.026499213,0.5739185485638182,191.28283347335517
lbv,13886,273.617965784,0.5487953612404147,178.75706855923522
lbv,13887,331.370678098,0.605911651466574,219.20617586023667
lbv,13888,317.592328959,0.6170757452704563,179.80154942531212
lbv,13889,293.897231781,0.570265862610071,129.4363593307196
lbv,13890,304.556278358,0.5754565065576693,145.8770908430511
lbv,13891,282.821453395,0.658662054664977,128.13211065554154
lbv,13892,269.896995053,0.6079254819507565,149.00917361390358
lbv,13893,227.908517636,0.6171294918384151,111.43076315487133
lbv,13894,216.985521083,0.6402367381357197,111.43090945973115
lbv,13895,221.448051435,0.5893326160676053,83.24702525419347
lbv,13896,229.355867013,0.4764535926917209,58.19465152516085
lbv,13897,264.556790586,0.4968648460524822,89.24921324486827
lbv,13898,277.315873889,0.5541900847409222,57.93387923895144
lbv,13899,280.821227842,0.5515055656433105,53.236584472656254
lbv,13900,299.822453671,0.5009238252822255,156.83924348120595
lbv,13901,292.176704304,0.5310127686950106,104.90749769023822
lbv,13902,282.035230738,0.5293561076645136,184.24046424416935
lbv,13903,279.139320655,0.5785009525038979,186.58911028095318
lbv,13904,312.028329112,0.6463848972107139,204.0737371706495
lbv,13905,439.497911526,0.6423463076141108,366.915056774663
lbv,13906,357.767415119,0.6448598708256635,263.57320386101213
lbv,13907,241.062552886,0.6185759586616628,53.75841746610754
lbv,13908,383.981756407,0.617349046698222,250.78603123683553
lbv,13909,424.265556802,0.6186165973904856,280.27511144899853
lbv,13910,370.904323806,0.6328265445277246,180.3260841220033
lbv,13911,384.581333882,0.6372444558402766,216.07816377527573
lbv,13912,373.143331429,0.6187420950107967,253.13506840724568
lbv,13913,349.248295197,0.6035511101445843,242.69657090130974
lbv,13914,317.867285237,0.6278284296112241,165.9732898487764
lbv,13915,365.274373612,0.5853147933660617,259.3986075307809
lbv,13916,359.195084403,0.6130457984076606,201.9866589714499
lbv,13917,357.825196654,0.6091864626631779,152.66449872185206
lbv,13918,341.201043583,0.5788327062541041,189.19968698538986
lbv,13919,324.906120604,0.5999260042938418,171.71518979540053
lbv,13920,348.228946695,0.5879897671596458,200.42160770191865
lbv,13921,347.851079081,0.5831307682788596,138.31194054098688
lbv,13922,337.118821827,0.5686706949347331,169.10602381089154
lbv,13923,346.956316001,0.5815637194364003,154.23106710396561
lbv,13924,380.346381553,0.571363866755448,218.9509084664139
lbv,13925,384.493423396,0.5698151382290981,239.567484627518
lbv,13926,333.459032443,0.5340259816466261,186.33045142678654
lbv,13927,378.267910668,0.5436711232483175,218.95156612022248
lbv,13928,396.931668802,0.5383632567894472,229.39052393296186
lbv,13929,411.33034157,0.5205205267078145,266.4481800453336
lbv,13930,412.569579818,0.5357963629571937,250.26856521905637
lbv,13931,392.822773426,0.5530938019675593,202.2506693821327
lbv,13932,420.946906195,0.5716136073591696,262.273731396245
lbv,13933,434.345672005,0.5942746146839469,259.66440292059207
lbv,13934,437.419213017,0.5877712282654122,248.7040543500115
lbv,13935,456.581268884,0.5585185173682792,305.85670749439913
lbv,13936,364.955638349,0.5869986800348231,230.4366974774529
lbv,13937,427.675317663,0.5994451596292065,283.93598166073065
lbv,13938,403.894878436,0.5700987944564,255.490520103305
lbv,13939,363.461857155,0.5747158927390874,215.04026492249733
lbv,13940,403.963338994,0.6225967077730221,200.16524924483952
lbv,13941,375.046425909,0.6448737215322462,203.29720411113667
lbv,13942,391.789397276,0.6322914794034631,221.0436112646963
lbv,13943,387.898620275,0.6179895963657457,218.95613023346544
lbv,13944,411.812531552,0.5844247011678306,244.79278355018764
lbv,13945,424.812325024,0.5361678089350461,260.9734835456399
lbv,13946,406.082142787,0.5057511536416455,243.7496971579159
lbv,13947,451.344543986,0.47472960073081627,324.65220564299943
lbv,13948,481.829322289,0.5011104396982474,299.5992448993758
lbv,13949,802.941716061,0.5184360493048423,710.3756259095435
lbv,13950,448.339674489,0.5045338741404642,326.4808635636872
lbv,13951,199.652578908,0.5370723191481918,34.97076248468137
lbv,13952,264.329152592,0.5280486920912317,83.7733337103152
lbv,13953,518.811894762,0.5246579558056486,331.17935234518615
lbv,13954,560.889887339,0.5137891997818612,449.1414605533376
lbv,13955,251.909160396,0.5176131348103141,54.02229336009306
lbv,13956,315.101751969,0.5572477824325803,82.46888858570773
lbv,13957,385.506874905,0.5517804488947948,152.41105256922106
lbv,13958,237.20945534,0.5756461196901774,52.7175973331227
lbv,13959,319.460632307,0.5528074280093949,145.886980602788
lbv,13960,284.880457074,0.48755546914636494,128.66268148983227
lbv,13961,268.828880074,0.5249114942944739,63.15700339523016
lbv,13962,224.842007896,0.5331145618110895,25.05403550091912
lbv,13963,227.0871098,0.5519025921821594,0.26097953646790745
lbv,13964,237.333183391,0.2020997405052185,4.958645300771676
lbv,13965,217.125124402,0.2020997405052185,10.961215928021598
lbv,13966,217.731847694,,0.0
lbv,13967,189.926148302,0.2594519555568695,2.870799913593367
lbv,13968,207.925415743,0.2594519555568695,71.76999783983418
lbv,13969,245.805367779,0.2649018787745889,36.7984639784869
lbv,13970,237.315230503,0.2528504431247711,0.5219645182291667
lbv,13971,242.940413289,0.2106116377645069,11.744181464700137
lbv,13972,250.955314724,0.20883820950984955,0.5219626632391238
lbv,13973,247.239681031,0.20940547225190634,17.485749218510648
lbv,13974,244.043191836,0.40528470277786255,9.9172394397212
lbv,13975,253.69907536,0.4963166117668152,0.26097953646790745
lbv,13976,245.786957178,0.2092302441596985,16.70274777879902
lbv,13977,259.295726441,0.3404687940658138,93.43068033854166
lbv,13978,273.818722339,0.3933349048029887,95.25738561293657
lbv,13979,281.659540345,0.4158342350953021,64.46177209592334
lbv,13980,281.149328645,0.41711738877358495,70.20324674120135
lbv,13981,263.481902281,0.42718331867533177,121.61590633018344
lbv,13982,250.703331789,0.42720759728516655,90.82037012436811
lbv,13983,252.058182432,0.45749710174585806,78.8152858958525
lbv,13984,241.971551291,0.40076006607836984,64.98345417695887
lbv,13985,234.99609626,0.40830965582714523,33.666053412942325
lbv,13986,261.996645271,0.3656884807055114,79.59807945700251
lbv,13987,270.308826051,0.3696221580376496,115.87381977754481
lbv,13988,299.435218657,0.42234786199436125,160.23958372228287
lbv,13989,302.04208933,0.4357865413168927,186.59801719515931
lbv,13990,316.079964109,0.4411908278520079,136.2294662475586
lbv,13991,329.662082535,0.4899731520100019,209.8243117089365
lbv,13992,294.301235269,0.46592433929072574,167.80713946772556
lbv,13993,248.628583178,0.44358876728537405,91.86324271407783
lbv,13994,245.944072657,0.4495723765761672,99.95342024260876
lbv,13995,261.603431562,0.4759827751033711,96.82171858245252
lbv,13996,263.729083264,0.4815845409987354,124.22381490071614
lbv,13997,256.877299773,0.46597221684455875,163.10918980018766
lbv,13998,249.883835048,0.45341451406078853,77.77051433488434
lbv,13999,248.024043722,0.44165935807111784,106.99962511249616
lbv,14000,253.024039565,0.4577682010703168,61.590043490540744
lbv,14001,232.011931453,0.43285835315199456,8.873159939635034
lbv,14002,230.290932621,0.39449295255004385,15.91952460793888
lbv,14003,269.066429173,0.4759653024237973,141.44909308938418
lbv,14004,301.83616511,0.5185097997215973,158.93460352280562
lbv,14005,287.795512464,0.5432255092738332,180.07402621998506
lbv,14006,301.995750851,0.5027477679022571,297.5140641156365
lbv,14007,317.510820293,0.5577044921489221,254.19220248951632
lbv,14008,323.711759217,0.5940661191447707,252.62668762207028
lbv,14009,360.301137424,0.5742307831003782,358.0623819986979
lbv,14010,257.038122461,0.5301116285719388,250.27873798445157
lbv,14011,312.224672928,0.5694127471677135,240.62268033495135
lbv,14012,297.03514157,0.6332954849139539,147.71430406757432
lbv,14013,258.611839625,0.5274955874068127,98.91136100619448
lbv,14014,245.718939282,0.5192742167778736,124.48757503733914
lbv,14015,232.288752708,0.4848387654446348,103.08728446212469
lbv,14016,220.087327504,0.5447592886907238,74.6405226165173
lbv,14017,231.474472863,0.6074811216489768,84.55788771685434
lbv,14018,245.861818353,0.5425820735402596,101.78277405383541
lbv,14019,213.445034464,0.5052040982044349,61.59169957778033
lbv,14020,200.398606905,0.509559313641038,56.11111076205385
lbv,14021,172.642556906,0.30072062876489425,2.348848410213695
lbv,14022,196.226200747,0.3296156701369163,40.713372443704046
lbv,14023,199.980122239,0.3269946216934859,77.51199753705194
lbv,14024,221.505236076,0.3811989885110122,30.53507735308479
lbv,14025,206.835204659,0.4679143339395524,73.07541671453738
lbv,14026,384.629472821,0.4687313296649134,298.8267604753083
lbv,14027,307.478919879,0.4811711635705296,150.5878973568187
lbv,14028,228.851933155,0.4323880076408386,24.79348799761604
lbv,14029,529.124244111,0.4435557048777583,198.86977658739275
lbv,14030,541.578647166,0.45680918761061223,281.0803680419922
lbv,14031,568.941026446,0.5121047840718335,360.9422602933996
lbv,14032,588.123525866,0.5118144183872213,389.9122884413776
lbv,14033,540.67785419,0.49589597141769837,344.2404506907743
lbv,14034,429.170596884,0.5063533672591792,244.5442486632104
lbv,14035,393.037271552,0.5312195622246498,212.18233163871017
lbv,14036,378.728092592,0.5228615239511972,249.503870676078
lbv,14037,474.433578479,0.5209095514721527,297.0040682025984
lbv,14038,471.275119947,0.5407279680741514,296.2216342103247
lbv,14039,430.557480782,0.5906865711887506,243.2414008346258
lbv,14040,321.109083714,0.6078802457248622,137.80221880744486
lbv,14041,284.723597953,0.6449298600512227,99.43698823218251
lbv,14042,331.160515245,0.608946842078505,189.21770776486863
lbv,14043,395.276909555,0.6657880491967503,222.88577488917932
lbv,14044,432.266841695,0.6722481864375798,256.8149747063132
lbv,14045,453.114828559,0.676193979191014,259.9474028942632
lbv,14046,522.560024262,0.6144998264814768,365.6496833950865
lbv,14047,342.521376984,0.5204347644714599,122.6665034574621
lbv,14048,320.623767497,0.5164453935475998,42.28085704130285
lbv,14049,197.360537307,,0.0
lbv,14050,245.620612534,,0.0
lbv,14051,256.658535339,0.27974238246679306,44.89099671606924
lbv,14052,343.313490693,0.36051599034568765,95.0019193761489
lbv,14053,314.571455625,0.37625743691506014,92.91413966160195
lbv,14054,308.422428714,0.48348704055704256,51.676733189003144
lbv,14055,301.409466358,0.4809461658455662,101.26548584582758
lbv,14056,349.507801828,0.6043161841022411,162.07641009162455
lbv,14057,521.396678694,0.5592059002624259,347.6421462713503
lbv,14058,265.10209353,0.448855402123215,91.60890305463005
lbv,14059,280.382328816,0.43261584388341945,68.11946183746936
lbv,14060,240.086576195,0.37052789086815696,41.49814070159314
lbv,14061,229.978305136,0.32740046962713576,50.893968499875534
lbv,14062,227.051653538,0.3079443469316608,83.25745843625538
lbv,14063,223.674654856,0.27518769407617877,36.01732536764706
lbv,14064,235.335743963,0.2770536448528518,52.46009943345014
lbv,14065,230.099689576,0.2879078912107568,24.79458184335746
lbv,14066,228.973909674,0.29839247238955324,58.46316965140549
lbv,14067,227.732171087,0.3519124204523108,23.22875046075559
lbv,14068,235.827176832,0.3716249638059167,116.14376645555683
lbv,14069,258.376318744,0.35596825502953444,138.32861612357345
lbv,14070,259.231728451,0.38331065268108716,79.34338292140588
lbv,14071,270.549715816,0.39402545554482404,120.0591360353956
lbv,14072,267.65309095,0.37339364312371787,98.39637741388059
lbv,14073,267.78783189,0.39559641568880055,87.95652651319317
lbv,14074,267.760882751,0.38214062957983325,135.98031197342218
lbv,14075,279.928198548,0.3792200241417721,189.22414562748926
lbv,14076,220.418391506,0.36440567881800234,66.81575431075751
lbv,14077,274.612354149,0.355570709411527,74.12379928289674
lbv,14078,270.961836555,0.4002288179472088,75.16787235035618
lbv,14079,272.810652665,0.4197366109686938,193.9229019165039
lbv,14080,234.489549038,0.4713761070086253,125.80205930822036
lbv,14081,270.384715925,0.4482789380156965,210.36651045855353
lbv,14082,313.636968745,0.45928787152623873,238.81595746208637
lbv,14083,310.456800311,0.46132127552192714,256.3034204819623
lbv,14084,285.373594569,0.43796428278752947,204.8864751479205
lbv,14085,306.29334735,0.40658659034132566,160.2554028978535
lbv,14086,278.638524112,0.30708419453309205,67.0777152267157
lbv,14087,276.824929911,0.3301754792826112,87.95815737855202
lbv,14088,297.066201336,0.33425444586632347,217.15508057837394
lbv,14089,296.003318133,0.3896238025972399,123.19399901745366
lbv,14090,276.415976254,0.41072630314183717,89.00257242240158
lbv,14091,283.131591231,0.449769857113178,84.82666389614928
lbv,14092,319.268334022,0.45100609540939335,117.45248906752641
lbv,14093,320.847484413,0.4169585352364113,122.93381464341107
lbv,14094,310.029692997,0.4136069765870605,110.14471079508463
lbv,14095,313.873211021,0.3760450017021363,108.31782385134231
lbv,14096,306.882363938,0.361137459675471,83.78335284064798
lbv,14097,293.024714331,0.37603894468783006,93.17975760067212
lbv,14098,252.653196846,0.34582031742635977,64.99102666518267
lbv,14099,282.688277839,0.3545602098107338,52.20163592170266
lbv,14100,255.485029459,0.31436879244511545,48.025660077263325
lbv,14101,252.550012272,0.34194642627561417,28.972033063103172
lbv,14102,235.435486504,0.41176632375454153,108.84108925613702
lbv,14103,237.336124187,0.3975404866215356,77.52001659916897
lbv,14104,230.846302899,0.36720883282855965,52.46304402070887
lbv,14105,238.305842253,0.346885551471968,57.94439493815104
lbv,14106,241.736342587,0.3320640438712141,131.2882651534735
lbv,14107,229.533299071,0.3098069727420807,40.195672727098646
lbv,14108,233.678184422,0.3653279499987424,30.799175786037072
lbv,14109,213.749030295,0.3932907697744668,33.409275428921575
lbv,14110,198.620471937,0.3277992904186249,29.755238252527572
lbv,14111,204.303832716,0.3580711221238047,74.910031636556
lbv,14112,202.714283005,0.40403357631250514,104.66517968271292
lbv,14113,196.273082461,0.4103718722129569,106.49219602697036
lbv,14114,189.043127457,0.39414218232805914,146.42666042552275
lbv,14115,200.869927223,0.40758138688611784,120.58663312126609
lbv,14116,206.369771461,0.38477347957939706,146.94849120495365
lbv,14117,197.75744682,0.3699477733956609,166.52411834118413
lbv,14118,203.461333259,0.3624641591376001,118.75933891745174
lbv,14119,188.308999243,0.36390835687678347,72.82164647719439
lbv,14120,197.337443364,0.3537580416752742,33.931233125574444
lbv,14121,191.270284526,0.3736419345684878,66.296299384622
lbv,14122,189.980000596,0.41709703882944954,75.95362970688764
lbv,14123,182.180577113,0.412502157036215,33.40915670955882
lbv,14124,182.713706839,0.3784268189940536,14.877515097225414
lbv,14125,180.682430624,0.3949812352657318,46.45952866498161
lbv,14126,177.152605222,0.42387893674324967,63.947104061351105
lbv,14127,202.064563156,0.42090685104005904,51.940709013097425
lbv,14128,194.270981818,0.39718762525087276,88.22076900706571
lbv,14129,185.929890724,0.4321674028470744,73.86530339858112
lbv,14130,187.803197486,0.428817649032468,27.92787089628332
lbv,14131,198.969870085,0.3462014598505837,27.405812431784238
lbv,14132,210.801915383,0.3514436325733213,72.03812255859374
lbv,14133,206.276183496,0.36157243847846987,24.795730590820312
lbv,14134,202.480676184,0.37819308285810516,25.57871192483341
lbv,14135,189.1454343,0.3783474104150981,78.56314634435317
lbv,14136,182.377414564,0.3772539950153801,46.45925376742493
lbv,14137,187.068133456,0.41694596680727875,34.45295589671416
lbv,14138,193.919636389,0.4190990479814039,38.62907176298254
lbv,14139,213.020945235,0.3861690993402518,53.24547729492187
lbv,14140,220.852924364,0.37315646186470985,50.11339039522059
lbv,14141,218.454279438,0.38138160471980637,38.629071762982534
lbv,14142,207.144875172,0.38046680095837204,51.41838734944661
lbv,14143,215.291874082,0.3812889856226901,122.67321926939721
lbv,14144,229.794314786,0.38354418778125143,105.70774616914638
lbv,14145,224.945027716,0.3696892976760865,93.96243465647979
lbv,14146,212.80932214,0.36229287745173927,77.51900859159582
lbv,14147,256.754112017,0.35824007683255704,92.91840808344823
lbv,14148,335.710587346,0.35814155751187016,216.89652868532664
lbv,14149,315.350583337,0.401814651837314,178.78951266419654
lbv,14150,362.487914103,0.4302663407170816,216.8965113621132
lbv,14151,395.277057068,0.4195258713430828,234.9059845269895
lbv,14152,445.936295609,0.4081418762302315,300.4186524035884
lbv,14153,226.114462357,0.38204767126025574,51.67925783045152
lbv,14154,310.424809679,0.36412715885722846,148.77377047071272
lbv,14155,246.446369241,0.3773821065716419,72.82091270895565
lbv,14156,331.921453344,0.36970313910454033,147.99095761168238
lbv,14157,288.628763148,0.3596887438237167,93.17958526611328
lbv,14158,260.628722584,0.3447295820108756,56.63860374899471
lbv,14159,267.735065923,0.37412712126970293,93.96277124741498
lbv,14160,271.208878209,0.3776963497713159,78.56343374813304
lbv,14161,289.105840166,0.3789945232000813,139.900436221852
lbv,14162,325.113636312,0.4056438003791982,161.0423450245577
lbv,14163,276.66015364,0.3957857426007589,97.87836770450369
lbv,14164,353.892974607,0.3838961896533406,186.8826462689568
lbv,14165,376.248872288,0.3860241975986733,166.00221767051548
lbv,14166,369.296037232,0.3833303392116278,170.17861564486637
lbv,14167,355.492428242,0.37658679750713975,178.79218591428273
lbv,14168,341.231153071,0.40115719405799166,190.79896380854586
lbv,14169,273.879373796,0.402086733722351,74.12718754188688
lbv,14170,263.922726642,0.3664668646541614,53.76839686375038
lbv,14171,404.732478582,0.3412042673219715,178.53215744916128
lbv,14172,397.080485293,0.336726324759888,175.92236334108838
lbv,14173,374.078656138,0.3393326707874511,219.77278517180798
lbv,14174,386.204900572,0.34729587510674303,217.94600198783127
lbv,14175,356.745820685,0.35604599007237114,140.1642921896542
lbv,14176,453.059235124,0.34679611192422816,223.68895069197112
lbv,14177,330.456652036,0.3271273925448909,163.65612541647522
lbv,14178,409.766467917,0.36900030514963544,240.39455081715303
lbv,14179,381.842664938,0.3657469030165073,166.0056400673062
lbv,14180,415.639329333,0.36880092949156945,339.0592016781078
lbv,14181,415.351383957,0.37824883301909495,289.46652140897856
lbv,14182,388.131045229,0.3693872669835886,156.60972550336052
lbv,14183,352.459365981,0.3767599544044216,121.63370460061466
lbv,14184,340.570609593,0.35044760390784135,199.15596558813954
lbv,14185,309.609105196,0.3314415342049581,136.25107969396254
lbv,14186,312.746905173,0.3274857911113578,136.2512190575693
lbv,14187,283.952821828,0.3363261916650036,147.99716258329502
lbv,14188,252.535927052,0.36807581801323375,81.95971192004635
lbv,14189,238.097768032,0.3769749735300534,81.69878399418849
lbv,14190,228.992265132,0.36956090829265653,87.44130856383082
lbv,14191,230.184321632,0.36556817543561054,57.16320522532743
lbv,14192,221.073822429,0.36883553862571716,20.620538808785234
lbv,14193,222.637286439,0.3525578104100137,27.668112302293963
lbv,14194,214.444761113,0.3624842003737082,46.72256700104358
lbv,14195,203.874807551,0.37374088836127317,30.278359686159618
lbv,14196,206.385326706,0.36068735053110573,82.74346717385684
lbv,14197,204.867172807,0.3850506252742239,58.468660032982925
lbv,14198,208.661635996,0.35377480827693675,110.67290799010033
lbv,14199,223.054769835,0.3517787814379696,129.98862852208754
lbv,14200,273.134209956,0.35366660174657044,132.599019278732
lbv,14201,274.35295878,0.36123600084530677,99.18837453804764
lbv,14202,233.844749131,0.3562883360561354,60.296128486184514
lbv,14203,274.635451895,0.3744178704875808,93.44602164474188
lbv,14204,192.924285439,0.383605303366979,27.40742229386872
lbv,14205,217.042619408,0.3593387088405527,72.3034268547507
lbv,14206,218.505236048,0.354861689006497,43.59094013887294
lbv,14207,216.788226557,0.36895178675651547,19.576797934139478
lbv,14208,240.178176263,0.39376947639593435,34.97726978975184
lbv,14209,244.168850974,0.3870841797855165,46.98442032757927
lbv,14210,239.022331471,0.33016341249343795,52.988104068531705
lbv,14211,241.105099504,0.3058190607952411,150.87281287698187
lbv,14212,230.674506295,0.287819764773051,195.7694859224207
lbv,14213,208.07047179,0.2787500892905454,189.7659398097618
lbv,14214,191.165086595,0.2985387715608926,193.68135630289714
lbv,14215,192.914127667,0.3314594720912263,197.5967467663335
lbv,14216,194.526594563,0.34563869952823,187.1556853350471
lbv,14217,190.955664992,0.3637631564605527,96.31867648853975
lbv,14218,206.017318671,0.3778890406384187,53.24936074649587
lbv,14219,212.163002375,0.36690240486894016,110.67497624415977
lbv,14220,208.022069342,0.38280979573511476,72.30416083242379
lbv,14221,207.269528086,0.3763481526652729,85.09430458218445
lbv,14222,197.282199172,0.3805886658411178,49.33380109001608
lbv,14223,196.920264362,0.40705122918258474,42.28604963714002
lbv,14224,190.502772744,0.3918182801465695,93.18579460592832
lbv,14225,223.70408494,0.4231024549244354,84.04987469841453
lbv,14226,255.455108835,0.46082543452148855,48.02842981675092
lbv,14227,217.797119109,0.39529203781246275,35.76023909624885
lbv,14228,231.50282303,0.40614397625387794,99.97208718692555
lbv,14229,246.60902384,0.418052223222009,98.40590218936697
lbv,14230,235.458127437,0.3867411247406053,105.19242993523093
lbv,14231,248.872758299,0.380070193984487,144.86792710248164
lbv,14232,269.213013341,0.3875065289559912,143.30183186250574
lbv,14233,284.456900393,0.38024652803067077,101.27716154210708
lbv,14234,241.042527794,0.3833039286136627,65.25590470257927
lbv,14235,276.489201311,0.365873783826828,55.33706620160271
lbv,14236,196.024474135,0.362176775932312,28.451618867761947
lbv,14237,231.247509865,0.36460277184526974,49.07253130744485
lbv,14238,211.077927524,0.3699250817298889,38.631622314453125
lbv,14239,225.467896782,0.3182584556176307,24.53632444493911
lbv,14240,234.467777358,0.289688662018465,72.04296228745403
lbv,14241,227.647050382,0.3054526554988631,73.60919225356157
lbv,14242,230.536968752,0.27986596043293294,33.93339523614622
lbv,14243,236.720328614,0.35985278594689296,31.845220737831266
lbv,14244,196.927832244,0.34130410582292825,33.41144047157437
lbv,14245,191.492037152,0.2575805936274784,29.23509012858073
lbv,14246,201.660127609,0.3108666154135645,58.99227396647136
lbv,14247,216.043688097,0.31368762195110317,13.05140521479588
lbv,14248,217.464594109,0.38021841235261744,49.33442921357996
lbv,14249,233.850275043,0.37172742704955897,89.53293014227177
lbv,14250,236.072994156,0.35215412732822443,39.937499730727254
lbv,14251,226.229654698,0.3430993419002603,28.191251597684975
lbv,14252,239.039429059,0.3505280673994449,63.43034353817211
lbv,14253,226.96747378,0.39462120443174276,19.055247736912147
lbv,14254,232.019626678,0.3939795010423256,61.60332408231848
lbv,14255,217.577634526,0.38647322142170565,67.08513434914983
lbv,14256,229.947353594,0.4001997088486293,69.1734457576976
lbv,14257,223.467713721,0.3894643222881575,61.60365753173828
lbv,14258,230.404423105,0.3865869563992552,62.38688976811427
lbv,14259,215.996931203,0.39864886130473415,33.673304120232075
lbv,14260,214.904772538,0.3756215617626528,41.243357101141235
lbv,14261,217.290280254,0.4137769931391494,76.22195024677352
lbv,14262,210.038260997,0.38922817340263954,50.901771545410156
lbv,14263,214.211723827,0.3818713289101919,97.88812031465419
lbv,14264,209.522641025,0.41613193371849594,55.07848002115885
lbv,14265,223.205535822,0.42019921456333953,82.48735549029182
lbv,14266,225.433410282,0.4150606435030064,122.68702996945846
lbv,14267,222.961988023,0.41017667101288485,77.52791236428654
lbv,14268,211.467240583,0.39378305589509704,62.90991943957759
lbv,14269,204.066062468,0.3596422662482644,71.52425130208333
lbv,14270,211.319389407,0.3178388888114377,59.51662086038028
lbv,14271,209.266031926,0.25563231110572815,19.055780448165592
lbv,14272,224.560700237,0.3069122861856701,45.42079007017846
lbv,14273,218.925927609,0.4036193055176885,41.50527128331802
lbv,14274,310.480131791,0.3999825918610493,145.92116977467256
lbv,14275,250.166688672,0.4437707163355678,102.84973934397978
lbv,14276,238.314636738,0.45542821566057945,100.76157980526195
lbv,14277,246.410255451,0.41442724620854415,105.72138483384076
lbv,14278,238.324520773,0.409612231437237,64.73812112247244
lbv,14279,239.176014749,0.37426999037208425,75.96287599451401
lbv,14280,245.257406079,0.3626609753532663,78.57328410429113
lbv,14281,272.271218683,0.39136129606117326,134.4358964807847
lbv,14282,311.02765246,0.40030134130825396,162.62823854334215
lbv,14283,286.343709596,0.3999384856721753,131.30330442540787
lbv,14284,336.312148871,0.38068563976649483,185.86064453125002
lbv,14285,450.89062959,0.36297284089114623,294.71454602409807
lbv,14286,571.26686472,0.3520212638799666,420.79715241076906
lbv,14287,315.840683312,0.36585149311501036,60.03929227941177
lbv,14288,216.881139536,0.3618676960468292,7.04808977912454
lbv,14289,388.482287892,0.36082116278571696,155.84121422861136
lbv,14290,279.481777794,0.3393715355793635,78.31214007209329
lbv,14291,445.171946592,0.33763433910371,221.62372086468864
lbv,14292,278.407060669,0.3062533987970913,110.94239349365232
lbv,14293,326.859010011,0.33490963153442493,138.0908010744581
lbv,14294,218.384333419,0.32542884003284367,33.67435598934398
lbv,14295,248.910893128,0.304959477124056,55.07980681774663
lbv,14296,251.092002321,0.300232470035553,6.526054681516161
lbv,14297,262.667834796,0.2657970721657212,19.31715147729014
lbv,14298,277.474064604,0.2520313833247531,57.429463046204816
lbv,14299,284.560558343,0.35933149401745734,67.61021611830768
lbv,14300,284.258692992,0.3532771610400893,114.85921780455345
lbv,14301,261.145353492,0.40204217062707537,59.518024489458874
lbv,14302,261.277970287,0.34881193513538744,97.6306360880534
lbv,14303,251.148039469,0.3380394961957954,110.42199733958523
lbv,14304,245.434825751,0.3251084654889208,122.69123825372434
lbv,14305,243.71177304,0.27260886784642935,50.120797190946696
lbv,14306,249.297838602,0.2782110571861267,2.6104610069125305
lbv,14307,238.694413057,0.24861197173595428,31.586654932358684
lbv,14308,259.03867234,0.34386555928932994,29.759378949333644
lbv,14309,232.545290875,0.4122527054062597,49.33789304845473
lbv,14310,234.055768516,0.40735804643644885,89.53925449146944
lbv,14311,230.588430687,0.390213325318664,155.06230899586396
lbv,14312,227.691915855,0.4098515389142213,21.144914784150963
lbv,14313,223.44647113,0.4227179425458113,62.6516331392176
lbv,14314,221.056655091,0.42871815540374963,56.9086617862477
lbv,14315,242.602689485,0.39558061886681867,66.04547196930531
lbv,14316,239.77040432,0.36976539596053193,31.587004568062575
lbv,14317,251.108708752,0.3541593551635742,14.096670711741728
lbv,14318,246.634114353,0.3769374508888294,20.361923666561353
lbv,14319,248.21709718,0.3717249116382083,38.63547321394378
lbv,14320,229.599544084,0.35257846735990966,67.87330148734299
lbv,14321,231.875266834,0.3567089362276925,23.494654397403494
lbv,14322,223.571903266,0.38944590707546667,70.74511302873199
lbv,14323,234.405613222,0.4160723858814446,72.57253438912186
lbv,14324,236.189063448,0.39994339785669053,80.14324014701094
lbv,14325,232.033917859,0.4161081778801094,123.21713891122855
lbv,14326,233.316696893,0.43989881261352914,89.01929518755743
lbv,14327,212.099202161,0.44510734689797415,49.86137135823568
lbv,14328,234.610467476,0.44761844696033576,109.64288644229663
lbv,14329,238.034754993,0.4485571490611859,87.19226801255171
lbv,14330,238.729403203,0.4658738183264701,39.41933207792394
lbv,14331,269.894483881,0.47475398377200395,107.29386937758501
lbv,14332,335.410206064,0.471562952157997,109.64337427475873
lbv,14333,340.591572646,0.47482269858522813,173.08017853381588
lbv,14334,293.713525417,0.49288893186400096,158.98347775328392
lbv,14335,608.015286585,0.514078806597069,396.02329170376646
lbv,7583,263.127236995,0.6111111290993229,80.61512666590075
lbv,7583,30.5442847983,0.5894794304196429,21.324037080652573
lbv,7584,597.081900732,0.614953505162576,365.8889421350816
lbv,7584,10.8584563711,0.6469656441892896,10.922086917652804
lbv,7585,960.790877644,0.5766347565825531,774.167805929745
lbv,7585,7.28540783577,0.64725199341774,7.8014993106617645
lbv,7586,964.83252666,0.6330134800101254,751.025586894914
lbv,7586,4.85021699351,0.6007688641548157,4.420849609375
lbv,7587,703.419652344,0.6484966835224591,529.9839128681257
lbv,7587,5.00431084413,0.6007688641548157,4.680899586397059
lbv,7588,594.926228706,0.6452709129824044,406.98029243618834
lbv,7588,8.4797793288,0.5481762010604143,8.321614583333334
lbv,7589,517.239863728,0.6296478034876329,325.3245129753561
lbv,7589,10.7056137736,0.5363401631976282,11.18217004514208
lbv,7590,436.138776209,0.6281998964418907,254.33094745710784
lbv,7590,4.09745324818,0.5296242202029509,4.420865376790364
lbv,7591,397.829373054,0.6313685465607842,256.67197229721967
lbv,7592,396.840278177,0.6450519722675074,247.57048713833677
lbv,7593,264.344055523,0.6151036743221593,112.0829486024146
lbv,7594,386.31580641,0.6345729258354833,233.7881484386968
lbv,7595,414.318723422,0.6434023787587507,270.19607169955384
lbv,7596,397.153567629,0.6335128639204382,280.338597166772
lbv,7597,439.87332983,0.6214383174587228,279.2988699520336
lbv,7598,263.533678567,0.5854037334752635,78.27655603745404
lbv,7599,254.249830081,0.5990664261358756,70.21493440515854
lbv,7600,318.26293006,0.605270600463624,171.37661168715533
lbv,7601,297.708959376,0.5992428244597836,140.17017783370673
lbv,7602,184.651186635,0.5893140895955864,90.49973509545418
lbv,7603,310.859741196,0.6014406611226967,157.5941972620347
lbv,7604,448.503732459,0.6485873635896704,252.25459992651847
lbv,7605,368.789770571,0.5952325740203902,223.90932060690486
lbv,7606,334.644403497,0.6003105555484497,198.9438782935049
lbv,7607,300.60712054,0.5952336170086651,182.82041000665401
lbv,7608,323.415116876,0.5834899183133202,219.48853637096929
lbv,7609,343.749995228,0.5631129868861358,229.1107121785482
lbv,7610,352.97365924,0.5779954723851837,191.40239215925627
lbv,7611,342.378384279,0.5708280542346298,158.63515008664598
lbv,7612,317.550426511,0.5770137651276042,102.20270385742188
lbv,7613,379.236649412,0.5938525994618733,178.6596488503849
lbv,7614,372.74985375,0.628840744695184,232.75155534931255
lbv,7615,331.995708784,0.6473443489497457,199.46414396996596
lbv,7616,326.663140864,0.6463650351227761,205.705502020144
lbv,7617,335.271563956,0.667675023404961,182.56042408662685
lbv,7618,402.633695408,0.6625315415120758,205.7053602031633
lbv,7619,357.618572717,0.683157453807641,203.88519532446767
lbv,7620,345.958671146,0.6984335495027031,264.2185859829772
lbv,7621,358.058278721,0.6867284190515517,289.44422894646146
lbv,7622,273.452084648,0.6970391439066992,135.75019959094476
lbv,7623,303.686034214,0.7011559607461096,166.4371079089595
lbv,7624,360.216918376,0.6744635797498796,273.5810721303902
lbv,7625,342.672871682,0.7032601999253342,201.8052429199219
lbv,7626,278.842998015,0.6522781888834026,163.05661857455385
lbv,7627,335.866180636,0.7018633440632344,203.36597984164365
lbv,7628,354.261201544,0.6903860523267779,203.36613099341298
lbv,7629,342.073834684,0.6845609814666072,178.66074425192443
lbv,7630,269.275714943,0.6556303071484685,113.6459560917873
lbv,7631,249.631710899,0.6330498357613882,140.43220968807444
lbv,7632,289.529619894,0.6093516448991028,181.2618320539886
lbv,7633,312.847533782,0.6247801780700684,210.12879510019337
lbv,7634,301.193207803,0.665405161837314,146.6743470435049
lbv,7635,265.55998635,0.6690491831193774,113.90682310216566
lbv,7636,265.356866524,0.6906513710107122,87.38071710923138
lbv,7637,332.06758625,0.6744235970320239,128.99078952564912
lbv,7638,354.958591295,0.6341944527864753,207.78982594807945
lbv,7639,340.395700244,0.6393685824882084,168.78072458902994
lbv,7640,321.67149866,0.6351424197837144,150.3165505502738
lbv,7641,331.001917152,0.6332036623191009,180.22414496926703
lbv,7642,325.228799385,0.6363599450144936,155.25824752508424
lbv,7643,327.074870946,0.6514686853380824,124.0507869645661
lbv,7644,333.024161007,0.637020319700241,131.59283288693896
lbv,7645,352.090763678,0.6082672983674066,116.509210803462
lbv,7646,348.05598792,0.5708128439591212,141.47579396565754
lbv,7647,326.932349813,0.5391322445665668,152.13876791561353
lbv,7648,316.984418216,0.5412169868802706,116.76996699314492
lbv,7649,319.825854328,0.540524327287487,119.37081765567555
lbv,7650,345.157267023,0.5889074714095505,147.45831720688764
lbv,7651,359.187482888,0.5927386866352424,159.94183125215417
lbv,7652,382.731596582,0.6328652229379206,176.84658544203813
lbv,7653,371.001444748,0.6557325650249007,175.80661238128064
lbv,7654,437.48400831,0.6346990029330721,230.68159733192593
lbv,7655,471.960617745,0.6439785157284452,300.9008679259057
lbv,7656,465.858612015,0.645085535912018,307.6632180905809
lbv,7657,454.706837412,0.6072949555971693,313.1252198462393
lbv,7658,446.449189793,0.5848057592908542,321.4479657341452
lbv,7659,596.944938862,0.5882663703676978,465.7881680656882
lbv,7660,619.974421145,0.6028922208618088,488.15516064213773
lbv,7661,614.386504965,0.6089076374356185,475.15237516515407
lbv,7662,606.702019851,0.5935185575401377,443.68434705547253
lbv,7663,580.299085328,0.5837607442562477,362.28214048497813
lbv,7664,612.150337341,0.5634152385695227,377.10694391587197
lbv,7665,617.937253688,0.5399567452469963,414.0381464341108
lbv,7666,618.620166001,0.5413617913567984,420.0205760881012
lbv,7667,599.772590109,0.5247517337895328,418.72097613764754
lbv,7668,334.985804979,0.6254551568691261,133.41875026927275
lbv,7669,251.552587255,0.5642539345356357,129.51788931453927
lbv,7670,569.449667851,0.5102131561802711,436.66746544931453
lbv,7671,355.561985111,0.49028734907027216,201.5593682681813
lbv,7672,599.615071209,0.4975352941794964,377.89084296132995
lbv,7673,592.210154221,0.49543135424215007,409.1006797640931
lbv,7674,375.765725077,0.4726886969693911,181.7942855535769
lbv,7675,643.402130849,0.48689110781035944,433.2881344963523
lbv,7676,667.451158489,0.536144548249812,448.11289116354544
lbv,7677,672.719845402,0.5702945404523341,378.15223840451705
lbv,7678,594.867332963,0.5681798599939295,340.44155940635534
lbv,7679,514.665056359,0.5278176938050559,291.2874178119734
lbv,7680,434.64183678,0.5556106949213779,214.56453552246094
lbv,7681,518.778301635,0.6251347281482322,301.43072988472727
lbv,7682,504.128208069,0.5965218326183641,326.6586666331572
lbv,7683,528.40669577,0.5823058302749411,364.6303164313821
lbv,7684,283.31695788,0.520667027682066,162.2895960489909
lbv,7685,409.832702701,0.552794938827112,315.2160359999712
lbv,7686,327.05011719,0.5357637053941826,195.8399454752604
lbv,7687,427.164950219,0.5751974494439474,244.21460287056718
lbv,7688,332.105776776,0.5655411211491537,137.32207848044
lbv,7689,478.643334122,0.5574195396985938,361.5105030134613
lbv,7690,245.430417432,0.5100275836884975,158.1284703871783
lbv,7691,373.608643913,0.5993584912112264,214.56514901553885
lbv,7692,262.527814205,0.5405362129651312,70.48138071695963
lbv,7693,461.1691873,0.6244975440497472,264.2395409378351
lbv,7694,582.356437347,0.6290132581986965,386.2156690709731
lbv,7695,403.97016514,0.6305647826898952,184.91510425642429
lbv,7696,314.621161457,0.5729405312446887,108.71217184627757
lbv,7697,311.815830248,0.5295018456021293,79.32330202588848
lbv,7698,341.417285492,0.5428076130143147,180.23258945240693
lbv,7699,456.681057373,0.5871544299978626,273.33914785946115
lbv,7700,510.857310733,0.6038801836950041,355.78224457385494
lbv,7701,513.36558747,0.6241533283773624,284.7811760098327
lbv,7702,466.220136068,0.6227381621001855,358.64200397566253
lbv,7703,187.055264085,0.6464537275201491,68.13939523135915
lbv,7704,341.595469159,0.654671863714854,167.7474594116211
lbv,7705,239.736081475,0.6406665237969306,73.60072245878331
lbv,7706,543.092480355,0.5847484773155979,365.9227791281307
lbv,7707,549.483565149,0.6025640026343112,407.7938264734605
lbv,7708,521.943427471,0.6643462371738518,353.6981804043638
lbv,7709,569.126360962,0.6960118092872479,407.2723761165843
lbv,7710,462.020759128,0.678577570949723,341.4736482807234
lbv,7711,457.317394065,0.6607515369513018,334.97138411578015
lbv,7712,534.893254664,0.6606836341155078,419.2338724173752
lbv,7713,439.728795991,0.6880753392828777,230.42231843237786
lbv,7714,358.35621518,0.6908117048346103,201.2940428789924
lbv,7715,308.347998664,0.6849029829972768,160.72300172693585
lbv,7716,339.386540699,0.6686392756732734,211.69639455757888
lbv,7717,332.548238567,0.6866725255744625,154.4809080834482
lbv,7718,290.379000782,0.6470710862010529,123.01239354750689
lbv,7719,351.482311902,0.6288907666828322,149.5391522575827
lbv,7720,305.722428962,0.597472142089497,131.59425856646368
lbv,7721,289.326183902,0.6246123625271356,69.69813609403722
lbv,7722,287.233490195,0.5612864164456928,94.92438519047757
lbv,7723,291.120999928,0.602480324940248,71.51839476940678
lbv,7724,312.160550615,0.5890340535441263,133.67416489545036
lbv,7725,321.035103422,0.6198461763355709,141.73623115689148
lbv,7726,308.164055337,0.6530809179846064,107.92753448486329
lbv,7727,323.252867472,0.5883538894754984,189.067916840198
lbv,7728,307.726497253,0.6657049279138831,100.3854470944872
lbv,7729,296.456746652,0.6445593759294789,157.85980760162954
lbv,7730,294.548658475,0.6564636641310393,118.84992843328737
lbv,7731,302.479278372,0.6360839344187325,155.51889041077857
lbv,7732,308.066140761,0.6216178913768249,180.7450231215533
lbv,7733,298.60168272,0.6009534521829708,182.56528834922642
lbv,7734,253.079906819,0.6198412060363914,82.96060025084253
lbv,7735,247.365962677,0.5680001326160884,98.5643341662837
lbv,7736,246.483724883,0.6341970744132996,65.01602472043504
lbv,7737,222.071318282,0.6449966374958787,27.82683928246592
lbv,7738,268.387049236,0.6500899209461359,101.16477065740847
lbv,7739,283.489187779,0.6322840139683751,74.89826519536037
lbv,7740,279.455735374,0.6174336187205873,115.46809584673713
lbv,7741,279.196709782,0.6612219166499999,97.00357408710555
lbv,7742,279.547230703,0.6878656934145773,76.19851798263251
lbv,7743,302.788866622,0.6801379401778336,59.034346696442256
lbv,7744,277.853255741,0.6308217628134623,102.9849043004653
lbv,7745,292.539600876,0.6543577880628647,112.86725972493491
lbv,7746,298.353000641,0.6667801290750502,78.01882575539982
lbv,7747,329.479831978,0.6132925333102662,174.5019437004538
lbv,7748,327.989306218,0.6211478903770449,162.53901866838044
lbv,7749,341.950970261,0.6047857561504406,164.09930868709787
lbv,7750,336.497840845,0.6103652522660447,173.4616730633904
lbv,7751,322.774778543,0.5994699510317,163.83935265634574
lbv,7752,304.212153752,0.6141127549579042,157.59784563849954
lbv,7753,302.930810717,0.6545895689264292,154.47708734250537
lbv,7754,306.775808647,0.6730118226079107,160.71859866871554
lbv,7755,321.06950464,0.6721891090817695,178.14280165130015
lbv,7756,350.519208574,0.6426729298514257,205.18936414531632
lbv,7757,307.999241438,0.6318691115077205,188.80542228549135
lbv,7758,282.191924157,0.6244612131267786,174.76209148332185
lbv,7759,341.38237858,0.629160408200709,190.10604711794386
lbv,7760,360.767661973,0.6244498954091428,218.71303247189988
lbv,7761,362.97640931,0.6269422263503075,260.0631281534831
lbv,7762,344.182239638,0.6270816120993221,263.7040542602538
lbv,7763,276.230302133,0.6009630120101096,216.63253942751413
lbv,7764,269.034333695,0.6407832684049561,169.82136963489012
lbv,7765,343.296886972,0.6709891809164172,178.14360525093826
lbv,7766,416.392758769,0.5502099359400886,271.50616616641776
lbv,7767,630.776363733,0.5787860268544377,432.4856681075751
lbv,7768,623.135001699,0.6020273413389953,504.00424221263205
lbv,7769,696.104697588,0.5704792713235927,526.6309857536766
lbv,7770,454.436850749,0.5868439764705516,260.8455257340973
lbv,7771,498.835089511,0.5631195863682534,312.85912385828357
lbv,7772,773.969315784,0.518468727367884,593.7322676415537
lbv,7773,290.820520264,0.5377463487754192,103.76674457624846
lbv,7774,263.058825299,0.5959697817933971,105.58719195197611
lbv,7775,304.455565038,0.6181727324464665,140.9565418019014
lbv,7776,326.827192684,0.6083289852949105,308.9602547140683
lbv,7777,312.328008372,0.6004703941489712,214.55576010311353
lbv,7778,280.033800336,0.6013253392044883,160.46175941018495
lbv,7779,323.533166149,0.6347850247665688,175.54589619356042
lbv,7780,302.014723536,0.6397907337380779,187.24895881204046
lbv,7781,353.707063681,0.6127810684808224,261.10859231387866
lbv,7782,326.274179283,0.5797594927852938,209.35490097345092
lbv,7783,206.785732451,0.591340489448256,81.6614387960995
lbv,7784,440.73522937,0.6127015946181952,293.357645221785
lbv,7785,232.702846148,0.5937218593531534,79.0609291525448
lbv,7786,229.288112918,0.6125185021134311,55.9148619408701
lbv,7787,503.912522418,0.6127925657344105,305.84169975729554
lbv,7788,391.704043502,0.5933744486077244,194.27215719784007
lbv,7789,318.659424385,0.5646033192991365,146.67964459587546
lbv,7790,354.733195583,0.591372844924686,164.8849198285271
lbv,7791,359.060871724,0.6034925243633237,173.72763495351754
lbv,7792,446.132032515,0.600714627236376,281.13763936360675
lbv,7793,357.81693599,0.6107313697423037,204.4167772180894
lbv,7794,243.799453829,0.6073412491255497,86.34407342648974
lbv,7795,255.392057898,0.6474179559917541,54.35523923986098
lbv,7796,334.864861279,0.6605665257031268,137.31873061236215
lbv,7797,339.798856592,0.673817852900507,133.41783914005055
lbv,7798,252.809605566,0.6631761718700283,54.87566303926356
lbv,7799,244.136603322,0.6146187668941061,79.32280435001148
lbv,7800,269.9666486,0.6004693824521043,122.49539355109718
lbv,7801,272.635887252,0.6445560144881408,62.41812986486099
lbv,7802,268.1202405,0.6279805824647543,79.58323660457836
lbv,7803,253.874870422,0.578478179872036,37.45104944565717
lbv,7804,254.275731401,0.6119220508656031,73.86187672334559
lbv,7805,322.757739807,0.5980111410900882,170.87093419093716
lbv,7806,252.047525358,0.6032992304305671,165.9296141680549
lbv,7807,269.527328959,0.571035263167324,168.79051468793085
lbv,7808,280.449202365,0.6003578909867101,180.75431315104169
lbv,7809,312.910127932,0.6224729067528368,179.19402244418276
lbv,7810,347.229819212,0.6244177967676072,211.70387588201783
lbv,7811,463.091773407,0.6165823401351975,302.73147367589615
lbv,7812,480.142731636,0.6205296630855841,350.8458792892157
lbv,7813,495.400873549,0.6314453957007922,391.1578893923292
lbv,7814,234.872270391,0.6439321214533121,92.06757833443436
lbv,7815,419.195969577,0.6327783901645183,294.9287959379309
lbv,7816,491.088033118,0.6266639689287321,374.7729896395814
lbv,7817,490.434548349,0.6358889104031128,339.6626102522308
lbv,7818,454.32479245,0.6425966360945676,289.727695091098
lbv,7819,440.824283843,0.6153230009306419,316.2558303533816
lbv,7820,466.186984577,0.627137828249115,288.6877071006626
lbv,7821,448.65581698,0.6358094085407168,279.06492746390546
lbv,7822,459.797964204,0.6336040343544244,344.86507254207834
lbv,7823,277.441635369,0.6427556054974065,107.1526590384689
lbv,7824,454.332796545,0.6543540425293078,329.7808922262753
lbv,7825,450.177534469,0.6490369314348835,323.019045751235
lbv,7826,391.301461002,0.6402339092679358,254.61827060475073
lbv,7827,404.544172136,0.6168382745003522,312.3561399572036
lbv,7828,450.408307449,0.6079730903034781,313.65697281781365
lbv,7829,405.725569861,0.5713198527557319,255.65934208888632
lbv,7830,391.271573705,0.5673108156726846,222.1092041913201
lbv,7831,360.457451789,0.6028402165223437,234.3332033045152
lbv,7832,247.468588439,0.6260972309571048,108.19388723934398
lbv,7833,245.710982823,0.642842306420694,79.58502735811122
lbv,7834,289.973188249,0.5964759486822238,186.47879118077898
lbv,7835,314.14794103,0.6339899778017014,177.63631005380665
lbv,7836,293.072515503,0.6634951671610678,95.97054015514897
lbv,7837,305.331168322,0.6029404170190296,124.83990804634841
lbv,7838,278.268353951,0.5988350568448797,88.4283825743432
lbv,7839,372.759056529,0.653258585873014,163.59286286597157
lbv,7840,410.597036161,0.6284747037871494,269.96762093936695
lbv,7841,354.900975459,0.5355206903446927,347.2125398523668
lbv,7842,261.709323819,0.5885772277501851,151.36930263743682
lbv,7843,367.489596266,0.5537108866103948,298.83766276041666
lbv,7844,433.22355497,0.5348932445049286,375.5632035498525
lbv,7845,425.389130038,0.506478657332318,358.39810844870175
lbv,7846,239.718065035,0.5091773098793583,197.4052214678596
lbv,7847,514.140174385,0.5040043862477228,326.6684533511891
lbv,7848,220.259861479,0.43260787259120254,94.41150144689223
lbv,7849,456.80564947,0.5216711762263194,316.2656401989507
lbv,7850,309.001031273,0.5982987362013503,163.33481268789257
lbv,7851,186.813009031,0.47601839452981953,88.42991578345205
lbv,7852,203.077517021,0.5195733294712276,99.0935624964097
lbv,7853,411.963710145,0.5471850723493462,316.52691686293656
lbv,7854,309.808592794,0.5502213072132419,144.34881699505974
lbv,7855,464.539918049,0.5837722177102687,284.79575970219634
lbv,7856,421.158355601,0.6059552986760345,228.3568676518459
lbv,7857,216.71564017,0.5472136659575214,52.797933660769
lbv,7858,350.971628339,0.624477115174501,140.96736369413486
lbv,7859,243.668555692,0.4454325823648738,64.24192588656557
lbv,7860,300.322860142,0.4287254336905216,140.96812337239584
lbv,7861,320.122469342,0.4601218639101301,227.5774762022729
lbv,7862,340.223191035,0.4640457179720543,227.83751373291017
lbv,7863,335.999040046,0.496036901793366,196.1066874186198
lbv,7864,292.197320568,0.574749404216449,126.66302897135415
lbv,7865,253.061439599,0.6559496081983796,137.0663590075923
lbv,7866,243.601357763,0.6770849501030355,102.73468436446845
lbv,7867,367.153953384,0.6734663215668304,263.2089417700674
lbv,7868,398.713408043,0.6826771416205719,262.42864260206034
lbv,7869,223.374669457,0.6149332554788766,113.39793114755668
lbv,7870,359.970963703,0.6707008204030874,213.79187663957185
lbv,7871,419.705996371,0.6495728303199035,310.80448276295374
lbv,7872,403.229841927,0.6519797681725543,299.1004382862764
lbv,7873,418.21559941,0.6506577640970738,272.83165764902157
lbv,7874,549.803684968,0.6442802956870854,381.80835646087047
lbv,7875,694.919806543,0.5958459783537275,575.8326803768382
lbv,7876,541.23323962,0.598070762056848,413.0174585080614
lbv,7877,532.992760109,0.6033302512672959,396.11140229468253
lbv,7878,303.468820472,0.6211587848601403,160.21286540311922
lbv,7879,277.326233843,0.6046166607040041,146.6881859274472
lbv,7880,402.657303702,0.6043386731745279,317.5645163741766
lbv,7881,214.224059647,0.5625833581434564,66.58173313514858
lbv,7882,289.485353131,0.6261404164498219,138.8858185712029
lbv,7883,301.574055004,0.6216203802075061,198.70563246783087
lbv,7884,374.206803492,0.6187061259595606,320.42622590906484
lbv,7885,281.384691182,0.641030775029448,164.3746997309666
lbv,7886,245.290189784,0.6063383759633195,118.85957979688457
lbv,7887,395.617631596,0.6591088392232592,222.3746072507372
lbv,7888,327.609990349,0.600802763190332,238.24006248922913
lbv,7889,425.864436191,0.5751545182225102,249.1636946135876
lbv,7890,201.376982542,0.4919555158291048,26.789037038765706
lbv,7891,222.735005449,0.5330671466886997,83.22837934307024
lbv,7892,276.094559026,0.598400309058123,111.83827900606043
lbv,7893,277.845689459,0.6186298354085521,70.48427647609336
lbv,7894,264.114930654,0.6043324933520385,58.260160139495255
lbv,7895,260.562393325,0.6310254702401473,59.560685430788524
lbv,7896,285.238229233,0.6239574864372476,115.48029614616843
lbv,7897,313.507872736,0.6070887523565238,138.6286195642808
lbv,7898,400.423734937,0.6017521756926393,198.97015246223
lbv,7899,397.158556969,0.6173314172823187,199.2306024887983
lbv,7900,436.016223524,0.6218364624529593,241.1058448342716
lbv,7901,330.960611959,0.6329312528882709,163.85862555410347
lbv,7902,331.116554465,0.650904269451411,125.10508844712201
lbv,7903,327.127366552,0.5744210305587253,219.25924661673747
lbv,7904,250.495179734,0.5607437666093783,101.17664064893535
lbv,7905,260.165830518,0.5927130065020725,43.956050319297646
lbv,7906,273.495212533,0.5766292919960966,147.21378227682675
lbv,7907,299.545033465,0.6233939559544044,139.67133636474608
lbv,7908,388.220497385,0.5948147936984226,288.70643256692324
lbv,7909,415.360896396,0.5779414445524157,342.2864969889323
lbv,7910,472.465127439,0.5679502427801212,347.22882124956925
lbv,7911,520.899917427,0.5404823417863194,441.12399537329577
lbv,7912,543.167246321,0.5456485383566434,399.76914565142465
lbv,7913,474.829125972,0.5504802726032609,329.2829859116498
lbv,7914,317.228478971,0.5622075806584276,163.08095029943132
lbv,7915,547.540523526,0.5739155335994663,397.1690439860025
lbv,7916,535.099828486,0.5749954576035728,385.7250984939875
lbv,7917,446.705139133,0.5926553007784082,294.6911098106235
lbv,7918,466.074820063,0.5993710503094176,345.9307246488683
lbv,7919,514.724278192,0.5923319040275201,373.24158259373087
lbv,7920,439.292519957,0.5998693175648534,279.6063910091624
lbv,7921,409.783149771,0.5966522462282672,232.5286906223671
lbv,7922,501.378332339,0.5932205514723817,384.166981865378
lbv,7923,423.385045406,0.6150669905839516,295.7334951064166
lbv,7924,393.231979042,0.6036327090333489,265.3021074182847
lbv,7925,488.854359661,0.6062840046109381,327.20642514696306
lbv,7926,486.384232549,0.6078905968793802,335.0099247053558
lbv,7927,479.410245928,0.6097493663290952,333.97002467735143
lbv,7928,556.849425285,0.6298774959507673,368.56418433095894
lbv,7929,597.890738658,0.6330198320040262,388.5927388509115
lbv,7930,617.994412542,0.5976489516575317,406.02023420146867
lbv,7931,610.891795268,0.5631547818926199,449.4580105052275
lbv,7932,596.239224157,0.596976699312374,402.64017672071265
lbv,7933,616.068738726,0.5977711861844731,393.27707791795916
lbv,7934,597.845921806,0.584579811796257,469.488234426461
lbv,7935,633.782732716,0.6107270557591042,510.0654274435604
lbv,7936,613.213483874,0.6136842506515606,491.8589709113625
lbv,7937,537.009229893,0.6095111845885143,388.07775926776964
lbv,7938,350.067890701,0.6044632484360999,284.29570961746515
lbv,7939,497.250765805,0.5914447314217375,432.55671982110715
lbv,7940,557.064927607,0.5954387779391945,436.9792601641487
lbv,7941,346.066964718,0.5754040952177039,229.674416067086
lbv,7942,576.713466859,0.5794296947870572,448.16499376483983
lbv,7943,550.779784037,0.5544354075204355,424.7560621672985
lbv,7944,566.566362132,0.5605630308484276,409.6705643896964
lbv,7945,429.587761973,0.5919343361880632,285.3392536238128
lbv,7946,546.318036727,0.5851599318413145,486.92408949908094
lbv,7947,572.453892238,0.5781339729217393,499.15003135531566
lbv,7948,580.35210455,0.5881776514380104,428.92118213129976
lbv,7949,305.517875247,0.5340003392073158,171.15259498147404
lbv,7950,541.119162816,0.5797888964995161,400.57023710363046
lbv,7951,621.034224243,0.592486733463507,479.124410831227
lbv,7952,657.187035288,0.6081165366070933,523.6045679428998
lbv,7953,543.771902319,0.6259667499130276,382.36474477730553
lbv,7954,501.921250895,0.6404018748360566,324.6204084508559
lbv,7955,258.5129709,0.6149140665573734,116.53057038550284
lbv,7956,549.019642366,0.6425179730762134,337.6267064412435
lbv,7957,530.58870056,0.6323980655888437,369.3612140431124
lbv,7958,470.104557909,0.641153850671997,329.8245666204714
lbv,7959,527.345671969,0.6316126078279838,443.4953345504461
lbv,7960,261.032517755,0.5331805555815907,136.0402201633827
lbv,7961,143.5476207,0.5126246318734926,75.43357295616
lbv,7962,245.689183151,0.5755773399917172,184.6819739248238
lbv,7963,358.988549975,0.5895024445344839,299.392725836062
lbv,7964,204.817954156,0.5030402881168604,112.63022009157667
lbv,7965,269.853712284,0.570574064506218,166.47399256089153
lbv,7966,199.591485485,0.528555093606313,97.54357949051202
lbv,7967,190.520317546,0.5429490312697395,49.16201240689146
lbv,7968,177.094693633,0.5506923032103117,41.87870324826708
lbv,7969,200.678336519,0.6030777395426572,118.35275118958717
lbv,7970,219.625981145,0.5591630409848883,176.61854280957988
lbv,7971,245.510130838,0.6057262677266548,114.19070700851141
lbv,7972,283.577200323,0.6417949808600508,168.55459065156822
lbv,7973,304.560085918,0.6610310690503727,203.1496535955691
lbv,7974,210.638663495,0.6420885559077665,113.66993028229359
lbv,7975,233.443351044,0.6506008138461988,127.45588277180991
lbv,7976,197.800886893,0.6568211053187648,99.88370816099878
lbv,7977,189.983549512,0.6326602202326701,108.98758924895643
lbv,7978,182.936579866,0.5974104985147077,121.21283213297528
lbv,7979,173.565855139,0.5971963907294663,98.58295605229395
lbv,7980,154.43498043,0.5809505660976982,88.1784335865694
lbv,7981,142.689164741,0.5960501841334409,22.369771770402494
lbv,7982,174.670996253,0.6040076613426208,0.780341204474954
lbv,7983,220.656610966,0.5830239392163461,29.653017470415897
lbv,7984,385.140246658,0.5928813985752871,197.16686063280292
lbv,7985,274.233901076,0.6039550243187527,86.09802279004865
lbv,7986,327.780732455,0.6414223322906647,129.5375429938821
lbv,7987,261.336253269,0.6277415474749499,83.75728209252452
lbv,7988,193.722018472,0.5834778875112534,33.81514485677083
lbv,7989,333.606991187,0.5096620134484598,147.74645559273515
lbv,7990,519.983816032,0.6026036492479382,348.5566609102138
lbv,7991,564.517120143,0.6088659260386513,409.68362178428504
lbv,7992,423.064182987,0.617130808623321,212.77549100389666
lbv,7993,1321.04521382,0.6508943239653272,1062.580269877116
lbv,7994,476.911814728,0.6332205113898692,125.1171526740579
lbv,7995,564.390646685,0.5220673478197777,203.67279932358687
lbv,7996,566.095311616,0.5755135875203736,343.09732106526695
lbv,7997,416.404287827,0.529819272993403,311.6232790180281
lbv,7998,392.120414674,0.6691213280382292,277.0273670869715
lbv,7999,389.041114446,0.6840244188398412,214.3388107299805
lbv,8000,483.623526555,0.5989110486193017,331.39351519416357
lbv,8001,566.661470683,0.6576751054760938,347.52099848728557
lbv,8002,333.471491244,0.6049337213190412,135.52316385904948
lbv,8003,276.471520151,0.6110092309298436,141.24621303782743
lbv,8004,460.614969489,0.6196372555763032,261.94238490684364
lbv,8005,310.757829733,0.5509288818823902,151.13110393449372
lbv,8006,304.898192027,0.5547723013797682,202.6354979271982
lbv,8007,316.956548174,0.586267988714907,187.28827406939337
lbv,8008,332.887391956,0.6133704972330225,196.65269847196691
lbv,8009,436.063465914,0.6207939842406739,305.644177126417
lbv,8010,495.168724252,0.6369692064710712,296.80002896178
lbv,8011,502.46372285,0.6487665810687021,291.85754879222196
lbv,8012,555.385653668,0.6637213832470235,394.3457367840935
lbv,8013,597.741397976,0.6584802710074534,387.842582283768
lbv,8014,571.063865125,0.6588661908873998,405.53035015031406
lbv,8015,377.231809833,0.6707458352386757,160.75525838814528
lbv,8016,565.207702288,0.6139364734332522,382.899355989344
lbv,8017,586.250424465,0.6041214685313065,410.2120359832166
lbv,8018,320.363524921,0.6412649023182251,123.81776081160004
lbv,8019,411.697027681,0.6097647874060833,219.02243131749768
lbv,8020,446.160232072,0.6179559719914933,255.17935587565103
lbv,8021,395.40978469,0.6310064451934319,219.8027624990426
lbv,8022,351.762090685,0.6557410725196543,181.8248679665958
lbv,8023,338.44503179,0.6355016161969487,180.52429528329887
lbv,8024,333.509407084,0.6217632059168344,223.4442124909046
lbv,8025,308.136435728,0.6230116798155428,194.05046317904603
lbv,8026,271.305696073,0.6211910744508108,151.3905725815717
lbv,8027,327.514715786,0.6614455836963139,193.01027299469595
lbv,8028,321.103607789,0.6714659146704041,148.78976389567057
lbv,8029,312.857947918,0.6880769734042539,175.06223006902957
lbv,8030,282.505788225,0.6782481244830197,111.85266807406558
lbv,8031,340.014549694,0.6515039781257731,175.32280273437502
lbv,8032,320.617818104,0.6294309399667242,218.50337641098923
lbv,8033,284.818715891,0.6867053197507137,99.62729779411764
lbv,8034,278.45049904,0.6294474597362911,70.75364954331341
lbv,8035,328.953718429,0.6486241175391809,127.98104993034812
lbv,8036,309.929679011,0.6260421825194984,108.99219764260684
lbv,8037,294.029460081,0.5686553755641488,123.29926730885225
lbv,8038,290.193995926,0.5677581384553382,155.2949558931238
lbv,8039,288.086053899,0.5573527007363737,133.18452953263824
lbv,8040,295.814523221,0.5618143710467193,144.37016810996857
lbv,8041,295.213245257,0.5961031380064995,157.89698854334216
lbv,8042,318.464154601,0.5777971275517199,190.41315217859605
lbv,8043,331.41930937,0.5952835639400441,250.24277283911613
lbv,8044,363.765609803,0.6753085875983563,223.18987112606274
lbv,8045,401.105287654,0.6414637179385386,232.03463807947497
lbv,8046,416.948518507,0.6065751743773298,258.04779935350604
lbv,8047,386.458243183,0.6087131073077521,280.93928671444166
lbv,8048,322.587764394,0.5881504756106994,162.06056889552696
lbv,8049,324.327896103,0.6218041011706535,100.41000375186697
lbv,8050,316.043049332,0.581464176454882,132.14599232393152
lbv,8051,311.853559068,0.5966655189623368,114.71752355238971
lbv,8052,323.775328136,0.590497458852179,158.41956514844708
lbv,8053,291.975445419,0.5964791996223374,104.31258299584483
lbv,8054,285.351899914,0.6259334391539858,50.46549661673751
lbv,8055,280.485044435,0.6004080144373793,113.93774988511029
lbv,8056,283.331459899,0.608231318240263,114.71830731560203
lbv,8057,260.642892227,0.6444806049947869,94.94842574175667
lbv,8058,307.930591579,0.6151627862710313,205.2449865902171
lbv,8059,351.067809148,0.6712714890294736,210.18790675144567
lbv,8060,373.958049858,0.6873162524376071,193.27949598723765
lbv,8061,386.83019686,0.6698806782838711,187.81694329953663
lbv,8062,352.956958871,0.683781632292394,176.1110174141678
lbv,8063,277.302599952,0.6783352879377514,101.4525375067019
lbv,8064,211.620734846,0.47965796310571757,82.72282819560931
lbv,8065,298.733747564,0.6472253204034321,120.70269990808825
lbv,8066,223.87711976,0.49909052411292454,97.81099404727712
lbv,8067,293.030788178,0.5991549740454792,117.58138131534352
lbv,8068,255.82154016,0.6466658240870424,59.31105589025161
lbv,8069,229.944740229,0.46035303808468614,138.39278872620824
lbv,8070,299.011015906,0.5121526700104959,171.95055889054842
lbv,8071,252.516901426,0.5018531161292297,85.3251200657265
lbv,8072,261.784369383,0.5620333381583181,92.60907018324909
lbv,8073,280.665558574,0.56210794800401,117.3220895804611
lbv,8074,275.996312681,0.5603296634719128,66.07505421357996
lbv,8075,269.673985471,0.5320907448594635,77.00092181037455
lbv,8076,275.84301364,0.44339474385258437,79.86245874143114
lbv,8077,279.745580815,0.6244014341255714,75.43985493977864
lbv,8078,280.161045108,0.6197052873989952,66.85538973340802
lbv,8079,299.842198207,0.5942281918047276,156.86314813950483
lbv,8080,322.573231941,0.6151875626574207,146.1974376304477
lbv,8081,326.884700984,0.540186423711461,220.0770249310662
lbv,8082,326.688924477,0.5802200091539483,151.66069671032474
lbv,8083,332.798988261,0.5569788878732691,190.4214479932598
lbv,8084,269.195096474,0.5638058950670627,123.82620999205346
lbv,8085,255.600003797,0.5746535291640723,119.92418733484605
lbv,8086,284.573598032,0.6247109236388371,98.07249947342218
lbv,8087,288.176422231,0.6336458369389477,116.28216995538449
lbv,8088,324.223302788,0.6272601210099885,220.3376558191636
lbv,8089,422.40709049,0.6775769018398471,221.37820255055152
lbv,8090,579.692565116,0.6995701251769889,377.2011135924097
lbv,8091,618.137291215,0.6982314398699887,457.0630148794137
lbv,8092,607.220678782,0.6811574567934097,452.3797020706475
lbv,8093,533.266544737,0.6561061564189946,387.34463692459406
lbv,8094,254.831790704,0.6182542472116408,80.64237955130783
lbv,8095,292.496451605,0.5850861649242423,128.24739918428307
lbv,8096,258.267159633,0.5914605511473371,120.1829200295841
lbv,8097,255.951787402,0.6265987369435779,87.92598867977365
lbv,8098,264.579000912,0.629910377725478,48.385292382333795
lbv,8099,258.853594873,0.5261349676137275,122.26359172147865
lbv,8100,257.414381408,0.6485308323205853,58.010223388671875
lbv,8101,259.720318311,0.6158937285686361,75.43921526740579
lbv,8102,265.022114966,0.6396251687492106,82.46284475887524
lbv,8103,294.856720287,0.6157132681550049,85.32423574410234
lbv,8104,345.167186155,0.6416318417423302,187.2968718584846
lbv,8105,322.481417191,0.6440878392930222,149.05694939108454
lbv,8106,371.614379364,0.6695638942282374,213.3098388372683
lbv,8107,302.044129453,0.6541963055562436,185.21509836234299
lbv,8108,371.793967545,0.7007278806054245,205.24537165024702
lbv,8109,325.6364727,0.6629376646390062,161.0224408916399
lbv,8110,400.995029833,0.6902439823921991,265.3359244851505
lbv,8111,368.137902988,0.6972107417997643,233.5996238858092
lbv,8112,320.03720228,0.7012862765140614,186.51548138786768
lbv,8113,315.944636322,0.7009170214114672,187.5560111251532
lbv,8114,354.962413812,0.6904219513583963,246.34615939271214
lbv,8115,586.757724237,0.6051125620417589,463.55595394957305
lbv,8116,783.366479819,0.5734378376635172,580.6136500639072
lbv,8117,301.997640123,0.6757336400694267,134.48900993197572
lbv,8118,365.521918072,0.6917886332452884,184.95516653621894
lbv,8119,343.387845542,0.6777592844822827,150.35755501541436
lbv,8120,298.148913086,0.6510908186138175,156.34075942693974
lbv,8121,276.756618947,0.661647676919636,123.56396565156825
lbv,8122,315.165944006,0.6318008101045206,158.42223274380552
lbv,8123,320.315000458,0.6123953173734451,161.0237804936428
lbv,8124,299.07270203,0.596950433822192,154.5206193811753
lbv,8125,286.148884263,0.5653325046563338,98.07124364516315
lbv,8126,295.045593532,0.582279240504377,90.78760735006894
lbv,8127,277.920302254,0.5593537918273234,77.52075653076172
lbv,8128,264.380337744,0.5467325048762715,90.26761286118452
lbv,8129,269.776506773,0.5419201817579136,130.32899421243107
lbv,8130,285.113682028,0.6036688348332655,107.17689615885416
lbv,8131,280.609785241,0.6429135710474044,81.94368025835821
lbv,8132,304.682577227,0.6478071224143487,102.23468352673099
lbv,8133,382.883682583,0.6514371157017769,190.6823294845282
lbv,8134,310.327286225,0.6553258980490222,124.6070567710727
lbv,8135,295.830856233,0.6634034345571411,107.43802430395988
lbv,8136,290.619385881,0.6737532619600255,118.10398511699603
lbv,8137,269.161655568,0.6661720253264678,95.99213591930913
lbv,8138,299.431337224,0.6496536814637723,129.0302921070772
lbv,8139,302.503981871,0.601667809190829,157.3860163969152
lbv,8140,277.989300256,0.576714634318943,228.66533409567438
lbv,8141,260.789016934,0.5342028882909329,97.81378844018076
lbv,8142,247.41475556,0.6585488075115642,47.60625816794003
lbv,8143,280.676116684,0.6826108041736815,93.65179398480583
lbv,8144,308.857232033,0.5567078782990574,208.11554194431682
lbv,8145,322.15813189,0.5413053183981963,253.12090017281326
lbv,8146,288.358679456,0.5341771526628545,189.12554734173943
lbv,8147,185.650717809,0.47861767411232,10.405826404047948
lbv,8148,274.36088501,0.5676003708428159,111.60256072399665
lbv,8149,226.5488285,0.4635135124447525,120.96801443660961
lbv,8150,291.507389875,0.6347344055574896,118.10629897772098
lbv,8151,235.224179687,0.611181738583938,47.86694288066789
lbv,8152,222.693885,0.6348451691865921,26.01463332830691
lbv,8153,253.737093794,0.5124549793408196,35.37997155283011
lbv,8154,263.345291356,0.45536372179293455,102.23777196547564
lbv,8155,266.058049817,0.4828292584540893,76.48313796099495
lbv,8156,279.969531187,0.5176741955030031,141.25946816837086
lbv,8157,304.575061356,0.5286850307511598,126.69111277262371
lbv,8158,297.23202005,0.5500119813044683,112.64301892448874
lbv,8159,313.753268307,0.5955526834599928,159.4689665252087
lbv,8160,334.630533513,0.6014187019266457,186.78392776788453
lbv,8161,437.447517374,0.5868965576639952,297.345069436466
lbv,8162,473.057909416,0.6110232511665596,316.07497091854316
lbv,8163,475.178077766,0.5911200026961138,356.3967425776463
lbv,8164,338.369589077,0.6146126221420967,119.92603717878754
lbv,8165,271.98845306,0.601902325254426,104.31714746811811
lbv,8166,255.24751412,0.6270580798929388,71.53911321303424
lbv,8167,270.302334729,0.6124357176191024,136.31426774567248
lbv,8168,276.521069386,0.6179268797952496,130.33087577071845
lbv,8169,292.111926067,0.6256392708604841,155.8244151695102
lbv,8170,295.442275499,0.6238810514374602,180.7977262010761
lbv,8171,334.729910545,0.6849901497634565,171.95268138810698
lbv,8172,297.055736522,0.6416837292144427,154.00279897054037
lbv,8173,369.641896723,0.6711527878984379,234.64591130275355
lbv,8174,346.679779563,0.6599504373069845,166.22904534433403
lbv,8175,311.792953151,0.6649848257474779,142.8163153854071
lbv,8176,361.764878686,0.6607673120355891,217.21583254945045
lbv,8177,365.037265608,0.6638016005726403,209.93177553064683
lbv,8178,316.780107565,0.6375688589474184,192.24211249258002
lbv,8179,331.547135273,0.6733399849188956,158.16394390031405
lbv,8180,368.793342688,0.6817773796426944,162.32613067626954
lbv,8181,329.312374819,0.6234788516793591,156.3427426805683
lbv,8182,311.496689109,0.6124057667008762,120.70383567062078
lbv,8183,325.790393028,0.6233554945430432,138.65331974403531
lbv,8184,298.569247948,0.5901270989355684,107.43677508784276
lbv,8185,302.820700456,0.5288633704185486,41.36185150146484
lbv,8186,306.458597189,0.6167436579295568,91.04811156029794
lbv,8187,281.7778955,0.5649911313397544,91.04808307722503
lbv,8188,274.56978274,0.6063653945012857,68.1560448141659
lbv,8189,295.671112026,0.5805855384128729,150.35938556147556
lbv,8190,284.621786248,0.6303746907216199,68.93643269258388
lbv,8191,279.934531238,0.5579943382071759,143.85621490478516
lbv,8192,281.614767847,0.5891921122127505,69.71694994159773
lbv,8193,249.767873096,0.6039589657180611,67.89622084673712
lbv,8194,276.934435471,0.6044061140347553,120.96454940496706
lbv,8195,275.635479779,0.5994942745252212,182.61745994418277
lbv,8196,299.96862116,0.6283218000868432,158.16455987668505
lbv,8197,302.98399333,0.6741521939165612,90.78860030828737
lbv,8198,321.175586777,0.6795918060140022,109.77878124760646
lbv,8199,350.1523708,0.6295759478233262,212.79380020440794
lbv,8200,439.47974426,0.6465470642101026,310.6061794206208
lbv,8201,448.382065167,0.6637409443482555,289.5349325741039
lbv,8202,505.910072097,0.6716760712776794,309.30557206097774
lbv,8203,559.935742905,0.6631060003871976,427.9288680731082
lbv,8204,588.771605245,0.6742197439310764,443.0168762506223
lbv,8205,440.386845164,0.6920068144981865,253.37527836818322
lbv,8206,603.735627286,0.6852358879569249,405.8167592366537
lbv,8207,593.086659847,0.670518888435169,407.6374831255744
lbv,8208,589.119718013,0.637369248315804,415.18128081677
lbv,8209,388.849893181,0.641308083915287,234.38474988750383
lbv,8210,504.197951273,0.6265901001666091,361.5927730186313
lbv,8211,474.587232185,0.6170830934125686,334.01796168907015
lbv,8212,457.38749781,0.6130130970670332,322.571877004586
lbv,8213,492.179367801,0.6215928795134148,319.97044899136415
lbv,8214,389.052686066,0.6305690096694955,261.69929160323795
lbv,8215,461.833252951,0.6152095946295273,327.25458727069935
lbv,8216,413.824684882,0.616409992428133,258.5781184177773
lbv,8217,372.340846189,0.6428627175166896,250.7738485897289
lbv,8218,288.82052067,0.6508597633961973,181.05645889581422
lbv,8219,355.332875904,0.665680466588161,186.7797726201076
lbv,8220,407.685320818,0.6452851487701177,232.30403571035347
lbv,8221,369.72822148,0.6425819299310949,200.04729195389092
lbv,8222,363.477632092,0.6174436794118269,217.9970823998545
lbv,8223,355.944736406,0.6322829535951949,229.18326203589348
lbv,8224,304.402150646,0.6037139740713565,176.63499770818973
lbv,8225,304.999917753,0.5804165512359858,212.53437164905026
lbv,8226,263.461716139,0.6301949250458873,77.7819112740311
lbv,8227,291.281578261,0.6773036150313213,94.17091013590495
lbv,8228,296.078528983,0.6656204792631775,92.87035387824564
lbv,8229,302.329107625,0.6727014034986497,99.89425551470589
lbv,8230,295.197865055,0.6594368778607426,88.44814333448222
lbv,8231,299.090646094,0.6264968350277108,122.78697617474725
lbv,8232,303.405998435,0.6303534269590357,120.44589359059054
lbv,8233,303.011209234,0.624472978924002,101.97592037425322
lbv,8234,344.548441592,0.5920355428312811,195.36768867642272
lbv,8235,393.735750231,0.5704327344257305,219.04094621246935
lbv,8236,374.059333687,0.5983039753554693,258.3228091071633
lbv,8237,387.092260596,0.6185812059074943,257.54296964757583
lbv,8238,449.173769811,0.6439313110679086,257.54318416819854
lbv,8239,525.203081575,0.6381564258228649,357.6993938670439
lbv,8240,515.244845692,0.6152796586739502,349.1151151170917
lbv,8241,483.072753061,0.5828505325301677,394.90163514380356
lbv,8242,571.573617459,0.6075157518889428,399.8446180156633
lbv,8243,567.644666079,0.6413678953966758,396.4632243436925
lbv,8244,625.684188656,0.6362426392022729,476.8492635988722
lbv,8245,652.167173867,0.6263435700196502,550.7317065968233
lbv,8246,670.266231019,0.6222286187471956,458.1201372931985
lbv,8247,638.841033954,0.5983019656474695,475.29045299455237
lbv,8248,605.892520405,0.6202176794952569,442.77251488180724
lbv,8249,501.938311263,0.6297574233330651,347.55868506338084
lbv,8250,343.364434659,0.6439858223415926,255.46635912726907
lbv,8251,357.582699359,0.6573537884716781,163.11356246050667
lbv,8252,329.54435219,0.6528464687371143,167.2762135823568
lbv,8253,357.955045954,0.6600466867142505,177.68247563979207
lbv,8254,364.956466309,0.6713840011877782,143.86322078330844
lbv,8255,361.459843985,0.6234781036547024,193.29210255940754
lbv,8256,405.836750103,0.5965725649867949,336.6357168160233
lbv,8257,567.862361849,0.6463409151850301,398.29235510732616
lbv,8258,714.861260362,0.6241203755973936,520.8247780594172
lbv,8259,704.703546512,0.5986685489356323,554.9056839886834
lbv,8260,549.134574239,0.6106969669755137,356.14960467768645
lbv,8261,486.565026522,0.6051452026365121,300.21703856225105
lbv,8262,610.092069024,0.5913380252378045,466.71600078507964
lbv,8263,341.632523307,0.5315965966877515,138.1419803394991
lbv,8264,538.361526784,0.6311904080997814,357.7123444501092
lbv,8265,461.264664453,0.5940068246601723,288.2518262975356
lbv,8266,606.641136488,0.5876539585925205,446.42628045175593
lbv,8267,399.000941252,0.5537803391703754,234.40053115545538
lbv,8268,438.175300422,0.5780361296756673,308.544627679563
lbv,8269,309.806608538,0.531467023432122,116.81031045352712
lbv,8270,454.366131834,0.5682288785816595,251.5705504473518
lbv,8271,360.110555771,0.5483719118673697,161.03655383540135
lbv,8272,260.007197632,0.47474896301549296,121.49328035840801
lbv,8273,313.204923128,0.48904720533599144,193.55653423234526
lbv,8274,393.916554537,0.5642448882495655,221.1326383104511
lbv,8275,349.030420334,0.5954228084610435,254.95323058483646
lbv,8276,434.925024467,0.6400343889086118,264.0585460887235
lbv,8277,539.254417149,0.6307334942705988,338.7222590128581
lbv,8278,423.291197898,0.5958714597713092,246.62652142094632
lbv,8279,430.082444581,0.6318910982035385,226.07503979252837
lbv,8280,398.23873608,0.6276299758288829,220.871597738827
lbv,8281,322.262563729,0.5725668170413033,63.47765353333717
lbv,8282,449.300065131,0.5877229613530874,143.3445438160616
lbv,8283,808.145761056,0.6706249117018404,558.5489960315181
lbv,8284,1309.28603184,0.6740775887623359,1047.6383546417835
lbv,8285,710.095559298,0.6795773303648184,444.8642618515912
lbv,8286,685.2169168,0.6818990312826138,407.142318276798
lbv,8287,675.077440051,0.5899683763162122,447.7273326499789
lbv,8288,669.252617269,0.5572203828189398,436.80160280115456
lbv,8289,489.081656189,0.5757428350780714,302.5622760249119
lbv,8290,645.997553892,0.5657438078076672,491.95676440070656
lbv,8291,778.046015375,0.5454755378037632,636.084161376953
lbv,8292,779.139089022,0.5534494606119629,688.8972892910826
lbv,8293,712.662308181,0.5654109464002692,598.3633497051164
lbv,8294,543.278864744,0.5887822559560816,383.47308271819475
lbv,8295,270.763680195,0.5896183346708617,62.43802185058594
lbv,8296,241.005786141,0.6466049321673134,11.447007960899203
lbv,8297,229.358114586,0.6342147340377172,106.14517256792854
lbv,8298,432.043388406,0.6533960858152973,187.3153535730698
lbv,8299,809.948527505,0.6000394343646032,680.3215811037551
lbv,8300,762.014600347,0.6172816800850893,591.3470440434475
lbv,8301,737.61082665,0.6271537358069238,477.136094456093
lbv,8302,768.545066698,0.592917663562629,599.412586257037
lbv,8303,628.973102261,0.6063205578363902,456.06380247228293
lbv,8304,605.862816014,0.5859288568936246,465.6898180494121
lbv,8305,620.974971174,0.5812235031244827,482.8606195487228
lbv,8306,585.983760302,0.5723537465822932,449.03956466375604
lbv,8307,568.923229295,0.5954586321140751,368.3895683138978
lbv,8308,533.95312713,0.5855365108034407,335.6092305501302
lbv,8309,474.367546449,0.5887479669197014,295.2840786503811
lbv,8310,612.294457669,0.5728022323467671,453.98327149035885
lbv,8311,580.002506482,0.582703170790487,461.2678463505763
lbv,8312,546.714756442,0.5553288066860812,464.9101307588465
lbv,8313,255.79224402,0.6246433261910389,120.71516762527766
lbv,8314,492.766916481,0.5765307288761653,328.06517758836935
lbv,8315,602.856703161,0.5648233530073763,454.50485851811425
lbv,8316,409.874495507,0.6070875100258666,229.20374609255325
lbv,8317,277.631267,0.5663526148507089,77.2683936623966
lbv,8318,411.749787418,0.5726330357286935,203.44795942119524
lbv,8319,324.102323378,0.5383099407324049,126.95995794558057
lbv,8320,286.964727808,0.5310116079681129,107.18764062021292
lbv,8321,252.482898346,0.6073846183373378,169.10685670142078
lbv,8322,273.361275856,0.5854713911408775,28.878311157226562
lbv,8323,277.782791039,0.5752344883405246,16.910752988329122
lbv,8324,282.426495639,0.48713267723719283,58.53731985653148
lbv,8325,270.510540409,0.5420800593164232,11.707487607469746
lbv,8326,271.953332186,0.4721834157501255,57.757026582605704
lbv,8327,272.114435711,0.4418839134821078,53.334303014418666
lbv,8328,268.717263017,0.5680875050038405,50.472485082289744
lbv,8329,265.877238109,0.5230152733932585,43.96839662439683
lbv,8330,267.173632022,0.5871454984320645,62.70054195628447
lbv,8331,280.46043139,0.48680206388235087,79.09133576037837
lbv,8332,281.981717978,0.48268150521649256,70.24576433967141
lbv,8333,273.472711269,0.5111012214767761,71.80690576889936
lbv,8334,281.54405427,0.5399659921009877,180.5580842261221
lbv,8335,273.78962223,0.5861916819176117,100.16572080125997
lbv,8336,299.946826229,0.5834639080011161,122.54059026381549
lbv,8337,298.259219445,0.6111118363807478,129.56540302949793
lbv,8338,285.06744402,0.5997074882375117,83.51519515093636
lbv,8339,290.355272908,0.5547820787389569,123.32156093821807
lbv,8340,283.176227315,0.6004724629589769,126.96419324687882
lbv,8341,269.698226234,0.5738440351395667,102.76827266917509
lbv,8342,260.792451229,0.5929781745127097,103.54892640955308
lbv,8343,285.805056752,0.6076186002382565,143.355639109892
lbv,8344,332.763395398,0.6884752710660298,113.95624578139362
lbv,8345,303.581971165,0.5867423947455952,189.66700268913718
lbv,8346,294.420293543,0.6088399324391292,144.13674038157743
lbv,8347,294.630607542,0.6157466506434454,154.02359649059818
lbv,8348,214.28027087,0.5789851708845659,40.06696753408394
lbv,8349,249.36156485,0.6470487677605353,55.67757625205844
lbv,8350,236.737309073,0.5053014413685883,103.28991100834865
lbv,8351,282.537884058,0.5700909176845508,117.33953115425857
lbv,8352,259.15876258,0.545316981463819,96.2654567045324
lbv,8353,276.671284561,0.5777806854451389,122.02323551551967
lbv,8354,291.54566318,0.6173220744200978,127.74731672698375
lbv,8355,341.636440993,0.6368925475359983,182.3850497376685
lbv,8356,458.784322106,0.617699457454108,302.8482307284486
lbv,8357,483.214564487,0.6249902653201633,308.57275312835094
lbv,8358,393.228137478,0.6095527452637948,224.53500369202854
lbv,8359,408.704092194,0.5953052827101691,188.11010086957148
lbv,8360,481.173075533,0.5546488653857183,258.35902144488165
lbv,8361,383.300587739,0.5530346714548058,161.57200481938378
lbv,8362,452.815583835,0.5247127043673531,252.89586352180035
lbv,8363,294.4970238,0.5457271444082771,121.50454424689795
lbv,8364,251.648993833,0.6253930558835653,34.6040948306813
lbv,8365,247.920154874,0.5589916437864305,62.4435869104722
lbv,8366,261.920569204,0.5628428575971971,90.28317159016927
lbv,8367,300.080374597,0.6182687864121464,149.86510835535387
lbv,8368,309.398301165,0.6548402649546984,141.79966257132736
lbv,8369,343.711618487,0.6711855862270628,152.72759662702973
lbv,8370,351.278529646,0.687682005644403,111.09847103941675
lbv,8371,306.190748537,0.659367028200244,89.24320810355391
lbv,8372,314.745856012,0.5996334686336747,107.97660573323569
lbv,8373,265.679533717,0.5049983969720606,61.663802741555614
lbv,8374,269.191662546,0.47139058988618654,62.70463603898591
lbv,8375,281.849914345,0.2560175061225891,13.789841595818016
lbv,8376,305.956476457,0.3778448387774454,56.46048960966222
lbv,8377,329.243486231,0.4461242592617965,120.46647823558133
lbv,8378,329.296392824,0.5355260158296582,178.74869648054533
lbv,8379,295.728439003,0.6008024375438692,162.61732246548522
lbv,8380,351.205524703,0.6581221356963483,158.45466595818016
lbv,8381,410.473068587,0.6458326529106523,243.5365678675034
lbv,8382,539.75352826,0.6477812843117361,531.5666603537167
lbv,8383,613.433024725,0.6823527097283504,444.66404966466564
lbv,8384,393.485362089,0.71080805588161,189.67840270996092
lbv,8385,524.572853316,0.6840449333285304,328.62026322308714
lbv,8386,577.726148449,0.6609618320408757,374.41433979109223
lbv,8387,420.226179074,0.6342101128964588,226.36621856689456
lbv,8388,409.30782399,0.6067839928971628,207.37248197069357
lbv,8389,418.137069782,0.569987490243881,241.7181194529814
lbv,8390,334.61741946,0.6182682699707138,129.57570989272173
lbv,8391,281.988628148,0.611079220709048,103.81683834300324
lbv,8392,422.659374393,0.5422197892735684,302.08383890787763
lbv,8393,411.721380017,0.6079017624382829,187.8593770345052
lbv,8394,446.178925222,0.5753547351273276,292.1975086586148
lbv,8395,363.06322058,0.561740156090552,190.98267852184821
lbv,8396,388.057902901,0.6096420640908339,183.95768043667658
lbv,8397,327.35812755,0.5468717340918483,174.5910150565353
lbv,8398,412.068388254,0.5800366588536658,290.8984228994332
lbv,8399,292.823512043,0.531511276182921,119.69004121668199
lbv,8400,247.92869792,0.6419115088678696,38.50894347546147
lbv,8401,291.673499759,0.56731212521727,115.52705374325024
lbv,8402,280.772312955,0.612954088480644,79.61998207241881
lbv,8403,215.263342671,0.3523892857707464,27.060532812978707
lbv,8404,245.113401031,0.3765213561469112,45.27431398279527
lbv,8405,227.606245594,0.3006043688247078,24.71876331404144
lbv,8406,212.499241017,0.4103149404264476,18.994384466433054
lbv,8407,222.859562292,0.4336902610836277,79.88040759516697
lbv,8408,230.821579411,0.44277793036893087,52.81991403617111
lbv,8409,219.696969223,0.4169271999654678,81.44150306851256
lbv,8410,221.823959711,0.4493236479371093,44.75374169443168
lbv,8411,245.990286451,0.47456592076445264,37.988568234911156
lbv,8412,245.441027291,0.5084080947332146,31.483638209922646
lbv,8413,251.482972252,0.5363466132900672,86.90506971770641
lbv,8414,255.71427416,0.5849317298995123,58.54373797248391
lbv,8415,265.088610566,0.632451858729997,62.186354124779804
lbv,8416,251.105137886,0.6388290203325281,56.982370593501074
lbv,8417,274.696903246,0.6380515807661516,90.54716473747703
lbv,8418,279.077308655,0.6420662534721007,102.51586366541247
lbv,8419,279.653143361,0.6060345624231284,116.8262502632889
lbv,8420,250.41413322,0.49013517942539486,55.94115660424326
lbv,8421,277.825582636,0.6140680427734668,77.79726134655523
lbv,8422,295.872779764,0.5673125088214874,35.906368659524354
lbv,8423,295.781561948,0.5530890899390751,70.51165912104588
lbv,8424,288.913113774,0.5517939822688983,81.69983352960325
lbv,8425,450.641556808,0.5702650427640107,174.06726555917777
lbv,8426,488.17680955,0.5474765678493189,293.7546538708257
lbv,8427,459.645960047,0.545269870797749,234.43136737299898
lbv,8428,318.5455628,0.41568909338000803,73.63411281810087
lbv,8429,272.037477024,0.36288464633804385,68.69069094190411
lbv,8430,248.738799757,0.3595817105252614,100.69434823428882
lbv,8431,247.070879418,0.34894133775040165,44.75311162612017
lbv,8432,240.485620526,0.37664674796400976,73.63448091394761
lbv,8433,250.337410617,0.3899250626564026,0.2601925120634191
lbv,8434,249.54637449,0.3508943021297455,1.3009648042566635
lbv,8435,255.204545537,0.3500399919266396,12.229069160012639
lbv,8436,248.852449855,0.3522934693556566,16.912542455336627
lbv,8437,254.799150654,0.3695227043784182,23.93775239832261
lbv,8438,261.485379568,0.38324703972835045,40.06971597110524
lbv,8439,254.327122146,0.3816856703697107,30.442576419605928
lbv,8440,252.678428899,0.43959346281483846,52.819125725241264
lbv,8441,243.338505958,0.4713915154491503,126.19340739530675
lbv,8442,243.424823155,0.5540719475410434,109.02067736457377
lbv,8443,243.293748591,0.6196863231610279,101.99546472886028
lbv,8444,315.475843733,0.6058995657231769,227.4080930822036
lbv,8445,374.107307375,0.6324600540855314,244.32060412238621
lbv,8446,367.382547877,0.6248452886034119,257.0697424795113
lbv,8447,394.187496389,0.6138374823160835,253.94733710195507
lbv,8448,226.651790334,0.5822864438806261,72.85358802945007
lbv,8449,266.820272523,0.5427234261985717,160.0177930644914
lbv,8450,232.197396077,0.5274026902988403,129.31509333591833
lbv,8451,221.579934083,0.5485953900278832,63.74687000349456
lbv,8452,223.374116794,0.6250801759821769,34.08509757846009
lbv,8453,228.469980429,0.5908732384783234,68.43038674148859
lbv,8454,246.962161383,0.5642332057291496,116.30567516252108
lbv,8455,259.548180047,0.6078991386444057,56.98204330743528
lbv,8456,244.673186076,0.5937211182382371,86.64395707074334
lbv,8457,235.040649818,0.5392386228777468,66.60920006247129
lbv,8458,332.679854364,0.4744382872816434,161.0587952856924
lbv,8459,315.818972991,0.4551798735756472,107.9795374851601
lbv,8460,244.492287807,0.567262098477387,95.4908193251666
lbv,8461,249.801113803,0.5980621387499461,83.78221238080192
lbv,8462,255.483079942,0.6146428135095858,106.15892166436888
lbv,8463,268.118970763,0.6617317381112471,83.78241960114124
lbv,8464,326.105089722,0.6356206271202797,190.7222359451593
lbv,8465,336.616531362,0.6578554992492383,162.36128118178422
lbv,8466,306.64839556,0.6473389160718848,144.6681447945389
lbv,8467,307.486350398,0.6611129827797413,120.73040580001533
lbv,8468,239.785276263,0.59733769274616,101.21578877766926
lbv,8469,252.64613034,0.6153391531450831,104.59844126981847
lbv,8470,259.160260399,0.5591144263744354,90.54795738669002
lbv,8471,263.154029024,0.5784904395244016,139.46487570369942
lbv,8472,259.082625386,0.5845709005646085,149.61267359116496
lbv,8473,237.913698147,0.6560667634286904,112.14469266405294
lbv,8474,262.566821936,0.5608429031757017,99.91546182071463
lbv,8475,243.974014628,0.6469947099685669,9.627291211894915
lbv,8476,242.087664055,0.46898152298529155,130.87923057406556
lbv,8477,226.088095877,0.5493385115090538,44.23359665216184
lbv,8478,248.299890297,0.534064977023846,40.590892357919735
lbv,8479,241.828401585,0.44936339040437057,64.52923272824755
lbv,8480,231.340548348,0.4794028477512136,35.647246775907625
lbv,8481,233.244432513,0.4592237743107896,39.55029691808364
lbv,8482,238.579250986,0.45126658249524687,39.810568626254216
lbv,8483,244.929085668,0.5477795830139747,6.76521800920075
lbv,8484,235.851724608,0.5540239578586513,46.05553687600529
lbv,8485,240.727017088,0.5474296603927907,50.47906203924441
lbv,8486,246.722667715,0.5464643788124834,87.42776166130514
lbv,8487,268.081375252,0.5812018597662566,132.96332304711436
lbv,8488,282.829655899,0.6133282911532675,164.7082939596737
lbv,8489,272.647236915,0.6651233792019119,108.50468687169692
lbv,8490,337.014980417,0.6288096343261609,179.5404577816234
lbv,8491,348.724507998,0.6613292015704912,126.19893023920993
lbv,8492,349.397031047,0.5919876172961646,219.09203111237173
lbv,8493,418.32065268,0.6443918970447998,281.02115741804533
lbv,8494,478.397623428,0.6308717282276742,328.8993958417107
lbv,8495,521.436000597,0.6130677376636534,410.60442747228285
lbv,8496,455.613584724,0.6677622858737755,265.6704338522518
lbv,8497,334.241260978,0.6599387316142812,159.246271350337
lbv,8498,483.630225847,0.682867910126881,287.78869287827433
lbv,8499,500.912449486,0.6621934966305011,316.9324062571806
lbv,8500,501.035278484,0.6503240606313486,360.64777284509995
lbv,8501,409.094244163,0.6405612412506038,269.835620805329
lbv,8502,270.766526294,0.6467017871018679,113.71102650960286
lbv,8503,328.85936597,0.6671770539893923,164.7120256012561
lbv,8504,310.579712501,0.6435273369976894,150.6610864078297
lbv,8505,343.179393536,0.5955543666143192,207.38699092491004
lbv,8506,334.046500834,0.5897164737026726,237.05131847905173
lbv,8507,334.936686354,0.5489388685856446,264.89421057607615
lbv,8508,338.845864549,0.5523006530352009,268.0171755622415
lbv,8509,330.258709678,0.529814156478849,256.5683099185719
lbv,8510,200.297845895,0.4818348264664375,207.9091506060432
lbv,8511,267.920523888,0.5622781265791007,132.18762000588808
lbv,8512,261.771101522,0.5633378606989867,103.82469323850145
lbv,8513,242.082422322,0.5159712515955679,73.64019284715837
lbv,8514,267.256843962,0.5874431000901507,100.18203738343482
lbv,8515,264.050134551,0.5415594395957416,102.78433691286573
lbv,8516,227.879308599,0.49513163087946005,85.87060816147748
lbv,8517,244.340924756,0.52241829940767,103.04479091868681
lbv,8518,202.809204976,0.4402701115856568,12.49031213498583
lbv,8519,225.854262804,0.6509960176437858,33.04723091873468
lbv,8520,268.471891258,0.5630263742119748,80.40634101418888
lbv,8521,198.217350923,0.26933248211508215,59.84961218740426
lbv,8522,214.993046019,0.4273760563433882,109.03033773384843
lbv,8523,216.17409391,0.4566618281441766,96.27981986251532
lbv,8524,215.84334585,0.29485996534034464,85.61094854018268
lbv,8525,438.586764489,0.25334514337142716,358.8378098730948
lbv,8526,296.526262135,0.26334947660663194,118.91848895503026
lbv,8527,300.039738833,0.28874789646693644,127.50542010139017
lbv,8528,408.131857699,0.30277644667936415,239.39759617225795
lbv,8529,270.150293803,0.4001123205249346,119.43820675120634
lbv,8530,218.364469201,0.47632119048231,68.43613341088388
lbv,8531,208.499806566,0.5154087820339723,47.618969696643305
lbv,8532,210.955807062,0.53277409608875,87.4313856237075
lbv,8533,234.045893085,0.5282439558876487,103.82460704130285
lbv,8534,246.161664281,0.5823480276775111,99.66101810230927
lbv,8535,238.014246882,0.5839628392947469,107.72738701315488
lbv,8536,219.774191475,0.5631218709728935,85.86950545965456
lbv,8537,185.173760482,0.5299143767143044,58.026886674469594
lbv,8538,189.766194903,0.5473002216954161,35.90893743178424
lbv,8539,208.379500512,0.5975445253508431,14.571739226696536
lbv,8540,205.242237311,0.5870571712784419,39.29156482172947
lbv,8541,214.219277556,0.566501952536095,56.4653133616728
lbv,8542,215.627938518,0.5375509317274447,70.25627405503216
lbv,8543,220.281837829,0.6036711041607074,17.433938269521676
lbv,8544,215.974860263,0.5992585605099088,32.78617993523093
lbv,8545,215.625258682,0.5725612421648217,56.725191602519914
lbv,8546,227.9473576,0.5842120191272424,76.50085877063228
lbv,8547,231.114114435,0.6287923388266832,92.63357244753371
lbv,8548,224.306941776,0.5507537584161498,95.23548488242953
lbv,8549,209.691814998,0.5736327804805,53.86267412971048
lbv,8550,237.217191689,0.5446053998810905,94.71490406709559
lbv,8551,235.596581598,0.579377464764483,73.11777972053079
lbv,8552,239.817752549,0.5196445960890164,114.49030887379367
lbv,8553,235.658771436,0.5210495442760235,63.75028812184054
lbv,8554,236.929594607,0.5165765830738979,22.89800211588542
lbv,8555,232.039663291,0.48962503517051936,90.29089152018229
lbv,8556,241.367927953,0.4622057372922296,115.53078697054993
lbv,8557,236.136412566,0.4564497074798534,98.87765861960017
lbv,8558,232.031065432,0.507494181956885,55.16332433363971
lbv,8559,226.299326596,0.4848839671715447,29.923443064970126
lbv,8560,217.777286974,0.4890463148538596,83.00498429840685
lbv,8561,227.181255571,0.5218033040723493,32.26527365890204
lbv,8562,218.510481094,0.5084191560745239,93.6732079001034
lbv,8563,225.639915494,0.5472161252247659,49.43865218817019
lbv,8564,212.993214989,0.4797799030273425,85.34659124636183
lbv,8565,221.361286291,0.537389008095488,66.61196384803921
lbv,8566,220.914807148,0.5525595840112663,21.07643450568704
lbv,8567,228.089646338,0.5604327917098999,67.13225402832032
lbv,8568,226.005807605,0.6122344584947222,46.31596793380438
lbv,8569,227.950488371,0.6287581895218521,79.36152708764169
lbv,8570,236.911203829,0.6050857072589041,90.55005214915556
lbv,8571,242.079983746,0.6062474160157527,100.95798764696308
lbv,8572,278.012550148,0.6290806559791341,133.48293681425207
lbv,8573,286.694081588,0.6443412206389687,128.79913105684167
lbv,8574,252.168879773,0.6574385433011392,106.94213232900583
lbv,8575,226.192092236,0.5918589956648723,127.75794013528262
lbv,8576,247.852996356,0.6325855102944882,110.06432216868681
lbv,8577,210.64465128,0.5641055744293049,115.00794525146485
lbv,8578,215.008637009,0.6159357713696398,84.30443671731389
lbv,8579,216.253877313,0.6420995403064911,59.585544631060436
lbv,8580,220.181701612,0.6645060394749497,42.93281600054573
lbv,8581,216.995334197,0.667607620358467,35.38704609590418
lbv,8582,217.434620948,0.6550345692078425,136.0838457892923
lbv,8583,215.745490269,0.6643338070089001,136.08384578929227
lbv,8584,224.167644817,0.6527283987507198,141.28782393511602
lbv,8585,231.303816403,0.6482083897841604,148.31319382611443
lbv,8586,221.580078391,0.6489411776586604,152.47637239343982
lbv,8587,239.044648596,0.664901354237099,180.057458226821
lbv,8588,244.027044143,0.6465129836053874,190.9858060051413
lbv,8589,272.867613081,0.649630953046612,207.6385700899012
lbv,8590,291.586626358,0.6834660082152397,128.79849332921646
lbv,8591,319.954701059,0.6866975675362187,154.03785158045153
lbv,8592,348.117356133,0.6843109252919709,174.07327611586626
lbv,8593,415.630125978,0.6861001484557591,235.220162784352
lbv,8594,364.54386742,0.6903268985400927,196.45047149658203
lbv,8595,327.702132233,0.6821581226298612,182.659931826124
lbv,8596,276.504148474,0.6431584505240122,156.11949026070388
lbv,8597,278.536687855,0.641014515570807,138.68624976663028
lbv,8598,260.91211903,0.6285123948599971,129.31905565448835
lbv,8599,280.13456104,0.6217144175081064,157.16051734475528
lbv,8600,260.677483291,0.5832795513347839,147.79336308498011
lbv,8601,205.805757309,0.5408786408381887,105.12073759191178
lbv,8602,253.947959581,0.6146311626592036,133.74286822150734
lbv,8603,240.421830161,0.536386625065824,121.25331654268153
lbv,8604,230.798257121,0.5358657560728748,120.73313209683288
lbv,8605,234.581271254,0.6056692043668059,113.96807924158433
lbv,8606,245.892381455,0.6123589358635639,158.20242073208678
lbv,8607,264.050245124,0.6247132036050395,176.67698663449752
lbv,8608,270.162074491,0.6516129047966298,168.6109848321653
lbv,8609,297.468929203,0.6755752777337704,190.72846404430913
lbv,8610,292.30068743,0.6905991100992253,159.24414995978861
lbv,8611,264.616453959,0.6503667700991912,110.58642877316942
lbv,8612,257.559170264,0.4488599253169606,231.58107877245135
lbv,8613,283.294478595,0.46440940272741604,279.9793531530044
lbv,8614,312.345747499,0.48994040456744165,143.37254698510264
lbv,8615,348.949735366,0.5081058685391093,81.44412985409008
lbv,8616,380.62889093,0.49625625384551236,93.41368794160731
lbv,8617,419.43878155,0.5638977407363424,74.15864562988281
lbv,8618,489.127360387,0.5052993978917903,152.74099800259458
lbv,8619,587.673869926,0.5139821284015974,312.2478716681985
lbv,8620,790.187169405,0.529607879130968,582.863696528416
lbv,8621,909.487133998,0.5177080274871816,710.8867346071729
lbv,8622,951.941703295,0.5136443143149457,755.9039507099226
lbv,8623,982.292314909,0.43772015690763066,766.5737210442038
lbv,8624,984.826506461,0.48505358930144993,786.87142459645
lbv,8625,979.854289549,0.4956024861130499,770.7398049448051
lbv,8626,992.277865355,0.5057215439912166,781.669921396293
lbv,8627,975.526360037,0.5009770453155017,693.9804112752277
lbv,8628,904.208089134,0.43509945075851036,592.7600500368604
lbv,8629,985.159298269,0.4299056526532172,738.2196993958715
lbv,8630,966.092572129,0.5260983795219117,691.6419781254787
lbv,8631,909.056039209,0.506115287160262,629.192470595416
lbv,8632,1088.52129152,0.3948124181312269,812.9058289770986
lbv,8633,995.614806171,0.3981795669084918,835.0251414878696
lbv,8634,926.11606276,0.4780629837584354,695.2888681449141
lbv,8635,868.40869468,0.4915253122505126,725.7348582548254
lbv,8636,1170.28258488,0.3951379095198791,990.376749973671
lbv,8637,965.595651848,0.39170601525698406,785.5875771915213
lbv,8638,886.631778195,0.4678549079481676,685.9227935192631
lbv,8639,1093.2108843,0.3431601856372006,830.3447563021792
lbv,8640,959.260157972,0.3827771677695584,703.0979987649357
lbv,8641,955.40489196,0.47864895386724016,660.9404666077857
lbv,8642,988.422022856,0.45113558935798664,755.1378561580881
lbv,8643,1011.68001859,0.4300813999748513,790.0061867209042
lbv,8644,965.768320385,0.48273830690179104,708.8168015124751
lbv,8645,914.612070168,0.45366255482406825,644.5435981600893
lbv,8646,941.624024893,0.45052483510066427,637.7770287906421
lbv,8647,990.192929345,0.3943628996503544,796.5060186049516
lbv,8648,958.92741518,0.4098414784414216,734.0530155555875
lbv,8649,949.1533887,0.4261564998600199,725.464607478123
lbv,8650,985.41955605,0.4133813209868659,787.1330491309074
lbv,8651,1000.19823861,0.4204603472167781,816.5357298308728
lbv,8652,903.183325308,0.42493390617736715,545.6568562227137
lbv,8653,1193.58221098,0.436978486058901,932.5834387984934
lbv,8654,895.31588934,0.463665280412169,650.7780301262349
lbv,8655,948.231270442,0.48226098783422366,681.2225350772633
lbv,8656,921.214314514,0.5001800560274307,705.6805956073836
lbv,8657,997.32037997,0.4818962888418603,755.1169162226659
lbv,8658,1041.47256667,0.47616800141471405,770.4670909208412
lbv,8659,794.818160556,0.5219626601439592,540.9672205906289
lbv,8660,1209.97244402,0.574430196285892,963.2760343963025
lbv,8661,951.364028764,0.6339853412580452,655.1942381914922
lbv,8662,774.770133343,0.5730121178306432,553.4571221145928
lbv,8663,1090.66730055,0.5669042849014233,824.8494526582606
lbv,8664,937.935692271,0.5060819502043211,700.9943048813764
lbv,8665,937.075135069,0.4922605330311938,700.7366673189052
lbv,8666,987.512631042,0.47135639385460243,756.4220633114087
lbv,8667,988.528443576,0.4751558946748957,742.892283331179
lbv,8668,944.582255771,0.4744516088339012,699.4387058332853
lbv,8669,929.938864574,0.4665332579143764,615.1321960150026
lbv,8670,976.170326559,0.4706536714521365,695.5372470032936
lbv,8671,967.350146978,0.46524458290627296,754.0854212143842
lbv,8672,910.727788029,0.47153859681611854,647.6607820398668
lbv,8673,866.792245747,0.484161548224412,568.5577321071253
lbv,8674,1103.79636042,0.5998326829981132,868.5788593666226
lbv,8675,881.342423743,0.533558107661592,672.1231122783586
lbv,8676,946.068263894,0.48977864861282466,753.3103773827647
lbv,8677,959.011861521,0.4784981544300936,729.6324199003333
lbv,8678,919.895120068,0.47346138980891145,638.2994220509248
lbv,8679,922.083308057,0.46188880647071684,644.0252883013557
lbv,8680,1080.81235184,0.4370990011469728,809.26277477788
lbv,8681,926.111831111,0.48856523381002653,655.4771678251378
lbv,8682,944.381313892,0.47712373003809544,669.5304879581226
lbv,8683,1034.37196697,0.4592085669296404,803.0229321648092
lbv,8684,917.761913316,0.4536028540920577,674.7353839949064
lbv,8685,849.590136885,0.44590682913573776,641.9509892482384
lbv,8686,938.75387987,0.41899749172358897,689.8323308907301
lbv,8687,799.156725621,0.38897758332316673,560.763216714298
lbv,8688,823.923613328,0.399837507212096,516.00655188467
lbv,8689,765.747910078,0.4649611952142757,593.2924176384421
lbv,8690,753.119547842,0.49076564270312306,513.6653811585669
lbv,8691,818.327132106,0.5127321688028482,686.7072507072897
lbv,8692,824.155442525,0.5359714518265574,639.6080207076726
lbv,8693,754.80003964,0.5483808900230505,556.338630436916
lbv,8694,775.4437838,0.4578141490040652,527.9714569390989
lbv,8695,893.256474116,0.42510731136927044,604.9953367046281
lbv,8696,929.01759621,0.48979986551030846,606.8200325760187
lbv,8697,907.050375869,0.4886411632203341,642.4699971816118
lbv,8698,972.189518252,0.4781296888005145,684.3646773394416
lbv,8699,1001.5970244,0.4664700172183046,674.2152796128217
lbv,8700,986.566213299,0.475060637637335,668.752209592333
lbv,8701,930.032794762,0.47957109372510176,675.2582909378351
lbv,8702,923.557820668,0.4724047237509889,708.566090931612
lbv,8703,976.041629114,0.4695807272057643,651.0591443828507
lbv,8704,999.934718995,0.4935661263140765,715.5940843469956
lbv,8705,967.445556362,0.48334556651455596,656.5246980255725
lbv,8706,959.330261687,0.48593854832312533,755.4069584266814
lbv,8707,993.283928204,0.5040435218347467,776.2249325322168
lbv,8708,995.853504652,0.5056266158897937,787.9350738525393
lbv,8709,971.560326322,0.5057339669481964,641.9542811674228
lbv,8710,955.422912166,0.4808414702603612,613.3300131405101
lbv,8711,888.762466653,0.35819706682757424,404.8956510955212
lbv,8712,870.646174173,0.5024663119201724,629.205018825157
lbv,8713,853.840550137,0.4964855696122671,631.0271662992591
lbv,8714,859.534007538,0.4863389540402038,660.4325143253102
lbv,8715,864.09467478,0.4747181130828253,680.2098394356522
lbv,8716,854.056323522,0.45772635931190736,629.2075935513365
lbv,8717,885.762770385,0.4610543354015052,646.9033913107479
lbv,8718,822.419820913,0.4691532775506706,613.0757499844419
lbv,8719,788.487194011,0.5210261860756482,558.430909429812
lbv,8720,649.231425424,0.4936746969635104,400.47783798516963
lbv,8721,696.103596382,0.5570038806622342,509.7713362450694
lbv,8722,642.317479205,0.5781595291739924,461.6313838883943
lbv,8723,568.564936035,0.6235435669453328,378.1012026618509
lbv,8724,458.767035085,0.6324168807575743,267.24735056559246
lbv,8725,622.953024992,0.5220326221781998,528.2496188593844
lbv,8726,596.709161032,0.6048986906116292,383.8275887283625
lbv,8727,466.291582751,0.6184633069304357,326.5791187660367
lbv,8728,312.795776545,0.44773606410328776,110.854774834128
lbv,8729,657.737641368,0.5457549732788904,449.4048817653282
lbv,8730,691.8271001,0.5728611138354547,421.8219875859279
lbv,8731,629.029046958,0.6250538870152594,352.0828151029699
lbv,8732,590.771975231,0.6359140648997041,351.8232042200426
lbv,8733,549.24433858,0.596735916604837,281.5630629595588
lbv,8734,591.04969094,0.6274067846076617,376.28538611916935
lbv,8735,565.919075219,0.6363285543448335,340.37496565276507
lbv,8736,544.822027822,0.627533022509135,328.4051444259345
lbv,8737,355.978078844,0.5001963959897265,159.25857418284696
lbv,8738,830.163342363,0.5223214533032106,622.7227711995441
lbv,8739,558.944160851,0.4204754347779921,349.74626025031597
lbv,8740,515.2479472,0.5528618660929725,299.00106479420384
lbv,8741,622.13752612,0.5633114236790392,369.7830454508463
lbv,8742,398.053833784,0.39310947911788346,189.96675223556224
lbv,8743,537.36583524,0.4558264270044869,377.59096180036954
lbv,8744,620.635026559,0.5468322694654912,373.16687622070316
lbv,8745,615.396517606,0.4056235994635659,412.2026619107116
lbv,8746,407.608626023,0.29262158530992227,186.06415124033012
lbv,8747,561.049087222,0.5493454276780428,327.1066090004117
lbv,8748,579.895993916,0.5650614360883001,303.1655773088044
lbv,8749,294.164311195,0.5314517865055486,49.44339318368949
lbv,8750,455.546997936,0.5608867051978202,191.0074010213216
lbv,8751,661.223812192,0.5766775658010772,279.4845374911439
lbv,8752,732.914984365,0.5745227139042556,307.3287491143919
lbv,8753,826.071103882,0.49157909604058064,436.66249982048475
lbv,8754,784.00317974,0.45561612636754,472.3140005672679
lbv,8755,710.462441448,0.39182881376664846,458.52277721330233
lbv,8756,674.916398538,0.4265353845922571,444.99048339245365
lbv,8757,699.913114767,0.49207001088454083,466.5880000095741
lbv,8758,667.268049204,0.5011456778452957,439.00372574750116
lbv,8759,583.029474552,0.4748282326251655,460.3430151546701
lbv,8760,752.517200818,0.5411513139686221,547.7783618104223
lbv,8761,837.464348559,0.5157485350552695,665.4009368597293
lbv,8762,918.646440328,0.4876680774727332,707.0366424560546
lbv,8763,954.644140924,0.4886880734756949,763.2461214551739
lbv,8764,938.792156881,0.4931842936882442,809.5643734501857
lbv,8765,846.957472772,0.5127320242492663,714.3201179055607
lbv,8766,684.012620752,0.5291999728196768,492.085678579293
lbv,8767,1391.72837562,0.5389566266046741,1190.2640780280622
lbv,8768,821.550384317,0.5342312140214307,663.8311548270433
lbv,8769,847.437393174,0.5376970291792694,592.0107033224667
lbv,8770,1013.67037613,0.4873023959449852,757.7729696535596
lbv,8771,933.78265433,0.5009903181157741,727.5905049342737
lbv,8772,943.906804858,0.49091466686457236,790.565901034486
lbv,8773,874.634150461,0.48781973311460647,647.9606250239353
lbv,8774,967.480332478,0.48231391639525734,830.6405984018362
lbv,8775,926.273472503,0.4851505014398241,768.4488339293239
lbv,8776,919.954970088,0.46072235228230085,698.4488482606175
lbv,8777,904.774388846,0.4083599178100438,724.9912947710824
lbv,8778,975.063704341,0.36564967481687555,753.8769773595473
lbv,8779,752.874865653,0.4257881909363554,632.3538893157358
lbv,8780,741.218115359,0.4405778900340751,541.0149010452569
lbv,8781,696.479392283,0.42048625017246244,480.1223736931296
lbv,8782,478.531873694,0.4138885516061496,267.7759603762159
lbv,8783,388.624895667,0.42537802573386335,187.88580896714157
lbv,8784,316.533428423,0.4541453535932192,155.35734010584213
lbv,8785,356.845223182,0.46751014837382004,167.58839892219092
lbv,8786,432.290554803,0.4557387515304702,175.13545191147747
lbv,8787,347.659850515,0.489790887368915,127.77366431741153
lbv,8788,332.588926694,0.49275390367610983,132.45805161420037
lbv,8789,335.528308092,0.49551160936154615,135.84130886302276
lbv,8790,327.788799532,0.4748694198588802,132.9789691102271
lbv,8791,223.800644248,0.419136126782443,48.143150030397905
lbv,8792,328.022426096,0.4354502112041285,105.39456131879022
lbv,8793,308.820126807,0.46255247392168863,99.66968676997166
lbv,8794,746.900059653,0.3702457669499049,395.0368372300091
lbv,8795,419.818020357,0.46395910258224493,198.81977551030178
lbv,8796,437.068596246,0.4922240246787556,276.8906808591356
lbv,8797,461.121015886,0.5047895558751546,297.7099842146331
lbv,8798,569.661381303,0.509595160659704,443.96338512944243
lbv,8799,565.176499937,0.5342579428020936,396.3407548792222
lbv,8800,596.530466161,0.569746682860952,444.4851847031538
lbv,8801,537.492262488,0.6041484425501871,353.14217948165594
lbv,8802,372.683664177,0.6220279331319035,166.5520013248219
lbv,8803,265.635336157,0.5407455633668338,84.05673119040097
lbv,8804,432.777838163,0.5573580441631879,292.5073486328125
lbv,8805,292.752001554,0.4966521801555925,109.03983303892845
lbv,8806,354.140463163,0.5341777866017329,189.97415343639898
lbv,8807,490.92200362,0.583921130801226,266.224344440535
lbv,8808,552.763469724,0.5186075604440016,402.33093650668275
lbv,8809,671.066334073,0.5185861329340856,550.9284191355986
lbv,8810,852.948220507,0.5379907489474591,714.0985792571424
lbv,8811,750.17319361,0.5216742842259566,549.1056215772443
lbv,8812,375.851280304,0.44002642824843113,154.06169610116999
lbv,8813,302.626749392,0.534922620263905,137.14685330858418
lbv,8814,537.998651381,0.5252463870618972,339.354530394311
lbv,8815,738.235061972,0.36855530775561723,464.530361848719
lbv,8816,755.573934065,0.409371576704722,560.0401324702243
lbv,8817,584.534122509,0.4533000167194444,377.0908753338982
lbv,8818,579.008165995,0.44930120419346253,380.2144535737879
lbv,8819,458.211695936,0.3897386992714186,271.6937665153953
lbv,8820,276.497278098,0.4510412032371746,114.76736755371093
lbv,8821,456.300863298,0.49586974548792073,272.21471171659584
lbv,8822,473.271905504,0.5093694321238078,270.6536764705882
lbv,8823,370.673416987,0.5124295838364404,207.15445607503253
lbv,8824,277.402041479,0.5491094891339132,56.993538830327054
lbv,8825,358.274041937,0.4450612312667171,194.14274315927543
lbv,8826,173.377617345,0.24508097915366142,26.284863879633882
lbv,8827,256.99753432,0.30125857641299575,67.14343378403608
lbv,8828,300.673158766,0.4312601202340782,96.5509822770661
lbv,8829,290.163216719,0.25413585943347633,68.18457623650048
lbv,8830,595.987709795,0.37003265173990324,310.7330999935375
lbv,8831,702.399552396,0.33109800672409273,458.2925304338044
lbv,8832,776.64893189,0.3926908100431136,574.8817553052716
lbv,8833,476.715358969,0.45387415345325033,279.7629229078106
lbv,8834,529.734407029,0.44394657481268673,376.5732528985715
lbv,8835,543.708270305,0.4743701489246121,312.0322410134708
lbv,8836,409.622356859,0.48659830735521703,148.078429367963
lbv,8837,416.803361907,0.501924210070261,190.49771435307525
lbv,8838,429.086638491,0.5215851401362598,229.273511131137
lbv,8839,399.687592847,0.5282295359463631,246.70931028478287
lbv,8840,362.22725088,0.5272551467003848,148.07740346871168
lbv,8841,341.73459247,0.5286172756748477,142.61208831188728
lbv,8842,501.071954171,0.4906905368604313,336.49123364616844
lbv,8843,389.999008268,0.5020998470830601,196.4814931832108
lbv,8844,375.614556732,0.5217797843445289,158.22577637317133
lbv,8845,384.404975793,0.5541543912870688,183.72903113271676
lbv,8846,414.57163649,0.5530319277226455,198.30210158404182
lbv,8847,411.695641291,0.5630886119969553,246.185680733475
lbv,8848,445.378037826,0.5274467019630329,291.46673895143994
lbv,8849,439.955770244,0.5463101798295976,221.20218972598803
lbv,8850,436.023732081,0.5704910170798209,252.17010605755974
lbv,8851,507.924623158,0.5676773059617888,322.95430199118226
lbv,8852,523.936729516,0.5713221910832957,366.41328026266655
lbv,8853,564.088598291,0.5527359852427038,397.38088531494145
lbv,8854,584.117839216,0.5466394732896175,423.66415273628985
lbv,8855,407.111736647,0.5666181816781691,245.4020735497568
lbv,8856,318.484919898,0.5898886494433165,143.38955862007887
lbv,8857,596.026161849,0.5689661323055311,432.2508158365886
lbv,8858,527.93438036,0.5737719446815401,392.95474623137824
lbv,8859,243.185025959,0.6498144937452869,55.69017214307598
lbv,8860,537.323372617,0.5508530079380148,347.15329936906403
lbv,8861,566.014462309,0.5411819131234112,442.39894986620146
lbv,8862,529.75299063,0.5463183095793152,372.6558987486596
lbv,8863,247.53358194,0.6045330202579497,65.05850351371018
lbv,8864,466.731492175,0.5440228071132804,294.84568128398826
lbv,8865,545.16044536,0.5259560494654878,403.88409118652345
lbv,8866,539.0910556,0.525732304598323,410.1297467100854
lbv,8867,457.66103405,0.526902896899531,272.7259625603171
lbv,8868,245.004063199,0.5781779024673968,51.005948474360444
lbv,8869,511.341553127,0.5180137317228714,374.21778103697534
lbv,8870,570.803380823,0.504087871792489,485.33848033231845
lbv,8871,340.537133686,0.5347626131787822,209.22901970358458
lbv,8872,288.916217962,0.5656015109983298,95.2461037130917
lbv,8873,526.194257385,0.5011711595491745,302.13372407801006
lbv,8874,306.420786322,0.5486047348104806,64.7987683464499
lbv,8875,342.420399314,0.4948716165449703,170.97525419347426
lbv,8876,464.765725793,0.45561742355955553,249.0463538973939
lbv,8877,309.584635727,0.41060203436808207,189.19257992015164
lbv,8878,479.316780052,0.45198048060213725,276.8924032772289
lbv,8879,313.263132007,0.49733857359134304,188.15218332328047
lbv,8880,353.273607039,0.5221845366488158,231.35201006122668
lbv,8881,474.664817377,0.495219669761633,302.39780455944583
lbv,8882,650.7695573,0.48935625847204983,510.59006000593604
lbv,8883,602.64378999,0.5167059826499151,405.7141041175992
lbv,8884,623.828239736,0.5192155220593271,388.2785309436275
lbv,8885,624.338355371,0.5249172391833673,440.06670137293196
lbv,8886,626.163915011,0.543159989242621,442.6696217854818
lbv,8887,597.221507221,0.5704756597724315,445.27232501460054
lbv,8888,561.357265689,0.5761351598488106,378.9112778009153
lbv,8889,321.040075665,0.5972827334687641,161.86996062035655
lbv,8890,211.617335096,0.4909992237791631,54.91084274591184
lbv,8891,493.496915548,0.5504749926750535,320.6176409852271
lbv,8892,439.258150126,0.5577918611587892,224.3285926968444
lbv,8893,517.145654256,0.5453287293384602,260.5025702383004
lbv,8894,335.222005355,0.5452979547102997,83.01737434536804
lbv,8895,460.376309041,0.5329979858066461,205.59175229540062
lbv,8896,595.191168664,0.5264720807233491,345.6029011445887
lbv,8897,592.507461021,0.509716523248096,346.90469153909123
lbv,8898,411.761108862,0.5352740567971449,158.74881893980734
lbv,8899,491.585328321,0.4870650730614733,282.1049783744064
lbv,8900,509.486011146,0.431993261897279,283.14658203125
lbv,8901,386.612700089,0.5034526906203993,107.48133443196613
lbv,8902,383.390832171,0.4789336714420262,174.10450601016774
lbv,8903,388.642510748,0.46748596859120184,218.60695154526653
lbv,8904,457.098491157,0.4871694744249658,251.65863470937694
lbv,8905,571.038973165,0.5018277568258372,345.34816272212004
lbv,8906,506.480016344,0.5144895533816173,270.65773309445854
lbv,8907,505.860623403,0.5285321097919617,304.75073014801626
lbv,8908,606.130552826,0.5257519428516148,391.67436472574883
lbv,8909,617.259661408,0.5067353042949808,449.1901523964077
lbv,8910,648.540984012,0.4876233664752972,485.10534982120294
lbv,8911,519.947515863,0.37817305179753863,319.84729766845703
lbv,8912,487.622428087,0.49075708948143626,285.75482850916245
lbv,8913,604.127662356,0.5350513912627263,422.64684609805835
lbv,8914,519.866680236,0.5369298713479007,321.9303826126398
lbv,8915,517.328861782,0.5474565679255716,291.2211420096603
lbv,8916,519.234671465,0.538629502584087,339.1079311894435
lbv,8917,254.891475994,0.545319153439431,87.44471085492303
lbv,8918,418.245480413,0.5290051405615313,195.70961740531175
lbv,8919,248.749772358,0.40169575339869457,84.06168006448185
lbv,8920,335.316654513,0.47171548022193727,116.85344375909544
lbv,8921,405.966501603,0.5281719473415407,150.94636430927352
lbv,8922,193.538566143,0.23511356115341187,2.6025396608838847
lbv,8923,399.550318378,0.45375800928321935,184.25892764820773
lbv,8924,261.850497184,0.3284280055422124,96.03346883736404
lbv,8925,429.935616703,0.4058988862644041,225.11834031647328
lbv,8926,616.146967055,0.4275261265039443,383.8720118503945
lbv,8927,468.343101678,0.37489217576611955,259.211673302744
lbv,8928,625.744752311,0.40709442568180687,480.16424470789286
lbv,8929,716.98491215,0.4443772037918246,548.609696481742
lbv,8930,750.765383464,0.4875816720247868,726.3596693749523
lbv,8931,689.459763188,0.49395725143452485,499.6806070664349
lbv,8932,561.869493847,0.5068882525047522,386.21127768123847
lbv,8933,490.167610671,0.5264202816638849,301.1089661542107
lbv,8934,254.268664426,0.6001644027897339,88.74501241048176
lbv,8935,294.400473904,0.5789216898460691,147.3009988223805
lbv,8936,385.258112596,0.5433662048797893,244.37371724446618
lbv,8937,271.416309371,0.5869774413530273,103.05842707016889
lbv,8938,182.334242435,0.5692657173270046,52.57010809206495
lbv,8939,324.369483803,0.5550930215335702,145.47899002374388
lbv,8940,321.653673949,0.5083385056905666,124.39891261680452
lbv,8941,662.210563742,0.4578290592519325,401.56288042255477
lbv,8942,734.273499875,0.45832196090602917,554.5901092230105
lbv,8943,657.328088088,0.4680313172146212,424.98588870179424
lbv,8944,616.751016236,0.4520085170301129,405.72854443718404
lbv,8945,506.741230308,0.4568385216751962,299.0263369391945
lbv,8946,420.863291105,0.4556854432233213,213.66468942679614
lbv,8947,454.648395312,0.4654040233734762,248.7985885919309
lbv,8948,373.529805684,0.40733968774261686,191.54418098599297
lbv,8949,366.224623954,0.4313386148749253,202.99598098455692
lbv,8950,359.900521217,0.4949168250610655,174.10845435647403
lbv,8951,394.511474987,0.5041362745452014,216.2694466085995
lbv,8952,384.555002578,0.5061029069757706,202.47632413377949
lbv,8953,416.854304459,0.5257939275614051,223.81721466662836
lbv,8954,404.507346665,0.5590125733024471,236.8300453036439
lbv,8955,356.410795608,0.5628063961104224,163.43886808507582
lbv,8956,339.962839929,0.5967602744026589,98.11555878882314
lbv,8957,242.376943017,0.5834354099474455,44.5033514583812
lbv,8958,237.692839435,0.5766833321292801,52.57130070106656
lbv,8959,256.130334674,0.4734535244495972,59.85850420185163
lbv,8960,394.202200109,0.45933709918813476,194.1502887800628
lbv,8961,566.718800204,0.5151524301029308,370.3434742946251
lbv,8962,383.844447309,0.44863987870372285,191.02786610921223
lbv,8963,283.806809522,0.4184611563480669,64.54346576765474
lbv,8964,264.607198137,0.49627463882495476,90.82942944694966
lbv,8965,273.648999744,0.44802638714685866,111.65010735006894
lbv,8966,265.719275318,0.4957230529312551,87.96687119427848
lbv,8967,367.872594852,0.4223258116719674,204.04197567210477
lbv,8968,317.812453159,0.4596132197233466,160.83937901515583
lbv,8969,416.394223975,0.4319761529954941,248.54681605918736
lbv,8970,582.61224917,0.36235626571362195,398.4565758798636
lbv,8971,597.008482262,0.32367602972691994,407.5661928663067
lbv,8972,476.066317602,0.3986655853818132,314.6537148569144
lbv,8973,335.857602169,0.46350375909616454,157.71733063342526
lbv,8974,430.614368957,0.40212578135314253,228.2480697332644
lbv,8975,395.808025401,0.3829623540484072,171.25128224690758
lbv,8976,359.878497334,0.4166504433990396,142.62280572629444
lbv,8977,413.086423522,0.42811057338627373,213.41399129231772
lbv,8978,401.385232189,0.45320923828666554,203.26410241220515
lbv,8979,410.54984993,0.4975781987629978,224.08542300953584
lbv,8980,446.093768788,0.4909817353550312,235.27709494198072
lbv,8981,599.608758,0.464367635979872,350.3137953814338
lbv,8982,677.66666186,0.442282829592774,469.2546490837546
lbv,8983,709.325630899,0.40573180061447095,518.4452298332662
lbv,8984,580.055060874,0.41933037319594163,368.53393698299635
lbv,8985,471.471697055,0.5228548598700555,264.16853541953896
lbv,8986,503.479183323,0.5299767035951463,294.6200073541379
lbv,8987,500.849366278,0.5209265836370243,295.66152062509576
lbv,8988,298.767872852,0.31901010763149373,143.92717686073453
lbv,8989,436.765834706,0.4568101977408997,218.88386613434432
lbv,8990,462.67125715,0.5496301148833551,227.21236922320196
lbv,8991,423.01098594,0.5227554080843115,191.29591324750115
lbv,8992,432.547404048,0.4969163730555753,230.85679898729515
lbv,8993,466.309692698,0.4627963410622163,248.55531056722003
lbv,8994,363.674610927,0.48151915518442784,195.20091465968713
lbv,8995,221.198726118,0.29828973272533127,85.8887492161171
lbv,8996,360.686525624,0.5122811523322522,124.66844195197609
lbv,8997,351.377778244,0.36396179237162085,322.994597939884
lbv,8998,367.216005224,0.34366764264408806,287.59813627355237
lbv,8999,344.691427718,0.4135085026043489,122.58657014136222
lbv,9000,245.836051631,0.47367828969772047,6.766976390165441
lbv,9001,437.080396529,0.4905861261594797,266.2541640038584
lbv,9002,398.623085479,0.4705286475012094,196.24169488046687
lbv,9003,268.830038958,0.37162964926209563,111.91501138724534
lbv,9004,298.934277079,0.39259557910178283,113.73670962464577
lbv,9005,276.892914446,0.3539030076981765,52.834168497721365
lbv,9006,330.072813979,0.4118343031309681,128.31131870045382
lbv,9007,395.386771551,0.4433486089110375,211.3359416886872
lbv,9008,345.415626504,0.4946380485402475,131.43399436801087
lbv,9009,344.79011938,0.5189846530556679,145.74834816128597
lbv,9010,347.108481973,0.5568570119498517,169.9526882096833
lbv,9011,341.671308777,0.5642429295962541,165.00735006893382
lbv,9012,333.478977896,0.5744319254506941,151.9938886754653
lbv,9013,431.256415508,0.5770677332534264,245.42800867417282
lbv,9014,449.330364337,0.5919606046971109,240.22227666518265
lbv,9015,397.125284294,0.5747363135468689,263.6454594032437
lbv,9016,463.971676973,0.5814990567262559,283.1645781273935
lbv,9017,406.899022986,0.5879760995189399,207.42816416422525
lbv,9018,172.033649634,0.5768049636057444,7.287302952186734
lbv,9019,403.15493578,0.5985295765587618,211.59197953168083
lbv,9020,434.293136169,0.5926764936322512,268.8489372103822
lbv,9021,388.978748349,0.6421886971924953,189.2089460485122
lbv,9022,347.396658877,0.6349680236741607,172.5520481483609
lbv,9023,250.341747337,0.5755655806758562,90.30990355248544
lbv,9024,305.481968063,0.6003761251048264,115.03454449223536
lbv,9025,310.545154707,0.6015816358869265,122.06131074194816
lbv,9026,303.94324548,0.5795173544623241,171.51015191171686
lbv,9027,288.956958165,0.6039502555799786,123.10202343510646
lbv,9028,375.38742731,0.5842782543184831,201.96002705891928
lbv,9029,416.504554702,0.5749125894113597,234.49198566511566
lbv,9030,215.378334167,0.6506150451889874,35.65520136216107
lbv,9031,322.584103743,0.633759396115181,191.02862046185663
lbv,9032,218.275401201,0.6425884400910521,48.92826286764706
lbv,9033,289.579341742,0.6102029203582844,138.19639997295303
lbv,9034,426.903835556,0.5424835162820707,293.3099001117781
lbv,9035,261.892874693,0.5516660734339878,28.88856829474954
lbv,9036,315.929926189,0.46198807950801274,77.81701211368338
lbv,9037,280.580610114,0.35166917523232905,85.3645039876302
lbv,9038,274.214461315,0.3650928604173231,86.66588694254557
lbv,9039,266.67715747,0.3910831439645351,61.94151506610945
lbv,9040,282.20664888,0.4148042738238306,77.8174087225222
lbv,9041,274.002967074,0.388674540684955,26.286166441674325
lbv,9042,267.509065685,0.36930751876953327,10.150129909141391
lbv,9043,256.0766307,0.4950035119859073,54.13418908212699
lbv,9044,383.577632272,0.5042987772667746,220.70132745481007
lbv,9045,410.629324669,0.5364614816715844,247.24837078019684
lbv,9046,464.954518802,0.5345406279293728,261.8235172047335
lbv,9047,498.620369591,0.5399351288747101,343.8065676520853
lbv,9048,515.985304175,0.5604602092686738,349.0123647353228
lbv,9049,332.9464479,0.6208215655910002,77.03784287396599
lbv,9050,251.207595304,0.49615222946652826,13.793958865894991
lbv,9051,448.940937213,0.5589654583361358,181.92412279914407
lbv,9052,280.071341521,0.49111738492702617,37.73830491608264
lbv,9053,402.499151027,0.5296324704647065,162.66520128437116
lbv,9054,750.151076945,0.5260832171175758,633.7470364439721
lbv,9055,702.204884905,0.5524719398401398,532.7639077579274
lbv,9056,519.928713619,0.6052808175011287,393.5223171757716
lbv,9057,469.204193033,0.5925602409752511,349.01672776166134
lbv,9058,381.762250094,0.5688910368563874,291.4978804046033
lbv,9059,300.608640552,0.5414728372097015,195.19955653770293
lbv,9060,579.179338803,0.5732469947506591,416.1665731392655
lbv,9061,396.663352455,0.5307234473048769,231.3773763918409
lbv,9062,480.801391275,0.5246368909559093,375.82597312179263
lbv,9063,459.641076098,0.5383375905599111,334.44390210918357
lbv,9064,208.046654296,0.5036885664156902,66.8888204537186
lbv,9065,508.020074875,0.5157988729869875,374.2655162736481
lbv,9066,552.147819375,0.5162005472593207,393.5260432523839
lbv,9067,450.494656644,0.5170821482873174,265.21408458036535
lbv,9068,443.807592881,0.5197872881008231,239.4476910759421
lbv,9069,474.777123937,0.5168084117857848,265.47499623018155
lbv,9070,371.880862755,0.44788370556463075,160.06613802442362
lbv,9071,337.529448727,0.4391782262607625,98.90287780761719
lbv,9072,369.482684209,0.3939623518443281,214.9839839561313
lbv,9073,363.281812422,0.4181336128556379,159.80676329369638
lbv,9074,335.599929628,0.4158207544710784,117.64291172401578
lbv,9075,348.086480436,0.4330645773305471,129.61561937519147
lbv,9076,330.735997089,0.4543245048596255,177.7664488250134
lbv,9077,340.033492839,0.43264475123833196,227.4788445566215
lbv,9078,332.252309203,0.4004190742314517,118.42451776242724
lbv,9079,412.42498107,0.525709731589361,176.72612176034966
lbv,9080,382.788530999,0.5084145033102242,180.8909127628102
lbv,9081,384.18703959,0.5185920305529459,187.91863232780904
lbv,9082,452.875256066,0.5166361993283368,254.80975575166588
lbv,9083,500.638019722,0.5088667076518529,292.5501947739545
lbv,9084,543.546090114,0.5004092282146441,346.1676191442153
lbv,9085,284.340035665,0.49111399214032664,92.39824404249005
lbv,9086,490.241309237,0.47358907794219457,287.86631409888173
lbv,9087,275.657355794,0.43608543046967907,104.63157671760109
lbv,9088,290.441249295,0.42129106819629664,109.57699175067977
lbv,9089,491.925310137,0.44399705127984973,347.9912263758042
lbv,9090,314.693880974,0.40431579612195495,156.16691305123123
lbv,9091,233.865998492,0.3333675166656231,75.48102069929534
lbv,9092,305.452860204,0.302510271469752,39.82277984619141
lbv,9093,305.960582172,0.3860479039805276,105.67348495184207
lbv,9094,349.613868558,0.32639882341027265,91.61857604980469
lbv,9095,394.566793335,0.43555152824267973,150.18156223671107
lbv,9096,516.802678198,0.4879977041895221,304.7876143511604
lbv,9097,742.397789057,0.4763176966549329,523.4227863685758
lbv,9098,582.38072161,0.4767935485274633,457.83315752814786
lbv,9099,413.9349927,0.4973812424621762,192.86790983910652
lbv,9100,167.869782693,0.25178820341825486,15.61689551858341
lbv,9101,396.063747964,0.4861839627744731,189.48457022274243
lbv,9102,258.899957972,0.5335338869447375,66.89226274677351
lbv,9103,452.143952731,0.5007970336517775,249.60936967438343
lbv,9104,268.626613133,0.44176116397704235,82.50912532432407
lbv,9105,214.650032967,0.41921315710954,25.76784024706074
lbv,9106,383.062651622,0.5080302156946239,176.99087524414062
lbv,9107,231.179689453,0.4621736774705861,38.0009973264208
lbv,9108,414.882040728,0.5258982458258674,211.0873848111022
lbv,9109,551.695657007,0.531475285918461,338.1036145378562
lbv,9110,498.865637374,0.5441068540992704,309.9929350011489
lbv,9111,276.937073269,0.563611446091762,54.1381160960478
lbv,9112,493.693884853,0.5512495738225476,292.55367503446695
lbv,9113,435.021742717,0.5281190283534942,220.45601971196194
lbv,9114,318.894754771,0.42396128478578327,159.81076953364354
lbv,9115,339.339776104,0.43676421022744344,131.960668406767
lbv,9116,521.290726535,0.5175270318748458,327.9484887216605
lbv,9117,415.456530986,0.5845055062553864,240.23494669596354
lbv,9118,415.909238389,0.6182371355980808,180.11075310800592
lbv,9119,398.570717658,0.5858427569344271,156.9461164586684
lbv,9120,388.265757463,0.5946712918520604,197.2885519588695
lbv,9121,466.624336535,0.607316944863215,244.39807152841607
lbv,9122,260.580096003,0.49455861714475025,106.45251596488205
lbv,9123,209.296851578,0.42611259197400614,62.9865904265759
lbv,9124,407.321888819,0.5709717566033405,204.0550770179898
lbv,9125,311.942868429,0.5456560362423686,155.38357534969552
lbv,9126,352.235635015,0.553138675999968,189.9997757556392
lbv,9127,219.471926029,0.5631495581372925,47.890315755208334
lbv,9128,302.734415874,0.5614090278280648,150.43791007247626
lbv,9129,330.458305414,0.5497755081607745,121.80779981426163
lbv,9130,269.238390198,0.5692795631475747,66.6298293169807
lbv,9131,317.7822988,0.5224693945764629,107.49271294088925
lbv,9132,220.780741711,0.4905149042606354,39.04082354377298
lbv,9133,209.833816815,0.5310910678586586,59.60232394349342
lbv,9134,212.928919264,0.5119353204715151,61.94477335611978
lbv,9135,220.807595538,0.5084212138064237,62.20504551307828
lbv,9136,222.870007938,0.5201938132929609,64.02695061178768
lbv,9137,234.685122499,0.5274966810458004,81.4651851280063
lbv,9138,243.537314626,0.5060624786884109,90.05416630763634
lbv,9139,304.688523635,0.482856591895632,161.10858677882774
lbv,9140,353.411835321,0.48179591446269254,229.30011539833214
lbv,9141,384.363108343,0.45862812039906103,252.98507926791325
lbv,9142,357.587197431,0.46701113658302584,208.47828402051738
lbv,9143,350.808894367,0.4962742619893768,183.23174345727062
lbv,9144,361.839631356,0.5412279624830593,183.23174255969477
lbv,9145,381.328613927,0.5540881931542072,194.16318616680067
lbv,9146,373.20760449,0.5644032005551299,175.94411498425055
lbv,9147,348.802837817,0.5831532945089482,141.58812653784656
lbv,9148,339.601829036,0.5981108794914434,127.2731269387638
lbv,9149,300.472609271,0.5836114848193269,162.93022664388022
lbv,9150,317.580558435,0.5863587730460698,187.39578740737016
lbv,9151,321.28627879,0.5845803962813483,199.1080254947438
lbv,9152,304.136544399,0.5757068031808923,135.60172017415366
lbv,9153,339.026789379,0.5950467327098155,200.93002439012713
lbv,9154,318.659784917,0.6319021124406037,218.88873455571195
lbv,9155,302.48824656,0.6417315710082795,214.46410250196269
lbv,9156,320.774271914,0.6344866158556094,235.28591455197798
lbv,9157,353.941457049,0.6264832032463266,269.6419025495941
lbv,9158,360.669304219,0.5970964250409821,256.62846649768306
lbv,9159,371.011110202,0.6049299673000469,246.73834590537876
lbv,9160,371.482721974,0.6081025937546132,279.79301219266995
lbv,9161,334.858273978,0.5924648990182373,251.6836202284869
lbv,9162,362.997766046,0.5965161348072966,208.73888866948147
lbv,9163,452.521715655,0.6008418768546299,316.49205552643417
lbv,9164,527.101655472,0.5860130332344009,350.84861073213466
lbv,9165,291.587198761,0.6578814086093697,121.02705182842179
lbv,9166,271.132589779,0.6667789455284091,70.79436872893687
lbv,9167,527.270336749,0.5996962785064867,354.75334236294617
lbv,9168,394.792630078,0.6239056321723623,176.46590253044576
lbv,9169,200.048830376,0.41705397433704805,46.849362541647515
lbv,9170,390.565748462,0.5725641205778778,181.67161302753524
lbv,9171,563.124678682,0.5548989327995373,364.64506931678915
lbv,9172,282.773509505,0.537045004410981,115.04176896039178
lbv,9173,468.001933131,0.5335624035102566,266.78228041704966
lbv,9174,370.99954039,0.5456974697964532,142.11050809972429
lbv,9175,213.237854171,0.38142716884613037,15.876908186370253
lbv,9176,233.360156136,0.5009291853223528,9.109681342629825
lbv,9177,261.230679484,0.5508143305778503,5.20553409352022
lbv,9178,264.927279328,0.4462192879712328,48.93226958630132
lbv,9179,272.086368576,0.4656105838323895,49.45285647523169
lbv,9180,223.582955922,0.5187311924022178,35.91843710506664
lbv,9181,219.287645211,0.5643997160827414,88.49470280665977
lbv,9182,281.14350787,0.5645772897901871,199.63378457462088
lbv,9183,472.144851364,0.569790936055532,420.09054697074146
lbv,9184,537.208321234,0.5579597381107434,445.337973022461
lbv,9185,543.074286641,0.541068190931242,451.0642012652229
lbv,9186,354.051753771,0.5483988069597332,181.15440201104857
lbv,9187,215.249915577,0.548491168491946,52.83664365282246
lbv,9188,265.358476666,0.5332109961092197,112.96120156680836
lbv,9189,281.983385471,0.4665547145822667,101.2486254523782
lbv,9190,439.741666547,0.5095927779113545,221.23786178289677
lbv,9191,297.735520847,0.4413079402162798,126.75632321226831
lbv,9192,513.955351974,0.4739237048471247,340.9672239714978
lbv,9193,313.587814316,0.45559411860673993,112.18099045098997
lbv,9194,256.782324064,0.43474760945690305,118.6882230870864
lbv,9195,301.235361443,0.409671899098069,104.63319845760569
lbv,9196,334.795563693,0.45145066070411854,128.57934390797337
lbv,9197,338.096303411,0.4123844940312289,140.03196043126724
lbv,9198,319.350955112,0.47456010366663515,84.33166189754711
lbv,9199,367.902250877,0.4854853991294067,155.12894299077053
lbv,9200,482.747305994,0.44529196843788194,273.818667752135
lbv,9201,612.876122242,0.4217292997216545,412.03015654320814
lbv,9202,483.47454207,0.36144402309757323,282.1486916336359
lbv,9203,307.664455059,0.44612308018770663,103.59349846933402
lbv,9204,318.867414783,0.6198795231138858,127.80029437495212
lbv,9205,376.745939207,0.566531549219087,172.83014658011643
lbv,9206,443.772190252,0.5425829812746612,281.63032768099913
lbv,9207,386.896189153,0.5698844746827487,209.79147539325794
lbv,9208,441.568928042,0.5736934684265254,241.0263176413143
lbv,9209,507.196312104,0.554940210387612,340.4568166396197
lbv,9210,574.120683688,0.5575975360512504,405.7898154763614
lbv,9211,517.133763345,0.5749006129632805,356.85615099738624
lbv,9212,532.007211585,0.5890480903176998,367.7888733807732
lbv,9213,538.627641163,0.5876516716430762,363.6248560288373
lbv,9214,534.860998907,0.5823672800791557,350.6109880335191
lbv,9215,401.984338853,0.5785265464116546,230.0969326842065
lbv,9216,467.756650195,0.48107380969441094,275.6481805240407
lbv,9217,649.365094889,0.5269373470434436,449.7833183737362
lbv,9218,546.055089372,0.5360553199550855,386.27286221373316
lbv,9219,552.707666601,0.5696196288898074,294.39036284802
lbv,9220,350.777017818,0.5543832358138302,169.97100859997317
lbv,9221,409.446303402,0.5665451513512412,207.9738376093846
lbv,9222,560.401713081,0.5767113410102472,362.06746568866805
lbv,9223,591.478049013,0.5774559861904865,394.86507625205843
lbv,9224,561.661662273,0.5917055213108254,402.41417948404955
lbv,9225,387.96584625,0.5616668903579314,218.647178290872
lbv,9226,393.688863671,0.6177681156242167,170.49273885091142
lbv,9227,563.641187592,0.6189010467814521,339.4240095549939
lbv,9228,565.741525697,0.6032554132737136,302.20220423679723
lbv,9229,468.804163888,0.3713753078477698,343.0704689474667
lbv,9230,482.05117097,0.48464082640565165,388.6212579465379
lbv,9231,483.568963669,0.5342760045432688,278.77646197150733
lbv,9232,483.96860815,0.5803663569414045,276.6941927442364
lbv,9233,399.257603355,0.500750168728274,279.8184360279757
lbv,9234,503.653786213,0.5614512588500569,304.2860565185547
lbv,9235,516.470210044,0.5802575415533943,240.77371754365808
lbv,9236,266.135630809,0.4276046656510409,35.400397985121785
lbv,9237,622.915754112,0.42250187251527443,383.93829181147555
lbv,9238,319.034308816,0.5197472549080849,130.14823108747893
lbv,9239,356.976449677,0.546801049173588,174.91912886675667
lbv,9240,531.864994846,0.5895984528694223,282.9416737275965
lbv,9241,223.789013818,0.5311239242553711,46.853321748621326
lbv,9242,282.247645395,0.5379422343342354,115.3111878338982
lbv,9243,481.657788982,0.5925928601587709,289.1885144402
lbv,9244,400.931306645,0.6097102120020702,202.5097890517291
lbv,9245,361.0072803,0.6354322878319763,124.16073913574219
lbv,9246,394.378340523,0.6200952975706477,156.9577090095071
lbv,9247,419.117162417,0.5882839331260094,196.2619420668658
lbv,9248,322.172143609,0.5592966956912347,110.36461017085055
lbv,9249,277.864031605,0.5633891136163758,43.72933511173024
lbv,9250,274.123997503,0.5791698792898976,38.52338199989469
lbv,9251,298.829829974,0.4968507867422163,83.81427420821844
lbv,9252,289.305579282,0.4628136052872782,67.15547404569739
lbv,9253,292.357845494,0.5403676870858896,55.18192258348652
lbv,9254,284.079231953,0.3752704332420482,52.31863564883962
lbv,9255,269.564429022,0.36490441611834934,45.551014918907015
lbv,9256,317.17343371,0.4809771884874476,116.34997163660387
lbv,9257,291.187494719,0.4956096219035183,85.37524928672642
lbv,9258,278.077516885,0.4346090322265038,76.26497656130323
lbv,9259,286.181761031,0.4246978421890458,44.769836665134804
lbv,9260,264.296881257,0.4082822581412087,55.44157795625574
lbv,9261,242.754151188,0.3480170652017755,30.71409768497243
lbv,9262,252.732819841,0.4985505459830164,41.6461041319604
lbv,9263,260.582802568,0.3488713936372237,42.947524216595816
lbv,9264,250.804690072,0.4878566235792442,31.755045393401502
lbv,9265,233.695928418,0.5086445425237928,3.644016430424709
lbv,9266,275.999053329,0.33984193171708643,68.19521687825521
lbv,9267,418.282909696,0.4477538667987052,226.70957414215687
lbv,9268,427.124937772,0.5102437366478693,215.7770454556334
lbv,9269,213.893421123,0.517651513195487,165.80199812346814
lbv,9270,244.877422177,0.4691060275143507,51.015813520842904
lbv,9271,289.373640806,0.521515549085159,99.68884884703394
lbv,9272,357.570723772,0.5400181990010398,136.64892919203817
lbv,9273,396.098474953,0.5594710690546809,176.73227209951366
lbv,9274,394.912323519,0.5678004645742476,166.58091870476218
lbv,9275,275.740760445,0.5330969724683284,88.23576534495633
lbv,9276,401.626653878,0.5472912558637525,236.33620632396025
lbv,9277,373.031961388,0.5933000442939665,191.82763133329507
lbv,9278,341.805158904,0.5767864517897487,194.4301322488224
lbv,9279,377.710424471,0.5897440473339609,204.84113796458527
lbv,9280,305.507474949,0.5824986520935509,115.04403845095166
lbv,9281,351.548473831,0.5776648846172844,153.82564571605008
lbv,9282,290.046686908,0.5734738978472623,85.89232096952551
lbv,9283,238.334515832,0.49987739716904084,102.8103339101754
lbv,9284,289.568707787,0.5320717328186355,139.50955924239813
lbv,9285,263.483913093,0.5888875728191183,87.71390985227099
lbv,9286,256.074875997,0.5836511203821968,110.61827281877106
lbv,9287,244.742127399,0.5761334779391805,86.41234038109873
lbv,9288,259.161727472,0.54198064022554,86.1519738889208
lbv,9289,258.021488389,0.54122527440389,51.535016946231615
lbv,9290,252.633579193,0.554280427571769,27.849754662607232
lbv,9291,281.428342885,0.5008805855366978,57.521424476773134
lbv,9292,284.168262124,0.47372071914476893,19.000303500306373
lbv,9293,392.654302172,0.4787382574530309,146.53677813960056
lbv,9294,547.648143469,0.4501159976289122,313.37606410606236
lbv,9295,422.444997294,0.4687284836128576,191.82614264394724
lbv,9296,415.162284085,0.4625851763135725,210.3063305723901
lbv,9297,377.697482248,0.47054878826819213,159.2916960772346
lbv,9298,424.984051664,0.520179366938293,207.44389681348613
lbv,9299,434.140353938,0.5473317072968441,267.82947285970056
lbv,9300,437.38378438,0.5304350143964592,243.1031848683077
lbv,9301,289.150720997,0.4889252658516978,172.30692381017346
lbv,9302,246.180044835,0.48033553935726225,83.81086730957031
lbv,9303,198.477578833,0.46645581391745045,138.4702121510225
lbv,9304,202.661845123,0.36166475335756937,78.08492323931524
lbv,9305,203.254611878,,0.0
lbv,9306,197.586997561,0.3457049270291134,57.522665913899736
lbv,9307,199.887188956,0.4070356150796591,62.988620593501075
lbv,9308,223.561107985,0.4273284881455558,91.09924466002221
lbv,9309,240.317566808,0.39101731241631454,123.11416066487631
lbv,9310,281.368605378,0.38629860165592744,152.00572695264628
lbv,9311,288.556955798,0.3953278221067835,95.26394581514246
lbv,9312,299.247648507,0.426694200239717,97.34622144512103
lbv,9313,275.578537275,0.47697717772228254,104.89449663349227
lbv,9314,268.114955661,0.4740367298776452,100.209405188467
lbv,9315,253.613564888,0.47293206055959064,16.397920586081113
lbv,9316,223.780612657,0.4542886118094126,2.342560083725873
lbv,9317,220.976798098,,0.0
lbv,9318,226.619168462,0.45945945382118225,2.6028445374731923
lbv,9319,220.792509953,0.407064412425204,64.02986791274127
lbv,9320,219.073566308,0.40575453639030457,3.9042600743910847
lbv,9321,212.303550993,0.4262160062789917,3.123413444967831
lbv,9322,221.578657026,0.43612756187265567,14.315644956102558
lbv,9323,246.439107885,0.4408691522354881,49.974593577665445
lbv,9324,290.490243113,0.463941353917509,160.3350332222733
lbv,9325,315.348377578,0.47519463300704956,160.33503950530405
lbv,9326,341.892959647,0.4779509138251015,149.40309065276503
lbv,9327,388.667490266,0.4805030207895362,156.691018557081
lbv,9328,421.611915347,0.4882749513107266,233.47461646584907
lbv,9329,447.954649135,0.48953658403982797,276.94185650395417
lbv,9330,326.09677829,0.5073696111931519,119.47004071403951
lbv,9331,472.949158862,0.5085651552161345,270.69492370007083
lbv,9332,417.47651458,0.5212412152279581,230.6112170051126
lbv,9333,398.133397306,0.5217546303639703,217.8574172973633
lbv,9334,406.190727431,0.4991712834790488,222.80271714154412
lbv,9335,404.698281705,0.47839738100077434,213.69269992603978
lbv,9336,431.149440466,0.5019890187935845,238.67990911147174
lbv,9337,419.661648902,0.5074313924837429,235.29621611950444
lbv,9338,412.645576346,0.5038094780178766,242.32387548708445
lbv,9339,394.041217029,0.5065508478202128,222.02177776261874
lbv,9340,391.116492955,0.5181757266068979,142.6354565489526
lbv,9341,399.097029717,0.510016428703262,161.37585691564223
lbv,9342,395.298881714,0.4993170258707692,249.35155238731232
lbv,9343,392.681416718,0.48482806526816435,241.02252562279793
lbv,9344,420.675191966,0.49646511352979217,186.10289928959867
lbv,9345,446.412270705,0.5024311783155176,223.06325806262447
lbv,9346,437.873857876,0.5143253548475165,231.3923583385991
lbv,9347,459.848777321,0.5123711659079528,261.3250736610562
lbv,9348,450.547665052,0.5189295432417865,269.3938854441923
lbv,9349,461.282367691,0.5003070308708809,295.6826202093386
lbv,9350,414.890974292,0.4997026217185844,230.35139555089611
lbv,9351,424.728793064,0.5227580013748173,195.47348025452857
lbv,9352,485.609107211,0.5177942345452332,266.27091629925894
lbv,9353,507.639729474,0.5137401002915727,304.2725201475854
lbv,9354,520.563387904,0.5159147988649081,329.78050477270995
lbv,9355,497.454667114,0.5450849892334504,286.3131190281288
lbv,9356,512.343279824,0.5614921096060597,282.6693655575023
lbv,9357,526.637343004,0.5709131379825784,321.71214668423517
lbv,9358,504.30742186,0.5705017723790724,332.38395568249274
lbv,9359,344.467653381,0.5691367180570162,169.9660358204561
lbv,9360,542.673681666,0.5639489982993557,324.83612269981234
lbv,9361,555.080551572,0.5523806510020481,431.8133439007928
lbv,9362,551.295887443,0.5624241099889536,326.65850515926587
lbv,9363,557.953370698,0.5298809534684531,411.51189775653916
lbv,9364,426.939702751,0.5358192330909065,235.03831933713425
lbv,9365,492.490732612,0.5326830511996744,317.28896939146756
lbv,9366,554.373605958,0.5229178253083657,406.04695443546075
lbv,9367,528.388363575,0.5173276339917465,383.40236816406247
lbv,9368,518.552875326,0.5312560285013129,361.538714390175
lbv,9369,395.663989752,0.5530240434977117,291.7818768071193
lbv,9370,440.422003253,0.5657259901167778,341.49702321968834
lbv,9371,581.530882025,0.5586316975434424,418.80321409936045
lbv,9372,529.571667613,0.5352793860356655,354.2522300570619
lbv,9373,379.175762338,0.5300074468693163,243.62993226892812
lbv,9374,555.452691175,0.5325586937539193,362.32204814237707
lbv,9375,411.662406009,0.5318642429628928,210.05335657456345
lbv,9376,391.167979673,0.5167844112623822,183.24372181611903
lbv,9377,521.199905549,0.5453290873779992,331.34895510206036
lbv,9378,332.306589178,0.5220477285138846,181.42218909170114
lbv,9379,246.497664956,0.4151973588812736,80.69006512211817
lbv,9380,463.003455709,0.5425940941680562,246.23483961516737
lbv,9381,221.189202341,0.5425554985430704,34.87897434608609
lbv,9382,308.159121928,0.5535904653969301,80.95044642429725
lbv,9383,308.14204387,0.404405458785561,119.21362487194584
lbv,9384,202.545718319,0.374727180055248,115.30941987879136
lbv,9385,266.120805674,0.3413059963120354,81.99210058474073
lbv,9386,256.217262585,0.2762668786179978,75.74516161750344
lbv,9387,245.806814819,0.2857794186343317,89.80096480425667
lbv,9388,212.343536119,0.29097574949264526,13.014632580327053
lbv,9389,238.86648764,0.39114832878112793,1.8220485612457873
lbv,9390,230.24107276,0.4018586532124933,68.97755267573338
lbv,9391,227.621147311,0.458977903076943,61.16877312753716
lbv,9392,260.331568874,0.49902998128285014,74.96422756419462
lbv,9393,284.571950647,0.5387601429918205,129.6255600873162
lbv,9394,258.944765187,0.5569761088761416,71.58036430209292
lbv,9395,215.296400274,0.5535567998886108,0.26029220281862747
lbv,9396,212.113653253,0.53972989320755,1.0411668964460785
lbv,9397,215.304351624,0.5382863427541271,41.90696758195466
lbv,9398,216.776964382,0.5337706208229065,34.09821585860907
lbv,9399,215.000454668,0.5574354657105037,21.864504825367646
lbv,9400,221.384075328,0.5436005592346191,15.877795170802697
lbv,9401,236.657465077,0.5113631304184995,51.798008668188956
lbv,9402,250.306788666,0.5040079227515629,120.25460555132696
lbv,9403,217.650942927,0.5058584377169609,10.41165594961129
lbv,9404,218.992811175,,0.0
lbv,9405,230.716339379,0.5446234444237273,95.787189319087
lbv,9406,247.138350525,0.553918849187668,103.07534727208755
lbv,9407,279.232776537,0.5460268741501475,121.55606147915708
lbv,9408,298.333586915,0.5536504144521103,126.24131475710404
lbv,9409,325.940690672,0.5106697387452104,168.40848654952703
lbv,9410,331.293349309,0.5084243272581408,185.58770129633888
lbv,9411,282.243133087,0.5275768505005879,87.71820870193781
lbv,9412,330.298185236,0.5233102340725858,134.8309497309666
lbv,9413,331.932890585,0.5238292661540183,141.0779717538871
lbv,9414,244.315193167,0.5418845971505487,64.55228250540938
lbv,9415,214.499181525,0.5895810012231794,44.509808080336626
lbv,9416,215.160250167,0.5472999011044918,47.8935946595435
lbv,9417,229.475886242,0.5662769675254822,2.082333792892157
lbv,9418,247.524525312,0.5611542318318341,38.5231751685049
lbv,9419,254.342318782,0.5580792220972352,76.78605861289829
lbv,9420,242.445231027,0.5421768426895142,23.946838618259804
lbv,9421,221.948566323,0.58285029038139,17.960161994485293
lbv,9422,228.635579536,0.5408666699360578,30.454190422506894
lbv,9423,228.216967948,0.5117280219876489,22.38516803816253
lbv,9424,249.755787668,0.49730089825860574,46.332091985964304
lbv,9425,239.205218941,0.5365770942296777,157.99791193943398
lbv,9426,239.544542197,0.5145230889320374,88.4996545829025
lbv,9427,233.207114882,0.4991350012992505,61.689568014705884
lbv,9428,243.386954795,0.5030777099105598,46.072014303768384
lbv,9429,246.357994827,0.49152607706285295,80.69115050072763
lbv,9430,264.51051736,0.4706729891703284,72.36188291661878
lbv,9431,273.720379099,0.4913775528400716,73.92375883214615
lbv,9432,259.325747025,0.47218539817278243,124.16072477452894
lbv,9433,257.497413474,0.4892974374587076,74.18419018913718
lbv,9434,271.942388827,0.4548701774248314,60.128333327349495
lbv,9435,287.330113473,0.43796183738985284,98.65204153621897
lbv,9436,273.35568277,0.5555221616980518,64.29316837086397
lbv,9437,261.387782694,0.5766367456594179,89.54192086014093
lbv,9438,302.905516063,0.5928304943895559,112.96869351256127
lbv,9439,326.681242168,0.6178583228452639,137.43672422521254
lbv,9440,287.566129016,0.598137130436388,80.4318090102252
lbv,9441,325.330457631,0.5790545617540678,112.4484722361845
lbv,9442,322.872996495,0.5577246665270789,136.1357099046894
lbv,9443,345.194688509,0.5334873627040796,163.46720838359758
lbv,9444,353.847562173,0.5147030998141535,161.3850644878313
lbv,9445,383.648689215,0.5065659827693214,232.96741769828049
lbv,9446,256.065763358,0.5210206768827734,100.47541444067859
lbv,9447,301.947365656,0.522310137172271,134.5747136433919
lbv,9448,300.198046441,0.5245019809272684,265.76580475451897
lbv,9449,355.13844771,0.5646111291351047,183.51147505816294
lbv,9450,359.282264809,0.5709878497294227,211.103614208745
lbv,9451,297.376043661,0.5476385340958402,143.68603491689643
lbv,9452,261.806272387,0.4900714537676643,132.75350009693818
lbv,9453,334.724295015,0.5437284001973287,198.87021071490122
lbv,9454,277.122847643,0.5890852967413461,106.72367185704847
lbv,9455,178.860809249,0.3328610404265974,62.212312765682455
lbv,9456,258.385535876,0.4899866969785958,139.26173149557675
lbv,9457,260.63157034,0.5528412050942877,69.7609966801662
lbv,9458,225.265447381,0.4830274270176888,130.15166575113932
lbv,9459,550.300604721,0.4330025575041845,411.5413742663813
lbv,9460,525.231574298,0.491598685348985,365.4673670450847
lbv,9461,191.049467084,0.45231666361413364,10.672481013279338
lbv,9462,195.344879952,0.4483263846990225,19.262398663689112
lbv,9463,204.809235329,0.3884264943855149,36.44243726543352
lbv,9464,223.713027611,0.46208671146425706,15.097530050838694
lbv,9465,214.260484726,0.4635630898378991,38.52477075913373
lbv,9466,206.026900959,0.4626922309398651,29.67445032456342
lbv,9467,199.721084456,0.4715904817363333,51.27945224537569
lbv,9468,200.857288696,0.4730356939427265,40.08646724925322
lbv,9469,214.175182813,0.44709993996581093,63.51351677389705
lbv,9470,226.982589666,0.41639870405197144,17.440186982996323
lbv,9471,222.551418645,0.45996567606925964,18.221059462603403
lbv,9472,226.920852738,0.46331444561124563,43.47016813988779
lbv,9473,199.75665491,0.4375990797644076,17.960725582347198
lbv,9474,210.281756411,0.4725502013172234,47.114285876704194
lbv,9475,208.06330625,0.4706795128543726,23.166655805999156
lbv,9476,243.568978232,0.4595734433216208,115.05218089982574
lbv,9477,284.922608091,0.4679909269080351,79.1308266733207
lbv,9478,317.754721665,0.4873623545182513,97.87222230200675
lbv,9479,253.033845526,0.5506903752377986,63.25242139030905
lbv,9480,305.077252774,0.5544670767163578,152.01388080073338
lbv,9481,249.925808239,0.5642874426132924,96.31002254112094
lbv,9482,195.883869052,0.5812885227141442,40.08577049105775
lbv,9483,207.929601634,0.5757852617307757,73.40370294907514
lbv,9484,177.205213017,0.589782538929501,48.15489884918811
lbv,9485,180.972263934,0.5343870667533742,37.48269425934436
lbv,9486,192.186166445,0.5101970532630904,57.525498094745714
lbv,9487,197.858584406,0.6118769575567806,13.27513427734375
lbv,9488,198.036694908,0.5677626896649599,16.658992034313727
lbv,9489,194.955612227,0.549753821271611,33.0576873180913
lbv,9490,198.818600746,0.48421598266261495,33.57828126795152
lbv,9491,222.100148821,0.42809602618217474,13.53545436485141
lbv,9492,195.626315263,0.43878847819108224,30.454772320915673
lbv,9493,196.341689181,0.44085586071014404,1.0411887972962623
lbv,9494,191.142274752,0.4263368546962738,9.891310628255209
lbv,9495,203.045208446,,0.0
lbv,9496,210.445628255,0.4042788846279258,17.439972492292817
lbv,9497,212.350413117,,0.0
lbv,9498,211.701339257,0.3221169860676082,25.769558985093063
lbv,9499,237.624968666,0.4082278541371792,20.563546663172104
lbv,9500,255.594395321,,0.0
lbv,9501,180.654329867,0.2943827509880066,0.7808984195484835
lbv,9502,256.31744328,0.3141641394889101,24.468150479185816
lbv,9503,269.354714292,0.4864133106174704,148.11022745768227
lbv,9504,323.939509706,0.5250733765904404,196.26559140074488
lbv,9505,404.899032783,0.5005429159329591,232.96772691315294
lbv,9506,526.772977922,0.4901637508478731,373.5289671654795
lbv,9507,505.390089831,0.5038476547027195,343.33392468620747
lbv,9508,520.722242973,0.5175388420316235,347.23816172281903
lbv,9509,273.780010241,0.5491294778255095,129.62834451712814
lbv,9510,398.953152125,0.5384169427674836,307.67213807947496
lbv,9511,345.423077806,0.5380383719020313,255.87290281407974
lbv,9512,408.090511888,0.5547346457980927,273.3127266079772
lbv,9513,468.613546395,0.5682957395971062,324.0706363453585
lbv,9514,475.908861524,0.5613184673040674,361.29288560455916
lbv,9515,394.435740884,0.5541956167406555,274.35334323060283
lbv,9516,482.134175157,0.5686219348170131,331.6188410740272
lbv,9517,494.327694099,0.5617063521056062,338.64682416728897
lbv,9518,466.062662942,0.5362894887475315,315.22002910539214
lbv,9519,333.662580624,0.5390354462298859,193.4007845411114
lbv,9520,344.991227014,0.5468603227542806,224.11587874468634
lbv,9521,451.948975117,0.5377417151707722,324.07010605755977
lbv,9522,446.924347763,0.5311642108878776,348.5380917119045
lbv,9523,391.754830416,0.5297553677547047,314.17886813294655
lbv,9524,394.960622114,0.5378804907086951,234.52807952282475
lbv,9525,361.71612915,0.5252092567116734,228.8015676161822
lbv,9526,332.880515152,0.5280907258840836,224.37649054433783
lbv,9527,371.398791953,0.5044298134431118,247.80342787200328
lbv,9528,369.326145513,0.49536121560167296,218.12964669021903
lbv,9529,383.359828034,0.5212907617627944,172.57773302863626
lbv,9530,407.127794291,0.5393424600953954,223.07570911482264
lbv,9531,424.411678357,0.5526043835896343,258.996992522595
lbv,9532,420.982492476,0.5511265879199989,287.3695650586895
lbv,9533,340.198987199,0.5689243848521869,162.94698848350376
lbv,9534,398.585233908,0.5339679227548865,232.18653381946038
lbv,9535,376.970169641,0.5087229849508144,271.4916315714518
lbv,9536,441.485877673,0.5278676718901805,253.53148941339228
lbv,9537,456.913980844,0.5277361126040753,301.4267473108628
lbv,9538,449.065580574,0.5294382093087682,275.9176399380553
lbv,9539,353.167018089,0.546025357463143,200.43082682291669
lbv,9540,442.057395777,0.5490272551394524,305.8524740480909
lbv,9541,434.074239574,0.5629770361791283,259.519446847953
lbv,9542,346.720313934,0.5807173480832479,160.08484634698607
lbv,9543,412.460043143,0.5786587134051553,242.8605935788622
lbv,9544,455.623963131,0.5715039230350938,291.53722465365536
lbv,9545,424.552482283,0.5647291504067076,263.94561516256897
lbv,9546,459.431439239,0.5789624884851254,275.659533960679
lbv,9547,474.50023943,0.5712965654117748,328.5012046365177
lbv,9548,498.788710464,0.5682257978382257,337.09159342447924
lbv,9549,480.347026819,0.5825709348576833,314.7060151642443
lbv,9550,474.644676799,0.5639590376012874,375.87754516601564
lbv,9551,374.033866409,0.5350733503582379,298.5676988190296
lbv,9552,510.613235959,0.5802692186805997,352.1909161735984
lbv,9553,393.712993667,0.578025600869243,197.05015414368873
lbv,9554,209.128978498,0.46432451407114667,45.29287181181066
lbv,9555,276.746810272,0.5361372393001551,198.0916960473154
lbv,9556,232.84993951,0.4170206728859328,52.32122108609069
lbv,9557,347.640037702,0.4897742824343317,241.04243585923138
lbv,9558,204.831927313,0.34378500721917055,103.34139075185739
lbv,9559,201.814334267,0.3665877244878545,59.61011376474418
lbv,9560,192.190328835,0.36475032926801854,77.83160502115885
lbv,9561,190.22543731,0.4003548214490386,67.94006006577435
lbv,9562,205.569510032,0.4357962229955476,122.60449870988433
lbv,9563,209.420947804,0.43971587393837475,139.00386759440104
lbv,9564,220.000019239,0.4249595023583675,143.68940381816788
lbv,9565,208.573802594,0.4193872999657625,82.7776502422258
lbv,9566,224.977006861,0.4121489167525506,49.71867945053998
lbv,9567,231.334522218,0.44108451871495497,49.45837222828584
lbv,9568,225.502993524,0.43687730563151367,40.08731222713695
lbv,9569,242.908749732,0.41518390050694987,42.43007722742417
lbv,9570,242.622452126,0.42147531563585455,51.54083000631894
lbv,9571,213.09329907,0.4747354591473467,90.84711142147289
lbv,9572,241.440679134,0.5135444629426097,66.37822247673485
lbv,9573,215.762894319,0.5247595310211182,1.0412269741881128
lbv,9574,226.716794871,,0.0
lbv,9575,292.21089039,0.5322281096843963,48.93750801834406
lbv,9576,468.673285666,0.6129945038515414,201.21711078718596
lbv,9577,480.744731537,0.5837608978189809,206.68401300766885
lbv,9578,772.74986275,0.5821539833875743,656.2363908655503
lbv,9579,426.811811844,0.6066715271526061,186.90155496036306
lbv,9580,346.151603143,0.5930237768524309,99.69828589944278
lbv,9581,217.123381538,0.4397627576342169,55.18536987304688
lbv,9582,211.640321048,0.4045966306458349,17.961299582088696
lbv,9583,217.447360124,0.4167869940842732,26.291194182751223
lbv,9584,221.454563929,0.46355700715264275,17.44072828105852
lbv,9585,230.458502339,0.4649595125562193,45.03359309177773
lbv,9586,213.716349625,0.499673288801442,11.974260158164828
lbv,9587,223.154165046,0.43700225599880876,15.097998346066943
lbv,9588,210.846686788,0.550189733505249,19.523346844841452
lbv,9589,255.542303785,0.5239109402557589,27.593035649318324
lbv,9590,306.888035173,0.5243231350779534,130.15591056674134
lbv,9591,314.616395195,0.5422774965060506,107.76921099494486
lbv,9592,316.198838203,0.531099312381202,155.6667745852003
lbv,9593,321.142233641,0.4600371725729115,211.89434443455116
lbv,9594,339.009588738,0.452463379426494,194.45370447495404
lbv,9595,345.056476248,0.43892640654857357,219.96456669826134
lbv,9596,336.285325908,0.4381038562711235,211.37448272705078
lbv,9597,343.790674261,0.45493458946775944,179.8768187279795
lbv,9598,315.453969744,0.4801872703535802,188.72761589499083
lbv,9599,339.357932775,0.47298337987606437,192.11184363271676
lbv,9600,351.520136866,0.4475002638656172,217.1021894567153
lbv,9601,450.519149575,0.4499992621732545,346.73907156551587
lbv,9602,436.740102557,0.47337576380020957,293.89557013418164
lbv,9603,391.559747541,0.4744453186399481,231.6805835200291
lbv,9604,325.773005821,0.4751421097633818,180.65884276745365
lbv,9605,238.906814488,0.5019049338977736,103.86586414411957
lbv,9606,377.950546385,0.5241693959213221,270.7284256280637
lbv,9607,252.651761109,0.5605803990733398,151.24358086679499
lbv,9608,179.260648479,0.5552747114864803,67.94255532657398
lbv,9609,163.5983668,0.5407087128670488,15.879295379040286
lbv,9610,177.811526528,0.31602540612220764,28.114259248621323
lbv,9611,179.524384785,0.34618639945983887,64.55877619724647
lbv,9612,180.586108514,0.366476788457516,88.24783172607422
lbv,9613,188.337854957,0.37361260248303,75.23203391280828
lbv,9614,193.685856615,0.39456431926893343,58.311451122807526
lbv,9615,203.774187921,0.39534307991872064,31.75894625794654
lbv,9616,211.921276663,0.34615890823659445,21.86687298943015
lbv,9617,233.006055744,0.3342720137401061,57.27039878695619
lbv,9618,257.272231634,0.47587064618156066,43.7337900797526
lbv,9619,331.41972106,0.4870017929301586,168.68768618714574
lbv,9620,263.663967826,0.5477335598602547,78.87722132065717
lbv,9621,276.819613317,0.5469889609035907,122.09063307818245
lbv,9622,270.260078995,0.500123861607992,149.94533188763788
lbv,9623,278.061633337,0.5217455691935724,148.3835573084214
lbv,9624,258.267301228,0.49817295987159,83.30318346210555
lbv,9625,202.834390044,0.3807943784471216,60.394968309589466
lbv,9626,202.821757026,0.41897009541072056,139.53345127479705
lbv,9627,190.105127918,0.4522721469895729,157.23556790819356
lbv,9628,182.537616747,0.42869765835961227,158.27708530800015
lbv,9629,184.128756952,0.397983555520713,93.19614655737783
lbv,9630,177.439073312,0.40122089540516886,105.43141667983112
lbv,9631,160.578271873,0.351158760247692,48.42037921980316
lbv,9632,176.40465,0.2792192747195562,24.991196576286764
lbv,9633,186.281196522,0.29867029190063477,31.499320684694776
lbv,9634,173.400116661,0.2941589669177406,44.515568901510804
lbv,9635,169.646856728,0.29412364071988045,12.235273323807062
lbv,9636,183.376619494,0.2932954030601602,29.677045934340534
lbv,9637,183.827845679,0.29371467021714265,29.416720970004214
lbv,9638,218.054103107,0.2691301243790125,15.359172895842907
lbv,9639,224.46009068,0.3427363749254834,68.72566755706188
lbv,9640,211.684337552,0.3654147867519076,52.58554609710095
lbv,9641,204.90756278,0.3558592153674781,63.25874947940602
lbv,9642,211.647083799,0.3786692160056598,69.76684187346814
lbv,9643,218.761714433,0.3529331840966877,29.67694019990809
lbv,9644,216.01082942,0.4294611939844095,68.9857625026329
lbv,9645,214.688161891,0.45182606284047516,73.93189900716146
lbv,9646,211.026481714,0.4428108551744688,76.79540013331993
lbv,9647,217.112316967,0.45554706487171437,117.92644895665786
lbv,9648,221.634997699,0.46237935108500855,89.55118818096085
lbv,9649,186.254147359,0.4999737441539764,17.44164853563496
lbv,9650,199.087261907,0.5028448634677463,74.97293485753677
lbv,9651,215.34607382,0.5551048526096912,87.46834309895833
lbv,9652,224.331483873,0.598135126900563,112.9798485251034
lbv,9653,224.459881512,0.5642273446461101,144.478676739861
lbv,9654,188.914910472,0.5988993078078094,79.13782447366152
lbv,9655,191.112380516,0.587910611320425,28.114745016659008
lbv,9656,227.280939209,0.6009566886625052,114.80171122831456
lbv,9657,228.798632705,0.5723542331584861,116.62386393827549
lbv,9658,232.02342831,0.5744544427768856,132.76369251924402
lbv,9659,248.237890526,0.6227023061670242,127.03657693301929
lbv,9660,261.536959843,0.5890157847425302,178.84025457045612
lbv,9661,262.027045399,0.6629651082736073,137.44923248291016
lbv,9662,227.773884561,0.6415069500605265,83.56281400194356
lbv,9663,226.963269805,0.5806368028143502,133.8045270732805
lbv,9664,211.286830672,0.5756958318479133,128.85843820010916
lbv,9665,168.500549477,0.5415497002965313,61.43552593156402
lbv,9666,217.006780048,0.6273317034693731,53.88632624009077
lbv,9667,229.258123784,0.6277761733531952,104.1281733793371
lbv,9668,163.158298549,0.5728391531990606,64.29914739272174
lbv,9669,204.435668547,0.5480720409594084,123.6522777781767
lbv,9670,179.910636227,0.5868067145347595,15.879572789809284
lbv,9671,187.199616106,0.4573036971092223,32.54013644947725
lbv,9672,208.168753245,0.44486120343208313,11.974780452952665
lbv,9673,208.551238506,0.5142254829406738,2.342899905934053
lbv,9674,184.041650095,0.4970993399620056,19.784524476294425
lbv,9675,179.112174568,0.4856076900448118,14.578076052198224
lbv,9676,169.691149579,,0.0
lbv,9677,161.237346605,0.5467267036437988,0.7809707641601562
lbv,9678,175.875850709,0.3544328808784485,4.946165226955039
lbv,9679,184.390316734,0.3544328808784485,0.5206489712584252
lbv,9680,179.108019229,,0.0
lbv,9681,173.188762174,0.4312773421406746,1.0413025500727635
lbv,9682,182.835016345,0.4502022862434387,23.169041652305452
lbv,9683,183.496614288,0.461193492779365,71.06907025505515
lbv,9684,170.67125103,0.40650567412376404,3.3842540965360755
lbv,9685,176.27472553,0.40639542501706344,33.842543209300324
lbv,9686,174.555377369,0.40363919734954834,0.5206553739659926
lbv,9687,177.544830578,0.41935051398144824,46.85906443876378
lbv,9688,170.066966439,0.3904854791859786,43.73519233254825
lbv,9689,181.603366612,0.4054897744604881,12.235465973498775
lbv,9690,200.018992053,0.4430838183301394,31.760099343692556
lbv,9691,197.104079446,0.46481708946980926,4.946251095042509
lbv,9692,180.867942262,0.49573035006012234,21.867679012522977
lbv,9693,195.566936473,0.4655846334105238,56.751771485571766
lbv,9694,208.643699941,0.3882924914360046,20.305629595588236
lbv,9695,231.941494811,0.531602133450837,30.19826307109758
lbv,9696,236.472555964,0.5605865586672398,39.30982408710555
lbv,9697,180.990521682,0.5720394849777222,8.070228786094516
lbv,9698,181.340356163,0.5686997655110482,50.76434236414292
lbv,9699,192.860681111,0.576025834284633,43.21478741215725
lbv,9700,192.060972899,0.5748293182607425,76.79745737711588
lbv,9701,204.180491781,0.5915329979958935,55.71078574984681
lbv,9702,230.23387256,0.5958050403743982,124.95884507123162
lbv,9703,263.781668994,0.5856593276413394,203.31858032824945
lbv,9704,283.004611306,0.6027847141894015,205.92208730660235
lbv,9705,305.671330378,0.5919159392218595,226.22816802380132
lbv,9706,296.872022542,0.5776539995691944,229.61266075583063
lbv,9707,261.471587173,0.6057579905537098,146.30665441774855
lbv,9708,189.059413702,0.5246496009826661,45.55803390203738
lbv,9709,389.099596132,0.48975502431782253,278.8153767305263
lbv,9710,479.219176639,0.4441191055534178,296.7786901137408
lbv,9711,291.124996761,0.5640531684479587,127.30288956586051
lbv,9712,278.163881253,0.5749037177410236,89.55475021063113
lbv,9713,191.022622409,0.4530460293139886,28.376404885684742
lbv,9714,150.777233662,0.2604127526283264,0.520668119542739
lbv,9715,160.654481552,0.2460562139749527,31.2401948816636
lbv,9716,170.086343967,0.2889204037217599,55.19109847124884
lbv,9717,172.845961366,0.3396424025432017,57.53420661477482
lbv,9718,171.092243979,0.34008214454497065,64.56336406632965
lbv,9719,175.268557816,0.33626910642181573,39.57114066329657
lbv,9720,185.43327991,0.34374784496990407,38.52984828574984
lbv,9721,175.150573726,0.30885353684425354,30.980130513509113
lbv,9722,212.053402773,0.4590896998359039,29.418137284821157
lbv,9723,311.264227755,0.5622966698025617,167.13691343419694
lbv,9724,338.52218814,0.5548972332066502,188.74521756639666
lbv,9725,194.300890269,0.5722297609300541,34.6250347960229
lbv,9726,195.836109045,0.48301119366182166,65.86575116924212
lbv,9727,339.291504887,0.4778262722192949,186.66325210870482
lbv,9728,210.751107586,0.4133356171594539,73.93642566157322
lbv,9729,269.435071926,0.5066347602722625,90.33773064706841
lbv,9730,222.300113736,0.38006242767147647,135.89733674292472
lbv,9731,198.974327618,0.36356011358485835,135.89734957825905
lbv,9732,177.91109791,0.278610291481018,58.57649542116652
lbv,9733,180.576704958,0.2380611482189923,10.67393933464499
lbv,9734,160.26892022,0.40183403605923934,17.703065700157016
lbv,9735,174.58565462,0.42207445572505053,90.59808089312385
lbv,9736,217.191213493,0.4127235721621737,77.5810167798809
lbv,9737,222.799557168,0.41036228293722327,28.637271058325673
lbv,9738,195.518117715,0.35770121560646934,6.768802897135417
lbv,9739,199.30581545,0.38627247986208896,135.8965077119715
lbv,9740,187.83150798,0.407919712527825,35.666224790086936
lbv,9741,161.602183571,0.44034090638160706,3.1240525189568014
lbv,9742,161.522449317,0.5578253865242004,19.52529234044692
lbv,9743,170.693712363,,0.0
lbv,9744,187.836012027,0.49115459248423576,43.736451541676246
lbv,9745,173.313178022,0.48527342242163585,19.264852606081497
lbv,9746,161.640333461,,0.0
lbv,9747,160.486644085,0.5969479084014893,13.277082824707032
lbv,9748,158.586938259,0.5138495068626794,89.03441943000345
lbv,9749,154.976314523,0.5427942966160021,44.51720096363741
lbv,9750,172.555991649,0.5591786703326672,60.65788035673254
lbv,9751,161.545690575,0.5311319165947763,91.63758903952206
lbv,9752,167.247905845,0.5101880645912504,77.31921575209674
lbv,9753,177.524014559,0.4932457208633423,34.364095889820774
lbv,9754,192.360850457,0.5410918523283565,4.425686645507812
lbv,9755,201.87450708,0.542267287351999,21.6077642104205
lbv,9756,208.168833177,0.49422028941144514,74.71593215044807
lbv,9757,193.279067486,0.46883812408114595,11.19436860926011
lbv,9758,176.538125454,0.4486833535561896,40.872569454417516
lbv,9759,173.266514559,0.45756131410598755,12.235742995318246
lbv,9760,178.979011157,0.3944207091390351,21.087167896943935
lbv,9761,171.033512576,0.4243123233318329,24.471528176700367
lbv,9762,179.547348889,0.4632085972237137,13.797801896637562
lbv,9763,220.148999699,0.4839206846207862,80.44379514806411
lbv,9764,237.233917051,0.4531662472196527,57.794721266802625
lbv,9765,198.991933158,0.4787176271197212,62.741063555549175
lbv,9766,176.686248019,0.4982316511146951,85.91098638796339
lbv,9767,183.844046774,0.513902437558277,36.1867764042873
lbv,9768,161.461137282,0.5231451750374758,54.15005074295343
lbv,9769,175.966614933,0.5223398804664612,24.471657547296264
lbv,9770,175.715359522,0.5429906249046326,5.206744624119178
lbv,9771,186.826632104,0.5276910879395226,31.500804975921035
lbv,9772,172.119836594,0.5340668407697527,32.80249113195083
lbv,9773,165.88806222,0.5405822505980182,42.43496868657131
lbv,9774,162.200508988,0.5168402501245734,65.86531949510761
lbv,9775,162.743454924,0.5153873562812805,31.761142207126994
lbv,9776,177.125796617,0.5683600306510925,8.07046900730507
lbv,9777,169.121905639,0.5520381403493357,23.69073160208908
lbv,9778,181.51926261,0.5353535413742065,21.34769221287148
lbv,9779,169.887020122,0.5537068706292373,3.384396063112745
lbv,9780,167.19360725,0.5559608707061182,33.84396063112745
lbv,9781,163.30026468,0.5535745024681091,46.07985409007353
lbv,9782,178.914465604,0.5970696210861206,1.562031644933364
lbv,9783,170.17367203,0.5961583109185248,26.294199356378293
lbv,9784,169.616357442,0.550302925762857,40.873157785453046
lbv,9785,177.449455209,0.5804609547961843,8.59118885713465
lbv,9786,168.604633394,0.5560472569888151,41.1335708917356
lbv,9787,177.406224845,0.5409950980773339,84.61019328996247
lbv,9788,203.958590315,0.574424562545923,47.381763892080265
lbv,9789,230.935650433,0.5884090232695797,80.96559086219936
lbv,9790,258.136714914,0.5506755826519985,146.05053701961742
lbv,9791,222.014051045,0.5697024423143138,59.8781790340648
lbv,9792,164.393435765,0.5606405456289112,36.18725774428424
lbv,9793,182.901940886,0.46637779634809656,77.32095839556527
lbv,9794,166.29402772,0.49114251782496776,62.481676887063415
lbv,9795,164.374904592,0.5044904500246049,33.84428540398093
lbv,9796,189.670479025,0.44151507453484967,57.275025760426246
lbv,9797,185.119828402,0.38138855972955393,55.97340437945197
lbv,9798,183.441305214,0.49996025027126395,48.42357135847504
lbv,9799,147.378555558,0.34055790305137634,23.691186284083948
lbv,9800,172.190949448,0.4043330141636128,55.45297268138213
lbv,9801,179.950500631,0.48689553141593933,2.343092435948989
lbv,9802,191.025306662,0.4841346437339301,72.37549947102866
lbv,9803,175.109935118,0.5347961378631307,17.44304345822802
lbv,9804,187.793323772,0.48748376965522766,64.04463698443244
lbv,9805,185.092210643,0.4928300117558621,24.472344312480853
lbv,9806,177.454348267,0.6183055289860429,30.199965652765016
lbv,9807,191.290613189,0.5991850581459219,68.47061178169999
lbv,9808,206.192115261,0.5525535006704354,109.60506077186734
lbv,9809,206.295943227,0.5611692876882957,73.93792099298214
lbv,9810,199.744840909,0.5655753700666024,73.93797439874388
lbv,9811,204.082536996,0.5652103063526687,74.4586971208161
lbv,9812,171.920607844,0.6168236223450542,35.66732378192977
lbv,9813,205.498907225,0.5824464672048326,92.422654245414
lbv,9814,258.599584946,0.6293028219105447,95.02625125062231
lbv,9815,297.676635268,0.6196631879468245,190.83365637087354
lbv,9816,325.980792594,0.577439186720529,256.7013754152784
lbv,9817,367.428837144,0.556252594310713,250.97406840604896
lbv,9818,298.970943658,0.5657011018738131,199.6858853807636
lbv,9819,331.768197042,0.5588055010907252,217.91028140198952
lbv,9820,316.199340681,0.5350834787610065,216.08811681410845
lbv,9821,190.883447156,0.5091031523127305,123.66483217127184
lbv,9822,255.840710052,0.5466535566770525,116.37537563548369
lbv,9823,198.212400927,0.5568010479631559,55.4540984209846
lbv,9824,197.233742793,0.4805521249305456,83.31137198653875
lbv,9825,174.789085696,0.5226898117933745,63.264672402774586
lbv,9826,173.296457552,0.48318514630601217,67.43030413459329
lbv,9827,152.792739075,0.540063362121582,26.034911510991115
lbv,9828,149.952189449,0.5604361891746521,7.289786783854167
lbv,9829,159.32085923,,0.0
lbv,9830,173.524007667,0.5475327372550964,9.372632553998162
lbv,9831,248.201886211,0.5731004401510515,109.60783703373927
lbv,9832,283.139593065,0.5909821263661511,158.2937272314932
lbv,9833,214.952318989,0.6058419610811695,114.03408921185661
lbv,9834,266.854033377,0.6144600042991767,154.64920636345357
lbv,9835,213.908866897,0.5726652576424981,92.16482418284697
lbv,9836,153.347583832,0.4202454566535815,73.94028009152879
lbv,9837,153.967484306,0.40651682019233704,41.65650850183823
lbv,9838,160.854778966,0.42210568678684723,20.307617007984838
lbv,9839,185.821388974,0.5829873417699061,55.97617160572726
lbv,9840,164.914607204,0.4258964366270501,107.26616237864775
lbv,9841,159.198529537,0.4202083931639304,79.6686679615694
lbv,9842,154.236782537,0.4598527316536222,3.644973934397978
lbv,9843,169.527550104,0.40695275885087473,35.14807353300207
lbv,9844,181.847085426,0.48213243705255016,63.266507227280556
lbv,9845,151.663602217,0.3387990874402663,13.278189984489888
lbv,9846,139.699404152,0.3254254258104733,29.159986548330274
lbv,9847,140.193959906,0.32196976827538526,89.82323859719669
lbv,9848,140.828133605,0.35512334822483793,137.98927995270373
lbv,9849,142.4182866,0.3637708619069517,115.85895963182637
lbv,9850,149.994486637,0.35174110699568367,78.6278886383655
lbv,9851,152.459747623,0.3478434489053838,44.26073201497396
lbv,9852,221.226914949,0.43550660654350565,98.41534815769569
lbv,9853,290.087427984,0.46430004856332024,197.61140217500574
lbv,9854,207.544048006,0.5515815879542397,59.10107089771944
lbv,9855,316.50364597,0.5220026406325659,172.09566375134037
lbv,9856,169.071693138,0.522847467853177,56.497230469946764
lbv,9857,161.630177459,0.5782145632279887,19.26630243039598
lbv,9858,151.984586663,0.6176459528505802,24.99409419041054
lbv,9859,170.175114456,0.6401783981166044,47.384576416015626
lbv,9860,155.696382538,0.6101600699577466,73.1595531688017
lbv,9861,161.916791259,0.580619235443913,79.66834671918085
lbv,9862,137.19716624,0.5864860415458679,38.01162953096277
lbv,9863,155.160656644,0.5660885420110491,23.43181714824602
lbv,9864,149.088964769,0.5882068872451782,17.96436929141774
lbv,9865,169.308450045,0.5924087744206191,58.31900945925245
lbv,9866,163.595871442,0.6037215493295502,23.952439820532707
lbv,9867,172.132126922,0.5609182100142202,64.56735815908394
lbv,9868,158.910215904,0.5695321863772822,26.555904882094442
lbv,9869,169.10852762,0.5406401876077755,72.11743295706955
lbv,9870,143.808032361,0.5619991706176237,11.455476140040977
lbv,9871,155.462215702,0.5247829039424857,77.58469827689376
lbv,9872,146.069248615,0.4403503796640033,140.84989701813342
lbv,9873,158.751766586,0.5006347614739622,72.89831605799058
lbv,9874,162.676870663,0.49088765714115223,81.48997530469707
lbv,9875,152.290028562,0.40946712914635147,17.70389200846354
lbv,9876,165.121899526,0.36923617124557495,4.686324355181526
lbv,9877,171.551816167,0.4634075207369668,16.402197175867418
lbv,9878,176.255211551,0.5943436043130027,18.745422123927696
lbv,9879,181.679315479,0.6179532522411016,45.04113078397864
lbv,9880,163.108236051,0.6049464379853391,97.89297808478861
lbv,9881,158.945224121,0.594283427303261,74.72161883185892
lbv,9882,161.259924053,0.6188033347184948,45.04132600672104
lbv,9883,175.733951419,0.6444954848664952,33.065069490320546
lbv,9884,188.501338607,0.6120682486688904,99.45559979607077
lbv,9885,155.86783971,0.6170234783251483,34.62724304199219
lbv,9886,147.047874476,0.4845440897596888,43.218954288258274
lbv,9887,128.736682405,,0.0
lbv,9888,159.545866004,0.41586915359777565,4.426054801192938
lbv,9889,155.096370277,0.4237744549046392,11.976400158452053
lbv,9890,150.033222259,0.3895566463470459,11.976412724513633
lbv,9891,159.794676899,0.5444002747535706,30.201496199065563
lbv,9892,188.408194481,0.5680863179506794,96.85318352194392
lbv,9893,220.717701455,0.5791433530877221,110.39193650787952
lbv,9894,194.305426324,0.6095355760066881,28.379098480822996
lbv,9895,129.931209264,,0.0
lbv,9896,140.475377276,,0.0
lbv,9897,148.053761036,0.4488525986671448,9.633336594525506
lbv,9898,192.5559469,0.4630166212995569,37.231566574994254
lbv,9899,210.755272176,0.4902335651088179,29.681162037568935
lbv,9900,209.73786055,0.5151074161896338,54.15519388236252
lbv,9901,174.45186307,0.5356822008310362,55.97777470607384
lbv,9902,176.480880218,0.5347234606742859,16.402823235006895
lbv,9903,221.828888816,0.5067938405733842,20.3082981782801
lbv,9904,255.512594687,0.5420204746294728,123.15178533815869
lbv,9905,295.118534949,0.6419358599502427,147.10544077555338
lbv,9906,255.927275575,0.5452665218764597,115.60165453144148
lbv,9907,184.802863069,0.539829316151202,51.81247941559436
lbv,9908,143.051159275,0.3966570059616727,65.351601933498
lbv,9909,166.874398247,0.44816116075865264,49.72970799464806
lbv,9910,145.403895822,0.40226751182338977,52.59380238850911
lbv,9911,169.811475997,0.42831386025849877,20.04815778545305
lbv,9912,182.335417145,0.392067698921476,9.112817472570082
lbv,9913,211.182488742,0.4265766942134784,93.21111387365004
lbv,9914,199.177207114,0.39626278473358406,118.72709413416246
lbv,9915,183.944899121,0.3246450730299546,76.80818074544271
lbv,9916,159.559983227,0.2726490519664906,21.089730027142696
lbv,9917,147.849621726,0.2235173135995865,36.97215235093061
lbv,9918,158.668306927,0.25597748160362244,2.3433094697840073
lbv,9919,171.421083013,0.550504121515486,11.716513241038603
lbv,9920,193.636421323,0.5139060616493225,77.3290792128619
lbv,9921,199.031555643,0.601076131957209,60.92594119801241
lbv,9922,222.0496481,0.5501166230471677,98.41892592486214
lbv,9923,141.175222627,0.3890234260697073,80.97442294850069
lbv,9924,142.236121598,0.37930108581980077,124.9766647937251
lbv,9925,156.475191892,0.3767227631314357,138.5158234540154
lbv,9926,152.791305128,0.34932427551003475,71.86159138399012
lbv,9927,149.899675404,0.4341670757532122,143.20216594022864
lbv,9928,170.163476818,0.4397241063872163,127.57995425953584
lbv,9929,164.858757091,0.3867873130316403,48.688576731962314
lbv,9930,170.541247769,0.35619261860847473,45.82448156020221
lbv,9931,181.14626737,0.2648720443248749,0.26036589379404107
lbv,9932,182.785874518,0.32573368506772177,3.6451121909945616
lbv,9933,198.127955668,0.4381196340858537,38.794333723479625
lbv,9934,201.096199041,0.48927303117634074,103.10427057602826
lbv,9935,223.515091948,0.5105937053725279,224.17337643492456
lbv,9936,209.179769355,0.5038677006359867,193.97083536783856
lbv,9937,184.810071575,0.48659918652941475,103.10379109102138
lbv,9938,169.672925743,0.48612808498717447,34.10750944848154
lbv,9939,179.747686212,0.48915136167821327,58.060736293418735
lbv,9940,173.065501798,0.519743447978747,57.01920133104511
lbv,9941,177.698581333,0.5920306461698869,35.40911748549517
lbv,9942,174.506664031,0.5531654237142575,39.83516118666705
lbv,9943,177.736044504,0.5503716619241805,109.35134708180148
lbv,9944,160.591271629,0.5217146433370058,89.56384187586167
lbv,9945,141.394085119,0.4707470205095079,14.059432803883272
lbv,9946,138.519741904,0.3966253399848938,22.39088021072687
lbv,9947,146.743296273,0.3966253399848938,3.384667938830806
lbv,9948,146.671531945,0.5082575082778931,39.834800720214844
lbv,9949,148.298378751,0.5374741264655766,46.08332645191866
lbv,9950,148.639765773,0.4968942888327782,78.62789916992188
lbv,9951,140.507349863,0.4939732626080513,74.9827745325425
lbv,9952,142.4061029,0.5038837168699878,78.36727782604741
lbv,9953,131.676279053,0.4951124723468508,21.869918105181526
lbv,9954,142.3995559,0.5369775432806748,20.30772974350873
lbv,9955,140.548483399,0.5282538533210754,14.579905311734068
lbv,9956,149.047882825,0.5547798977785812,60.14190054500804
lbv,9957,145.476662639,0.577371515646702,30.98216597613166
lbv,9958,148.405389844,0.4904263683160146,19.526525609633502
lbv,9959,145.099539645,0.36182817816734314,5.988133419261259
lbv,9960,141.202135598,,0.0
lbv,9961,152.971716054,0.5781267386371807,15.360793109968597
lbv,9962,155.765653241,0.4288573848554887,129.65528169519763
lbv,9963,152.470008181,0.4233757299884782,146.3177216174556
lbv,9964,161.69200377,0.45060792507220665,146.83838034237132
lbv,9965,150.017392074,0.49537404620550507,96.06981623032513
lbv,9966,155.453570203,0.43970959397692655,83.05219068340227
lbv,9967,156.79410837,0.34383659135727657,27.336903291590072
lbv,9968,173.928091591,0.5192023052109612,103.09931622673484
lbv,9969,189.272146018,0.5848876421710094,108.0460085401348
lbv,9970,171.851485407,0.5958937746761119,58.839507218903194
lbv,9971,191.096395841,0.5916229360243853,110.64941122017655
lbv,9972,194.301888694,0.6064716765346628,149.96244174732882
lbv,9973,177.015480116,0.5106898711008183,177.03881820977904
lbv,9974,222.878559099,0.6082747001966387,152.04527770397712
lbv,9975,208.442413898,0.5977362107605003,89.30054237515319
lbv,9976,292.403509705,0.6185970953532628,91.12310865813609
lbv,9977,348.662532031,0.6309644555321485,120.0222380993413
lbv,9978,347.134091108,0.570643694176849,184.32919374353745
lbv,9979,220.807892122,0.5989603402344047,73.41933423210592
lbv,9980,215.472014915,0.5716345413775629,140.85060843673406
lbv,9981,226.049313237,0.6058932827545863,105.1823994655235
lbv,9982,215.393824976,0.6540541480642578,74.72122473623239
lbv,9983,193.993195437,0.640089361263173,87.47851371017157
lbv,9984,209.069787948,0.5941033767702433,110.91029351926318
lbv,9985,192.596995292,0.5644819401307779,93.98735848221125
lbv,9986,159.06200503,0.6195289254188536,18.224722469554226
lbv,9987,152.121920838,0.5380701266748961,44.7807466394761
lbv,9988,169.097637765,0.6068402437063364,6.769193402458639
lbv,9989,183.096885143,0.5488791989048881,55.45530769497741
lbv,9990,185.547689173,0.5448324084281921,9.112376942354091
lbv,9991,161.473096673,0.501267974659548,30.721763880112594
lbv,9992,165.665347506,0.45565121926937163,91.90495686250574
lbv,9993,156.203385034,0.5776064395904541,38.53246962603401
lbv,9994,146.145895944,0.53735627817071,23.952656644933366
lbv,9995,157.273941641,0.5364618301391602,4.946744492474724
lbv,9996,146.133641131,0.4139849696556727,78.10677427404066
lbv,9997,154.707046701,0.4952999333124511,49.727995449888944
lbv,9998,158.819017907,0.40836199534975964,47.90564551259956
lbv,9999,163.725066014,0.48192786292897327,46.864207548253674
lbv,10000,166.785452906,0.4472467033105476,27.858223649567247
lbv,10001,162.267498375,0.5759453904338,10.674666760014553
lbv,10002,190.171580011,0.5696827619654652,63.26692738252528
lbv,10003,200.406608757,0.6154264575242997,78.10731775620404
lbv,10004,199.317489932,0.6214121523602255,90.60448859719668
lbv,10005,199.142182349,0.5781153133310425,84.8766285017425
lbv,10006,200.996815541,0.5969370536315135,50.76982460769953
lbv,10007,191.714146978,0.5552424634109714,86.9596108530082
lbv,10008,178.938616222,0.5665719140813036,55.19600213742723
lbv,10009,195.000781616,0.5654554201015067,125.23251806520948
lbv,10010,198.626802747,0.5676032389481055,153.87204607795266
lbv,10011,223.399455296,0.6302412270449333,118.20302866019455
lbv,10012,213.946947262,0.6370636862529446,118.98412472594019
lbv,10013,172.124623754,0.59235202969533,109.87154238831764
lbv,10014,210.664267104,0.605924154824091,128.61753258798635
lbv,10015,220.442590991,0.6303465308155864,133.30413890165443
lbv,10016,255.279036897,0.6132258039759838,165.32846568986477
lbv,10017,274.412382295,0.6154055726109889,178.0863328522327
lbv,10018,228.023387723,0.619698687503626,118.46393214207069
lbv,10019,176.477211368,0.6044312090408511,32.02433157528148
lbv,10020,191.143777411,0.6261189292777668,28.639698701746326
lbv,10021,184.282334846,0.6100896199544271,7.029744226792279
lbv,10022,191.360671845,0.5183939203671518,75.24455733953738
lbv,10023,235.5517773,0.5055859856229079,123.67189675125421
lbv,10024,225.23169706,0.5131296101336679,124.97388401405485
lbv,10025,164.15099285,0.5597048119203119,126.01537406771791
lbv,10026,210.711577059,0.6078772311307947,191.3664416144876
lbv,10027,257.139843236,0.6190000033295625,224.4325455011106
lbv,10028,218.520537347,0.635851957071696,196.5737054862228
lbv,10029,169.008120751,0.6041497291083548,163.50763032202627
lbv,10030,166.525829942,0.6656497980924261,38.79405685125613
lbv,10031,169.55209035,0.6053475807694827,13.278517689424401
lbv,10032,180.72957717,0.5033851504325867,13.018143747367112
lbv,10033,195.833314081,0.5133376187748379,28.119244743795953
lbv,10034,206.569180853,0.5348743796348572,48.94846355961818
lbv,10035,220.073320267,0.5762852414961784,40.35655960382201
lbv,10036,218.926695099,0.5597823197888855,131.4843365538354
lbv,10037,248.863210277,0.543246236841601,216.3635093240177
lbv,10038,294.953660248,0.5484544983731402,265.312356746898
lbv,10039,182.898782325,0.5327800271473406,115.34193163105087
lbv,10040,160.985016206,0.5441763229992078,119.76821854535272
lbv,10041,192.590957073,0.5447930193980703,123.15319222842946
lbv,10042,254.23205391,0.5089372221659628,201.5237020155963
lbv,10043,283.889287499,0.5650097304310939,194.23375908346736
lbv,10044,287.253640092,0.5635277228675586,217.146412748449
lbv,10045,325.186682032,0.5490173782037894,266.09591638901657
lbv,10046,396.201175972,0.5446113616275712,325.9810900519876
lbv,10047,367.5884391,0.5245878364373149,305.4124619128657
lbv,10048,455.0494566,0.5186693878774997,454.3441091799269
lbv,10049,456.281027074,0.5280631234304669,460.3334165086933
lbv,10050,395.984212545,0.5402505876864218,327.02471086090685
lbv,10051,441.987433466,0.5510613900300197,366.3410924275716
lbv,10052,516.066339184,0.5357723612362435,522.564158630371
lbv,10053,560.577996089,0.5334494357557493,559.2774376364315
lbv,10054,545.200058085,0.5371340283980737,538.1883158066694
lbv,10055,566.541535411,0.5377514222992547,565.7886579326554
lbv,10056,302.076701998,0.48488021045143065,298.38700304218366
lbv,10057,488.144732291,0.5392995259895149,507.4666320202397
lbv,10058,537.510590279,0.5549363676246293,534.5461975097656
lbv,10059,541.646240016,0.5581447250687304,530.1206569896025
lbv,10060,374.616570793,0.5196056229997552,377.8027383243336
lbv,10061,373.353964808,0.5018302818752438,371.29380220899395
lbv,10062,197.717789399,0.42607924279056086,159.87018965178848
lbv,10063,599.626293753,0.544261623721451,506.6885461545459
lbv,10064,576.364039079,0.5471061302292709,491.326958061667
lbv,10065,429.951620049,0.5933068506752275,233.29583285462618
lbv,10066,421.102947754,0.532940260219737,304.89952545166017
lbv,10067,347.667674596,0.5867601626421797,157.5270809397978
lbv,10068,369.487960124,0.5166763827073093,265.3228885127049
lbv,10069,390.366105013,0.5073780612343323,300.9944834092084
lbv,10070,346.187128953,0.4525579069655365,254.6477636898265
lbv,10071,208.608762457,0.37037770531394265,28.64142165838503
lbv,10072,187.564522883,0.4047859065008886,103.10909953397862
lbv,10073,190.37665251,0.446915189985947,193.7200531903435
lbv,10074,198.53526917,0.47888388735982335,177.57665928859336
lbv,10075,152.193383975,0.45429427670314904,83.32043741263595
lbv,10076,163.015380217,0.45471970116098714,62.490297205307904
lbv,10077,172.492227267,0.5035075327782769,80.9769105499866
lbv,10078,167.605463147,0.5787812834832726,53.377056196624146
lbv,10079,183.602366678,0.6221748981082323,53.63732126273361
lbv,10080,161.247735976,0.5630439741546241,104.67070791207108
lbv,10081,130.70604735,0.5076004542434643,79.93493993422564
lbv,10082,146.898076609,0.5253706879394,44.784359920726104
lbv,10083,153.960795106,0.5575672525991785,48.950326089298024
lbv,10084,154.060409968,0.5823068261554798,38.01454378015855
lbv,10085,165.669287528,0.613648509237089,66.91602621639476
lbv,10086,231.06022077,0.6225088915721638,132.26970914952895
lbv,10087,236.998930343,0.616194148770863,177.31414426915785
lbv,10088,161.482954099,0.5838217307493514,118.99041595458984
lbv,10089,154.90698945,0.6063023896607677,117.6884765625
lbv,10090,181.328898599,0.5987194880448292,186.68722007601866
lbv,10091,214.147632096,0.6067841875255934,187.98916916192746
lbv,10092,175.275948767,0.6174212130081239,97.11906002269072
lbv,10093,293.040824484,0.6129694487338879,233.55470302806182
lbv,10094,269.110282477,0.6288895944414391,167.4200912475586
lbv,10095,206.676131021,0.5841633996939006,152.05812126608456
lbv,10096,210.408275902,0.6388953550342928,118.73046776266659
lbv,10097,212.882665603,0.5738860042384494,178.09573597627525
lbv,10098,249.843176955,0.5582334414980877,226.5254072301528
lbv,10099,242.565989939,0.5696442906593169,223.92186916575713
lbv,10100,224.428791269,0.5585654649161553,167.94156697591146
lbv,10101,166.18402576,0.5779841590312219,64.57298177083334
lbv,10102,162.910628699,0.46105265044568305,93.4747844621247
lbv,10103,174.664271761,0.40210859228711615,141.9047399782667
lbv,10104,176.157929369,0.33391659958706393,110.13913035673254
lbv,10105,202.519018314,0.3677656910288224,56.762047681621475
lbv,10106,275.671100927,0.2881704633300369,57.80375234566483
lbv,10107,260.225654944,0.3779414622597611,90.09062835094976
lbv,10108,182.706894993,0.423328881163195,43.22272039675245
lbv,10109,172.380127943,0.4270198210080465,39.056795456830194
lbv,10110,200.394736675,0.46693188006825304,141.64604623831957
lbv,10111,255.260621141,0.5019069448137058,164.2992360432943
lbv,10112,193.172386455,0.5550811562849127,47.90978246950636
lbv,10113,163.821683702,0.4884331501447237,88.00844798368566
lbv,10114,177.157178426,0.4891789736821479,101.0276112275965
lbv,10115,159.991813618,0.4592403400959652,82.54065076042623
lbv,10116,139.963610834,0.48189527657296927,82.01998766730813
lbv,10117,154.457567012,0.4865458669563451,81.49931694479551
lbv,10118,137.481588948,0.49859359188818586,55.46125213024663
lbv,10119,141.287009139,0.5130008459091187,15.102146762025122
lbv,10120,152.987581356,0.48514851927757263,37.495049689797796
lbv,10121,153.359081715,0.43114668579120946,64.05414150462431
lbv,10122,154.134641627,0.4598320361815001,39.57817622166054
lbv,10123,160.364410332,0.41761101226103475,56.5032444972618
lbv,10124,152.145262094,0.4726400881646627,86.44744514016544
lbv,10125,156.726632775,0.501053172013452,64.57527836818322
lbv,10126,156.251647923,0.3741152584552765,1.3019228168562347
lbv,10127,160.893848488,0.3832821846008301,13.019273047353707
lbv,10128,146.81167055,0.3851033557545055,25.778203717400043
lbv,10129,160.021958161,0.3893107417083922,21.872424555759807
lbv,10130,153.871013563,0.42683628041257143,24.215963804955578
lbv,10131,161.252578765,0.41343609379256596,110.14364471435549
lbv,10132,169.944915749,0.47422611055353897,122.64235471837662
lbv,10133,167.333093502,0.48259583612283063,76.55396037382238
lbv,10134,156.178271956,0.426709186607206,102.5927671544692
lbv,10135,183.820393182,0.5119916736556772,89.05273204130285
lbv,10136,164.249173987,0.4841343026363712,134.8809954175762
lbv,10137,212.75780865,0.5175980407704589,121.08062783035578
lbv,10138,149.711312697,0.48389038886943475,84.88669717826096
lbv,10139,132.112969341,0.453457312620416,51.036207430970435
lbv,10140,145.101880093,0.49025813129640394,16.144130721746706
lbv,10141,154.322626834,0.35318079973579547,28.38246068019493
lbv,10142,149.256884643,0.359838274217421,8.072084703632429
lbv,10143,149.84391478,0.385264699275677,16.925384820676317
lbv,10144,152.201770281,0.4037801253073143,17.185801786534928
lbv,10145,185.072434028,0.4158202792163444,58.8484426760206
lbv,10146,231.350574843,0.4352197446385208,51.036779216691556
lbv,10147,208.312311641,0.38017895823358594,138.5286838606292
lbv,10148,268.152570864,0.41420585552447936,153.89210082409429
lbv,10149,329.002971965,0.4201506113394713,304.65990492876836
lbv,10150,248.047988498,0.4671412220765255,249.4570322373334
lbv,10151,236.209304756,0.5086178332124386,175.24518728817208
lbv,10152,241.106198565,0.5088222520907082,226.8036191154929
lbv,10153,240.574322018,0.5021864215343116,245.29204789703965
lbv,10154,207.787017729,0.46106565419480516,158.58078326056986
lbv,10155,202.192296717,0.4173216225367834,188.00579965628827
lbv,10156,209.872553435,0.4156759314899204,205.71306729784197
lbv,10157,259.743077395,0.44562912907455055,264.8234574261834
lbv,10158,225.535458459,0.4330043163952331,177.85125621720854
lbv,10159,201.495268985,0.43072568156728247,137.4899236342486
lbv,10160,204.257468936,0.43522266630943013,135.4070036645029
lbv,10161,212.39838865,0.44314503971019087,190.61172054515166
lbv,10162,228.541366415,0.4552676748726496,228.3698549756817
lbv,10163,221.559412664,0.44950069574964135,211.96510482488895
lbv,10164,236.037891848,0.4568342642285693,195.56026620303885
lbv,10165,289.067730953,0.4767970938757421,215.6114734425264
lbv,10166,210.631741011,0.4976432165649246,154.4176275814281
lbv,10167,136.934944319,0.5037181805819273,66.66270698098576
lbv,10168,130.327499966,0.48774037758509325,68.7460360657935
lbv,10169,157.287666973,0.4746579389897582,87.75549077052696
lbv,10170,149.405607633,0.4345956556824831,89.31804193234912
lbv,10171,145.247420702,0.518166825988076,28.644324508367802
lbv,10172,177.190616265,0.5216662333988996,41.92492813409543
lbv,10173,387.098184644,0.6103865476644516,280.97593925326476
lbv,10174,185.817002043,0.5602729216491769,99.21405451157514
lbv,10175,194.593946532,0.5405151296100941,91.92281649720435
lbv,10176,377.507771683,0.5647859471783399,196.34522651223577
lbv,10177,552.032743513,0.41457720192635583,422.8990421669156
lbv,10178,317.477504751,0.45862234214747505,239.83342626235066
lbv,10179,295.010632646,0.4362949419142352,282.80088462081613
lbv,10180,242.000926138,0.4281547180912804,122.65132248822383
lbv,10181,143.72277869,0.3003564243859584,26.301122239056756
lbv,10182,193.929068275,0.3855004645344139,35.936092810537296
lbv,10183,245.400653747,0.3152858131098331,104.42346532485064
lbv,10184,333.489027401,0.3220937852201791,226.55397494446996
lbv,10185,234.706026087,0.3191684572398663,104.16303872501149
lbv,10186,421.581416548,0.36665172781600835,249.47083605598002
lbv,10187,383.159080183,0.39981103188096273,193.48265231263403
lbv,10188,316.523889019,0.3579310021230153,191.39916094611675
lbv,10189,265.631095035,0.3825355111747175,173.4308053409352
lbv,10190,209.362927568,0.43906984552172296,136.45277509502336
lbv,10191,211.705566448,0.4301254766574803,107.80789034974342
lbv,10192,853.316046391,0.5941654470628539,721.5797125124463
lbv,10193,228.622644939,0.5344206619340536,279.15404881496056
lbv,10194,334.194474971,0.4513783781256919,249.2085707720588
lbv,10195,201.996626387,0.3961885854088027,30.20709264418658
lbv,10196,256.994206246,0.4412950612120814,80.20497541240617
lbv,10197,436.784549647,0.5144918196766334,245.04133788464114
lbv,10198,436.962377638,0.5338833689734995,342.17247763241045
lbv,10199,676.948503237,0.5670404946937347,489.03888884899663
lbv,10200,377.252778431,0.5387298806215364,144.78484730440027
lbv,10201,410.16767883,0.5492569931609537,253.37358476227405
lbv,10202,740.267376221,0.6330571423618186,582.5242706598019
lbv,10203,842.227546157,0.6095253709103731,695.2807132496553
lbv,10204,343.890970109,0.5341752303912576,147.1293514775295
lbv,10205,232.991815777,0.40772082720484054,36.45684455422794
lbv,10206,158.16036523,0.3791109224160512,2.343660780962776
lbv,10207,141.576565733,0.2610685323796621,10.676700726677389
lbv,10208,175.319876319,0.4084644118069552,59.112481330422796
lbv,10209,180.483812982,0.2968529966142443,35.15504365808824
lbv,10210,191.895359738,0.4226931980000207,52.341932618384256
lbv,10211,194.000015008,0.4282558578840444,92.44474059460211
lbv,10212,200.848442035,0.44518802825222725,90.88230049282896
lbv,10213,307.367841281,0.4840496357064694,133.3292694091797
lbv,10214,289.412756318,0.444326386087299,100.51785140692019
lbv,10215,266.58361417,0.40129705533689386,89.32038756725835
lbv,10216,519.008337234,0.43174544072227533,325.2508813895431
lbv,10217,601.759584023,0.42893042216169586,415.87365725648164
lbv,10218,290.018445506,0.4109618322867336,103.12216674206304
lbv,10219,243.237535875,0.4137481954499814,88.01830297731885
lbv,10220,242.314861542,0.4222112075801482,89.05991578943589
lbv,10221,281.080359376,0.4238086840259695,139.31918601241767
lbv,10222,332.138706923,0.4262306912500526,220.30661923277611
lbv,10223,190.015632163,0.5063704302946426,137.75601755777996
lbv,10224,199.844041262,0.5437619493488124,136.9747906254787
lbv,10225,192.256005627,0.6009608422391302,115.36087392171224
lbv,10226,199.824518708,0.6153232579619526,102.34045257568359
lbv,10227,193.162835659,0.6052877109820448,99.21553542193244
lbv,10228,187.254705162,0.5900041680172007,98.43431073357078
lbv,10229,188.579988078,0.5811024453188922,86.71594040814568
lbv,10230,189.544491059,0.5880321878992933,91.4032885383157
lbv,10231,184.909028283,0.5651365121778219,90.36165562050014
lbv,10232,191.758142834,0.5411847233772278,78.64328529507506
lbv,10233,213.555770093,0.5352472995336239,27.082486829570698
lbv,10234,211.145074063,0.5177315704655229,74.21642228668811
lbv,10235,229.092253895,0.49496059018102556,22.915964014389935
lbv,10236,235.928979649,0.5082547232145217,85.41410031786153
lbv,10237,260.227277584,0.5552944016068582,144.0060744640874
lbv,10238,248.058627715,0.5235529494690827,91.92439177270029
lbv,10239,186.033179198,0.46011281435883894,33.07204170975031
lbv,10240,197.353609324,0.5176506530154835,2.8645059024586397
lbv,10241,190.214140701,0.44787868280564586,40.363628013461245
lbv,10242,206.472628645,0.46718635355066135,77.60232998717065
lbv,10243,198.033708983,0.4306151568889618,49.73840613271676
lbv,10244,198.320940964,0.4760199329074548,12.760117803835401
lbv,10245,208.159951808,0.4767201909026189,76.30031337364048
lbv,10246,202.095446614,0.515106805562973,26.04109521005668
lbv,10247,207.374706316,0.5569823466498276,45.311505665498615
lbv,10248,195.515678158,0.5644462401749658,63.540272312538306
lbv,10249,203.225555424,0.5314237682932267,93.48750583424287
lbv,10250,197.969126808,0.5243355730433524,105.46643189074946
lbv,10251,195.839765438,0.5204650820311854,61.456992773916205
lbv,10252,199.879790077,0.5301224221574499,12.23933584175858
lbv,10253,192.475569276,0.5595992964152332,57.03001960305607
lbv,10254,212.674297089,0.5824393472134671,117.9661679136987
lbv,10255,209.769644189,0.6015711728530595,102.86229268990311
lbv,10256,240.255705528,0.6509683988397085,98.43533989401423
lbv,10257,243.999245949,0.6605415584579591,80.7273951511757
lbv,10258,276.108935498,0.5994415422351714,145.56957391477098
lbv,10259,273.935729454,0.6302700124405048,140.6217395558077
lbv,10260,273.709957076,0.6646467276161576,135.15311225442326
lbv,10261,279.281201734,0.6445185827085065,154.6838222728056
lbv,10262,214.710966586,0.6226836559956507,155.20448787913602
lbv,10263,169.727477035,0.6496792468913766,111.97634026022517
lbv,10264,181.097398289,0.6514401421373189,128.64260577033548
lbv,10265,176.611304641,0.6023193741905389,134.63204351686963
lbv,10266,178.91997194,0.596096601892025,85.67499000698912
lbv,10267,164.661656713,0.626786565163221,65.36303633147595
lbv,10268,171.148210059,0.6397244878437208,47.91553889255898
lbv,10269,188.431166134,0.6696982191956561,29.94725949156518
lbv,10270,197.927817332,0.6699082851409912,60.936162791532624
lbv,10271,194.28879189,0.6441615894882978,86.97725521910425
lbv,10272,194.221313047,0.6336877618602771,103.6435661166322
lbv,10273,204.914828115,0.6147312124998405,120.8307244095148
lbv,10274,212.419244117,0.6077979782707672,121.87242925307329
lbv,10275,166.824402032,0.5599503045896524,94.52932281494141
lbv,10276,202.314210455,0.5448430935831836,178.3819060980105
lbv,10277,200.967695689,0.5952856206977871,73.95703038234336
lbv,10278,208.79707744,0.5184079278773124,113.5399066999847
lbv,10279,235.261266079,0.5351272767066956,162.75799740062038
lbv,10280,211.526668292,0.5620506594693938,44.79108428955078
lbv,10281,240.995827826,0.5163131087621053,97.65505128748276
lbv,10282,208.272125849,0.5840768273604118,15.364394244025736
lbv,10283,187.543934332,0.5101664956857467,44.0100627225988
lbv,10284,285.601615715,0.5950354675056705,144.0093231201172
lbv,10285,273.249444072,0.6382721663857789,116.14496005189184
lbv,10286,198.620964016,,0.0
lbv,10287,364.39666011,0.6345020143977015,213.27970751594094
lbv,10288,211.404872519,0.6206790332306814,94.27008666992187
lbv,10289,208.649536479,0.6709539357389899,100.78044666963464
lbv,10290,216.440321646,0.6776767646146911,205.2068147247913
lbv,10291,298.342795734,0.6641659192753832,300.5184272317325
lbv,10292,267.338052193,0.6651664252445444,249.47712276683131
lbv,10293,242.44301791,0.6525837973277486,232.55012895172717
lbv,10294,286.228075858,0.6981280701936206,305.7271654914407
lbv,10295,278.134940818,0.6913209608203879,116.40554552265242
lbv,10296,333.29756441,0.6510958808018396,222.3946314493815
lbv,10297,400.428316173,0.6455045928429467,262.238538016525
lbv,10298,418.176284972,0.6356525961578247,307.0303639131434
lbv,10299,538.798003232,0.6453432395559917,439.58274359609567
lbv,10300,519.864829471,0.6439584620675961,404.4271088244869
lbv,10301,554.173633342,0.6460482983776693,463.5418940226237
lbv,10302,355.57563702,0.653678042969007,231.77082974303005
lbv,10303,501.340983981,0.6435157305144883,391.66718432856544
lbv,10304,207.826214917,0.6432969152927398,72.91669754327512
lbv,10305,428.768215176,0.5908433353048146,349.4800139184091
lbv,10306,362.888654437,0.5908079127225131,273.9593207265816
lbv,10307,314.171477372,0.5942004630364568,216.14681318694468
lbv,10308,172.182598468,0.5463951006913796,50.78150805305032
lbv,10309,244.532371218,0.5028328691079066,169.27195500392543
lbv,10310,219.700933266,0.6122577776428029,61.979646002077594
lbv,10311,310.488961617,0.6414469797164202,158.33475338804956
lbv,10312,351.97391613,0.6318901717173675,222.13775036381745
lbv,10313,307.599436826,0.6403520016156766,172.9188222548541
lbv,10314,271.660927936,0.6428484987467528,166.66913380342373
lbv,10315,271.122789242,0.668446439236134,144.53373224595015
lbv,10316,312.486682667,0.5968593857931288,185.42019521675863
lbv,10317,261.802051292,0.5221999051931656,197.92065420711742
lbv,10318,353.675647507,0.5218750988421418,290.3708883547315
lbv,10319,277.133725214,0.5278957719569439,148.96183262245327
lbv,10320,377.261207542,0.6103420704603195,221.8803320791207
lbv,10321,374.026416184,0.6668044881994751,199.74467824300132
lbv,10322,441.302815621,0.6937408037301972,320.32127532958987
lbv,10323,408.626678803,0.6611269279962205,253.3928295958276
lbv,10324,421.969165701,0.637549707298999,282.8214223525103
lbv,10325,468.708274463,0.6335881857517429,336.20908280914904
lbv,10326,396.697097055,0.6339100064992695,296.6248948340322
lbv,10327,409.604855058,0.6440438676869504,298.1878630694221
lbv,10328,424.610191184,0.6668783982940342,299.4904659495634
lbv,10329,431.523337138,0.6306781923494135,314.07485037410964
lbv,10330,206.729924737,0.4518835056139568,109.63998475916246
lbv,10331,289.458762681,0.5901653508989866,136.46398031197342
lbv,10332,344.787929913,0.5865046086099335,178.65365971583947
lbv,10333,284.227353899,0.5181953054163632,188.28985598695044
lbv,10334,255.050918944,0.4582076219519562,177.61247669294767
lbv,10335,189.261931744,0.3030543279203569,41.92915125828163
lbv,10336,206.125972862,0.3933969577901983,76.04544976926317
lbv,10337,207.752153359,0.3054096188600194,90.3692034253887
lbv,10338,223.063142977,0.3084749816411949,64.84708009607651
lbv,10339,209.158162074,0.3382060168692784,41.92923652798522
lbv,10340,186.767692628,0.3313234370330284,37.76228541953891
lbv,10341,214.387539958,0.4181721248757948,56.77357156790939
lbv,10342,229.288580064,0.39983366940825404,90.36887850293927
lbv,10343,234.429384245,0.41519953637009127,130.73524217792584
lbv,10344,212.498815601,0.4076764834744316,64.58628677667356
lbv,10345,207.340095728,0.39505763626530815,86.2017343857709
lbv,10346,207.642893989,0.3954574691212695,59.89841601801853
lbv,10347,214.96073592,0.40768468722149187,70.31549117144417
lbv,10348,249.626893038,0.4422025385575416,101.56665936638328
lbv,10349,247.442225351,0.4685424480322148,69.53406246409696
lbv,10350,194.873705217,0.5229772929056191,42.18912542006549
lbv,10351,199.408018982,0.5390871182146431,62.24188438864315
lbv,10352,210.829690768,0.5570651685649698,57.29369602577359
lbv,10353,223.729468853,0.6588766366149348,82.55485295314415
lbv,10354,271.981218812,0.6442074802788823,189.06850388470818
lbv,10355,277.312269918,0.6116025087889932,186.72445903104895
lbv,10356,245.138637036,0.6716420610299272,92.71100646374273
lbv,10357,207.72937817,0.6631888221387994,95.05469722373812
lbv,10358,218.294947337,0.6908543843788122,79.9500191782035
lbv,10359,165.741272773,0.6088456979493045,101.8253444297641
lbv,10360,176.120428613,0.6222405302942844,89.06457708022172
lbv,10361,165.579131834,0.5658439691387006,87.24149023317824
lbv,10362,180.143808899,0.6346040577304607,63.803466886632584
lbv,10363,176.008019831,0.5365970110014286,56.51156744863472
lbv,10364,178.708739711,0.5508542998405539,73.1785285800111
lbv,10365,186.421010852,0.5870999338165407,64.58459750904757
lbv,10366,197.107185343,0.6332769389632795,36.198640292298556
lbv,10367,204.647045872,0.6399648264050484,16.666999846813724
lbv,10368,204.202481555,0.513342830695604,59.37605399337468
lbv,10369,205.05987851,0.5703316926956177,68.75124798943015
lbv,10370,233.600608038,0.5443725948995453,122.9188144459444
lbv,10371,283.999468927,0.5749966814322999,181.51351408116957
lbv,10372,306.13098231,0.5665643517464826,236.7225807638729
lbv,10373,315.894042482,0.5955217314320942,223.96193874583523
lbv,10374,248.163477779,0.6159217843930878,173.96085564108458
lbv,10375,286.115529917,0.637961857287582,218.2323445039637
lbv,10376,225.707945336,0.6823877134799122,148.69994452981385
lbv,10377,195.923883736,0.6849023985734206,96.61586321662455
lbv,10378,212.177014474,0.691576164972854,129.42881523581113
lbv,10379,196.80472736,0.6675482460132574,119.012000319537
lbv,10380,183.794932051,0.5916464704437824,104.94936981201172
lbv,10381,183.56708147,0.5880676635514911,139.3249834846048
lbv,10382,188.656384995,0.6233218834167575,106.77256550508385
lbv,10383,189.095343262,0.6176272163519989,9.635578559426701
lbv,10384,175.296952602,0.3345794379711151,0.5208437452129289
lbv,10385,172.412231906,,0.0
lbv,10386,186.877247606,0.3828543507775595,33.59453062169692
lbv,10387,196.216969032,0.36123810708522797,8.333538070379518
lbv,10388,210.600716488,0.6204183716927806,16.14625202253753
lbv,10389,217.108159447,0.5048420508325947,109.89892787559359
lbv,10390,222.130313343,0.5076429859291051,151.30653904933556
lbv,10391,222.532471885,0.48897324397356184,125.52469664928961
lbv,10392,202.339773795,0.38154445375714985,12.760833441042434
lbv,10393,205.307277119,0.4795731278805951,39.8451592838063
lbv,10394,209.471150165,0.4625374803749415,108.33730019962087
lbv,10395,216.228120114,0.45719757201720257,63.80451337028952
lbv,10396,183.17916337,0.5300285091400145,32.553409352022065
lbv,10397,213.925103231,0.5408085838000846,95.57688939711628
lbv,10398,210.968496382,0.5762113086512831,79.43047937131395
lbv,10399,201.213061204,0.6258041781763876,72.65948046515969
lbv,10400,209.289563049,0.6035318983240603,135.94360333610982
lbv,10401,190.552626516,0.5812919706262218,99.48375175326478
lbv,10402,199.94147251,0.5969305799788787,92.97315916173599
lbv,10403,217.583130486,0.6254550891994776,142.45486282647823
lbv,10404,256.983963394,0.6186889255180039,186.46768059824026
lbv,10405,261.297817513,0.6025067966945923,235.6889428830614
lbv,10406,228.097116932,0.6417759182322927,123.96462300618491
lbv,10407,206.570678736,0.6507220303950212,100.00514813591454
lbv,10408,200.050061578,0.5180812547332606,133.34023150275735
lbv,10409,225.326841344,0.5536878149427601,166.9358792473288
lbv,10410,217.26130096,0.529956406209527,149.48720843745213
lbv,10411,208.187455301,0.5353998359706666,84.37963813332951
lbv,10412,198.433043897,0.3960923484945104,128.65310555252375
lbv,10413,171.898833123,0.4357152335700535,54.69067113539752
lbv,10414,183.520690812,0.5611372130171297,51.30512823965035
lbv,10415,189.262156341,0.4746185945613044,83.85926890653722
lbv,10416,198.836543974,0.4249624972862582,96.8810780244715
lbv,10417,201.360179234,0.37448719828322746,54.4306323780733
lbv,10418,213.530365681,0.3498021817353905,63.5458963730756
lbv,10419,227.007910495,0.4155671573101694,59.639430506089155
lbv,10420,215.015820343,0.3715994596215232,116.67467519722733
lbv,10421,186.827075776,0.3830847997602038,78.39095043107575
lbv,10422,194.315730938,0.4406056846722518,26.303965549842985
lbv,10423,195.35411245,0.5097333642521075,58.337564056994864
lbv,10424,188.389800689,0.5368102987607319,66.41112473431755
lbv,10425,208.880343966,0.5261361089234794,47.659860498764935
lbv,10426,199.536067167,0.48936869209028006,77.87060157925475
lbv,10427,200.216989199,0.480314073804766,83.33984967400046
lbv,10428,195.818503364,0.4811972855427944,113.55070121615542
lbv,10429,189.924712414,0.5351531388206855,93.23672599044501
lbv,10430,202.544928226,0.5333728892238516,79.17320607503255
lbv,10431,190.31057271,0.4974935753987385,121.88515436509076
lbv,10432,191.549762267,0.5365425784100769,96.88320016299977
lbv,10433,196.056237966,0.5666635766703421,99.48774785060509
lbv,10434,212.313714006,0.5761626921594143,133.3449649586397
lbv,10435,211.508884731,0.5576310382138033,114.85390876321232
lbv,10436,212.82394661,0.5791459853576524,102.61337154612822
lbv,10437,231.858748519,0.5728238210502462,166.16093866684858
lbv,10438,302.095530508,0.6435800206023159,199.49766845703124
lbv,10439,415.301032414,0.6489597335702085,317.7385241938572
lbv,10440,289.44641813,0.6355447868506113,198.456678981407
lbv,10441,203.276292235,0.60767424737176,103.39556573606005
lbv,10442,207.548262408,0.5888556199860199,99.48907024907132
lbv,10443,174.581333618,0.4570755523525193,132.56550514370787
lbv,10444,182.583894419,0.41380500029803513,156.52643803615194
lbv,10445,196.886697977,0.39854120809671484,89.59270351634306
lbv,10446,180.817418709,0.3687106392547197,132.8265422447055
lbv,10447,185.052813469,0.420693059098744,132.5662478577857
lbv,10448,208.141363512,0.4091733603826577,156.52733384674673
lbv,10449,195.195164107,0.4749504254469949,64.59035512886796
lbv,10450,163.876896281,0.38804906551279544,70.05983378092446
lbv,10451,200.941982869,0.48125211512022475,97.40659873812805
lbv,10452,226.263077297,0.42595301713981226,98.70897210813037
lbv,10453,223.362051682,0.45960516167592397,102.87616331811046
lbv,10454,209.777752863,0.475891888522736,101.83451205982881
lbv,10455,182.382811972,0.46587338727386823,80.99885738597196
lbv,10456,181.284448795,0.5383911238776314,70.32057919969746
lbv,10457,185.44781429,0.5451757494284182,89.33326302322686
lbv,10458,199.525198528,0.5371890425156917,59.12146400002873
lbv,10459,218.208354073,0.595819735017262,79.17589165182675
lbv,10460,225.861288051,0.6057800102813041,128.66093040915095
lbv,10461,199.090535897,0.603467971723985,97.40729836856617
lbv,10462,243.030270691,0.542715641491156,142.4646391027114
lbv,10463,237.93306308,0.601454277976093,126.83790588378908
lbv,10464,215.895778393,0.5788542532349287,76.05065155029295
lbv,10465,220.748834908,0.6092005291953684,83.34325812844669
lbv,10466,213.242877825,0.5324415232126528,162.51931738759956
lbv,10467,223.581109172,0.53892030429947,116.15978489296107
lbv,10468,222.638659247,0.5335288361629246,157.0501769720339
lbv,10469,230.351633053,0.5620842256883937,66.1539066987879
lbv,10470,202.382353487,0.5511364365193624,76.3114958520029
lbv,10471,207.646018549,0.5014025713166883,104.9610267489564
lbv,10472,191.403902601,0.5629921449385478,91.41780826344208
lbv,10473,188.923615375,0.5963072876135508,131.26665344238282
lbv,10474,215.625581326,0.6120400604856595,176.32451680501302
lbv,10475,250.350064591,0.5939488800035583,225.02872009277345
lbv,10476,253.075449415,0.5991096791787068,220.34070311901618
lbv,10477,243.116143294,0.6696375622703696,163.3023036582797
lbv,10478,199.860024232,0.6245968434252317,164.60454005821077
lbv,10479,192.690540368,0.5830041913504012,139.08047760608147
lbv,10480,174.816959961,0.5696153561032652,85.68824851840151
lbv,10481,162.951087969,0.595044542207077,65.8940783033184
lbv,10482,182.878452677,0.5447093405020543,20.315170467601103
lbv,10483,190.624958281,0.5146521577468285,16.929361530378753
lbv,10484,193.379091365,0.5448975538214047,40.630506537942324
lbv,10485,198.44549273,0.5984171786729028,35.42152171415441
lbv,10486,237.096200414,0.6265977928215574,85.16806206796684
lbv,10487,266.385819021,0.5892675334280665,118.50609391156365
lbv,10488,358.269837916,0.5995827193659296,238.05437089508658
lbv,10489,423.65050503,0.5584337908326019,198.98625533160046
lbv,10490,823.499939944,0.463417802437948,586.2806626263787
lbv,10491,395.166670437,0.6607707702851557,189.6106632905848
lbv,10492,426.913457027,0.6450557803656318,233.88833289052926
lbv,10493,466.111357848,0.6071900028408103,263.8410918890262
lbv,10494,419.884485896,0.616977256467885,203.67629041484759
lbv,10495,367.895293735,0.6056283154138704,266.96763042375153
lbv,10496,389.853564144,0.6065508312192457,173.72452853333718
lbv,10497,444.640201192,0.597295102856262,247.69463465073528
lbv,10498,424.231110235,0.5832408286256876,228.16077988568472
lbv,10499,458.223142198,0.566492697095449,294.31747017654726
lbv,10500,478.501452471,0.5839018249553256,299.00625864664715
lbv,10501,437.092141146,0.5993977572097153,238.31984531178196
lbv,10502,427.145961447,0.6079264806346149,226.86005284926472
lbv,10503,454.966800606,0.6061516120436241,254.99015203737744
lbv,10504,246.058976117,0.5499431948260506,52.61293200324563
lbv,10505,416.384390143,0.6007842644060478,215.9215844547047
lbv,10506,373.282443866,0.6288541519535596,175.29005126953123
lbv,10507,234.274547574,0.5959514811569946,59.645622014064415
lbv,10508,350.807101177,0.6039515686135332,185.96936337340114
lbv,10509,268.084169084,0.5647246950077561,110.43577871883616
lbv,10510,248.803673948,0.564995661200512,87.5152733297909
lbv,10511,275.130942672,0.588121843104269,92.98498113295611
lbv,10512,208.313928897,0.3332018256187439,7.813910989200368
lbv,10513,208.6360015,0.638044536113739,13.804528509401809
lbv,10514,216.490968214,0.33990105350040695,26.8278029497932
lbv,10515,193.665600641,0.38802376326094284,97.9343900792739
lbv,10516,227.177996933,0.44413558791502045,122.93883340872972
lbv,10517,199.186669874,0.44812776669675025,104.96685333251953
lbv,10518,207.358198997,0.476822580941423,130.49218100753484
lbv,10519,244.701200262,0.4506149135216945,154.97570561427696
lbv,10520,395.251849967,0.43738645781825863,292.76189464494297
lbv,10521,494.138053749,0.4841361207885024,387.04906119552317
lbv,10522,314.244044229,0.5107142468051213,106.78980359844132
lbv,10523,272.039857786,0.4853017443675708,138.8265078974705
lbv,10524,234.755311396,0.46426895991540873,54.176139412674246
lbv,10525,222.310405291,0.4471331349828027,57.30160414751838
lbv,10526,217.222906557,0.46803444623947144,12.76260986328125
lbv,10527,231.551695847,0.5025656493559276,95.06828173469094
lbv,10528,223.846492238,0.519346107560468,43.23650019028607
lbv,10529,222.146613153,0.5417325259186327,50.008416029986215
lbv,10530,210.147971676,0.5425820805960232,56.259374371696914
lbv,10531,228.689853324,0.4998895561983508,96.89101176542395
lbv,10532,203.843668157,0.5354985776154891,29.95284699084712
lbv,10533,198.720571754,0.5514871111703575,28.390041276520375
lbv,10534,212.192810049,0.5610890220249853,32.29687873989928
lbv,10535,209.217779375,0.5803757905960083,22.920326382506126
lbv,10536,223.701906466,0.6153846383094788,27.608527389227177
lbv,10537,207.059785231,0.5786134536959167,60.947026421042054
lbv,10538,204.258849263,0.5711787521224662,50.52864783791935
lbv,10539,193.661819866,0.5610993298483483,42.19397565056296
lbv,10540,188.171783959,0.5565329457806275,29.43156663483264
lbv,10541,194.679601917,0.6072780904562577,5.990477229099648
lbv,10542,204.583503511,0.615127099114795,33.59872544232537
lbv,10543,220.579315182,0.5979630105635699,53.13281632965686
lbv,10544,246.117796593,0.6244563149669456,67.45770344453699
lbv,10545,286.444041164,0.6279654722653316,129.96657328886144
lbv,10546,265.468399425,0.6226864741898678,181.53612581140854
lbv,10547,207.638245913,0.6053248744229881,102.09767842012293
lbv,10548,205.10512268,0.56881637325198,83.86574721990849
lbv,10549,180.22756258,0.6078748149749561,50.78824058981503
lbv,10550,188.860160956,0.552315603941679,29.170658784754135
lbv,10551,196.386592482,0.5490244482344354,89.07459106445313
lbv,10552,236.279901014,0.5535217972152229,125.79819865507238
lbv,10553,277.355005954,0.6312203738271914,113.03605466356464
lbv,10554,271.982527056,0.6154574147500227,149.4991915235332
lbv,10555,289.513921516,0.6570939916183769,107.04561785529641
lbv,10556,294.855640942,0.6356582203296699,128.9233253927792
lbv,10557,276.386811322,0.5912775475332038,165.125796807981
lbv,10558,369.787859667,0.6282295482818451,236.2289126826268
lbv,10559,382.605184292,0.6646964132155062,196.90088118010877
lbv,10560,244.927713602,0.5290644211216163,104.44050424613205
lbv,10561,300.018664243,0.6217449185151084,161.21885483685665
lbv,10562,239.772462856,0.6546944978574639,57.038683363970584
lbv,10563,316.230379729,0.6210115408343743,179.45061621572455
lbv,10564,255.463463335,0.610459235851722,101.83637150783164
lbv,10565,255.12543729,0.6035864559662534,112.77542057411343
lbv,10566,180.157209639,0.5016811990409816,56.77841234394148
lbv,10567,210.665557664,0.5093303843825852,76.5728240069221
lbv,10568,220.304832882,0.4901628994415236,82.56334518731809
lbv,10569,195.795777539,0.4618373833158437,70.84311571308211
lbv,10570,211.786188207,0.3976422652255658,89.5958542767693
lbv,10571,222.607716787,0.3407237118744589,47.40251402013442
lbv,10572,223.393010347,0.4839606327124129,20.315404824649587
lbv,10573,222.908198135,0.5183089375495911,15.106341014188878
lbv,10574,221.819309304,0.35491466522216797,34.90098111021753
lbv,10575,225.387776813,0.398261731947368,55.216536368575746
lbv,10576,232.601517148,0.44410010736163064,53.3934414433498
lbv,10577,221.103635402,0.4624997898634629,64.3327106550628
lbv,10578,206.988657825,0.4714658188727474,67.19782158346737
lbv,10579,197.755246111,0.48815787157842094,87.51361107919732
lbv,10580,202.149959854,0.5288848305449766,88.55558073754405
lbv,10581,226.592152912,0.5587144784690921,63.030853570676314
lbv,10582,228.821571091,0.5296463253451329,53.13355030732996
lbv,10583,238.437870048,0.532253317343883,50.7894717945772
lbv,10584,234.260863658,0.5263869616720411,35.16200753006281
lbv,10585,237.602743221,0.49163770794868467,52.09194886450673
lbv,10586,235.081536044,0.46002664179503105,95.58887293198528
lbv,10587,279.218056317,0.5196496013703386,160.18332357967603
lbv,10588,427.913526852,0.48338803505165534,296.9258576337029
lbv,10589,380.772613845,0.5728794654186354,215.1414816762887
lbv,10590,407.254137772,0.4884332973692983,249.2613229190602
lbv,10591,571.862162517,0.5378960081394631,406.58126316444543
lbv,10592,532.657856662,0.5372474869750499,338.08039709352977
lbv,10593,358.566579729,0.5217055045068265,150.02666823443246
lbv,10594,231.205119719,0.43066534250037475,124.24105547736673
lbv,10595,215.730051703,0.45688627272580584,147.1620673684513
lbv,10596,211.701822681,0.48719369739400115,146.38094228108724
lbv,10597,217.740921701,0.5211054932097999,127.62770095526002
lbv,10598,231.135301086,0.623490205796962,61.73027056525736
lbv,10599,253.440936733,0.6475349408249522,67.20017134722542
lbv,10600,274.58760274,0.6368508684782334,105.48886958103554
lbv,10601,298.275336954,0.6676590842373037,132.0566535800111
lbv,10602,307.270365982,0.665487187764337,129.19176375445198
lbv,10603,346.983305382,0.6404672263041842,193.00654673856846
lbv,10604,437.316172038,0.638740120546956,350.590097135656
lbv,10605,378.66426951,0.659631446809382,308.3947895424039
lbv,10606,370.023679009,0.6570074020569294,311.26046127618525
lbv,10607,486.43723691,0.6702716964700444,386.01579868092256
lbv,10608,483.490335971,0.6525841380503312,394.61181954776544
lbv,10609,557.073431091,0.6139590596260669,536.0475494085574
lbv,10610,304.750030724,0.6295631873514016,198.9993606866575
lbv,10611,353.032808125,0.5818768242001532,286.5177581188725
lbv,10612,321.293029989,0.5463751945457228,258.90818379720054
lbv,10613,458.593284896,0.5822831220351733,386.01860845229197
lbv,10614,371.794295222,0.564353328978792,305.7938730277267
lbv,10615,301.868003009,0.5268212855741338,176.60009325812842
lbv,10616,274.683730122,0.5566257207251305,139.6132671879787
lbv,10617,200.926330091,0.4088674822320969,78.40240272073186
lbv,10618,193.994603925,0.2899255329912359,57.30422120935776
lbv,10619,197.116646151,0.3197019648167395,96.89644305659276
lbv,10620,332.957736549,0.33317897459744744,278.44778041465605
lbv,10621,409.002635305,0.39729748324398356,300.8487614051968
lbv,10622,427.839307146,0.3864917644637382,389.9317083321366
lbv,10623,225.223134946,0.3954725785219512,138.31221783207914
lbv,10624,233.594483996,0.39560598866339847,42.45749368106618
lbv,10625,230.872449591,0.3973337713057402,49.22987850413603
lbv,10626,222.394399655,0.40532660121336966,81.2683708639706
lbv,10627,215.080693275,0.39838321530260146,66.68175365971584
lbv,10628,204.812640183,0.42711075146992994,19.535699732163373
lbv,10629,215.560875872,0.4172375397297298,58.08613700118718
lbv,10630,229.232941141,0.4363087964808848,132.32170392204733
lbv,10631,242.663421805,0.47742751940002653,46.62524524763519
lbv,10632,246.048555052,0.4959612190723419,61.993393961588545
lbv,10633,200.517625152,0.5003496329300106,50.011477481617646
lbv,10634,204.137505406,0.4830036461353302,72.9334046606924
lbv,10635,198.592494497,0.46595586916165693,87.52008559283088
lbv,10636,202.697066511,0.4532199203968048,94.03199672324985
lbv,10637,220.535996497,0.5162210979244926,22.921966672411152
lbv,10638,228.721251656,0.5376101510994362,34.38295000861673
lbv,10639,249.415370989,0.5978120535746959,57.56539357503255
lbv,10640,250.215003351,0.6057315974913795,60.43062549665862
lbv,10641,250.787085989,0.5768092012281435,150.29492055855545
lbv,10642,288.993927258,0.5966580939012829,177.38454580867992
lbv,10643,246.754366568,0.6564855798301219,124.76826752307369
lbv,10644,253.781640978,0.6574469985856378,129.45685161515777
lbv,10645,213.291280279,0.6658305775637579,103.1486790376551
lbv,10646,212.804742588,0.6682776900652413,111.48393964580461
lbv,10647,241.93901378,0.651889011188462,154.4626267077876
lbv,10648,219.018169293,0.644814445028993,133.62448550953584
lbv,10649,260.598681799,0.6401215739358248,183.89651932061884
lbv,10650,267.851600516,0.6269418197892356,210.72564074946385
lbv,10651,268.866873796,0.6104448084944621,197.18094638001685
lbv,10652,232.05634351,0.6523331416182356,99.76267329197303
lbv,10653,221.597788346,0.643747197241638,111.22367054060393
lbv,10654,259.995488035,0.6232824101863703,107.57714062859029
lbv,10655,263.266880437,0.5762959594443692,153.68159347234987
lbv,10656,240.562300132,0.5910794526852411,60.43081485523898
lbv,10657,252.815194702,0.5271568476569418,106.27492457371133
lbv,10658,289.344058948,0.5385978779028714,87.78109082988664
lbv,10659,285.586927618,0.518393534880418,10.158641411276424
lbv,10660,585.006888475,0.42092571927649364,174.26052290972544
lbv,10661,932.649605886,0.5423597314643817,603.5315301034965
lbv,10662,309.219414301,0.5611603643710368,222.97069358077707
lbv,10663,223.605183053,0.5508064870039623,117.21597110523898
lbv,10664,252.622765802,0.5518002160490817,123.46776844099458
lbv,10665,144.32072381,0.5308277222972649,81.27002222397748
lbv,10666,138.746344525,0.5086833238601685,32.82049201516544
lbv,10667,265.060428717,0.5369628790680689,170.61488791073072
lbv,10668,441.003709564,0.5441014803908503,258.6578440946691
lbv,10669,646.732256189,0.5579234165586558,345.6593694051106
lbv,10670,357.743050333,0.5617795394385326,207.6042199228324
lbv,10671,244.386041502,0.5059327361179374,44.542559186150044
lbv,10672,220.311499914,0.48547943818529316,77.8843625835344
lbv,10673,209.755795841,0.4915348531819191,92.99236602783203
lbv,10674,226.833724878,0.4975644486812059,136.23255241244448
lbv,10675,224.416704425,0.5182015461455411,141.18175422818052
lbv,10676,220.45590642,0.5721409620101482,124.5108309876685
lbv,10677,214.516719189,0.6108416298101115,112.00763059129902
lbv,10678,202.909729602,0.6225913482553818,79.7077423095703
lbv,10679,197.354329387,0.5971822573079003,46.88690724092371
lbv,10680,212.680653132,0.5931845893935552,98.46239121380972
lbv,10681,267.731325971,0.5885159772664763,153.94517131132238
lbv,10682,272.095543721,0.576457946351234,122.42675167906518
lbv,10683,208.124218031,0.5710780024528503,29.955472459980086
lbv,10684,219.03988055,0.5120069515524488,68.76734547334559
lbv,10685,197.795325252,0.5321876118923056,7.553991848814721
lbv,10686,179.675506571,0.35814961791038513,13.024118460860906
lbv,10687,186.107919112,0.32250580191612244,15.628996007582721
lbv,10688,193.537320765,0.33382784232605983,71.37245235069125
lbv,10689,190.135039284,0.35997072440474776,34.90483898088044
lbv,10690,205.634403373,0.3292760386549193,15.108106426164216
lbv,10691,206.929541589,0.3474531655510267,15.629100575166591
lbv,10692,218.98133015,0.35406009698736257,7.554072600719976
lbv,10693,208.474473459,0.3568316698074341,8.596022841509651
lbv,10694,205.745352893,0.378337133697599,44.54310419419232
lbv,10695,217.026378407,0.3843070894479752,10.419441372740502
lbv,10696,220.680957261,0.4142126739025116,8.85655517578125
lbv,10697,212.084489567,0.4142126739025116,13.545319680606617
lbv,10698,185.928368376,0.5346081981176063,41.15700378417969
lbv,10699,173.738767803,0.5311608263850213,52.09748660816866
lbv,10700,175.812851364,0.48753234320952576,42.19902774586397
lbv,10701,191.951551578,0.5096011757850647,57.828394452263325
lbv,10702,200.788102293,0.5247478415765385,52.61867047478171
lbv,10703,201.723805273,0.5585602282813664,93.51544763901654
lbv,10704,203.026210328,0.5681939465407084,88.04524643841913
lbv,10705,198.359670483,0.5958272003112955,48.97197145948223
lbv,10706,196.642920464,0.580477473347686,44.804218008003986
lbv,10707,196.972737762,0.58871948119983,103.67488059249578
lbv,10708,202.465293371,0.5884617162883125,98.72565104166667
lbv,10709,203.593981528,0.5993612395465704,47.148708687576594
lbv,10710,208.983571917,0.5979380089303722,5.991278764313343
lbv,10711,193.82440798,0.47448481823483546,38.031619023341754
lbv,10712,194.92934662,0.4705098271369934,1.5629469927619484
lbv,10713,203.10020605,0.46057113280167455,19.276372872146904
lbv,10714,201.082571095,0.47394491257248345,23.70477085487515
lbv,10715,209.716162391,0.4736461183963678,50.79603890811696
lbv,10716,209.796366564,0.48881782163148646,67.98865909950405
lbv,10717,201.820734381,0.5053867049515247,41.67895238539752
lbv,10718,219.944262455,0.5076388311617582,26.830865388758042
lbv,10719,225.620356822,0.49761783940663473,62.77917139389936
lbv,10720,212.282638546,0.4897525346879933,98.20651415656596
lbv,10721,201.010792874,0.4664227193401706,32.301409194048716
lbv,10722,207.529540945,0.513334758579731,16.671742098939188
lbv,10723,210.705517882,0.5179662321988457,79.9723108029833
lbv,10724,214.774142427,0.5110510293378869,62.77965342203776
lbv,10725,226.37708111,0.559872241944251,88.04795556161918
lbv,10726,215.687227,0.5554327217015351,157.60068123013366
lbv,10727,223.468674022,0.6019581476461541,134.15609720267503
lbv,10728,243.427579943,0.5881621815918344,121.6524029600854
lbv,10729,193.482080516,0.5909090638160706,13.806385384353938
lbv,10730,185.81309236,0.46239198130719805,13.285403621897977
lbv,10731,202.755314446,0.44500556387258383,23.18436991373698
lbv,10732,218.799137261,0.4528711629765374,40.11684333950865
lbv,10733,238.127648305,0.4724751166585418,112.53581569896025
lbv,10734,229.814237692,0.5039681335763325,131.29196238798255
lbv,10735,236.421655135,0.5131458969150848,107.58669406666475
lbv,10736,223.478269068,0.5165035118282922,158.12389472512638
lbv,10737,276.280908177,0.55786016541993,187.30025814280788
lbv,10738,271.986997633,0.5738648412530857,104.46106298110065
lbv,10739,319.053316149,0.5759862028970951,170.88906797521255
lbv,10740,246.043745303,0.5640249627208278,115.1417210298426
lbv,10741,180.277011809,0.4488668739795685,37.512209903492646
lbv,10742,190.382598938,0.5439935599054608,18.235128066119024
lbv,10743,189.044441781,0.5318180833544051,1.8235128963694853
lbv,10744,198.046053727,0.4904093228280545,41.6803612204159
lbv,10745,191.538411379,0.5460105960185712,33.86536751541437
lbv,10746,238.450962105,0.5061098727541911,73.9828223434149
lbv,10747,236.130167082,0.53083553942579,120.09198775945926
lbv,10748,207.259072661,0.5506417187975674,85.4451395670573
lbv,10749,190.02889457,0.6049539202993566,34.386506024528956
lbv,10750,183.479203952,0.5933218002319336,21.361342785405178
lbv,10751,192.657825104,0.5583605789026971,61.479099527994784
lbv,10752,186.292095023,0.5843643169654043,44.546332146139704
lbv,10753,195.578389003,0.6085413942176304,23.184988702512253
lbv,10754,195.949930062,0.5469145603039685,22.142973656747852
lbv,10755,203.847001442,0.5582579970359802,45.58855094161688
lbv,10756,189.569765243,0.561920602531994,4.428609720865886
lbv,10757,216.957080543,0.4496457520713154,30.479289125928695
lbv,10758,211.687703844,0.4965192154049874,41.68115548526539
lbv,10759,202.573171662,0.5252300046153904,25.269246090159697
lbv,10760,186.058664608,0.5707140185616233,8.596769624597886
lbv,10761,192.420759601,0.5711814562479655,7.033732515222886
lbv,10762,207.263381637,0.5345781892538071,5.210181741153493
lbv,10763,192.411867329,0.43000015338755543,41.94204152425131
lbv,10764,186.506167032,0.39165545810352675,28.656106088675706
lbv,10765,168.383806706,0.38081996440887456,3.9076551549574905
lbv,10766,179.502836853,0.32184654474258423,4.428687032063802
lbv,10767,187.344604423,0.29072023125795216,23.70653133018344
lbv,10768,177.088966894,0.4105707518025941,93.00273679845473
lbv,10769,196.628095755,0.4503680697556658,93.5238733029833
lbv,10770,217.646201057,0.5187945027032002,83.62458110136144
lbv,10771,218.039586914,0.508947877213359,83.36420335956649
lbv,10772,213.380581246,0.48948382197833457,79.45665346033434
lbv,10773,192.835625691,0.5236018529669805,57.31308611701516
lbv,10774,192.520923879,0.5677083703604612,57.313129649442786
lbv,10775,194.105572369,0.4967435430182089,52.62396150476792
lbv,10776,177.188085205,0.4179910296393979,32.30386891084559
lbv,10777,165.878952654,0.2589460015296936,0.5210320566214767
lbv,10778,166.071228766,0.26272439397871494,20.841282264859068
lbv,10779,183.268205974,0.2786404857510014,24.749022689520142
lbv,10780,170.137721415,0.279461008310318,26.051602831073836
lbv,10781,197.304679182,0.2864226711557266,12.244253330604703
lbv,10782,204.442786457,0.3102342939376831,6.512897955202589
lbv,10783,213.278497361,0.5511368352269369,16.41242307775161
lbv,10784,200.776288064,0.44025827274409995,56.792294670553765
lbv,10785,205.328432048,0.41401771950174354,102.12195093491498
lbv,10786,209.475164617,0.38136635266817537,84.66740013571345
lbv,10787,203.999149769,0.33681947652137645,85.96998371797449
lbv,10788,192.778159114,0.3399613818505427,37.25363787482767
lbv,10789,194.253299982,0.3244988391476292,80.75954212861902
lbv,10790,208.712050511,0.3439548626542091,26.051458470961627
lbv,10791,214.14764178,0.3574762533292846,98.21378033207912
lbv,10792,205.109520458,0.3848872941174019,119.57582496194279
lbv,10793,182.422856596,0.4156758735700518,104.98689943201401
lbv,10794,184.340736813,0.44455151716057134,89.35604101442823
lbv,10795,189.318630695,0.4220802532107223,132.8615614947151
lbv,10796,187.934897883,0.41520651509796364,89.87681041044348
lbv,10797,207.973753025,0.5065528073553311,61.48085168576708
lbv,10798,208.108582313,0.5103709712129345,86.22934226241766
lbv,10799,210.979405422,0.5263973265388416,109.15417250090955
lbv,10800,201.294713858,0.5905508996948363,82.06090141745173
lbv,10801,186.783048392,0.5417620475058789,111.75887693517349
lbv,10802,207.085221345,0.5314694887184235,129.73388025620403
lbv,10803,217.18710791,0.5339008041585099,97.17003302480661
lbv,10804,235.775702684,0.5145200796491668,175.58307043337354
lbv,10805,215.199853755,0.5123650609672844,60.17752963795382
lbv,10806,178.804248057,0.5310528310862455,42.98394012451172
lbv,10807,204.154908607,0.533502753092864,83.62328195010915
lbv,10808,234.238558823,0.4866075334877804,113.32132771809896
lbv,10809,194.190917743,0.5070759422249265,79.71577866498163
lbv,10810,182.069431286,0.5242765933804259,44.02611831964231
lbv,10811,201.605553304,0.5004566667831106,95.08603593414905
lbv,10812,213.75386462,0.5692775555757377,84.66578479841644
lbv,10813,220.736710943,0.5698835827686168,77.371619460162
lbv,10814,232.975692398,0.5330367817626737,96.12848878748277
lbv,10815,189.555520284,0.45243018403441954,131.0370096244064
lbv,10816,204.374774644,0.5284516118510596,133.12134201947381
lbv,10817,217.679540352,0.5487423480483534,150.83634652530446
lbv,10818,208.760506029,0.5579476103539458,143.02123054055608
lbv,10819,214.981939096,0.5209302416809075,146.6686475267597
lbv,10820,215.622607696,0.5528302268548445,100.29753127752566
lbv,10821,213.297124992,0.4983069043398363,135.20657632865158
lbv,10822,200.766156754,0.47081832379795785,89.61680872300091
lbv,10823,210.306915922,0.5108472218361845,73.72557830810548
lbv,10824,217.398156547,0.46506467893719666,104.20594742718865
lbv,10825,207.182852819,0.4833402977776282,50.539942124310656
lbv,10826,220.746914482,0.4713475214744395,103.42478473139744
lbv,10827,208.420581663,0.45303647519146417,157.09126889097925
lbv,10828,209.984159256,0.4425033470587944,87.27307009229473
lbv,10829,209.020824882,0.4578769680165567,54.96911713843252
lbv,10830,223.700811098,0.4552295536830508,37.77504805022595
lbv,10831,230.592757521,0.4709499053006033,107.33337073232613
lbv,10832,249.297830896,0.5968283073032071,109.93872845219632
lbv,10833,257.169256595,0.607577677673966,136.51164419136796
lbv,10834,340.477912569,0.6175217589123791,230.81939577588847
lbv,10835,423.939880703,0.5655543840406326,372.80194935518153
lbv,10836,390.220798378,0.5847996646407975,301.41983169854853
lbv,10837,193.454722172,0.5334870595976992,96.65214218438841
lbv,10838,368.069301815,0.4627709586906362,356.128618666705
lbv,10839,247.199622902,0.42293565176371956,245.1476093965418
lbv,10840,288.844214173,0.39924149510203577,255.30810433182063
lbv,10841,309.58834746,0.45509141928477476,206.07048163320505
lbv,10842,276.783752244,0.43852718908997135,221.44108057957072
lbv,10843,308.813982318,0.4512335717394238,273.5453718896006
lbv,10844,476.553809391,0.5228769302219339,417.3530593273688
lbv,10845,290.106518934,0.5384224486759807,235.51008163152952
lbv,10846,425.707933977,0.5039461352500126,364.98911336263023
lbv,10847,414.822822212,0.4509513562519178,354.56871337890624
lbv,10848,307.248953952,0.3994602621818075,178.71735857795267
lbv,10849,516.107379508,0.36373184773638756,377.23507044175085
lbv,10850,560.402625562,0.37354513987106297,494.7309026381549
lbv,10851,400.502831275,0.40547596984173756,272.7666915893555
lbv,10852,531.024623415,0.37319714779203583,378.27880856383075
lbv,10853,521.758600476,0.40555555449151337,415.27364786185467
lbv,10854,453.947525729,0.4292061094467234,384.5323861514821
lbv,10855,356.836361226,0.4514969534424158,280.32345533183974
lbv,10856,204.424596475,0.4161760916164816,140.1619067322974
lbv,10857,194.21737241,0.3848982822405149,95.09138234456381
lbv,10858,210.769518414,0.41822051280673506,97.957370892693
lbv,10859,205.02854094,0.5103235037959352,76.5944662655101
lbv,10860,212.961983485,0.5410563413981612,70.081449471268
lbv,10861,207.743410276,0.6060315030813218,78.15791410558364
lbv,10862,228.783139651,0.6227321847505176,101.08436509674671
lbv,10863,235.732139839,0.6339338233328273,91.44500166949103
lbv,10864,191.954837353,0.5274356782753417,48.97920325784122
lbv,10865,202.906259051,0.466898247696995,79.72157440185546
lbv,10866,200.810562881,0.4809750947579499,79.98223688462201
lbv,10867,197.660440349,0.4944578089333814,60.442697771857766
lbv,10868,177.657821067,0.40584298968315125,85.97471594716988
lbv,10869,184.03343884,0.367468003635626,124.53326598522709
lbv,10870,199.256965229,0.4304969060136594,131.04673979516124
lbv,10871,197.173824114,0.4104307415981252,124.01262087354473
lbv,10872,194.077293863,0.40861074825127924,54.711532592773445
lbv,10873,239.648929222,0.446020306763302,96.6571990069221
lbv,10874,246.909817292,0.4771023321835721,63.569844025256586
lbv,10875,226.020863288,0.46017115760314425,93.53117660821654
lbv,10876,255.782195148,0.49071303325389415,120.62677313112745
lbv,10877,366.267283328,0.4707246728423588,223.79820033054727
lbv,10878,599.749540534,0.38877393498694446,469.7424144071691
lbv,10879,400.046368003,0.4679491916989408,256.36577423694087
lbv,10880,434.708748459,0.5078197337314866,255.58469103644876
lbv,10881,511.556950592,0.4989010332155476,450.9866411994485
lbv,10882,492.043008551,0.515431082600453,397.31716066248276
lbv,10883,456.347188155,0.5420027083720801,345.2105860990637
lbv,10884,513.434433581,0.5552148270316408,448.90475583543963
lbv,10885,786.49369227,0.588543912077445,752.9529960482729
lbv,10886,496.917198566,0.6185449423543744,421.2896311142866
lbv,10887,218.486365652,0.43775250223025547,177.6868100633808
lbv,10888,289.782039878,0.47324867783406993,286.8525713752298
lbv,10889,521.943463431,0.5766036850340823,428.58585971009495
lbv,10890,546.958819764,0.535535885412246,416.8623295802696
lbv,10891,340.748301058,0.518800734758377,227.97190797095206
lbv,10892,516.762470891,0.45579673912970786,381.9511342067344
lbv,10893,552.386181836,0.4719536893853542,430.9337083105946
lbv,10894,677.706258622,0.41821192376466526,565.8948496500651
lbv,10895,549.679432854,0.3688442129234695,441.09675696877866
lbv,10896,282.460373995,0.40748867411753514,181.8578822117226
lbv,10897,311.212969603,0.41612346773035824,300.14383529962276
lbv,10898,278.825439711,0.3940305596286109,275.91393561269723
lbv,10899,261.75734076,0.40768403262391745,236.83284603941678
lbv,10900,218.376763967,0.3887527568323403,202.18101088579962
lbv,10901,185.027597361,0.344678517665949,144.60130579331343
lbv,10902,186.85442853,0.32007146822541865,172.47955035041363
lbv,10903,170.194932386,0.33221090843155315,145.1225737328623
lbv,10904,171.764062869,0.4437869836886724,75.03640175613702
lbv,10905,173.939518737,0.5023576781083058,54.974538376752065
lbv,10906,178.276296589,0.4858808853874909,42.46848045797909
lbv,10907,166.749014008,0.46547693294337666,30.483484425264248
lbv,10908,198.909047741,0.39712128316922246,150.3331045711742
lbv,10909,199.070406722,0.3854629011427769,79.46543929156135
lbv,10910,206.964931825,0.35307771691494744,92.23198439654182
lbv,10911,212.377176239,0.40445944158236186,97.70319052303537
lbv,10912,208.885692699,0.3816548087892004,79.98621464149625
lbv,10913,207.78678321,0.3668771170394522,92.49209385292203
lbv,10914,215.650783214,0.3814143858884982,110.990370537253
lbv,10915,205.994043522,0.392161001228104,63.05082319671032
lbv,10916,210.005947077,0.38584100573359636,60.70587511249617
lbv,10917,201.634285758,0.37933983035686303,58.100401725021065
lbv,10918,218.734602735,0.38646780022403654,74.25377777697993
lbv,10919,229.42014056,0.4080924427509308,97.70220247156479
lbv,10920,214.687956897,0.4332944785377809,87.54104461669922
lbv,10921,398.322003033,0.41387121902929763,231.3587402942134
lbv,10922,408.266743108,0.4132926647764204,251.94083410524857
lbv,10923,440.011041007,0.4066740705221186,274.8677984499464
lbv,10924,547.299369649,0.3773106342350003,296.7527359607173
lbv,10925,396.054184178,0.3387197269776988,198.52964357862285
lbv,10926,320.681484417,0.3535228900980923,225.88559956270106
lbv,10927,233.739009951,0.38597497914490525,78.94258000990925
lbv,10928,196.307187354,0.4291548034862468,59.402138115377994
lbv,10929,204.172156434,0.42501311208812975,121.40941557042737
lbv,10930,191.950634948,0.4124938774415675,70.86554233326632
lbv,10931,205.582551389,0.4543071860074997,52.106916360294115
lbv,10932,199.920033964,0.3776537092185459,42.46708912568934
lbv,10933,204.073001854,0.4097519484284806,19.018986840341604
lbv,10934,197.745053341,0.4158866867423057,20.842672310623467
lbv,10935,190.795009393,0.43992164448229937,35.69305243398629
lbv,10936,196.650893407,0.44690781583388645,59.40145227768842
lbv,10937,189.711821524,0.45592296645813385,75.81492668600643
lbv,10938,159.743590299,0.4631265501181284,10.942335001627605
lbv,10939,168.031358912,0.457167387008667,19.800427844477635
lbv,10940,179.622977242,0.46189464628696447,11.984426820044423
lbv,10941,176.047560082,0.41986986288898875,19.80034523758234
lbv,10942,189.288963908,0.4542613597803338,11.202814019895067
lbv,10943,191.713384308,0.46409362948992666,17.71603920132506
lbv,10944,185.557323775,0.45548951142820826,75.55365050072763
lbv,10945,184.773668034,0.46063435086484483,88.05897070192823
lbv,10946,191.657394114,0.48086257118445186,84.67198719697839
lbv,10947,186.443497944,0.46261983018281855,44.81094800163718
lbv,10948,197.536006956,0.4361367518404769,73.72946175967945
lbv,10949,212.069397892,0.4699405096396051,128.96130999396829
lbv,10950,220.540266119,0.48734872048976374,66.43454102160884
lbv,10951,206.38864441,0.52621781847081,73.72918225456687
lbv,10952,219.634395339,0.49918211654448535,169.0818240595799
lbv,10953,241.941546538,0.5448786444252446,131.30531176398782
lbv,10954,231.883026128,0.5485441702592765,134.69196065266928
lbv,10955,201.56951625,0.5753698598770869,54.71042812571806
lbv,10956,187.621291986,0.5289774237434721,47.676177080939794
lbv,10957,184.015700143,0.510192087462116,77.89701559029373
lbv,10958,187.4567276,0.5001689867264982,35.95244221406824
lbv,10959,180.684955052,0.44271194839857486,65.39165045046339
lbv,10960,182.763038616,0.40886268783623064,92.48609236174937
lbv,10961,185.262212192,0.45587126767798647,19.018266326305913
lbv,10962,190.401951135,0.4901308889833757,50.28105633305569
lbv,10963,189.168437716,0.46801280886820046,26.31282713646982
lbv,10964,186.0652223,0.45125695444502917,41.42318698658663
lbv,10965,183.271191961,0.44756555557250977,75.81214931712431
lbv,10966,186.501114445,0.40803756418629233,55.75181519751455
lbv,10967,190.19131555,0.430440131344913,84.40919440774357
lbv,10968,192.424219892,0.46552638519586986,91.96423636043772
lbv,10969,191.973394159,0.4963855587068151,63.567239559397976
lbv,10970,201.878722071,0.531507603294181,62.26454198500689
lbv,10971,167.020505155,0.4463445759061629,51.32254375382966
lbv,10972,181.253761572,0.4836207232325549,53.92774918500115
lbv,10973,171.895330717,0.46489185094833374,11.46288428213082
lbv,10974,178.701186018,0.44896888274412894,27.0940497304879
lbv,10975,180.095339817,0.42678443997739307,43.24621947045419
lbv,10976,182.765342349,0.43708707233077115,26.833467251646752
lbv,10977,193.240204434,0.4938195501667222,39.859369345272285
lbv,10978,182.398310109,0.46094662536922676,60.961300898533246
lbv,10979,188.771644706,0.48950892025576526,85.71052838493796
lbv,10980,188.399108365,0.48684429189267625,81.54217478434245
lbv,10981,157.353143356,0.5309245608635802,52.36416946111941
lbv,10982,169.18213434,0.6215534841912425,60.961282707663145
lbv,10983,172.94911729,0.5050081969411284,28.136025103400737
lbv,10984,180.2876259,0.4600519734424548,47.414418059704346
lbv,10985,190.459149313,0.49300825595855713,31.262303969439337
lbv,10986,185.827690129,0.40707643947431016,36.47275034586588
lbv,10987,189.998964819,0.4229388671899851,79.97955947576784
lbv,10988,190.830061342,0.4332542833268951,50.28037809484146
lbv,10989,197.980149954,0.5000277821506773,94.82940637925091
lbv,10990,195.174960578,0.5254222691429328,83.88769965078316
lbv,10991,189.562514883,0.5154944289756078,48.45693485035616
lbv,10992,183.485630962,0.5144005543461033,26.573202873678767
lbv,10993,148.957755371,0.5022501752657048,70.86195526123046
lbv,10994,188.3779088,0.4884688966924494,71.64360809326172
lbv,10995,192.810791256,0.47183176631593526,66.95428386015051
lbv,10996,177.930696302,0.4535801674386388,79.19893245323031
lbv,10997,184.319172284,0.5076319036029634,5.470982390759038
lbv,10998,172.618190548,0.5287266770998637,14.068258128446692
lbv,10999,176.209819299,0.5559695388408418,12.24459503772212
lbv,11000,183.413580071,0.5060953415331748,94.0487761852788
lbv,11001,175.197582557,0.5171832648735473,93.26718115713084
lbv,11002,176.804181879,0.5680099622142024,85.45149476294424
lbv,11003,172.293685087,0.5776336496817198,67.99646382051355
lbv,11004,176.883880327,0.5525680198653103,76.07259889490464
lbv,11005,169.724028128,0.5327873984819214,67.47530774883195
lbv,11006,173.307558898,0.5179508612811111,68.25693658566942
lbv,11007,171.782986523,0.4901445508003235,56.012412725710405
lbv,11008,176.999037916,0.5563442707061768,2.605232986749387
lbv,11009,184.279942907,0.5867013495455506,24.228666776769305
lbv,11010,163.179820491,0.5504718588677464,39.33901809991575
lbv,11011,197.096540471,0.5528954688240499,8.857805618585324
lbv,11012,211.240587849,0.532011411389354,81.02278672760607
lbv,11013,181.943013396,0.5366455893963575,8.336762611538756
lbv,11014,207.255612802,0.5194556351603153,72.16512876024433
lbv,11015,181.214417288,0.5062833867363029,96.39395126641966
lbv,11016,203.335558976,0.5315644678148259,145.6331002029718
lbv,11017,216.083825108,0.5500205721681483,157.35671506395525
lbv,11018,253.327740969,0.5977770060155921,160.74364722756778
lbv,11019,284.469016899,0.6187065333127975,93.78887694115731
lbv,11020,244.799601225,0.5897283514784025,128.43867612352557
lbv,11021,175.834205202,0.5669545392265589,73.72855808033663
lbv,11022,192.763671162,0.5334517810483388,94.04957640404795
lbv,11023,203.507513549,0.6080535287633906,52.886680303835405
lbv,11024,204.099172608,0.5893054796751275,96.13391586004519
lbv,11025,196.126033856,0.6116547293961049,62.526206970214844
lbv,11026,173.893081434,0.607979610801893,81.02359263102213
lbv,11027,172.932008464,0.5609977352463342,79.72101682775161
lbv,11028,181.233358068,0.6113225127620276,82.58689147350835
lbv,11029,192.130266514,0.5643203520549918,69.0395684335746
lbv,11030,197.188627739,0.4988094346123453,83.88964006012561
lbv,11031,190.022542283,0.5207140275410244,67.47648141898361
lbv,11032,172.432058558,0.5787859151418182,22.66588445925245
lbv,11033,193.282076654,0.5938816550505687,64.87137902951707
lbv,11034,214.260676555,0.5332388060909885,37.25545555563534
lbv,11035,223.358005411,0.5895015690602413,114.8928929048426
lbv,11036,205.220518973,0.6186149189196736,65.39264427633846
lbv,11037,170.262834265,0.6575944423675537,33.868779350729554
lbv,11038,181.035639991,0.5871918233531849,125.83560650395412
lbv,11039,167.184127968,0.5309285593443903,45.33209731158088
lbv,11040,167.140441841,0.5342564652947819,13.287032542509191
lbv,11041,190.719309056,0.503789084074704,114.11220658246208
lbv,11042,196.722180203,0.49663746900568717,121.40724831375421
lbv,11043,217.578208983,0.4630240812389688,91.70694026573031
lbv,11044,194.301706207,0.43238923538126345,94.31241727342793
lbv,11045,177.835828317,0.43948799559944546,99.00216076420803
lbv,11046,171.559336585,0.4888614270805327,31.524438985188805
lbv,11047,199.599070583,0.43512816836436585,78.15985286937041
lbv,11048,192.186687594,0.43772594203901044,51.84611831365848
lbv,11049,209.042102344,0.44586374015098257,80.50482527788947
lbv,11050,176.092637451,0.5017188098586973,63.570232675589764
lbv,11051,181.30272902,0.5190804594814188,26.31392977845435
lbv,11052,182.909429684,0.518165111541748,6.252820542279411
lbv,11053,172.650256319,0.5719074606895447,4.95015869140625
lbv,11054,181.785393455,0.5403755684693654,15.63204576080921
lbv,11055,182.674239254,0.5469437837600708,1.302675583783318
lbv,11056,181.687283579,0.5247551524237302,23.187579944087013
lbv,11057,186.536274302,0.5066419839859009,2.0842735140931374
lbv,11058,167.797553946,0.5530188386723147,15.371598367130055
lbv,11059,183.262699183,0.5410951762902932,79.46334749109604
lbv,11060,170.35348737,0.5061120499264111,34.39073369643267
lbv,11061,186.872376508,0.46909553728133535,83.11098857206457
lbv,11062,175.348522523,0.48726804116192995,48.72025667078355
lbv,11063,174.070410679,0.5027668502511857,61.74714175953584
lbv,11064,169.126562823,0.49261687908853813,52.888913502412684
lbv,11065,171.739602965,0.5375031884123639,53.41007307464002
lbv,11066,168.197198229,0.5124615119309376,74.77410679237515
lbv,11067,174.57425941,0.5149167085605892,47.67834248262293
lbv,11068,183.478858643,0.4848635027594601,110.20733059153837
lbv,11069,194.803009108,0.5268733740901668,88.84337765562769
lbv,11070,210.89558818,0.5286298893262613,164.9205322265625
lbv,11071,206.498540232,0.5181889538581554,135.479866327024
lbv,11072,210.418540361,0.46158593557775024,145.9015271055932
lbv,11073,214.879238353,0.44452662319340186,98.22310114841835
lbv,11074,208.936526682,0.4261309655979522,78.94327416513481
lbv,11075,211.897259789,0.4643971121951237,38.8203431372549
lbv,11076,222.842370447,0.5772937775313199,47.41807885263481
lbv,11077,224.832902,0.5798054868048362,94.83603024950214
lbv,11078,230.469839565,0.5731167525387881,92.75159379547718
lbv,11079,241.770849724,0.5681440834581417,107.08103404325598
lbv,11080,212.018150476,0.4921177754388053,44.03075854731541
lbv,11081,201.160793973,0.4925926013572796,96.39860411999273
lbv,11082,220.887182108,0.4206846223470751,55.494253599877446
lbv,11083,181.085019596,0.45784865899897015,127.14182152841606
lbv,11084,190.460323404,0.4753800800798763,159.1878050261853
lbv,11085,204.985505963,0.5514607048249459,57.839190554151344
lbv,11086,186.668962396,0.4973584887473731,96.65920676437078
lbv,11087,191.867826862,0.5241705585370022,58.881399117264095
lbv,11088,185.75063989,0.5281936009348287,54.973389419854854
lbv,11089,189.994376156,0.6460519035657246,7.034521663890166
lbv,11090,175.307488011,0.6246346058516667,37.777986713484225
lbv,11091,178.640283952,0.5868166998179272,51.58649220186122
lbv,11092,166.96972853,0.6203921840471379,8.858301798502605
lbv,11093,182.143092231,0.6155870324396259,67.47941664153454
lbv,11094,186.899087801,0.5873089983938187,128.1848674100988
lbv,11095,194.931867034,0.6135216285977668,94.05444186341529
lbv,11096,231.704601136,0.6374046422356852,147.4649840111826
lbv,11097,283.643976399,0.6205205531797,236.83000581030757
lbv,11098,196.584129914,0.6312176755737651,91.97035480574066
lbv,11099,259.384108049,0.6130770296921234,182.638143232757
lbv,11100,272.985649358,0.5472973346571105,223.28254675771674
lbv,11101,162.421291182,0.5875560794815873,51.58692043528838
lbv,11102,218.216283128,0.5623135976757564,73.47238419476678
lbv,11103,188.721902855,0.49408122997746695,123.49625154383043
lbv,11104,186.063907994,0.5648620505683338,81.54932203105852
lbv,11105,212.416138417,0.6254534303926819,72.16998446595434
lbv,11106,200.974931383,0.6175425708840746,56.79813717112822
lbv,11107,192.694850272,0.49188046224081694,52.36901981129366
lbv,11108,184.186377034,0.40987378695318766,48.46095536175896
lbv,11109,169.789650489,0.49020085247551526,64.09363187902113
lbv,11110,200.349868727,0.5112911016744601,116.98415658988205
lbv,11111,237.479330429,0.5745214395390618,117.24492914536421
lbv,11112,284.281691244,0.5397724009034828,170.1357304890951
lbv,11113,227.559164503,0.5269100543400402,131.0541834812538
lbv,11114,321.505995097,0.5167975736920383,276.9598021862554
lbv,11115,304.02741317,0.5107898748542836,234.75181633444393
lbv,11116,240.736482651,0.4360171839751226,173.78433341232
lbv,11117,194.401833195,0.4138965286918589,96.40221464867685
lbv,11118,211.725659298,0.5547536575275918,59.925816105861294
lbv,11119,185.60197463,0.5126401633024216,46.89854924819049
lbv,11120,178.065123556,0.453085670395503,49.243541762408086
lbv,11121,179.6749575,0.46745364138713247,20.322777692009424
lbv,11122,182.686798624,0.4585502860648781,54.45469082103056
lbv,11123,177.543868278,0.3381196199319301,20.322860268985526
lbv,11124,242.442895566,0.3571983587357306,40.385185690487134
lbv,11125,205.940879041,0.5213317126035689,17.196307014016543
lbv,11126,229.004551332,0.5071192492437626,47.15963769052543
lbv,11127,229.896889428,0.4323716273433284,79.2074675915288
lbv,11128,238.181150835,0.437583151662234,53.673516995299096
lbv,11129,233.733198861,0.46496151190206225,64.87738153794233
lbv,11130,254.382607758,0.4374239914105106,137.31090351179537
lbv,11131,206.205195862,0.42877993854896096,49.24440831203086
lbv,11132,204.042093998,0.3569335899009916,70.6098721672507
lbv,11133,211.425676742,0.3076729943623414,86.7642999088063
lbv,11134,265.807450794,0.3562429108057812,204.5344685573204
lbv,11135,221.162013141,0.3220850982275722,146.43124745686848
lbv,11136,166.17064691,0.304567164309868,85.46169762704886
lbv,11137,185.267564465,0.3302581977061551,51.58968281465418
lbv,11138,185.093739682,0.3239567905049963,101.09486511828854
lbv,11139,183.668731532,0.3493393610098532,145.90988682765584
lbv,11140,192.751658098,0.33550257837013536,126.8894074084712
lbv,11141,201.642715613,0.373306634399177,92.23570673325483
lbv,11142,210.125591051,0.3892257973810579,105.00264216404335
lbv,11143,201.402410874,0.38039929482091467,65.39863305185355
lbv,11144,192.519501842,0.386318938404906,53.152593994140624
lbv,11145,199.761527747,0.406012036668306,91.71406396604053
lbv,11146,211.979784365,0.45877075618249746,78.94700541776768
lbv,11147,220.345731448,0.4695224918405527,99.26985234279257
lbv,11148,216.935314449,0.45866229383342233,108.12844178442862
lbv,11149,218.559587191,0.46170063849006376,116.7264175415039
lbv,11150,207.858003563,0.4810609248287776,107.08590249454275
lbv,11151,198.159360177,0.4706524527690066,95.62157440185547
lbv,11152,166.860424513,0.4759129653684795,50.025384341969215
lbv,11153,175.350005717,0.4923299757857301,57.06011361514821
lbv,11154,167.135679183,0.49356849768652994,51.84907507802926
lbv,11155,168.994346596,0.46862312751572305,64.0947286269244
lbv,11156,156.276485863,0.4969879388809204,28.139117431640624
lbv,11157,202.847219654,0.4902647844815658,92.23351260914521
lbv,11158,223.563932782,0.4776525336342888,67.48151879404105
lbv,11159,230.075177719,0.5212649357946295,14.851113353056066
lbv,11160,250.391363453,0.5245003240803877,37.518692555147055
lbv,11161,347.061900822,0.5175944468804768,127.66766507017846
lbv,11162,262.243268381,0.47989657932314383,68.00273787554573
lbv,11163,140.270874855,0.42997775023633783,45.8563538794424
lbv,11163,22.8054527509,,0.0
lbv,11164,21.5266874151,0.4455825984477997,19.019991766237744
lbv,11164,9.67027778292,0.4455825984477997,3.3871218213848038
lbv,3645,0.111201114908,,0.0
lbv,3645,6.54376810507,,0.0
lbv,3646,121.665968303,0.5655627885172444,40.371451433967145
lbv,3646,4.6139900922,0.563132107257843,3.6464536779067096
lbv,3647,133.976628372,0.6156220570206642,156.27639097325942
lbv,3648,125.081666635,0.5905582528805065,55.7384350047392
lbv,3649,147.009755714,0.5660129277714754,72.1473018870634
lbv,3650,145.40178198,0.5474736229065925,56.51961307899625
lbv,3651,142.443471287,0.5385216087711101,63.81237778009153
lbv,3652,134.883762868,0.5300130265774113,26.306253620222503
lbv,3653,153.262280924,0.5368257905886724,84.64875180113549
lbv,3654,102.068392024,0.5665014132414714,52.61235495174631
lbv,3655,104.836718659,0.5837990481288042,106.52682812260646
lbv,3656,120.705533501,0.6054022557745676,121.37265924191944
lbv,3657,106.752241848,0.5988478979332555,108.61010975557215
lbv,3658,141.749410018,0.5786324934845252,141.42731242460366
lbv,3659,136.039408685,0.5664106945769485,117.4652390423943
lbv,3660,133.807136084,0.5708099448858801,87.2522695503983
lbv,3661,119.799576321,0.5525230845348946,116.42299670051125
lbv,3662,112.133827203,0.5448296620080846,111.21372869154986
lbv,3663,109.60069628,0.5590997800960408,111.7344669117647
lbv,3664,127.535694115,0.5686104802981667,35.942521757238055
lbv,3665,140.147921739,0.5568089740043537,77.35439046223958
lbv,3666,151.89438804,0.5394654897972941,50.0068146649529
lbv,3667,125.883985396,0.5886063635349275,2.604514327703738
lbv,3668,139.528503972,0.5449853624616351,87.51154767204733
lbv,3669,155.639184211,0.6026266045727819,55.21554338043811
lbv,3670,138.669357475,0.5741783862805548,68.23796985102635
lbv,3671,140.628820267,0.5796063845211633,80.47911257276348
lbv,3672,142.263727716,0.5769768897092568,110.43079459994448
lbv,3673,137.663786199,0.6043312123843602,69.2796889959597
lbv,3674,107.260840203,0.5726471742987633,104.17985968496285
lbv,3675,105.490771983,0.5751393386029077,99.75219526103899
lbv,3676,112.33712951,0.5641669800496214,109.90972322950176
lbv,3677,110.004129124,0.5645393087724933,116.16053400974648
lbv,3678,104.039575347,0.5423544681010147,100.01264845904183
lbv,3679,115.806566804,0.5261830026762826,91.15739949544272
lbv,3680,137.622945933,0.5750656966324691,47.40191028071385
lbv,3681,159.764123783,0.5982124098276689,76.83276666379442
lbv,3682,143.683953744,0.5882864997086936,78.65591705920649
lbv,3683,103.881090655,0.5774234932810602,72.66554825726678
lbv,3684,101.083995967,0.567033312904338,100.01277232450597
lbv,3685,112.006919946,0.567681758498335,91.93884717155905
lbv,3686,116.444002989,0.6048360490331463,13.28297451243681
lbv,3687,120.162231608,0.5838158843772753,14.58522997089461
lbv,3688,148.20531706,0.5568418823225649,45.05792125627106
lbv,3689,131.426511265,0.5538277749357552,15.106131041283701
lbv,3690,178.334592012,0.5433948092707774,85.42767070695464
lbv,3691,140.631515935,0.5579206779981271,101.57553016812194
lbv,3692,163.681768625,0.6061692925098815,95.32472067440257
lbv,3693,171.07950286,0.5890900502189661,81.52084344602099
lbv,3694,147.598947015,0.5594028827896708,117.98369382970472
lbv,3695,182.63610949,0.5877651464144389,97.66860019459443
lbv,3696,151.179276522,0.5620208061941943,147.4142172121534
lbv,3697,123.407627318,0.602308566488597,121.62974958232806
lbv,3698,80.0973051147,0.6077429555094662,81.52058808569814
lbv,3699,100.961919932,0.5815764071155171,97.14752550312117
lbv,3700,107.608116812,0.5647081515235358,109.9095033234241
lbv,3701,127.917668307,0.5714254284391598,127.62000888001685
lbv,3702,128.163540152,0.5442823810553727,104.96092711803959
lbv,3703,137.855148508,0.5775993072069608,16.929168850767848
lbv,3704,142.020042557,0.5833376987289836,34.11884430530024
lbv,3705,163.770806235,0.5820116153897694,59.1221565396178
lbv,3706,149.559660882,0.5737598468730977,80.21861739813113
lbv,3707,151.08333483,0.5500575824715624,90.63662252987132
lbv,3708,141.005252318,0.5756495556173226,100.01282504212622
lbv,3709,126.611500666,0.6003953463680393,86.7298688103171
lbv,3710,124.092318063,0.5652873259002027,81.52086768056832
lbv,3711,122.469446158,0.5768276715370679,67.45656463024663
lbv,3712,103.669239153,0.5934780466313264,63.810222550934434
lbv,3713,107.618510834,0.6029806526807638,101.5753600176643
lbv,3714,121.893741877,0.6046379408554027,79.17666144277536
lbv,3715,95.4009764427,0.5411029578576128,94.02217688466988
lbv,3716,114.824486772,0.536381296669017,94.02214636709175
lbv,3717,122.121683158,0.5213868316915847,75.79070524327895
lbv,3718,128.744733288,0.5176060359705896,70.84217122395833
lbv,3719,151.424523726,0.49620050758258255,57.55927982704312
lbv,3720,161.299243849,0.49088760774735124,44.53682636934169
lbv,3721,143.244929764,0.5275472368185337,40.630060263241035
lbv,3722,128.372170999,0.4768053284104989,76.5719077615177
lbv,3723,126.45936587,0.4632772830095185,23.17992428050322
lbv,3724,122.633052507,0.4794789496714694,51.30822370940564
lbv,3725,139.990703091,0.453849406602482,25.00297681023093
lbv,3726,147.575078774,0.49993773752992804,14.324584063361673
lbv,3727,150.660045755,0.6192619264795539,23.179740456973803
lbv,3728,148.583846945,0.4413414338464948,129.4416811176375
lbv,3729,131.071822559,0.4801662536554558,111.9916477577359
lbv,3730,134.834479583,0.49188621493917223,99.75058273614621
lbv,3731,128.323255917,0.5531216632541635,87.76997489181218
lbv,3732,145.457209415,0.5232473213187198,101.05251856785193
lbv,3733,137.357181242,0.5610308625300724,39.066674176384424
lbv,3734,121.163841932,0.5722238666871015,84.12339169371361
lbv,3735,124.38774762,0.5416984940595169,97.40593770345052
lbv,3736,118.407304415,0.5423449007485877,78.65386412377453
lbv,3737,144.585299813,0.5151300080157266,105.73984611361634
lbv,3738,125.152105126,0.4906396580732256,72.14264951219745
lbv,3739,123.328114437,0.4939401185052782,94.54057473575368
lbv,3740,113.301321019,0.5313150985235078,105.99989935183058
lbv,3741,123.894928053,0.5812529235757808,121.1053762099322
lbv,3742,119.822839363,0.5950380278726852,119.28213791192746
lbv,3743,114.09893003,0.5894279239055152,111.4687452428481
lbv,3744,156.305660859,0.5470851665725327,156.52479274974152
lbv,3745,189.634776025,0.5484293172402042,189.6004456463982
lbv,3746,180.251066556,0.5280366609925808,179.70344791786343
lbv,3747,179.635129309,0.5181168508426153,179.96362487194585
lbv,3748,146.567922943,0.5249132580913616,150.79425171496823
lbv,3749,124.732333759,0.511906794325233,119.2809425204408
lbv,3750,161.511780072,0.5426811290871013,71.62058377733418
lbv,3751,154.204259933,0.537122778252241,147.4079065061083
lbv,3752,106.926020829,0.5933941134689531,109.1234172447055
lbv,3753,124.610076255,0.5634222417059591,122.92646436504288
lbv,3754,118.874578606,0.578159774845911,64.32797004849303
lbv,3755,118.327086049,0.553456059483921,110.68558606914445
lbv,3756,110.603438682,0.5113451124107751,107.03933536305148
lbv,3757,125.618695918,0.5104779574659564,32.29408428715724
lbv,3758,123.228619262,,0.0
lbv,3759,133.049392867,0.5005857075254123,28.12704063864315
lbv,3760,186.912805664,0.5040399676139375,176.57513562370747
lbv,3761,142.524313557,0.5278769101320927,140.89545823639514
lbv,3762,167.279862078,0.5528118653696672,164.8553039550781
lbv,3763,176.819368092,0.5626864984565701,176.83526419845282
lbv,3764,147.056452431,0.5548179217869138,145.5830593034333
lbv,3765,126.29048686,0.5634357520512173,127.61297912597655
lbv,3766,173.264640516,0.5697730778737832,170.58458709716794
lbv,3767,181.461598864,0.5594577784318804,124.48768920898438
lbv,3768,162.196500572,0.5376368375739666,103.13209695255055
lbv,3769,185.178957579,0.5716211466228261,22.13695675719018
lbv,3770,146.566810304,0.6317984942180007,17.449149487065334
lbv,3771,133.444909051,0.613621114468088,25.52263656317019
lbv,3772,148.393839926,0.5450575467431065,71.0987699321672
lbv,3773,162.031825657,0.5325945218404134,81.25571271110984
lbv,3774,140.913664262,0.5074763756809811,85.94366814108454
lbv,3775,174.408004289,0.4867727525158016,171.10606429156135
lbv,3776,151.882999916,0.49759117618085213,98.70516369389554
lbv,3777,152.73686534,0.47323814143939896,63.806771371878824
lbv,3778,157.980735516,0.51887193787843,100.00752078785615
lbv,3779,117.230788983,0.5249665942876148,61.72345150218291
lbv,3780,127.371528625,0.49365423963620125,20.314064743939568
lbv,3781,126.998132423,0.4455571229576219,36.721648302265244
lbv,3782,121.279867519,0.5809233252491269,7.292237704407935
lbv,3783,124.793157902,0.5750999450683594,10.677930974025353
lbv,3784,150.347963162,0.4143581902203353,11.98015806908701
lbv,3785,133.203823916,0.38458127725837576,60.94255362117992
lbv,3786,134.490178676,0.4485623501595997,54.69212431066177
lbv,3787,149.97405261,0.4923804422050142,122.14571916168813
lbv,3788,147.616151279,0.4671262159982086,100.78986618939567
lbv,3789,140.850617793,0.45738616722439424,85.16360165465113
lbv,3790,120.248200695,0.4004862904548645,87.24727044199028
lbv,3791,145.570392892,0.3772788287724479,61.46382356531479
lbv,3792,164.16292129,0.3753540789693352,32.034144861557905
lbv,3793,159.221479117,0.36593599378733344,47.13973092471852
lbv,3794,181.080518278,0.49139426276087766,25.002289177389706
lbv,3795,211.770112661,0.5541167108065774,54.43210161994485
lbv,3796,188.31077867,0.5228668501993426,38.2848351871266
lbv,3797,134.882471549,0.2796405255794525,3.385744551116345
lbv,3798,132.981186814,0.6255820393562317,1.823093219831878
lbv,3799,146.280656575,0.4805320458752768,1.8230959125593595
lbv,3800,130.739423608,0.6291918754577637,1.041769349341299
lbv,3801,123.576334117,,0.0
lbv,3802,141.031802634,0.29974469542503357,4.9484299902822455
lbv,3803,123.698467425,0.43417983821460177,25.523441509172027
lbv,3804,133.836983226,0.5055034813264414,113.81371699314492
lbv,3805,138.050503006,0.49043088915410976,88.8111920225854
lbv,3806,137.709861125,0.4761632488054387,39.847824365952434
lbv,3807,134.050694551,0.507566310731428,29.169605509440107
lbv,3808,140.435592365,0.4956953525543213,9.115497514313343
lbv,3809,139.14238339,0.5044781010444851,38.02471229702819
lbv,3810,145.450580017,0.5093841341876719,93.49896560369753
lbv,3811,137.114454427,0.49044697985795277,67.9755671781652
lbv,3812,154.850894491,0.4566428745786349,62.506188336540674
lbv,3813,142.246755577,0.4580318331718445,53.65112149107689
lbv,3814,151.527153183,0.44233431357603803,50.78623444800284
lbv,3815,151.592469883,0.3786279559135437,49.22360175637638
lbv,3816,165.902302314,0.3887475789744455,121.36598513734108
lbv,3817,156.038353934,0.394024425592178,111.72958993350758
lbv,3818,143.738811637,0.3931996576488018,31.2530164232441
lbv,3819,156.301796138,0.3708974369043528,22.39796079747817
lbv,3820,156.529598845,0.36767070625837034,27.085906623391548
lbv,3821,157.527847057,,0.0
lbv,3822,150.956509825,0.44363829493522644,5.20880126953125
lbv,3823,142.456306047,0.3944476467448395,20.05390149284812
lbv,3824,138.756188684,0.4212997257709504,2.343958327349495
lbv,3825,143.442383169,0.5035598874092102,30.4713789098403
lbv,3826,162.745358631,0.5035598874092102,3.6461479037415745
lbv,3827,167.030172399,0.3893621014037602,18.491151278626685
lbv,3828,143.110726543,0.4232234482581799,33.85701946183747
lbv,3829,153.25214746,0.6086777448654175,13.282327270507814
lbv,3830,140.276927101,0.5223495364189148,24.741547378839233
lbv,3831,141.89561394,0.5088468401619557,69.53667090920841
lbv,3832,123.122298077,0.5084551942759548,52.86861703910079
lbv,3833,123.251365982,0.509226381778717,21.095349480124078
lbv,3834,106.526714782,0.5265939582477916,14.323961444929534
lbv,3835,147.065518676,0.5033021430884088,29.168745003494564
lbv,3836,180.660540584,0.5044542875206263,74.22394047157437
lbv,3837,164.032559979,0.5045932940790586,55.732971819709334
lbv,3838,124.78434407,0.4772648513317108,5.469116928998162
lbv,3839,138.71793829,,0.0
lbv,3840,180.959289671,0.43586424738168716,4.166927382525276
lbv,3841,128.305238756,0.41747573018074036,31.512310043035768
lbv,3842,160.478085414,0.50187259744963,88.02605674594056
lbv,3843,109.715199502,0.5372108242827464,57.03456241383272
lbv,3844,129.656926348,0.46652889810502535,8.333796811571307
lbv,3845,138.594575985,0.5560620414799657,37.76250248329312
lbv,3846,133.510337735,0.5684317374966809,50.52356444714116
lbv,3847,190.0072912,0.5186435352947751,122.92310312308518
lbv,3848,162.345092119,0.5458464883865519,48.700430028578815
lbv,3849,174.898987898,0.538294156239583,101.56761214312385
lbv,3850,188.336419768,0.5193753127099537,170.84172333362056
lbv,3851,169.719145763,0.5694544606299197,54.95058372347963
lbv,3852,122.898336507,0.49012362350404787,117.71377695121018
lbv,3853,114.478441979,0.5931460039090302,61.46112874348959
lbv,3854,125.113100339,0.6063686514217592,78.38890186384613
lbv,3855,120.857723133,0.5717783940465826,74.22195371740004
lbv,3856,125.051774707,0.6212505389304056,71.35720807243796
lbv,3857,118.312866594,0.573482078500092,33.33469175450942
lbv,3858,135.797206489,0.5620411902609757,137.7659367280848
lbv,3859,115.01993594,0.5465146947291589,56.51269342759076
lbv,3860,171.794540787,0.4852316404267939,56.51265707576976
lbv,3861,177.167530078,0.4082313936490279,16.927775663488053
lbv,3862,188.071082946,0.39325035189060453,12.24008394129136
lbv,3863,190.481646275,0.37270104189713793,7.812818190630744
lbv,3864,202.514198122,0.4718312014793528,45.31423618092256
lbv,3865,170.052607972,0.5437676585544415,64.0648765115177
lbv,3866,142.140871789,0.5846876671860338,46.616326455508954
lbv,3867,156.070140581,0.4807942970863824,134.11933270622703
lbv,3868,134.765539507,0.5488962076092494,68.23159592572381
lbv,3869,163.57998086,0.4904162957022587,125.00430441463696
lbv,3870,157.714483355,0.49291709193772676,54.42897934259153
lbv,3871,139.109455211,0.43190279500941714,38.022173294366574
lbv,3872,137.777735787,0.4582269583662895,38.02211578967524
lbv,3873,131.23065411,0.5156046928261682,36.1990811217065
lbv,3874,157.060334125,0.45970271634204046,36.45950616574755
lbv,3875,178.343111667,0.2937139687793595,29.16765026017731
lbv,3876,142.086081398,0.33580387877368695,106.51386141309553
lbv,3877,163.302662548,0.3854457001428346,96.35720705518536
lbv,3878,163.587318168,0.4455407113162903,119.01399874219707
lbv,3879,187.678326212,0.46030825947988846,145.31670110365926
lbv,3880,214.185773322,0.42139704995045146,123.96194846957337
lbv,3881,200.761020438,0.4397026371817255,111.98226653454351
lbv,3882,224.659139214,0.4496288975016071,162.24391682942706
lbv,3883,126.499368703,0.4858177929658156,84.63738370409199
lbv,3884,112.285878881,0.4952322127602318,71.61613120284736
lbv,3885,121.603028384,0.5174381989466993,82.29327904196347
lbv,3886,105.030215329,0.5122646547211003,102.6060240801643
lbv,3887,108.410012742,0.5425665623375348,43.75072506175322
lbv,3888,134.291532095,0.49752528480186314,67.9697800580193
lbv,3889,142.212320465,0.5159164035724382,30.729614527085253
lbv,3890,158.039603306,0.5849916338920593,33.07334603702321
lbv,3891,140.901429978,0.45576928200260286,40.36503514308556
lbv,3892,159.313566455,0.4400449248327725,71.87580739937576
lbv,3893,165.390118508,0.3759803876723394,52.604691269818474
lbv,3894,146.858639216,0.31543045067113196,73.69861097148821
lbv,3895,165.199281538,0.3330066598350217,83.85483099245558
lbv,3896,146.81765671,0.381185220867178,71.35463379504633
lbv,3897,162.735415338,0.4024814113974572,62.50036980124081
lbv,3898,165.405817616,0.35255010503841694,64.84401038674747
lbv,3899,128.528321181,0.3135153710842133,5.208355473537071
lbv,3900,134.115836301,0.5270735621452332,2.8645803713331035
lbv,3901,126.415343738,0.5270735621452332,1.562498384363511
lbv,3902,130.583058805,0.39544580578804017,1.3020806406058516
lbv,3903,127.706742937,0.4763971773847456,16.14576951569202
lbv,3904,117.971423602,0.3902779545700341,14.843693362965304
lbv,3905,127.474008123,0.36189019001356443,26.301947978898593
lbv,3906,132.042897824,0.31564295183528557,28.64562162511489
lbv,3907,138.919333125,0.4082974664866924,62.49942734662224
lbv,3908,147.587524148,0.44383390017803875,77.60333745619829
lbv,3909,124.506897712,0.4504444260541567,66.92625068215763
lbv,3910,147.378174671,0.44432421309106496,88.54041694192324
lbv,3911,136.834333433,0.44387946507948284,70.83222369025735
lbv,3912,122.989153868,0.4408199113525756,57.030247587316175
lbv,3913,125.732925528,0.42191935894744736,72.91525597665824
lbv,3914,129.042586537,0.4212350481086307,51.56143493652344
lbv,3915,133.194133369,0.45788471345548276,35.15545205508961
lbv,3916,137.268750742,0.526429073607668,24.478560982498472
lbv,3917,138.754016224,0.5655267349878947,39.0614704805262
lbv,3918,121.44010225,0.5623363983631134,45.57163851868873
lbv,3919,129.517006475,0.5522600207318609,60.93568635828355
lbv,3920,128.707692694,0.5743981681618036,39.84252777099609
lbv,3921,147.76547889,0.48413434624671936,22.39506656422335
lbv,3922,155.870046349,0.5169152605992097,33.85298022101907
lbv,3923,149.214201747,0.5647711695217695,15.884841380399816
lbv,3924,127.841270681,,0.0
lbv,3925,132.189812716,,0.0
lbv,3926,140.152789375,0.43559330701828,2.6040557262944244
lbv,3927,145.764904527,0.4138898311749749,11.978647897757735
lbv,3928,178.428322316,0.48602703099067396,6.770518164541207
lbv,3929,280.802869067,0.4788917166237928,102.07849545946307
lbv,3930,272.26838074,0.45778305530548086,96.34960772944433
lbv,3931,235.328947307,0.38454057419136783,38.018946060479855
lbv,3932,237.769303355,0.3609310228909765,14.582584186628754
lbv,3933,282.225460882,0.3630342315594109,84.11006089752796
lbv,3934,371.589843208,0.4596598129644891,195.04131332098268
lbv,3935,362.508379349,0.5500411319635551,127.85748844520718
lbv,3936,316.622794922,0.4790570851276339,132.54454064462698
lbv,3937,325.1172443,0.5359000546909939,195.04095716289444
lbv,3938,302.23422637,0.5235599689849938,189.8327657662186
lbv,3939,281.236573999,0.4205457796683399,170.82322764677156
lbv,3940,286.163915682,0.43280090202380267,178.37460865693933
lbv,3941,295.87603915,0.4714387383799699,186.9676310819738
lbv,3942,311.082093372,0.5040907229237612,159.6253925996668
lbv,3943,313.114087359,0.5036467145064916,159.62532438390397
lbv,3944,316.11590033,0.4781653855773185,180.9781862146714
lbv,3945,358.516469099,0.5132876634597778,148.9487672992781
lbv,3946,376.37684866,0.5209954810016466,172.38454724480124
lbv,3947,355.953830735,0.4978370536118746,245.81741111605774
lbv,3948,366.455007833,0.5343311915317408,270.81564971325446
lbv,3949,378.085007343,0.5369351955390723,274.20064739152497
lbv,3950,385.058259731,0.5522897551889006,179.67546003753066
lbv,3951,408.933491442,0.5056932714157238,296.33439860624424
lbv,3952,424.845172432,0.5037801095998911,324.19689480650663
lbv,3953,435.859444254,0.506595534598904,323.93638197954965
lbv,3954,431.16907963,0.5117650338452615,240.60848328833487
lbv,3955,452.738343476,0.499800437790509,320.5509730021159
lbv,3956,431.516490839,0.5192815316113177,326.5402942732269
lbv,3957,388.436308041,0.5374350637197496,291.6468416101792
lbv,3958,523.163837437,0.5725547878319405,422.8870738908356
lbv,3959,422.607710388,0.533975135196339,375.23433320288564
lbv,3960,308.045071519,0.5705757261989834,186.1849850224514
lbv,3961,593.762272741,0.5802541870882015,473.4033079558729
lbv,3962,481.929550085,0.5555096531871462,428.094309608609
lbv,3963,614.885895868,0.5575613818360473,566.364877319336
lbv,3964,653.505903946,0.5600176200912944,604.1217342900295
lbv,3965,593.074447047,0.5631842764961565,483.296858993231
lbv,3966,519.993276752,0.5696516602582469,466.37063553754024
lbv,3967,518.408963882,0.5627815218089884,467.9324631036497
lbv,3968,545.809121266,0.5294066772859518,425.22686468386183
lbv,3969,571.613448962,0.5441605901899468,530.6866341085995
lbv,3970,402.302056814,0.561257702072094,309.6106131460152
lbv,3971,394.445797501,0.5871220020796334,250.23970211253445
lbv,3972,191.373930675,0.561947059138377,138.53014394722732
lbv,3973,187.970230467,0.5347463658051087,187.74448987175435
lbv,3974,180.136148645,0.5476448059971653,104.67841823802274
lbv,3975,409.615942344,0.5656114369845219,361.9471583646887
lbv,3976,436.343850733,0.5742770311617034,417.93107111313765
lbv,3977,494.996970861,0.6093689824803387,353.09251005883306
lbv,3978,475.593424623,0.5914875591869455,345.80109480315565
lbv,3979,337.547800069,0.6493740820346918,173.1605052574008
lbv,3980,364.118870653,0.6698899009820749,254.40222915948607
lbv,3981,465.472387168,0.5860852327792099,267.68258592194195
lbv,3982,434.861639158,0.5093774306261171,278.3577919155944
lbv,3983,451.567787524,0.5096455535260579,242.1638375674977
lbv,3984,364.7739987,0.5480215916694221,153.63103470147823
lbv,3985,283.234020523,0.5657631786831053,111.70810026281019
lbv,3986,243.094347768,0.5290176538560284,109.62487448898015
lbv,3987,277.950234356,0.5419605611318565,86.45010585410922
lbv,3988,291.26500393,0.5563401476857345,183.83687175675934
lbv,3989,323.47373757,0.5322076218131702,177.58767463833678
lbv,3990,339.602990965,0.5246680398029072,267.9441063376034
lbv,3991,263.019904338,0.5169720123415258,215.86582001330808
lbv,3992,348.957848931,0.5615168863429707,250.75869759952323
lbv,3993,369.061288354,0.5409002728309495,365.8528837316176
lbv,3994,358.021081792,0.5486764956760751,433.0345809936523
lbv,3995,389.412323063,0.5518945689927947,334.0856171551873
lbv,3996,397.372552519,0.5386614379712512,364.5520571241192
lbv,3997,371.838755811,0.5340451912268968,270.2896025115368
lbv,3998,371.171995926,0.5286584789735945,291.90247811710134
lbv,3999,289.141691187,0.46909284055142836,172.12120211732153
lbv,4000,234.343551639,0.5105787469477209,114.31357478721469
lbv,4001,223.148365852,0.4414793773232218,139.31175441367952
lbv,4002,222.65857961,0.4691155592666842,155.9771587297028
lbv,4003,240.415058985,0.486041611781429,164.8307084027459
lbv,4004,257.721646266,0.511696985875168,142.6972287047143
lbv,4005,231.702635137,0.4998210979582265,179.15292086133766
lbv,4006,262.388641771,0.520641871397175,174.46604273179
lbv,4007,273.642631099,0.5156048213326654,279.92709212957647
lbv,4008,262.917232173,0.5277140951818889,257.7935706643497
lbv,4009,266.209336365,0.502392363119554,260.6580685484643
lbv,4010,227.346908366,0.4402712797783464,129.67817311006434
lbv,4011,192.465157582,0.4046209005916372,97.90965564204197
lbv,4012,196.588695149,0.3934188845357921,96.08685114243451
lbv,4013,205.940048408,0.3597114039392307,151.03070128197766
lbv,4014,189.621816528,0.3636355272206393,143.21864513322416
lbv,4015,185.167960137,0.38929500740091755,110.40847649667778
lbv,4016,269.007504164,0.4984196114043396,162.4873328115426
lbv,4017,288.577378274,0.4408269684736421,191.3914940628351
lbv,4018,196.84805386,0.28851354261121104,131.240054620481
lbv,4019,337.431769222,0.4754047612669315,250.50121349259922
lbv,4020,322.17627225,0.48255580246681806,266.1247113994524
lbv,4021,250.425516311,0.4672925553411385,166.39292378145103
lbv,4022,440.607244859,0.6592658327050407,285.13270120059747
lbv,4023,442.898279466,0.6378775123435796,314.2964784809186
lbv,4024,364.416362525,0.6406669996001503,214.82536271039177
lbv,4025,312.066440824,0.6436564653869568,160.14234789680032
lbv,4026,316.062430755,0.6426833970764084,182.79632110595702
lbv,4027,302.276277511,0.5956731613897049,192.17010866052965
lbv,4028,246.652683484,0.5508921162440228,135.40422818053003
lbv,4029,310.561713502,0.6283336780098114,208.05352292528337
lbv,4030,275.438610249,0.6530223466802754,162.2242124968884
lbv,4031,247.54823032,0.6363481382792445,98.16765624401617
lbv,4032,296.642214965,0.5727487793577112,252.05852089676202
lbv,4033,343.695626409,0.6014753819500133,345.5384733611463
lbv,4034,343.554052809,0.6052462326406439,343.975655080758
lbv,4035,321.811213794,0.5983243508054075,318.19661003561583
lbv,4036,287.210310502,0.5997281262050126,292.1572858025046
lbv,4037,293.229705502,0.6305223344661193,170.03434759401804
lbv,4038,273.625129337,0.6030960053932376,160.13933518353633
lbv,4039,262.545438413,0.5823871497385102,115.09196241790174
lbv,4040,264.060853901,0.5037968769368933,180.7096591425877
lbv,4041,284.537883688,0.5368258242159345,158.0556361478918
lbv,4042,278.586142492,0.5552348357977278,155.71193461698644
lbv,4043,295.965954613,0.5756830229597577,92.1771042767693
lbv,4044,308.281335029,0.5582162373739741,119.77818340226716
lbv,4045,322.660304818,0.5917727711724071,106.75864236869063
lbv,4046,345.662304282,0.5662898988647258,194.769332706227
lbv,4047,356.442258582,0.5913257577915075,170.29286056219362
lbv,4048,299.849625531,0.6084357831529331,109.10198442047718
lbv,4049,260.85034341,0.5464551573766465,151.5451420802696
lbv,4050,318.910913552,0.62041348933689,128.11020062016505
lbv,4051,269.111123696,0.5891752888378651,170.03237852208755
lbv,4052,256.672418879,0.5732758086964941,137.4838757683249
lbv,4053,287.851191736,0.6291382691570532,167.16778025907627
lbv,4054,294.073070931,0.6176095267190883,191.64391279033586
lbv,4055,291.789341089,0.6458298916968778,228.61862119786878
lbv,4056,231.031141798,0.634187698984332,200.23651685527724
lbv,4057,262.721127595,0.6414840811002751,168.46928103577855
lbv,4058,217.329158012,0.6464704623383081,162.21972659241922
lbv,4059,315.357223059,0.6422715897393901,239.03275708965225
lbv,4060,307.057334242,0.630480638211345,215.07708252551507
lbv,4061,360.514072518,0.6379685436857156,302.0447546267042
lbv,4062,256.924965346,0.6605692388117315,208.30663000368605
lbv,4063,346.244567916,0.6386083706850615,288.7645052442364
lbv,4064,370.531068991,0.6254760725303781,364.01454171573414
lbv,4065,365.412252141,0.613268664929756,358.2855254827761
lbv,4066,306.321938475,0.6203419632262749,434.31644646139716
lbv,4067,312.942031894,0.5910717193727141,253.0903508803424
lbv,4068,202.200575317,0.5481129474748815,102.58996851303998
lbv,4069,318.538033108,0.5002385948015295,59.88741885914523
lbv,4070,245.756508598,0.5568866579188515,50.51378721349379
lbv,4071,249.323823043,0.5333821088075638,15.622748161764706
lbv,4072,199.252415441,0.5455578809434718,22.913357065238205
lbv,4073,256.130561736,0.522482111616042,80.45690711526309
lbv,4074,238.810777464,0.46571767139129155,101.54747188792508
lbv,4075,208.073144854,0.5149814300830402,65.61519586899702
lbv,4076,182.381172254,0.521499464445025,83.58112688251569
lbv,4077,207.854321033,0.49725420352740163,91.39229643578622
lbv,4078,208.621686794,0.5213927684699075,92.17333257338579
lbv,4079,222.978259401,0.5397012683189109,112.222176286286
lbv,4080,205.822758401,0.5252497784078938,95.03719030642043
lbv,4081,248.922584556,0.5347612801135755,106.2332124597886
lbv,4082,190.236267805,0.5210389851137649,55.98072874779795
lbv,4083,209.293531453,0.5306292390661541,115.08573997347963
lbv,4084,229.542592601,0.5711545262641992,117.94969437543082
lbv,4085,234.0845023,0.5806913957917447,177.57522879207838
lbv,4086,293.387352861,0.6283107627269834,167.94110376694624
lbv,4087,242.840090303,0.5754970551086461,113.00213497386258
lbv,4088,220.40445621,0.5743717577443752,136.17526352826286
lbv,4089,195.490440259,0.5563145340328485,92.43248246136834
lbv,4090,182.657651071,0.5121977568934204,49.21043847775926
lbv,4091,188.237788616,0.5015563307137324,67.95715472651463
lbv,4092,241.460945689,0.5581364670671674,115.34474849326936
lbv,4093,260.538862447,0.5638100760323661,98.42047980813419
lbv,4094,247.432583212,0.5707547474598538,107.79368456672219
lbv,4095,249.868140842,0.5923777706508708,141.12099998324524
lbv,4096,220.836532103,0.5735233660667172,80.71485027238434
lbv,4097,288.36913838,0.5977248131653887,161.95020593381395
lbv,4098,317.699107907,0.589320466189289,247.09087401745367
lbv,4099,303.139746209,0.5916454062970056,312.7037087234797
lbv,4100,257.638701534,0.5870333251945572,246.5697507671281
lbv,4101,231.659679657,0.5963551412622835,221.0535103293026
lbv,4102,253.64382486,0.6139466169145371,234.33220717486216
lbv,4103,280.759093709,0.6028429229791314,275.47034705666937
lbv,4104,250.348387699,0.5951049323010058,224.4378455367743
lbv,4105,243.323952423,0.5868471026292688,242.6634670182771
lbv,4106,199.466860596,0.5778603804143787,192.15179847268496
lbv,4107,184.16226643,0.5700347471824834,147.88921024098119
lbv,4108,259.609352596,0.5541484737476425,232.2485835056679
lbv,4109,249.24993786,0.5628452683578838,143.2026121850107
lbv,4110,187.946044313,0.5861572288568059,65.61286456538181
lbv,4111,157.073457986,0.5620169587907075,135.13124368705002
lbv,4112,208.092113299,0.583891416704932,134.35039517271753
lbv,4113,248.075473783,0.578422247273166,170.80212417303346
lbv,4114,295.104003494,0.5849563981028194,248.1320349001417
lbv,4115,312.140036661,0.5852699096080584,253.86052479463467
lbv,4116,341.090318296,0.5987293572222452,274.6904582304113
lbv,4117,338.028199141,0.5904104308627681,270.5248270371381
lbv,4118,340.882961766,0.5864219390534223,340.30472124885114
lbv,4119,374.732210711,0.5879297231009315,341.34667807186366
lbv,4120,344.219570168,0.5538092703500297,266.62056459913066
lbv,4121,302.981417106,0.5396644526418544,200.74690803079042
lbv,4122,306.980770051,0.5387023887124613,143.72567497702207
lbv,4123,305.190011591,0.5537261583103574,130.96768879609948
lbv,4124,308.776015771,0.5359705706901139,145.02798758114085
lbv,4125,252.524572874,0.5703442128358689,58.8445016299977
lbv,4126,160.314033504,0.4328762233257294,2.6037445068359375
lbv,4127,170.16933988,0.4407638173836928,3.384870461856617
lbv,4128,191.354463136,0.45259233978059554,7.0301340439740345
lbv,4129,184.420632986,0.5243132710456848,36.71300425809973
lbv,4130,175.030720834,0.5253646447005885,46.60733801149854
lbv,4131,196.641073149,0.5349533119477516,63.011152259976264
lbv,4132,241.901408122,0.535278770674436,109.61876280541513
lbv,4133,230.677378575,0.5481794184139428,96.07931177475874
lbv,4134,250.511754758,0.5375578149750426,115.6078425687902
lbv,4135,256.024505379,0.5343755870423418,122.37785503911036
lbv,4136,257.17722086,0.543235246924793,88.52879572849648
lbv,4137,270.916076037,0.5431319371403657,122.63868120978861
lbv,4138,283.369798161,0.5632961427139132,196.58677718218635
lbv,4139,276.374482514,0.5629424198473595,204.1381099925322
lbv,4140,268.978444962,0.5457701478105584,202.5761548210593
lbv,4141,271.918721421,0.5767409213029657,163.51937058392693
lbv,4142,258.249546257,0.5652397280146519,179.92361106124577
lbv,4143,215.350531156,0.5738815406890453,76.29188340130975
lbv,4144,223.637572995,0.5237540257929344,88.00922238219019
lbv,4145,251.63432232,0.5417377360005626,85.14520927877987
lbv,4146,215.455003528,0.5435149556513621,148.15804960961435
lbv,4147,227.388536413,0.5596016751602291,166.64549614401426
lbv,4148,247.063763519,0.5857681397095469,134.0977756575042
lbv,4149,266.201084663,0.5227246029036385,209.60948196111943
lbv,4150,305.511161835,0.5505222431199993,217.4213585947074
lbv,4151,228.101615408,0.5988089323846579,77.33445676915787
lbv,4152,231.41199013,0.5958222042781249,80.45917744356043
lbv,4153,205.249316641,0.5133037507226786,101.02978225408816
lbv,4154,188.090095493,0.5427525163816174,55.46231088077321
lbv,4155,222.349656154,0.5099615156650543,97.9054858039407
lbv,4156,195.838803189,0.47521225566213793,85.92782458137064
lbv,4157,184.030360291,0.49385488659319793,88.01101579853133
lbv,4158,130.675959722,0.37341422622172254,78.63723521513099
lbv,4159,209.831469598,0.44178977847099293,149.7230178533816
lbv,4160,176.969532755,0.4175231099665702,57.80617597991345
lbv,4161,181.883852919,0.44883785587410585,89.57354544845282
lbv,4162,179.630401536,0.4587763249874115,38.01667917288986
lbv,4163,171.367074115,,0.0
lbv,4164,160.905398206,0.46000394225120544,3.124658562155331
lbv,4165,177.566643411,0.48225672225910443,89.31315723493987
lbv,4166,207.60306732,0.5380057634795523,99.46829756194471
lbv,4167,215.357043013,0.5775409723227879,82.80345189711626
lbv,4168,210.155596485,0.5597194759547711,104.15515950520832
lbv,4169,222.022903975,0.5728236520207012,111.70626283533434
lbv,4170,179.716468758,0.5615393996949698,130.9748291015625
lbv,4171,161.78364203,0.5773791071672463,100.76989584530102
lbv,4172,181.017920726,0.5484147522438085,108.84190260943245
lbv,4173,179.031474031,0.5092350795340087,96.08291482364432
lbv,4174,152.107754312,0.5094674396581677,92.95827771355124
lbv,4175,170.284571112,0.4952201204231152,54.16064883961397
lbv,4176,184.928065014,0.49897552191371647,92.43760995303884
lbv,4177,175.594244715,0.39859458111753365,25.778422606225107
lbv,4178,205.847764824,0.43326675207639226,102.07213125789868
lbv,4179,188.776407487,0.4153442680025878,95.82287513882507
lbv,4180,184.989011375,0.46218469158395553,40.09978775323606
lbv,4181,180.999663758,0.32845049793340425,135.66250652238432
lbv,4182,183.767832682,0.40108210004320416,174.2000307868509
lbv,4183,199.695959539,0.42103737553431886,197.63505302877985
lbv,4184,151.528014246,0.3279711208452187,91.39652683033663
lbv,4185,193.097266372,0.3209290780787227,82.28292499617035
lbv,4186,187.708239171,0.35871137871997044,102.3327564015108
lbv,4187,193.028468977,0.3864679466123166,53.90045309627757
lbv,4188,231.142321334,0.39428027123811266,64.83667144775391
lbv,4189,250.633113748,0.3751902262369792,11.71746960808249
lbv,4190,323.745567302,0.3500706190648286,23.955666216681987
lbv,4191,379.279677079,0.39928869679570195,10.415483841241574
lbv,4192,463.052215239,0.482906445160484,160.65815719903685
lbv,4193,549.088706888,0.4416023431092324,264.0311103072821
lbv,4194,482.990219494,0.4312746968089032,216.90089691760494
lbv,4195,316.105466219,0.45363081243015146,107.79944484935089
lbv,4196,404.141860338,0.46161708004839797,289.02735452090997
lbv,4197,277.7573462,0.5269029105095554,72.3869135538737
lbv,4198,271.934804383,0.45388907159723807,112.74628209132774
lbv,4199,418.16724067,0.5229872959716934,195.0275066600126
lbv,4200,481.335879316,0.5624455181370241,248.4054641125249
lbv,4201,375.779767356,0.5581075982399539,197.37014602960323
lbv,4202,357.637549123,0.5909671869594604,133.31573914172603
lbv,4203,373.646582432,0.5642344250844393,225.2305016311945
lbv,4204,397.920720577,0.578962253770148,193.46364040000768
lbv,4205,402.449116959,0.5442928775524761,243.9774804208793
lbv,4206,403.350682045,0.5269527480103611,239.0299899531346
lbv,4207,425.398334517,0.5348540001514696,198.93092806946999
lbv,4208,274.9200041,0.5475183213415322,127.32636153277228
lbv,4209,432.024936703,0.5408600688157521,263.24482861687153
lbv,4210,426.198738237,0.53954308251227,198.4096975887523
lbv,4211,428.041853685,0.5249739277234959,315.5806274414063
lbv,4212,423.894756377,0.5190152100573375,264.5457854925417
lbv,4213,401.738090327,0.5058487987751801,239.2886682846967
lbv,4214,338.692121667,0.4833230159470909,247.36027185776652
lbv,4215,377.722753312,0.5385568933949495,199.97083070044425
lbv,4216,296.809653999,0.5153090718522647,179.40074699252258
lbv,4217,272.458470054,0.5020500579330612,154.40418309230432
lbv,4218,252.828254573,0.514038420492603,129.14734242757163
lbv,4219,263.771834795,0.5283109915142242,81.49810722201478
lbv,4220,338.082809205,0.5225802416258518,131.49019224877452
lbv,4221,359.608192057,0.5113375918769442,187.99169057210287
lbv,4222,383.859632184,0.5361654497089039,228.60997096043008
lbv,4223,435.604866347,0.5236495908349751,270.7903762518191
lbv,4224,487.49429152,0.5303824708989878,324.427085278081
lbv,4225,551.735313086,0.5380391833171793,378.32401404287305
lbv,4226,520.145562855,0.5343085940272272,379.1046492931889
lbv,4227,272.58786404,0.4859209193671046,94.51579123104321
lbv,4228,448.256323642,0.5588087236607783,249.6982795266544
lbv,4229,273.356741353,0.5020393437578595,97.11920094209559
lbv,4230,448.800997087,0.5561569874422458,246.83361442416322
lbv,4231,264.967871787,0.5996413931653306,67.43651900945925
lbv,4232,223.024834124,0.6326649552558962,62.7497174730488
lbv,4233,278.589051071,0.587024100644151,183.04159049239811
lbv,4234,295.154070994,0.5994265758991242,182.26050127814796
lbv,4235,461.755299168,0.5388699239106788,370.24961344401044
lbv,4236,262.656479033,0.5216576337814331,118.46934649897557
lbv,4237,400.97154233,0.49447841094090395,236.9392609540154
lbv,4238,248.263066298,0.4952706507996681,113.5225243063534
lbv,4239,237.326893136,0.5067819572809175,66.1345853917739
lbv,4240,255.337436242,0.5130572560671214,57.8027494542739
lbv,4241,238.526610939,0.5019100865492454,101.5453618068321
lbv,4242,235.649640357,0.5069068212921803,67.69696736055262
lbv,4243,244.258501612,0.5020947155424361,79.93456687179267
lbv,4244,238.430232852,0.47211133602053623,78.37232396742877
lbv,4245,233.415162218,0.49675453298694483,47.388003001493566
lbv,4246,223.596814944,0.4705144533662932,73.4253672880285
lbv,4247,215.557788363,0.4464192987982193,103.88909382539637
lbv,4248,233.164620212,0.5193580669306573,43.74284470502069
lbv,4249,436.418461914,0.5571257096475067,230.16978098551434
lbv,4250,568.603002736,0.5698826820834688,395.76683418423517
lbv,4251,278.2040435,0.49306526250399274,191.8956283270144
lbv,4252,268.496401629,0.5398077899531314,123.67790856454886
lbv,4253,263.996866994,0.5640672340459031,131.74956389782474
lbv,4254,296.469898935,0.5436823674636369,172.62841395957798
lbv,4255,305.506100751,0.5359668174580713,207.25828941195618
lbv,4256,247.432813196,0.5346102534099837,181.48127704695156
lbv,4257,260.937150322,0.5173411988653243,116.64802581188727
lbv,4258,238.15426288,0.5191366164705905,86.18418429505591
lbv,4259,218.989401459,0.5262234014036372,59.10521545410156
lbv,4260,216.108921438,0.5136096738152583,76.81074850044998
lbv,4261,221.057339015,0.5200020210407271,72.12408584893919
lbv,4262,200.48550828,0.5158018720377783,40.879026555080046
lbv,4263,236.229979747,0.4986990150758776,76.81102737725949
lbv,4264,271.121543843,0.483510848242878,98.68271388633578
lbv,4265,300.811599511,0.46655864030068855,143.98830117618337
lbv,4266,312.747335517,0.46286470688095216,158.3091515933766
lbv,4267,320.523863466,0.47294732042872045,205.9583064658969
lbv,4268,336.855866421,0.5112359102224738,208.56233637192668
lbv,4269,362.092414429,0.49646943914890296,130.18895143995098
lbv,4270,351.015965094,0.5153083263868082,145.5513053146063
lbv,4271,349.709525,0.516137991245691,240.58951631433825
lbv,4272,363.688310465,0.4982123459840931,179.14040605133656
lbv,4273,393.832971654,0.5154099967738033,261.940915964164
lbv,4274,381.903606042,0.49231097889891806,236.4241470935298
lbv,4275,346.599486304,0.5085122678580323,192.15991680668844
lbv,4276,257.251440094,0.4666052545887975,162.99773173612707
lbv,4277,373.491427447,0.46956010620474953,245.01733969894113
lbv,4278,296.66775527,0.47092158693250746,185.6510912128523
lbv,4279,270.739623349,0.4522474622535875,146.59430559943704
lbv,4280,391.184955585,0.5047234338280318,192.68172006046072
lbv,4281,480.770982016,0.5188617636095193,396.820657677744
lbv,4282,632.84714741,0.5586045807359943,523.6268485873353
lbv,4283,395.429908808,0.6060046056328817,223.92839146034387
lbv,4284,181.002783823,0.39433592880607404,40.88007285922181
lbv,4285,281.678851595,0.5363967342266611,163.5202312993068
lbv,4286,210.210323398,0.5152042302928986,95.30010555491728
lbv,4287,445.410759618,0.558593601634811,348.1314526427026
lbv,4288,241.176123332,0.4672730695988449,145.8145618812711
lbv,4289,324.135843562,0.5543320098544131,218.98191746730433
lbv,4290,514.545453014,0.5564341587543489,325.4775603350471
lbv,4291,243.786817329,0.43017974427690225,113.78735940970627
lbv,4292,189.670585912,0.48888447430826015,201.7959655163335
lbv,4293,219.050590356,0.4133626899165565,109.88134951124003
lbv,4294,209.347655136,0.44985139728788553,77.85420672846774
lbv,4295,213.982456099,0.4308606217424553,43.22334965724571
lbv,4296,227.963246537,0.4596991362014493,67.95943989473231
lbv,4297,216.333495857,0.4444733273308233,82.80100384880515
lbv,4298,206.08142018,0.4603859835926298,73.68754443000344
lbv,4299,202.745425373,0.4486078820666489,76.55159265854779
lbv,4300,182.791043985,0.35816073417663574,13.53971258425245
lbv,4301,187.825591462,0.35640883326530454,26.037871117685356
lbv,4302,202.577454245,0.37382663102710945,44.26430855545344
lbv,4303,230.673021377,0.41233517693248767,86.18504465140549
lbv,4304,205.156946247,0.3827780411078062,45.045262774299175
lbv,4305,194.120134985,0.4377407609270169,54.15837019378064
lbv,4306,210.268020838,0.44619575152568003,79.93554017310049
lbv,4307,213.997683395,0.4479102037454906,84.10142828249464
lbv,4308,230.525219695,0.48414411474676694,66.39573579676012
lbv,4309,246.405470525,0.5656744179829875,95.29715241076899
lbv,4310,270.662829893,0.6017932334572685,102.06674308028876
lbv,4311,294.608188108,0.6227633021390478,152.57917040656596
lbv,4312,318.942942424,0.6031902493625287,157.26566951976102
lbv,4313,273.726896772,0.5416867817385813,115.86623562083524
lbv,4314,339.763988821,0.5913199249542122,189.03083657657402
lbv,4315,323.410304223,0.6008585806272617,152.05764339671416
lbv,4316,282.736193316,0.6070943494804766,123.93720158595664
lbv,4317,233.796569883,0.605138083113317,83.57942367254519
lbv,4318,303.140541791,0.583287181963644,192.93544428208298
lbv,4319,353.553975298,0.6079431894290663,201.52730048684512
lbv,4320,371.646722604,0.5780821321187196,260.1105210248162
lbv,4321,257.189622478,0.5746672558230025,111.9593729056564
lbv,4322,186.697304633,0.4643408825797756,71.34151054831112
lbv,4323,233.9627892,0.516512196965334,85.40141146790748
lbv,4324,319.335822617,0.5466021638039488,242.404296725404
lbv,4325,340.941347794,0.5923109955304644,221.05374953326057
lbv,4326,283.952234207,0.5924104047185592,170.54181072758692
lbv,4327,200.061501594,0.5963318778709933,28.640573329551547
lbv,4328,205.505046966,0.5836793777863841,63.00922767788756
lbv,4329,211.558139468,0.490951697031657,32.025229420381436
lbv,4330,223.059120282,0.5262620109098929,35.149642046760114
lbv,4331,200.67847213,0.5164605940597644,17.965372601677387
lbv,4332,222.105687197,0.5528749607263073,32.28559713924632
lbv,4333,188.513608705,0.5841584205627441,3.1244126263786764
lbv,4334,258.568279098,0.543031260558252,62.22787056717218
lbv,4335,363.551259392,0.509212975116337,177.0501595590629
lbv,4336,377.153502832,0.4743606599409189,209.33628240847122
lbv,4337,392.824560333,0.5187230419895659,271.8248278748755
lbv,4338,388.742134005,0.6129809246109477,241.62192529416552
lbv,4339,403.867518186,0.628644152726206,258.8060396381453
lbv,4340,425.280549555,0.6178169258535714,289.2689302332261
lbv,4341,318.506025886,0.6209413809211634,118.72773587095972
lbv,4342,282.139341918,0.6070048300747944,153.87721054974725
lbv,4343,426.572215029,0.6367206051877768,285.6233828675513
lbv,4344,372.62505546,0.6535465492697186,211.41849257525274
lbv,4345,402.089227694,0.6511112798687868,254.3791850370519
lbv,4346,299.050495345,0.5966210996175741,120.28973352768841
lbv,4347,282.194581707,0.5026731139574295,30.46294771082261
lbv,4348,356.75314541,0.5838509218288901,190.58937710032743
lbv,4349,293.935641833,0.5376941245613678,223.39594247855393
lbv,4350,281.752370258,0.5360127899815006,151.27415702670223
lbv,4351,267.914900104,0.5737072506453842,133.30893587598615
lbv,4352,208.026220302,0.5795511631035583,84.09936269124348
lbv,4353,230.541316261,0.5944569568209191,97.89911771288106
lbv,4354,194.295196396,0.6041468871014001,58.062608457079115
lbv,4355,269.741024938,0.5606538810875187,132.52879839130475
lbv,4356,326.5310042,0.5987513872424952,163.25290177289176
lbv,4357,298.842331495,0.5933507127624951,108.83548087325751
lbv,4358,279.877693179,0.582266384263092,139.5595615461761
lbv,4359,210.012939232,0.5960096759180868,40.35779257381664
lbv,4360,232.621778764,0.48290269255089613,169.7632884306066
lbv,4361,285.666920164,0.5141875435458659,224.1815996955423
lbv,4362,336.936665394,0.5369545438946867,266.362461493997
lbv,4363,446.680745382,0.5768201090276431,325.9883493161669
lbv,4364,219.559284975,0.45024245018011905,114.04417984906365
lbv,4365,416.942782783,0.5473913529642862,340.5699774349437
lbv,4366,313.164802626,0.5054013709508492,257.51098513135724
lbv,4367,260.164036587,0.484951824713976,192.93817757999193
lbv,4368,264.365341426,0.4371974101588635,230.6928091909371
lbv,4369,232.909748513,0.4294888471718341,225.7459573483935
lbv,4370,220.299278848,0.42603908582040434,222.62143931669345
lbv,4371,184.568276004,0.3611331510763226,84.8825423895144
lbv,4372,224.257943805,0.40613112449646,113.26331263523477
lbv,4373,338.080251348,0.4622094870557612,230.1711748908548
lbv,4374,265.06939888,0.4630021339041054,156.74545255174826
lbv,4375,223.29257939,0.43035762662950316,98.9422342637006
lbv,4376,225.231954693,0.4226127961436574,92.95348654354319
lbv,4377,198.258469967,0.4785544759283463,124.979211695054
lbv,4378,225.957134141,0.49707496039410853,97.9003070606905
lbv,4379,237.217376094,0.5643506663734087,97.11896075080423
lbv,4380,208.620883632,0.5516572137673696,109.35633625703699
lbv,4381,171.266891255,0.5611678685830986,35.93130726533777
lbv,4382,199.799842694,0.6770545933224739,28.38044870413986
lbv,4383,233.585203772,0.6736186889473151,83.57903188069662
lbv,4384,288.242546404,0.6630972673327237,153.61851381788065
lbv,4385,291.079232437,0.6536133989669258,172.62526209214155
lbv,4386,234.549000825,0.6359824367313766,143.46361511828852
lbv,4387,201.213611122,0.6391070783138275,74.98631196863512
lbv,4388,239.474622231,0.6080829422552507,118.46774468515434
lbv,4389,243.945388953,0.5882187721192562,170.02052163516774
lbv,4390,198.9344871,0.6285403939810666,54.416935370950135
lbv,4391,188.104606735,0.6549109000535238,21.87088793586282
lbv,4392,208.713885137,0.6410374759909618,43.22091746610754
lbv,4393,188.751411217,0.6746046827598051,11.456141034294577
lbv,4394,237.702246114,0.6344895225898347,80.453283960679
lbv,4395,249.093905444,0.6395336274969768,113.7800764794443
lbv,4396,208.834724808,0.6152939107025884,99.72018136417165
lbv,4397,200.741637629,0.6575344897979915,22.39146686628753
lbv,4398,205.131954233,0.6505695670843125,57.280388476801846
lbv,4399,264.488605079,0.6178633907769757,133.0465601902382
lbv,4400,244.803096952,0.5991025914391168,144.76271888882508
lbv,4401,251.618941049,0.6903840222655918,96.07450767965878
lbv,4402,217.18891712,0.6566409375404287,84.87868577545765
lbv,4403,277.144324747,0.6387524922625928,164.54996215221928
lbv,4404,267.19301906,0.6669576151270261,110.91492878035004
lbv,4405,250.442503634,0.6226898741357182,127.57797360887716
lbv,4406,297.486632133,0.6275272389140095,137.4716848036822
lbv,4407,338.079528435,0.6626207838812038,196.05326502182905
lbv,4408,332.669053944,0.6508133315017122,236.6696459601907
lbv,4409,430.937306574,0.6172774410132811,323.890974336512
lbv,4410,492.992690288,0.5730911417946634,479.8475350473441
lbv,4411,327.378930656,0.6215624619789759,280.93032663382735
lbv,4412,328.777666494,0.6399907987107853,250.46819218654258
lbv,4413,190.976059396,0.5936714950524246,79.93093372419769
lbv,4414,272.950448729,0.5951931435431776,196.05240840537874
lbv,4415,385.836241735,0.6089112873536994,280.9311045029584
lbv,4416,281.369087014,0.5843397767811214,164.80938355688957
lbv,4417,297.781372128,0.6064530787165456,155.95726979573564
lbv,4418,177.454770876,0.6106168525058683,61.966327023973655
lbv,4419,170.583152224,0.5939508038703527,55.71765220492493
lbv,4420,173.408716814,0.6056087038733743,14.319989223106237
lbv,4421,171.366927061,0.47812430243023113,31.764361632104013
lbv,4422,191.891909506,0.3989578921061296,33.847297399184285
lbv,4423,532.992406831,0.5213106891181734,351.49198599422687
lbv,4424,560.740783933,0.5166823870490939,465.0118352254233
lbv,4425,450.072373906,0.5152791675224145,375.18666998171335
lbv,4426,313.70009834,0.5093576222151602,183.8183138080672
lbv,4427,221.852381453,0.48332697300465555,47.386670221066936
lbv,4428,211.528313319,0.4845154642664044,39.31538462919347
lbv,4429,187.791639652,0.47530073175827653,28.119658436494714
lbv,4430,220.236604514,0.44875733095865983,20.308682071461398
lbv,4431,207.362094186,0.5099570662296069,136.17254674574906
lbv,4432,219.88281085,0.5046943235704755,90.86864178227444
lbv,4433,204.545171927,0.4796748076650229,45.824947282379746
lbv,4434,177.955200847,0.4283590066817499,8.07145586200789
lbv,4435,198.670483006,0.4303037030107659,249.69504786472694
lbv,4436,257.598047591,0.44244697876628036,137.21518722234987
lbv,4437,221.746191532,0.47392677494457786,36.45191303327972
lbv,4438,232.219370731,0.4949635806423361,96.85818831499886
lbv,4439,407.583139178,0.48280043147965634,277.55646233652146
lbv,4440,298.854353046,0.4519654621953729,179.91721646178004
lbv,4441,196.907078629,0.5623720944998508,43.48220968807445
lbv,4442,170.872335319,0.5860544938307543,16.924250434426703
lbv,4443,173.615753345,0.4692104885014155,96.8589848237879
lbv,4444,179.132225058,0.48162248794068685,61.18787069881664
lbv,4445,179.102903862,0.4558815658092499,58.84464613970588
lbv,4446,178.298769532,0.4959078376109784,33.848739085477945
lbv,4447,175.283810269,0.5267733767742419,34.1091822605507
lbv,4448,177.551442695,0.5483761801815673,38.79600889916513
lbv,4449,174.241355095,0.5178556014431848,58.58462883444393
lbv,4450,175.497466293,0.54680462995091,48.16962851730048
lbv,4451,180.601604022,0.6284451541123969,34.36975627225988
lbv,4452,172.837856883,0.6019827311601096,32.02640832639208
lbv,4453,185.33757079,0.5161259247615092,78.37362353754979
lbv,4454,169.823902844,0.5572910132790416,61.70958000631893
lbv,4455,181.676520224,0.5668716606959491,36.97371787276923
lbv,4456,178.585983924,0.6007685073324153,19.2680435479856
lbv,4457,184.320573674,0.5186245771271459,46.34747006285424
lbv,4458,175.89519339,0.5164019526804194,35.4116247139725
lbv,4459,171.50763889,0.5395716576112641,93.73679845473345
lbv,4460,174.888503915,0.5448533160657417,106.75596304500806
lbv,4461,180.158618559,0.482477278725521,115.60908239028035
lbv,4462,182.337847522,0.5172730995617373,75.77092518525966
lbv,4463,192.34989687,0.507096657912697,108.83959601907169
lbv,4464,179.396797738,0.4964253008365631,61.9709332933613
lbv,4465,164.683504854,0.5183014848402568,51.034983945360366
lbv,4466,194.672395917,0.5157064315267085,54.94083138260187
lbv,4467,169.009445805,0.4397313594818115,21.351421341241576
lbv,4468,170.877729381,0.4621397891175856,28.381852213541666
lbv,4469,170.189343337,0.4573321259684033,56.24301721909467
lbv,4470,176.732592042,0.4783150302891684,105.19546861835555
lbv,4471,173.304341365,0.46839992826635196,71.6059191834693
lbv,4472,173.764845245,0.4695002109922978,83.8442315195121
lbv,4473,168.857922449,0.456158840871719,108.06026503619024
lbv,4474,201.198635548,0.5003294725048519,137.74454758588007
lbv,4475,196.789624381,0.4993441930092663,130.71431839886833
lbv,4476,182.590658069,0.4778779338137442,123.9444684196921
lbv,4477,173.444785553,0.49437954516588956,90.61501117781097
lbv,4478,182.83756303,0.4732925639468797,76.5542433794807
lbv,4479,160.616324779,0.43782787907470777,53.64012098125383
lbv,4480,145.203099959,0.42059812545776365,36.45451145546109
lbv,4481,166.168557581,0.4210236662855515,67.70131608551625
lbv,4482,161.47000135,0.4572693451551291,84.62675296559053
lbv,4483,162.140020368,0.48080981919463256,92.43859381582223
lbv,4484,160.219169417,0.5500431906964098,29.163739073510268
lbv,4485,158.52805074,0.27801358699798584,32.28853173349418
lbv,4486,135.209179042,0.3620438486555197,35.67366057751226
lbv,4487,139.320702198,0.5217059055964153,10.155270295984606
lbv,4488,149.953585624,0.31961257838848356,70.04552399878409
lbv,4489,183.399023429,0.3255618468839295,63.79615900376264
lbv,4490,166.922792394,0.3087817020714283,54.1616943359375
lbv,4491,158.815260329,0.3058680269175661,86.97118225097655
lbv,4492,158.13373871,0.29644010768677526,118.99949188232422
lbv,4493,148.220777086,0.3097571316055762,81.24254150390625
lbv,4494,149.894064513,0.3606853675842285,45.56873321533203
lbv,4495,130.739775746,0.3345280885696411,42.44394205130782
lbv,4496,139.784627248,0.3580940675131882,20.570990319345512
lbv,4497,154.897924823,0.42233604523870677,16.404662188361673
lbv,4498,169.068801944,0.4369060804721395,65.87900199142157
lbv,4499,174.524029399,0.4274248033005574,51.297014423445155
lbv,4500,158.915776402,0.4704345413824407,10.676008067411535
lbv,4501,177.63660632,0.5110162436962128,2.6038991890701593
lbv,4502,152.902946833,,0.0
lbv,4503,163.295106511,0.6425379514694214,3.3850526099111518
lbv,4504,176.206573122,0.6425379514694214,1.0415546492034313
lbv,4505,207.978742181,0.5353444680313154,45.04709391874425
lbv,4506,169.665778266,0.4781350015861089,63.53456779928769
lbv,4507,148.568184552,0.4663936188540508,25.257574373133043
lbv,4508,141.459621457,0.4586877837413694,42.70343502269072
lbv,4509,147.108575948,0.4758182471258598,44.52606237074908
lbv,4510,158.224050634,0.5039051386145498,90.09352476830577
lbv,4511,161.211245234,0.47559219453392965,10.675807040345436
lbv,4512,138.224259749,0.5033972080458295,11.45694367651846
lbv,4513,138.308702227,0.5430631138127425,75.51152068493413
lbv,4514,134.718342207,0.5168650024753856,66.13756510416667
lbv,4515,139.472034341,0.6005082908429598,24.736451152726715
lbv,4516,143.280495535,0.5698927774109654,46.6085927327474
lbv,4517,129.743895786,0.5430283181521358,12.758764050053614
lbv,4518,126.776478907,0.5795740664005279,28.64205633425245
lbv,4519,143.524988676,0.5518651775481916,83.58259824865004
lbv,4520,142.455423843,0.5926141972506876,71.0841869877834
lbv,4521,150.285207865,0.5497362712718931,86.18614735322839
lbv,4522,149.491862137,0.5609606108526245,71.34436663459329
lbv,4523,136.697929504,0.6315166086566691,51.03455622055951
lbv,4524,170.868835739,0.5373564712272202,126.02390693215762
lbv,4525,145.402261363,0.5464562876356973,46.86835045908012
lbv,4526,184.100004759,0.5035634973774785,131.7518783569336
lbv,4527,163.568139281,0.5318458493081678,83.84195957557827
lbv,4528,182.610983449,0.47747727212580765,68.73990424661076
lbv,4529,182.55019002,0.47013376568848236,27.60005588905484
lbv,4530,163.895665923,0.4377866329587236,25.516994461358763
lbv,4531,164.324560889,0.3738523654896638,30.203758808210786
lbv,4532,153.684128904,0.46154436894825523,47.388638604856006
lbv,4533,156.670847115,0.4433308361049296,89.30916930553961
lbv,4534,159.038937089,0.4347439062069444,53.11677991081687
lbv,4535,153.233218193,0.4660746628368223,38.53566664153455
lbv,4536,166.840278806,0.4637600343907793,112.22193124808517
lbv,4537,150.164280323,0.5398231355043558,33.84883237352559
lbv,4538,176.816878894,0.5457274063428244,78.11263667087928
lbv,4539,182.90209601,0.49157130077553257,107.79520736395145
lbv,4540,167.074348589,0.5360844478900751,69.78047658882889
lbv,4541,160.861987242,0.5498753559421485,18.486599312576594
lbv,4542,156.892920399,0.5488658742218165,66.91623714671415
lbv,4543,157.931791128,0.4940527319228887,91.39130661908317
lbv,4544,168.231015439,0.5098940530657317,68.4783057717716
lbv,4545,171.994901245,0.5946974387535682,67.69714714499081
lbv,4546,181.306850524,0.5875547429890309,26.818463224523207
lbv,4547,179.598953334,0.5610264382272396,82.79867478912952
lbv,4548,143.643899168,0.6249588944695212,42.96157702277688
lbv,4549,154.770873089,0.5852655583320688,57.021678789924174
lbv,4550,163.385663604,0.5114095630583826,100.24350693646599
lbv,4551,200.374596253,0.5933385908317108,108.31508807014016
lbv,4552,179.731872103,0.5443466217913971,83.05890664493337
lbv,4553,159.944066691,0.4984911037675032,36.71255367503447
lbv,4554,166.168051989,0.4563637733459473,1.3018631879021139
lbv,4555,190.892627601,0.46656770595949,38.01447556439568
lbv,4556,191.245639043,0.5015061629020561,30.72404812083525
lbv,4557,179.137928465,0.4253214025984005,51.0332025864545
lbv,4558,214.442468739,0.3124444408850236,57.28220322552849
lbv,4559,199.690864663,0.46307521223262615,40.87877367805032
lbv,4560,178.027765071,0.36222374846792627,60.92770038679534
lbv,4561,188.426253671,0.3501559361292605,59.36556944005629
lbv,4562,144.801028228,0.36138838758835423,23.694203934015015
lbv,4563,153.014030751,0.4584045130594642,29.42252840528301
lbv,4564,144.791282876,0.5564340168938918,17.70562112845627
lbv,4565,157.320529651,0.5611469637263906,8.592444446040135
lbv,4566,158.245111271,0.4427870995289571,9.633947873583026
lbv,4567,160.763901056,0.5690608024597168,5.728310319489124
lbv,4568,156.739662358,0.5287571371563019,32.28688351500268
lbv,4569,161.689762641,0.5350335302588705,47.38883921305339
lbv,4570,148.384421567,0.5453854368464781,26.298245269177006
lbv,4571,161.679712438,0.5805309575657512,111.96297158633962
lbv,4572,185.629944453,0.5656989197919864,131.4915606330423
lbv,4573,174.032167742,0.540184515615853,47.128712672813265
lbv,4574,167.557989447,0.5346921591819087,41.14002272661994
lbv,4575,204.542043442,0.5413109277174852,111.44273870131549
lbv,4576,199.662563714,0.5340436388433508,176.53810478659238
lbv,4577,196.910720091,0.5218113674966515,197.3688830207376
lbv,4578,173.903390528,0.5245047355866542,170.02916822246476
lbv,4579,162.759712147,0.5199686192377969,125.50410557167201
lbv,4580,158.639452127,0.4906715254777322,98.42458172966454
lbv,4581,155.21892933,0.5070322070710004,119.25542967553233
lbv,4582,162.985930569,0.5176883879398149,156.49043321796492
lbv,4583,214.314760658,0.5324932079167962,151.8037722120098
lbv,4584,299.169485749,0.5603292553072295,170.81211111031325
lbv,4585,293.612706943,0.5405669566842706,153.88741248635682
lbv,4586,302.240461309,0.5482133132966652,170.2919258566464
lbv,4587,332.075862861,0.5795508668610924,197.89306835099762
lbv,4588,245.428406092,0.5460044117789195,100.50899227366727
lbv,4589,256.19518561,0.6191590172903877,98.426025390625
lbv,4590,274.133585043,0.649136143775893,73.94977470846739
lbv,4591,293.659762703,0.6565304003263774,123.68379346062156
lbv,4592,254.277928016,0.5898340719694996,127.58980817607805
lbv,4593,236.192811655,0.5269439609731055,99.46808235318053
lbv,4594,209.199581391,0.6416403569469382,72.12731900682637
lbv,4595,145.810227671,0.4155262564357958,24.736887165144378
lbv,4596,144.16405782,0.2953147225909763,2.3434979607077207
lbv,4597,154.338496536,0.3607483858553072,49.99453699448529
lbv,4598,152.296423816,0.4041067233428042,48.95297301049326
lbv,4599,153.005234849,0.4648102480311726,55.98336349188113
lbv,4600,160.286588023,0.4470664459889329,66.13847431856043
lbv,4601,142.99486905,0.4984864116702949,94.26016881606158
lbv,4602,105.3515968,0.5262412351946678,80.71994736615349
lbv,4603,159.476728662,0.5245033083204738,86.96920363482307
lbv,4604,160.451795183,0.5056923183740354,79.67825640510111
lbv,4605,144.788489944,0.5398787986549866,77.33466306200214
lbv,4606,126.717793952,0.5519279288867163,49.2129342471852
lbv,4607,141.720032185,0.5716869438566812,64.05482339298024
lbv,4608,124.396157457,0.5834678842471197,67.70011886895873
lbv,4609,157.355407125,0.5696645950448923,37.75581150428921
lbv,4610,142.687175803,0.6012827214072732,22.132684296252677
lbv,4611,141.464457523,0.5807312636762051,48.17104875153186
lbv,4612,127.41167281,0.5908306042353312,13.279584577971814
lbv,4613,120.342057093,0.5800042317165591,32.02718048095703
lbv,4614,130.261467204,0.5844647884368896,57.284301159428615
lbv,4615,164.13405946,0.5406666646666706,48.69155680338541
lbv,4616,167.728525709,0.4953053411621376,38.796962932511875
lbv,4617,177.000844418,0.5380580784833949,23.95514176312615
lbv,4618,161.31977828,0.48060603323995754,100.50732302198223
lbv,4619,164.588195688,0.4999236991664148,55.20087046903723
lbv,4620,178.629146682,0.6286298171166451,8.071833352481619
lbv,4621,165.273372598,,0.0
lbv,4622,164.022203848,,0.0
lbv,4623,162.551062459,0.6536953449249268,2.34343656652114
lbv,4624,168.503127941,0.4088220301924682,42.70251428940717
lbv,4625,168.703237001,0.5594006884864897,44.52526322907092
lbv,4626,162.564609731,0.5380768418164538,105.19412162631164
lbv,4627,158.687098777,0.5544850356610759,116.65088656556374
lbv,4628,224.470227011,0.5719194970207829,201.79565495509726
lbv,4629,176.101412255,0.5839236206343384,114.82825586655561
lbv,4630,147.349779118,0.6007946079322535,67.17852881936466
lbv,4631,150.513421387,0.5696483171330048,81.23922585880055
lbv,4632,169.398680178,0.5953411675732712,90.61310990277458
lbv,4633,238.88780043,0.6007419349476933,162.9996785481771
lbv,4634,267.426425959,0.6159911954083968,155.70916472790287
lbv,4635,240.057418886,0.5746282859226848,178.88353729248047
lbv,4636,239.512627652,0.5508732207415665,170.29114870557598
lbv,4637,184.066899821,0.5338820994029034,120.55798911300361
lbv,4638,200.660852553,0.544452725507406,133.8378432928347
lbv,4639,247.401371814,0.6183270928263663,130.19264744777306
lbv,4640,246.948550258,0.6452895426750184,84.62533943325865
lbv,4641,212.422491054,0.49810999598471034,116.13222153607536
lbv,4642,234.846211874,0.4636349205965879,127.06862125770718
lbv,4643,162.400060354,0.42537724586765163,54.420860649557675
lbv,4644,129.838806075,0.3366253552613435,7.030467493393841
lbv,4645,142.134959761,0.3251141604412808,46.349016795438885
lbv,4646,132.81805013,0.3931146964084271,33.59007954316981
lbv,4647,137.839095914,0.4008299233467599,32.02776148178998
lbv,4648,139.33348618,0.4545283643972306,54.68161908318014
lbv,4649,122.552921642,0.4865594980391589,22.91423459520527
lbv,4650,130.466693898,0.45616618630948,40.09991727342793
lbv,4651,158.1893816,0.5232774444010065,22.653854011086857
lbv,4652,176.56190358,0.5026293396949768,6.249338666130515
lbv,4653,197.060860186,0.5125342924496654,69.52392587100759
lbv,4654,193.921894822,0.495497003377202,43.22466400744868
lbv,4655,133.307831113,0.5771020530560695,28.38253808115043
lbv,4656,142.263352157,0.571204451131232,63.27488843132467
lbv,4657,170.285724483,0.5079738180597717,109.62435497209137
lbv,4658,168.826952085,0.5106244126304251,63.53523963479434
lbv,4659,182.596278176,0.5468359252402994,97.12573643104705
lbv,4660,155.732842184,0.47884906841361,59.889856525495944
lbv,4661,134.560907147,0.6275842189788818,58.84845299814261
lbv,4662,152.169119607,0.6064797742613431,67.96224571676815
lbv,4663,149.104182879,0.5417685028045408,48.4329272999483
lbv,4664,147.156005686,0.5057096290336528,36.97571895823759
lbv,4665,133.894180432,0.5275452077013892,41.40244987338197
lbv,4666,136.604338657,0.45904454390207927,3.905898150275735
lbv,4667,127.840875874,0.4662939941636022,50.25597390567556
lbv,4668,139.270144905,0.48274531361368517,50.51642097024357
lbv,4669,147.259381596,0.39101523160934454,39.57995551614201
lbv,4670,324.171239529,0.5812990552548206,189.04669303146062
lbv,4671,290.271474199,0.5854827940948611,160.14308076746323
lbv,4672,191.998592282,0.5005272852272546,30.98708681592754
lbv,4673,207.873697236,0.6284861721490559,9.895060251273362
lbv,4674,218.110620399,0.5939081309904279,117.43893543318208
lbv,4675,246.729754662,0.6028317645518448,178.37203312294156
lbv,4676,273.645335327,0.585430361370352,194.77737199371936
lbv,4677,214.838519409,0.5643964783664334,118.74142868939569
lbv,4678,196.832082739,0.5369297712127125,84.88986693737553
lbv,4679,186.629237497,0.5271977678151198,92.44161732991535
lbv,4680,145.594969258,0.5249358173255081,47.39264173320695
lbv,4681,200.367787815,0.5885687279701233,84.629955516142
lbv,4682,227.887783515,0.5989562406273421,130.46053161621094
lbv,4683,230.786525748,0.6305270975264978,132.28352436738857
lbv,4684,144.72924925,0.5805703529747583,48.43457282571232
lbv,4685,139.051396008,0.42825532682014245,34.37302018707874
lbv,4686,139.262901972,0.3452164415390261,16.14492633295994
lbv,4687,135.208391349,0.37470543384552,15.363762500239353
lbv,4688,152.479237312,0.4116403284710124,56.507419212191714
lbv,4689,171.629135002,0.4127482668947928,50.5182237812117
lbv,4690,155.023367276,0.3507219340120043,61.9760762532552
lbv,4691,161.628827269,0.4825346878080658,42.966592616660925
lbv,4692,157.786788318,0.3623832867244364,50.25799348120596
lbv,4693,138.650513975,0.4231002849751505,45.310293130313646
lbv,4694,139.22579728,0.4401321825895831,138.2745143217199
lbv,4695,146.085294308,0.4635768685887453,131.76441734164368
lbv,4696,143.88536952,0.4598679079436789,53.122437989478016
lbv,4697,243.596114804,0.6102060056200215,106.24434922162224
lbv,4698,273.587249608,0.5600784345226393,141.3987589817421
lbv,4699,254.254942966,0.5678419981187987,134.10737475226907
lbv,4700,255.978995565,0.5497708350634403,144.78383127848306
lbv,4701,269.406530333,0.5342633836474773,154.1581684187347
lbv,4702,277.352056273,0.5305494977317693,170.5632962993547
lbv,4703,265.151583863,0.5418139562737113,176.2918887568455
lbv,4704,278.754903701,0.520983511009888,225.50747611849914
lbv,4705,254.623138355,0.550187676764549,183.5826380112592
lbv,4706,217.904293869,0.5278116064036593,177.07234281652114
lbv,4707,186.707477915,0.5365140627653348,90.87964558320888
lbv,4708,185.470703295,0.5145726089949137,118.48183614693436
lbv,4709,194.527762608,0.5224989147394296,193.99739930395987
lbv,4710,168.244670093,0.5283797755837439,162.488828681497
lbv,4711,207.692849107,0.5004273278548029,139.0528554579791
lbv,4712,204.46630619,0.5233052667428754,44.00723945767272
lbv,4713,221.228638999,0.5623618657818905,51.29833224427467
lbv,4714,200.244123244,0.4992837290915232,16.405030463723577
lbv,4715,172.390153491,0.4287346312586142,51.03775984820197
lbv,4716,182.907227494,0.44259120972677213,113.27241740507239
lbv,4717,218.902687414,0.48004184831159785,150.24841230803844
lbv,4718,209.268414371,0.49969895857879354,141.6551122628006
lbv,4719,230.926296209,0.5936537349148642,82.28477484011181
lbv,4720,248.031875571,0.5829929637908936,123.68736311968635
lbv,4721,210.186090178,0.5177317033304233,83.58651885986328
lbv,4722,187.677178117,0.6082736459745239,56.50547063490924
lbv,4723,162.3625649,0.5668870591455035,37.49663615507238
lbv,4724,152.883108488,0.513814926147461,41.662854362936585
lbv,4725,148.805802734,0.44408235506665317,32.288668883080575
lbv,4726,151.933764714,0.5540879339941086,8.072160309436274
lbv,4727,156.836289448,0.6165427416563034,8.332526113472733
lbv,4728,152.077128577,0.5895606653363097,39.839841954848346
lbv,4729,188.386560225,0.5507887582044229,86.1893060721603
lbv,4730,253.931509896,0.5694504835425991,152.06785792930452
lbv,4731,258.391708363,0.5573674049978705,148.68252710080614
lbv,4732,191.416417265,0.5291120897237908,87.75122109207453
lbv,4733,144.52717298,0.5164454203994968,41.14146743475222
lbv,4734,164.325905786,0.5648313119130978,66.39915197035846
lbv,4735,140.046859327,0.5725605039965382,47.13027203129787
lbv,4736,146.203161654,0.4677116819278933,73.68975327435662
lbv,4737,158.573097163,0.4516009651530873,71.60661809584674
lbv,4738,159.688949449,0.43480844126328927,115.35153763714959
lbv,4739,209.399200945,0.4889601197716112,107.5399091832778
lbv,4740,168.84676448,0.4339848222610142,116.65322588752298
lbv,4741,151.706548043,0.4819443847783313,86.96905732996323
lbv,4742,162.243704291,0.451435670371239,135.4007573146446
lbv,4743,188.523911829,0.4996564675962305,135.14029167025697
lbv,4744,212.324000029,0.4666213157971699,195.28923609116498
lbv,4745,189.530199923,0.4813094642769368,141.12891085755592
lbv,4746,169.568146368,0.4597374599279286,118.21482738420076
lbv,4747,217.605022194,0.47836295920749045,111.96556824328853
lbv,4748,202.927048485,0.44336928566151607,142.43035257376874
lbv,4749,180.405590644,0.5108411124883553,121.85982740813611
lbv,4750,189.530710383,0.5502731681171089,103.11213495591107
lbv,4751,163.257330441,0.5221422718918841,89.83242723053579
lbv,4752,175.041610243,0.5131953810773244,106.75730267693014
lbv,4753,176.763604932,0.5945882010598516,89.57194560929841
lbv,4754,184.534949656,0.5172466402224454,138.26352215935202
lbv,4755,228.204963465,0.5965179953132942,136.18046698476752
lbv,4756,219.306067654,0.49327782306658174,191.6419161927466
lbv,4757,233.774800311,0.5369118083752481,184.35118785184972
lbv,4758,300.538671471,0.5454586206439013,217.41987460267308
lbv,4759,263.752250269,0.5408650142779141,165.60362396240237
lbv,4760,231.692528547,0.5540893700090237,133.3160742067823
lbv,4761,257.91061271,0.5039721468773982,249.9675782147576
lbv,4762,243.567237846,0.5030009874368205,239.8126855289235
lbv,4763,236.833641171,0.5078937470353921,222.1068159514782
lbv,4764,215.203379865,0.5555678074577463,136.961665763107
lbv,4765,254.019030664,0.5404836733164734,186.43461827296838
lbv,4766,233.7698896,0.5921829899008408,143.99228907566447
lbv,4767,172.454533307,0.5427868940795844,108.31963964724073
lbv,4768,141.993616254,0.4429348601145787,115.61047767190372
lbv,4769,145.886082572,0.48965892449338394,85.66643787458831
lbv,4770,153.482314278,0.4721786993327158,71.08499163459328
lbv,4771,137.618165406,0.5765094386368262,21.351575933718212
lbv,4772,152.250358021,0.4582554902349199,9.113491133147594
lbv,4773,145.960011261,0.28128569411194837,23.955546809177775
lbv,4774,138.71370556,0.3128907996809707,55.20192688586665
lbv,4775,137.124630346,0.45851851262227455,51.55659377154182
lbv,4776,166.081448009,0.5172873942012136,91.65616670496323
lbv,4777,175.487239859,0.5365504959157404,102.3320436365464
lbv,4778,168.764176155,0.5520795452836398,77.07454825008617
lbv,4779,154.980526979,0.5803892010623968,26.81988058651195
lbv,4780,154.960792569,0.3564668893814087,10.15508665197036
lbv,4781,164.429319146,0.6027377843856812,3.124658562155331
lbv,4782,291.910829237,0.6276074535785381,161.96165774476293
lbv,4783,590.269524478,0.6305942148318474,467.9190544577205
lbv,4784,168.284182248,0.39994866920765054,44.78692710726869
lbv,4785,169.000638203,0.5194110424963982,23.69542257271561
lbv,4786,198.30477512,0.5630133289117784,81.50196590049595
lbv,4787,200.828898518,0.5850778514292182,106.75991121179919
lbv,4788,162.388031418,0.6136839024634229,65.87880946140663
lbv,4789,200.29573255,0.582948945922616,63.274927475873156
lbv,4790,144.070068756,0.4483790990341916,23.17480498669194
lbv,4791,149.223850762,0.31622329354286194,2.86431017108992
lbv,4792,163.561878942,0.39022246397231236,31.507458107144227
lbv,4793,172.287232816,0.37848100066185,18.487852059158627
lbv,4794,144.878584297,0.46310883760452276,7.8117828369140625
lbv,4795,161.091576844,0.514160248739966,83.06513812495213
lbv,4796,206.877889335,0.5679537075050807,153.63126178816253
lbv,4797,242.67866328,0.575491249117162,174.72278804405065
lbv,4798,182.038087331,0.5479817607186057,105.97923937030868
lbv,4799,130.174863735,0.5266545475353295,113.00964026357615
lbv,4800,98.0503812674,0.47510113224895606,99.20882281135113
lbv,4801,135.631104714,0.5475301125088757,126.81020998487286
lbv,4802,174.54971425,0.5779572708703721,121.60238183713426
lbv,4803,168.96803369,0.5714306859614887,115.35291873707489
lbv,4804,245.266161881,0.4964368947260423,227.05995010675167
lbv,4805,159.063549355,0.5880185903956711,118.2172180774165
lbv,4806,141.824853807,0.5233522202581801,97.90681295955882
lbv,4807,144.49851563,0.5044808455405791,42.44365766936658
lbv,4808,138.647161484,0.5826858878135681,42.18333165785846
lbv,4809,143.083816289,0.5309044818083445,72.64907118853401
lbv,4810,155.805630002,0.4791146599793735,102.85443100274779
lbv,4811,149.158308703,0.5927491233580643,37.49634731517118
lbv,4812,180.81847381,0.5510272979736328,94.2616813510072
lbv,4813,167.278929852,0.5244948206276729,45.30810187844669
lbv,4814,188.45255464,0.5265614620709824,76.81558018104701
lbv,4815,204.273340688,0.5097969249316624,91.13715527104395
lbv,4816,232.30099623,0.5136589167537271,118.47839262719249
lbv,4817,215.750733309,0.4735761761665344,28.64312795003255
lbv,4818,487.291476379,0.5368981330460137,351.2701788509593
lbv,4819,179.905390171,0.5645018746924503,60.67162107579848
lbv,4820,250.234453807,0.5673982671523804,113.79198042925665
lbv,4821,274.109528711,0.5833191764735471,105.98028734992533
lbv,4822,151.262546204,0.41693483859720365,18.48801036161535
lbv,4823,115.121838652,0.4353102617752478,83.84720129873239
lbv,4824,141.260223515,0.5722226694526289,38.79891498042088
lbv,4825,176.663965691,0.5636838509619815,53.64147012747969
lbv,4826,178.776699275,0.5220604211580558,31.76827326755898
lbv,4827,153.406280169,0.5251490647873183,69.52577460793889
lbv,4828,127.346869606,0.5529336562856686,89.57642074285769
lbv,4829,156.454123139,0.5681588030621784,114.31427932440066
lbv,4830,184.132371121,0.5751239314471206,152.0720629822974
lbv,4831,185.46861418,0.5480645471791021,153.1137886496151
lbv,4832,161.574215568,0.5073791022707775,85.41056327071844
lbv,4833,154.391661405,0.47686762704315594,72.13032430013021
lbv,4834,139.970756716,0.5989356411827935,11.717926922966452
lbv,4835,146.814051163,0.3986876886102218,20.571534579407935
lbv,4836,171.878774379,0.3434741273522377,82.28621158973844
lbv,4837,165.550115206,0.3871566252461795,15.103200037339153
lbv,4838,143.798012752,0.34451578303854513,24.477574696260337
lbv,4839,146.801191472,0.342028990905318,74.99507984834558
lbv,4840,343.575615053,0.49439384549293885,220.81857793471394
lbv,4841,323.22379133,0.5464364177250599,189.57045306037455
lbv,4842,216.166726581,0.5517098788735613,141.13600565592446
lbv,4843,266.244909869,0.5818913451574557,177.8520347445619
lbv,4844,268.844055777,0.6056835207343102,156.2388103709501
lbv,4845,249.158465809,0.6342914788256429,145.04143257889092
lbv,4846,246.648069315,0.6734808988889944,93.4826234106924
lbv,4847,223.054074738,0.6905341090009899,87.75375165752338
lbv,4848,164.308209901,0.6597240567207336,59.63077135273054
lbv,4849,171.799005993,0.6293192940599779,44.26735029033586
lbv,4850,172.191681264,0.6033695944284989,76.81680013619217
lbv,4851,175.253703074,0.6393625736236572,58.5890848496381
lbv,4852,194.199390918,0.5890941439124682,128.3750803629557
lbv,4853,172.224102992,0.6981901526451111,28.383156660491345
lbv,4854,171.842661236,0.6462715680782612,77.8583838668524
lbv,4855,154.571548982,0.5986069036118778,42.18417834113627
lbv,4856,162.711184259,0.5821906328201294,96.86745390050552
lbv,4857,145.888073415,0.5306818865041817,58.84967824898514
lbv,4858,175.684691575,0.5054790615614227,73.69241353951249
lbv,4859,163.070785304,0.46781919964188895,120.56397358015472
lbv,4860,145.194518546,0.5368708290625362,66.66182149251301
lbv,4861,171.319255906,0.5308541743385741,119.26228524002376
lbv,4862,116.270182143,0.5224713303540882,98.95143920300053
lbv,4863,139.322006833,0.4803475719817141,122.38743755864164
lbv,4864,140.219091649,0.43353930036578553,58.85021523868337
lbv,4865,148.756310803,0.41480463818090046,51.81957576976103
lbv,4866,147.114874728,0.3776610833735555,84.89044126622818
lbv,4867,188.876911073,0.41341562564380624,81.50532702277688
lbv,4868,166.007021026,0.47274955408973285,74.47460515639361
lbv,4869,141.218028545,0.4419329644021926,120.56558981502758
lbv,4870,155.182525012,0.4468059548758027,69.26676294663373
lbv,4871,153.353423224,0.44711209703931587,146.60598030838312
lbv,4872,129.419827727,0.4365679372440685,128.89886016845702
lbv,4873,174.167148175,0.5371456105892475,84.6306271721335
lbv,4874,212.296186063,0.49545113669780944,160.40778784658394
lbv,4875,203.344162491,0.5589997797935934,86.71403099508848
lbv,4876,128.313394426,0.47488353162561,122.64985387465534
lbv,4877,120.062148141,0.4911077962224853,120.82713264016543
lbv,4878,126.996732387,0.5011631574508917,107.0258509617226
lbv,4879,144.703095008,0.4965692727528293,132.54543944714115
lbv,4880,157.141693273,0.5065970131107961,140.3576261034199
lbv,4881,148.69069974,0.5604967162493736,64.58018448773552
lbv,4882,128.666921935,0.5483548966695635,113.01527102601293
lbv,4883,118.253967313,0.589949140506508,117.70242845123889
lbv,4884,101.663369213,0.6077507818556581,99.47412552179074
lbv,4885,132.710209932,0.5948555745481313,137.23255205341414
lbv,4886,112.484552743,0.568026348628406,109.1088617362228
lbv,4887,122.558534932,0.48737744776787106,125.51409747553807
lbv,4888,149.681665726,0.5396785484626889,83.32875704297832
lbv,4889,156.184627882,0.563417917752004,23.69660426121132
lbv,4890,156.29375885,0.49900374015172316,19.530103346880743
lbv,4891,145.776625116,0.5805931687355042,28.644151575425095
lbv,4892,150.180171779,0.4874551254510879,26.04007900462431
lbv,4893,157.007086729,0.5055686292824921,70.30809918571921
lbv,4894,146.88643834,0.5572645655913605,93.48360236672794
lbv,4895,139.134297787,0.5966836528379433,80.98427025290096
lbv,4896,141.913230501,0.5470667508168099,81.24453388288909
lbv,4897,150.533926594,0.5206827033449103,70.30767104204963
lbv,4898,189.326565883,0.5915822547790399,93.48305442660462
lbv,4899,145.494270095,0.6170445667518365,142.17740460564107
lbv,4900,134.221718893,0.5146743048981922,106.7630932377834
lbv,4901,177.729041396,0.5502909967928757,105.46110130758846
lbv,4902,220.297974731,0.478664099912664,120.56417712043313
lbv,4903,223.037862454,0.4128207962093821,137.75041782154756
lbv,4904,223.389711981,0.4406566592526347,139.05234814812152
lbv,4905,202.189209946,0.4286493322965441,112.23132042978324
lbv,4906,213.873232619,0.3622810863046085,110.6689765481388
lbv,4907,205.077674638,0.3783668925364812,53.121053538602936
lbv,4908,180.075160834,0.3643689037443281,86.71237077900008
lbv,4909,190.500340658,0.4314084748710904,91.13907330082914
lbv,4910,201.575049864,0.4679427569936913,101.81532293581495
lbv,4911,189.452882399,0.5034005244284177,89.57660049737667
lbv,4912,167.804096622,0.4901453734260716,76.0358762853286
lbv,4913,172.568637668,0.48492126275474823,99.99245925604129
lbv,4914,173.541687801,0.5177963156682408,70.04672770780675
lbv,4915,152.219053874,0.49663006557177186,95.04476835961435
lbv,4916,167.852346014,0.4770103761989079,115.87644988415288
lbv,4917,163.63127113,0.476916824410791,119.78229193593941
lbv,4918,159.434214936,0.487361852493551,74.9941022087546
lbv,4919,141.284059125,0.510022068300198,101.03362681070965
lbv,4920,130.593039818,0.5076146822349697,66.40094128777001
lbv,4921,144.99022841,0.48049137373803447,135.66610364726947
lbv,4922,153.634678578,0.5460339455844729,105.98096597708908
lbv,4923,157.849193579,0.620009183883667,91.91960580863204
lbv,4924,131.740875837,0.6170023663580256,96.08580280378752
lbv,4925,126.547171828,0.6220682558744526,87.75311102773628
lbv,4926,124.910333158,0.6109305188159814,38.79880134732116
lbv,4927,119.04660514,0.5413596126639727,26.820611033720127
lbv,4928,146.44269802,0.505789756190543,79.68046542896944
lbv,4929,158.318639412,0.48918806644902624,98.16826665541706
lbv,4930,141.365715608,0.39756793724166023,58.58839587043314
lbv,4931,157.240769945,0.5171677831370951,61.45266867244945
lbv,4932,153.215725715,0.4934806010723114,65.09806704053692
lbv,4933,180.328435767,0.5381381100212985,91.65793848972694
lbv,4934,181.09021589,0.574276298563057,55.72381651635264
lbv,4935,177.379561399,0.583900983011171,73.16997109207453
lbv,4936,190.411334181,0.5459291210701299,89.57449280981923
lbv,4937,173.021977403,0.5598740798528078,79.41920219870175
lbv,4938,149.867318879,0.5085717802753255,127.59130099427466
lbv,4939,163.051285816,0.49862433327081607,77.85673178878486
lbv,4940,222.240564335,0.5019150114434912,165.3475517123353
lbv,4941,245.871437907,0.5202770948648929,129.93440429089114
lbv,4942,235.832401448,0.5365087910437247,110.92588115018955
lbv,4943,200.229867584,0.5127524186077536,83.06418433095895
lbv,4944,193.617405999,0.587168982742056,86.18867325128294
lbv,4945,181.205752349,0.5987849434216818,49.99460745418773
lbv,4946,213.28583464,0.5959052035163119,47.13025491751877
lbv,4947,190.11625357,0.5221485630866209,84.8864403219784
lbv,4948,203.80009663,0.5563110654863219,99.98878847009995
lbv,4949,189.978896303,0.5517180646403452,115.87233913646025
lbv,4950,195.558567597,0.49112549253615995,86.44847663430606
lbv,4951,212.387024335,0.5909030292072708,96.60337434656479
lbv,4952,149.69168109,0.5368861387704166,34.11062394684436
lbv,4953,182.518112916,0.536549519992874,130.4533716538373
lbv,4954,178.347049166,0.5619958503000584,93.47847158394609
lbv,4955,139.201046501,0.5224146946271261,39.057812859030335
lbv,4956,183.390278341,0.5257790477187544,70.30393533145678
lbv,4957,183.138529443,0.5536837815630193,127.5884584913067
lbv,4958,182.847872148,0.5351825142466783,116.39173736572265
lbv,4959,134.883703954,0.5024602246164477,77.59439625459558
lbv,4960,106.587954037,0.4918712147592027,42.18211041618796
lbv,4961,150.738846453,0.5677686379205712,59.62770855473537
lbv,4962,142.257389467,0.6438055372819669,21.351366589116115
lbv,4963,144.327095506,0.640249632872068,33.84966622146906
lbv,4964,134.222475841,0.542074012927257,72.64643016142003
lbv,4965,133.865590187,0.535899087303156,88.26922113755171
lbv,4966,135.482880333,0.5238688241013072,91.65400965073529
lbv,4967,169.363997956,0.5632861437355366,103.89180531221277
lbv,4968,161.327159526,0.653066047363811,65.61576170079849
lbv,4969,147.489678332,0.541663010341605,126.28412134507124
lbv,4970,166.393917591,0.6101812904253804,96.60076425589766
lbv,4971,222.85929515,0.5413081793588881,167.684118532667
lbv,4972,169.693569056,0.5075649256163305,105.19313067267923
lbv,4973,210.948461122,0.5864828432701072,102.06858711990655
lbv,4974,174.983618374,0.5299372540244575,102.84966089585247
lbv,4975,186.404088347,0.5329145798194568,137.21973308488435
lbv,4976,144.121386212,0.5212286230429863,80.45713824103859
lbv,4977,164.461040003,0.5290165635762294,94.25731416590074
lbv,4978,213.918416854,0.6658798161982619,142.42767423741958
lbv,4979,219.059474784,0.608107804351703,172.37143348245058
lbv,4980,204.440880138,0.5521375739531552,144.7713290943819
lbv,4981,283.906851321,0.5498496630522007,221.8438669541303
lbv,4982,262.233695899,0.5386336114479253,179.40219385483687
lbv,4983,257.608072093,0.5163377052503275,183.56843611773323
lbv,4984,222.768170507,0.5303227309715878,144.25118201760688
lbv,4985,292.514435898,0.5727354351318243,163.25932892444087
lbv,4986,324.746851999,0.6085158082749315,190.86021776386335
lbv,4987,371.418499479,0.5963317466406363,253.6127915924671
lbv,4988,333.946262118,0.589591423640256,256.99818187040444
lbv,4989,293.941517525,0.6588581438613148,147.11671657188265
lbv,4990,200.79669482,0.7397052624008872,28.642246380974264
lbv,4991,339.089270957,0.6629681475744901,170.55168998568666
lbv,4992,404.569644393,0.6124622084176425,323.9184674132104
lbv,4993,407.127297864,0.6518612522847301,337.7195537492341
lbv,4994,227.686222001,0.6502704802558934,119.25663580800973
lbv,4995,167.714426897,0.5500586040476535,61.19073758592793
lbv,4996,206.530552195,0.6176395120850781,59.36809470980776
lbv,4997,200.85811669,0.552399552229679,51.55662877699908
lbv,4998,160.925290588,0.5739666959818671,22.1329080918256
lbv,4999,151.195684466,0.49645177777423416,33.58999143114277
lbv,5000,196.056127824,0.5767810392507257,48.69247720755783
lbv,5001,249.233979578,0.5564582800742277,126.28801778157553
lbv,5002,225.520086253,0.5173935515736297,90.3546552770278
lbv,5003,235.489681706,0.5664516604921352,41.40171727199181
lbv,5004,226.631418268,0.47828086743554793,117.95602671305338
lbv,5005,233.607018448,0.4829915033129844,136.18328070547068
lbv,5006,267.973671793,0.5936050596680955,71.34637858072917
lbv,5007,277.121994308,0.5497440940567426,80.19968016381358
lbv,5008,265.641306202,0.4822507991052387,69.78427144966874
lbv,5009,273.510119329,0.4653938861985832,152.84834717395256
lbv,5010,235.942745555,0.46330558863219046,135.14194551355698
lbv,5011,259.421295583,0.4710034462420837,155.71264265471814
lbv,5012,215.14241711,0.473161982851369,109.36351237577551
lbv,5013,194.469653115,0.4733863549955776,46.34934165804994
lbv,5014,206.828516399,0.4378370801434246,59.62920921176087
lbv,5015,221.298699715,0.47095933920724736,104.41602950750612
lbv,5016,221.281340178,0.4991833383594054,95.30239132151885
lbv,5017,165.050917201,0.46999890833420865,69.26355740416284
lbv,5018,130.450551006,0.4457548030741929,51.29674329570695
lbv,5019,151.797730506,0.5052775994423896,40.36030458936504
lbv,5020,183.238689656,0.5463224564670423,85.14706519631778
lbv,5021,190.756557583,0.5867316553304935,60.4100617053462
lbv,5022,210.893993413,0.6234563272446394,62.49307259952322
lbv,5023,201.403101194,0.5855145044624805,47.91134320427389
lbv,5024,163.845782783,0.4874899675611589,47.65089975992838
lbv,5025,178.166941386,0.48549941500952076,55.983247644761036
lbv,5026,180.628354185,0.5401891388464719,66.65901282815372
lbv,5027,224.349989912,0.4949567628703002,140.34826337028952
lbv,5028,194.412800982,0.5128487855883264,124.20410479377297
lbv,5029,197.542186115,0.5725710632152927,80.4591464771944
lbv,5030,195.148571589,0.621713604927063,45.56738655239928
lbv,5031,198.60733912,0.589096164410831,42.442688766180304
lbv,5032,183.467052896,0.5884229242801666,26.03841953651578
lbv,5033,194.917266462,0.6261857867240906,39.0575678806679
lbv,5034,191.311530334,0.5459708328600283,14.060706463982077
lbv,5035,194.194049185,0.5701880292458967,5.728424281699985
lbv,5036,194.887759352,0.45409681372446564,57.02373352050782
lbv,5037,197.787034366,0.46215114848954336,29.162785907820158
lbv,5038,204.928061971,0.5280093420186691,44.00445018095129
lbv,5039,205.966350303,0.504285530863281,89.31070125804227
lbv,5040,201.571316749,0.5156598623918027,63.793280208812035
lbv,5041,207.922377328,0.5296570094118656,36.97401517980239
lbv,5042,208.061917273,0.42140207688013714,44.524931514964386
lbv,5043,212.860688399,0.4294756301811763,9.113272393918505
lbv,5044,203.526025167,0.5179096720157526,20.309548232134652
lbv,5045,208.734367256,0.48487620822863997,52.59645149380553
lbv,5046,200.51176401,0.4587437845594872,113.0040121938668
lbv,5047,186.661755626,0.4665493543058764,118.21139604157094
lbv,5048,188.204720048,0.4689291672220507,80.45656008252911
lbv,5049,180.308574966,0.5063152804479495,23.694258237352557
lbv,5050,191.513653787,0.46888339476464896,72.12419131409888
lbv,5051,189.508190327,0.4280086083739411,53.11664437686696
lbv,5052,184.734590767,0.4362164933036491,53.897684613396144
lbv,5053,185.620077867,0.45456874384060164,57.54283854166667
lbv,5054,180.790601083,0.4750238166875149,43.22214229808134
lbv,5055,175.971060905,0.48833362700847477,27.07890463436351
lbv,5056,172.091698261,0.424655093866236,4.426347440831801
lbv,5057,180.438232238,0.402591667004994,16.403495968089384
lbv,5058,191.554940564,0.45896490121728,59.10453371534161
lbv,5059,162.827969697,0.49055773654395346,96.59805704752604
lbv,5060,163.272964727,0.5011760655645768,73.68520693311504
lbv,5061,167.17802435,0.5107130323137555,29.161580762676167
lbv,5062,152.288689775,0.4719751581370112,43.22152967266008
lbv,5063,182.067087928,0.4722722496535327,48.168500713273595
lbv,5064,217.977182236,0.4466545371923167,115.34383093142041
lbv,5065,199.714598466,0.4296104072585819,132.2677054311715
lbv,5066,188.032827618,0.41721354179403847,115.34350870169845
lbv,5067,186.440303231,0.40066125658788754,89.30643729415593
lbv,5068,184.452709218,0.43270706049518876,50.251053664263566
lbv,5069,178.816643298,0.47033851345380145,57.80161563648897
lbv,5070,184.869731219,0.46909621953964237,117.16524505615234
lbv,5071,206.545926484,0.4353519130784732,135.39071071849148
lbv,5072,213.71084851,0.47611515601305493,60.66532395306755
lbv,5073,181.244634808,0.49047772135389484,39.575614540249695
lbv,5074,165.895977761,0.45015711354261095,45.82433627259498
lbv,5075,177.631002959,0.4424819775036911,69.77784277224073
lbv,5076,189.570807045,0.5110569147542976,67.95517290900736
lbv,5077,164.815518957,0.4197696668561548,33.3266180898629
lbv,5078,171.836356899,0.44130346635086243,98.67783014634077
lbv,5079,183.390754169,0.4767777986215967,117.9445519840016
lbv,5080,176.511059621,0.4993623730140863,50.51039057712929
lbv,5081,165.078792426,0.4747284696652339,40.61652410170611
lbv,5082,185.922907423,0.45269827058535966,171.57845150816675
lbv,5083,170.463163451,0.4581413339664586,54.93628519095627
lbv,5084,143.350557381,0.5928391982208597,14.319851594812729
lbv,5085,150.958596326,0.5035148334841356,73.42167385325712
lbv,5086,128.162079485,0.4721219760115428,121.06746404311235
lbv,5087,137.866603662,0.45971833387935973,138.51139011757044
lbv,5088,137.925479065,0.4361188696374205,133.564333747415
lbv,5089,133.196972927,0.4220472904663642,134.08483333213655
lbv,5090,136.422731785,0.5067018868566371,114.81814709831686
lbv,5091,140.760184796,0.47071334844069873,137.20879887599574
lbv,5092,142.046562994,0.4625094662397635,116.90075085209865
lbv,5093,133.184954921,0.4635993394174465,133.82392000684553
lbv,5094,126.3708747,0.4911102419128691,127.31496923110065
lbv,5095,136.71260306,0.48933157668216154,133.3032029993394
lbv,5096,162.850659832,0.4758480735594102,160.64080230114507
lbv,5097,180.769217663,0.498925468267179,66.39133408490349
lbv,5098,231.838873749,0.5353211896102315,60.66351123884613
lbv,5099,191.951076586,0.4610942433793824,80.1905605839748
lbv,5100,185.274832635,0.46712011947248977,35.66921174292471
lbv,5101,187.018836169,0.5113398449136577,28.379188328163295
lbv,5102,165.04810235,0.6271286581243788,27.337757155474492
lbv,5103,166.052950842,0.4890173990279436,62.48646051743451
lbv,5104,152.123670154,0.4368736944321928,60.40372817095588
lbv,5105,150.720611556,0.4945896094512639,82.79481919232536
lbv,5106,159.546410534,0.48166525512362807,67.95432742249731
lbv,5107,167.589412222,0.5227758219948521,35.14886070700253
lbv,5108,174.602600397,0.49622834459878506,166.63180796305338
lbv,5109,189.361459817,0.5545436792246259,136.42994758755555
lbv,5110,219.339536893,0.573574999621497,171.579120202158
lbv,5111,201.564940962,0.5386052141386095,167.41355270684934
lbv,5112,148.15515283,0.47773364257708617,119.50689472871669
lbv,5113,157.326443408,0.4821952835470438,104.14557931937424
lbv,5114,162.561631608,0.4332070590462536,66.65332279579312
lbv,5115,162.431152372,0.43495410011413904,48.688220633712476
lbv,5116,153.503753694,0.4185727035031892,99.45943349202474
lbv,5117,164.615702209,0.3940917422374089,54.676721460679
lbv,5118,164.941136688,0.34997982432215996,56.49930336148132
lbv,5119,170.813448537,0.38728377257270374,45.303665520163136
lbv,5120,184.643613174,0.36436953251956355,101.28233289531633
lbv,5121,172.207678643,0.3954591959642729,107.53110809326171
lbv,5122,163.75264865,0.36348396483029705,68.47633556291169
lbv,5123,159.708356925,0.3370103025771528,64.83122675278607
lbv,5124,164.354276605,0.36020904779434204,24.734848022460934
lbv,5125,173.598223652,0.3822288731644057,57.54102947758693
lbv,5126,200.798578758,0.3781268912865671,89.56612252628102
lbv,5127,171.282856539,0.3918895809452768,50.25073053696576
lbv,5128,155.448980453,0.4377032267342647,52.85440862319049
lbv,5129,138.843536201,0.42920276852464495,65.87282912310432
lbv,5130,128.30955414,0.43106416471396825,123.41393926283891
lbv,5131,133.238436479,0.42076889832996395,113.7803996366613
lbv,5132,159.013743974,0.4088560938835144,75.50650832232307
lbv,5133,222.009579867,0.3788511983372948,17.184263610839842
lbv,5134,329.578255816,0.3942103150831276,65.35221102845435
lbv,5135,528.018229715,0.3882052085157168,122.89295618393842
lbv,5136,517.0623413,0.3414648419310307,60.40516297583486
lbv,5137,318.643954603,,0.0
lbv,5138,359.757575837,0.5228464687528787,42.439567535998776
lbv,5139,253.121528049,0.3768356399876731,25.515893435010724
lbv,5140,196.609645065,0.328873723745346,9.112827286065794
lbv,5141,189.220383259,0.4171287646660438,13.539032820159314
lbv,5142,222.923327747,0.44617082853602547,30.46275392420152
lbv,5143,163.405637709,0.41343766078352934,12.497531935747931
lbv,5144,171.223757834,0.5468619566214712,24.73463290345435
lbv,5145,174.672976282,0.6158096942495792,12.23712116316253
lbv,5146,158.438322141,0.6350867748260498,20.568725974887027
lbv,5147,184.579119703,0.6338261586648446,56.23850465662339
lbv,5148,177.469082307,0.5369585795061929,92.94955516142004
lbv,5149,183.652833047,0.4940520973000305,78.62951746921912
lbv,5150,187.576302807,0.40274618566036224,2.6036222869274663
lbv,5151,192.696803232,0.572112964956384,4.946873713474647
lbv,5152,210.167322477,0.5119877799016209,55.456950109145225
lbv,5153,190.49434722,0.6016349039579691,9.893714545754825
lbv,5154,190.61816068,0.5608354787672719,48.427047011431526
lbv,5155,182.084063573,0.5436009334193336,4.686483435537301
lbv,5156,190.251653532,0.46839746832847595,13.278318517348346
lbv,5157,186.728226986,0.47648819967320094,29.680942311006433
lbv,5158,207.300710148,0.5064025906955495,30.98271702785118
lbv,5159,208.367910689,0.45017293393611907,28.63943870394838
lbv,5160,206.003032143,0.5014083609405884,46.08337492101333
lbv,5161,166.576352047,0.473271141083617,49.46797883276846
lbv,5162,154.640129591,0.43934111153413796,51.29043576109643
lbv,5163,154.388585625,0.42419477225998037,56.497521284514775
lbv,5164,145.262542524,0.5329877504935632,6.769267781575521
lbv,5165,156.368487441,0.5015393725850366,40.09485404818666
lbv,5166,158.631177364,0.49486270546913147,42.69836772843904
lbv,5167,167.34099627,,0.0
lbv,5168,161.260234544,0.49785715341567993,14.059144323012408
lbv,5169,154.808144829,0.5645455667605769,16.923040053423712
lbv,5170,157.491527422,0.5942628979682922,33.064967615464155
lbv,5171,182.244343889,0.638982017007139,56.23641572840073
lbv,5172,176.123143925,0.6551700474644796,68.47300388111788
lbv,5173,187.337947298,0.7054110255933577,32.28384973862592
lbv,5174,180.853657722,0.7018332336007095,21.34899740780101
lbv,5175,137.367192965,0.6954481076386015,15.360863988539752
lbv,5176,135.02049944,0.6126075051945343,43.99976295022403
lbv,5177,159.214435025,0.6161157249620086,39.573763409782856
lbv,5178,158.518296446,0.6404494643211365,16.40230676987592
lbv,5179,176.863090806,0.6055674359832012,36.97026169720818
lbv,5180,175.641836079,0.5395985836429256,58.31941348805147
lbv,5181,177.296743116,0.5950838575760522,43.739621151194854
lbv,5182,163.150330627,0.5944825771243073,55.97629828359566
lbv,5183,165.665314192,0.6102912500500679,20.828389784869024
lbv,5184,172.111006198,0.6043328682581584,7.810673313514859
lbv,5185,175.058491908,0.5868029322805285,41.13619707892923
lbv,5186,170.798233666,0.5784164071083069,2.3432071461397057
lbv,5187,165.956033394,0.5722969985332618,38.27233042997473
lbv,5188,184.062402546,0.5076932047755973,53.63339858709597
lbv,5189,255.821206216,0.519393007082442,84.87628484987746
lbv,5190,332.238882121,0.5120526452513106,149.44487541049136
lbv,5191,325.236385773,0.5150824934244156,190.58117460363053
lbv,5192,292.978636739,0.4979192257400543,164.02480585434859
lbv,5193,370.839110086,0.5914324337665648,187.7171444163603
lbv,5194,265.516607641,0.42784190953699586,101.01877426446653
lbv,5195,324.936445642,0.49616580811284844,218.70019905239928
lbv,5196,381.003502231,0.5385694734186398,284.5705203187232
lbv,5197,386.259513506,0.5580415457643412,297.84886061724495
lbv,5198,411.387993822,0.5738011323428713,298.63004871443206
lbv,5199,333.152963605,0.5419406548161367,204.90149871227788
lbv,5200,371.992488947,0.5581949553456993,265.82527765012253
lbv,5201,400.225713656,0.5742579307758584,303.57725961722576
lbv,5202,365.330796646,0.5481424260362289,278.5830958048503
lbv,5203,389.647053244,0.5511333351403894,277.28123435226144
lbv,5204,290.048164676,0.49739525774856663,200.4757506426643
lbv,5205,259.28803372,0.47382190328406687,166.1085245768229
lbv,5206,288.176867774,0.4613597825202604,117.42155983120787
lbv,5207,271.611814351,0.399978753792713,64.82925044041055
lbv,5208,245.652350007,0.4888304106841814,39.31405304553462
lbv,5209,242.278032033,0.5566485793162615,50.769690450032556
lbv,5210,314.946713467,0.499656787781573,209.32732864080688
lbv,5211,317.623091638,0.4683702859134156,115.07794985303693
lbv,5212,302.930603969,0.40883154099714675,183.55188544778264
lbv,5213,264.647561746,0.34529160348168253,178.3449093687768
lbv,5214,294.087977144,0.4659958929296523,164.02486578249466
lbv,5215,311.9394078,0.5507035248882166,94.76984611960017
lbv,5216,319.070896697,0.44902331517306115,180.68758194867303
lbv,5217,331.028886819,0.4450715533544549,181.4685578589346
lbv,5218,284.585861515,0.360733233419936,140.07187853046491
lbv,5219,304.99252229,0.4997958637235737,136.94731735528686
lbv,5220,295.007405805,0.5006325592133114,83.57420196533204
lbv,5221,267.252441392,0.5050712721347809,65.08893175312119
lbv,5222,284.359683509,0.3810500922473336,64.30784442378025
lbv,5223,279.720003304,0.4424875424584739,94.50889366000307
lbv,5224,242.175187435,0.3756346939639612,68.73369272269454
lbv,5225,250.412783303,0.4623458365599314,93.7275552188649
lbv,5226,261.823447027,0.44955229987897494,105.18305062686696
lbv,5227,264.384026236,0.5507867300940543,101.017197822122
lbv,5228,218.65643683,0.4592266147063203,76.02322315889246
lbv,5229,269.114182901,0.5658218153311233,158.29467752494065
lbv,5230,230.582459061,0.6269037419964808,83.83356697232115
lbv,5231,277.690692817,0.6121269611645086,146.0576435762293
lbv,5232,242.171491082,0.5973660190406824,115.33586662142885
lbv,5233,187.794979469,0.474001526497723,69.5138094733743
lbv,5234,209.081469936,0.5010989770699347,124.18738645665786
lbv,5235,254.621417879,0.5662115597039419,185.6300281001072
lbv,5236,254.274035542,0.5502338737296755,163.76036442775353
lbv,5237,228.76939201,0.5385936785027614,153.34602951348998
lbv,5238,228.554877561,0.6663774952933351,96.85019405589384
lbv,5239,241.652751453,0.6580672562122346,70.81519368489583
lbv,5240,267.101140375,0.5827444461500568,40.8749059639725
lbv,5241,240.595133811,0.592282364660121,48.94579563514859
lbv,5242,251.101569804,0.5639918559357195,82.53094264011757
lbv,5243,249.628472827,0.5356522519294531,95.02763022628486
lbv,5244,283.20969598,0.5293476089311483,81.48934795903224
lbv,5245,274.657926333,0.5374338994537733,67.95131566664752
lbv,5246,255.362006853,0.5273115825036476,60.40128930783739
lbv,5247,245.352343375,0.5285266787987055,66.12900719736136
lbv,5248,275.948192355,0.5282801369363948,167.92577137666592
lbv,5249,272.310187557,0.5203703229107075,174.43461937997856
lbv,5250,296.037499929,0.5400773104723563,146.577191102271
lbv,5251,303.692278335,0.6077126297602425,103.35908879298792
lbv,5252,281.489067432,0.6105200875550509,83.31209256041284
lbv,5253,272.52921652,0.5920105569916898,70.55495743097043
lbv,5254,272.257838576,0.568823366433151,67.17040255677466
lbv,5255,273.826264219,0.5738151556567141,74.19987697227329
lbv,5256,292.994066833,0.5943208515148743,93.98654569738052
lbv,5257,355.545237069,0.5988955021772571,107.26426427504596
lbv,5258,416.781967923,0.6249294587083765,183.026414011039
lbv,5259,192.499482756,0.6034606547005432,138.24635270062618
lbv,5260,295.814528727,0.593366866624808,205.6768409579408
lbv,5261,381.078922196,0.6368878828699883,215.04912564146755
lbv,5262,209.686657236,0.6224380997756056,136.4237601186715
lbv,5263,330.588815573,0.638511634071196,219.21485763250612
lbv,5264,401.466460654,0.6549567780772546,277.01235689649394
lbv,5265,385.245997136,0.6376015683979664,268.160229252834
lbv,5266,305.013651368,0.6353283568608519,204.11422337550744
lbv,5267,373.82723444,0.6099035002331537,336.6317121617934
lbv,5268,389.321805072,0.6389826956992496,242.64526636460243
lbv,5269,395.414846742,0.6489796542417718,229.36715808943208
lbv,5270,382.610039581,0.6190283178100724,288.7261643952014
lbv,5271,250.290735388,0.6495988635119477,70.55427727792778
lbv,5272,352.457884657,0.620339823753462,141.88938230626727
lbv,5273,324.491854031,0.5999744045636959,95.54736866670495
lbv,5274,327.011874177,0.5984539136432466,136.68200148040174
lbv,5275,317.761864906,0.6106286335531017,184.0648555381625
lbv,5276,255.273439341,0.6098585494975286,137.72301112156288
lbv,5277,310.100972848,0.583146397698288,179.89871975767846
lbv,5278,301.020192382,0.5619137952281109,186.40708800671146
lbv,5279,255.205192303,0.5887440845922188,84.35168071073645
lbv,5280,221.961897343,0.61747768116586,21.087875934675626
lbv,5281,245.465149611,0.6197193290248062,42.956731459673705
lbv,5282,256.671694021,0.6102809660434723,65.08583682191139
lbv,5283,291.473417072,0.5822515823875034,146.31267012053846
lbv,5284,270.974610233,0.594909335593231,136.4194430781346
lbv,5285,244.785546544,0.5970405727001012,161.67233949549055
lbv,5286,234.487137729,0.599255662138869,160.11004324520334
lbv,5287,233.76121338,0.5825196359163293,216.6037492639878
lbv,5288,242.496041557,0.5618735849857331,162.97328087301815
lbv,5289,227.592882514,0.5424527773829946,91.37939354391659
lbv,5290,254.467189624,0.5599438407768805,124.96305051317403
lbv,5291,275.962841916,0.5747823547151751,138.50048744351255
lbv,5292,253.918314532,0.5860738846962189,120.53685874190987
lbv,5293,238.858152228,0.5717324537930087,111.42481494978362
lbv,5294,274.035064883,0.576440524482218,146.3099002314549
lbv,5295,284.763427055,0.58659448904389,152.5577634923598
lbv,5296,264.638602598,0.6175651600663091,129.38752402511295
lbv,5297,162.217776284,0.6128754606065543,23.950981289732688
lbv,5298,297.138120317,0.6254551093789595,205.66588398054535
lbv,5299,269.665379523,0.6290703169281071,212.6945700551949
lbv,5300,245.937521105,0.647362984574161,135.89537185968138
lbv,5301,242.186892652,0.5989086739663063,173.64381498448986
lbv,5302,237.200527984,0.6602162587462441,120.53529639150584
lbv,5303,191.553271031,0.6496014299742672,56.75308442957262
lbv,5304,251.450819657,0.6455967848933936,163.75079991957722
lbv,5305,262.118624976,0.6672895413521338,174.16421751134533
lbv,5306,270.500794032,0.6617448322433334,186.39997800939224
lbv,5307,189.251165419,0.6276331556307806,100.22899941837086
lbv,5308,272.050844355,0.661608687432471,121.57664184570312
lbv,5309,248.166039539,0.616115438298704,135.89511311848958
lbv,5310,249.49618201,0.6296502980388631,80.96441168691598
lbv,5311,245.647310015,0.5822973496909298,134.59363038306142
lbv,5312,238.202107015,0.5840131348012982,138.49879395728018
lbv,5313,265.153902527,0.6139142981327469,164.27225664924174
lbv,5314,269.880839568,0.6188874968056438,164.53271858364928
lbv,5315,273.083102398,0.641341505754263,138.49920998367608
lbv,5316,256.232654959,0.5661095736802302,183.2771401498832
lbv,5317,238.817233957,0.6204629627779532,86.17156123741
lbv,5318,229.572409619,0.619415383903604,74.19623440013211
lbv,5319,241.538623233,0.5739828628565877,105.69704613779105
lbv,5320,256.827830686,0.6127137468285758,38.009328086703434
lbv,5321,274.581980412,0.5999848282159264,52.32800086526309
lbv,5322,260.107254491,0.6130736116077994,80.18427180869907
lbv,5323,269.182901215,0.6130537971018172,78.88266538732192
lbv,5324,301.130872081,0.5971854174701615,93.4617930692785
lbv,5325,273.734237896,0.5419875193544911,116.89254832548254
lbv,5326,294.124234819,0.6019641821102429,72.63479608273974
lbv,5327,315.047348803,0.6253131871218435,247.5835808249081
lbv,5328,332.626068826,0.6287818148923227,162.45259821274703
lbv,5329,341.080872512,0.6153806786726902,173.38713334027457
lbv,5330,330.119161925,0.6014022928725484,161.9323120416379
lbv,5331,337.909213297,0.5886008323879418,170.26338845047295
lbv,5332,340.50725537,0.5539349075406789,191.6116672291475
lbv,5333,344.848041362,0.5863056696312767,182.23954234403726
lbv,5334,387.128046025,0.5657443195512448,224.93594411214193
lbv,5335,397.440728346,0.5627503377037406,249.4083755792356
lbv,5336,443.964254414,0.551096823900844,330.1148304359586
lbv,5337,267.112885314,0.5409841126409071,105.69935826320273
lbv,5338,425.096539194,0.5684058635887517,230.1433891745175
lbv,5339,461.917025187,0.5429153412079061,355.88960089590034
lbv,5340,439.931766662,0.5603367749534909,305.3833145739986
lbv,5341,343.159345561,0.582705551979259,232.74764990713084
lbv,5342,319.331102824,0.5291903267622912,202.80828600116806
lbv,5343,377.98385869,0.5884589350412762,246.0253147499234
lbv,5344,356.540223544,0.5614460776322078,249.67031734690948
lbv,5345,293.307795419,0.5410360903492579,180.67919383329505
lbv,5346,350.145660799,0.6387703700281269,155.4255766326306
lbv,5347,303.493387363,0.5978458538950033,142.92924780752148
lbv,5348,253.925526348,0.5520063116226668,147.61555355296417
lbv,5349,272.383604424,0.5357944111131457,202.54841559914982
lbv,5350,308.113605169,0.47661501605336254,213.48292119643267
lbv,5351,322.305526339,0.5229251928539838,221.29303690592445
lbv,5352,263.81926257,0.5250860713030163,98.9309435975318
lbv,5353,298.112440716,0.4590175032519057,160.63250720454198
lbv,5354,291.532836108,0.5189927246421576,83.31008988922719
lbv,5355,306.788065089,0.4955325879231848,154.6442368451287
lbv,5356,220.883662261,0.46088494023791066,140.5857105030733
lbv,5357,334.1780774,0.5379365252517481,153.3422606823491
lbv,5358,417.135508723,0.5597521926329388,160.1110184613396
lbv,5359,439.889728344,0.4674972190278391,168.4416884179209
lbv,5360,798.796939912,0.48324502476957165,519.1226333618164
lbv,5361,802.575268541,0.46905631966408107,536.56479659735
lbv,5362,755.573523396,0.4478969905376434,423.0549795711742
lbv,5363,762.467378431,0.44219868967768217,430.343605221019
lbv,5364,694.357094037,0.44305258344201487,442.57850602093873
lbv,5365,564.553282928,0.442218746371868,348.33461809345323
lbv,5366,515.370479787,0.41938723428842895,308.5020482081993
lbv,5367,809.604960588,0.37276656391282514,576.3897613525392
lbv,5368,664.285965062,0.3785619872365178,423.57021248013365
lbv,5369,577.160686773,0.36555042039843605,350.6750192081227
lbv,5370,572.238495937,0.32694552441637126,259.8165586583754
lbv,5371,601.72830586,0.3775156859671597,360.56665550680714
lbv,5372,585.8115456,0.40418484483973804,319.4329635320926
lbv,5373,562.085626233,0.4476095962876508,308.49845512240546
lbv,5374,573.097989768,0.45697441107696957,351.4534772985122
lbv,5375,571.226307804,0.4749984124719625,296.00137014950025
lbv,5376,571.061092071,0.49572535304534704,276.99642411774283
lbv,5377,571.71247839,0.5242716720968692,338.1747101727654
lbv,5378,582.541037147,0.5562572180199807,302.7686766680549
lbv,5379,571.346420974,0.5685575442720754,302.2475911757526
lbv,5380,567.236326536,0.5769686901538511,301.72653353822
lbv,5381,300.369475176,0.5561419501132572,50.50470829384
lbv,5382,568.797279494,0.5882627722284979,355.61492884018844
lbv,5383,604.362732733,0.5895954409407246,374.8789452945485
lbv,5384,577.912911771,0.5739921954786181,380.345192045324
lbv,5385,545.346916725,0.569830042069444,342.5965324252259
lbv,5386,555.36784586,0.5494629084887459,351.70754277846385
lbv,5387,583.339328967,0.5423554199453638,316.5621982050877
lbv,5388,559.521995438,0.543110130907415,331.66087814031863
lbv,5389,543.351771807,0.5721058383742789,342.07376870548023
lbv,5390,483.402582201,0.5790709387190134,317.34191484638285
lbv,5391,377.77829221,0.5785546505106456,171.03639382755054
lbv,5392,364.174318466,0.5864986440331016,171.29644416360296
lbv,5393,388.367310602,0.5803416346033958,190.03976171156938
lbv,5394,389.728150661,0.5745921980236058,189.25845013786767
lbv,5395,398.627776527,0.5600097491474844,193.42336910472196
lbv,5396,411.452340441,0.5382271643371763,220.49704957849838
lbv,5397,426.321576444,0.5359215774926646,241.58310546874998
lbv,5398,427.854747303,0.53296626355853,230.12833973005706
lbv,5399,433.738934987,0.5210478366941499,244.96650142295687
lbv,5400,414.766124691,0.5005301250112325,208.7809149050245
lbv,5401,413.185228606,0.508130229324138,217.89193339628332
lbv,5402,416.826095764,0.5131527738959981,229.86645214604397
lbv,5403,430.237591741,0.5125819911707693,174.41701627245135
lbv,5404,448.359568855,0.5194886321646308,256.4186260746975
lbv,5405,484.456941292,0.5225999687019124,274.1201561422909
lbv,5406,506.028419102,0.5194274478059888,374.083589890424
lbv,5407,368.657048191,0.49099363224846987,182.22544905718635
lbv,5408,528.826030788,0.48490330978126367,334.513640908634
lbv,5409,532.076191014,0.5184954883554928,320.71605834960934
lbv,5410,529.183319735,0.5530700978433489,316.8107431748334
lbv,5411,529.960994722,0.5515270398499014,346.74705963134767
lbv,5412,486.345274226,0.5590040231587594,370.95639292399096
lbv,5413,479.762186015,0.5526862130962895,269.9516428031173
lbv,5414,534.806749144,0.5494534456958293,353.25362126967485
lbv,5415,526.562196296,0.57220321542333,306.9163487153894
lbv,5416,339.373437621,0.47843638098507557,150.72425324683095
lbv,5417,431.840412152,0.546017586957159,238.45190552356195
lbv,5418,557.822583953,0.5284908523974275,423.5384601667816
lbv,5419,426.6537875,0.5485489739030246,220.2294552971335
lbv,5420,340.784631123,0.5678026493791526,82.52070611691941
lbv,5421,541.9092732,0.5269672951894413,341.7981095557119
lbv,5422,583.652343273,0.5259953902450067,388.3953375124464
lbv,5423,561.652764246,0.5259761569591669,311.3412013035195
lbv,5424,431.580402241,0.5142457695081343,159.31481795965456
lbv,5425,444.292874532,0.5578120133599822,228.55995315850947
lbv,5426,463.802422936,0.5717387153305888,242.35694589053887
lbv,5427,437.108784544,0.5820621371133143,228.03956954058475
lbv,5428,423.095466367,0.5484459027206063,219.449162831026
lbv,5429,389.8121337,0.5196203996757706,259.79878911037076
lbv,5430,398.910608422,0.5915881960925475,188.47156877704697
lbv,5431,381.537093255,0.5830756557533646,210.33848969702626
lbv,5432,372.326417062,0.49516622934460947,197.32262645048255
lbv,5433,388.909500414,0.5524352708458902,182.22436915378944
lbv,5434,448.373443617,0.5303125269192963,205.9135311650295
lbv,5435,458.496313976,0.5363649437258213,223.61567499497357
lbv,5436,423.697697148,0.4920415439474301,198.36471844841452
lbv,5437,447.050927551,0.5106846771267957,223.8765110689051
lbv,5438,508.488629977,0.580838339954781,279.58578045414947
lbv,5439,558.722733459,0.5187987062187702,342.3237969491996
lbv,5440,518.135961249,0.4524943360486216,294.6854006299785
lbv,5441,460.40517065,0.46069888582475627,237.15453066358378
lbv,5442,541.699151702,0.43550362937556675,268.6538257374483
lbv,5443,532.263026896,0.3961116874816528,311.0871436025582
lbv,5444,482.717880255,0.3830808722262778,288.43948890835634
lbv,5445,554.247540533,0.35497792434847375,240.27940530215992
lbv,5446,542.961297212,0.3379689045919158,246.52752173928653
lbv,5447,550.931301196,0.3205189743554373,268.91585196700754
lbv,5448,524.581993832,0.3183128586056914,323.84508284026504
lbv,5449,465.321857885,0.3229519110699598,248.61119627111094
lbv,5450,480.222977906,0.3248198450031415,258.764090235093
lbv,5451,509.466417768,0.31348581244047885,325.6683548272825
lbv,5452,492.585911428,0.3236578253459619,239.2402000576842
lbv,5453,255.578032799,0.43042303806113213,151.5107578053194
lbv,5454,473.295725579,0.35264662520186313,281.4136939852845
lbv,5455,515.693303602,0.3422059701903881,300.93826389686734
lbv,5456,541.637042063,0.32971436176594476,366.8013074388691
lbv,5457,492.428429758,0.3246790895707119,288.7032733692842
lbv,5458,473.300935627,0.32890863834487066,292.86873507032203
lbv,5459,492.966601937,0.31445361529433075,386.8472417794022
lbv,5460,477.927549478,0.34049487261776373,293.91032385732615
lbv,5461,352.973551593,0.35909620187973074,190.5605048385321
lbv,5462,394.149422814,0.35255506387750085,232.4732729145125
lbv,5463,367.586779173,0.3643182346741652,211.64716048895144
lbv,5464,467.971700406,0.3633057592831222,264.23317778344256
lbv,5465,454.910801533,0.368280224329547,247.31177816951976
lbv,5466,454.514592572,0.3618737706256576,252.77855386173022
lbv,5467,337.590903488,0.34835507644682523,153.072974171358
lbv,5468,335.453170199,0.33647362209938386,118.44913859647863
lbv,5469,410.888209963,0.35870605738681605,172.3370059742647
lbv,5470,302.725073455,0.3334598421728869,144.74222896800322
lbv,5471,383.150469409,0.32749614614360734,206.96026880600877
lbv,5472,297.428516041,0.35892818799477544,129.90337802662566
lbv,5473,316.869135655,0.3401587514128265,203.83601792279413
lbv,5474,351.591644775,0.2992102095837714,173.63774928672638
lbv,5475,281.323265628,0.2995048781839041,81.48203606699028
lbv,5476,326.685026515,0.2481912670754143,109.85744147207222
lbv,5477,327.775342826,0.24897488280833951,65.34162154852174
lbv,5478,322.427842321,0.35661638578621,61.436559310613895
lbv,5479,358.240326808,0.37769379556642896,133.806511852788
lbv,5480,368.155337431,0.3451743720232633,134.5873062432981
lbv,5481,372.199449134,0.35898818458959214,171.03228095559513
lbv,5482,372.482520146,0.3902515169640861,140.31388995600682
lbv,5483,361.53909273,0.38403805518803535,171.03173905914906
lbv,5484,357.441681646,0.3560734872634594,243.66152771594477
lbv,5485,330.495952148,0.3925436755523285,175.19657924876492
lbv,5486,382.067577764,0.4099563354265665,260.84201875574456
lbv,5487,366.825322406,0.43582959054437875,212.1615748685949
lbv,5488,266.138110375,0.4020869597393811,106.99178816851447
lbv,5489,338.123120635,0.4282266326544517,144.21748974370018
lbv,5490,333.340870853,0.44196542932873684,136.66797458424287
lbv,5491,348.25747773,0.4510188081171989,147.6012531056124
lbv,5492,406.008564363,0.4646666265113692,208.77608486998315
lbv,5493,299.872584519,0.4652441415882789,109.85462873870252
lbv,5494,243.495860659,0.4599906590730784,46.59703710219439
lbv,5495,377.458748492,0.4832462237464439,180.9214350382487
lbv,5496,280.283697353,0.4987391122134335,86.42565256754557
lbv,5497,330.383114378,0.45641207326572025,189.51145629882814
lbv,5498,311.053838957,0.46542300113856905,134.58422522451363
lbv,5499,308.985693904,0.46090724891982976,166.60312323476754
lbv,5500,324.329001905,0.4635516229940921,127.55547317804076
lbv,5501,372.202541003,0.39011892910679574,235.06597146426932
lbv,5502,298.784087906,0.33770132322603136,123.3901580810547
lbv,5503,345.167194768,0.36752947086748256,140.3108605478324
lbv,5504,393.682850417,0.44012358184489925,187.4277676152248
lbv,5505,307.022343834,0.5044391519566465,118.18344550039254
lbv,5506,461.74311556,0.5364892915251175,269.4265575034946
lbv,5507,400.278938832,0.5233739480899092,296.76017776190065
lbv,5508,403.958616678,0.5385487492087628,198.62090487012674
lbv,5509,409.881345698,0.5167365141734955,204.34764900955497
lbv,5510,377.696071887,0.47601301263269535,241.0522910323798
lbv,5511,375.150386341,0.5020305898553405,243.91568175671148
lbv,5512,412.292313177,0.5023260444280722,190.81105307784733
lbv,5513,371.912385479,0.483416779457696,206.43005101821004
lbv,5514,411.717206845,0.5033726382237186,168.94445109647862
lbv,5515,384.760990152,0.4774162385361327,212.15652262369792
lbv,5516,364.354282704,0.4939215983792301,120.26531713149129
lbv,5517,346.57684513,0.5054010936352009,110.89389301374848
lbv,5518,342.579661421,0.4701061597936488,150.20123467538872
lbv,5519,304.601051806,0.45231700337158054,82.77992128858378
lbv,5520,307.590646793,0.46709411042165583,150.4612870459463
lbv,5521,297.741918413,0.45790248185018956,123.38858089073031
lbv,5522,308.035144304,0.4441144167187209,130.41698668236825
lbv,5523,298.525458135,0.4132292880950605,141.61034695494408
lbv,5524,301.492679196,0.4200770019341125,122.08675372553807
lbv,5525,308.697102793,0.45505943708121777,124.95008491067325
lbv,5526,312.29869336,0.46967181257299484,144.4733657537722
lbv,5527,315.301322013,0.48230119808664856,110.37236549527037
lbv,5528,312.3339037,0.48818772191444204,151.5014680151846
lbv,5529,293.711218242,0.5134888665723096,105.6864787980622
lbv,5530,293.977605858,0.5461016039736233,143.95209419400084
lbv,5531,300.119094154,0.5597149135536206,167.3799462112726
lbv,5532,300.858075804,0.5698713518119273,180.13499214321956
lbv,5533,292.022312434,0.566704747469529,143.6913745655733
lbv,5534,291.871690778,0.6538337199918686,121.04424779555377
lbv,5535,303.174907735,0.6583162112553232,121.30444913377949
lbv,5536,334.21238819,0.6302322641784596,166.3378995110007
lbv,5537,357.768613293,0.6333807884210565,216.05678731880937
lbv,5538,348.831979726,0.6369074353195251,195.75244110705808
lbv,5539,353.97386314,0.6520464296429042,225.4274024215399
lbv,5540,362.907779376,0.633147082253685,256.1434816248277
lbv,5541,457.133220417,0.651216045766392,286.5993014167337
lbv,5542,404.679783917,0.6077097160705729,269.678708932914
lbv,5543,401.514630198,0.6032225992331725,292.58550555659275
lbv,5544,384.112345547,0.6731142285602546,199.13504201851637
lbv,5545,375.915859784,0.6660858555012438,216.0547360289331
lbv,5546,309.778175113,0.6138194149129846,115.83640519684437
lbv,5547,400.329607265,0.6340279183848491,277.48656640146294
lbv,5548,391.868088085,0.7007767503169523,209.02598236682365
lbv,5549,356.144288571,0.6876228340919586,173.62415095310587
lbv,5550,389.47853665,0.7143929598457887,206.16238035314223
lbv,5551,380.416025833,0.6708609039535025,259.7851200477749
lbv,5552,376.305360568,0.6876275166494764,207.2032761218501
lbv,5553,355.829808728,0.6994641275846155,166.3352574067957
lbv,5554,380.330422992,0.7030150698927732,135.35881784476487
lbv,5555,325.245925169,0.6650021850122098,181.43268280029298
lbv,5556,330.300287683,0.6744000541246853,169.1983080695657
lbv,5557,343.989198098,0.6693169551017956,172.58219368130554
lbv,5558,340.258426906,0.6341931816466428,224.90327767764822
lbv,5559,373.287415911,0.6767836075887489,220.47808849858305
lbv,5560,440.313723881,0.6858823667934963,227.7666431800992
lbv,5561,407.689277901,0.6578516894373403,226.4649013743681
lbv,5562,289.896982103,0.5650057993529044,71.06300321092792
lbv,5563,503.516020197,0.6863591201912017,219.95735365923713
lbv,5564,523.800036807,0.6743719032914925,215.27176408954696
lbv,5565,477.037913139,0.6260681324034068,278.7857508341471
lbv,5566,1009.95945591,0.6558697313639011,913.9297497020049
lbv,5567,666.331315227,0.618242575272017,469.32841422885065
lbv,5568,510.20084388,0.5731128741720406,376.3985828773649
lbv,5569,732.369121751,0.5754421909245746,601.0393970265109
lbv,5570,802.37770894,0.613079215360923,733.5338777429918
lbv,5571,785.137086839,0.5767726116720338,682.7746094946768
lbv,5572,806.899431299,0.5432982611896174,633.5774123247933
lbv,5573,899.258734765,0.5079542160571764,692.666860931995
lbv,5574,688.685736325,0.4507436885541638,471.6684681312711
lbv,5575,496.748006695,0.47410165512548136,227.24416094013287
lbv,5576,469.080615926,0.4581672316379393,257.1783257877126
lbv,5577,301.002155295,0.357478560933045,72.8842378504136
lbv,5578,423.633109279,0.5346513830134406,213.70687932033164
lbv,5579,641.740456855,0.49978219591941,457.8670158535827
lbv,5580,671.514197921,0.4977712126933305,436.260696590648
lbv,5581,474.672183579,0.5612310544440622,296.7422779457242
lbv,5582,385.660505208,0.5780686502491598,142.12389658011642
lbv,5583,427.153888963,0.5528498309985816,206.6783160938936
lbv,5584,543.272845921,0.5375849408072394,337.0887734805836
lbv,5585,582.084684891,0.543551523433207,318.60756566664753
lbv,5586,650.412473341,0.5127621623819805,402.9442893832338
lbv,5587,748.523424182,0.5109266686416818,546.889936020795
lbv,5588,631.485307498,0.4901299027707239,412.3152852376302
lbv,5589,584.30541794,0.4689778346609283,378.99702968223426
lbv,5590,571.590870248,0.4700646528145896,369.3659618003695
lbv,5591,506.580419198,0.4939766853917634,298.0436408248602
lbv,5592,421.651450324,0.5448869851713619,220.47386746874042
lbv,5593,477.893732765,0.6033997268532989,258.99779944326366
lbv,5594,503.310222483,0.6432705270366111,293.3570969824698
lbv,5595,474.074779726,0.6570203217012541,255.09331276089534
lbv,5596,509.651036921,0.6537401495061719,303.24880957509953
lbv,5597,522.420446835,0.6228874131996113,377.9549647910922
lbv,5598,286.126333695,0.6114405861353492,97.35214412913604
lbv,5599,232.250544177,0.47483538960126304,111.1483258415671
lbv,5600,231.501746696,0.49410834473415016,142.64462830786613
lbv,5601,331.204116105,0.5864748924865071,220.47396093630326
lbv,5602,518.871422046,0.646935893728801,374.5707125794654
lbv,5603,250.551954538,0.6801815958762611,56.22463145536535
lbv,5604,520.825741062,0.635917125674902,404.5044979020661
lbv,5605,540.414935641,0.6549250803597041,386.8035916795919
lbv,5606,522.179339658,0.6705241784174346,347.4979520610734
lbv,5607,293.072393566,0.602935104143052,153.05522966571885
lbv,5608,405.247919998,0.6484478072551646,292.574600907868
lbv,5609,468.687603787,0.6887830148581714,293.09469042011335
lbv,5610,369.268091503,0.6275434516228957,192.09907729204966
lbv,5611,401.497153883,0.5837532671838843,248.06265581916358
lbv,5612,359.422356214,0.5512652396160692,155.91738245346968
lbv,5613,328.367663455,0.5277270523996722,114.26981964111329
lbv,5614,319.716599328,0.5556182424420292,53.62081433464499
lbv,5615,307.3841811,0.55587780437892,41.12657174503102
lbv,5616,298.749522828,0.5504760150338562,36.96179653990502
lbv,5617,303.045337969,0.544711785428476,38.783786399691714
lbv,5618,315.867615953,0.539978125323988,57.004260792451745
lbv,5619,322.538753307,0.5449813459983747,75.22467190611596
lbv,5620,326.789253266,0.5716657300983046,80.43039434096391
lbv,5621,318.653762871,0.5723281411407386,93.44483522901348
lbv,5622,306.923358064,0.5510781120157127,107.50043269138709
lbv,5623,304.7809444,0.5380668616294861,104.11645492852904
lbv,5624,314.962561119,0.5187715629828141,112.9661626180013
lbv,5625,326.846005651,0.505300315323277,111.40424936331955
lbv,5626,328.479627475,0.5418201176398392,56.74316908892463
lbv,5627,327.826714589,0.5442923117084664,92.92323904598462
lbv,5628,330.497330512,0.5419616602330541,126.50036046645221
lbv,5629,332.493993302,0.5392254927400815,153.57010650634766
lbv,5630,365.827868634,0.5461779375175769,193.3938586964327
lbv,5631,361.43472792,0.553949706694659,168.1456092984069
lbv,5632,382.905696117,0.5591410513435092,182.20080581365852
lbv,5633,406.964580749,0.5501455271740195,231.39464099360447
lbv,5634,409.356315694,0.5454280971343282,272.7797993977865
lbv,5635,431.431691613,0.6120904196887257,228.0101333318972
lbv,5636,460.318523068,0.6235932873117764,254.29845389571844
lbv,5637,478.09813536,0.6052630176501617,335.24662595262714
lbv,5638,534.829758793,0.6116083021036217,364.3978542253083
lbv,5639,588.040946744,0.5855404739649092,384.96003032011146
lbv,5640,303.486906465,0.6552431627503442,109.05881174124926
lbv,5641,535.617002409,0.6308734285494239,340.45054105870867
lbv,5642,509.912571171,0.6318487169811264,316.2436330458697
lbv,5643,263.836860383,0.625234320881581,95.5236479815315
lbv,5644,377.806499252,0.6144616416284254,223.3221915749942
lbv,5645,490.535430718,0.6128802269261766,320.6674481560202
lbv,5646,306.389706795,0.6413903013039927,115.30467481426165
lbv,5647,426.268512827,0.6141697095725873,206.14297120337392
lbv,5648,428.953539754,0.5275084706534326,147.05895152372474
lbv,5649,351.25601876,0.4942048346440409,100.46835754992915
lbv,5650,396.6178262,0.5247479894303329,39.30226081399357
lbv,5651,591.364870023,0.5667445848830305,261.5802635043275
lbv,5652,583.418492088,0.561233503335285,310.7728893504423
lbv,5653,559.568576081,0.6026534928311511,360.48632641960586
lbv,5654,552.458659744,0.6167337229832911,362.0480877745385
lbv,5655,266.572230312,0.5984654022945655,86.67319102567785
lbv,5656,548.459030493,0.6447235287998192,343.3078920850567
lbv,5657,328.872188173,0.5855707102219265,195.20954604803347
lbv,5658,252.86986737,0.5228434768191145,84.85122178021601
lbv,5659,545.102044829,0.6171777391986035,337.06097091974
lbv,5660,517.668499091,0.6088444157900063,369.8559296851065
lbv,5661,479.053998349,0.6364665180856731,282.401897834329
lbv,5662,360.483782779,0.6442459202184719,175.16723034428614
lbv,5663,335.427442856,0.6208469462818488,168.39985151103895
lbv,5664,450.43638959,0.6503780144331668,242.83904113769532
lbv,5665,441.023629237,0.6395577866098155,221.49593098958331
lbv,5666,326.116104791,0.597587323723695,121.80963643391928
lbv,5667,341.241854799,0.6158543983672528,122.33004347857307
lbv,5668,387.862876704,0.6268645542509417,176.98785624784583
lbv,5669,388.927173998,0.6274776536848102,204.57680637135226
lbv,5670,590.292652065,0.5701787222703402,397.70117384966676
lbv,5671,777.617065258,0.5625543188710166,577.2905934950885
lbv,5672,402.215572595,0.6013667639614879,197.5485294716031
lbv,5673,352.385291907,0.601698926384585,150.69879446590647
lbv,5674,347.339128505,0.5843933742411815,142.63005688237212
lbv,5675,310.521370716,0.5821125192203741,113.21890348546646
lbv,5676,306.786427963,0.5715492129179057,105.67079282274433
lbv,5677,312.494034475,0.5645842712234568,112.43766425637638
lbv,5678,417.827226015,0.5216231302589389,183.4917221069336
lbv,5679,381.771937461,0.47532670797979937,150.4368848613664
lbv,5680,301.944511275,0.5080029789139242,101.76597400740081
lbv,5681,315.866320244,0.5389659677155957,115.0395991905063
lbv,5682,324.613131978,0.5480334355779316,119.72425707648782
lbv,5683,329.106459248,0.5322224562662584,126.75133837531595
lbv,5684,329.436782249,0.5282170019844964,126.7511427037856
lbv,5685,388.206742223,0.49046549360909963,227.9953692267923
lbv,5686,360.89124844,0.43670746754834106,186.35209709616268
lbv,5687,308.243290771,0.3554637785785454,157.46199918260763
lbv,5688,355.731912875,0.37793076466291387,253.760726479923
lbv,5689,328.059626357,0.41216016280014367,175.41994227989045
lbv,5690,345.891811145,0.3836725710580746,124.92785105985753
lbv,5691,405.851041935,0.32925111156972975,45.80682444852941
lbv,5692,397.939360201,0.3068910504336906,147.04995712579466
lbv,5693,346.721726462,0.43198196519711973,204.30817383410883
lbv,5694,322.756418215,0.578821113880943,119.46150306252872
lbv,5695,326.74797991,0.530854029390079,147.30954398360905
lbv,5696,335.114716197,0.4649630888741986,216.79973895503022
lbv,5697,341.292672937,0.4736016554601281,222.78545756620522
lbv,5698,351.389042147,0.4960759267525891,233.97638908835017
lbv,5699,356.805560105,0.5077637108724291,213.41524550494023
lbv,5700,360.810672325,0.4660709581111594,249.59137468525012
lbv,5701,365.477396351,0.47907343228363974,281.3428502400716
lbv,5702,377.261276999,0.4796705518409891,275.87695910883883
lbv,5703,422.495505403,0.4922837546447979,313.3539730894799
lbv,5704,410.215629904,0.5041680404692759,296.957046658385
lbv,5705,425.688198155,0.5290397950200947,308.9285118551815
lbv,5706,437.496191372,0.5261460031634866,376.8558121026731
lbv,5707,448.372080605,0.5146313140857556,342.76122170242616
lbv,5708,440.1155173,0.49305265893538797,359.1570026173311
lbv,5709,406.909193603,0.47383886551621573,289.9277774885589
lbv,5710,352.990547769,0.4972607945737663,212.1102378097235
lbv,5711,325.801903263,0.4898564479820821,228.5062273810891
lbv,5712,530.12937397,0.4724755800961755,447.9029041963466
lbv,5713,499.659665982,0.4765767839697542,396.89180710736434
lbv,5714,407.57335703,0.49957390077599456,320.89624140122356
lbv,5715,239.691025597,0.5011994157588113,159.53695415422027
lbv,5716,471.117454061,0.4797079958976844,355.2494031719133
lbv,5717,511.797245187,0.4701545935853449,393.5063723395853
lbv,5718,454.864150649,0.5188985992449532,402.3542881685144
lbv,5719,330.996784118,0.567321047453738,174.37066889744176
lbv,5720,351.936370076,0.5682754534595418,206.9024429321289
lbv,5721,387.80598241,0.605592254895114,196.23196838977287
lbv,5722,279.892400283,0.5864267562398848,78.59674221861597
lbv,5723,350.592507775,0.5783311002613867,212.36747463450706
lbv,5724,332.165933647,0.5953276529800668,180.3561367259306
lbv,5725,329.299832709,0.5816789345517875,161.09731002508425
lbv,5726,342.630091435,0.555841919721909,107.22471929811964
lbv,5727,353.903097856,0.5211580437314403,57.77639614928002
lbv,5728,385.189678659,0.568555035219071,81.71980596804151
lbv,5729,385.753335211,0.6369773784579148,178.79457681693285
lbv,5730,385.201042158,0.591590681832203,276.1293540505802
lbv,5731,381.489909265,0.57922465353525,285.49844213747514
lbv,5732,306.125195267,0.5638812289026583,231.8861958223231
lbv,5733,347.818500651,0.6066494701613843,203.25844400443282
lbv,5734,333.273953603,0.6370635851454818,152.50893722234989
lbv,5735,363.097902752,0.5945925876594537,281.85451908485555
lbv,5736,542.231239703,0.6015776119045542,339.110210164388
lbv,5737,596.771188572,0.6157360194189534,378.9288375854492
lbv,5738,549.235876514,0.5768511994576558,420.8298625871247
lbv,5739,580.558906568,0.6088880934640819,366.69698429481656
lbv,5740,590.941568475,0.5959771491633121,379.70985382678464
lbv,5741,627.00678241,0.6197708271694475,425.51459467270803
lbv,5742,587.180683103,0.6175908532341464,365.13612147312534
lbv,5743,575.064970017,0.6070929984512147,436.70641060623467
lbv,5744,585.738079693,0.6363260091948408,369.04033454446244
lbv,5745,455.200123097,0.5774545948065464,306.0594597610773
lbv,5746,558.788590024,0.5753000913834085,459.0892188876283
lbv,5747,609.424987288,0.5840544131086316,447.6380225088082
lbv,5748,659.304607083,0.6058359299316368,500.2093750598384
lbv,5749,617.588539869,0.6122206241878814,479.6495765237248
lbv,5750,579.431957235,0.6601316444651761,382.8347368128159
lbv,5751,435.214049756,0.619567372657034,244.90000592400042
lbv,5752,529.268575612,0.5799531753582228,408.8609753178615
lbv,5753,304.17529485,0.4595273773289389,187.38431207993452
lbv,5754,585.772779032,0.6182369654531892,384.65704249961703
lbv,5755,578.624206222,0.6282342876718413,381.7941956164791
lbv,5756,598.965246258,0.6248435968227425,394.8066970825196
lbv,5757,793.88215559,0.5468755006589373,540.809148721134
lbv,5758,595.714501014,0.4501453875893294,360.7132612938974
lbv,5759,568.823228958,0.4325633128553318,373.4660035077263
lbv,5760,448.297363101,0.4104852463884033,332.86651751948335
lbv,5761,273.151919752,0.3989795442168594,183.48033967859604
lbv,5762,560.760401934,0.4446755647445512,362.79522666183175
lbv,5763,578.386822697,0.4361910808462105,396.3677006441004
lbv,5764,583.475363443,0.4380103472692485,469.75953898710367
lbv,5765,570.403411422,0.45643422660733546,369.300901704676
lbv,5766,447.281516935,0.41930422688072366,286.2798610612458
lbv,5767,574.065844481,0.40713876391945564,454.40382053150853
lbv,5768,535.109571051,0.4288320305476997,320.89299483953744
lbv,5769,553.346494258,0.41203284790779093,403.1329409431009
lbv,5770,568.366820874,0.42552433685921026,373.7240093455595
lbv,5771,291.771721959,0.3942736195237845,193.88924375047873
lbv,5772,401.691930363,0.4078630398737139,301.6337738635494
lbv,5773,570.179644725,0.42517361598328246,407.81641672171804
lbv,5774,602.71557881,0.4399704027269191,465.592146989411
lbv,5775,520.549485205,0.45974515320232534,432.80097497678264
lbv,5776,548.030473107,0.4273900201929046,439.56612378288713
lbv,5777,582.19915546,0.4202723210299766,446.59225436939914
lbv,5778,302.535103376,0.39077598457758594,179.31340023863547
lbv,5779,373.117540063,0.4268206281563903,164.47883264878217
lbv,5780,596.080439727,0.4202109391475241,420.30552670347925
lbv,5781,465.200831682,0.3916117494050146,309.4380212821212
lbv,5782,325.72405815,0.39458491083453673,150.4245354147518
lbv,5783,609.208211194,0.4062324982550408,421.6053361780504
lbv,5784,536.239024932,0.3968059836489223,315.16237825879864
lbv,5785,447.946819793,0.4022832880426562,285.49305321188535
lbv,5786,428.845082837,0.43638726634494324,230.31990030326094
lbv,5787,406.034417917,0.4527788738359569,206.3766699996649
lbv,5788,398.554760753,0.44534721578774833,231.62037329580272
lbv,5789,381.248393888,0.4564892050626872,260.5075162700578
lbv,5790,384.598728774,0.45277648792841046,248.53585070441747
lbv,5791,435.193482353,0.47299938146990234,271.176756885005
lbv,5792,417.763483372,0.47180090740035047,255.82194991766238
lbv,5793,413.102681787,0.474700924819577,260.76634255203544
lbv,5794,435.003969725,0.5049090914237193,253.73937539493335
lbv,5795,453.941867776,0.4734640131778984,315.6776082655963
lbv,5796,429.758888434,0.48962664433014697,253.73886377671184
lbv,5797,360.554042753,0.5083218615709627,196.22476501464845
lbv,5798,354.543465983,0.5484171378921199,211.05851443421608
lbv,5799,563.148891841,0.5582687928964957,441.1152204027363
lbv,5800,719.304266112,0.5218872287239902,592.5776726217831
lbv,5801,800.154802666,0.5104121664635831,690.6897593479531
lbv,5802,820.310118529,0.4980485349297964,703.1810085221832
lbv,5803,797.198008703,0.5303273375676903,706.8226616055359
lbv,5804,811.974140821,0.5300784889867248,704.7399746165555
lbv,5805,799.281619298,0.5214979230469792,629.0082937203201
lbv,5806,817.287830188,0.5065242832185665,747.9384222292431
lbv,5807,861.8540209,0.4980907168072933,757.3074365653243
lbv,5808,905.995697128,0.5154702612419312,786.1926491531673
lbv,5809,867.774507987,0.525579836308371,742.2102777817669
lbv,5810,916.481507282,0.5191579300631175,795.5590015785365
lbv,5811,918.832214919,0.5333720547695682,740.9071217256433
lbv,5812,893.872615419,0.5286313836766081,722.4291261261585
lbv,5813,899.053339824,0.5337020618665019,762.7654556573606
lbv,5814,951.458566516,0.525198878295467,836.1529772290996
lbv,5815,969.759844947,0.54170798555938,862.695983048981
lbv,5816,951.172286094,0.5417749025984588,898.8678966148226
lbv,5817,963.841556989,0.548829823963044,840.572957237094
lbv,5818,961.311516598,0.5256088331423737,898.6052130306471
lbv,5819,979.669050325,0.5099484842553019,861.6501652137907
lbv,5820,883.630533081,0.4560994133474146,801.795086699841
lbv,5821,793.531813258,0.5266513751153612,664.3868935977713
lbv,5822,663.008582526,0.5408940944068669,560.8114260505226
lbv,5823,683.801695835,0.5599279067512363,626.1297052720014
lbv,5824,569.0438097,0.5891627888732236,494.18868578742536
lbv,5825,551.28860143,0.5943962735632841,481.9567874384862
lbv,5826,259.863631394,0.566007278370732,198.29963971306293
lbv,5827,502.712769064,0.6160372431213792,452.5491806329465
lbv,5828,583.021264022,0.6483642638854261,510.3205426683613
lbv,5829,487.958617376,0.6733503779402291,412.47153254490274
lbv,5830,400.15866034,0.6651486870730559,332.058679707845
lbv,5831,580.867534312,0.6832042023269247,444.7395311841776
lbv,5832,518.227141449,0.6671264892612948,441.8761140711168
lbv,5833,430.947868283,0.6916836274518211,318.2648044960171
lbv,5834,388.093461825,0.6985547030191339,268.8201384002087
lbv,5835,363.951734203,0.7188960331431508,219.8960812138576
lbv,5836,401.185972236,0.7379491806148186,263.0941175273821
lbv,5837,502.704691589,0.7287515419583999,428.3405588486615
lbv,5838,341.447512111,0.6691173946760729,256.5875052956974
lbv,5839,539.776574037,0.7618070890539784,383.84028939639825
lbv,5840,627.87633064,0.7392715019646401,586.2985917035271
lbv,5841,418.415544486,0.7055394319101208,399.9729420381435
lbv,5842,245.27482769,0.7019939791034001,146.50900738286035
lbv,5843,399.639078179,0.7336738300077696,328.148862472235
lbv,5844,414.1717433,0.7284424283483006,317.73937943402456
lbv,5845,391.604193326,0.7408907315746457,322.1628011965284
lbv,5846,387.293791867,0.7414889898671384,324.244273406384
lbv,5847,395.251551799,0.7300191950245002,302.9052547380036
lbv,5848,408.450012296,0.692540231273305,346.8832211064357
lbv,5849,333.499653039,0.714117343644738,201.15566011316636
lbv,5850,404.478680752,0.7432713921302639,242.79193507175816
lbv,5851,266.195590406,0.6489268190295228,193.08797089819814
lbv,5852,313.202266731,0.6555887150679087,290.6729565190334
lbv,5853,384.591787266,0.7285537504088236,280.5244654337565
lbv,5854,380.649288618,0.7063800600477108,281.30498262293196
lbv,5855,337.441874724,0.659482911516119,175.65286637848496
lbv,5856,329.38081,0.6757821754659594,160.55996054855046
lbv,5857,296.243744182,0.6630489051280116,250.59864932789523
lbv,5858,380.227807612,0.6194641677794434,206.09992244944857
lbv,5859,424.638787509,0.6273343386039167,271.15709599513633
lbv,5860,519.886571657,0.684833794925459,499.1175420723709
lbv,5861,519.398774573,0.6618932310221218,354.69124316047214
lbv,5862,512.375869189,0.6532406619910538,377.3314141666188
lbv,5863,523.997474132,0.6329614635289909,442.9091041415345
lbv,5864,471.631691563,0.6621981460192671,313.31560788622085
lbv,5865,519.288239297,0.6601175528619788,342.4616776709463
lbv,5866,531.259797072,0.6655377489524426,371.8681334850835
lbv,5867,536.357629664,0.6704964666650567,375.7721632415173
lbv,5868,303.999154189,0.6643195696596832,206.8833761776195
lbv,5869,533.688101147,0.6766722412285068,402.57673366771024
lbv,5870,545.570618593,0.6773004999539113,413.2465836169673
lbv,5871,382.345636927,0.6944485552255901,214.17030382343367
lbv,5872,543.223809822,0.6745709610353627,387.4844682581284
lbv,5873,573.363415378,0.6407184829490536,425.9990894093233
lbv,5874,444.506045289,0.6215934808359509,335.95953719195194
lbv,5875,569.587517741,0.604196116392056,486.1137326708027
lbv,5876,541.428997026,0.6456948625816755,441.87456401750154
lbv,5877,551.396405847,0.6041189864457371,431.9862339992149
lbv,5878,504.525030144,0.6078494768381277,395.29371669993685
lbv,5879,478.6028517,0.5812776684005281,307.85575130687045
lbv,5880,561.345139717,0.5983546312075025,361.46368961708214
lbv,5881,565.394981152,0.6134071583063446,412.4695715810738
lbv,5882,519.993863867,0.6412496694149435,319.04604198979393
lbv,5883,548.891862865,0.6051599896945077,419.4965535780963
lbv,5884,560.493818393,0.581012436306995,448.90322038239117
lbv,5885,569.665660045,0.616776930401266,368.2307026582606
lbv,5886,574.680281116,0.5964269334638105,459.5731995825673
lbv,5887,564.48399424,0.5851684264935457,440.8365307078642
lbv,5888,535.251628518,0.5878500136482108,423.4010591693953
lbv,5889,488.637029894,0.5852148380873202,325.0326135074391
lbv,5890,604.85980206,0.5968724816980381,406.7461455999636
lbv,5891,566.878056779,0.605481786721108,365.10869586420995
lbv,5892,522.975861574,0.6160755509333455,325.55309768377566
lbv,5893,517.339534285,0.6008291088049479,401.02163806990075
lbv,5894,579.749762432,0.5947796416652987,485.85823154823447
lbv,5895,572.043602842,0.5814959769692657,464.25876210530606
lbv,5896,422.27053371,0.5866291108338728,323.21176706949865
lbv,5897,479.053592764,0.5396904484626989,469.4639068902707
lbv,5898,566.957847564,0.5515032976130081,558.7242725447113
lbv,5899,560.648527828,0.5653498095489546,554.0398241230085
lbv,5900,422.792202667,0.5735108539013403,328.41637124454274
lbv,5901,318.907821454,0.5789463612601626,217.03596990248735
lbv,5902,572.02145318,0.6310745266188309,407.7870474721871
lbv,5903,568.165576446,0.593109163423164,432.5091478534774
lbv,5904,590.577684643,0.5979252394765474,439.2747447294347
lbv,5905,406.647304077,0.5982099990834812,250.3449275895661
lbv,5906,545.272060948,0.6153111639293394,426.52262645048256
lbv,5907,576.787786082,0.5928234173145605,446.5602606679879
lbv,5908,278.783085533,0.5094167320407252,235.77155677945004
lbv,5909,403.721580337,0.5587457692265597,355.73852132161454
lbv,5910,570.572526802,0.5922701072832707,443.69646735097837
lbv,5911,473.968812806,0.6101269625646542,309.9365843529795
lbv,5912,222.463143335,0.5908307048875063,51.26575826009115
lbv,5913,498.797964112,0.6226977540943377,356.25720047296255
lbv,5914,462.492190588,0.6062718720057466,314.6197148940142
lbv,5915,481.728055421,0.6128233176220504,342.2038255579331
lbv,5916,524.227228918,0.6084922852269891,362.76154040168313
lbv,5917,311.217237055,0.6339498506546021,162.64387332691865
lbv,5918,333.779035407,0.595608951468861,167.32771932564532
lbv,5919,537.51315156,0.5534913898635434,415.0664025400199
lbv,5920,459.554937481,0.5805783199422667,217.55182234820194
lbv,5921,398.908832005,0.5349909974482472,257.3662273930569
lbv,5922,403.787835994,0.5076777887299263,206.3609270881204
lbv,5923,389.116871755,0.5329238435914441,217.81095625933477
lbv,5924,367.167766292,0.5391065382188366,161.34115768133424
lbv,5925,372.952697776,0.5204918580741037,269.59561629949826
lbv,5926,365.544180861,0.570424685547913,173.5715122297698
lbv,5927,342.872990923,0.571608640619966,158.73849804448147
lbv,5928,338.023919899,0.5344041373580695,228.99971579757388
lbv,5929,368.799565915,0.6198153600413749,171.2292038263059
lbv,5930,365.789979996,0.5796975195407867,252.1595842249253
lbv,5931,384.703585964,0.5900746347923873,283.9069868798349
lbv,5932,381.5839466,0.610729213555654,265.4307457119811
lbv,5933,377.227485746,0.6601290720096534,269.3339120303883
lbv,5934,362.998905015,0.6815676201192825,200.89426173789826
lbv,5935,345.962204801,0.6746049186394475,213.12483008889592
lbv,5936,357.548090989,0.6621299037592752,227.69728010589003
lbv,5937,388.811358887,0.6264046010876423,275.31838675106275
lbv,5938,448.485348502,0.6110447987262302,345.0583235198376
lbv,5939,524.656273652,0.6063509740453353,389.2959688972024
lbv,5940,476.574888305,0.5900152486417144,362.2325641108494
lbv,5941,224.049401101,0.5213317520043872,115.53987010881013
lbv,5942,527.821540486,0.5922902990318835,416.3587021173215
lbv,5943,500.962245043,0.5693720707568254,429.3695202397365
lbv,5944,384.412278266,0.5659575056402306,370.81910867130057
lbv,5945,532.80090835,0.5931098695677989,378.6249677770278
lbv,5946,418.959662285,0.566207127659409,281.04101080800973
lbv,5947,543.044037941,0.5583229631695676,471.2634851193895
lbv,5948,543.637933018,0.575231423718681,479.8501326018689
lbv,5949,238.562952294,0.5128779445802198,150.66877351648668
lbv,5950,486.090739449,0.60034975637115,327.09878387451175
lbv,5951,576.722799325,0.5631758957544081,514.978215415805
lbv,5952,448.898463106,0.55783029189068,356.2426256366805
lbv,5953,230.249237492,0.46332696763355613,90.8169947306315
lbv,5954,407.337375551,0.5833104345898615,198.28811232622934
lbv,5955,560.542923172,0.5866225702678136,389.2896691415824
lbv,5956,372.329025323,0.5671376475068027,234.97847128475416
lbv,5957,424.532845188,0.6011391849477374,276.09310826320274
lbv,5958,475.975838252,0.5925609900433327,334.1217045802696
lbv,5959,398.519043264,0.6040654904972703,242.78435603123086
lbv,5960,262.014271159,0.5960359590621728,116.83814197615082
lbv,5961,304.105482185,0.6591073851156334,127.24692101572073
lbv,5962,287.790559111,0.6699548225815051,111.3735627118279
lbv,5963,255.696285396,0.6597758912377888,74.9429141773897
lbv,5964,281.870756396,0.5031453313222572,174.34608369715073
lbv,5965,306.216570672,0.5018879782809947,207.6539988798254
lbv,5966,298.935776421,0.5058413397086071,176.16752220602598
lbv,5967,317.411244602,0.5095676314940146,113.45485373104319
lbv,5968,307.815650553,0.5765556876588925,105.6483154296875
lbv,5969,317.687696962,0.5836899497169942,115.27635462143841
lbv,5970,333.600301404,0.6408636374973956,126.46578710219441
lbv,5971,344.394866658,0.6370396455871725,139.21649843103745
lbv,5972,406.485358167,0.636488490177996,245.38549714929917
lbv,5973,380.736533282,0.6480597833961219,275.5709762573242
lbv,5974,398.004494668,0.6402197607768858,282.0765195659563
lbv,5975,422.407287972,0.6658722690789098,215.98099057066673
lbv,5976,424.309892108,0.6067519557602344,319.2878163356407
lbv,5977,447.086200236,0.5919285105088109,321.8900286207013
lbv,5978,485.727340802,0.5859473027067469,271.4074811449238
lbv,5979,442.492331343,0.5806066107123603,302.11368426154644
lbv,5980,423.983154424,0.5759341460227966,325.2733392154469
lbv,5981,308.309069261,0.5614382039351636,215.981814216165
lbv,5982,422.382101097,0.5587194708394416,316.1656517776789
lbv,5983,547.425197945,0.554048961821884,456.94356916838996
lbv,5984,433.693580334,0.565565622055035,237.83955742331113
lbv,5985,482.235225578,0.5483188878248355,294.82719131170535
lbv,5986,519.887901902,0.5323547826815127,417.3901131125058
lbv,5987,522.496768766,0.5358205709000922,377.8365957521925
lbv,5988,518.563418125,0.5652857960549547,303.1535892860562
lbv,5989,498.390735211,0.5577792461718845,363.52415562050015
lbv,5990,240.946286125,0.5603338003308708,103.3066011316636
lbv,5991,502.792844134,0.5882659370816032,358.0591591030943
lbv,5992,539.990430037,0.5564205037865471,418.42923521154063
lbv,5993,574.242681882,0.5627532086895601,345.0473592421588
lbv,5994,397.840634977,0.5713430506016132,246.68550085927924
lbv,5995,305.769290913,0.5771426576160892,100.96408547794117
lbv,5996,551.940134594,0.5806811028426335,386.9414092718386
lbv,5997,540.584759138,0.5897346875488875,395.7881930182962
lbv,5998,494.0702432,0.5707449989196397,430.656591018976
lbv,5999,238.945258172,0.5794011808714821,53.60437559240005
lbv,6000,379.473031898,0.615242926154038,238.61696612788182
lbv,6001,552.604673753,0.6292447546639407,432.21624465643185
lbv,6002,455.678291628,0.6022429216379778,315.639653045056
lbv,6003,319.947327259,0.6077359993233641,152.22496975169463
lbv,6004,452.176915284,0.610594761614527,427.79148999382465
lbv,6005,289.770406538,0.6811693621809136,148.58168074663948
lbv,6006,272.407550105,0.6378227276338259,161.85232017367494
lbv,6007,304.87041822,0.5918948298009734,149.88241532269643
lbv,6008,276.297239594,0.5669488025517649,146.23924327177158
lbv,6009,289.594012742,0.5234011041342155,87.95166931152345
lbv,6010,304.413154418,0.5548562251913022,112.15105384377873
lbv,6011,311.567684392,0.548354048187993,92.89543950697956
lbv,6012,332.898268667,0.5763730515002049,107.46692717309092
lbv,6013,336.401662293,0.5577076857207252,79.36417759914025
lbv,6014,341.132583368,0.6060377914922029,112.93118076698453
lbv,6015,343.4914719,0.5954050858309314,163.41175049426508
lbv,6016,347.01377148,0.589986430658839,188.13165453742533
lbv,6017,347.951011425,0.6009104719092121,142.07427466897403
lbv,6018,395.136016295,0.5753684415565774,251.62242605171951
lbv,6019,409.907076948,0.6174204392971,189.17188227036422
lbv,6020,382.117307704,0.5945880167570311,252.40266137216605
lbv,6021,407.743449903,0.6014136764378593,244.3359729542452
lbv,6022,227.913713905,0.4621833451179487,111.10933191636029
lbv,6023,413.404865888,0.6121072433201589,282.0659440582874
lbv,6024,448.372369375,0.6594723679827932,278.68275592280366
lbv,6025,461.314553186,0.6610220487089788,310.4278386733111
lbv,6026,378.574380388,0.6469890993342179,217.79369219611672
lbv,6027,328.7242162,0.6017165129834955,271.9168125227386
lbv,6028,460.482116738,0.6528883477204418,339.30999902463424
lbv,6029,461.437317292,0.6509499269346875,345.55455827900005
lbv,6030,384.138600493,0.651457707051909,292.9924759509517
lbv,6031,222.649016234,0.6011385473009115,81.44459503772211
lbv,6032,419.63464737,0.6889073122488826,247.19552253274355
lbv,6033,391.663997866,0.6518421202869669,273.475927734375
lbv,6034,383.328283266,0.6390825533828022,319.2716047399184
lbv,6035,349.305054018,0.6414427444695,261.2454741534064
lbv,6036,285.26842889,0.6897141580340228,102.78070307712929
lbv,6037,332.760184605,0.6941061723863181,186.8263779883291
lbv,6038,310.145995346,0.6985624828113631,170.95364308076745
lbv,6039,218.705243473,0.6184539300938175,113.96888625201056
lbv,6040,299.62578831,0.7182256606492128,108.76480817607805
lbv,6041,261.150113761,0.7470839144154029,57.24455677107269
lbv,6042,270.38196343,0.6793717215645988,68.95358225504557
lbv,6043,270.944836942,0.7173052666087946,62.448492611155785
lbv,6044,274.29128881,0.6319673977872378,72.59624938964843
lbv,6045,272.913818502,0.6908818293065532,55.42291143080768
lbv,6046,311.9627811,0.625739681258426,93.93257072299134
lbv,6047,342.631795629,0.6514961054535952,114.74859705906287
lbv,6048,285.853052408,0.6864454443666185,85.08561924953086
lbv,6049,299.139465666,0.6570622861877946,94.45270681942212
lbv,6050,305.804862941,0.6408601035374776,112.14627688538795
lbv,6051,341.150004521,0.6116779835519419,140.7682149849686
lbv,6052,371.320266153,0.6025559124359289,266.1846651264266
lbv,6053,334.71587991,0.6174374768508338,228.19540551877492
lbv,6054,360.438480124,0.6471304097390093,150.3954595229205
lbv,6055,381.239448748,0.60540591347906,171.2111026838714
lbv,6056,323.770224332,0.6162243523974392,144.93114262001188
lbv,6057,269.628656676,0.5953274576977174,97.05435291365082
lbv,6058,329.813698131,0.6121440276100829,115.52833180147059
lbv,6059,351.801414487,0.6006194495694245,175.11363417681525
lbv,6060,273.65642894,0.6340099640023381,104.33952801274319
lbv,6061,256.040764063,0.661357092564223,63.48833366842831
lbv,6062,294.812212222,0.5796514054960457,125.93570006127452
lbv,6063,271.201603418,0.5992179783907804,68.69214136460248
lbv,6064,263.394424957,0.6455883405710522,49.43743776807598
lbv,6065,277.410288493,0.5911224340666653,111.10393045462814
lbv,6066,300.436905148,0.6644137023637694,99.91534872616039
lbv,6067,313.368906068,0.6262358902532797,137.64357640883503
lbv,6068,311.124151209,0.6068169152125334,101.47621020148782
lbv,6069,318.241107806,0.5937367222504689,133.21981072519338
lbv,6070,349.721635385,0.5918459968753108,186.55943621467142
lbv,6071,369.378328642,0.6300358897395454,178.49314383712468
lbv,6072,374.429296315,0.6659536110187965,196.70634262982534
lbv,6073,381.143535028,0.6625934867874154,243.80094254437614
lbv,6074,351.530960859,0.6263564766457911,277.88574649586394
lbv,6075,353.62580163,0.5988840121934973,176.67056938620175
lbv,6076,332.141429602,0.5529650922109878,159.23735955930223
lbv,6077,319.751514229,0.5789038327165865,150.1304599238377
lbv,6078,392.374283067,0.6184165438568848,205.8111560896331
lbv,6079,383.02259366,0.6729608199604991,216.73883687935623
lbv,6080,360.45468381,0.6663833831485948,222.4626958510455
lbv,6081,355.024530317,0.6773198781271387,226.10497197169883
lbv,6082,355.501022226,0.6645415841665685,250.30221243465647
lbv,6083,351.60655081,0.6638661953053432,254.2045925963159
lbv,6084,305.722278926,0.6792768659560305,237.2919521556181
lbv,6085,346.368275826,0.6478326842382357,300.5173784143784
lbv,6086,253.517646144,0.6783336188833591,153.51083792892157
lbv,6087,302.595978597,0.7243896387655258,211.0122429642023
lbv,6088,242.165309231,0.7287414671813311,85.08134092443129
lbv,6089,254.945603551,0.7374438043807567,86.12207438151042
lbv,6090,259.84042109,0.7426163070606735,82.73962994743796
lbv,6091,228.169329509,0.7360883804987062,55.159753298291974
lbv,6092,229.353157615,0.6194911804229883,80.91821624157475
lbv,6093,249.091020386,0.6406939474465791,119.94636233460668
lbv,6094,253.74418088,0.741700373044828,53.33852640787761
lbv,6095,245.401175082,0.6579201369058518,109.2788818658567
lbv,6096,241.370468454,0.6736417417830609,61.14421515371285
lbv,6097,250.769692132,0.6273486108172174,132.69604447308708
lbv,6098,244.798408012,0.5926406090966672,99.13183836095473
lbv,6099,278.042574026,0.5781918144226074,97.57075949276197
lbv,6100,263.893184323,0.5516505038421414,156.63385060628255
lbv,6101,271.771078486,0.6780109780530136,62.44548863429649
lbv,6102,278.845562948,0.5992645371441888,103.03516935460708
lbv,6103,316.883992893,0.6012264907803235,139.98228487500958
lbv,6104,358.169687651,0.6000045147001373,209.4534096811332
lbv,6105,547.832400507,0.5922620483719993,406.67866893095135
lbv,6106,442.482885962,0.5728167246445469,313.27070707433364
lbv,6107,193.673842173,0.5732351452851099,31.483239656336167
lbv,6108,480.4126136,0.568988005154109,311.1898652619007
lbv,6109,539.313023016,0.554541069897823,466.26520287008844
lbv,6110,287.462724635,0.5532857636228585,162.3605053172392
lbv,6111,519.762011738,0.5726558557128697,354.6431745641372
lbv,6112,517.655515247,0.5793184701316909,399.39695664948107
lbv,6113,448.208148783,0.5754955466018796,314.05389936858523
lbv,6114,352.885869145,0.5382781290229243,258.89321214264515
lbv,6115,497.464901263,0.5697248094421153,334.60971799364285
lbv,6116,416.72655267,0.5814206118966811,268.7809504191081
lbv,6117,442.57850779,0.6013804517959125,270.0819885253906
lbv,6118,453.238844887,0.5779873998637841,330.7078092388078
lbv,6119,458.551219176,0.5730081345295398,341.37627698112937
lbv,6120,461.816366529,0.586798741590409,273.2051855947458
lbv,6121,392.688403628,0.5669261775741369,285.95512031106387
lbv,6122,427.492151048,0.5731640548157179,253.17046757118374
lbv,6123,434.484641321,0.5683563214867083,227.9316135780484
lbv,6124,424.71248641,0.5506047578379749,325.7655593572878
lbv,6125,388.582851623,0.5871888240739531,202.69283872118183
lbv,6126,427.225696195,0.5839860383960619,305.47054437375533
lbv,6127,467.574403784,0.5859844774820198,362.7138373281441
lbv,6128,481.44089741,0.6255929341115044,289.85862295113355
lbv,6129,481.822657933,0.6369400660733919,308.0726099350873
lbv,6130,424.204127561,0.604215541109134,314.0575079226026
lbv,6131,491.239428444,0.6097483773650137,398.6215066049613
lbv,6132,319.327905092,0.5719757618156669,227.41230923521752
lbv,6133,455.659032638,0.5868337031113218,358.55140207328054
lbv,6134,469.707494717,0.5887105618180785,375.4640628590303
lbv,6135,462.696661145,0.5862796864726326,357.77065247180417
lbv,6136,399.110421089,0.5907594326770668,223.24883943445542
lbv,6137,219.78948467,0.5173049927768061,61.40661471497779
lbv,6138,437.822212489,0.5672699673878436,314.3176215377509
lbv,6139,496.062688447,0.5727754251366125,385.35081718295226
lbv,6140,401.37795574,0.5737005753710701,282.05292367374193
lbv,6141,425.767865873,0.5852154344702052,304.68958638509116
lbv,6142,435.00758324,0.5878109912725966,334.8722865085976
lbv,6143,379.592638408,0.5495052638457578,278.149221053778
lbv,6144,445.014520182,0.5165658117239404,379.6248882518095
lbv,6145,277.80997558,0.5135315960456788,147.79082644593484
lbv,6146,533.686038399,0.5360481910098938,395.75599652458635
lbv,6147,515.381033068,0.5550247563228238,308.59028772092336
lbv,6148,357.976129932,0.545423080005917,164.70273090437348
lbv,6149,403.836225914,0.5461047352291644,199.82855811025584
lbv,6150,537.474819119,0.5118564009099609,355.68388429529523
lbv,6151,526.469765306,0.5353769438349766,455.8574328254251
lbv,6152,327.353756878,0.5853398788026918,240.41755242441218
lbv,6153,368.671330613,0.595679309191196,173.5479425168505
lbv,6154,442.308710465,0.6153815599643103,260.9721483118394
lbv,6155,445.147722322,0.6507678318786737,215.4386490167356
lbv,6156,400.986430453,0.5840426665826107,264.35407891367
lbv,6157,416.580078734,0.6079117854159524,186.81682969635605
lbv,6158,416.927620855,0.5677480857902103,234.17100210750806
lbv,6159,463.960089601,0.5870236587927308,261.7507731418984
lbv,6160,482.124889632,0.6063096222404321,271.37740912343946
lbv,6161,485.050853593,0.6173270375658777,310.92580048804183
lbv,6162,467.664002072,0.6302889832134906,241.4551020902746
lbv,6163,532.705722145,0.6092446948022753,358.79967088886343
lbv,6164,557.889279087,0.5791761866626812,409.2757385852291
lbv,6165,578.670497619,0.5576588374503992,376.4913433000154
lbv,6166,602.475398062,0.5235936342265067,386.3780575920553
lbv,6167,616.136471912,0.5368152796109256,473.80086490406717
lbv,6168,835.213058118,0.5264274612310517,658.5346445420209
lbv,6169,726.151941182,0.523462513282295,594.2688911288393
lbv,6170,762.593536551,0.5404773056799432,530.5208104750692
lbv,6171,771.829173056,0.5389531726588708,649.1652972950656
lbv,6172,800.731941448,0.5111480020744558,677.7860044292377
lbv,6173,906.318822386,0.5229488828543152,732.1630057839786
lbv,6174,798.642535438,0.4989370794257418,638.7562421910905
lbv,6175,1137.36197398,0.4914685283820564,1020.1875121172737
lbv,6176,847.390889699,0.5539692647532739,697.2949413224763
lbv,6177,991.415677128,0.5451996571559836,861.7299015718348
lbv,6178,953.551595523,0.5834679468992175,752.4515813191731
lbv,6179,858.030078676,0.5881229513883591,650.4584666532627
lbv,6180,885.317880836,0.5780059929286545,701.7133445290958
lbv,6181,910.951418925,0.5943485956210206,750.3656981823492
lbv,6182,886.825014761,0.5710098871752909,788.6113353953644
lbv,6183,692.847096049,0.5616302518258518,545.0799784342448
lbv,6184,678.103785972,0.5338109198684188,570.5781586590936
lbv,6185,697.231580509,0.5310279333570147,582.0257051954081
lbv,6186,632.092235853,0.5420599973184012,524.5249981450098
lbv,6187,362.494706605,0.5893052452385932,245.61012890385646
lbv,6188,642.683567543,0.5598221251626707,453.4951617371802
lbv,6189,417.812283551,0.6069036351532496,247.69142698400162
lbv,6190,453.679201935,0.6063624105718876,289.8407948512657
lbv,6191,624.337499786,0.5598211427845335,524.0035836014094
lbv,6192,349.132682809,0.6208479217888506,196.17575249765434
lbv,6193,626.980270126,0.5595473486795391,510.7347348979875
lbv,6194,520.222874283,0.5710411682951875,410.04474699730963
lbv,6195,341.816287289,0.5924823883202158,206.32299520455152
lbv,6196,432.315370698,0.5622161231385143,320.80312841078813
lbv,6197,369.312033126,0.5851290789868334,216.99088864793964
lbv,6198,374.176178291,0.5699448913176997,146.4820099176145
lbv,6199,360.810784019,0.6101486472140222,167.03618666704963
lbv,6200,374.76089266,0.5299570414207122,182.3871177523744
lbv,6201,367.542854709,0.5010123335974209,254.71784276027304
lbv,6202,425.304470976,0.5371052579161084,271.8899857764151
lbv,6203,435.18089468,0.585920004537825,263.82457679299745
lbv,6204,455.207610801,0.6436947506500168,289.5828310499004
lbv,6205,453.134067523,0.6225795491952831,342.66054654588885
lbv,6206,469.699531566,0.6263794752970973,349.42574169682524
lbv,6207,449.244908165,0.6404374204211981,319.5051060994466
lbv,6208,472.077548131,0.645030011724628,295.5685192332548
lbv,6209,487.725066179,0.6152513273384259,329.13257733513325
lbv,6210,298.420943105,0.53766707467839,160.0134349149816
lbv,6211,239.11464227,0.5002686890183538,80.917473228305
lbv,6212,252.770533235,0.5595000256208857,81.69800486845128
lbv,6213,237.116212821,0.4235050647070641,151.6878844018076
lbv,6214,470.986935972,0.5488865064018414,304.935983396044
lbv,6215,491.713456995,0.5711585573285319,280.4782331878064
lbv,6216,446.011014356,0.5356645380949472,259.9237933888155
lbv,6217,388.000413256,0.4877319659692111,201.90270310944203
lbv,6218,355.843230759,0.45417931967390757,130.3521718343099
lbv,6219,310.538945532,0.4401797626251565,173.02219325046912
lbv,6220,312.406229045,0.43717629580854267,111.35867201861214
lbv,6221,314.859572336,0.46569095093073726,150.3859800750134
lbv,6222,307.037000866,0.48363367252879674,128.79070940204693
lbv,6223,319.632553288,0.46648259802411,99.91034097110524
lbv,6224,312.235343971,0.5101015690429694,139.71817606009688
lbv,6225,329.356914646,0.5199949986863074,199.29963274189072
lbv,6226,292.153026139,0.4823429889351357,68.16775874717564
lbv,6227,298.991312253,0.5372359139187599,124.6271084654565
lbv,6228,290.72272438,0.49272480780078526,80.6563274308747
lbv,6229,290.894183074,0.5069975285877584,64.26485311470779
lbv,6230,282.264593242,0.5532924085855485,48.91396406585095
lbv,6231,270.580371822,0.5992893968001907,43.18995890897864
lbv,6232,282.671466824,0.5771878738045286,152.46551190544577
lbv,6233,301.029405144,0.6048836628847484,82.21673575008617
lbv,6234,311.692417897,0.5785118600772332,134.2525956097771
lbv,6235,320.760178114,0.6397866698303404,110.05571301030179
lbv,6236,295.249441506,0.6109082003684727,103.29107232187309
lbv,6237,245.096966299,0.5520569262127158,67.38636537439683
lbv,6238,337.274635691,0.5628296393499416,176.14086803361482
lbv,6239,344.568212928,0.5885613127981768,124.36516460343903
lbv,6240,344.241641038,0.5324659541506191,120.72264514997894
lbv,6241,402.940944816,0.5342833940643997,199.55633117077394
lbv,6242,417.392346119,0.49579103373233474,183.94528802609912
lbv,6243,540.579292647,0.4624061691146048,327.8226581947476
lbv,6244,625.016324559,0.4824691641984917,426.6887491263595
lbv,6245,575.511005267,0.5300996496667109,422.004768969966
lbv,6246,611.625408435,0.5176795762102557,413.6783862843232
lbv,6247,535.689737251,0.5314320139044545,339.52797127518
lbv,6248,286.689199024,0.6061058536964974,92.88220672607423
lbv,6249,558.230661681,0.5447524347102325,409.51404544605924
lbv,6250,565.291029598,0.5903852227723826,399.88699933220363
lbv,6251,495.418554321,0.6115939804122619,414.7162336162492
lbv,6252,443.240486142,0.640456014247495,270.83987013872934
lbv,6253,422.712686947,0.6782699707042741,215.94303693584365
lbv,6254,431.064671579,0.665620247752987,292.1730561798694
lbv,6255,446.471444721,0.6516815091331583,333.80003458658854
lbv,6256,434.674734368,0.6756380077670603,274.2204078823912
lbv,6257,382.301214548,0.6642497494341773,220.3645607443417
lbv,6258,442.537258125,0.6516304016564491,343.68497487984456
lbv,6259,404.149035018,0.6508274147407236,294.2521088843252
lbv,6260,415.305341709,0.6529463314134054,261.9906728108724
lbv,6261,389.721153456,0.6644662856280739,240.13614439122819
lbv,6262,349.267694484,0.6492612085528879,232.85104337206073
lbv,6263,307.408619489,0.6208068064028113,192.7847817514457
lbv,6264,327.262074073,0.6488122843763455,152.9788668464212
lbv,6265,290.692931568,0.6487075886061026,111.87217712402344
lbv,6266,288.446492864,0.593166866831565,92.61957568000345
lbv,6267,286.013559218,0.6339643694633662,67.12316948385799
lbv,6268,286.111221044,0.5989982319526931,114.73351096358954
lbv,6269,303.121640684,0.6182052818581514,76.22876308665556
lbv,6270,296.282172423,0.5931437051385866,103.80633808210784
lbv,6271,312.156053462,0.6370484319561762,73.36665529737284
lbv,6272,316.789243678,0.5324713233548479,140.74949795592065
lbv,6273,327.554314373,0.5738807382749365,97.30164501713772
lbv,6274,321.770726295,0.5935758606548786,93.91944496304382
lbv,6275,332.023262974,0.5441016593016684,166.5053000057445
lbv,6276,329.586335974,0.5686211993846925,150.3749292710248
lbv,6277,319.026202174,0.5578589401791029,111.3501423854454
lbv,6278,337.520165274,0.4958547788606562,184.7163485657935
lbv,6279,327.014793523,0.5105457700696993,210.73251070508772
lbv,6280,349.635479782,0.4920487910379347,179.25256201052198
lbv,6281,335.546491168,0.4961035424136224,194.60193520340263
lbv,6282,342.593105719,0.5685513833840325,113.69102549833408
lbv,6283,338.005924846,0.5442911538966867,111.86981087478938
lbv,6284,332.134515161,0.5305325127388006,155.0565237606273
lbv,6285,295.873409064,0.5215844912425652,84.03224158193552
lbv,6286,330.84978563,0.5234665926845594,113.17022615320542
lbv,6287,343.949382243,0.5016142913273403,127.47897518382354
lbv,6288,335.180327645,0.5102350511334159,128.77960519229666
lbv,6289,313.807286143,0.5054097634523551,153.23451553045535
lbv,6290,322.484270642,0.5797201853026364,106.14529086842256
lbv,6291,319.367379812,0.5526374255135221,107.18584376316446
lbv,6292,315.330731513,0.5535830146953709,126.95780095119102
lbv,6293,316.792161711,0.5416332695795142,149.59148706174366
lbv,6294,334.216129655,0.5155481203226001,163.11952101763558
lbv,6295,343.18896748,0.5038790052190368,142.0464889526367
lbv,6296,355.80757272,0.5462215124009712,139.96499564974917
lbv,6297,386.584967583,0.5471034220516601,192.77677307128906
lbv,6298,423.423884492,0.5062080887947114,326.7573128793754
lbv,6299,421.972752614,0.5138776307514228,209.68641605751185
lbv,6300,363.718631148,0.5171633022743584,193.81652293485752
lbv,6301,400.592682384,0.4936765661124688,210.46634727926818
lbv,6302,393.667269946,0.4495245974208858,192.51527422736672
lbv,6303,343.76981469,0.4601459992099479,129.5573818131989
lbv,6304,405.040587998,0.4747125627625672,253.91128450281477
lbv,6305,426.218954612,0.506604792669746,222.9526196648093
lbv,6306,427.198827627,0.516538478630624,216.9687629550111
lbv,6307,383.975587819,0.5304092757268386,143.08461845248354
lbv,6308,390.240619498,0.5285775293906532,156.0921525244619
lbv,6309,445.434451926,0.5126899011783153,232.57732484106924
lbv,6310,429.038852834,0.5226748941483761,193.29391231162873
lbv,6311,421.747425645,0.5422023077319551,223.21127810010722
lbv,6312,406.11299155,0.564648621095776,230.2350850722369
lbv,6313,400.364821794,0.5599262013198425,209.42261606852213
lbv,6314,376.165222785,0.551032285894868,175.86285128125954
lbv,6315,385.442592495,0.564132261446815,163.63547665465114
lbv,6316,325.966452772,0.5790607580850864,150.88787267348349
lbv,6317,347.466191833,0.6207125564416249,179.504301183364
lbv,6318,704.941234257,0.6616413174187938,530.1875180711934
lbv,6319,636.996711191,0.6680232117584545,464.6286490346872
lbv,6320,852.688822705,0.615517009610422,736.2240095250747
lbv,6321,390.447956888,0.574169556570424,267.4333035637351
lbv,6322,287.791696909,0.5905817458483316,156.8696762084961
lbv,6323,227.850239861,0.5829307096826155,92.09251637178309
lbv,6324,337.965570873,0.5987006963793614,186.786361245548
lbv,6325,293.01825682,0.6069922370978402,146.46303387810204
lbv,6326,286.082613391,0.6047694344751424,155.82817517448873
lbv,6327,303.51337649,0.5295551629270411,127.73223610672295
lbv,6328,306.753026637,0.5643248915057821,126.17112716973996
lbv,6329,323.759877488,0.5717462382592488,119.14705876369102
lbv,6330,315.926627592,0.5672242689766617,200.5727226706112
lbv,6331,262.248103343,0.5021778804224892,105.87964471555223
lbv,6332,243.646129287,0.4933243351922908,92.35198406144686
lbv,6333,259.274248575,0.5413525455306022,163.11152487362133
lbv,6334,285.355687371,0.5820480055570952,177.15914237826482
lbv,6335,339.20569192,0.5690451323567565,259.36496187097885
lbv,6336,323.907682904,0.5781830690519989,220.60314070757698
lbv,6337,288.848072121,0.5439636138826609,208.11621745988433
lbv,6338,238.233952857,0.5394905516117088,117.8458683088714
lbv,6339,240.169092512,0.483112895426162,99.1156052533318
lbv,6340,343.971943181,0.46217831179320096,172.7369783887676
lbv,6341,477.531294902,0.4237223723305847,275.7552177578795
lbv,6342,500.844689507,0.49161485867655796,239.33455547257967
lbv,6343,530.76248495,0.6103150511833662,370.7081395467122
lbv,6344,503.406196807,0.6571044889198743,393.86134170831417
lbv,6345,567.913057791,0.7124194296329254,403.22741818895526
lbv,6346,249.453893348,0.5973078024183582,152.1862791771982
lbv,6347,199.892946026,0.5655425618306623,108.4818432377834
lbv,6348,337.651904758,0.580787892958418,261.44924555759803
lbv,6349,298.382634956,0.5652119953886452,229.45092106239468
lbv,6350,371.48509171,0.6226181019083294,271.5943879669788
lbv,6351,337.762798648,0.6504694004000331,169.616334473853
lbv,6352,491.182167839,0.65960113072945,361.0843094470454
lbv,6353,481.496092967,0.6549841403764304,315.0379004384957
lbv,6354,322.919285637,0.5991586933722434,177.6804567224839
lbv,6355,298.977715283,0.5550502810638083,178.46083071839578
lbv,6356,300.050022993,0.5460773088508415,177.15982522403493
lbv,6357,290.313590001,0.566920783094132,164.6726407219382
lbv,6358,292.753816568,0.5983056995387962,127.73181693881166
lbv,6359,297.205733206,0.6073862197406498,168.57459046606922
lbv,6360,324.473489951,0.6354312362797772,117.32571117924708
lbv,6361,311.550488039,0.5609007182284298,91.31108221914255
lbv,6362,266.147292529,0.49462384555744354,72.06007029215495
lbv,6363,332.263967556,0.5862831547438543,139.17768800024896
lbv,6364,337.574802808,0.5389850618728824,190.94609668208102
lbv,6365,331.970477039,0.5816070360649787,195.88864719166475
lbv,6366,246.107651725,0.5878320425525865,104.31789233637792
lbv,6367,312.583560687,0.5899050218850068,201.87152410768996
lbv,6368,309.742752207,0.6046762566050786,185.2222681382123
lbv,6369,573.000909921,0.6433520807917393,414.1480406518076
lbv,6370,729.284971854,0.6530554924204415,526.5288859647862
lbv,6371,711.659938418,0.6050341252081777,503.89551418528845
lbv,6372,581.475790626,0.5336986844913484,413.10508315142465
lbv,6373,575.608689961,0.548033506082813,440.67935216567093
lbv,6374,559.713953452,0.5883420578358362,424.0295496921913
lbv,6375,556.380993055,0.6135329674379001,426.10993221507334
lbv,6376,513.768276041,0.6105893513236601,416.7441767075483
lbv,6377,424.412085639,0.6107202980647463,341.0430370555205
lbv,6378,484.270738511,0.6288063833926107,405.55712977390664
lbv,6379,552.70192034,0.6356078341656435,437.5535781261968
lbv,6380,579.627180507,0.6390782409835043,478.1344096165078
lbv,6381,569.688943238,0.676000794654696,422.984376705394
lbv,6382,481.884259113,0.6827049418385199,370.95613738415295
lbv,6383,296.329876748,0.6709219101249899,225.7990281048943
lbv,6384,539.209115262,0.7089514460205156,425.58410806094895
lbv,6385,748.459404724,0.7292093824073799,617.0438919665767
lbv,6386,1209.24574993,0.7048740073152193,1119.6239136938955
lbv,6387,756.358358536,0.6636496832646958,671.4079691569012
lbv,6388,390.115550473,0.619614959308287,255.97279866536456
lbv,6389,556.904759774,0.6251368339899687,382.6577172372855
lbv,6390,356.725256958,0.587971571592734,173.509407193053
lbv,6391,267.812707225,0.5532782516203637,62.95229459276387
lbv,6392,480.085198054,0.5098721869443178,252.84892431520944
lbv,6393,479.512349588,0.5662302401013479,390.97916879092946
lbv,6394,456.618377636,0.5291325814448871,236.72052247290515
lbv,6395,678.382289876,0.619389679928574,553.8250650144091
lbv,6396,905.056548196,0.5325776195903341,764.532711163689
lbv,6397,899.49596606,0.6405203966323729,774.1554291070676
lbv,6398,798.201292754,0.600425948151734,632.3808234719669
lbv,6399,776.194843241,0.5661530076016029,580.87269523471
lbv,6400,748.812948875,0.6612135622762582,595.960168905819
lbv,6401,712.439900253,0.6327945687650204,498.66929405062797
lbv,6402,796.496873178,0.6485225127610111,625.3544414146274
lbv,6403,780.71320415,0.6361513407044961,662.2923229741114
lbv,6404,979.37007443,0.5899304641947776,751.512973351572
lbv,6405,890.765627059,0.6608115867781469,797.5591810937021
lbv,6406,919.211091881,0.6709097592810358,824.8730540556066
lbv,6407,987.157539161,0.6406721882599461,876.8953957351986
lbv,6408,912.881865089,0.6528801664490618,777.2683024387732
lbv,6409,888.61466552,0.6563355262345131,708.8557642918008
lbv,6410,816.882447343,0.6650979098627122,690.6450178856941
lbv,6411,569.952200457,0.6533363208165435,418.0292591169769
lbv,6412,478.970142819,0.6417945688840525,329.32534434000655
lbv,6413,446.11442488,0.6420991013017227,264.2929396087048
lbv,6414,802.951039689,0.6167162177631716,683.1034212000229
lbv,6415,568.614041964,0.6336933646137153,439.36225849226395
lbv,6416,513.968102337,0.6250518143899744,407.62676478367234
lbv,6417,469.96524709,0.6237871340174004,419.5933998257506
lbv,6418,383.472276234,0.6323947295388939,221.37274762321923
lbv,6419,382.267646637,0.6638708523547219,236.98113849116305
lbv,6420,361.424023877,0.6688675639144179,237.76185682708143
lbv,6421,361.578128261,0.6533567055219468,189.1172181671741
lbv,6422,293.25338939,0.6018350649905462,145.15486324534697
lbv,6423,273.630523435,0.5886223652931859,172.20923737170648
lbv,6424,398.36466358,0.6393413722332829,255.19342651367188
lbv,6425,720.375498482,0.6527611512109773,567.0974705714806
lbv,6426,701.807655394,0.6524564628453218,536.9224194395775
lbv,6427,555.817923796,0.6207104608013823,385.00266678754025
lbv,6428,380.550830465,0.47693309955419905,224.23776191262638
lbv,6429,408.46192776,0.5385037707375863,160.76425673540902
lbv,6430,387.610493551,0.5904665502464825,116.02081227022059
lbv,6431,367.065259485,0.49305304621328727,220.5960520426432
lbv,6432,352.131596527,0.5145416739891869,193.28202017989815
lbv,6433,393.18410908,0.5294743251541386,227.3603665520163
lbv,6434,409.267970346,0.5254232727498565,290.3139943739947
lbv,6435,400.15914912,0.5390440377508793,294.4767553292069
lbv,6436,307.081098655,0.4894282433996911,181.5773505416571
lbv,6437,338.251055814,0.5800501984044126,123.56604431750726
lbv,6438,282.077922164,0.5327711737530675,173.7731248444202
lbv,6439,368.598405981,0.5638199960812926,166.48928821040133
lbv,6440,345.938054089,0.5757250070385345,166.22948617374195
lbv,6441,339.694941949,0.5966852228681581,154.78350171855854
lbv,6442,311.846065379,0.6173977606075326,151.40189693675322
lbv,6443,327.642161019,0.6304161855848158,235.68761399213008
lbv,6444,329.218306491,0.6399618056341575,268.9858325135474
lbv,6445,342.667965161,0.6479175982544081,234.38739588120404
lbv,6446,290.275776397,0.643226165223766,154.0038567636527
lbv,6447,361.357435814,0.6308950803377344,248.1752065621171
lbv,6448,393.279629517,0.6421299021982179,263.00361438826013
lbv,6449,373.476514902,0.5913134688253471,257.28052404067097
lbv,6450,413.660590078,0.6162582549217936,234.38834793988391
lbv,6451,402.81782277,0.5998054360186222,284.07580883549707
lbv,6452,475.701990692,0.5954603170474131,347.551103330126
lbv,6453,616.922516099,0.6035058412493932,374.6061910292681
lbv,6454,834.876034413,0.5783719464952093,609.5165378046971
lbv,6455,930.274531748,0.6089605774119241,700.8270225076116
lbv,6456,990.98519676,0.5711507612666672,791.3590604595109
lbv,6457,956.330064696,0.5550118356176448,788.7595649868834
lbv,6458,1002.3715619,0.581979621526668,820.2398897058823
lbv,6459,1104.16839386,0.5509770918397972,938.6083488913144
lbv,6460,863.563769961,0.5803067586495586,699.2713976691751
lbv,6461,1109.6720404,0.5566057182478932,902.1888366998411
lbv,6462,928.838543919,0.5565658543738283,838.9702973908071
lbv,6463,844.725800653,0.5455317623596356,721.6448083914963
lbv,6464,1319.29203886,0.5596660468313429,1123.8318828807162
lbv,6465,827.493718336,0.576520343613074,608.2190478754981
lbv,6466,938.391389556,0.5757675512152781,742.4522012149587
lbv,6467,1102.40652228,0.5312910112959234,857.4367594401042
lbv,6468,945.249173578,0.5408973765902781,767.1637963388481
lbv,6469,960.307301313,0.5390245253071869,767.6823617075004
lbv,6470,993.368588232,0.5558927261143694,809.5642932069068
lbv,6471,1011.01834885,0.5652654573017052,853.5268166934743
lbv,6472,941.288645359,0.5421582167839591,795.2535163430609
lbv,6473,898.36224518,0.5468348784458955,709.4054150151272
lbv,6474,946.614466867,0.5688274452729641,729.9552695480047
lbv,6475,996.156058818,0.6009184130657667,813.9793668859145
lbv,6476,993.904862047,0.6059633314569802,780.6800355499867
lbv,6477,930.701711001,0.599846516431664,723.1878867055856
lbv,6478,866.771833169,0.5892150077788848,640.722530110677
lbv,6479,920.615587889,0.6012834076102324,660.7520012949028
lbv,6480,996.486006587,0.5785858054172818,739.3125862869564
lbv,6481,1004.42201084,0.5604819394466115,798.8828955856023
lbv,6482,947.344543919,0.5443262656383332,706.0124262192669
lbv,6483,929.05029955,0.5372804869785529,721.6193706736842
lbv,6484,975.352049107,0.5430672178341974,742.1689647001377
lbv,6485,983.90705399,0.5504344253858166,709.6506608850817
lbv,6486,971.321864877,0.543305156782405,744.5075512156766
lbv,6487,947.27356878,0.512163424002124,743.9859577253752
lbv,6488,991.597925808,0.5005490034919812,766.3562177770278
lbv,6489,999.624200849,0.5010232696584288,813.439158869725
lbv,6490,973.731575052,0.4954449417448452,760.8907717536478
lbv,6491,947.72032704,0.4989757154385945,743.2003938263539
lbv,6492,994.574388947,0.5105620617045115,790.5432262046664
lbv,6493,1001.36023669,0.5125298990095948,794.1836723477231
lbv,6494,976.426129267,0.5136524705046731,774.4122969085096
lbv,6495,946.253149302,0.5137242906751046,742.4147976445219
lbv,6496,992.800305962,0.5076444002028504,804.8448779536227
lbv,6497,1004.8173488,0.5064680268948434,795.7387523875516
lbv,6498,978.246857304,0.49079159511325715,768.6840317670037
lbv,6499,945.919916428,0.498663080598624,780.6486615349265
lbv,6500,988.039319494,0.5230920670493957,766.0800984102135
lbv,6501,1010.21984622,0.5280087343210775,816.023464128083
lbv,6502,980.663367207,0.5430115303283618,757.7533441880172
lbv,6503,946.435653062,0.5571711776626788,723.6752565870097
lbv,6504,990.818923933,0.5525451199692221,768.9361992031921
lbv,6505,1010.3236816,0.5503977067053504,840.2095827888039
lbv,6506,978.963059013,0.5604791009539226,767.6328406838809
lbv,6507,946.344657245,0.5436751399905195,759.3075155819164
lbv,6508,989.089935558,0.5369273030793992,773.353041345933
lbv,6509,1000.74355832,0.5410844972633607,814.9717864391849
lbv,6510,976.276236606,0.5633049935751425,776.4718047796512
lbv,6511,997.583882662,0.565949821142008,793.638604856005
lbv,6512,996.964847588,0.5772629261290262,793.8973581650678
lbv,6513,987.181460797,0.5767506002514563,788.4334124396828
lbv,6514,1003.12686485,0.5955268970467675,812.6233548033472
lbv,6515,988.992000289,0.5838716665442465,761.8981412999772
lbv,6516,972.856137462,0.5685215954794071,781.4060097787892
lbv,6517,995.745917442,0.5370850021523921,820.4229806937424
lbv,6518,976.645293627,0.48652800360817144,829.7858250935872
lbv,6519,874.591072145,0.5036296461859057,725.7362692440258
lbv,6520,671.849587743,0.5860075366203954,486.68457997639973
lbv,6521,659.402634862,0.5823773661469007,556.395764429429
lbv,6522,642.07820525,0.5868887647245982,502.55013337976783
lbv,6523,505.68543645,0.5429701728047803,332.9519843307196
lbv,6524,506.053870911,0.5737477410693252,312.40222398346543
lbv,6525,664.104841355,0.607027307744491,504.3688656077664
lbv,6526,678.201399988,0.5776842734236627,612.5769282322304
lbv,6527,676.292170464,0.6270682764587597,481.73710749009075
lbv,6528,657.105124727,0.6345525457584401,467.42984499463853
lbv,6529,574.99315236,0.6148016620594372,435.17465757482194
lbv,6530,366.78632905,0.6031532657666125,196.90771729712392
lbv,6531,619.476881664,0.6278024543815653,503.5841514736998
lbv,6532,600.727144457,0.651154465082547,478.61242017558976
lbv,6533,597.65756114,0.6689304363083193,461.9643776388729
lbv,6534,314.81202835,0.64902753147993,115.49086833280676
lbv,6535,489.841307616,0.6864212581525484,304.8543657489852
lbv,6536,559.652277906,0.6724495205793295,404.217737534467
lbv,6537,341.263551518,0.5611122583212839,85.05711197198606
lbv,6538,583.291625627,0.6655959624982751,391.47175571217264
lbv,6539,677.520516227,0.6817669575166208,476.2689841176949
lbv,6540,499.455444829,0.5471263296312565,216.93432180367262
lbv,6541,623.660052171,0.6322526329952852,416.96251241646564
lbv,6542,737.675637533,0.6500237188462552,558.204986003801
lbv,6543,624.300114355,0.6553970088772451,379.50672260359215
lbv,6544,523.699511326,0.5592367089450803,278.8420588773839
lbv,6545,747.175774095,0.628359935856962,531.6744005689434
lbv,6546,778.512925128,0.5663734104034287,620.1134007173425
lbv,6547,786.816399352,0.5785541257043441,627.1372922411152
lbv,6548,512.13427373,0.6093925348013862,276.76205854228897
lbv,6549,790.798062836,0.6710938844475327,579.5374378877527
lbv,6550,909.194572089,0.6916204882925471,641.1852329927333
lbv,6551,923.157450359,0.6711171396363352,669.2788940130497
lbv,6552,968.86049274,0.7221011656061027,738.7296895644243
lbv,6553,952.447804039,0.699221102025483,710.1184218163582
lbv,6554,936.994737346,0.6435448394438242,719.2244047576305
lbv,6555,956.938039741,0.6422130479989719,749.3992300295363
lbv,6556,936.314169298,0.6237436445284698,767.3486761055741
lbv,6557,938.799594177,0.6416063144658481,723.9099588431563
lbv,6558,927.322977172,0.6592365346027091,721.5699548758712
lbv,6559,932.143068357,0.5969984729380441,733.7971123489677
lbv,6560,909.245169961,0.5881044375529116,709.0869991227693
lbv,6561,967.814148151,0.5755969230483531,767.0951293945315
lbv,6562,984.263997234,0.5431139205147736,747.3274322808958
lbv,6563,984.159140239,0.5724734557012598,808.1969612869561
lbv,6564,978.511138635,0.5591170701135202,783.487332871381
lbv,6565,998.499354177,0.5159099120768138,798.0563643810797
lbv,6566,946.665916815,0.5603418997995321,734.3260390038585
lbv,6567,938.022846217,0.5630952115082395,686.2043517168829
lbv,6568,990.82673592,0.5521156363012116,798.8389578725777
lbv,6569,998.316180211,0.5357909686875763,785.3145958993952
lbv,6570,978.210713683,0.5481437240197443,711.959681671741
lbv,6571,913.443790052,0.5300434676800228,700.2551005943149
lbv,6572,933.440906345,0.5299917005154995,711.7015451169478
lbv,6573,985.472557123,0.5396977655695514,823.2956540575217
lbv,6574,1000.52218372,0.5664264566366194,737.7148845897001
lbv,6575,969.784728795,0.5374801264618537,750.2030803904813
lbv,6576,937.586641053,0.5209161850642122,766.3320828905293
lbv,6577,989.87402681,0.5027113804330972,818.8788095810835
lbv,6578,1006.11325354,0.4986638848090405,798.5900405285405
lbv,6579,989.692839459,0.498776680083615,809.5166801003849
lbv,6580,1001.37148173,0.49588711899437804,878.7119825176164
lbv,6581,1000.29726904,0.5094337200887663,765.8176792817957
lbv,6582,990.31605218,0.5149395537678246,832.1516442093194
lbv,6583,1008.25868016,0.5644305428363395,784.2886942844764
lbv,6584,985.346459758,0.5203068181650757,874.5553562538298
lbv,6585,929.867217655,0.5137853137220777,730.9650959688074
lbv,6586,954.045978964,0.5123351400792501,774.9283143884994
lbv,6587,1003.74300111,0.45289448363994206,831.8990266986921
lbv,6588,1001.19395608,0.4563891896309884,833.9812307320389
lbv,6589,956.002199827,0.4979211884711598,732.0101978975183
lbv,6590,947.938377132,0.5070980413872735,841.26653286803
lbv,6591,995.140846028,0.5310094972650918,803.5489386165842
lbv,6592,1006.10820601,0.5399878532092268,837.8883101818608
lbv,6593,987.242932748,0.5626704218743638,797.8276586794385
lbv,6594,1004.5703163,0.568990347145373,844.9126795450846
lbv,6595,994.847923426,0.5734829889139507,855.0589636110793
lbv,6596,996.367694098,0.5751492473438604,871.4486388860964
lbv,6597,1004.78899711,0.5936002586539576,825.1465184828814
lbv,6598,975.593549797,0.5928909685783358,831.1295235128964
lbv,6599,959.020173487,0.6093021821775035,726.2964072732362
lbv,6600,1049.28785667,0.5973150092732935,952.3577999339385
lbv,6601,961.03541929,0.6412598273454984,765.0576987771426
lbv,6602,991.391812413,0.6270776286569564,817.8658819460402
lbv,6603,1003.62050892,0.647287254310717,816.8264134425742
lbv,6604,974.116135934,0.6613338170780643,758.8153711356367
lbv,6605,885.874756651,0.6517613009068542,688.8402707567402
lbv,6606,1190.40335199,0.668683986093534,1059.2781728108723
lbv,6607,885.303497378,0.6149987907889998,746.3298975626628
lbv,6608,971.537075107,0.6235009104231432,746.8499228982365
lbv,6609,886.88520376,0.5773577936142912,675.3139657413259
lbv,6610,882.257880904,0.5966361509903859,642.2732776716645
lbv,6611,831.159983717,0.6032411344486848,563.9723840451708
lbv,6612,729.15509699,0.5688187958513826,527.8143944833793
lbv,6613,852.275950396,0.6291390842750294,619.1191375732423
lbv,6614,828.293324008,0.610708570036119,635.2469540764303
lbv,6615,879.521144889,0.5818517534214941,634.7269652123545
lbv,6616,932.695228719,0.6017317886657404,736.436875676174
lbv,6617,950.126229515,0.5974274570091219,731.2329598520316
lbv,6618,992.474002729,0.5908380060136156,767.9104244456571
lbv,6619,1003.69803343,0.5728969316554549,775.1931743247834
lbv,6620,977.065127728,0.5970487067242667,729.148128045774
lbv,6621,945.806957799,0.5711872966849268,739.0318514356424
lbv,6622,925.0877886,0.5482957481337243,743.7127330106846
lbv,6623,1143.48794393,0.5457600708068387,941.9289762609146
lbv,6624,919.070724823,0.5685203746560991,743.189986644072
lbv,6625,972.955154517,0.5797016396321586,802.4985341389975
lbv,6626,1005.26595958,0.5881917501216407,804.8385667090322
lbv,6627,997.103506892,0.6085335447391526,792.6112579644894
lbv,6628,964.237786273,0.6050121866301611,789.4885933670344
lbv,6629,960.214622721,0.6314539007345836,799.8933086320467
lbv,6630,1058.56806093,0.6571523576104197,854.7792902030196
lbv,6631,945.787618663,0.6476567938337494,766.8537388521082
lbv,6632,920.316978755,0.6510092680375866,704.1619457469266
lbv,6633,970.392486549,0.6585545576465717,783.4991324032054
lbv,6634,1007.23157007,0.6481095863773185,774.9137221392464
lbv,6635,998.06851697,0.6481453687937437,724.1878821877873
lbv,6636,962.313423118,0.661488131517661,748.1181143068802
lbv,6637,951.648886056,0.6637626972375221,722.8847378001493
lbv,6638,1077.15799672,0.652064444660244,864.9098044002758
lbv,6639,958.166658826,0.6844544276890605,734.5879256603765
lbv,6640,984.878858172,0.6836400756585768,818.0862756766522
lbv,6641,1006.27687399,0.6944508461645427,796.4949390486175
lbv,6642,989.781460114,0.6908435679876457,769.4409313127106
lbv,6643,957.730367087,0.69431858893342,737.7047909007352
lbv,6644,1060.8525803,0.6926985173295955,808.7144372379078
lbv,6645,964.220942559,0.6738656762811224,742.6444270713656
lbv,6646,981.963449632,0.6673548964510192,762.1532517377067
lbv,6647,1005.7454289,0.6575472639163309,783.7423833510453
lbv,6648,989.572005194,0.6215981608619627,807.6724685968137
lbv,6649,980.135785378,0.5911803432793379,748.1041002161363
lbv,6650,1011.12391713,0.5381784306409094,849.5471714692958
lbv,6651,985.324827003,0.565927189181543,868.5372587914561
lbv,6652,935.108801929,0.5884037622630961,725.4717031441483
lbv,6653,940.781136025,0.5948986192765955,769.4310046626073
lbv,6654,999.648942475,0.6256376388048609,814.6910981122186
lbv,6655,999.467880592,0.6433999078792074,747.8402204027365
lbv,6656,959.084141527,0.6514962351350168,775.4120852302102
lbv,6657,933.657442228,0.6412926178888871,775.9316233616247
lbv,6658,986.251521977,0.6684711337316488,751.4800926657282
lbv,6659,1006.25294809,0.6870793994758033,801.1630334592332
lbv,6660,982.724892528,0.6753382369498547,842.2590840059167
lbv,6661,988.431787854,0.6891690940171527,841.4778618906057
lbv,6662,1005.97967896,0.6922644333300371,881.274827635522
lbv,6663,983.042902588,0.6956230299624186,819.3662417841892
lbv,6664,970.483937812,0.700848700757639,731.1862641876817
lbv,6665,1032.76674889,0.7243605748436769,897.141888517492
lbv,6666,971.610655947,0.7053947343771135,809.479119274663
lbv,6667,922.880957307,0.7237851264473114,677.3394962684781
lbv,6668,913.863380777,0.7135735739864686,750.1706803864125
lbv,6669,854.849139085,0.7305779624828459,691.3851052976121
lbv,6670,1218.27644068,0.7271005728255994,1051.1217471253638
lbv,6671,636.461345953,0.6494829306701443,476.2676277908624
lbv,6672,878.650388961,0.5907190976178943,739.5011737299901
lbv,6673,629.284297939,0.5254781932397117,551.9588293935738
lbv,6674,502.370141027,0.38684527930196994,328.26137892779184
lbv,6675,478.47726466,0.467683692362319,176.09548309924554
lbv,6676,678.15219133,0.5966735615330369,404.7341147329293
lbv,6677,705.494772438,0.5274638252924053,544.9336324654373
lbv,6678,572.702821281,0.3705046340291393,342.5650930965648
lbv,6679,750.413447355,0.4923730432884048,601.1163990693934
lbv,6680,793.883976225,0.4782509810724511,579.7871210135665
lbv,6681,825.317064356,0.43253644412044007,679.4087672514075
lbv,6682,881.424234894,0.44231704592444787,715.5639661901139
lbv,6683,922.212825781,0.44381493253765664,772.7874553605621
lbv,6684,879.751848549,0.45440785022714514,682.2687535903034
lbv,6685,967.360782106,0.4739787098333125,681.4889530855068
lbv,6686,941.546356226,0.513860077794042,742.0952615476124
lbv,6687,878.47182322,0.46780386206792374,563.6576844458486
lbv,6688,820.282876477,0.4539829727520078,518.6583519729913
lbv,6689,901.318582652,0.4446230495148744,664.319158516678
lbv,6690,910.287052413,0.4465052092443354,749.8944282681334
lbv,6691,851.646621715,0.4503067940845311,625.5611751780791
lbv,6692,810.024400915,0.4437319949369724,617.4974122888902
lbv,6693,815.605589059,0.46410386530113407,548.308060769474
lbv,6694,835.899387137,0.49286829702704,602.9297993977865
lbv,6695,817.754771127,0.5111169328932226,557.1503184898228
lbv,6696,827.746307745,0.49757197814143234,598.2467218137256
lbv,6697,766.91085262,0.4936649197349167,507.98818365358835
lbv,6698,883.787231206,0.5225304096376711,636.2213692160213
lbv,6699,816.65665815,0.5112233580140398,679.1382831648285
lbv,6700,825.251386158,0.4958068240347977,597.4645563462201
lbv,6701,824.27513424,0.48155933240816506,465.84872077493105
lbv,6702,929.975295248,0.4434544298319141,584.9750826068953
lbv,6703,898.283458633,0.4298830131227263,614.6298048430798
lbv,6704,909.353801596,0.43924412558484455,620.612447940602
lbv,6705,946.704377686,0.4809877049329495,715.8118921018115
lbv,6706,1020.55668785,0.5816925580823431,861.2138180003446
lbv,6707,961.827887663,0.5059866080573611,790.4609012379366
lbv,6708,978.179247793,0.5394785015114143,812.0497638477997
lbv,6709,1014.78582744,0.6152137612524456,811.271310335047
lbv,6710,971.111716883,0.5441041877652587,668.9902429618087
lbv,6711,954.45229104,0.5268751710653307,715.287761553596
lbv,6712,996.407670711,0.6170803879835329,800.3434803083832
lbv,6713,980.647537248,0.5664470341284412,786.8157079360064
lbv,6714,927.201020464,0.5048201298939443,700.4588992548925
lbv,6715,880.03556045,0.5067914193787381,648.6974733838848
lbv,6716,953.815692196,0.4978863696362177,738.9521049649106
lbv,6717,995.513104052,0.5109037206576044,810.7403604245654
lbv,6718,976.382835788,0.49030769986633665,771.4629493264591
lbv,6719,938.482080995,0.4804649464662562,706.1757557289272
lbv,6720,957.172946597,0.4793801308221269,713.717668540805
lbv,6721,908.488145515,0.4804193795462893,653.3732366524491
lbv,6722,818.361380156,0.5012522185604799,565.9781849879844
lbv,6723,778.774516648,0.5405729057525716,504.33362941367955
lbv,6724,733.709155595,0.5541037959342748,539.9663516773896
lbv,6725,687.038519569,0.5851263900488846,473.9003010469325
lbv,6726,655.619639368,0.6133945294941298,465.0561481251435
lbv,6727,806.810650493,0.6298975610897128,585.7407493142522
lbv,6728,726.991638778,0.6420986594293062,569.8735756967582
lbv,6729,671.835516445,0.662785854812165,464.53315471574365
lbv,6730,668.21134255,0.6784651371200433,462.9717704922545
lbv,6731,650.375969314,0.6933643434209116,468.6930942610199
lbv,6732,633.829942937,0.6682820219310031,524.3527081358666
lbv,6733,457.95003774,0.6458200729051174,392.7437266031901
lbv,6734,334.999170028,0.631054212880689,257.2337753894282
lbv,6735,620.434437685,0.6977244667492466,501.46253228281057
lbv,6736,415.326540582,0.7148407973715517,190.38886234059055
lbv,6737,415.846313812,0.6746544722073858,214.05710990756165
lbv,6738,645.891860728,0.7306927056318369,427.07413961373123
lbv,6739,479.708367763,0.6611429552914135,305.34900728113513
lbv,6740,487.237755795,0.6462242263974919,243.96640666886873
lbv,6741,612.974402327,0.6911112821996024,412.7678094302907
lbv,6742,601.586467944,0.6616527748391368,393.780703346402
lbv,6743,569.662650771,0.5908948323663126,331.87766008564074
lbv,6744,776.419149723,0.6589342116027221,628.6454427382527
lbv,6745,829.102016364,0.6860963073113973,595.8742919921874
lbv,6746,833.325224761,0.6494206844520736,600.2960491704006
lbv,6747,756.319916178,0.6124980363907753,500.6798496620329
lbv,6748,648.415954231,0.6188959299593931,335.5197947782629
lbv,6749,632.642873145,0.6511948311784465,408.3470141840916
lbv,6750,782.430492258,0.6328865833036788,648.6754089056278
lbv,6751,832.313918327,0.6335778828886302,655.1786212397557
lbv,6752,897.558297021,0.619096504862546,660.3813406551584
lbv,6753,934.842266461,0.5651180443842131,806.8171092014687
lbv,6754,916.658558871,0.6023197329656336,719.4245353848328
lbv,6755,820.4933859,0.5974773723693412,647.8986174340342
lbv,6756,811.726965198,0.5793918420384133,636.7150447172278
lbv,6757,813.406878352,0.5698471937731897,670.2687318390489
lbv,6758,812.228419743,0.5282162291293823,671.830702269311
lbv,6759,704.929221872,0.5732447714481841,499.90601318957755
lbv,6760,627.9694815,0.5458090267451889,419.53696289062503
lbv,6761,574.403081283,0.5183434248408583,424.7392432119332
lbv,6762,547.650457165,0.5736733252517366,451.5288450054095
lbv,6763,540.716399052,0.5565963675469441,331.88515128341373
lbv,6764,515.189216719,0.570267638823076,365.1774847591625
lbv,6765,500.398356344,0.609828869659434,294.9511543722714
lbv,6766,441.805937489,0.6427073101050982,238.50978872261797
lbv,6767,457.418588649,0.6356914819673052,257.23702030555876
lbv,6768,419.878924207,0.626445786884783,254.63582943187043
lbv,6769,489.55399142,0.6642442468751281,284.54760897767306
lbv,6770,523.67759082,0.6437210507719235,342.0295148662492
lbv,6771,539.708639674,0.6351112065400144,438.2662224264706
lbv,6772,540.194452432,0.6437490604133109,379.22426219267
lbv,6773,592.305188714,0.6702904808665893,450.23170076258043
lbv,6774,547.344788039,0.6890435289687619,363.0986574060776
lbv,6775,526.364717291,0.7125285571935226,382.3460733750287
lbv,6776,318.504458871,0.6446665291994751,130.8297030280618
lbv,6777,582.104694879,0.6851767115432061,423.9621527279125
lbv,6778,587.132904598,0.6562262630180681,395.8720323450425
lbv,6779,387.308932555,0.6118966863691626,171.14566653382542
lbv,6780,438.953600542,0.660000503429249,254.1176191442153
lbv,6781,378.638700699,0.655952263919134,98.31774058622473
lbv,6782,450.670934848,0.663734819473965,233.0501906151865
lbv,6783,489.739395403,0.661590079118579,282.2096316767674
lbv,6784,702.550452908,0.6125650443874561,512.1397681441963
lbv,6785,795.042119022,0.5468552523180384,591.4717395857268
lbv,6786,846.5608696,0.43916674851048637,703.3171607821596
lbv,6787,824.204793725,0.4378433277565151,726.7274665084539
lbv,6788,766.746314723,0.46558534637849264,600.0582906685623
lbv,6789,758.757029019,0.5457392369005761,559.7425025491153
lbv,6790,949.448904707,0.6122081306303516,802.9407450358073
lbv,6791,957.287210072,0.5955005451030972,828.4329272999485
lbv,6792,968.701636016,0.5377479518154438,821.4113003001494
lbv,6793,919.121178923,0.5135981371626259,707.4864200666841
lbv,6794,963.896763544,0.5241389340480919,827.1371044981713
lbv,6795,1002.1017098,0.5044918466665533,867.1950542375154
lbv,6796,977.217058929,0.478435875995914,825.058091287052
lbv,6797,981.889613897,0.520969114499317,804.7718043009439
lbv,6798,970.093615589,0.5161113611351933,885.9255787568932
lbv,6799,937.413648095,0.5336294525362989,758.4740004296395
lbv,6800,958.59815901,0.5644416414922285,798.2724144430721
lbv,6801,946.260042887,0.567507250941652,774.8639133528169
lbv,6802,888.314451102,0.5400802383303547,660.1555362776213
lbv,6803,877.936749111,0.5559878025969721,692.1496770522174
lbv,6804,890.023081825,0.5788521304197884,718.4224022958794
lbv,6805,891.185450961,0.5972139582400798,662.2401752845914
lbv,6806,888.677503994,0.5472608165722614,709.5789451748718
lbv,6807,886.508764904,0.5166225088962001,660.4187311209885
lbv,6808,936.703095999,0.49751303472787123,735.330945841471
lbv,6809,920.7931043,0.49578803295907065,701.5172871309168
lbv,6810,822.055626297,0.47900653759222395,645.8538729499367
lbv,6811,809.414268865,0.4718521889833374,544.1508277444279
lbv,6812,903.840741738,0.5050846999219721,623.4855196485332
lbv,6813,893.426245159,0.5312153699303699,677.069328068752
lbv,6814,960.488936461,0.4821431955880363,828.7140983132754
lbv,6815,986.9858481,0.4659768300498666,762.907207952761
lbv,6816,973.020543904,0.4909249807376999,755.365336668725
lbv,6817,992.719791956,0.5305019295357102,876.5804709640203
lbv,6818,976.290602501,0.5323244986641597,755.8869712081612
lbv,6819,965.965908,0.5318730228601611,815.9733868767235
lbv,6820,992.192616158,0.536680587537666,782.4210710712506
lbv,6821,956.400982381,0.5485939215435538,760.5713452806659
lbv,6822,944.301118151,0.5514237866355581,740.0217902987612
lbv,6823,983.821078642,0.5430777202690801,822.4783393710267
lbv,6824,975.630542747,0.5608461226606128,768.6348722570084
lbv,6825,971.336952846,0.5600327985281104,774.0973928414138
lbv,6826,980.035388263,0.5617296303620559,778.7797102086683
lbv,6827,973.908750713,0.5600059129901834,769.9361602484013
lbv,6828,981.229412449,0.5604544892320343,871.9012870339787
lbv,6829,993.093655358,0.5900665580003488,786.0647990208046
lbv,6830,949.11874864,0.5558495460211902,753.2890037985411
lbv,6831,905.148702054,0.5332870145854017,696.3242189893535
lbv,6832,955.555121529,0.5284299734701104,764.7342238183115
lbv,6833,983.098250358,0.5766953681368954,796.2114394842409
lbv,6834,960.616211516,0.531651470006472,727.0174888760437
lbv,6835,924.134521759,0.5354724304078952,732.2193660960478
lbv,6836,950.152654947,0.5279461980306612,738.9820776546702
lbv,6837,985.690273484,0.5370438754841497,821.9585403442383
lbv,6838,981.197386806,0.5207558871396059,789.1838929419423
lbv,6839,972.22603085,0.4929578479662195,788.1425605325136
lbv,6840,997.893011661,0.49266481908285764,804.5295349719477
lbv,6841,989.346333406,0.5002164869319681,774.6159425324086
lbv,6842,893.242328145,0.5124844344956387,720.2535881491267
lbv,6843,1132.21070187,0.4850408949705489,1003.258081892425
lbv,6844,853.99905625,0.4309122413055066,680.4536975037818
lbv,6845,932.199391376,0.4512879247038716,718.4287801705152
lbv,6846,1007.60521503,0.5222708629000753,786.5792387420055
lbv,6847,987.863063775,0.5330023933536872,737.9356205958945
lbv,6848,944.846860829,0.524964709345823,703.5994689642215
lbv,6849,959.544538322,0.5231381084938203,806.3420460719689
lbv,6850,1000.005173,0.5791203435232389,731.9502997604071
lbv,6851,991.5123387,0.5766990444678322,752.2373134239047
lbv,6852,937.680740829,0.5103866837324852,760.2987540450752
lbv,6853,937.061205807,0.5150722264710584,727.263666489545
lbv,6854,983.657388593,0.5597641797236492,773.5619391946233
lbv,6855,1001.46552992,0.5886851863594609,835.465970656451
lbv,6856,961.562551811,0.5383103523413184,792.8069931030274
lbv,6857,884.139849547,0.555613645046722,613.3318792904124
lbv,6858,928.598520647,0.5427360190168454,647.1446537990197
lbv,6859,980.099836919,0.5624693709358812,710.6089644488168
lbv,6860,996.294521928,0.5516552245420103,771.9923504997702
lbv,6861,917.463261101,0.5139705644652683,736.3574524823356
lbv,6862,830.415632326,0.5202490080361805,643.4988220514035
lbv,6863,779.468470133,0.5242086101120677,554.5419238819795
lbv,6864,743.51027913,0.5375753338686989,543.8766027413162
lbv,6865,713.694490653,0.5413026751175736,527.2292039759019
lbv,6866,787.45015016,0.5314836191984608,571.7062098185222
lbv,6867,832.069605625,0.5512875713479723,621.3842965518727
lbv,6868,904.066651976,0.4998658991068514,713.7203513351142
lbv,6869,921.910753437,0.4905250186251629,692.9110651352827
lbv,6870,853.086768713,0.48883930600951375,670.8011413275027
lbv,6871,741.951460169,0.5321729102784833,544.6508629593193
lbv,6872,682.711715418,0.5247683225454188,578.4635688632144
lbv,6873,692.027253502,0.5658433502796842,509.27542245902265
lbv,6874,812.92527059,0.6111085637070787,784.9814952775542
lbv,6875,704.375935429,0.6080013824430067,494.96872397030097
lbv,6876,601.107905803,0.5911603172446465,446.32909127029717
lbv,6877,600.543007602,0.602326079263982,437.48511466232003
lbv,6878,605.549366741,0.5883673164497587,420.05775786755135
lbv,6879,393.278559753,0.618342696935281,203.65625619327318
lbv,6880,349.60025299,0.6164797062268021,158.6592725267597
lbv,6881,609.883431785,0.610186654089511,362.054697193819
lbv,6882,560.387963859,0.6067363542928229,302.49211033839805
lbv,6883,517.216259063,0.5820422704376274,265.5579753800934
lbv,6884,646.351817524,0.5647095230606582,433.0592593623143
lbv,6885,590.195071568,0.5871797195638712,407.0489853503658
lbv,6886,497.094217114,0.586608758862889,437.4794585882449
lbv,6887,589.602512541,0.5996717780924304,323.55744078393076
lbv,6888,665.548070308,0.5894478438805539,461.1465630624808
lbv,6889,650.732372551,0.5968685575993598,444.49985961914064
lbv,6890,635.692120693,0.5802695838610331,429.1536051731484
lbv,6891,641.788523644,0.5830013097967116,407.82533578311694
lbv,6892,687.44490795,0.5764872860819451,487.41273049747235
lbv,6893,623.043992583,0.5878507907487757,414.846233143526
lbv,6894,612.923995772,0.6044232440142592,377.6525225471048
lbv,6895,607.962299802,0.5900926487929447,402.6205039529239
lbv,6896,608.55915606,0.5843328346096448,406.26108230890014
lbv,6897,582.260132784,0.5816821160182285,378.9509931676528
lbv,6898,577.67362595,0.5926909765868795,385.19253222895605
lbv,6899,611.919945078,0.6084186656661943,411.46086078718594
lbv,6900,571.447965497,0.6328674971257279,387.53200949874577
lbv,6901,603.92575517,0.6537945578248734,408.0783394308652
lbv,6902,516.917725496,0.6550626011625412,322.5088212256338
lbv,6903,558.657709801,0.6333235473896859,399.2341696047315
lbv,6904,593.099713269,0.6233386730557772,409.89717042212385
lbv,6905,612.130065287,0.6387613059603978,409.6363754272461
lbv,6906,639.896187412,0.6378004050329098,417.43834641400497
lbv,6907,628.659393817,0.6487208654515774,396.1106636496151
lbv,6908,607.629359516,0.6642324732834438,344.6131166345932
lbv,6909,604.537841294,0.6510147718257825,381.2844332825904
lbv,6910,537.279997616,0.6420917320125127,343.5715990552715
lbv,6911,547.313774053,0.64090655673225,344.61153935451136
lbv,6912,603.599632622,0.644958210815639,364.89766654220284
lbv,6913,625.719778088,0.6529321724525023,364.63698443244493
lbv,6914,620.447911844,0.6623651703902693,425.75589560714417
lbv,6915,608.712060602,0.6605148518827194,405.4687688191732
lbv,6916,515.92054148,0.6636123997067275,263.2032267252604
lbv,6917,262.160666955,0.5925006665933279,84.26635673373352
lbv,6918,553.381657766,0.6615391174254078,370.09641681745944
lbv,6919,635.817671761,0.640724928492065,504.8181320489622
lbv,6920,661.983646287,0.6371488925590311,483.75117310168685
lbv,6921,647.117964147,0.6502270897113597,445.7789717431162
lbv,6922,626.964651182,0.6470487068608866,454.10091196695964
lbv,6923,367.888527542,0.7019497011270788,149.80625448787913
lbv,6924,518.541396875,0.6703675410436719,315.2175110461665
lbv,6925,624.115234013,0.6425260281968564,443.1768786561255
lbv,6926,638.517688262,0.6400365456058061,440.05576354382083
lbv,6927,664.314825435,0.6582097907129086,494.151933557847
lbv,6928,588.550423856,0.6794428044272273,402.08339314180256
lbv,6929,317.016380302,0.6996024255421263,104.81197213565602
lbv,6930,604.277246297,0.6788534443102666,418.2080902997185
lbv,6931,632.793159466,0.6925380176714543,489.2096863690545
lbv,6932,604.449308209,0.7109435123457035,461.6411617802639
lbv,6933,305.969119925,0.6814697324842601,160.2086142147288
lbv,6934,483.657356024,0.714845836558465,352.40776780072383
lbv,6935,639.421100201,0.7104208729003735,452.0188431683708
lbv,6936,573.821477245,0.7030186445990209,427.31132363712084
lbv,6937,298.012348873,0.6753014853743257,95.18915495031021
lbv,6938,536.3867537,0.6826753726141983,372.6949264526367
lbv,6939,636.980789654,0.6780967514899635,481.929461221134
lbv,6940,429.453579986,0.6974102626630624,207.28445449529912
lbv,6941,399.664824237,0.6959409436339853,124.05865029727713
lbv,6942,621.162445416,0.6381207842958339,358.3922710643095
lbv,6943,527.73518994,0.6095282021136413,299.35423428404556
lbv,6944,417.023907047,0.6005843933454283,200.52336748908547
lbv,6945,479.439758614,0.6376045026779175,260.0825130986233
lbv,6946,520.659462655,0.6699678237347759,322.242784687117
lbv,6947,530.081622876,0.6670919375747075,337.06811720904193
lbv,6948,457.631909456,0.6421471757232826,245.77919500014363
lbv,6949,472.912886062,0.6696891670209775,215.34976878446693
lbv,6950,435.703555373,0.6573870639199192,214.30972661037072
lbv,6951,408.478414091,0.6530253004618468,181.79954678404567
lbv,6952,559.947900133,0.6646533242768661,401.0527424831016
lbv,6953,515.616028806,0.7055161475332199,347.4756154677447
lbv,6954,541.254018026,0.7268533078271643,359.4404291489545
lbv,6955,594.226006319,0.7129834851177801,395.5931313608207
lbv,6956,820.495002424,0.6907916062664756,657.5016367893593
lbv,6957,877.22036951,0.6810998252831932,702.4972865983552
lbv,6958,917.686637696,0.67154556778032,713.1611053765987
lbv,6959,962.9568244,0.6720774517312335,862.7125814400466
lbv,6960,1004.15627942,0.6355266531585401,821.097711839863
lbv,6961,983.435962561,0.6649697480657137,827.8625378777
lbv,6962,885.60098138,0.6628309113039699,724.6084704530006
lbv,6963,1127.08280216,0.6602403305646941,957.9097099154602
lbv,6964,889.271176824,0.6642612438850118,698.3422510483688
lbv,6965,957.046818955,0.6548495260300917,756.8638162051932
lbv,6966,873.466575269,0.6393865449055887,690.5421085133272
lbv,6967,823.337043333,0.6507944004734357,624.2197051104378
lbv,6968,910.216212218,0.6614852347338352,731.378664263557
lbv,6969,918.909208638,0.6829295935847165,745.1648353127875
lbv,6970,948.754181229,0.6536625356641923,768.5752424053118
lbv,6971,931.829539632,0.6709889726289314,738.1449600518916
lbv,6972,778.002024883,0.6534981138359627,592.2335136862362
lbv,6973,985.411658587,0.6372410736652993,900.1889295091815
lbv,6974,811.213339435,0.6350671738933353,580.7920963062959
lbv,6975,924.257728906,0.6530896579925441,738.6687401865044
lbv,6976,955.43811941,0.6195334463498536,772.2242618336397
lbv,6977,951.94546727,0.6149195016681942,829.9657009648341
lbv,6978,915.912601194,0.6412036574709298,731.3871635287414
lbv,6979,899.358123441,0.632892255039331,770.4013968673405
lbv,6980,902.477566563,0.6185342235327029,713.4429760203641
lbv,6981,874.183364346,0.601579250001887,607.845681373746
lbv,6982,798.098996339,0.6691246150541071,582.8725210451613
lbv,6983,795.05489018,0.6791659851260466,585.9929103178137
lbv,6984,740.206817924,0.6852887974911597,517.5875171436983
lbv,6985,664.372205726,0.6861246145557196,453.86399709664136
lbv,6986,432.05064981,0.6189769403617849,229.14400350533276
lbv,6987,596.461787936,0.6832468480460383,355.5479423074162
lbv,6988,536.455403068,0.6548700990550447,343.3233810125613
lbv,6989,448.098498908,0.6470734077658359,230.18281235040402
lbv,6990,397.042111538,0.6284484516190079,150.07406637154372
lbv,6991,348.541139248,0.6009618580447585,145.91262162152458
lbv,6992,366.678668633,0.6067078117831707,181.28517892874925
lbv,6993,365.522079464,0.6219682729859867,166.19967334223733
lbv,6994,339.122021272,0.5907763327010954,128.74610802145565
lbv,6995,377.332537799,0.5838791647516852,190.64815251967482
lbv,6996,392.696167145,0.5693004342610251,217.17741394042972
lbv,6997,398.233129967,0.5612981695951004,223.15939061781935
lbv,6998,405.497783708,0.5729444076760701,270.75605370016655
lbv,6999,366.038884417,0.621755767751623,189.60714048497817
lbv,7000,384.62586337,0.6540225994697436,252.549108617446
lbv,7001,325.132570744,0.6859850501247671,153.71408709357766
lbv,7002,333.872122738,0.6902702440922408,173.48081814635034
lbv,7003,410.86103142,0.6652372180843534,271.0146403293984
lbv,7004,451.598679202,0.6738387955233383,263.9920085832184
lbv,7005,515.783147449,0.6663608626773947,327.4537681429994
lbv,7006,334.241491668,0.6595596168404338,181.02259135526768
lbv,7007,272.580041028,0.6478031502078903,128.48423557655485
lbv,7008,548.62762948,0.6283811550993141,420.30516623702704
lbv,7009,325.866910812,0.6649886372730818,153.71286585190717
lbv,7010,294.598268202,0.6864647353472916,95.71287204518038
lbv,7011,571.947228945,0.6421976238489151,384.9329241285137
lbv,7012,551.951519786,0.6427632895268891,370.62796149160346
lbv,7013,338.518112121,0.6542888130770613,157.09400527056528
lbv,7014,521.079026898,0.6490310484628699,335.25594515332995
lbv,7015,425.936697617,0.6583538652077074,253.8477829577876
lbv,7016,336.600768986,0.6669824829542015,129.52490734025545
lbv,7017,270.966901604,0.6147617649256698,63.98216968611175
lbv,7018,291.996817963,0.6587438095000482,80.62806043437882
lbv,7019,295.485377908,0.6428877716919161,55.13919196035348
lbv,7020,295.954406329,0.6150536748670762,80.62819955863205
lbv,7021,293.205566779,0.6914123512176147,43.175173710841754
lbv,7022,311.174319382,0.6561340671651673,86.09025193756702
lbv,7023,327.605344012,0.6834877380665312,97.79453005323222
lbv,7024,352.225247975,0.6459505891981926,170.36021139107498
lbv,7025,375.714424497,0.696740833047318,170.8807247984643
lbv,7026,360.879439196,0.7063569286130483,171.14095710305608
lbv,7027,377.335267081,0.693209969674027,210.93541469199982
lbv,7028,387.956655294,0.684689973747595,206.25388847799863
lbv,7029,382.219921427,0.6524356381159797,202.09262494853897
lbv,7030,407.503464446,0.6138101070983225,284.80256254906743
lbv,7031,351.058787831,0.6495398830441595,133.94840871773513
lbv,7032,239.497336575,0.6600887191061879,26.529544007544427
lbv,7033,412.330196409,0.6316456425097562,201.3128018547507
lbv,7034,517.094278313,0.6334777080000069,349.0467607685164
lbv,7035,688.639155844,0.663212723664461,514.2079050999062
lbv,7036,397.595394025,0.5721814228015198,279.0822307511872
lbv,7037,222.185569046,0.5550376434252624,101.17722224815219
lbv,7038,434.813097683,0.6818286693620627,218.74051402970855
lbv,7039,563.276498228,0.6514034940073901,383.38173250684554
lbv,7040,579.845532299,0.6160297668838743,408.0914114559398
lbv,7041,370.576899861,0.6441180492589574,217.18103311576095
lbv,7042,305.200044944,0.6278439653075599,159.17969740325333
lbv,7043,582.195784483,0.6089248240494928,464.27364872951136
lbv,7044,551.291566275,0.588807086984804,423.9589954750211
lbv,7045,397.179280937,0.6183547694317616,178.16695191626457
lbv,7046,607.174370213,0.577146150887399,441.386123717065
lbv,7047,595.080818626,0.5462325333876122,391.7077402152268
lbv,7048,494.704316992,0.5575107656833198,299.6333669325885
lbv,7049,343.710754285,0.5904552405277341,189.09189387302774
lbv,7050,569.069700539,0.5575090646958335,361.27676630955114
lbv,7051,556.330012467,0.5425947398619985,265.04019924986596
lbv,7052,552.063552473,0.5263034130100231,359.45615132649743
lbv,7053,568.174938807,0.5469963469787092,367.51946067062084
lbv,7054,504.310834236,0.5789512352759267,316.54041658289293
lbv,7055,577.3399114,0.5793162761758472,376.10295951693666
lbv,7056,568.705159594,0.5588852810851426,375.58285734887215
lbv,7057,566.184669201,0.5566125568624173,389.6279895857268
lbv,7058,585.078079068,0.5473947775206522,374.28215532489855
lbv,7059,581.623369864,0.5561267849426903,383.3858099544749
lbv,7060,588.121793589,0.5588053383555286,383.12580117618336
lbv,7061,509.743391541,0.5545767739617662,325.3839587940889
lbv,7062,443.600121168,0.5725952109006736,253.5967354568781
lbv,7063,581.207978511,0.55731052320579,377.1433948292451
lbv,7064,580.305450219,0.5501100022706622,381.304778394512
lbv,7065,578.816581088,0.5672993915893365,375.5824327057484
lbv,7066,579.584193292,0.5950424110625259,375.5824997845818
lbv,7067,362.138554026,0.6534614903188976,167.24367669797414
lbv,7068,283.408612988,0.6117363315557304,158.92084688672833
lbv,7069,584.478044623,0.6045674167024356,384.68585866292324
lbv,7070,559.653740812,0.5762468405001985,323.302347430061
lbv,7071,467.686710195,0.5858561060541161,297.5526316624061
lbv,7072,612.122894293,0.5951394989177741,452.05023459640194
lbv,7073,624.89249688,0.6256938377738666,465.574744460162
lbv,7074,631.031292822,0.6552526250226156,455.1701616773418
lbv,7075,607.83208542,0.6633184283703297,433.061445348403
lbv,7076,431.668601794,0.6471326635740293,288.1873948639514
lbv,7077,483.620444586,0.6539386559680507,307.95428191540293
lbv,7078,584.38970148,0.6413181656242811,422.13597035127526
lbv,7079,573.918414529,0.6504337807252686,402.88825237797755
lbv,7080,408.775877328,0.6675270337819821,265.0373919019512
lbv,7081,224.667789663,0.556610903439631,68.14506438012216
lbv,7082,523.974160572,0.6403611365954082,390.1425978716682
lbv,7083,607.492852527,0.5948732014714855,474.67267503925393
lbv,7084,484.506489675,0.580417131657424,288.4444234212239
lbv,7085,289.4127584,0.5768394185788241,210.93604054170495
lbv,7086,559.848380629,0.5464896876009674,381.81760220995136
lbv,7087,579.847610504,0.5275949378064404,402.88449844659544
lbv,7088,400.574497722,0.5650910321596558,255.6712107938879
lbv,7089,274.680703386,0.6298314238768168,100.39566354190602
lbv,7090,556.005466568,0.5299563986235771,358.9277644437902
lbv,7091,559.566850938,0.5420569436778329,394.03972580853633
lbv,7092,451.527378314,0.5655869034986735,289.7422503303079
lbv,7093,315.896567834,0.5755833374235578,129.7855651257085
lbv,7094,354.646956131,0.559576493474111,168.79922180175782
lbv,7095,288.217774534,0.5598264899983835,92.59233512130439
lbv,7096,286.947475935,0.555962438830014,113.13938858929801
lbv,7097,314.231728217,0.578804038330951,101.17509984035118
lbv,7098,388.93595347,0.6089110861735781,181.02225793576707
lbv,7099,418.096191636,0.6651943617757085,210.4120993221507
lbv,7100,465.089640864,0.6793955342048029,254.36688935522938
lbv,7101,521.350520765,0.6437743283264463,406.2589030845493
lbv,7102,573.993790803,0.6418986886824156,459.05670866124774
lbv,7103,601.353866449,0.6753335500109023,394.81433123420265
lbv,7104,590.942994907,0.6860907143837698,384.93052155737786
lbv,7105,403.609111831,0.6707466472400709,277.7745367012772
lbv,7106,549.40308747,0.7000873316359776,338.6346951054591
lbv,7107,536.28872748,0.6957898729086515,313.9260066911287
lbv,7108,500.60499418,0.6655756764848467,369.32506262087355
lbv,7109,508.878398382,0.6602272355412864,323.80936153636264
lbv,7110,271.580692738,0.6323816257387304,160.7346019071691
lbv,7111,450.606081512,0.6816999084824849,233.81871254116882
lbv,7112,509.515419777,0.6615391764292067,369.84423095104745
lbv,7113,512.887739795,0.6606396974463753,337.85307353898594
lbv,7114,522.744905594,0.6568825728171871,332.65100289139093
lbv,7115,430.084766902,0.6298748887983671,317.0455560123219
lbv,7116,442.213798691,0.652762811400306,306.64165212593826
lbv,7117,607.85252658,0.6911615231173469,391.1685655481676
lbv,7118,824.423259664,0.6639041208005573,627.5851048787434
lbv,7119,581.782819556,0.6507340013817118,378.68345399744373
lbv,7120,551.802643445,0.6442540969635614,378.42289036769495
lbv,7121,387.80791688,0.6463500818769847,233.035736951641
lbv,7122,246.01175243,0.6553026916144731,100.13259992412492
lbv,7123,555.085114818,0.6562603246892177,328.745942029766
lbv,7124,515.99289221,0.6329887203163647,360.9959850535673
lbv,7125,276.989442148,0.6677389066666364,124.83999813304229
lbv,7126,567.85137304,0.6167843041807668,427.05620691636034
lbv,7127,543.020023998,0.6183215171995632,380.24056902118747
lbv,7128,269.917975451,0.6370037822799887,145.90613914938535
lbv,7129,492.906134239,0.63913651058607,278.2877252616134
lbv,7130,556.665855641,0.6457373283550571,398.44496636484183
lbv,7131,415.103927792,0.6315763589169116,305.59531495337393
lbv,7132,288.219402832,0.6537649908755299,149.28627436020795
lbv,7133,653.471537181,0.6467603483127295,460.08256222594014
lbv,7134,653.823483484,0.6288377592192099,504.03546896541826
lbv,7135,638.275021896,0.6094186636655516,501.1740354949352
lbv,7136,648.190145193,0.6108572593807093,487.1290194642311
lbv,7137,641.571921907,0.625331545774402,421.0683273614621
lbv,7138,634.766133966,0.598305731597051,523.2783676147461
lbv,7139,640.869506756,0.5921411938969536,459.5587562710632
lbv,7140,630.533897795,0.6007168358516436,485.0456160003064
lbv,7141,596.304693962,0.5970105315186294,459.297231277765
lbv,7142,508.660895992,0.6442931025482854,357.3462682985793
lbv,7143,243.285234744,0.7032940733745303,69.44047624176625
lbv,7144,549.560456575,0.643173179343645,423.14515689027075
lbv,7145,554.135500104,0.6472637179538873,379.1919255873736
lbv,7146,282.551498357,0.7104367789497721,114.69352219525506
lbv,7147,573.099269703,0.6564769003941465,422.624497088264
lbv,7148,504.054311783,0.6570858850413405,339.6596513635972
lbv,7149,392.151266045,0.6972112393009888,151.10396061317593
lbv,7150,649.873625534,0.6359027689913612,504.28815738453585
lbv,7151,663.138803509,0.6108792641757202,451.7533203124999
lbv,7152,483.199732058,0.6006232209543371,341.4804940317192
lbv,7153,401.005095446,0.6367408535000999,186.2146412269742
lbv,7154,670.950075003,0.6074762960515904,493.36624597287647
lbv,7155,635.986748953,0.5861560204324195,399.2189455817728
lbv,7156,628.284350803,0.5799064575444302,498.56880095238773
lbv,7157,576.336730507,0.5795832082282665,335.5007982740216
lbv,7158,606.821435184,0.5598402635356331,382.8352830774644
lbv,7159,666.064162004,0.5756180714136202,491.8084580664541
lbv,7160,669.619357961,0.5834109886724556,435.6318883559283
lbv,7161,663.403239271,0.6001396059130247,540.9640557681812
lbv,7162,721.874373984,0.6045800243358046,543.0453796985103
lbv,7163,845.916458774,0.6078619210149063,637.4554522046856
lbv,7164,869.185829764,0.5986571316159113,699.8754589305205
lbv,7165,762.397452226,0.6167862836427197,535.2444457409428
lbv,7166,699.734319768,0.6134869960733417,500.91467602299707
lbv,7167,575.129554357,0.6306193150420886,316.77749107211247
lbv,7168,453.067012549,0.6691162997606404,228.3499082079121
lbv,7169,411.326199666,0.6700220750037178,219.24745094448912
lbv,7170,380.295619626,0.6426304121130689,197.14089687571806
lbv,7171,372.468697981,0.6469338217685963,181.0161989997415
lbv,7172,346.195827316,0.6263253100634408,157.60913438983994
lbv,7173,337.25140885,0.643797655946099,112.87514433019301
lbv,7174,371.385114063,0.629598952731372,236.15374286128028
lbv,7175,352.402608206,0.6138140162731189,172.43401641845705
lbv,7176,368.171103082,0.6126807897470782,248.11790651807596
lbv,7177,377.605328556,0.5946433916772343,229.65220531388826
lbv,7178,398.362020698,0.6322779961104388,233.8137679754519
lbv,7179,453.514156146,0.6663710895706625,247.5982365926107
lbv,7180,280.204346268,0.6253999979809076,128.74106146120556
lbv,7181,433.486367301,0.6899533014595831,241.09629364013674
lbv,7182,521.408850991,0.6571052848146512,405.72879228778913
lbv,7183,347.065696229,0.6524127503315292,195.8423673741958
lbv,7184,286.059897359,0.6642131524660239,170.61426607019763
lbv,7185,496.703637026,0.6181520638145493,298.0549752628102
lbv,7186,446.835716681,0.6341414256737783,189.3405979829676
lbv,7187,299.076557553,0.5747785742749872,126.14063319785924
lbv,7188,398.736796741,0.6433015054912978,241.877222068637
lbv,7189,445.636029916,0.6319988420834906,338.1076001933976
lbv,7190,437.992525959,0.6568817327681339,276.7279360902076
lbv,7191,360.628408219,0.6731254416353564,154.7490078196806
lbv,7192,331.895173262,0.611723375435059,189.34020143396717
lbv,7193,261.645519291,0.598282421121792,50.97629442401961
lbv,7194,286.574296365,0.6009058297387225,65.80084270402497
lbv,7195,340.376362495,0.6083355469234061,34.33095149619906
lbv,7196,326.20746933,0.6053359672164437,103.25273611031326
lbv,7197,298.145614195,0.5731283673606966,125.35972026750154
lbv,7198,285.053592063,0.5956082644039078,79.06503586114621
lbv,7199,279.723408452,0.5789381654366204,137.5833111632104
lbv,7200,254.260128342,0.5744549772886011,80.36529810288373
lbv,7201,272.133241798,0.6104705607430617,60.59902636958103
lbv,7202,301.300130043,0.6066155853094879,112.3551332062366
lbv,7203,288.841383329,0.6328358533862117,86.60711355770337
lbv,7204,335.048373479,0.6090037895857922,127.17957275989008
lbv,7205,341.899932672,0.6232244681351656,148.5062141867245
lbv,7206,371.925899364,0.6152708775543467,203.64301874497355
lbv,7207,375.317057989,0.6376241447884947,198.44136576933022
lbv,7208,392.992876535,0.6608746800928901,227.8303238812615
lbv,7209,354.495470682,0.663037842081028,165.41097555721507
lbv,7210,342.011176128,0.664590192608314,210.1445468678194
lbv,7211,396.039559131,0.7011635861543162,220.2876332002528
lbv,7212,409.114276943,0.6929485069919301,287.9080555336148
lbv,7213,373.507629772,0.6919504793234241,214.30547081442438
lbv,7214,375.098404127,0.685791035665982,179.4547962861903
lbv,7215,401.951455899,0.6598975102189687,249.15590186025582
lbv,7216,421.978294965,0.6431509863646303,317.2962664435891
lbv,7217,378.920724266,0.637934509272824,274.3830861708697
lbv,7218,337.343418328,0.6406181949691473,231.73007845411115
lbv,7219,321.459290869,0.6379188996546434,221.84708141252105
lbv,7220,312.421967494,0.6644904403459458,109.23306358187807
lbv,7221,320.582147133,0.6240807852001057,183.35550261852785
lbv,7222,418.058490424,0.6927175999328654,193.49835579068053
lbv,7223,558.58190805,0.6840059107982631,372.9524710561715
lbv,7224,624.582473462,0.711629122287508,409.6235499961703
lbv,7225,549.850812281,0.7009506732011013,361.5095427868413
lbv,7226,536.401265701,0.7016241829733404,355.78827864703004
lbv,7227,428.956629601,0.6844273928916874,250.196449249866
lbv,7228,570.07903962,0.6779733258661571,388.0386858771829
lbv,7229,577.321229811,0.6708950291333299,413.787208108341
lbv,7230,550.817113815,0.6690990736218151,374.775554971134
lbv,7231,543.252250768,0.6608312957178664,418.4694791008444
lbv,7232,566.771503031,0.6615777088782403,398.70357013777186
lbv,7233,274.25024347,0.5817687225243278,157.34934683407053
lbv,7234,415.886718048,0.6418507202212508,236.15358617446
lbv,7235,547.531985294,0.635135847577509,344.6072536393708
lbv,7236,392.63613581,0.6176281036267727,211.1859889909333
lbv,7237,234.412553546,0.5603677209880618,93.62954287061504
lbv,7238,478.901149584,0.630156656585296,269.70393048454736
lbv,7239,250.506897449,0.5483533608617249,83.74635213216146
lbv,7240,412.279470486,0.579378082856443,291.5509124157475
lbv,7241,411.29195004,0.5750044727707929,291.81100478826784
lbv,7242,531.721269092,0.6205554242325146,311.5764622407801
lbv,7243,680.145086813,0.6511832766995821,463.4626218907973
lbv,7244,754.869258783,0.6462332447070593,587.0000310561236
lbv,7245,768.986586913,0.6621083683777835,607.8055592854819
lbv,7246,802.032909182,0.65642643939553,674.9052429199219
lbv,7247,740.865828717,0.6587906943575089,582.3163580202589
lbv,7248,715.661898888,0.6609184592304539,530.2998646455653
lbv,7249,518.579136482,0.6557761947253,339.14129809211283
lbv,7250,659.614056817,0.6606582485555351,470.4809807571711
lbv,7251,615.304200172,0.6544932419019288,439.01116536458323
lbv,7252,368.645111424,0.6739039383983216,188.03576432770376
lbv,7253,605.27682804,0.6255451082100147,486.6041335461187
lbv,7254,570.298835611,0.6407923795465283,392.9760912427714
lbv,7255,545.488786059,0.6529555233523814,364.36702082016893
lbv,7256,383.448768543,0.6623131050492211,169.30955496395336
lbv,7257,339.268669672,0.6527368296902495,130.55804141175514
lbv,7258,552.431559023,0.631569876759414,420.02225940180756
lbv,7259,530.61381548,0.6304306786367353,422.1025178497913
lbv,7260,531.006558459,0.665509929312021,345.1202230416092
lbv,7261,549.146441297,0.6412227515007434,430.42468130074303
lbv,7262,341.313908243,0.66339212570427,199.2173857445811
lbv,7263,438.021600958,0.6758132789739602,289.2036361993528
lbv,7264,557.450233605,0.6660002136972627,334.19712982177725
lbv,7265,487.805052511,0.6575034055930767,269.4381020041073
lbv,7266,404.36454173,0.6612320729013437,210.92114548028684
lbv,7267,440.338797438,0.642360013946248,271.25867854099647
lbv,7268,419.283625149,0.6522279532954973,212.22166514677158
lbv,7269,407.26794135,0.6499190768795814,217.1632666494332
lbv,7270,398.574662621,0.6496050325351034,159.94670858944164
lbv,7271,339.06667727,0.6485689992951874,131.33836131376378
lbv,7272,354.460137966,0.6231718815974334,174.25100378896676
lbv,7273,336.24231968,0.631792095415469,110.79250461353973
lbv,7274,297.532868256,0.6218479352661326,102.73021757836436
lbv,7275,307.072971171,0.6138357827740331,80.62375401515588
lbv,7276,325.295509523,0.62761356114803,115.21403428619985
lbv,7277,344.313914446,0.6045613575057499,163.58843904383045
lbv,7278,329.367090628,0.6253089196533322,108.4521858963312
lbv,7279,351.25068433,0.6114475365346396,147.20379946839577
lbv,7280,371.653145411,0.6024316461532528,198.69923682119335
lbv,7281,401.61285341,0.6188487364941796,193.75796194637522
lbv,7282,348.725245209,0.6142316117255818,160.7281891766717
lbv,7283,298.614332549,0.6030993911955093,70.22108659931257
lbv,7284,386.648626567,0.6419729513884312,172.17189612295113
lbv,7285,409.090079392,0.6575470660533106,148.76494418873506
lbv,7286,400.257868354,0.6354267497985594,201.5610492481905
lbv,7287,356.063055197,0.6573260929465486,161.50902545405367
lbv,7288,313.88394121,0.6459504033022738,146.68468262915516
lbv,7289,317.774327589,0.6298900898510367,136.02151252896178
lbv,7290,294.368356933,0.623498389671418,75.16306233125574
lbv,7291,306.10578214,0.5988782585269271,128.7395742079791
lbv,7292,330.849908635,0.6217837377345606,71.00186911190258
lbv,7293,353.417834632,0.5898301359617485,137.84248082778032
lbv,7294,394.557194771,0.5586832239712869,189.59877319335936
lbv,7295,445.600325352,0.582876778067204,222.3690557741652
lbv,7296,473.184036164,0.6054769181907798,250.19800777061317
lbv,7297,507.022214339,0.6031237166116262,325.88209548651
lbv,7298,542.235176961,0.6047789328448862,355.53174638935167
lbv,7299,550.071723132,0.6622952299976123,329.52385882209325
lbv,7300,613.520486417,0.6461466466222411,447.0814565621169
lbv,7301,585.153854576,0.6264929384241342,405.9888555489335
lbv,7302,606.101399749,0.6177720609069853,378.6805598539464
lbv,7303,586.019347153,0.6014102983742325,359.1748268277038
lbv,7304,581.92483977,0.5803221586953712,393.24629498650046
lbv,7305,607.872237399,0.5631398155056014,387.78495402616613
lbv,7306,595.381950411,0.5573188641371156,384.6645084455901
lbv,7307,586.15415151,0.5703457733793441,369.0599019069297
lbv,7308,559.385388381,0.5774877348393773,339.4106820798388
lbv,7309,584.065028528,0.5901935509991185,363.85912930357694
lbv,7310,627.617716382,0.588873020869035,422.63898554783236
lbv,7311,614.941443947,0.6092092646285892,391.1691764981139
lbv,7312,624.14859911,0.624912401220664,401.3127711277382
lbv,7313,547.563730169,0.6116531574401726,305.8615872850605
lbv,7314,553.657627396,0.62902732578397,328.2291757621017
lbv,7315,634.333381343,0.6145779585899557,455.6721872965495
lbv,7316,642.080535027,0.6255171562368276,396.11246451583565
lbv,7317,638.525040038,0.619322619374714,342.0145641252106
lbv,7318,630.354093434,0.6168508662680244,382.8488488290824
lbv,7319,534.90539765,0.6178066973193285,308.20407843496287
lbv,7320,616.694066462,0.617333783721133,376.3473221124387
lbv,7321,613.059051779,0.620701813134388,365.9441355686561
lbv,7322,621.903112336,0.6367617312383342,400.5360669603535
lbv,7323,616.279731922,0.6610272485057711,310.5455957150927
lbv,7324,594.874198518,0.6530020170693481,357.8821611591414
lbv,7325,524.63458347,0.6176724976674093,261.9096566293754
lbv,7326,480.052436485,0.614380920920934,222.89642716950058
lbv,7327,603.186943322,0.6044128439913548,385.7126465741326
lbv,7328,588.844496633,0.6086185425392692,304.56468395158356
lbv,7329,629.772053473,0.594599595889313,426.80716971603096
lbv,7330,646.66498429,0.6038039390529905,385.97315281886677
lbv,7331,629.225577348,0.6207271309432836,336.81624863568476
lbv,7332,603.848047843,0.6106344985806084,397.9379876828661
lbv,7333,604.92471276,0.6052118800203193,385.1938099281461
lbv,7334,448.773125813,0.5788284078721078,266.07276967366533
lbv,7335,489.408215013,0.5761407903389859,295.7230919632257
lbv,7336,570.509757866,0.602551336979633,319.39102881936464
lbv,7337,572.669442076,0.6143639378332826,326.15340049594056
lbv,7338,601.190085004,0.6218346571235844,370.3687855440028
lbv,7339,612.408383537,0.6363941686241716,351.12203216552734
lbv,7340,587.542674362,0.6326263172245542,384.1539006551107
lbv,7341,576.667552261,0.6312061402383199,379.9925787832223
lbv,7342,528.701855352,0.5701152387579593,399.49990261302275
lbv,7343,400.667691665,0.5882484487631091,218.73656251196766
lbv,7344,616.555792877,0.5712526021579786,488.71107219621246
lbv,7345,622.120801998,0.5574022056444189,507.43786651012937
lbv,7346,488.728721713,0.556286919914657,349.82287630567356
lbv,7347,240.119532139,0.4501672676549509,81.14880858776615
lbv,7348,463.971274197,0.574524262100207,308.468145422842
lbv,7349,670.53555864,0.5898988085673204,472.06458249559586
lbv,7350,418.533421379,0.5327927213614789,222.63789798512178
lbv,7351,362.466769735,0.5565803709574747,195.84812044629862
lbv,7352,597.177733917,0.6388040806581843,418.4845301908606
lbv,7353,584.174311396,0.6565124560650942,384.93230707505165
lbv,7354,340.672853959,0.5989181040447092,146.43023104200174
lbv,7355,439.457705077,0.6268054849782567,204.16984483307485
lbv,7356,636.198889086,0.6643686490672013,463.217885425044
lbv,7357,647.117683446,0.6700975024758103,428.1052755617628
lbv,7358,582.399174398,0.6742614653466998,300.921652730306
lbv,7359,631.80826938,0.6222702636111597,418.7407584994446
lbv,7360,649.770574418,0.6175291598774494,432.784778101304
lbv,7361,590.120739277,0.6260664099002188,369.84307484346283
lbv,7362,494.497394777,0.6423100617190469,271.0095581054688
lbv,7363,399.268914706,0.6171977941439489,224.19366484997317
lbv,7364,371.872970839,0.6555879237146597,148.50861029531444
lbv,7365,330.575007691,0.7038162588318693,82.18680156632966
lbv,7366,325.407883962,0.6427427007879688,111.57617573457605
lbv,7367,348.375095699,0.5797448105958044,127.44110301896639
lbv,7368,330.034095126,0.584944914548825,111.57582732555913
lbv,7369,313.224594043,0.6441813721759932,102.21266395718445
lbv,7370,329.041582854,0.5680544051971362,138.10391779880896
lbv,7371,316.372034561,0.57308395607951,91.80901037477979
lbv,7372,319.465915209,0.5641528859350664,111.05497029622394
lbv,7373,340.865941387,0.5724530232032673,116.25639068005131
lbv,7374,347.305072875,0.5076152725318044,151.3671708050896
lbv,7375,344.972632643,0.5600784555142061,120.15718626134534
lbv,7376,302.365270252,0.5653169890244801,101.43129505830652
lbv,7377,287.856341183,0.5825907620361873,91.02796038459329
lbv,7378,291.242050194,0.597463188899888,37.451441327263325
lbv,7379,282.530238654,0.577013208425874,108.45302198821425
lbv,7380,286.36214712,0.5825834575208646,53.5762664196538
lbv,7381,299.385184842,0.5623143803818146,85.04550278607536
lbv,7382,319.203213473,0.6105396985696439,99.60971978879441
lbv,7383,347.001555201,0.6415008586064903,146.9437032063802
lbv,7384,617.097854168,0.6421713513683871,415.8624297796511
lbv,7385,771.911599514,0.6613886172513991,527.4342142441693
lbv,7386,444.131121619,0.679227274451673,234.84863415886375
lbv,7387,450.980846835,0.6550394785091185,237.70949877570655
lbv,7388,486.958989445,0.671635866053542,277.76080151726217
lbv,7389,476.014236878,0.6361841244712602,330.03605355655446
lbv,7390,358.616935868,0.6342555826442507,171.91014877020146
lbv,7391,276.053018804,0.5829674691619614,153.18476951449526
lbv,7392,561.603000005,0.6807651961709318,357.0831705130783
lbv,7393,586.174617565,0.6795826565825187,416.89997394038187
lbv,7394,553.387356735,0.62528618972441,497.7833798277612
lbv,7395,279.941325248,0.5337861778259277,162.54697669534124
lbv,7396,467.359415883,0.6550554869522294,289.20260302973725
lbv,7397,607.062453962,0.6597020168878763,492.3197987275966
lbv,7398,376.554619636,0.6220837000571442,192.71456523222085
lbv,7399,514.226491979,0.6325179645859301,322.23074412626374
lbv,7400,610.800953499,0.6572528492300325,415.5963373520795
lbv,7401,607.519377413,0.6543810688377769,462.92876494164557
lbv,7402,396.410528182,0.5889630018223646,268.9143836825501
lbv,7403,484.673697556,0.602294103246064,335.7524518779679
lbv,7404,654.790381861,0.637371431734111,577.3583990059645
lbv,7405,639.625145994,0.6406563921649161,549.7898535934148
lbv,7406,423.773370819,0.6313261908784598,264.7515918806488
lbv,7407,227.681275164,0.41578082510126313,127.9542367374196
lbv,7408,281.538348633,0.7134845301179098,129.25487003700405
lbv,7409,504.419802576,0.7173222043085843,332.89015302471086
lbv,7410,577.492073384,0.7058724732584531,444.46022006764133
lbv,7411,431.239384427,0.7078554016884546,250.18733613257317
lbv,7412,266.605364716,0.6437923178953283,154.7412650912416
lbv,7413,256.657207807,0.5849217121736913,82.18182645311543
lbv,7414,317.503090602,0.6874712151102073,149.27990591011795
lbv,7415,374.486769961,0.6625191520547014,203.37457389083562
lbv,7416,274.269811261,0.6542339425920788,95.18545589073031
lbv,7417,429.371373654,0.6608748330883832,193.2315580181047
lbv,7418,426.255430655,0.6503274004959525,255.3884537042356
lbv,7419,451.006372163,0.6678010095835578,293.3589032640644
lbv,7420,538.145437398,0.6596995926717095,358.1168129116881
lbv,7421,743.200790916,0.6740886646943338,539.1265243530273
lbv,7422,610.656040723,0.6650507368217662,441.0808178770776
lbv,7423,617.150247684,0.6834049153374058,403.3710618860581
lbv,7424,619.315813569,0.6959656753029921,398.6904712153416
lbv,7425,659.842456101,0.6971939660765388,433.0209913964365
lbv,7426,756.107626063,0.6177622768625705,590.1078574685489
lbv,7427,857.435902117,0.6522941267673021,746.931858735926
lbv,7428,793.025799867,0.660112766749898,569.0418655993891
lbv,7429,708.521739965,0.6674522045002858,443.1662882786172
lbv,7430,500.030740321,0.642958754546022,303.766790711646
lbv,7431,435.240128403,0.6347323655439863,241.3490800446155
lbv,7432,597.800342989,0.6551168481797788,393.49263512106506
lbv,7433,603.668292762,0.6784318489440974,358.9029935051413
lbv,7434,948.37299776,0.6877449350945329,777.8842275881298
lbv,7435,618.813724295,0.6432806909665202,480.3596469953949
lbv,7436,581.138706948,0.6462015463266999,414.8210908478382
lbv,7437,386.105643327,0.595116164916613,264.2377734913545
lbv,7438,598.75030852,0.6394538422144537,478.0206408631568
lbv,7439,575.584677182,0.6924283235335713,391.93568025476793
lbv,7440,553.396195612,0.665845542196027,399.7386346256032
lbv,7441,245.85899438,0.5158800746713366,63.71917709649777
lbv,7442,548.765184923,0.6474006751794664,409.62205930223655
lbv,7443,583.138594938,0.6703886611121043,364.1084485820695
lbv,7444,449.274002107,0.6144484775520006,293.88804752125463
lbv,7445,406.316954681,0.6273803059192538,214.30416974834364
lbv,7446,592.122321809,0.6794201709875246,394.5378031412761
lbv,7447,583.234226655,0.6898940327983576,387.51585142846193
lbv,7448,579.412217279,0.6776199749618586,384.1349141737994
lbv,7449,410.879734539,0.6363213777328987,218.20556042241114
lbv,7450,596.978188,0.6606638490695808,406.2414898442287
lbv,7451,583.447436483,0.6109418924266714,391.4173551372453
lbv,7452,572.569335579,0.6131227076805729,412.2234208948472
lbv,7453,578.018697482,0.6122374403012265,420.5457834580365
lbv,7454,607.186534652,0.6022332701092632,412.7434458713906
lbv,7455,597.126196313,0.5650719114134062,390.63676132501337
lbv,7456,504.757409108,0.5517363790895587,317.5549580592735
lbv,7457,409.793582217,0.5486246072526636,181.01421392104209
lbv,7458,588.602149076,0.6263281132250199,291.026348547842
lbv,7459,621.419583903,0.6235099624408745,370.8700190525429
lbv,7460,636.487679167,0.6528618644713741,402.85931979908656
lbv,7461,617.63929858,0.692023795820022,402.5989815207089
lbv,7462,683.548107354,0.6909369558975111,431.98700884650736
lbv,7463,896.943506119,0.636014496598595,670.9969331030751
lbv,7464,582.850352456,0.630890459786857,385.6933275409774
lbv,7465,552.004810969,0.6987757945334065,351.6232058955174
lbv,7466,535.214539697,0.7024657471571117,332.8977590523514
lbv,7467,225.945553957,0.6750944019758214,44.47313187543084
lbv,7468,536.043955558,0.6545138970908262,382.832424956677
lbv,7469,543.870480254,0.6340518817360148,355.003905950808
lbv,7470,478.815178009,0.6331412074938548,292.8454434862324
lbv,7471,233.447878237,0.6172342805665881,72.561332283768
lbv,7472,538.073694913,0.6320647661967213,328.4755187988281
lbv,7473,612.901171091,0.5963921827453599,363.06512074190033
lbv,7474,622.354715729,0.6155050209371653,445.50852505553
lbv,7475,607.555843943,0.6324391718307348,397.13394530053233
lbv,7476,595.841495862,0.6167638621885668,366.184616058948
lbv,7477,297.378921054,0.6378285772848449,77.50215822107653
lbv,7478,517.619455703,0.6266751320034972,295.7039987003102
lbv,7479,477.456513615,0.6429431333808111,258.5130278942632
lbv,7480,576.857512847,0.6577850609797019,351.0986844231101
lbv,7481,498.101673999,0.6326597749306575,299.3438238106522
lbv,7482,534.96794366,0.6360730151497408,350.8378467933804
lbv,7483,593.636354431,0.6607907308646083,436.6610451492608
lbv,7484,331.329933728,0.6832548953919707,112.61111016366998
lbv,7485,353.312963002,0.6445582459298828,180.74972923129212
lbv,7486,596.462396768,0.666827006656339,444.98194810455925
lbv,7487,323.298256316,0.661315024957149,131.8559596641391
lbv,7488,348.881841292,0.7053742986249726,125.35407122443702
lbv,7489,573.881732642,0.6927086293278947,407.530701042624
lbv,7490,573.372435369,0.6715988274015003,418.19305910596665
lbv,7491,391.278048552,0.6515196005599901,214.03767065908397
lbv,7492,307.136402552,0.6341003550125864,138.8771260878619
lbv,7493,271.777162467,0.6046991617237246,165.4039898143095
lbv,7494,234.620724403,0.5700103479065919,105.58787626378675
lbv,7495,243.969090425,0.6308516501879492,61.896337890625
lbv,7496,226.017539772,0.6487782385614183,23.406178193933822
lbv,7497,232.851255733,0.5992236316204071,6.501706291647518
lbv,7498,242.764809664,0.6065348049584967,71.25868620031021
lbv,7499,240.611427199,0.6511733357825977,46.2921392104205
lbv,7500,248.639180002,0.6798830953511326,14.30375087962431
lbv,7501,270.786896403,,0.0
lbv,7502,287.474632162,0.5875068747080291,67.61761474609375
lbv,7503,280.954532365,0.5714701136023226,73.8591677796607
lbv,7504,294.283613629,0.47441108140555566,82.70124703201594
lbv,7505,296.843781862,0.49307668341334754,87.90272545908012
lbv,7506,301.805131087,0.5247451453208923,97.52501738305185
lbv,7507,304.566728618,0.5206330686457017,110.52844151515589
lbv,7508,291.40162594,0.5310931103985483,117.29017693014708
lbv,7509,236.419975329,0.5684166898330052,62.41604434742647
lbv,7510,231.561582868,0.5847479112943013,58.51497599283854
lbv,7511,216.194328831,0.5997911503820709,85.82190300436581
lbv,7512,262.879264894,0.5680953607559204,97.52486419677734
lbv,7513,269.878030104,0.5168654678665262,156.29970825793697
lbv,7514,260.889732782,0.5604693829092232,117.80989227294923
lbv,7515,269.730709926,0.582691524234063,86.08183070164101
lbv,7516,272.933957143,0.5685881157159064,83.48116158878102
lbv,7517,279.305540446,0.4771154587363834,137.05458843754786
lbv,7518,308.144104757,0.5384473740908802,106.36665861840342
lbv,7519,315.27188486,0.5524134497247819,116.2490290922277
lbv,7520,279.177009764,0.5502327054473696,87.64191478654449
lbv,7521,305.459482227,0.5830960984815631,44.471057727290145
lbv,7522,315.190987668,0.5581711259586416,83.48083310594745
lbv,7523,325.645364564,0.5987261641393149,118.06938165402879
lbv,7524,330.456689448,0.6141847194750097,123.27052737965303
lbv,7525,313.75434415,0.5958887053893344,105.06600126378676
lbv,7526,413.53972797,0.6146630443236679,269.16639087153413
lbv,7527,399.118163335,0.6140708506793655,293.61255104214536
lbv,7528,428.745945767,0.6124451965687284,326.3805759803921
lbv,7529,463.787368036,0.5990856976943351,366.95045943914675
lbv,7530,291.687282211,0.5233311331575843,204.15072440353094
lbv,7531,451.445252212,0.5858763549586522,309.2162010641659
lbv,7532,563.60957436,0.6133952926794123,366.4296919878791
lbv,7533,562.637770105,0.5817201627399079,426.2443950279086
lbv,7534,249.848378263,0.5057525154221002,163.0603441126206
lbv,7535,335.943438334,0.5886200955478094,241.85929891548903
lbv,7536,522.257516073,0.6223564484524865,357.84690668442676
lbv,7537,253.556160021,0.5898267265794607,120.66947395474303
lbv,7538,288.541616671,0.5976029201389954,175.02232040704467
lbv,7539,561.384490836,0.646938755928752,431.7036110073913
lbv,7540,376.815865177,0.6568293793327186,256.4211641199448
lbv,7541,374.590781052,0.6461693015591851,226.25373974968403
lbv,7542,433.727696334,0.6622693144171139,306.09222636503335
lbv,7543,207.966833326,0.6056695774937352,73.33718154009651
lbv,7544,241.619313059,0.62548691725975,76.19770154766007
lbv,7545,265.230136644,0.6774514227077879,75.41748902563955
lbv,7546,250.592328264,0.627605942590737,105.32411104090075
lbv,7547,256.808969459,0.6041853172862114,104.54383634679458
lbv,7548,267.582963326,0.6607759692968228,60.07362246045879
lbv,7549,245.428091694,0.6269563946284746,98.8222937490426
lbv,7550,237.500495884,0.5850476969884136,132.1095122094248
lbv,7551,242.39773476,0.6069405696707774,56.95272952809053
lbv,7552,265.110577094,0.5995003840524691,82.43829827402152
lbv,7553,261.771867256,0.5777041136219514,93.10050931444354
lbv,7554,260.998710312,0.5854100338343916,52.791597673004745
lbv,7555,247.537029829,0.5845348810777068,83.21810524136413
lbv,7556,258.909404286,0.5941618073630979,96.22085002824372
lbv,7557,256.965717399,0.6069817145665487,52.27127583821614
lbv,7558,237.088159993,0.5912747758307627,58.25248682358686
lbv,7559,262.794154656,0.5943138064482274,50.71079972211052
lbv,7560,280.337730416,0.5709261067185847,75.15586667528338
lbv,7561,258.96473423,0.5666750997304917,62.41311642515893
lbv,7562,252.770448719,0.6124393390446176,53.31117257510915
lbv,7563,292.039124955,0.6117811820528527,115.4640063715916
lbv,7564,322.874693565,0.5929011576507816,156.81235333610982
lbv,7565,380.409024782,0.6871376158938611,189.05881955015894
lbv,7566,393.786810536,0.6560211306566307,241.32911885579426
lbv,7567,448.063407277,0.6542029861923949,321.68498968984574
lbv,7568,518.870538754,0.6279226322901451,383.5770106895297
lbv,7569,521.472798309,0.6615144240265337,356.79115029129326
lbv,7570,535.737649715,0.6736237677660857,380.45519630581725
lbv,7571,543.066462684,0.7041689856029347,376.5539224662033
lbv,7572,329.593284096,0.6481485361517205,233.78537358302697
lbv,7573,237.599884841,0.6005902638143011,123.00362719367531
lbv,7574,541.855693389,0.672244498025634,487.8540656594669
lbv,7575,516.339150074,0.6792667148890636,405.15803476969404
lbv,7576,269.286289286,0.6501562870720987,140.16663513183593
lbv,7577,447.990895365,0.639827486327131,325.322047364478
lbv,7578,540.45056012,0.6314201392992749,446.50523771398207
lbv,7579,505.18942121,0.5916224440374772,450.405600603889
lbv,7580,399.829330418,0.5511030752669596,230.66376899270452
lbv,7581,509.604602797,0.5047481265580542,278.2523216397155
lbv,7582,566.550170273,0.5237346338675875,315.6988371007583
lbv,7583,55.3501874351,0.5914587937295437,24.964730475930608
lbv,7583,30.5442847983,0.5894794304196429,21.324037080652573
lbv,7584,18.6241502432,0.6416903686523437,19.503734813017008
lbv,7584,10.8584563711,0.6469656441892896,10.922086917652804
lbv,7585,4.10157109955,0.6060812217848641,5.461049517463235
lbv,7585,7.28540783577,0.64725199341774,7.8014993106617645
lbv,7586,3.24350083458,0.6007688641548157,2.6004997702205883
lbv,7586,4.85021699351,0.6007688641548157,4.420849609375
lbv,7587,5.0298779186,0.6007688641548157,4.680899586397059
lbv,7587,5.00431084413,0.6007688641548157,4.680899586397059
lbv,7588,17.7227782054,0.5342219936497071,17.6834228515625
lbv,7588,8.4797793288,0.5481762010604143,8.321614583333334
lbv,7589,45.8478216845,0.5449011020631674,43.168375651041664
lbv,7589,10.7056137736,0.5363401631976282,11.18217004514208
lbv,7590,71.6781075735,0.5692799925375328,72.2941052305932
lbv,7590,4.09745324818,0.5296242202029509,4.420865376790364
lbv,7591,104.216084426,0.6233979454614165,103.76033513686235
lbv,7592,122.066854483,0.6349712523502026,125.08467131969975
lbv,7593,144.758886628,0.6171146277472271,144.58878631591796
lbv,7594,19.3348398561,0.5357297377006427,19.24387012556487
