stream,Input_FID,Shape_Area_0,NDVI_veg19_0,Veg_area_veg19_0
lrb,1,98.6367729824,0.5710132581981149,99.23609062643612
lrb,2,96.3409686891,0.5663344154189919,96.11063438864315
lrb,3,120.91584563,0.5170465371280061,119.03152926575902
lrb,4,146.908481863,0.48634258227186267,145.5989540848078
lrb,5,154.256690675,0.5235016427984174,155.23629365808824
lrb,6,140.794857801,0.5449791256012572,137.00400749655333
lrb,7,154.00703469,0.5943658436479073,156.01801473580156
lrb,8,138.414387057,0.5737295865790167,139.60891717648974
lrb,9,141.408417931,0.5537169225862094,139.3484929402669
lrb,10,130.607877904,0.5822685803024513,134.13917122635186
lrb,11,134.654107829,0.5803428977616272,139.08794483857997
lrb,12,107.606926544,0.582433394390902,108.61351067038143
lrb,13,114.748888868,0.5881355756438822,113.04123433430989
lrb,14,105.404024838,0.6038898166381953,103.1434643913718
lrb,15,103.149709032,0.6032272561176404,106.0083703134574
lrb,16,135.584940353,0.5923666722620977,137.52412252987133
lrb,17,115.497412589,0.6167486892999524,107.04984274471508
lrb,18,86.1937080342,0.6152631305495777,86.21274390127144
lrb,19,109.937472877,0.591213041430966,109.91454934512866
lrb,20,110.077486898,0.6017229771614075,110.69574872185203
lrb,21,113.323291994,0.5850944320816512,113.56062200209674
lrb,22,119.020902146,0.5775168842769095,116.68593741024243
lrb,23,133.216470837,0.5662282376289369,130.22959858015471
lrb,24,128.735315241,0.5890095781107418,127.10387046664368
lrb,25,106.577695329,0.5745482898470182,104.70424607220819
lrb,26,124.931012837,0.5223611798735707,121.63383424048331
lrb,27,123.855305153,0.4987701593023358,77.35589195700254
lrb,28,132.434323751,0.4689231400666215,116.16379011565562
lrb,29,123.445495657,0.5001120935912868,123.19593996534162
lrb,30,121.984204834,0.5275005118354508,71.88591972799863
lrb,31,184.676545717,0.4443928044669482,63.81163174498314
lrb,32,185.377582241,0.4242980148083244,79.69935410443473
lrb,33,125.702950741,0.55456485499197,69.80213051590263
lrb,34,96.2809157902,0.5400409663909047,94.28502140419155
lrb,35,96.9546622513,0.5573710400697798,89.59693133784276
lrb,36,113.897178784,0.5284728264197326,50.78904050939224
lrb,37,109.337408005,0.529301407044394,44.53817641314338
lrb,38,125.329870221,0.5452340619904654,63.812094146130136
lrb,39,134.959496003,0.5391325786291996,111.47594885732612
lrb,40,120.903834716,0.5841355446291848,84.90935815549365
lrb,41,97.4138823564,0.6021959630626874,96.63000383564071
lrb,42,95.7320123999,0.5939923103262739,96.1091079711914
lrb,43,102.101517285,0.5973902840626834,99.2346617754768
lrb,44,91.8296174675,0.6061244275062494,89.33730779909621
lrb,45,97.0137358816,0.5965706310272216,97.67209041819852
lrb,46,90.924711115,0.6053706103333379,87.77474137848499
lrb,47,99.1263720758,0.6055169863243626,95.06766656613817
lrb,48,88.8648793119,0.6272707968334885,88.29578366747089
lrb,49,85.955062518,0.6218231918250384,85.17034723618451
lrb,50,93.5528984507,0.6153185788520985,92.20277925379136
lrb,51,110.572012955,0.5857803619106139,109.65355341294233
lrb,52,113.291424345,0.6401661582291127,20.836796031278723
lrb,53,118.542703943,0.6084102939217638,60.166278345444624
lrb,54,108.212286228,0.5517701188723246,27.348311480353864
lrb,55,152.269046072,0.5048538512653775,39.850450942095584
lrb,56,173.243585292,0.5446587389880054,162.00667428409352
lrb,57,123.198517328,0.5855734081777407,123.1982162475586
lrb,58,124.840246187,0.5817916869860271,120.85427198223039
lrb,59,124.255284816,0.6141880089717526,129.18923208199294
lrb,60,124.480819046,0.6081985054362533,121.8964625639074
lrb,61,108.47834268,0.6000363274804164,109.1339261821672
lrb,62,120.396743711,0.6497837837066568,118.77120469037226
lrb,63,70.035057983,0.6689878208604874,115.12488926906212
lrb,64,117.920768183,0.6341400644752417,115.90636162851374
lrb,65,101.303927808,0.6358085434892853,107.5716759775199
lrb,66,97.897634477,0.6388632792073328,96.37184472177543
lrb,67,109.697806694,0.6232201914284743,106.26963608685662
lrb,68,110.877545069,0.5810318746440988,108.61396493350759
lrb,69,132.31180415,0.5718747405444874,132.83743151496438
lrb,70,109.325008146,0.5618099595819201,109.39570824118222
lrb,71,124.920504428,0.5973508041471689,121.63779048545689
lrb,72,106.722747201,0.6044601340457105,106.53090865191291
lrb,73,98.9397871485,0.6140660594952734,98.97753726734834
lrb,74,105.391689848,0.6154355154970665,109.13592547248392
lrb,75,111.221048872,0.6148572086871088,111.74073495303882
lrb,76,140.155394821,0.5332133523387235,140.39239705403645
lrb,77,127.875059302,0.4892235857976395,125.80638053744448
lrb,78,110.01405756,0.4681457506362782,112.00172947902306
lrb,79,93.7848096923,0.4765504828255846,91.94575380811506
lrb,80,82.387134131,0.49425786668230365,83.08992438222847
lrb,81,128.973512342,0.5135172030974909,126.32812577789903
lrb,82,171.842158572,0.5120994815010113,172.69208365047677
lrb,83,149.112717584,0.5180314853019321,151.59403626685048
lrb,84,113.829191265,0.5530280191494528,112.26292533126531
lrb,85,91.8896502524,0.6077098783693816,89.08097953048407
lrb,86,93.3637480688,0.6375254815460271,91.42516922296261
lrb,87,75.8734518628,0.656836286446774,74.75503061331953
lrb,88,91.1569572997,0.6560437564666455,88.03898949716606
lrb,89,92.4398356258,0.6423191665960452,96.6344659842697
lrb,90,109.14726064,0.6122423960722322,108.61604129566865
lrb,91,125.21960303,0.6120511890736772,121.37894514495252
lrb,92,124.597598571,0.640151282110743,126.848648370481
lrb,93,105.252229321,0.6657025382181553,104.96907477285349
lrb,94,131.935719697,0.6370744391363493,127.62969758276846
lrb,95,127.50369771,0.557270692608617,128.67138842414408
lrb,96,141.934830242,0.5094895923441597,91.94526349235983
lrb,97,141.338186805,0.5316044690252162,76.57750495461856
lrb,98,140.410206399,0.6019093318677999,141.69436259550207
lrb,99,113.159738307,0.6122635123373448,113.30330792595359
lrb,100,107.097987687,0.636317037358696,105.48921787037568
lrb,101,141.856495854,0.6333624470143263,137.00567115334903
lrb,102,169.75822251,0.6225099469002663,169.0429604025448
lrb,103,177.490262557,0.6404107565872745,175.55455079920154
lrb,104,123.657255206,0.6331876179276595,119.29374506333295
lrb,105,110.053752588,0.6061865030561836,107.31228871065028
lrb,106,197.200078346,0.6213053766844455,98.71683777453852
lrb,107,254.170028916,0.6341858522250102,203.1637362910252
lrb,108,294.96273419,0.6089305888434806,288.8567251168045
lrb,109,126.432408191,0.6274478259695124,124.50322436164407
lrb,110,137.46812524,0.6042703991899124,135.44295815860525
lrb,111,174.132230891,0.5798158258598237,175.29455243278954
lrb,112,181.263984012,0.5634435072076894,183.8900764016544
lrb,113,159.431913506,0.557039816066867,158.8852732041303
lrb,114,155.32343262,0.5861699686737251,157.32272311939911
lrb,115,172.276704604,0.6193805759003063,173.99299699371934
lrb,116,186.744929265,0.6452225296444216,187.01675444958255
lrb,117,198.310110304,0.6525313499446873,195.61256303974224
lrb,118,188.370558855,0.6429869135501867,184.15222003413183
lrb,119,189.184520593,0.6096674286856391,194.57135772705078
lrb,120,223.032056334,0.5741414510910284,222.18162267348347
lrb,121,211.76865075,0.6027023666320914,212.02366500555294
lrb,122,192.117021794,0.6384435647429237,193.53047263949526
lrb,123,158.167654359,0.6000735243161519,226.61068994858684
lrb,124,175.272682884,0.616213646378961,173.47445965935202
lrb,125,158.647465026,0.6222116370896993,157.06480685963353
lrb,126,173.968793347,0.6173142610552782,173.99562560436772
lrb,127,164.848946261,0.6289827415414178,162.0139070997051
lrb,128,184.101560834,0.6401057151647714,186.237870758655
lrb,129,200.066207141,0.6460105784578262,199.26151188869105
lrb,130,195.704117296,0.6409076602616254,201.34528572232117
lrb,131,180.642158544,0.628410874129395,176.86086315080232
lrb,132,156.633285897,0.6175396618494965,153.41843554926854
lrb,133,206.377931835,0.6144119342069079,208.89937139772903
lrb,134,215.207474695,0.6068356568906822,212.54630351347083
lrb,135,240.682093161,0.6138326733430746,239.89633798038258
lrb,136,230.293826273,0.576824325844989,226.09154618207145
lrb,137,200.220045975,0.5595570211977605,203.6910299862132
lrb,138,202.934856417,0.5719201571596457,205.2542178883272
lrb,139,173.812156933,0.5232178867311406,173.21606971890316
lrb,140,178.130675764,0.5238152189791991,176.86303687002143
lrb,141,225.630383817,0.5688242284085254,217.23716502470128
lrb,142,202.35436283,0.5616405481745484,204.4741445803175
lrb,143,195.081771189,0.5464294840919673,188.06443819532203
lrb,144,186.840796703,0.5568693039839159,189.88813033758422
lrb,145,170.483531571,0.58031742138456,168.00829808852248
lrb,146,182.113825402,0.6136342232333365,181.5534652410769
lrb,147,183.911961177,0.5961758265977571,182.85615728041702
lrb,148,190.423933972,0.5875265553593635,192.7546847474341
lrb,149,182.497446162,0.5771523085240863,179.99151276233152
lrb,150,164.427945692,0.5796521347390406,163.32109339096968
lrb,151,170.219561445,0.5474924928983331,148.7344472548541
lrb,152,239.21089647,0.5618566501611585,191.1931717816521
lrb,153,301.615795746,0.6031893090590399,293.5627270866844
lrb,154,281.605849708,0.6074412892602888,296.16801051719517
lrb,155,380.544169746,0.6218716189037278,374.573714461981
lrb,156,210.644680224,0.5124134723042032,211.51212765562767
lrb,157,152.594148737,0.4558909634234374,150.81985365923714
lrb,158,213.476821101,0.5259287737128211,213.59662523456652
lrb,159,238.814898127,0.5218780027783436,239.64524963977294
lrb,160,218.228368643,0.4764808354721892,175.04542792825137
lrb,161,206.665272649,0.46505123909483564,61.21388941746132
lrb,162,208.913371237,0.6234074532985687,3.1258045869715074
lrb,163,782.703429965,0.6679346707662819,474.601989626417
lrb,164,1036.84200552,0.6408540077929228,828.3433981502757
lrb,165,394.099145147,0.6155841817458471,234.43720200482534
lrb,166,265.996366107,0.634760838347612,202.1370730530982
lrb,167,202.988094862,0.625541859473053,197.96921284993488
lrb,168,210.631310194,0.5546059748961789,196.1457292444566
lrb,169,165.382934181,0.5275617060453995,59.91170307234222
lrb,170,141.755656969,0.48372773987215933,38.551880660711554
lrb,171,151.659027423,0.5477548241615295,36.20755253212124
lrb,172,168.364436664,0.5814318677474712,22.662310701258043
lrb,173,162.250602008,0.47963885884535934,19.796966612572763
lrb,174,168.641663999,0.47820186230982725,92.9937972723269
lrb,175,192.035828032,0.5167305609814552,164.88843159395105
lrb,176,201.232838906,0.5598176569901695,201.61741180419924
lrb,177,196.343066707,0.5973683436927589,191.71919169706456
lrb,178,206.65685377,0.6134509583923714,212.29805396584902
lrb,179,224.485538944,0.6083712235232381,222.97833485322838
lrb,180,231.469787299,0.6097095552960938,225.583513656317
lrb,181,209.011989189,0.607674459964037,208.3915429208793
lrb,182,199.493138665,0.6076354997464768,196.40932018803616
lrb,183,191.948927256,0.6160208067068688,189.63688216863895
lrb,184,170.838297924,0.6155957930966428,173.22624780991498
lrb,185,191.288948071,0.5999379084828428,191.98186436073453
lrb,186,185.343797848,0.5767805810455544,184.68836541269337
lrb,187,178.153803702,0.5306047187590215,177.39485662123735
lrb,188,146.419958744,0.5515682152522507,145.3545774572036
lrb,189,142.308903415,0.6011554043451358,141.18694739248238
lrb,190,147.391519554,0.6100874839613817,145.61556800393498
lrb,191,134.322837173,0.5852145882090554,133.37261909036076
lrb,192,151.235773746,0.5594648151812346,149.78393061020793
lrb,193,157.067730827,0.5449067806496339,88.56800438376034
lrb,194,215.490184803,0.4431646091230748,163.3300775864545
lrb,195,214.211463227,0.4169954576673018,213.08501314649396
lrb,196,182.608477368,0.4991350935951267,178.69994638480392
lrb,197,172.885492498,0.5757375363260507,166.71731911453546
lrb,198,168.34855062,0.5869463252254505,170.10391986323336
lrb,199,161.588402008,0.5804503669357454,161.24720713297526
lrb,200,168.584796686,0.5261212223464223,168.54118074903303
lrb,201,174.257525338,0.5215476893840876,173.23024226169957
lrb,202,179.898465528,0.5173177292391422,181.56624525481578
lrb,203,187.115023056,0.5357435641147323,122.95461419797411
lrb,204,171.81885899,0.5210890197407656,125.55972939285577
lrb,205,167.311629548,0.5466872684603453,107.58552317899817
lrb,206,170.894580105,0.5113883324347471,168.54211033839806
lrb,207,165.424189342,0.4947254082679748,162.8113566379921
lrb,208,181.772370292,0.48246350130815624,181.30690101174744
lrb,209,201.693783392,0.49960472387894117,202.92841404933557
lrb,210,204.718991072,0.5262626831762253,201.88660356110213
lrb,211,193.919141275,0.5282112231330267,164.11446919160733
lrb,212,225.394819205,0.5777874098104588,141.7117126165652
lrb,213,172.394960797,0.5757911557205881,119.56935721004712
lrb,214,179.925710546,0.563966681478951,127.90549145866842
lrb,215,180.678478672,0.486519732023286,180.00568458706726
lrb,216,199.392151365,0.5026534712077767,196.6779987110811
lrb,217,177.636521872,0.5015745382051209,144.5780756333295
lrb,218,166.033036827,0.4550458751325532,66.16744384765624
lrb,219,171.708181767,0.4227859578663257,170.88929946001838
lrb,220,189.52616877,0.44968932758374097,185.73823176365272
lrb,221,173.094591968,0.46204252752679337,176.09995165058208
lrb,222,165.757007888,0.4541538255319534,159.94906361897787
lrb,223,156.204151447,0.39267438694282814,105.50406063304229
lrb,224,150.247625415,0.42400084666649923,143.01681075750614
lrb,225,192.385506068,0.4440686093926753,191.73134319829006
lrb,226,198.065883957,0.40705406975512415,199.28622636982035
lrb,227,168.548173211,0.4760366675902309,166.20219639796838
lrb,228,172.696467992,0.4784168917520911,176.6225627225988
lrb,229,179.988922211,0.5130896665421979,175.0596357457778
lrb,230,191.487373151,0.5017473622749411,190.69007774801815
lrb,231,189.604921472,0.5587423856916098,151.09325468773935
lrb,232,228.280315357,0.5251434858882837,174.79922174191944
lrb,233,215.634250478,0.5094565371744824,214.13556931439572
lrb,234,200.678236574,0.535368207236106,206.58100600897097
lrb,235,206.348982215,0.5491083911087505,177.6650270050647
lrb,236,166.215341288,0.5085805159998182,154.480118635589
lrb,237,170.892681373,0.553540616374777,172.9761678359088
lrb,238,149.239553676,0.5686050429811987,151.35430959065755
lrb,239,140.237458534,0.5740222351147177,143.0182398777382
lrb,240,175.995110988,0.5650243358838789,175.32131123262292
lrb,241,211.870518075,0.581154121577374,212.31348419189453
lrb,242,198.955964599,0.5813785036089558,196.9436900419348
lrb,243,204.877521163,0.5763528451937414,208.6666420431698
lrb,244,195.704294924,0.5825904985134667,192.7757994707893
lrb,245,243.724022526,0.5623592719467329,245.39848713594324
lrb,246,204.760847466,0.5266760808260901,197.4651446174173
lrb,247,175.086813641,0.5253619002068743,177.1457761876723
lrb,248,204.630334655,0.5333781927198251,198.50779532638253
lrb,249,229.239456207,0.48565049670145655,181.83548419428806
lrb,250,208.414884515,0.30971477279553605,102.11986799053116
lrb,251,236.705084397,0.4007346683784443,141.71764843510647
lrb,252,216.190886129,0.5004813426858061,186.26513208127488
lrb,253,171.206605189,0.556301355452938,170.6345823699353
lrb,254,192.543379131,0.5734082116038804,194.3411502015357
lrb,255,143.958218568,0.5835829103807751,144.84404027602253
lrb,256,146.493236825,0.5708153950738477,144.58354067334943
lrb,257,120.611087174,0.6115782726800078,119.31396391625498
lrb,258,133.969846177,0.6261037286590128,132.8605364631204
lrb,259,120.769149684,0.6136675750709265,118.01142237046186
lrb,260,131.004724602,0.5868202145118638,130.77651133817787
lrb,261,145.221710508,0.5833660014670531,144.84406729305493
lrb,262,147.809926116,0.6021619017657208,150.31482053270526
lrb,263,146.518003784,0.6242899835996025,140.15489573759191
lrb,264,143.662994511,0.6127456162070882,143.8020779478784
lrb,265,141.381355384,0.6183452967507004,143.54153382544425
lrb,266,141.050951869,0.6406195536672068,139.8943811454025
lrb,267,133.71872526,0.6175141739941801,128.69243044385723
lrb,268,115.635141212,0.6034350669753864,109.15412463019875
lrb,269,107.850670354,0.589363614447636,105.24648832433364
lrb,270,134.108868902,0.5764928684332296,139.89453056185855
lrb,271,144.962389346,0.5873836411370172,145.36532353419884
lrb,272,155.703012858,0.5809065500560137,154.48328731761256
lrb,273,170.945241146,0.5829067414101828,174.80329290651807
lrb,274,142.92126856,0.5789653286477637,138.85275648528452
lrb,275,146.992830252,0.5548864421307933,143.54197749717562
lrb,276,145.739426574,0.5349646204318289,146.66818796793618
lrb,277,140.137870429,0.4556741611749837,137.5503844317268
lrb,278,134.188092011,0.4154248147924371,139.3742062437768
lrb,279,149.305796413,0.4436947882279467,149.27394947725185
lrb,280,158.758869599,0.4224197201270171,157.08962016386144
lrb,281,134.347423295,0.4208602195612773,135.98825207878562
lrb,282,134.449604676,0.4710588472974941,131.0386132632985
lrb,283,140.974126974,0.43572143409200886,145.36699452119717
lrb,284,173.975055079,0.45345994825616026,171.9395348044003
lrb,285,166.792869725,0.44649122964932714,161.77951049804688
lrb,286,156.674534693,0.458289753553296,157.61135998894187
lrb,287,140.14106877,0.4633327755415551,139.37535947911877
lrb,288,137.663107656,0.5656385943992501,138.85423637838926
lrb,289,152.119145426,0.601837149793559,157.87179116641775
lrb,290,151.631402579,0.6175337690731574,151.09839405732998
lrb,291,150.81180923,0.5884654013247326,151.098440731273
lrb,292,133.375913328,0.5662136158207433,133.38349465762866
lrb,293,123.025611031,0.5645791570428002,125.56817088407628
lrb,294,135.651495916,0.54533934990565,136.77041087431064
lrb,295,191.167516457,0.48408234199636874,193.56286037669463
lrb,296,195.073145533,0.4587665445542269,187.04993528478283
lrb,297,157.869800692,0.5097316780432027,161.77979278564453
lrb,298,191.371366648,0.5370388297967508,184.96551379035503
lrb,299,136.432268143,0.5522968030593673,135.72816781436697
lrb,300,190.948900031,0.47431164946821,70.33885910931755
lrb,301,235.909096579,0.38915528391853327,211.7976817710727
lrb,302,174.641996653,0.5283379443782441,48.97662754432828
lrb,303,185.710149611,0.5651341209787246,119.05494600183823
lrb,304,183.750182639,0.5833857185700361,177.14961601706113
lrb,305,184.864470294,0.6268098180662591,190.43596245260798
lrb,306,132.660829959,0.6431162959421864,128.43369786879597
lrb,307,108.733208882,0.6415977483744816,108.6346704819623
lrb,308,132.638124272,0.6307868984010486,128.95495381074792
lrb,309,114.026025818,0.6350012694851735,115.92932577694165
lrb,310,111.97523889,0.6018738922034724,108.89550691492417
lrb,311,134.14266669,0.5459845586887841,134.16564064773857
lrb,312,134.838688184,0.509540513683768,132.86323888442095
lrb,313,126.049390295,0.4638642172560055,95.60950715308095
lrb,314,117.609772337,0.49818404340276534,119.57714915556066
lrb,315,142.71883986,0.5665601011987648,145.1080327351888
lrb,316,131.032112196,0.5774749282159303,128.695649061016
lrb,317,111.059761171,0.563352802789958,112.28320201798981
lrb,318,149.422653539,0.5630087110062018,146.9323424694585
lrb,319,313.160288389,0.5284027088675246,313.14376843022364
lrb,320,335.151148994,0.5082361927763446,327.99369761149086
lrb,321,492.908421466,0.43668782498894465,450.1773472505458
lrb,322,451.541398879,0.4761158430756622,292.82398576923447
lrb,323,318.170610941,0.5100450702240129,254.7885524375766
lrb,324,234.607141547,0.5304927788801975,152.66497279148476
lrb,325,212.034657088,0.5806318045404443,62.785597947064566
lrb,326,225.608875672,0.5616320019064386,119.57937613094555
lrb,327,194.070115441,0.48894365127633715,91.9641394222484
lrb,328,176.265456111,0.4050435553775745,115.9322411032284
lrb,329,187.167354103,0.3682544244905558,126.61385130040784
lrb,330,170.037951014,0.37326033711433415,48.196703772451365
lrb,331,180.357017584,0.5114294851882548,102.90668816659965
lrb,332,127.231973163,0.43262481362588945,121.14350038416246
lrb,333,153.957089083,0.4720006897892968,152.66704391778683
lrb,334,168.458492402,0.5547992583198897,99.78076761283126
lrb,335,159.052638157,0.4555243318436912,57.57593578263825
lrb,336,151.62760001,0.41584157943725586,40.38131998099532
lrb,337,177.316028277,0.5235722947238695,52.625897845099956
lrb,338,175.789209885,0.3524848525412381,66.69433737362132
lrb,339,168.313188194,0.3627947902331972,116.19401993097043
lrb,340,186.669061698,0.3498439009618452,121.6650365193685
lrb,341,179.703263394,0.36783449303057425,151.3646926580691
lrb,342,194.285652599,0.40593338743619484,192.26689049215875
lrb,343,212.715554849,0.4816979983095396,215.1927935731177
lrb,344,224.404556195,0.5267540605408805,227.95828576181452
lrb,345,221.605688763,0.5524771849627067,215.1925085927926
lrb,346,191.315041166,0.5336183255779513,189.13997811710132
lrb,347,179.870679089,0.51316941203615,185.23189682306028
lrb,348,179.42797065,0.5320177298372889,177.41605266496245
lrb,349,153.063939186,0.5356177478182893,156.05304586373126
lrb,350,167.454748339,0.49845798683204157,164.9106933294558
lrb,351,170.277882085,0.49879370576319954,166.9948303222656
lrb,352,172.015230196,0.49685702099814993,166.99479788985906
lrb,353,169.579451103,0.5185372277422233,167.5157832426183
lrb,354,162.119456714,0.5247057799504558,163.86842696245978
lrb,355,148.160980014,0.4947384156181779,147.9765578326057
lrb,356,147.912378123,0.4913928631752257,147.71608437930837
lrb,357,168.013622568,0.5054206035140925,165.69225317263135
lrb,358,186.654520103,0.5223791274574252,186.27368639777688
lrb,359,173.168278534,0.5114137219224231,166.21352931003943
lrb,360,155.282588897,0.5014765220792997,159.7006227081897
lrb,361,170.821926667,0.4635920400002466,170.12161081351482
lrb,362,169.275655982,0.45075764629659787,164.65072880165252
lrb,363,174.914702918,0.4736089882485214,175.07178281896253
lrb,364,166.892379691,0.44917260679584115,167.7772601557713
lrb,365,171.000738582,0.428605157253613,172.9878921807981
lrb,366,151.666395798,0.4405327648384494,151.88553281297874
lrb,367,162.61190741,0.45758829008108415,165.69345523609832
lrb,368,161.145348822,0.4688328773405158,162.30673181870404
lrb,369,172.907931144,0.4633687860039157,169.60151666379443
lrb,370,162.265768096,0.4579975450652624,166.99638297885073
lrb,371,154.875914224,0.46088249288032906,153.97019829843558
lrb,372,155.395507403,0.4892260170802352,159.1807833204082
lrb,373,163.254644912,0.5043362948374871,162.56764948227828
lrb,374,179.401140012,0.47834403323368124,180.02281799316404
lrb,375,175.520434647,0.40155530365828046,167.2571419809379
lrb,376,155.152907523,0.44655878655612474,45.85248416077857
lrb,377,175.316100181,0.4637177895810736,103.68935558842678
lrb,378,164.004764883,0.37804995028278504,102.90796736174939
lrb,379,156.55912489,0.3350560555271075,66.43436596440334
lrb,380,190.877548401,0.550100150016638,37.25537597057867
lrb,381,172.871245513,0.44855263776683096,103.42949957754097
lrb,382,146.850706312,0.48440588412031654,147.19825699750115
lrb,383,132.363100856,0.5342083166343998,128.96141545912798
lrb,384,136.863743072,0.5250814585842221,134.95366498161766
lrb,385,124.647640876,0.5098367482737491,123.75103984159581
lrb,386,131.651596359,0.5287406226279029,129.4827678007238
lrb,387,134.403895247,0.5504104721569054,135.73557299445656
lrb,388,138.190789783,0.5332396080096564,137.5593968110926
lrb,389,128.331092034,0.5290090418449417,126.87782410266354
lrb,390,139.443369881,0.5307879653392416,137.55968852323645
lrb,391,143.700357307,0.5594638060120976,141.72828668332568
lrb,392,148.020598008,0.5760329167390691,151.10753975662533
lrb,393,135.92746429,0.5792798530821707,132.87050718419692
lrb,394,132.455850243,0.5949559602958356,134.9548567528818
lrb,395,139.85832915,0.5961580200327767,140.68663159538718
lrb,396,158.98545697,0.5601197265752472,157.8817950080423
lrb,397,161.618990539,0.5172860138178256,161.7898967069738
lrb,398,147.249258271,0.5244056657216274,149.5450617173139
lrb,399,123.89333618,0.5394510147895978,120.62622510124655
lrb,400,147.229964457,0.5483132410755556,149.5455022176107
lrb,401,154.488656157,0.5865750291371998,152.15102766448376
lrb,402,139.212841167,0.6199609790654742,141.72984319948682
lrb,403,126.967764952,0.6196853861152402,128.7033114564185
lrb,404,129.29881498,0.6086939508914947,130.26657448562923
lrb,405,114.890181977,0.5947795818818299,118.28205967323453
lrb,406,112.620189109,0.5271373839922996,111.76869102926815
lrb,407,134.77949558,0.5010057262175373,135.7377502740598
lrb,408,109.026078382,0.45032942014755595,105.25544939228132
lrb,409,119.040281608,0.5273161093953629,55.4936871696921
lrb,410,114.295376152,0.4964467952040589,76.59704670625575
lrb,411,105.35592907,0.4085969017559462,99.26370323031557
lrb,412,118.235428889,0.4099492319493905,120.10663003360524
lrb,413,114.506493085,0.42363752666170945,112.55125391343061
lrb,414,112.006300934,0.4779146925140829,110.72760548311119
lrb,415,112.975920101,0.48237358446252154,113.85411350025852
lrb,416,133.095975342,0.5022705947349684,133.13381536147173
lrb,417,162.881580103,0.4797285827379378,164.1376944149242
lrb,418,155.361594613,0.4613632632791995,156.32175822538485
lrb,419,180.560020518,0.46808484002017836,179.50963757084864
lrb,420,143.590268933,0.49708754199522515,140.68969900093828
lrb,421,153.27366364,0.5503680899689093,154.75865313960057
lrb,422,178.746678958,0.5181607930031336,174.8200243183211
lrb,423,177.869713824,0.5158431303640963,177.68599356856998
lrb,424,160.434191461,0.5116057185853115,158.9274138805913
lrb,425,143.965090501,0.4824935591591455,150.85082962933708
lrb,426,143.663822852,0.45450190610921004,140.42945257448682
lrb,427,125.418459457,0.4828779925534755,126.62109554515166
lrb,428,137.432081161,0.4942887524997487,110.728463715198
lrb,429,194.353250699,0.5970785381607195,113.07342230104933
lrb,430,202.298358018,0.5732795705352974,115.15765231263401
lrb,431,140.457243124,0.5456475039206983,133.6555700863109
lrb,432,132.869666914,0.5675245352675408,139.1266664392808
lrb,433,163.007545728,0.573024713872456,154.498320127001
lrb,434,161.05441064,0.5866922002861553,165.18036238726447
lrb,435,140.580308081,0.5939010453538482,138.34502174527037
lrb,436,157.89608864,0.5687566536126727,155.80090466667622
lrb,437,146.685113157,0.5217766512732407,149.0268077775544
lrb,438,140.766228446,0.456804680952087,133.6550687004538
lrb,439,140.031975303,0.5043667643720454,143.2949805166207
lrb,440,134.524479319,0.5004197853190876,139.3870455573587
lrb,441,147.560192036,0.5508918467805617,150.06917987898282
lrb,442,141.980333926,0.5353900677230881,134.69766893573833
lrb,443,148.125929341,0.5186198009178041,150.06956437054802
lrb,444,124.398386748,0.5423176249759829,121.9317070456112
lrb,445,117.778369478,0.5492745845708077,116.20005544026694
lrb,446,137.619470179,0.4747299992470514,136.7828005622415
lrb,447,176.75918748,0.43629205186624787,77.11951832490809
lrb,448,186.770706772,0.4016735346012483,148.76812462900196
lrb,449,128.319115069,0.4975955771952279,131.8332228118298
lrb,450,102.106089369,0.5696090233418369,100.82906601849724
lrb,451,118.53329783,0.6141844961200519,116.46152666877296
lrb,452,114.806266877,0.6060946989952818,111.2507589602003
lrb,453,127.022846225,0.5822521931285042,127.92545590868183
lrb,454,130.157254564,0.5261761671748044,126.10185325472965
lrb,455,113.748485548,0.5644530215800204,118.02531349331724
lrb,456,138.223447004,0.5781612934026504,138.6083354276769
lrb,457,224.693283081,0.5616793385249579,130.0106170654297
lrb,458,206.271068127,0.5294378342557967,140.95353959027457
lrb,459,152.68612839,0.5572482071393309,155.80473659739775
lrb,460,118.342583472,0.5669709286119183,121.93430654488355
lrb,461,114.705870675,0.5398644977933044,111.77328347598805
lrb,462,113.745917675,0.5747947649292227,110.47047621783086
lrb,463,176.293335177,0.5424421560583692,137.56686150045957
lrb,464,236.616126371,0.5461758026648993,235.2706368539848
lrb,465,151.994294257,0.5281400166477712,150.5943666046741
lrb,466,124.786087046,0.4971399186021191,122.97695297540403
lrb,467,139.091961659,0.4687649473603331,140.17314070159316
lrb,468,158.869397235,0.46354018012291104,158.67207821116727
lrb,469,136.737743286,0.4203799353968916,137.56816693474266
lrb,470,146.035683565,0.4018044629359504,144.34261639164944
lrb,471,130.57094129,0.44822202798198246,132.8787545596852
lrb,472,154.729728174,0.49266250203409095,159.9756878422756
lrb,473,163.025351476,0.5358410671012093,170.65811172186162
lrb,474,145.012491464,0.5465323762654403,145.38506936465993
lrb,475,156.354767667,0.5425417095673185,155.0252426745845
lrb,476,162.232325772,0.5578027325917067,160.23610283346736
lrb,477,154.379663609,0.5868056105990564,161.53872620825675
lrb,478,150.652853584,0.5892284951039722,145.90591819613587
lrb,479,148.134665422,0.5623990003863633,152.94062844070734
lrb,480,134.758406783,0.5409725540910579,136.26563986983953
lrb,481,164.378630399,0.5605864224937811,165.18621918921377
lrb,482,165.161599378,0.5795998940175109,161.27800313912184
lrb,483,195.259186264,0.5452085270173354,196.45171807981006
lrb,484,230.345187019,0.5231920936605433,237.0969009997798
lrb,485,207.496146908,0.5016844032077015,205.31026602352364
lrb,486,193.425778178,0.5052770396126783,194.88831057081035
lrb,487,177.170746953,0.5196979835564769,180.0369892195159
lrb,488,198.040846411,0.49815191142516535,189.9374002793256
lrb,489,185.029218668,0.4754839843186009,124.01928061690984
lrb,490,171.1992435,0.49145146830702285,166.22733259014052
lrb,491,159.551558507,0.5139103434562683,162.84017301073263
lrb,492,145.406313933,0.47899329927232537,140.69386471019072
lrb,493,156.312807453,0.47198472812553016,159.71352802351407
lrb,494,163.288063495,0.47046304655707377,167.0086170869715
lrb,495,174.146089794,0.5067665757710658,166.22685370351752
lrb,496,166.749475298,0.5071204516210815,163.3607934989181
lrb,497,176.403672699,0.5288775245497997,173.26144732306986
lrb,498,127.407974552,0.5274515831495222,125.58197889141007
lrb,499,179.235259356,0.5820081314548503,179.25425238515814
lrb,500,123.8935363,0.578070864113155,122.195231478822
lrb,501,115.757840945,0.5714560656178241,114.37906398399204
lrb,502,159.649245426,0.5560950279038147,157.1085782219382
lrb,503,173.137821952,0.5024472083009424,175.08644077076633
lrb,504,166.653525205,0.557718283881223,273.31237469841454
lrb,505,201.201175453,0.4875724564322348,198.27556352802355
lrb,506,185.112687993,0.4737241550302896,190.71998425652
lrb,507,172.635377243,0.44153872851355846,171.70033671061196
lrb,508,162.736189517,0.44223806483845873,161.01815562528722
lrb,509,167.479819483,0.4340846462847707,163.10275056128407
lrb,510,159.457072796,0.4362876569620924,159.45525746065027
lrb,511,159.659336853,0.4496169824842151,159.19491158279718
lrb,512,170.267468148,0.4302752080569073,166.2299228443819
lrb,513,173.171482267,0.5188466333018409,175.87033395206225
lrb,514,174.812835885,0.5860471361654778,175.87041922176587
lrb,515,167.010291815,0.599926118895134,167.7934799194336
lrb,516,190.356673075,0.5559393489171588,196.97504425048825
lrb,517,244.344279572,0.5076096161753436,234.75497346765857
lrb,518,232.746444039,0.5141720148228166,234.23433550666363
lrb,519,213.462541586,0.518939003183393,211.82745660520067
lrb,520,191.004901137,0.4982428011939393,192.54699629241347
lrb,521,168.793235273,0.5167744297864316,164.668308542289
lrb,522,137.156615299,0.5127978097057712,134.96569130093442
lrb,523,138.536885269,0.517668987051496,138.0924809773763
lrb,524,123.87825339,0.5015824976106805,129.23387597775928
lrb,525,122.240324228,0.46262869219246666,118.81197102864584
lrb,526,226.540537478,0.3746491717866489,182.38699251062732
lrb,527,222.303169857,0.4200227047106932,218.60407849480123
lrb,528,124.837589524,0.5455927800197723,122.98115177528531
lrb,529,113.415745323,0.5308068421433721,110.21415728400736
lrb,530,133.173177322,0.4994588222874656,113.86208041321999
lrb,531,163.29615005,0.544822342075378,65.92028572232115
lrb,532,199.849301693,0.49156710899424283,136.0095868278952
lrb,533,178.482574961,0.4734679065633833,177.95915024701287
lrb,534,161.856680314,0.5449009410110159,161.2838425580193
lrb,535,129.810985316,0.5379150661544301,129.49628152286306
lrb,536,148.200286215,0.5256485894993619,144.6087449017693
lrb,537,164.695704432,0.5268708197072671,163.10849950453812
lrb,538,159.926218056,0.5212888018277444,162.3271005667892
lrb,539,203.123167831,0.5110841005925801,202.97441627652034
lrb,540,181.758158792,0.471314273552393,165.9755095837163
lrb,541,173.248823344,0.43346947630661264,124.8074478747798
lrb,542,125.902327625,0.4393412700120141,110.7372496361826
lrb,543,127.712876821,0.4666814223313943,132.10296729592716
lrb,544,109.422319178,0.4747071022529738,109.95549394196155
lrb,545,102.750946093,0.4683860957772666,103.44151659198836
lrb,546,126.027862133,0.42004413612477187,120.37781264361213
lrb,547,160.145749262,0.3576843665249046,113.34283537023207
lrb,548,135.348525024,0.415244800587223,133.1451385797239
lrb,549,105.418108558,0.47896349714629016,103.70194609398936
lrb,550,104.315619991,0.5048993649007064,105.78627642463235
lrb,551,102.69572409,0.529032545113386,105.00444739846623
lrb,552,103.863656351,0.5510795267705385,102.65926082835479
lrb,553,124.163889444,0.5665779531127003,124.2852264404297
lrb,554,111.113440302,0.5512808364557932,108.1305627261891
lrb,555,131.964659254,0.5156056681882988,134.18586934407554
lrb,556,155.357132647,0.5403534902244056,155.03008012958603
lrb,557,156.10027976,0.5665735170489452,158.93825973809936
lrb,558,139.971138442,0.5714931521210251,145.12884488573263
lrb,559,165.001907251,0.5208104198201198,164.93099371218213
lrb,560,177.127915617,0.5471186480068025,136.7912477979473
lrb,561,143.067378802,0.5723956721169609,91.19428770775889
lrb,562,131.170845926,0.5318109786217929,84.94111821791705
lrb,563,127.742364449,0.47580978749719854,84.94117790670956
lrb,564,129.923435038,0.48438824894951604,42.73123249727137
lrb,565,140.799253607,0.4721225135058284,129.7571543974035
lrb,566,142.656114926,0.532156612691672,119.8561154533835
lrb,567,132.897105928,0.5269247697245689,64.61822102864583
lrb,568,153.390814084,0.525910545668961,148.77834370930992
lrb,569,149.039876342,0.5126961835020377,146.43350662530636
lrb,570,146.553362341,0.5538933714125173,146.95481082691865
lrb,571,154.37312285,0.5795417447984718,155.553423354205
lrb,572,110.333761506,0.5643837091764567,109.9557991177428
lrb,573,134.312764234,0.5688330275336587,132.3640116373698
lrb,574,118.905229305,0.532627654125501,124.54744346469056
lrb,575,136.517580193,0.5501101248794132,93.80153207217946
lrb,576,116.722093845,0.5745878142695273,48.46425673540901
lrb,577,109.303826919,0.5845723090233741,80.25269257788565
lrb,578,117.052554501,0.5216841640750469,105.00609109915938
lrb,579,140.211085793,0.5146288050384056,138.8792018516391
lrb,580,112.572045238,0.5160266604479843,66.18266553691788
lrb,581,135.201004604,0.5085554337189868,39.86601311178768
lrb,582,238.729242911,0.5152185091591741,43.25342488008387
lrb,583,366.869633815,0.5118236023446787,11.985906892664293
lrb,584,391.622954089,0.31671855622722256,8.077491072112439
lrb,585,345.788905138,0.3817218141445261,118.03548778459137
lrb,586,202.476371081,0.3643697012554516,17.197257546817553
lrb,587,130.674226961,0.4669710695743561,5.211302514169731
lrb,588,141.492013088,0.5064501166343689,2.084524595971201
lrb,589,138.446989019,0.4868174344301224,14.070517237046186
lrb,590,134.427996195,0.5215771286874203,28.922817813648898
lrb,591,138.069561341,0.4962793885787561,88.85301393995097
lrb,592,131.939163805,0.5037479063573356,81.55722847732842
lrb,593,137.774072131,0.5126489400863647,29.183448223039214
lrb,594,140.018726701,0.5403468272378367,24.23272642247817
lrb,595,138.903935292,0.46611665442553063,118.03679863424861
lrb,596,119.332814228,0.49748934450603677,82.0786729700425
lrb,597,142.690049503,0.5035653706456794,79.47307930740655
lrb,598,138.211856286,0.4642583346696356,103.70600140141505
lrb,599,142.709824486,0.485393996289338,67.4871566473269
lrb,600,150.99816005,0.45094629332491887,113.0866596296722
lrb,601,163.166363371,0.467888287330383,113.86847561106964
lrb,602,174.203122657,0.4658099865355161,172.49657963771443
lrb,603,178.21149832,0.46185069471509227,175.6236354154699
lrb,604,172.134244011,0.4535342951615651,175.8844496783088
lrb,605,128.14902845,0.424565823594476,122.72843601002411
lrb,606,140.169939216,0.3714144831086382,105.53096098058364
lrb,607,136.852729218,0.37416955001500185,63.839794203814336
lrb,608,163.540083113,0.45665909095243973,71.65699809953279
lrb,609,163.998246045,0.38552233195914254,163.11742885813993
lrb,610,197.601818322,0.3921194986844524,148.26507762834134
lrb,611,198.206325842,0.35762037810760106,181.8790787341548
lrb,612,155.321797802,0.39444606821492034,151.91357900582108
lrb,613,161.202445683,0.37005557382527077,162.5972909366383
lrb,614,167.992667371,0.3912349823862314,166.76674613204653
lrb,615,174.364090088,0.4228794194563972,170.154447518143
lrb,616,178.785481452,0.4073414077288912,178.49305470784506
lrb,617,159.75279318,0.42804386471457123,164.6828072342218
lrb,618,142.957497903,0.4496512359292091,140.18891661400886
lrb,619,117.522666207,0.42925604784515353,116.47673923268036
lrb,620,128.877682302,0.4389430956396168,130.0266449572993
lrb,621,139.5399283,0.4649617930659574,140.18906381644453
lrb,622,123.714037097,0.5108954209236451,126.63919534122242
lrb,623,123.625415602,0.5303280461805101,124.81519239837048
lrb,624,119.232816804,0.5135528052599847,120.64598286946614
lrb,625,109.03222597,0.5019232532618069,105.27208542169309
lrb,626,118.236648297,0.493622949513633,101.88465330834482
lrb,627,171.351162472,0.46586576267261404,104.75110931396486
lrb,628,241.752016911,0.4802880994267337,137.0623634487975
lrb,629,286.483408686,0.4406746224691815,127.94228545544195
lrb,630,251.246244333,0.37444632988551574,105.79351435642616
lrb,631,208.310566817,0.3403793373082066,96.15221925623275
lrb,632,190.401698613,0.3258391027988241,87.81381500842525
lrb,633,184.022998958,0.2663786896303588,13.289353942871095
lrb,634,181.637635267,0.29035539803456284,25.536405615713086
lrb,635,170.692481286,0.3316796405649767,42.734393071193324
lrb,636,171.412541094,0.3204369872416321,39.60748626110601
lrb,637,174.357106026,0.3067440092563629,14.071080645392923
lrb,638,184.233573708,0.36049896252306196,20.585469833074832
lrb,639,176.999300873,0.3765389919281006,2.6057556750727633
lrb,640,186.571522296,0.5355321174128014,89.11669060202206
lrb,641,188.127922382,0.5357666713951608,88.07439012714461
lrb,642,176.627879484,0.5084261213030133,72.96103324142156
lrb,643,174.414458248,0.5196014697614469,39.60741804534314
lrb,644,184.744258148,0.5380141184880183,10.162429630055147
lrb,645,182.072883631,0.5021916902378986,9.901854511335785
lrb,646,180.207267623,0.4892492303925176,8.077828680300245
lrb,647,177.339252583,0.4940410923149627,46.121796013327206
lrb,648,183.272711993,0.46019996129549473,94.84934680415135
lrb,649,188.861173392,0.46042036106236184,54.981419611912145
lrb,650,188.908916394,0.46222751385697697,27.8815996057847
lrb,651,290.888621802,0.5031211578647768,109.70266669778262
lrb,652,451.259989141,0.48057287862991704,294.9728930305032
lrb,653,400.549099466,0.4639395631906067,206.8981938979205
lrb,654,425.605228305,0.44154723102474713,197.77826654770794
lrb,655,413.004488583,0.4453591015559949,236.08335577272902
lrb,656,450.28139221,0.453924523392158,268.9164217481426
lrb,657,566.574164052,0.44928951297937664,414.05901561063877
lrb,658,500.844084872,0.45229488844826216,329.1108328127393
lrb,659,389.175285573,0.45742131071801506,209.76593227012486
lrb,660,444.475317962,0.46451631306254926,322.857403384938
lrb,661,412.632114248,0.4567095890326082,258.75538841696346
lrb,662,308.242608763,0.45373985796920513,157.65077044917086
lrb,663,325.879609619,0.4464265502674479,166.51064785228056
lrb,664,480.667672345,0.4436763437615196,316.3446816537894
lrb,665,496.139511926,0.445584099164293,345.7908824546664
lrb,666,472.493008297,0.44966724649813394,345.5308162913603
lrb,667,452.08721489,0.4706310720516262,325.46658178591264
lrb,668,570.216932665,0.4461732842119224,426.3125342574774
lrb,669,724.474292585,0.44289493325271145,600.1222813624962
lrb,670,263.15974426,0.5278297672813066,53.940674276912915
lrb,671,248.877633799,0.5422557458843825,55.243661768296185
lrb,672,284.619559875,0.5195491561743572,119.08660260368795
lrb,673,227.871751391,0.395653309721813,139.4124486586627
lrb,674,421.3548785,0.4379478333857653,367.16281890869146
lrb,675,370.452388676,0.4427372717504349,228.79279441085515
lrb,676,528.995574373,0.43201181075677064,376.0228940477558
lrb,677,433.298289701,0.4348095173466747,281.17063224642885
lrb,678,299.655155537,0.44666328225211194,131.8558623968386
lrb,679,416.208205533,0.4410452325637409,247.81602391261683
lrb,680,289.000682467,0.4705011104962911,108.14275572533701
lrb,681,169.525973852,0.5051588416099548,4.169364959118413
lrb,682,155.194559062,,0.0
lrb,683,234.619571884,0.49262136878336166,53.15939618278952
lrb,684,178.878508807,0.3147673413560197,48.20843655455346
lrb,685,281.923347951,0.3797174340182741,148.2729537963867
lrb,686,323.467129892,0.3970757388573372,175.63408239028033
lrb,687,321.880579336,0.4010969339350416,256.93627154780364
lrb,688,432.686179575,0.3847526502485615,301.4956387987324
lrb,689,365.794050949,0.4067188485601517,172.50621077593635
lrb,690,329.958448083,0.4138055058800751,198.3038594862994
lrb,691,196.352852332,0.3675435249530556,117.52308205997244
lrb,692,169.113936313,0.3553819283119683,26.84008160759421
lrb,693,159.238052914,0.39950203314060123,21.36776835123698
lrb,694,156.988507936,0.41281546552975973,27.361147712258735
lrb,695,175.121874325,0.4273385660734005,43.517149921492035
lrb,696,177.825315018,0.41570092726717983,70.87815626555798
lrb,697,213.734639787,0.45347935178063137,14.33193894928577
lrb,698,401.336119685,0.4710451779158219,23.973361624923406
lrb,699,510.340986958,0.4823224466355121,31.790757003484988
lrb,700,738.78624983,0.42821018446779036,55.503534922880284
lrb,701,824.013367745,0.3955579060839106,157.3902204027363
lrb,702,654.120063637,0.41274728088711327,54.200552667356014
lrb,703,464.777815502,,0.0
lrb,704,224.555282275,0.5026093497071215,24.233841211655562
lrb,705,384.15251708,0.4360822719626705,192.04685423607918
lrb,706,370.698231799,0.4114358976335809,131.59253677667357
lrb,707,402.105324948,0.3432193199793498,91.46328519933364
lrb,708,441.980001221,0.3180046121800138,129.24723361146215
lrb,709,400.35383226,0.34390971256840613,56.545592842850034
lrb,710,415.08012317,0.31858568109179797,79.21594573376225
lrb,711,516.972662359,0.36513710021972656,18.761639045266545
lrb,712,569.856461054,0.30151831993899975,130.81052581188726
lrb,713,467.878782088,0.3231602810370694,204.55417501412185
lrb,714,486.358284192,0.37039678451334324,293.932318204992
lrb,715,298.764943293,0.4777322251236801,171.98135241340188
lrb,716,301.053854784,0.5288808475565779,189.70057169596353
lrb,717,181.912255553,0.5456087133071942,46.643370774213004
lrb,718,207.325679079,0.6000134724637736,59.93291787540211
lrb,719,221.871642341,0.5441197981855957,86.51192794500612
lrb,720,200.400113398,0.5902106370011421,57.066645513796345
lrb,721,294.766672778,0.48336644848780835,122.21138329599417
lrb,722,304.170098807,0.45822017314922386,108.1403071085612
lrb,723,181.394499988,0.5815882384777069,4.169267482383578
lrb,724,195.334605485,0.4631269946694374,35.43883373784084
lrb,725,346.528532504,0.4375615250580118,186.05388102811926
lrb,726,174.468358609,0.4905757970280117,105.53513159658395
lrb,727,273.374723871,0.5105623401714684,146.70696393181296
lrb,728,549.976692325,0.4407611574689434,272.8282616708793
lrb,729,639.275395325,0.4326905901724036,451.0665242812212
lrb,730,718.180283045,0.455920466634669,553.2162711648381
lrb,731,696.68799767,0.4624527884381158,474.2590968113319
lrb,732,623.351063161,0.46099931757406587,399.7324308806775
lrb,733,472.746512352,0.4263218232814003,88.59751323625153
lrb,734,494.388841391,0.3465247605639095,239.99483561796302
lrb,735,387.145276676,0.48878402341401866,210.290220821605
lrb,736,441.410824331,0.5015621003982063,278.8240087471756
lrb,737,373.495732076,0.5002020925514457,201.69162525850183
lrb,738,373.392618567,0.5103822237602911,204.297561825023
lrb,739,430.483070169,0.5196186183951794,250.16046456729663
lrb,740,500.326030115,0.5112404825951248,322.60306997860175
lrb,741,542.30659847,0.5275543176829008,384.6227048986098
lrb,742,607.825826628,0.5248624863163116,444.29736007989624
lrb,743,735.087230439,0.5220894496050482,550.6172154146082
lrb,744,885.588155857,0.5350428462688834,799.7381962495692
lrb,745,278.396484252,0.5691984562836369,132.6380978453393
lrb,746,470.553352564,0.5316259968252565,330.16271365296603
lrb,747,346.046340928,0.5295512646751228,197.52440487730738
lrb,748,596.650365242,0.5101163897023326,473.22556568220546
lrb,749,528.721123617,0.5109733053486609,342.67221308689494
lrb,750,214.380570071,0.4337902849171019,56.54744762345857
lrb,751,365.872345369,0.47349162117575944,225.6690186743643
lrb,752,425.315483593,0.463006144570674,275.9629001393037
lrb,753,429.785754692,0.47309791833578707,261.1098029641544
lrb,754,367.325812414,0.4858658130782539,194.39937477859795
lrb,755,479.321503002,0.49343355498415364,306.19251879523785
lrb,756,530.447230885,0.4861259433592474,358.57165760713474
lrb,757,458.3643876,0.4675909987573419,279.092189654182
lrb,758,298.762752476,0.4019031979933313,113.09639820772058
lrb,759,348.435408616,0.44470166402348027,153.7486535764208
lrb,760,343.295653825,0.339401378684681,193.0983507642559
lrb,761,346.520159638,0.36071910121135764,207.69157281015436
lrb,762,226.784170347,0.27606846240162847,130.29620869954428
lrb,763,381.135224944,0.42918509296524576,180.58992040297565
lrb,764,543.775876057,0.4384404568738807,345.02240385167744
lrb,765,455.335936827,0.42872360077771277,252.25191081925936
lrb,766,482.749488343,0.4132829104061177,296.29182757209327
lrb,767,619.113381675,0.41557470640392175,440.91986706303607
lrb,768,782.103450897,0.36616291990896305,618.1231392355528
lrb,769,585.961778791,0.4066820161181913,458.1195208381205
lrb,770,603.123550781,0.29345924700476117,470.10855527391624
lrb,771,573.108790737,0.2936784454572823,274.9249620325425
lrb,772,587.397095628,0.2712210619284317,319.48627364214735
lrb,773,549.122088651,0.2717305229722603,255.901669401281
lrb,774,558.85163905,0.3207952322527057,175.11790496227786
lrb,775,325.39078548,0.3539122619973217,95.63701596727556
lrb,776,330.23646328,0.29566641023543,69.57805241603477
lrb,777,511.78922902,0.2740418112947143,250.6899933758904
lrb,778,461.978031647,0.28012008568562496,255.6413147271848
lrb,779,516.710951295,0.2796925264958311,356.75107819800286
lrb,780,661.120268133,0.26485068158364633,462.55205009310856
lrb,781,453.554228328,0.2628717099443978,176.94244208242378
lrb,782,259.698645854,0.3013724156788417,45.603593564501
lrb,783,307.95669922,0.29554401852061085,105.01866799148858
lrb,784,294.335953485,0.37599909938247505,46.645961417403875
lrb,785,269.696538569,0.29671828174058285,93.29215755088657
lrb,786,261.196882426,0.3425356218060433,107.8852554321289
lrb,787,175.571060002,0.5090546817269945,34.13755346560011
lrb,788,188.881183665,0.4797625793144107,50.033539147470506
lrb,789,204.904637057,0.4789335555949454,15.374877032111673
lrb,790,183.61560383,0.5116957426071167,39.60997431137983
lrb,791,173.983188111,0.49490324051483814,17.98086161893957
lrb,792,229.474336223,0.5711214613183704,68.01483315860524
lrb,793,296.098097823,0.5867203827754024,150.62304199817135
lrb,794,298.987294181,0.6111495099071163,178.76737850413602
lrb,795,506.379454387,0.4332768089501313,232.4495221605488
lrb,796,613.294847528,0.4019544875731293,326.2635828055587
lrb,797,1130.70609902,0.3213719888263365,805.497559670841
lrb,798,1257.47991932,0.2932496620603743,742.17565017401
lrb,799,1275.19418145,0.38845324040812546,1067.4039807787128
lrb,800,1024.87250885,0.3934496720079867,919.1247146008063
lrb,801,1046.90369918,0.432596365308487,950.6560135186888
lrb,802,929.545739964,0.48779751017628586,825.8288246603574
lrb,803,658.844533389,0.5190839939876202,512.5912416345933
lrb,804,582.668337316,0.5351358605662422,555.0669330073338
lrb,805,492.212599862,0.518312179407928,401.57634085860906
lrb,806,373.251065292,0.5031749715045812,221.76573686786722
lrb,807,312.720377543,0.4936021896297024,287.4352321549958
lrb,808,241.146625228,0.4652033134856645,141.7628059536803
lrb,809,266.61911759,0.47969400758913083,175.6398363001206
lrb,810,218.897215417,0.5002013956146084,254.5993320240694
lrb,811,245.770654096,0.5162278684391373,226.7156089333927
lrb,812,195.494359306,0.565788613463703,247.56301446054496
lrb,813,165.861226964,0.5682620977797703,89.12260356229893
lrb,814,184.175036589,0.5108332232231612,177.46338231703814
lrb,815,174.565388483,0.520596401551799,120.1331890031403
lrb,816,172.915934972,0.5448366170344145,101.89177446552353
lrb,817,167.938263222,0.40309248651776997,16.417352025649127
lrb,818,173.532822277,0.45204004109575496,23.192842251646752
lrb,819,170.25672325,0.41784467948110476,24.75641805611405
lrb,820,216.661412987,0.36791259571575796,58.112581739238664
lrb,821,160.068348209,0.3501739808491298,45.6041368970684
lrb,822,158.551161187,0.3775286630221776,45.604155297372856
lrb,823,173.027187562,0.36162822168806324,29.9685432583678
lrb,824,195.27603981,0.3725303108828055,50.29506198658663
lrb,825,208.402524644,0.3634354503326167,39.871324516745176
lrb,826,207.355264033,0.3505961135425399,29.447461835075828
lrb,827,172.053388033,0.24996373057365417,4.9513592888327205
lrb,828,147.848047556,0.3235205628968388,90.16687613094555
lrb,829,185.982424518,0.4674314440295683,186.58841633516198
lrb,830,280.143336047,0.5101889458036175,251.47789620792165
lrb,831,278.665506461,0.5430534401043194,132.38443400065103
lrb,832,176.657952551,0.48798033595085144,45.34434473374311
lrb,833,175.22478324,0.5167625078133175,7.296801877489276
lrb,834,172.581116901,0.5047678351402283,1.0424005246629902
lrb,835,200.680514924,0.36978620290756226,5.212020574831495
lrb,836,189.956144354,0.3374726176261902,11.9876693426394
lrb,837,187.891288925,0.31985941529273987,16.157321286668964
lrb,838,175.766934059,0.3369113504886627,13.55132506127451
lrb,839,184.014818034,0.3237969915975224,11.466520182291667
lrb,840,169.273871346,0.33976751096021096,62.80529046152152
lrb,841,167.070430205,0.2983963099809793,50.81764400706572
lrb,842,172.864419533,0.29765130066070233,31.011846145929074
lrb,843,195.134683076,0.41563773044833424,14.072587435853247
lrb,844,357.373684357,0.46186149246651487,166.00445167691097
lrb,845,548.288372134,0.4749824568483044,292.1367446001839
lrb,846,563.676109677,0.4619862356899923,348.94887147791246
lrb,847,584.633219624,0.4595499967766604,375.00966931511374
lrb,848,432.983534868,0.46023045626477654,223.07760527367685
lrb,849,537.492612957,0.4689915099647584,352.85906381046067
lrb,850,558.397708691,0.45817407625886974,349.7323922549977
lrb,851,499.217825947,0.45758054753670213,295.5268969367532
lrb,852,376.866155981,0.4561031209630566,149.06664763805915
lrb,853,489.27810775,0.4519658911823083,271.55157832725376
lrb,854,560.949863991,0.4544150294740296,341.13365029727714
lrb,855,583.724735524,0.4619238226426309,395.0796189850451
lrb,856,588.546191924,0.4825548338415349,353.38286078957947
lrb,857,599.347304063,0.47418969282480755,400.8139094633215
lrb,858,597.053510908,0.45818301597428523,374.23250316545074
lrb,859,469.93925016,0.43455166588325966,235.32920986998317
lrb,860,426.158395686,0.42638506877267063,180.08040565041935
lrb,861,464.484180947,0.415501122625439,243.14803412942325
lrb,862,432.396679187,0.38099730378693375,168.61408523858765
lrb,863,455.798421011,0.37616458989523505,186.33563073850146
lrb,864,473.639074235,0.38621240512561694,261.391320142559
lrb,865,381.419229438,0.3807374229051186,148.80836549646716
lrb,866,446.931645719,0.4257242460135777,210.57289282106888
lrb,867,488.038979912,0.43313678207101525,260.34950764973956
lrb,868,468.264429043,0.46188659164143375,229.0763272154565
lrb,869,632.562484812,0.48626895361143874,352.8666565838982
lrb,870,627.71714209,0.48028609276682405,323.4181096993241
lrb,871,562.131341551,0.4800461596939972,317.68536430807677
lrb,872,510.096120716,0.4823092851266023,240.02352650960287
lrb,873,455.463844793,0.46795914264825683,189.7257158466414
lrb,874,505.462899326,0.4466326294502123,289.01938715916054
lrb,875,568.143836077,0.46819377267955226,308.3048747642368
lrb,876,518.137141731,0.4719200564603157,283.5469344195198
lrb,877,362.687186665,0.5092772410798009,97.20869433833104
lrb,878,609.205280013,0.5096005469390046,318.7298002056047
lrb,879,537.2827511,0.48671118192772833,273.12286718031936
lrb,880,573.7221938,0.43129901255725733,431.3159761316636
lrb,881,590.169241831,0.4556557247815616,375.8051846074123
lrb,882,585.678709444,0.4619027184203142,374.24183232924514
lrb,883,580.638848149,0.49413763102446057,308.5669258566464
lrb,884,547.820682391,0.5120200160578232,264.00207737941366
lrb,885,599.917245076,0.5002119860824449,272.8631123262293
lrb,886,614.704004635,0.4772452722335684,362.77549229042205
lrb,887,685.045000648,0.485278158149885,359.9087148329791
lrb,888,745.511502699,0.4517058788970777,450.0821882360122
lrb,889,717.334574747,0.4322034757786822,397.9596259023629
lrb,890,675.892863072,0.3835701110551683,362.2562552956973
lrb,891,656.307275121,0.3598972164875652,333.0686896829044
lrb,892,653.969767257,0.39275354915510624,371.9008443495806
lrb,893,608.674987266,0.4178351563870484,293.9768321616977
lrb,894,522.584145454,0.42989687406777466,285.63692172181374
lrb,895,531.732596783,0.44639560538435574,278.6009300381529
lrb,896,477.140537051,0.45829385571542813,236.64154187370747
lrb,897,420.851921559,0.4851647594939983,132.65497541240617
lrb,898,350.687246767,0.4948817645497335,101.90186641917511
lrb,899,260.728004935,0.35289669036865234,13.552106071920957
lrb,900,480.976758935,0.39342341179104706,152.20087926528032
lrb,901,661.18494202,0.46778454598981073,351.5746181712431
lrb,902,763.560142793,0.46246491590991085,501.43090954948866
lrb,903,758.846035877,0.4664229403502318,551.9917695587757
lrb,904,723.155792026,0.4518981650403521,569.7146614822689
lrb,905,605.248740102,0.44945788884639415,378.15950305415134
lrb,906,591.490118621,0.44406937649629635,373.20829219444124
lrb,907,499.350005403,0.44437851388129834,277.5610966401942
lrb,908,559.42145147,0.46488177076708975,341.9347774131625
lrb,909,589.955282788,0.4704704699826893,352.09950187533514
lrb,910,604.592793058,0.4562909085862462,394.32073851940686
lrb,911,606.81305842,0.46669389432515446,385.199535594267
lrb,912,582.019916347,0.49406821708210175,302.061476763557
lrb,913,567.634306605,0.49423630390170836,347.1498020845301
lrb,914,608.739471293,0.5023943920900031,342.98024501426545
lrb,915,608.185236052,0.5023909688771115,360.7032224168964
lrb,916,579.426449075,0.521970876622122,318.4827648686428
lrb,917,598.541649113,0.5380643163793872,351.3219155405082
lrb,918,591.648962179,0.5483221067741453,329.6905265957701
lrb,919,573.025904206,0.5421353155775339,360.4448639813591
lrb,920,574.794623197,0.512991565385182,423.25642571542767
lrb,921,461.950639183,0.48443356436467927,268.96640496347464
lrb,922,524.745149457,0.505142689828708,317.18257482192104
lrb,923,275.863990576,0.41790695048443444,105.03288693895527
lrb,924,486.775919149,0.4727667966461556,330.99650154861746
lrb,925,406.998074797,0.45088276801342453,223.87927036659394
lrb,926,482.399305589,0.48140435257853376,298.41851399739585
lrb,927,577.711429336,0.5396161765353826,298.9391495349361
lrb,928,601.528849449,0.5199755188487327,402.9297602335612
lrb,929,610.676952086,0.5260138728366253,396.4143967572381
lrb,930,661.491584192,0.49516101272707164,502.4904533835018
lrb,931,975.078253816,0.5599432863318665,740.9642057531021
lrb,932,763.194790636,0.5015418274494433,615.8645691516352
lrb,933,718.72987489,0.48216882309776987,527.5123888501934
lrb,934,765.892756907,0.4713610203202301,564.5223443124809
lrb,935,849.930667598,0.5027454633874751,613.7813760495652
lrb,936,845.932916733,0.5019910418452361,609.8727191700655
lrb,937,792.496306874,0.48689989250326643,548.8865525488759
lrb,938,756.351094114,0.4805236461588527,525.1701408835019
lrb,939,636.52134627,0.4859583236385712,446.98128733915445
lrb,940,423.285268976,0.46937898463673067,168.8888740689147
lrb,941,407.276905375,0.422801739820092,200.94715818517346
lrb,942,378.802019461,0.38621195072045356,169.9323316387102
lrb,943,303.520775193,0.3973179978165924,92.2638947430779
lrb,944,340.146662486,0.3676997594814564,132.14082417207604
lrb,945,347.750946832,0.3817786963914664,139.17812015309053
lrb,946,303.745844665,0.38118267104481207,120.41271296482458
lrb,947,338.886658846,0.40914563241297613,174.10348947562426
lrb,948,310.826387804,0.4540162099864417,104.51439538095511
lrb,949,264.149481579,0.47084431593184883,47.95680544984107
lrb,950,241.055378349,0.4749825754586388,8.861600030637256
lrb,951,220.160098592,0.4630207419395447,2.6063558541092218
lrb,952,252.758650399,0.37533954952074133,41.96240150601256
lrb,953,270.76592952,0.3802416852634886,71.93565410539216
lrb,954,305.673509482,0.4069352292269469,104.2547384523878
lrb,955,310.031500602,0.42736263017890586,110.51021851184322
lrb,956,317.705524291,0.41092717306747345,107.1221103443819
lrb,957,344.367736874,0.3956070179377146,160.29250700707527
lrb,958,350.222486268,0.43283235041946694,150.64921300551472
lrb,959,356.446420633,0.4408731300255348,151.17075347900388
lrb,960,352.119351309,0.43335053298325676,147.26140459846047
lrb,961,338.875218797,0.4025142579883724,140.48501425350412
lrb,962,309.898460394,0.40689148545834214,109.20838003719554
lrb,963,243.613089926,0.4131533563137054,75.5858673694087
lrb,964,306.179814502,0.44680134848792946,105.2990831861309
lrb,965,261.715516061,0.43265065191120944,60.468876857383584
lrb,966,248.908372292,0.37952179915412176,46.65495898676854
lrb,967,246.794369061,0.357015149584457,34.926109014772905
lrb,968,310.618561258,0.39659402522689846,120.4172119140625
lrb,969,376.393427929,0.46551862796731247,195.22215641994103
lrb,970,297.457144781,0.48839270157324044,103.99702390782974
lrb,971,315.291149014,0.43737847098260746,102.43330796185661
lrb,972,250.713069198,0.34543630903885686,42.22447497797947
lrb,973,242.860478303,0.4019624835345894,100.08789529239431
lrb,974,334.244471695,0.45326958520604915,158.21212463378907
lrb,975,588.617656315,0.4021601006624293,412.0817579680798
lrb,976,690.034360928,0.39849140076604617,532.7606396544212
lrb,977,697.961822231,0.4342672799028597,442.0554634543026
lrb,978,694.458770006,0.4828861938110849,537.9722117704503
lrb,979,604.652713365,0.5480070360694681,396.963129679362
lrb,980,603.887836089,0.5731343777510896,433.4529399198645
lrb,981,522.623197942,0.5961024105992565,315.11974259918804
lrb,982,522.77818462,0.6325516944118116,319.81119573256547
lrb,983,342.982925655,0.6160353265517277,178.0201518638461
lrb,984,208.177491738,0.43590109901768825,10.94700428083831
lrb,985,202.138126774,0.46386258016867815,43.26678146661497
lrb,986,347.202758966,0.5500630007084945,191.8333920946308
lrb,987,489.836979327,0.5882783365467036,343.0065935321883
lrb,988,555.860646906,0.575517105108761,439.44429037056716
lrb,989,568.709803164,0.5581694874652596,504.34384957107847
lrb,990,800.529889694,0.5848439903606704,676.1071406644933
lrb,991,662.859758405,0.5693440622440683,595.8280736287436
lrb,992,362.734815026,0.5128444214626374,291.39721739525885
lrb,993,213.842964799,0.48417565877698054,62.0325755699008
lrb,994,328.100149001,0.5254335992355296,196.00230871462355
lrb,995,507.406197458,0.5250999985562729,417.54797707351975
lrb,996,364.017990875,0.47060704979251267,331.27507955513755
lrb,997,305.177187465,0.4678941296099515,225.715375623516
lrb,998,200.677864336,0.45988002552914975,52.38885318531709
lrb,999,212.943681172,0.43516208190057015,75.06458186729282
lrb,1000,220.089185467,0.48430511845818053,20.590672362084483
lrb,1001,517.531235838,0.4113644471824078,339.35386980842145
lrb,1002,310.170958014,0.44919208289424256,126.15046587177352
lrb,1003,282.351780838,0.47892969966498394,110.25156537224262
lrb,1004,252.386942259,0.46548731968953055,118.59234364827473
lrb,1005,238.806383683,0.46321351297155633,88.09736199472465
lrb,1006,326.236934681,0.4507059821399758,170.2001859777114
lrb,1007,386.111993868,0.4454631693459847,192.87645730411305
lrb,1008,247.745415957,0.40089324908502866,70.63460798076555
lrb,1009,185.178769336,0.5100190546777513,35.18701306511374
lrb,1010,287.639440996,0.39800596518927267,124.06701393875423
lrb,1011,296.781528694,0.3217977490138125,140.7485850913852
lrb,1012,220.848933336,0.3166641484354144,27.88911605535769
lrb,1013,183.958906524,0.37401343340223486,28.671114753274356
lrb,1014,235.450522823,0.3897200312498396,117.81239345774934
lrb,1015,237.382846998,0.42226292569558704,237.1888234755572
lrb,1016,231.058920713,0.38158686750695797,194.4430034263461
lrb,1017,191.432272442,0.355170620699044,129.54199362362132
lrb,1018,176.771666762,0.35469943787274744,139.18612033619604
lrb,1019,186.241861985,0.35234343946112234,117.55246683756509
lrb,1020,191.670353601,0.37524683230760075,118.07391115076402
lrb,1021,184.508605018,0.4036311814395984,161.34168668260764
lrb,1022,183.504408625,0.40926740726345423,162.38437021292893
lrb,1023,177.441946792,0.4178313254093638,140.4899898454255
lrb,1024,211.881241028,0.4902987260633791,185.06063492718863
lrb,1025,304.057293969,0.5412630780644958,232.23807142669077
lrb,1026,329.010654407,0.5295172150121379,272.89935853247545
lrb,1027,986.791634137,0.5800085098386926,892.4599357455385
lrb,1028,762.941760898,0.5702448388263522,641.7172325283874
lrb,1029,623.720225259,0.5738073448244119,485.58958877862665
lrb,1030,545.88092602,0.5537894016762017,379.7667596256032
lrb,1031,309.899983801,0.5230706624396435,200.70098718381394
lrb,1032,391.848527095,0.5363517649808147,271.337406352922
lrb,1033,282.886579719,0.5205584942842975,172.02968373018155
lrb,1034,295.99448434,0.4584074114024459,172.55100603290632
lrb,1035,226.970600146,0.42443278120848743,107.38847554524739
lrb,1036,219.311411946,0.376859911595072,91.2281743965897
lrb,1037,231.675423439,0.4066637806839995,47.43876767625996
lrb,1038,249.911095339,0.42851160732280813,86.27612484202665
lrb,1039,258.633501331,0.4071622257681677,98.26628067914177
lrb,1040,244.878870265,0.4196700651626118,63.599464416503906
lrb,1041,206.911682571,0.4049321006731971,81.0633244233973
lrb,1042,199.140824074,0.41995184620221454,51.60950694364661
lrb,1043,197.812167294,0.3690852156052223,40.66212014590992
lrb,1044,197.493554446,0.3638557098413769,49.52441675522748
lrb,1045,197.345350621,0.3570102978037648,65.42447695264629
lrb,1046,180.294938428,0.3434705490769904,39.88032630471622
lrb,1047,181.171239903,0.31794605510575435,38.31644475600298
lrb,1048,175.759705616,0.3398728370666504,27.368979510139017
lrb,1049,171.802894894,0.3561658941601452,19.80993999406403
lrb,1050,199.889708592,0.39103193879127507,5.213148528454351
lrb,1051,214.647075637,0.4890497941523791,12.511587883444395
lrb,1052,258.289044334,0.4760057991263509,45.35455735150505
lrb,1053,270.23633134,0.42193434922783457,70.37783992991729
lrb,1054,284.427746107,0.41543747196189035,146.75110859590418
lrb,1055,273.744147584,0.38516085735757694,114.42952560723995
lrb,1056,211.227170623,0.3540990847585485,59.16981838450712
lrb,1057,177.674422092,0.3616843510757793,28.67262447581572
lrb,1058,191.607277645,0.38906511664390564,29.193986960018382
lrb,1059,185.686488423,0.38966965675354004,5.995204072840074
lrb,1060,176.887131231,0.42269110679626465,0.26066149543313416
lrb,1061,163.641597072,0.42269110679626465,0.7819844862994025
lrb,1062,161.259294223,0.3940693140029907,1.30330987070121
lrb,1063,158.609115774,0.3940693140029907,2.085295793121936
lrb,1064,170.262156573,,0.0
lrb,1065,169.007359407,,0.0
lrb,1066,164.570876949,,0.0
lrb,1067,177.778014723,0.31826805454174073,34.14689498602175
lrb,1068,187.866493201,0.373270579510265,23.459698845358457
lrb,1069,192.045672993,0.37690464576716143,49.265281856761256
lrb,1070,242.895366105,0.35997856440101944,104.00446337531596
lrb,1071,351.222278076,0.3478816792368889,234.59636900658703
lrb,1072,342.137181803,0.37152693695585487,185.07032252293007
lrb,1073,321.159960206,0.3873136642148475,212.96093376010072
lrb,1074,319.995618858,0.4110515202695975,224.69054762896366
lrb,1075,327.635954258,0.4317136631139274,214.7851883233762
lrb,1076,281.954667626,0.464808190553575,192.8894588395661
lrb,1077,255.274434541,0.4565448594826555,131.3732016170726
lrb,1078,253.847521303,0.47992878535318273,141.01745928596048
lrb,1079,212.228531511,0.4933805567222638,47.44020816578585
lrb,1080,188.5672635,0.4691810495871351,69.33559223249847
lrb,1081,185.715108706,0.4827567569671139,56.56317246380974
lrb,1082,179.750654171,0.5023463361095963,74.28801458022174
lrb,1083,186.886248222,0.5328269569904773,40.141560333850336
lrb,1084,208.429534634,0.45298684805959144,94.87988933488435
lrb,1085,207.316456978,0.42418308132573174,74.28777133717256
lrb,1086,177.051779969,0.5129234837550742,39.8808609008789
lrb,1087,173.367820984,0.5233933187049368,47.96129676968444
lrb,1088,182.785796023,0.5489592734648258,38.31690557143268
lrb,1089,181.406423034,0.4813607363766412,75.85172891055835
lrb,1090,199.329360484,0.5073410634483609,102.1782434201708
lrb,1091,174.414083591,0.5410374599724567,52.91373087565104
lrb,1092,173.435122159,0.5547157893442127,38.05618082682292
lrb,1093,156.973013935,0.5672005712985992,17.724796549479166
lrb,1094,157.897221408,0.5605667283137639,37.53486328125
lrb,1095,158.594445506,0.49794532207960496,46.39726155598959
lrb,1096,165.100942513,0.4632992148399353,77.93697306315104
lrb,1097,166.972515696,0.5232869254218208,46.9186482149012
lrb,1098,177.294717383,0.5022347913639439,99.31116677078546
lrb,1099,171.556876246,0.5349661885423863,73.50598629222196
lrb,1100,193.839383621,0.5246638119883008,117.29690417121438
lrb,1101,161.751569487,0.5373030310496688,41.70561622170841
lrb,1102,167.741874502,0.4391463216808108,51.61070098876953
lrb,1103,149.198502828,0.46403607293482746,48.482857289033774
lrb,1104,148.037951791,0.4076171677846175,13.554374425551469
lrb,1105,154.530797826,0.3012141233140772,40.14185144761029
lrb,1106,166.309254692,0.2913042784764849,30.236780383540136
lrb,1107,154.765499951,0.2793754126344408,1.824635165345435
lrb,1108,166.235653069,0.3064879835321662,23.198993338790594
lrb,1109,170.966659108,0.31357255578041077,29.194291896446078
lrb,1110,173.590412421,0.3422189174696456,33.62561816047219
lrb,1111,144.966489778,0.37220085132867103,8.341254529766008
lrb,1112,166.572960902,0.40385528069755344,74.81063058890548
lrb,1113,166.591839977,0.5229698144313362,37.535700061274504
lrb,1114,173.92110267,0.5132202171335473,88.886661604339
lrb,1115,169.31627788,0.5081852887725008,60.47425498214422
lrb,1116,177.848016969,0.5074097365140916,18.767889583812043
lrb,1117,169.137573189,0.5259157375968182,50.30841483321844
lrb,1118,173.628476962,0.4794678825358445,49.78713705025468
lrb,1119,181.659420611,0.5299329672944489,55.00052792418237
lrb,1120,178.626548009,0.5371498214571099,29.715950460994947
lrb,1121,176.882913223,0.5114200653800045,64.9059564927045
lrb,1122,175.168268809,0.570079032357756,37.275367826573984
lrb,1123,166.16612226,0.5491796603851151,59.43207244873046
lrb,1124,170.342821274,0.5528842342614029,56.56483001708985
lrb,1125,173.976578304,0.5592791049218759,42.749487753475414
lrb,1126,166.120153798,0.5925527215003967,22.67810453527114
lrb,1127,175.059259346,0.5361342450149921,62.039059448242185
lrb,1128,151.778792875,0.5121816494143927,81.32853420481962
lrb,1129,169.635322295,0.5949622341564723,18.246825094784008
lrb,1130,168.896937526,0.579422652721405,13.815469958735449
lrb,1131,162.933544363,0.5758932989377242,40.664461831485525
lrb,1132,175.474101552,0.5436606209466953,52.65526503020642
lrb,1133,152.851637151,0.5435907734291894,7.298761734307981
lrb,1134,157.294912584,0.505461328086399,43.79265926585478
lrb,1135,164.039808001,0.547083391348521,39.100643382352935
lrb,1136,160.467362169,0.5956029921043211,21.375049187155334
lrb,1137,182.447458361,0.6123642763205335,29.455893243527882
lrb,1138,167.403149185,0.5849944949150085,12.512254423253676
lrb,1139,188.142311553,0.551316533821175,43.27162014830346
lrb,1140,165.444764093,0.5532467521153963,67.77483756869447
lrb,1141,162.292063833,0.5747783637963808,67.77494482900582
lrb,1142,159.546792916,0.5587235516025906,54.74132807114545
lrb,1143,146.229807819,0.5020398168687327,65.42900169222963
lrb,1144,174.55385357,0.5111462461187484,61.258315411735985
lrb,1145,156.796818023,0.4978937456376442,61.77970266903148
lrb,1146,149.97853061,0.5170287095048102,51.352825478946464
lrb,1147,141.245683091,0.4818091738945359,81.85172065286076
lrb,1148,145.807604925,0.5347214976261403,37.79780578613281
lrb,1149,138.020902583,0.539313018321991,9.905638212316177
lrb,1150,149.962521711,0.43969855289305415,32.32362832462086
lrb,1151,129.618241801,0.4600086915719358,41.186670998965994
lrb,1152,146.682616291,0.47444069015285,169.9602679981905
lrb,1153,142.322736734,0.5107038765041916,35.19119397331687
lrb,1154,147.293609592,0.5419700826917375,12.773124425551472
lrb,1155,147.181822331,0.4463661041400388,97.2321605906767
lrb,1156,160.647690941,0.4398667286863566,93.58281713747512
lrb,1157,161.844998705,0.39191969351101946,121.21469968907972
lrb,1158,165.962497861,0.4306005358789554,166.05136901257086
lrb,1159,182.800242914,0.4810371342159452,180.64961601706113
lrb,1160,208.862046496,0.4997834498402457,207.23908772188076
lrb,1161,207.248093206,0.4818738562092282,201.50448395972157
lrb,1162,163.548756256,0.45350208353224425,72.46876466040518
lrb,1163,176.74005684,0.42653571419010594,81.07128550211588
lrb,1164,175.44696491,0.4641062741478284,78.20390813490923
lrb,1165,170.013449281,0.4698221321616854,14.5980754478305
lrb,1166,168.267573402,0.4518993186950684,58.65312733369715
lrb,1167,166.919840456,0.4742551288604736,97.7552816652784
lrb,1168,148.366248839,0.451447933274307,85.24274965174058
lrb,1169,161.162156803,0.3761944398669999,100.62309929342833
lrb,1170,160.531502481,0.48372720787602086,40.405723571777344
lrb,1171,164.445311102,0.49155089259147644,28.67506498448989
lrb,1172,176.275220101,0.29140329360961914,0.2606833364449295
lrb,1173,206.583419707,0.29140329360961914,21.636716924929154
lrb,1174,181.76749332,,0.0
lrb,1175,168.152788205,0.3094093112275004,41.7095474542356
lrb,1176,190.268601516,0.3409844546309321,142.33385476505055
lrb,1177,187.189532601,0.43417302005930447,157.45358611462163
lrb,1178,255.24685196,0.37900286864637445,177.005170694987
lrb,1179,222.958724107,0.399721222361187,160.58190238803041
lrb,1180,199.120411623,0.4007893711020472,201.76994269875917
lrb,1181,207.513945274,0.3847998715237771,208.28697315290862
lrb,1182,224.803293119,0.4005765168491853,227.3167220770144
lrb,1183,200.619629421,0.41266513180320014,195.77368337593825
lrb,1184,208.424027763,0.42978694583844695,170.4871654734892
lrb,1185,221.736849424,0.4763449141921583,204.8970780615713
lrb,1186,218.150026884,0.4768937183589471,213.76000994514018
lrb,1187,204.485216203,0.45533182922750703,208.54606807933135
lrb,1188,203.737728277,0.4338947980075467,204.37486096550438
lrb,1189,191.669500284,0.42586128144967744,190.81913155948413
lrb,1190,191.336657949,0.43490319335919764,196.29315472771142
lrb,1191,200.777743369,0.4455517169781319,194.72880515304266
lrb,1192,188.299638628,0.4798378842301888,131.64379846909466
lrb,1193,194.449153343,0.4915932015136438,140.7674710142846
lrb,1194,204.299919598,0.4749600620291352,115.22064843271292
lrb,1195,162.154565719,0.44682114333896855,94.88748973771638
lrb,1196,181.320783269,0.4702647895205255,172.83050635842716
lrb,1197,183.024637587,0.48618870142704274,156.14687359379786
lrb,1198,191.523177887,0.4772608729355643,108.96379995907054
lrb,1199,209.257647411,0.4460638203375846,149.62950110341987
lrb,1200,212.126164217,0.45894322977632496,147.0225128173828
lrb,1201,273.059054257,0.46632952000912725,146.7617206947476
lrb,1202,186.354144401,0.4886090789074287,69.34019978841147
lrb,1203,141.947394575,0.48144951853595785,143.11174819048713
lrb,1204,141.926912077,0.4798792737184161,77.94231429754518
lrb,1205,138.087669213,0.5035318832771452,66.47246581432866
lrb,1206,150.357277665,0.5178761843445154,138.94019174014824
lrb,1207,176.482043332,0.5292560718103088,171.26376396627987
lrb,1208,191.190210165,0.4929914107689489,159.2725249346565
lrb,1209,170.250305525,0.5058422822894743,97.23165390912223
lrb,1210,173.468801318,0.44941875458687774,168.13490923713238
lrb,1211,225.261240159,0.46796071799452116,244.51205210966222
lrb,1212,204.161333442,0.43341845395283596,192.1162373262293
lrb,1213,195.840307431,0.3839545608840097,195.2439442653282
lrb,1214,191.667189743,0.42575586318646663,192.3762618120979
lrb,1215,185.252033322,0.4819647220849653,183.2524907430013
lrb,1216,157.536653139,0.5369515074712407,156.1423884971469
lrb,1217,160.607723865,0.5341063021263258,161.0950034048043
lrb,1218,145.230756313,0.5499841338515499,143.10854581945082
lrb,1219,148.904095149,0.5411392687732338,152.4926190843769
lrb,1220,139.018003535,0.5678060532534973,135.28821339326748
lrb,1221,134.502817211,0.5658925442501556,134.50617343678195
lrb,1222,147.77810048,0.5466169662426174,150.92840989056754
lrb,1223,155.445005489,0.5468047606945038,156.40251922607422
lrb,1224,135.453137651,0.5451938697099687,130.33547079048907
lrb,1225,123.619856678,0.5454857534721117,124.07937963149128
lrb,1226,142.788483778,0.543901793897364,146.4971601299211
lrb,1227,135.6113175,0.5487414527805541,136.33104852414598
lrb,1228,107.9753908,0.5507873942822585,105.57187302533319
lrb,1229,135.475911512,0.5495624614897229,136.8524679445753
lrb,1230,173.973717309,0.4886934396174314,181.16661550484451
lrb,1231,170.953422162,0.46340879276750196,163.96249626010072
lrb,1232,149.193885244,0.47648991595484025,150.9291134105009
lrb,1233,143.467080026,0.45279853372503603,141.54513621610752
lrb,1234,134.827371044,0.4108520597219467,132.94316729377297
lrb,1235,139.011788537,0.41019184458519703,141.28494397331684
lrb,1236,146.160351304,0.3884214280196846,143.63126849006207
lrb,1237,154.205860374,0.40897411366479597,147.2809461705825
lrb,1238,213.682697039,0.39700857985137716,210.62514935661764
lrb,1239,252.046748192,0.4426791679714226,257.2863873650046
lrb,1240,238.950666879,0.4239246323211304,236.17209697050203
lrb,1241,288.068092385,0.37044489175328005,283.3548357196883
lrb,1242,196.890411816,0.42267559588916837,32.32390444886451
lrb,1243,182.342474588,0.406335741820918,57.60960896809896
lrb,1244,168.823567481,0.3786605451913441,106.35638427734375
lrb,1245,178.566725553,0.3899528623232382,51.353525199142155
lrb,1246,189.489721533,0.3926776209713724,55.00311758003983
lrb,1247,193.197983855,0.349160574277242,19.550896708170573
lrb,1248,200.68868927,0.4363427758216858,1.3033961875765931
lrb,1249,224.314937955,0.4662611550754971,25.807281763413375
lrb,1250,212.741727628,0.46827096141436525,17.726245147106695
lrb,1251,224.214917114,0.4849720142998742,26.850092510148592
lrb,1252,205.798798667,0.43971987402644647,15.119501629997703
lrb,1253,211.575974228,0.48608535485301946,36.234723797966446
lrb,1254,246.889335991,0.5165788504210385,51.61501958510455
lrb,1255,239.746698322,0.5035211867630764,55.00396270751952
lrb,1256,234.91954885,0.474835169514971,54.482642020431214
lrb,1257,179.34535636,0.2876570458923068,25.546973254633883
lrb,1258,197.820216222,0.43714990712585255,49.79057958266315
lrb,1259,392.406342311,0.28518400702374114,212.4579765768612
lrb,1260,755.333646574,0.3043502286782248,572.4633662803501
lrb,1261,481.399689088,0.35296373209984,242.95749395033891
lrb,1262,496.426810661,0.34243295071292723,322.46557294060204
lrb,1263,422.402452718,0.344181547901826,266.9394436705346
lrb,1264,422.198385277,0.35535846977880514,313.3404695697859
lrb,1265,549.102517535,0.3338533865943761,370.16912168615
lrb,1266,359.144943193,0.3776625995987033,212.45567994959214
lrb,1267,269.384294757,0.44323204105550595,143.37471932803882
lrb,1268,202.419493884,0.48458555717217305,74.29402884689031
lrb,1269,198.401804614,0.5203520655632019,45.6190725588331
lrb,1270,196.608298309,0.5852740869014221,44.054941932827816
lrb,1271,196.155076634,0.5977424532939226,50.83255274155561
lrb,1272,175.32580304,0.5971896595425076,35.19175495820887
lrb,1273,178.880933882,0.5235141755004936,72.72951489616842
lrb,1274,188.069895389,0.5254229323629952,84.98143142999388
lrb,1275,191.797624431,0.5371291280485863,44.83682885263481
lrb,1276,203.260082566,0.5637040511155739,50.832451315487134
lrb,1277,183.792533744,0.5647976434320435,34.67033858953738
lrb,1278,230.912984579,0.5557527870371723,71.9474547143076
lrb,1279,194.460061324,0.5491427779197693,8.081070275400199
lrb,1280,185.817292053,0.5494386579679406,59.95632874731924
lrb,1281,197.485388481,0.5812134544054667,22.67916950899012
lrb,1282,181.711714058,0.5889704321560106,4.952930196126301
lrb,1283,195.707312271,0.5745848516623179,3.1281717936197913
lrb,1284,183.331802123,0.5715712308883667,3.6495348762063418
lrb,1285,182.745471011,0.5048655867576599,59.174804956772746
lrb,1286,279.279870624,0.41859157341718667,130.34128346162686
lrb,1287,631.762584562,0.4094053311728499,480.17827055688
lrb,1288,673.80497072,0.42845653171869036,490.08533385033707
lrb,1289,470.688800438,0.4410928027662681,302.914832201191
lrb,1290,404.771475981,0.44994046043456903,236.70138546812774
lrb,1291,363.706316978,0.47246698166576695,201.24855627920115
lrb,1292,306.338402586,0.47760611929133995,158.7571683995864
lrb,1293,262.181127381,0.47506658840492466,119.13320791207107
lrb,1294,259.215275188,0.4984471541200135,77.16302562040441
lrb,1295,277.505389224,0.5073041920257912,124.6080442540786
lrb,1296,346.682324179,0.5409363216927482,150.15557259952323
lrb,1297,279.887434372,0.5054714681540788,170.48932710535385
lrb,1298,332.952111238,0.5041674425266452,209.33207723580153
lrb,1299,359.657292526,0.5082960160806211,213.5035026400697
lrb,1300,257.795825975,0.4682458371278786,87.591321070054
lrb,1301,246.696734294,0.39541023495105604,169.4474910661286
lrb,1302,228.614637276,0.44109253530861214,121.2202969719382
lrb,1303,245.725658714,0.45323945172307606,110.01085124296301
lrb,1304,341.796620569,0.4881871611468699,171.53390069101368
lrb,1305,385.435605299,0.4635741636243569,224.45453476251342
lrb,1306,270.697804357,0.407770332401601,111.57559048521752
lrb,1307,269.713503129,0.41222295138452736,87.59220365636489
lrb,1308,175.420837135,0.3799692344021153,9.6455852134555
lrb,1309,290.249048525,0.360777809665623,91.7634687835095
lrb,1310,298.417919783,0.3696016913465181,99.58435169294768
lrb,1311,194.396363384,0.3472726054023951,33.36862745098039
lrb,1312,162.012046305,0.3014116969800764,32.32590514538335
lrb,1313,231.05039134,0.24207486264845907,22.158929293763403
lrb,1314,218.229565926,,0.0
lrb,1315,222.331349287,0.3360108425936748,25.287293348125385
lrb,1316,249.560503463,0.30663257579796704,92.02499706791896
lrb,1317,231.310947348,0.23612177239523993,35.19378745883119
lrb,1318,167.358557198,0.2590852246834682,16.945177624272365
lrb,1319,229.673747908,0.2659417854834206,20.594923759909236
lrb,1320,207.424897487,0.27577747258689855,74.55892492556104
lrb,1321,204.718364101,0.31521668192886165,109.49219064151539
lrb,1322,210.950138074,0.3495195897790672,92.28629294002758
lrb,1323,222.749225536,0.3084581150643287,129.30522478889017
lrb,1324,225.213489249,0.26373120064013883,39.625856466854316
lrb,1325,193.535027801,0.24719022790778358,27.633829094381895
lrb,1326,222.135496266,0.3164873625968863,42.493529645134416
lrb,1327,258.741666129,0.3887067476456815,57.353248596191406
lrb,1328,656.260382724,0.3445405892185417,534.9498045079848
lrb,1329,453.258184628,0.3894213990393866,309.44674924962663
lrb,1330,386.487390685,0.4349173236275867,259.91414346133956
lrb,1331,469.576672898,0.47940979107741094,270.8633668787339
lrb,1332,419.49619786,0.5083520634236772,258.8710993149701
lrb,1333,318.231780022,0.46036235753296145,186.9186047722312
lrb,1334,225.079883252,0.43321357899919494,101.9316650989009
lrb,1335,310.012919621,0.4527002472069956,193.9571511960497
lrb,1336,348.508294258,0.47396538757866274,196.30327157413257
lrb,1337,375.412475839,0.47038983327512174,163.1948751112994
lrb,1338,348.319886276,0.47177722854049586,178.31503469429762
lrb,1339,354.972266696,0.45813023026297695,191.61056802787033
lrb,1340,430.940576374,0.45549711181373187,246.35661354812922
lrb,1341,435.972327858,0.43618914493157684,284.93908972646676
lrb,1342,372.803337176,0.42751366622520215,249.48412580303113
lrb,1343,505.047898536,0.4891221415276496,349.59057294060204
lrb,1344,747.75242753,0.4749635891956196,534.9434428794711
lrb,1345,794.218217149,0.465160889443841,579.7813913382735
lrb,1346,914.354742426,0.47326466807800743,709.8659646726123
lrb,1347,948.847895793,0.4631774985621856,793.5476882336186
lrb,1348,965.085195686,0.4146427229000401,753.1422409356808
lrb,1349,930.633788285,0.40650865004478326,764.0882221595914
lrb,1350,763.709059289,0.4042651320273377,601.675482147815
lrb,1351,588.915436674,0.41459603014629914,411.37013307459216
lrb,1352,573.082335949,0.4099861710432856,364.70624712775736
lrb,1353,634.738897792,0.42377727115442887,462.98588657753123
lrb,1354,656.330661619,0.4147045145295639,493.2251322727578
lrb,1355,696.015923704,0.40737078000261656,561.0039393406288
lrb,1356,709.761142081,0.3924996990837558,527.3743982352463
lrb,1357,669.167068144,0.38224344814995853,514.3394270055434
lrb,1358,611.324775155,0.36172205076392205,448.64536324295347
lrb,1359,539.456819808,0.3683016029616592,368.0923568725587
lrb,1360,419.468804691,0.3427708988547102,277.3728545544194
lrb,1361,320.294154792,0.2788922599177386,145.20368586521522
lrb,1362,380.652229609,0.30420256276611574,214.54657541910805
lrb,1363,496.228562007,0.29341398180827977,299.5301391003179
lrb,1364,572.520555499,0.30129404617630745,416.83908864937575
lrb,1365,630.020699878,0.3063154092717909,479.40343475341797
lrb,1366,635.172008828,0.30449805621649695,464.2830587349686
lrb,1367,691.753715763,0.3104153881267033,534.9288116155886
lrb,1368,769.553966721,0.3155368007333294,553.1762625600779
lrb,1369,875.620997943,0.3201597286207929,673.0908324596928
lrb,1370,648.586777157,0.32252507919798706,468.9744759054745
lrb,1371,324.845663534,0.3367025442074205,195.77561684402764
lrb,1372,286.533261606,0.34057256064856256,94.36856701420804
lrb,1373,352.939111146,0.33070841650227584,174.13852622836242
lrb,1374,314.917712739,0.33606549283942655,144.68092301312618
lrb,1375,247.740848053,0.3428771016293003,34.67129432827819
lrb,1376,228.946897997,0.4869281053543091,4.431654866536459
lrb,1377,224.528351689,0.49005323611885493,42.4917496026731
lrb,1378,224.918043653,0.5126597156578844,22.9403283811083
lrb,1379,228.718352927,0.40520442090928555,29.19665440578087
lrb,1380,240.427591473,0.3685141785868577,43.79495131548713
lrb,1381,247.660152321,,0.0
lrb,1382,258.029462984,,0.0
lrb,1383,258.508010235,,0.0
lrb,1384,264.170833249,0.35905981063842773,14.859052501005285
lrb,1385,266.715850057,0.3633116390819928,92.02185235116995
lrb,1386,326.490463427,0.35887813479153075,139.72730054668352
lrb,1387,278.567329279,0.36811274199085375,102.44925671745749
lrb,1388,299.685543446,0.3850610415140788,101.66720491297103
lrb,1389,308.88129337,0.37819450447712033,105.83817419912302
lrb,1390,383.151271113,0.35798743833898167,116.52603302001953
lrb,1391,359.17986117,0.3508884281706889,157.9749891393325
lrb,1392,295.56439516,0.3463956723778934,123.04340545055913
lrb,1393,336.628479382,0.3534667284449161,141.55202107149012
lrb,1394,308.202619209,0.37507599255499935,108.44509103812423
lrb,1395,296.401575693,0.37735825121882133,97.23570263432521
lrb,1396,278.806586991,0.3526640463411138,116.00502133836933
lrb,1397,270.591999516,0.33677915860841307,126.69297437480851
lrb,1398,266.855293201,0.31167008973427374,143.1162415747549
lrb,1399,268.189991454,0.3188049284779295,127.7358548631855
lrb,1400,267.035676266,0.35114471575584555,70.12440951478249
lrb,1401,241.336054754,0.3772897489324829,44.055921965954354
lrb,1402,270.795607971,0.40310267191760385,102.18890787760417
lrb,1403,258.800670629,0.37535635667986106,116.78726016773898
lrb,1404,258.142062227,0.3713142933158935,82.37679467294731
lrb,1405,294.612395177,0.3708397353327037,118.09081438849954
lrb,1406,306.09759018,0.37198416605780404,144.15945979099646
lrb,1407,296.651143144,0.38035396264946975,149.89457418404373
lrb,1408,256.047801569,0.4542727583810593,123.3045472388174
lrb,1409,244.307749693,0.45196377491592465,138.68504626704194
lrb,1410,317.062201171,0.3936096187359444,226.53644789153452
lrb,1411,300.272096851,0.3595275679964046,199.16442290661382
lrb,1412,316.329700173,0.36273306389339266,166.83947679108263
lrb,1413,375.270266671,0.3560320203546929,235.6608445709827
lrb,1414,407.662503304,0.3707833302370038,284.9308054905312
lrb,1415,446.93536635,0.40441648293438676,325.5981572169884
lrb,1416,439.726497295,0.43608505616625,327.1624312157724
lrb,1417,208.002715951,0.39831300973892203,69.08193894928577
lrb,1418,270.255396129,0.41922018690542745,57.35119823381012
lrb,1419,393.769699876,0.43407219602393604,202.81483312868605
lrb,1420,383.136843448,0.380400318978911,261.7299139883004
lrb,1421,377.940685936,0.44819054995664886,343.58648280723423
lrb,1422,434.708811564,0.3970740340387956,437.1729464063458
lrb,1423,327.676080465,0.3731913118181717,311.26105250938264
lrb,1424,281.400808119,0.388211126367473,233.3157865337297
lrb,1425,272.254583472,0.454422282522375,143.3786782358207
lrb,1426,303.837367084,0.4251862919554016,194.73454688577092
lrb,1427,282.939361435,0.43831890777629967,159.5418010038488
lrb,1428,287.455260867,0.4643699840371367,164.7558652092429
lrb,1429,291.522976278,0.47975781027453096,180.91891165340647
lrb,1430,280.559486696,0.4825954705780423,179.09431954178154
lrb,1431,281.588006249,0.42451353695081634,269.8151065602022
lrb,1432,277.491644965,0.44461422486944413,219.76280580408428
lrb,1433,309.627088477,0.46753012828668644,180.65941943000342
lrb,1434,354.257704032,0.42079369496770846,282.3296819350299
lrb,1435,340.085253285,0.4264092419482768,208.5540708055683
lrb,1436,286.332169455,0.47922968166300867,103.49510827158011
lrb,1437,366.726850399,0.49108788552967947,177.27150172813268
lrb,1438,372.48277716,0.41198907380773486,294.32340443929036
lrb,1439,334.369379603,0.38684512247124225,315.1794486849915
lrb,1440,340.773201957,0.39464560802726506,324.30405096914257
lrb,1441,322.475133036,0.44085640459345266,214.03031056722003
lrb,1442,304.389842392,0.4362822095952125,246.61739298502604
lrb,1443,196.871858565,0.38599015345940224,84.72618590710209
lrb,1444,220.558087585,0.466109034924016,78.46919678332759
lrb,1445,185.741691577,0.40929106833962337,90.2009911032284
lrb,1446,179.376480621,0.45151107742236213,84.72641664392808
lrb,1447,167.562950353,0.4588338058927785,59.960320865406715
lrb,1448,173.332328556,0.4851930722778227,42.232958804859834
lrb,1449,165.454272368,0.4937144248716293,8.081620788574218
lrb,1450,272.566407113,0.4452245938714851,98.54396586698645
lrb,1451,463.838317964,0.4267345356347505,266.95542372161265
lrb,1452,539.995989101,0.4258821935977532,466.3903615914139
lrb,1453,200.54551622,0.43086858958373847,42.23329722086589
lrb,1454,276.037977389,0.39747300932502294,111.31869913736982
lrb,1455,225.093018655,0.3953901130383408,66.21791402779374
lrb,1456,201.593061202,0.42122171346223747,185.6190065870098
lrb,1457,197.805353417,0.40621243035696913,193.44022698495903
lrb,1458,208.588800893,0.4136124428494536,211.95017018037686
lrb,1459,201.857646758,0.4129068336886869,192.65841061461205
lrb,1460,207.753930406,0.40839767714243125,210.6469593422086
lrb,1461,187.279433389,0.36883350984417196,134.5221425075157
lrb,1462,218.032147157,0.3206785804537869,147.81807337742225
lrb,1463,212.347813109,0.33703125598093936,136.60789379045073
lrb,1464,176.563384682,0.3599243197176192,70.38950751809513
lrb,1465,161.624557311,0.3454689075012464,96.45959442737056
lrb,1466,176.649420365,0.34821126296132954,102.71641375971777
lrb,1467,197.393765119,0.3794618322626575,94.89542224360447
lrb,1468,197.508580403,0.39292430119220273,101.41301846971699
lrb,1469,173.540011981,0.4014181290802203,74.30005466236787
lrb,1470,173.311672783,0.39420151313791024,80.29619044883579
lrb,1471,207.925999184,0.39061258489170403,106.62702149035884
lrb,1472,372.874393886,0.3465495771727477,247.92670760809204
lrb,1473,224.432677543,0.36658596425953477,131.65450373630895
lrb,1474,236.938653436,0.3798449608926125,233.84979969099456
lrb,1475,220.004824405,0.44015182986166645,214.2973949357575
lrb,1476,206.760222617,0.4562572693719006,205.69441564223345
lrb,1477,201.099076831,0.4339228708301748,205.17327512853285
lrb,1478,208.948453656,0.40016769020812315,207.2591220631319
lrb,1479,213.227704672,0.388980782202949,209.08424233829274
lrb,1480,222.551943887,0.3723860518306705,220.55541561351103
lrb,1481,209.296011973,0.38072130028436435,209.60600358551625
lrb,1482,218.532934889,0.380488706476465,219.77365342682486
lrb,1483,212.774375753,0.3710223543423194,211.17055451636222
lrb,1484,205.355276278,0.35137675921373723,205.9566054400276
lrb,1485,203.072209703,0.35826655031806803,199.69978155996287
lrb,1486,217.811660199,0.3765461135885162,220.03484374401614
lrb,1487,188.619841275,0.3652681897206561,190.05379943847655
lrb,1488,187.33958653,0.3634156741025225,186.9253386254404
lrb,1489,182.439856313,0.35532842220309097,184.3182903214997
lrb,1490,191.959199336,0.36675410032996286,128.78819553150848
lrb,1491,202.480676278,0.33997956574437466,196.57136161654603
lrb,1492,219.940089886,0.34791701904656264,228.63805287679037
lrb,1493,265.676402173,0.34524790862122096,260.44421156340957
lrb,1494,231.10542766,0.39027367906050836,229.68128030814376
lrb,1495,238.321787997,0.40632499190242355,234.11349849326933
lrb,1496,220.014720485,0.40051166601040783,221.59995793361293
lrb,1497,186.811084832,0.37091857860828265,189.01200926537607
lrb,1498,180.475465051,0.3276823815215054,170.24143745571962
lrb,1499,175.339750828,0.30800788761272263,171.5452372233073
lrb,1500,205.851801277,0.3597766694763631,202.83042638442097
lrb,1501,207.575137476,0.39001358411609016,211.43409124636185
lrb,1502,229.536627946,0.3832629133338672,222.64486805036952
lrb,1503,267.885182468,0.39202470728445105,268.2691878374885
lrb,1504,292.117434099,0.4239495727007865,290.42983984853703
lrb,1505,285.366013724,0.4192499531064589,282.08758523978435
lrb,1506,284.877732869,0.3526741263857491,243.5029551487343
lrb,1507,258.839711179,0.29336399706059246,113.9303841085995
lrb,1508,211.541494908,0.24437107653954093,101.67719358556411
lrb,1509,196.899189345,0.31227570222100604,94.63810810762294
lrb,1510,198.509411134,0.475944459438324,7.039210240981158
lrb,1511,218.343750031,0.35130336647511695,106.63124090456493
lrb,1512,226.738539571,0.3308679165497218,228.38405788646025
lrb,1513,204.779559836,0.36394887905435525,205.4415989296109
lrb,1514,183.696787751,0.4114162837235067,185.36694021785962
lrb,1515,186.2159459,0.45780192931381025,184.84562892539827
lrb,1516,197.357925311,0.5058634727431075,203.87781674254174
lrb,1517,204.136712071,0.5031217368375925,198.4029116163067
lrb,1518,219.105645346,0.4867860176963006,217.69583087995943
lrb,1519,197.319362833,0.5051992201116136,193.97092949362366
lrb,1520,182.464517685,0.5283478011167707,184.32452709721588
lrb,1521,212.79027725,0.52728453071581,206.4853491689645
lrb,1522,235.573663736,0.49214628612168415,233.07821574491612
lrb,1523,216.686181043,0.48863899955556966,219.52112675087122
lrb,1524,179.137578781,0.4635427751364531,175.98193802179077
lrb,1525,184.603700835,0.41021315215657683,182.7606710994945
lrb,1526,185.679359725,0.3451125251549533,187.19301270129634
lrb,1527,194.955056307,0.36754353043947424,188.75753018248315
lrb,1528,226.518486934,0.45395137669944036,135.832665866029
lrb,1529,228.43246873,0.410805770635428,175.7223476035922
lrb,1530,196.214136542,0.4234795903552313,194.49404730703318
lrb,1531,173.717788957,0.4486920489410383,176.76564169491039
lrb,1532,199.961972909,0.4921550484121397,197.88396579518036
lrb,1533,203.101336378,0.5131795856448792,202.3164456535788
lrb,1534,182.438224811,0.5256453741904337,183.02366216322957
lrb,1535,192.908177468,0.5009038400357287,191.10621705896713
lrb,1536,179.43571821,0.49133105949106515,180.15632889691523
lrb,1537,110.360670233,0.4928483137665274,114.19474855310774
lrb,1538,184.833806997,0.4618639753068999,179.63530940635533
lrb,1539,148.460183434,0.46290022024011196,147.3064095889821
lrb,1540,158.05239668,0.4486801046786645,159.29968465169273
lrb,1541,174.518724524,0.4371522626569195,169.72864765840418
lrb,1542,241.778502727,0.43312139305912084,238.55890835032744
lrb,1543,330.981493876,0.43495998355753324,330.3327116423962
lrb,1544,380.377422799,0.45646496950496324,358.4909891465131
lrb,1545,668.902244787,0.5056584737214601,554.8146014942843
lrb,1546,481.165340277,0.5504485721580061,461.9987909055224
lrb,1547,365.580078665,0.559040280706226,368.4002760943244
lrb,1548,202.167665998,0.5605212480759847,192.1525375665403
lrb,1549,560.209234766,0.5013798150079433,556.3818703744926
lrb,1550,332.174485583,0.45116454847400483,319.1251034007353
lrb,1551,465.014863626,0.33499699259235843,288.09912528243717
lrb,1552,211.296688357,0.3243524935983476,38.32647250306373
lrb,1553,297.810421543,0.2699190175579277,270.3715631821577
lrb,1554,230.1341176,0.3522088112840555,230.48089958639702
lrb,1555,228.86886198,0.37340263258408296,226.30961160098806
lrb,1556,250.577832698,0.3837799546671444,210.92706433464502
lrb,1557,238.256198205,0.3912381597540595,223.70293187160118
lrb,1558,202.602555323,0.3488407414357392,197.63064398672068
lrb,1559,189.383624093,0.36101640145995106,189.54817352294924
lrb,1560,187.317686557,0.38206345072971176,184.0729834463082
lrb,1561,192.522013053,0.387871310074147,190.85191970526003
lrb,1562,202.821471959,0.3810991973428939,198.41304991479012
lrb,1563,206.093146038,0.36834340071739535,202.5846439735562
lrb,1564,203.028441255,0.3252388594919825,105.85510161156748
lrb,1565,216.233001221,0.3270039633626029,109.50527717739928
lrb,1566,233.544692416,0.32662109669643574,101.16208110136144
lrb,1567,186.899174571,0.408836868213069,80.82535134109796
lrb,1568,194.505394277,0.4296670856251232,179.9017962287454
lrb,1569,193.291474572,0.3785757924413002,128.01723333620555
lrb,1570,272.560171273,0.21306350403304758,60.489167665967756
lrb,1571,437.563086812,0.25290112555027006,117.3280849381989
lrb,1572,303.696289135,0.3826844970901292,80.30452665441177
lrb,1573,183.734690273,0.3879365289576666,136.1005354937385
lrb,1574,152.898007281,0.3810505045260496,151.48362438725488
lrb,1575,156.113556134,0.39320317977616775,155.1339067945293
lrb,1576,173.367414671,0.3819719847001715,174.16724757774205
lrb,1577,202.233445349,0.3366137258087596,125.15025598862591
lrb,1578,209.285441479,0.3709030006851616,120.97854698031557
lrb,1579,187.313363746,0.3589875595491441,159.04493997611252
lrb,1580,188.199205942,0.40103128150607764,185.63906543208103
lrb,1581,171.465850345,0.44632635067826437,168.95216938093597
lrb,1582,175.12078254,0.48778624952207367,168.95192377427045
lrb,1583,150.134878516,0.4990876384434246,153.308004581227
lrb,1584,146.918568377,0.4816687467043184,146.7895689721201
lrb,1585,158.169128193,0.46931361722907594,161.12930755615233
lrb,1586,173.711721911,0.4888922413281764,169.73303913789638
lrb,1587,154.912446015,0.49984243340411433,153.8284521963082
lrb,1588,166.695436158,0.48649178260574394,161.91071947883157
lrb,1589,162.301208144,0.48158454501135334,163.73554992675778
lrb,1590,151.14117639,0.4814051814311375,147.30961474250347
lrb,1591,152.3140628,0.46951894706223196,152.78461142147287
lrb,1592,150.943023966,0.48843370664578223,149.13424541996974
lrb,1593,161.333133827,0.4643848347259454,161.3880005182004
lrb,1594,167.567617927,0.4570319399632828,167.1236694635129
lrb,1595,176.843565672,0.4823531793301516,177.03086616665712
lrb,1596,199.841358495,0.4928759381721156,199.1920072069355
lrb,1597,195.958595417,0.4993514792019168,196.84522860657935
lrb,1598,157.264510762,0.46115320339554644,159.04026719635607
lrb,1599,158.929682799,0.49594131224468113,159.04004980349075
lrb,1600,164.810892028,0.537551661587988,162.16849326339423
lrb,1601,149.740514511,0.5374702473481496,156.4324053596048
lrb,1602,157.978783166,0.5213681752825606,151.21781098608878
lrb,1603,162.519601848,0.5100789621779355,164.51433422612206
lrb,1604,172.02921621,0.48553790543968883,170.51067433076744
lrb,1605,170.07128247,0.5008534978808397,98.29123612946155
lrb,1606,168.208381065,0.4530929801968343,140.52757382860372
lrb,1607,179.429622889,0.4614508848530905,182.50310956169577
lrb,1608,195.241442353,0.46783330587326755,193.71379376579733
lrb,1609,169.117532253,0.49212187479387165,173.6383544921875
lrb,1610,181.398625359,0.47639676606213605,175.98474435245288
lrb,1611,163.972736987,0.48329706101110137,165.81676204905793
lrb,1612,164.476343748,0.5182356344975108,160.34179822136375
lrb,1613,166.59594083,0.5276890487559251,172.5956938500498
lrb,1614,157.68905195,0.5138812784878712,124.36289894253599
lrb,1615,158.607339533,0.509294346851461,106.37343265309053
lrb,1616,159.527869415,0.4666569298746226,122.79891348446117
lrb,1617,160.438319747,0.4471091801059735,165.29641071394377
lrb,1618,175.878760856,0.42967561981461927,169.728924111759
lrb,1619,176.415720022,0.42441275104836373,176.7684773164637
lrb,1620,171.057351424,0.41029296456027875,169.72902329388785
lrb,1621,142.517374827,0.4137143154357861,142.61399530148975
lrb,1622,152.416106123,0.42983085363849466,153.0426109463561
lrb,1623,173.169830699,0.482722229639565,167.121299534218
lrb,1624,202.520443866,0.5389706316510177,203.62174966849534
lrb,1625,245.582077406,0.5722543230570201,244.55427437576594
lrb,1626,206.14721459,0.5603294293212284,204.66409535127528
lrb,1627,278.736167242,0.5294126427643293,277.9257380766027
lrb,1628,450.368000875,0.4636389908953483,419.75553086224727
lrb,1629,339.240061675,0.4459849719084628,238.03470835966223
lrb,1630,257.290613583,0.4002985973481517,246.89897981531482
lrb,1631,222.990921521,0.4047089194691421,194.2341905780867
lrb,1632,207.796833715,0.3860880672186613,208.57371655632468
lrb,1633,192.228002707,0.36314418252374314,190.84519536635452
lrb,1634,196.109117871,0.3556796105850498,189.28105693143957
lrb,1635,183.063071007,0.4011277142330309,128.53405779670265
lrb,1636,232.540294889,0.4510850336034776,229.69299172794118
lrb,1637,274.598286927,0.5511184370688845,272.45121271470015
lrb,1638,235.940278354,0.5917320337545949,238.29748756558286
lrb,1639,166.156588149,0.6001600432820994,160.8641522276635
lrb,1640,184.517444264,0.5937172861422523,184.58977849623733
lrb,1641,158.725011149,0.5749024822827307,161.6464818318685
lrb,1642,173.871350235,0.5832957150856515,148.34982440424898
lrb,1643,260.27655356,0.5336924988212007,258.1129415175494
lrb,1644,267.482790366,0.44934688379698984,265.4133418662875
lrb,1645,191.358883406,0.4669762316978339,189.28337677600337
lrb,1646,169.805243605,0.46585298097562716,166.6009868547028
lrb,1647,128.427042592,0.3372321274572001,130.1001926796109
lrb,1648,198.020482874,0.3980133148468085,102.72445621864468
lrb,1649,191.304064292,0.36940199106088945,101.42115158380246
lrb,1650,198.697537231,0.38525212097626454,203.36393333883845
lrb,1651,182.329646279,0.44125268403549656,178.33477397245514
lrb,1652,202.757747833,0.4200255866653582,205.1899741976869
lrb,1653,257.870318673,0.528465008327488,258.89901700487326
lrb,1654,254.130581181,0.5236510840722317,251.59805387609146
lrb,1655,193.318106674,0.49644700873496567,192.15314836689072
lrb,1656,173.63117791,0.5257072055462708,177.03124673880782
lrb,1657,190.03825387,0.5513503562275083,187.1994968189913
lrb,1658,212.232188777,0.5696850201440237,213.5326592239679
lrb,1659,191.798717309,0.5715197739258312,199.45361815807865
lrb,1660,162.861824426,0.5730884531312737,157.73782644832838
lrb,1661,157.062053027,0.5632200705820435,151.48052224551932
lrb,1662,155.544641688,0.553973004345886,156.69504738601984
lrb,1663,172.12830321,0.5604879998949154,176.24939889346854
lrb,1664,183.562737936,0.5735501048437666,185.63547076056986
lrb,1665,182.284314759,0.5683622028710863,180.94244073606006
lrb,1666,180.596731826,0.5409780293058007,180.68172224456188
lrb,1667,182.075398735,0.5231357629415037,177.03162132711972
lrb,1668,193.868396618,0.5143410246893271,196.84671882180606
lrb,1669,218.025501946,0.5137397085856712,219.79059460209865
lrb,1670,223.075036217,0.49991128598060797,221.8765406889074
lrb,1671,219.543968504,0.4818847964362366,217.18383699304917
lrb,1672,214.866211794,0.4735911369603565,222.1379847807043
lrb,1673,193.430208584,0.49108386178441504,196.06581115722656
lrb,1674,197.602324965,0.5032108026335996,194.76253099628525
lrb,1675,199.597757861,0.4936047838404288,199.455919602338
lrb,1676,183.652330747,0.5047683843663144,187.2020545809877
lrb,1677,191.45375898,0.5124690589488752,194.24199571796493
lrb,1678,209.411298257,0.5162491575916959,206.7572406843597
lrb,1679,201.676439186,0.5153216273966829,197.89278723024853
lrb,1680,205.652145984,0.554414808560329,204.672047514074
lrb,1681,200.803167672,0.556016429890582,200.50070079728664
lrb,1682,195.694517137,0.5355679074552817,195.80787081250955
lrb,1683,177.792106901,0.5062427369126102,178.33926849365238
lrb,1684,193.061187447,0.4740376413351129,193.20116909251493
lrb,1685,173.302390551,0.4757316897642936,172.60373080384497
lrb,1686,183.65172027,0.4961805960595778,181.9903378654929
lrb,1687,170.466251967,0.5049752211016694,173.90794525146484
lrb,1688,179.015751051,0.533375181082417,177.297742507037
lrb,1689,174.559882896,0.5421210653070628,171.30118309469782
lrb,1690,160.6427598,0.5332907517180681,163.47947127398322
lrb,1691,167.45124677,0.5161701518146299,164.78341558119828
lrb,1692,174.324419867,0.4954330568841424,173.12717739928001
lrb,1693,172.548890285,0.5000021231403379,176.51701648188572
lrb,1694,172.354799884,0.48229910788297287,171.8241032918294
lrb,1695,163.651670113,0.4983529581066981,167.65262983733533
lrb,1696,165.833021083,0.4949826014041901,162.9596793978822
lrb,1697,175.731291446,0.48838657331328067,179.386332433364
lrb,1698,200.116323883,0.4813299016695184,200.50630786372167
lrb,1699,186.810310562,0.49021612008973137,184.86242735619638
lrb,1700,173.956253282,0.5131612125738167,168.95775783763213
lrb,1701,178.432842891,0.4882768721934355,180.9519520179898
lrb,1702,179.007366367,0.5021838770523689,177.04118631400314
lrb,1703,173.601476952,0.5278950966839272,175.47704997343175
lrb,1704,179.800119251,0.514830576582744,182.77801576502185
lrb,1705,143.064966508,0.47177211800846486,142.10294072768266
lrb,1706,156.744358283,0.4667521825143102,158.26897511201747
lrb,1707,183.69984513,0.5159155694122151,182.7787930058498
lrb,1708,226.721263873,0.5577658733381274,223.4545482859892
lrb,1709,209.600325953,0.5739215852200301,204.1600578158509
lrb,1710,214.844467593,0.5745133730595102,218.76185359580845
lrb,1711,294.862991229,0.5561629620523787,290.20537091423483
lrb,1712,217.771748899,0.5151042975262786,218.24071529612823
lrb,1713,226.827891802,0.442087575653677,222.67354921827132
lrb,1714,229.358318875,0.395808884745124,165.83208187327665
lrb,1715,277.745967386,0.44620930566650074,153.5775228762159
lrb,1716,243.391522932,0.4251521657759554,234.92941655177697
lrb,1717,172.03789097,0.421423387325565,177.04465137556488
lrb,1718,178.831687554,0.3825042851216404,147.0594243666705
lrb,1719,195.536764187,0.38617988101659567,113.6844273885091
lrb,1720,189.280031238,0.40544897085282866,53.45263238046684
lrb,1721,159.224953368,0.4121826053634892,32.07161694694968
lrb,1722,182.75992091,0.4052392254615652,45.369650807100186
lrb,1723,159.650478211,0.6054967045783997,1.303727991440717
lrb,1724,174.798791092,0.5419756813049316,32.593253191779645
lrb,1725,168.982611332,0.4314497709274292,31.550322858025044
lrb,1726,162.708375883,0.36154000927051155,84.22124921013327
lrb,1727,145.846578513,0.40018800507351443,135.84930267333985
lrb,1728,159.001000375,0.4033563722704732,134.54565450630938
lrb,1729,158.854798955,0.42160372194061935,122.02989890902651
lrb,1730,146.910561832,0.4465803048095188,144.7149522369983
lrb,1731,158.663367489,0.4662289115443254,156.18787479774628
lrb,1732,163.137646035,0.48111115413094513,159.31684025783164
lrb,1733,164.468449048,0.4633188294662032,163.74954211665136
lrb,1734,159.53036644,0.4422490864394101,155.92706292844287
lrb,1735,170.423131785,0.45080497088255705,77.44201298134
lrb,1736,174.075426944,0.3968742619342348,141.58573701147944
lrb,1737,173.646905628,0.43618532645670904,98.82316652185777
lrb,1738,187.547454533,0.48773739178538755,71.18383196662455
lrb,1739,179.418736309,0.45273402815537833,62.83998000201058
lrb,1740,172.33165715,0.45486591089276274,117.07511381261489
lrb,1741,164.941520118,0.46039370809282576,54.75670623779297
lrb,1742,181.48857349,0.4451648617297216,79.7882802028282
lrb,1743,175.289723339,0.4627202072863205,113.16351171755325
lrb,1744,175.939231257,0.44532987461565826,112.38121789670458
lrb,1745,182.699593735,0.4511497155383782,105.60176900227866
lrb,1746,165.869589385,0.4523686973456532,117.59582902496935
lrb,1747,161.188441858,0.43500230399270856,112.64156090231504
lrb,1748,146.301922297,0.44212729094633413,69.87944162406173
lrb,1749,160.791001332,0.45453321308265504,84.48098431755515
lrb,1750,184.233644961,0.4291295074893091,130.63239318249273
lrb,1751,160.168986999,0.4622212345373697,46.67305459415211
lrb,1752,168.043287668,0.48744470461102946,38.850675934436275
lrb,1753,167.895776534,0.445913536562806,131.41419632855585
lrb,1754,173.200931931,0.5017435722931257,68.57524994494868
lrb,1755,154.231141076,0.480019930771419,91.2596540264055
lrb,1756,161.902315932,0.4330023024749443,159.31306598139741
lrb,1757,170.035065738,0.448888594683792,116.81213292140588
lrb,1758,166.916647371,0.450129065964673,86.82678892846201
lrb,1759,176.23187678,0.44471655321638115,96.21346336813535
lrb,1760,211.192834638,0.449687685650676,139.75711924235029
lrb,1761,225.382408375,0.4554542423267187,223.71555507884304
lrb,1762,167.481656272,0.4577057021925731,156.70538057813457
lrb,1763,160.233742446,0.4807147900610925,164.00637033499925
lrb,1764,177.079258191,0.4629323548891328,172.0896561566521
lrb,1765,184.918695538,0.4995061309656797,128.54593975590726
lrb,1766,175.841677523,0.47121245539377604,164.26794568230125
lrb,1767,171.174201895,0.4810532376580282,170.52605854109223
lrb,1768,185.794466952,0.4846641747901837,187.7354372809915
lrb,1769,188.311710784,0.48040398136830675,185.1283217785405
lrb,1770,193.86261378,0.47904667044235116,192.4294844683479
lrb,1771,197.170692261,0.4674651447742705,197.12322109446808
lrb,1772,196.423634393,0.4372194149159149,191.12642301671647
lrb,1773,178.559011669,0.3939714314666421,176.52497782987706
lrb,1774,180.66232017,0.3810080554416711,181.2186988381778
lrb,1775,183.202287241,0.39324351793301693,178.87225278966568
lrb,1776,171.4412133,0.38589594061558063,169.48561365464155
lrb,1777,170.697810859,0.412444309423898,170.78954123702704
lrb,1778,173.324155719,0.40210496012429553,173.39721772437002
lrb,1779,184.30724527,0.41762184716285544,183.82731655345242
lrb,1780,185.853432586,0.4144437128489607,185.65271250406903
lrb,1781,187.17462982,0.435918001776316,186.17437250473924
lrb,1782,182.851710464,0.43508357532354286,182.78476819805073
lrb,1783,236.0545418,0.4306228686860726,230.76297544591563
lrb,1784,404.62438506,0.4438354636325777,331.67380703196807
lrb,1785,454.421972879,0.4476673237104554,339.75723885928886
lrb,1786,230.012475595,0.43349461073448237,107.68953450520834
lrb,1787,198.249224446,0.4246183371113748,50.585473154105394
lrb,1788,279.016832718,0.4727214738073577,130.8967689065372
lrb,1789,368.515128066,0.4622443055794123,258.6649008358226
lrb,1790,246.953671702,0.4470700960212607,128.2896042468501
lrb,1791,295.177836617,0.44885577646684377,290.47704446830005
lrb,1792,297.03647991,0.4572063368956248,195.56398689419618
lrb,1793,254.924411032,0.4516805831716333,223.7252918617398
lrb,1794,189.503427141,0.44671568065430795,189.56678015017042
lrb,1795,180.964562655,0.45664437142905595,182.26595548741957
lrb,1796,194.321797394,0.45486378665765126,195.56453097474343
lrb,1797,182.105254725,0.4393128198810986,182.52710233202168
lrb,1798,175.903795276,0.41212829648556104,174.18318014705883
lrb,1799,194.587716576,0.40369978130335543,197.6511178409352
lrb,1800,171.973720305,0.4103930128790508,167.4037307739258
lrb,1801,170.510803119,0.4051240855214759,167.92525939941407
lrb,1802,177.138622227,0.3448892203715132,177.05164480770338
lrb,1803,179.636134583,0.33127529031323816,174.18334889131432
lrb,1804,171.180227493,0.31359011646799434,170.27190551757812
lrb,1805,183.117871153,0.2866563528650773,185.9168840894512
lrb,1806,171.465179704,0.29895254770027735,175.2257123161765
lrb,1807,187.246026892,0.35943660433978253,190.34902879303576
lrb,1808,181.896342698,0.41547857339565564,186.4374175726199
lrb,1809,182.515339419,0.475607987569303,178.87529263963884
lrb,1810,246.314050631,0.5294560686107515,252.66743989832264
lrb,1811,294.927901961,0.5575337713783227,376.00199818330657
lrb,1812,275.096508204,0.5582141982637877,281.8705712112726
lrb,1813,190.244713288,0.47812140592328306,186.43581869087967
lrb,1814,213.608898349,0.44612921959506346,211.9889126945945
lrb,1815,254.20007217,0.47884623155201944,209.38116829068053
lrb,1816,258.763834327,0.4904073107950758,210.68457375320733
lrb,1817,214.461876288,0.4809641786339729,175.7439915376551
lrb,1818,173.579537339,0.4708681475740295,173.657712839164
lrb,1819,180.930479925,0.4626111899392079,153.84071754006777
lrb,1820,165.883164861,0.4846916034513591,140.54245461856618
lrb,1821,160.679000251,0.4650730949996554,161.4019615622128
lrb,1822,174.383377795,0.42828883076222946,171.04931084127986
lrb,1823,186.789979529,0.4433586080813307,185.9116069718903
lrb,1824,211.459498312,0.4488435433773598,210.42148284912105
lrb,1825,205.107423283,0.4392690184837375,205.20645916508695
lrb,1826,209.70245152,0.37610881098204246,201.0345565795898
lrb,1827,215.663454679,0.44768994438707543,157.22956297631356
lrb,1828,202.23550028,0.36054193733752465,204.16389088350184
lrb,1829,200.35992975,0.40683849336177247,170.26713732551127
lrb,1830,179.200379176,0.3989279394621377,142.36749518899356
lrb,1831,182.50801813,0.3672044987162186,179.39364300896142
lrb,1832,184.47748404,0.4066681586488893,185.39104533475987
lrb,1833,187.914790615,0.4163522318400433,186.95573664646523
lrb,1834,200.428272422,0.44800144595276437,202.3400922289082
lrb,1835,193.689186036,0.45970439947986996,188.52069217457492
lrb,1836,199.70439978,0.4801577704568063,202.07981947356575
lrb,1837,198.507783609,0.5197750862883894,198.16887694714114
lrb,1838,196.385369995,0.5344927751603611,195.04014303169998
lrb,1839,202.899348635,0.5017467882150806,201.0376793356503
lrb,1840,185.618858249,0.48404967429095447,185.65372811111752
lrb,1841,183.607914924,0.4667226009231678,181.22123658423328
lrb,1842,179.213599062,0.43134490333401604,182.2645010854684
lrb,1843,169.174048671,0.41896239856694945,168.96645379159963
lrb,1844,170.973302687,0.4045196598352388,168.18437957763675
lrb,1845,172.355289097,0.39057423800274577,174.44256573845362
lrb,1846,166.362668914,0.4038353988442558,163.2304292865828
lrb,1847,177.926460524,0.40621002806053336,178.09340796377145
lrb,1848,173.645671249,0.43937463651595265,172.87843466366039
lrb,1849,212.03896729,0.46184687880670344,222.4214479932598
lrb,1850,248.480730526,0.45970238206368863,245.88916494332108
lrb,1851,249.023509422,0.4525810817941132,244.06394279330385
lrb,1852,214.219858839,0.44051224134210726,220.59617922913796
lrb,1853,242.697647645,0.47664166273860975,243.02094092275587
lrb,1854,218.84791381,0.493718484729635,218.77102801753028
lrb,1855,187.226789413,0.4414584492416962,188.52374366311466
lrb,1856,180.135715148,0.4079637764852284,180.7012956507066
lrb,1857,171.675464248,0.41501662144060436,173.9219142240636
lrb,1858,147.686352238,0.38400721940574783,145.23927540498622
lrb,1859,189.505950559,0.4276521500235903,189.56753387451172
lrb,1860,169.006019507,0.4033918974894541,164.53543126723343
lrb,1861,184.443138062,0.3524350245206836,185.39597491096052
lrb,1862,152.684439229,0.36117058718583606,147.58691083122704
lrb,1863,162.992185068,0.35270909600064465,167.14375520593978
lrb,1864,163.013709328,0.36362901976424156,163.49348790785848
lrb,1865,173.787927725,0.3745236304533499,171.83794992484303
lrb,1866,156.178994562,0.35767661012335805,119.68702599020565
lrb,1867,174.07458205,0.3836453879691678,107.17093218635111
lrb,1868,202.763017089,0.3585038275281086,205.9980319154029
lrb,1869,186.23568095,0.381526585405679,181.22641245524088
lrb,1870,162.70979821,0.368563853227903,164.27746593998927
lrb,1871,150.183301892,0.3646482527256012,149.41451972512638
lrb,1872,168.960639411,0.35291829668614905,169.75397249109605
lrb,1873,201.690092568,0.35259283308859,200.78460274490655
lrb,1874,178.737775848,0.37051975881115784,116.03803333955652
lrb,1875,153.664721657,0.394869747625683,152.80537220076016
lrb,1876,208.045177205,0.41012595757860487,210.95521635167742
lrb,1877,149.652485557,0.3972350505323172,146.54736283246208
lrb,1878,147.468164819,0.3422706804444304,147.32974916345933
lrb,1879,148.242754407,0.35320105279267144,148.37286915498623
lrb,1880,161.825741678,0.3522034952829265,161.41100580552043
lrb,1881,162.826293806,0.32838316063408735,160.6289004157571
lrb,1882,156.698589186,0.34889474276543486,150.72007392434512
lrb,1883,147.63760269,0.3302463343970372,148.11260178509883
lrb,1884,159.472294057,0.3503463055620242,155.67479295917587
lrb,1885,146.569120566,0.3420916947107466,147.85207716997934
lrb,1886,153.803027874,0.33540406106656445,149.67756027520872
lrb,1887,150.171414282,0.326289499450098,152.02456350887522
lrb,1888,159.347490712,0.3325846636354333,158.0221123489679
lrb,1889,172.060090593,0.34186582170154406,164.01964566099878
lrb,1890,176.322413738,0.37555762679041216,177.57917444565715
lrb,1891,191.205693661,0.3822950819565284,184.09806303136492
lrb,1892,186.725112334,0.41308458876119897,190.3560696770163
lrb,1893,192.239274147,0.3956762410985316,190.87728163775273
lrb,1894,214.738338081,0.38219629586679904,215.64927448945886
lrb,1895,186.957829813,0.38476882000600005,189.31208621754365
lrb,1896,198.63180159,0.4136146670641676,201.30673014322917
lrb,1897,187.079898622,0.4516236903132774,184.87851523605048
lrb,1898,212.262455713,0.42711395941111535,210.4325885548311
lrb,1899,188.800120726,0.438268086284098,258.1511562571806
lrb,1900,183.764860788,0.48297264000003265,46.41496462354473
lrb,1901,181.73775136,0.481831856071949,51.10852290134804
lrb,1902,194.09681384,0.4478192180025371,105.08513967476638
lrb,1903,189.397146146,0.43322487514624675,177.57542159136602
lrb,1904,180.791085797,0.43618644843344684,117.60111814012714
lrb,1905,206.5861526,0.4814747619185662,133.2462951959348
lrb,1906,224.566050988,0.43395917429895464,174.18465734743606
lrb,1907,232.796928085,0.4282502971341498,227.1176996866862
lrb,1908,196.116870958,0.4475690108746532,193.48002331303616
lrb,1909,184.58234749,0.42746982002978795,189.82926797305836
lrb,1910,191.880407406,0.42581446026386666,186.17859793270335
lrb,1911,192.305316285,0.4273253041433125,128.29112494973575
lrb,1912,170.679281489,0.3611775131477993,102.21563837387984
lrb,1913,182.262351181,0.3851649744763257,179.65970306396486
lrb,1914,183.970687594,0.45620417674030883,147.32626719755285
lrb,1915,178.71972154,0.5114987482360056,106.64867425058401
lrb,1916,176.346868003,0.45863605381266487,154.3667993882123
lrb,1917,203.447337845,0.44513445584611455,206.51781002867457
lrb,1918,189.931659434,0.4811900609902905,190.6119046379538
lrb,1919,194.12422699,0.45767205925020454,190.3513775395412
lrb,1920,180.266788079,0.4883111729648865,184.35427216174557
lrb,1921,174.991461082,0.5031716232012985,173.40274780871823
lrb,1922,171.914615497,0.4735541688673425,172.0991969389074
lrb,1923,166.56182108,0.42774395794868475,162.97293749042586
lrb,1924,173.553268412,0.42575701164360813,170.5351135253906
lrb,1925,183.631471617,0.4455901781432063,181.2263969870175
lrb,1926,195.46848865,0.45646158454474056,200.2619908052332
lrb,1927,200.461656704,0.47276609422678645,196.09016816382314
lrb,1928,211.156191644,0.4709444388567683,216.4296272128236
lrb,1929,215.302032586,0.4646353469331665,210.69325935513365
lrb,1930,218.999079802,0.47620004998060456,218.77710726868875
lrb,1931,222.607166303,0.4614080167139657,221.38504994710289
lrb,1932,225.359996271,0.46408838300613037,229.99049123128253
lrb,1933,204.273204529,0.49286078577825043,201.56789981617644
lrb,1934,203.604069425,0.4628973295052645,206.2618417178883
lrb,1935,183.42602241,0.40403718781540765,178.88218599207264
lrb,1936,192.787728641,0.34418755667234846,197.1357246847714
lrb,1937,192.711087696,0.3210350419042491,186.18405543308631
lrb,1938,206.526036511,0.30113663827403303,163.49808403463925
lrb,1939,194.942368595,0.35370183885097506,187.74929360782397
lrb,1940,210.810110446,0.43198372086930964,208.8713376213522
lrb,1941,213.307036602,0.4407959565249357,215.12982895795037
lrb,1942,191.779308717,0.43693970067188714,157.24044853659234
lrb,1943,208.256047338,0.4977296586818123,155.93680521647136
lrb,1944,163.719908203,0.46794671286498346,161.67362587124694
lrb,1945,178.562788215,0.4136959583542886,175.233410913804
lrb,1946,164.664260171,0.44108252650017604,164.54216589834175
lrb,1947,167.504115226,0.4501009452361583,167.14998255710975
lrb,1948,173.224084005,0.45811567720566093,170.80082606895297
lrb,1949,181.021843213,0.4954587371238603,179.66708173564837
lrb,1950,154.823871097,0.48835534823116417,159.32763962091184
lrb,1951,154.317640287,0.4985573671409534,150.46182337742226
lrb,1952,189.585753203,0.45737974743715065,194.27053444058288
lrb,1953,199.054042595,0.40589049026077867,199.48601711497588
lrb,1954,206.319352049,0.38798516886249473,204.7015329996745
lrb,1955,235.66164411,0.420939728528706,174.71366134344362
lrb,1956,230.103835219,0.3091609559512587,194.01054418227253
lrb,1957,220.133000147,0.3350720231277824,199.74785619997508
lrb,1958,230.795555997,0.3764287280035074,229.73656068689684
lrb,1959,181.348038429,0.39183827141332905,176.2793970444623
lrb,1960,174.489456671,0.4146109351717968,176.80116478415096
lrb,1961,175.173265654,0.403554359042063,171.0644442389993
lrb,1962,171.134042553,0.43825131888483093,172.88990230186315
lrb,1963,161.695762284,0.4403848669702007,161.67695871988934
lrb,1964,169.353543881,0.4570398718995206,177.32319886450676
lrb,1965,249.044263154,0.48134000919689635,251.12159726011984
lrb,1966,382.940904113,0.4930180324731158,384.89712650074677
lrb,1967,473.710178434,0.5030441710798492,458.69542026893765
lrb,1968,426.131899852,0.4773864059102152,404.1943108652152
lrb,1969,148.805452587,0.4751104071144407,150.98581085205078
lrb,1970,150.954407128,0.48073197973185566,151.2467093374215
lrb,1971,152.67259013,0.4991991993046302,150.4644878013461
lrb,1972,152.034807611,0.5082564818462432,148.89991682463997
lrb,1973,170.592033344,0.5111759364604951,172.10858513327207
lrb,1974,153.135760461,0.5153917113872112,152.81166761809703
lrb,1975,163.67082646,0.5113260325347408,163.50337407729205
lrb,1976,158.840918481,0.5094515186379635,156.72348617852901
lrb,1977,152.805441769,0.4868073715613439,152.5512690824621
lrb,1978,163.12582328,0.45441718643884577,162.19999554204006
lrb,1979,149.89240594,0.4434548207929918,149.16160945518345
lrb,1980,140.155091341,0.46380773123161845,146.81489811317593
lrb,1981,150.143872902,0.4845840542396898,146.81507813696768
lrb,1982,150.740609911,0.48705130820600395,152.55226404526655
lrb,1983,154.985748137,0.46651003968938304,153.59554485246247
lrb,1984,169.00044381,0.4419909362852388,167.4167179780848
lrb,1985,142.395456413,0.43161426544626114,142.3825818230124
lrb,1986,163.450386585,0.42948011918501416,154.89991281546799
lrb,1987,158.27951395,0.4531796782170956,157.24709104650162
lrb,1988,186.636190492,0.4830256670510688,191.6695722692153
lrb,1989,182.187034071,0.4861481422775013,179.41340915455535
lrb,1990,199.661895658,0.44382149050581643,201.31882602467257
lrb,1991,134.349617636,0.3977003744573194,137.1682005040786
lrb,1992,204.713114154,0.3696433239344026,153.33635092342604
lrb,1993,195.939387851,0.33584995136921664,173.15549923765894
lrb,1994,185.403547696,0.3837613555425963,184.10825668035767
lrb,1995,156.486927581,0.4417305490878758,155.68373873841526
lrb,1996,115.507729982,0.48426316219515037,116.8280850578757
lrb,1997,111.15081855,0.5016371845639367,111.0911330279182
lrb,1998,105.880630389,0.5099897210227926,102.48561114142923
lrb,1999,121.511876829,0.49185493124573465,122.30486875047872
lrb,2000,124.038686272,0.44271165034609405,126.99905676748239
lrb,2001,123.494658881,0.38440278384906945,120.74052880979052
lrb,2002,133.415122528,0.36465282847101876,135.6050857843137
lrb,2003,142.288032558,0.3271182298007673,142.90709982479322
lrb,2004,130.573563025,0.3561076722767672,128.82522020526963
lrb,2005,136.545809796,0.40309097437025276,134.30181645412068
lrb,2006,139.942511476,0.4027652935275818,140.0392282822553
lrb,2007,142.146138266,0.41604805664908606,138.73556641223385
lrb,2008,131.664680973,0.4287169144420091,130.6515282425226
lrb,2009,131.606884055,0.4071860843885156,132.73798095104743
lrb,2010,123.827197316,0.44925016561723924,123.35002351648666
lrb,2011,124.532490322,0.44732111260420127,124.13256144804114
lrb,2012,112.067293092,0.4187419311705725,111.87597045898437
lrb,2013,104.317740487,0.41947388236578703,99.88011384851791
lrb,2014,108.397242989,0.41663366967482945,107.70381365009384
lrb,2015,142.618651676,0.3951290446530631,144.21385133032706
lrb,2016,177.304902137,0.3874932220675471,175.7690471574372
lrb,2017,139.960585654,0.37914444213664095,140.82411687514363
lrb,2018,142.194577518,0.37206166933072027,141.08515107397938
lrb,2019,149.78608604,0.3740684103741988,152.82076787013634
lrb,2020,143.432693428,0.3946860073386012,144.73664431104473
lrb,2021,130.124774221,0.4259749324518745,123.09155728209251
lrb,2022,138.528238619,0.43210234697218297,140.8253281537224
lrb,2023,162.673986715,0.4211926986725818,161.94935266831342
lrb,2024,115.508743806,0.4304475916834438,110.83503528669769
lrb,2025,137.210339601,0.4511961020664736,143.43371929093902
lrb,2026,127.521102444,0.4505186997691299,126.74339087991154
lrb,2027,127.397755788,0.44527428283424914,130.65531472598803
lrb,2028,140.620396347,0.39671624244603904,138.73987028832528
lrb,2029,150.381976598,0.40813120557547045,145.2596976785099
lrb,2030,167.219328104,0.3769549389680227,168.20923749138325
lrb,2031,147.121036526,0.35969353060239684,149.43246747185202
lrb,2032,157.94689537,0.35010102075240296,142.65204018985526
lrb,2033,159.290057634,0.3702143826713301,114.22602727553424
lrb,2034,164.122064875,0.3254098990015953,160.12510555491727
lrb,2035,187.013871488,0.38118008402537323,76.6723835664637
lrb,2036,205.956510692,0.3683492185682366,101.18675429400275
lrb,2037,229.628649189,0.34868618105881966,38.857861328125
lrb,2038,174.701038929,0.34279745373071413,133.0036190257353
lrb,2039,159.845916335,0.4050543615089849,158.82221527099608
lrb,2040,154.316270454,0.4259723757553583,154.9105650060317
lrb,2041,143.665800638,0.44039256010333483,143.175061304429
lrb,2042,151.233366857,0.450578035267015,150.47737259210325
lrb,2043,149.596806725,0.43493110457987266,150.47747536453545
lrb,2044,162.396749055,0.44440947271416287,158.04055525835824
lrb,2045,194.523748016,0.4568610572593009,196.11641097723265
lrb,2046,174.785512573,0.447373995568581,174.20989269181797
lrb,2047,155.08315141,0.4085740205715802,154.91131134033202
lrb,2048,135.549562214,0.3918428175095329,138.74217550240311
lrb,2049,135.061521666,0.41190797790772943,138.74231962316176
lrb,2050,115.6663117,0.40478161652519173,113.96701441746133
lrb,2051,129.749850115,0.41586804775840264,130.91874177222158
lrb,2052,139.154518341,0.415602957934476,139.26425906910615
lrb,2053,178.839112171,0.34374624058052344,176.0364501055549
lrb,2054,172.883762566,0.34510462146122767,172.3854176839193
lrb,2055,139.181211758,0.38458863548851363,140.30767244825176
lrb,2056,144.56062397,0.3583254545160076,141.87261187983495
lrb,2057,137.429555653,0.353581672333754,135.61360677083334
lrb,2058,131.88552059,0.3644526969415673,137.70003769818476
lrb,2059,151.82302312,0.46410517207289165,147.3494614245845
lrb,2060,144.71237016,0.4829640250380446,139.00396659701477
lrb,2061,141.265700743,0.4272689042963844,143.95901632869948
lrb,2062,131.758780655,0.37931286642067064,132.22313385009767
lrb,2063,128.323025283,0.4013471623822566,129.35431623271867
lrb,2064,128.243592258,0.42120880276716055,124.13839554132201
lrb,2065,135.185066315,0.41106998637401854,140.04686027975646
lrb,2066,148.00465933,0.44170736743130573,145.52353075812846
lrb,2067,146.553707611,0.43901705824057846,141.87238838345397
lrb,2068,142.660067071,0.420609053620052,142.3939786125632
lrb,2069,155.989879098,0.40909611676112717,151.5218125586416
lrb,2070,163.399046611,0.37638608775610277,160.91042366775812
lrb,2071,169.44313033,0.3467254907293704,174.47175526338467
lrb,2072,178.584547282,0.3219067640329073,177.60130247228287
lrb,2073,183.503978578,0.32267876602026235,184.90357151405482
lrb,2074,148.60476767,0.3338660932118856,152.04346337411917
lrb,2075,121.073695211,0.3644131524609281,120.48739632999195
lrb,2076,136.941588565,0.39354193949839106,133.52731541652304
lrb,2077,148.078011708,0.42374730392506244,148.65367314955768
lrb,2078,173.032538977,0.4255668354105664,130.91975989248238
lrb,2079,168.027329545,0.42564522601421984,144.4814578785616
lrb,2080,185.160803204,0.41627830740407845,183.8620511223288
lrb,2081,193.88546882,0.4115689132649165,135.61474429859834
lrb,2082,172.744860461,0.4121290556022099,73.0234935984892
lrb,2083,204.495994098,0.40223263621695377,170.30143603156597
lrb,2084,187.639713272,0.3937099219424329,161.95612104827282
lrb,2085,202.488494055,0.39353245839505635,133.79010377771715
lrb,2086,199.109042022,0.39974122710094717,130.66073626349953
lrb,2087,216.030060738,0.3992212690319477,124.66252758549709
lrb,2088,265.038127891,0.4133591549471021,166.9124920414943
lrb,2089,196.331551067,0.3766538881941846,148.65667592964923
lrb,2090,189.661305477,0.34750987308155706,147.8744365617341
lrb,2091,162.103939105,0.335433552549644,137.70338727165674
lrb,2092,134.347880253,0.34310205621133616,135.87794605329924
lrb,2093,122.451421882,0.4026589631904445,119.70840014289406
lrb,2094,129.809377479,0.428170260937527,129.09749648150276
lrb,2095,149.661093614,0.43476940011769005,148.6579681994868
lrb,2096,159.21603054,0.4064667411455409,158.30796652401193
lrb,2097,156.298495977,0.387262662300487,159.61223889519187
lrb,2098,151.869663343,0.3777795474399144,148.13709420596854
lrb,2099,127.620937472,0.35190823838144014,132.74982981962316
lrb,2100,131.461317873,0.3834527788740217,129.09876610251033
lrb,2101,118.108521246,0.4210692975993677,117.10190396776387
lrb,2102,115.456740871,0.4140980896333262,113.97243730133656
lrb,2103,144.928066594,0.3747915722138388,140.05330038631664
lrb,2104,144.357042496,0.4132062854704919,40.164281987208945
lrb,2105,184.181027905,0.3855950307698897,105.62717662138095
lrb,2106,165.962488432,0.43503178995380853,143.18356969496784
lrb,2107,125.008542593,0.4891637561506011,70.67899379356236
lrb,2108,161.110582698,0.5654388952664552,60.768329007017854
lrb,2109,252.106450687,0.5362218001512047,171.61192459405638
lrb,2110,229.01974157,0.489121642986349,106.40972029742072
lrb,2111,246.952370317,0.5194557312069313,239.6832638310451
lrb,2112,235.145372079,0.4445150761617779,230.81614056755512
lrb,2113,214.548880664,0.42269046056124326,85.02393460741229
lrb,2114,172.039775396,0.4095083931245302,123.88479045793122
lrb,2115,163.038904519,0.45226364965750804,139.53356499765434
lrb,2116,159.78849551,0.4192746621457826,159.87691117828967
lrb,2117,164.811512984,0.4059976743700359,166.65811360677083
lrb,2118,159.939316276,0.4029910077538638,160.92044417437387
lrb,2119,141.87658465,0.400070594234781,142.40294380935967
lrb,2120,169.296372876,0.40451644445193635,170.83145910524854
lrb,2121,147.79121942,0.4113345450916985,150.48823960248163
lrb,2122,159.085138936,0.43390084960225495,153.35724873262293
lrb,2123,164.691996862,0.417262543186428,165.61544126622817
lrb,2124,168.800918182,0.4296597861811474,172.65741945154528
lrb,2125,197.493310005,0.44122492155448645,195.0873764038086
lrb,2126,189.357111697,0.47918404622256267,188.3063497206744
lrb,2127,188.85635161,0.5275778957692991,188.04562351002414
lrb,2128,185.867277182,0.5398427503218818,192.47950125301585
lrb,2129,178.395878624,0.5276647009665058,175.26598394057328
lrb,2130,193.783495589,0.508812055637896,198.47842694450827
lrb,2131,191.567005131,0.5198294288814487,185.95952211267806
lrb,2132,200.846540533,0.5175543055916082,198.73948358273972
lrb,2133,193.859447432,0.5298597302483886,198.21796839096962
lrb,2134,200.71313869,0.5293928897843623,194.82751028023515
lrb,2135,203.504939804,0.5460619532636234,204.4777393715054
lrb,2136,211.652087601,0.5472487326372754,206.564374258004
lrb,2137,209.227971343,0.5747986048422893,209.4334532494638
lrb,2138,231.065547982,0.5974503647634866,226.12572398466224
lrb,2139,226.854664816,0.5692248616573373,231.34220030541516
lrb,2140,205.571909704,0.535566477675219,204.47851736031322
lrb,2141,207.741448959,0.5447456997293264,201.34897266462738
lrb,2142,215.5714791,0.5895734179792312,213.3466777726716
lrb,2143,215.275906888,0.6071937669537025,217.78081300024894
lrb,2144,204.090056105,0.5881129892114649,195.09007562375533
lrb,2145,207.461614297,0.5835212691041036,209.43522811590455
lrb,2146,180.956844088,0.5898061059254073,180.74569414924173
lrb,2147,182.610948474,0.6067517643508473,181.78921048033473
lrb,2148,196.0282226,0.5919516676154843,192.22208946078433
lrb,2149,206.88124987,0.5817268403930281,207.61053894641356
lrb,2150,185.10655672,0.5789910329149124,183.87645631677964
lrb,2151,180.770768218,0.5480485582106972,177.8778999478209
lrb,2152,214.871258771,0.5202139544869262,219.60909178490732
lrb,2153,233.500358314,0.5353749716012491,230.82454477945961
lrb,2154,220.017168489,0.5137576804793437,218.30550363578047
lrb,2155,169.555307295,0.5773083286912433,170.5757219202378
lrb,2156,177.087781389,0.5855422854594554,181.7910978429458
lrb,2157,173.7719245,0.6152832783897472,167.9677650900448
lrb,2158,205.784912425,0.6361098619811055,211.7856760361616
lrb,2159,204.727630819,0.6263079198313433,203.70042625876033
lrb,2160,205.218063752,0.6250919606560476,203.7005896175609
lrb,2161,212.069951263,0.5912205893942651,208.39548824534697
lrb,2162,204.064457649,0.5988288466887706,203.96168347526995
lrb,2163,251.097017366,0.6121942333467034,251.17039408964268
lrb,2164,355.086034075,0.6423780415415498,349.7611590815525
lrb,2165,431.903105348,0.6481154092898714,436.35407556272025
lrb,2166,295.003524995,0.6128577037094944,288.2074217553232
lrb,2167,216.360004688,0.5810525941848755,215.17752290613512
lrb,2168,212.309663336,0.5537332447222723,211.26549978817212
lrb,2169,183.786082671,0.5544577953535751,186.74863628312653
lrb,2170,192.611561472,0.5571434133897158,192.22624445896523
lrb,2171,189.294648964,0.54698943108363,181.7936498604569
lrb,2172,209.420308641,0.5677054737930867,209.7020374672086
lrb,2173,221.134759016,0.5713347123579237,219.35278125837738
lrb,2174,182.297367583,0.556285611496994,184.924471208161
lrb,2175,185.300013003,0.5559529102472371,179.4474346086091
lrb,2176,170.353687763,0.5530970661073878,172.4054209690468
lrb,2177,154.47973591,0.5379616586571067,152.58291952095777
lrb,2178,154.503456535,0.515139737371671,153.88719733743105
lrb,2179,158.467167818,0.5157005643904812,154.93061601227404
lrb,2180,131.303821293,0.4970555573761344,130.67392138312843
lrb,2181,142.451351287,0.5091440797073279,140.58543135699105
lrb,2182,143.663118235,0.5071707596938391,144.23716484518613
lrb,2183,135.567882712,0.5327051782328089,133.28259403004367
lrb,2184,136.81403469,0.4918685609324742,132.76109143425435
lrb,2185,135.737238116,0.4941223540184782,133.28289696188534
lrb,2186,130.035587947,0.5373222213875599,129.63146882898667
lrb,2187,150.195910299,0.5327898247601235,152.3236914541207
lrb,2188,146.803031849,0.5225131737885715,145.02069758994907
lrb,2189,162.262741282,0.4963957238429175,160.93147086349188
lrb,2190,173.45800851,0.5069268892720802,177.1031734092563
lrb,2191,176.186449783,0.5145306233033583,171.62608035218483
lrb,2192,211.386476078,0.4848435363128557,207.62095097560507
lrb,2193,176.303609227,0.45657140599550117,178.66902890672873
lrb,2194,171.436992505,0.4124103496317625,151.02117342481424
lrb,2195,171.87735587,0.3948409704580193,175.27871713077323
lrb,2196,173.53825041,0.47789411441338586,169.8014493156882
lrb,2197,174.392381439,0.48396574246762986,180.75654323802274
lrb,2198,185.580235563,0.4933643520473584,182.84334082509957
lrb,2199,176.995090823,0.5047938654165782,174.23596077713313
lrb,2200,148.610743318,0.5668709588283342,147.1094985961914
lrb,2201,144.046399621,0.6024301130633923,144.5012081669826
lrb,2202,129.090473349,0.6406180557163283,136.15455995447493
lrb,2203,143.730421326,0.6288881432667053,145.02286077761184
lrb,2204,163.290674104,0.590134042673386,162.7595055075253
lrb,2205,154.607465269,0.5718846223139846,150.7612190096986
lrb,2206,157.071724624,0.5646409213447265,162.49868167054422
lrb,2207,170.794915116,0.6051718080119722,163.80285740272672
lrb,2208,168.393632145,0.6179847585237944,169.541166268143
lrb,2209,166.173753598,0.6055006110612215,166.67198962043315
lrb,2210,151.483028041,0.5671251796148277,154.67368517108994
lrb,2211,148.619887862,0.5528538806833708,147.89204909380743
lrb,2212,148.733720159,0.5511083168394569,152.06536512187884
lrb,2213,177.342269106,0.5563757472836578,173.71444998348463
lrb,2214,242.215325426,0.5781316533507755,219.62085044711245
lrb,2215,201.659516867,0.614126159900274,101.7246259801528
lrb,2216,236.384883777,0.5838098295857229,240.4871613147212
lrb,2217,286.254883549,0.571774209847834,285.3504047169405
lrb,2218,425.60068484,0.4516118320254876,418.89675735772823
lrb,2219,539.311036959,0.3585549040972812,331.77870644962087
lrb,2220,641.563498674,0.3711727160420297,174.4972229901482
lrb,2221,545.134626748,0.3994257736455055,199.7980188706342
lrb,2222,478.18454213,0.47301798966482184,277.52641978544347
lrb,2223,653.951311379,0.5056557691695347,457.5019322414024
lrb,2224,346.024980496,0.4723140665026376,142.41471542657587
lrb,2225,305.25367679,0.4378431724693308,103.81143658207912
lrb,2226,313.911439902,0.4961802960102944,117.63553140677658
lrb,2227,347.453637254,0.5041407408638741,148.15295598647174
lrb,2228,315.841738674,0.5261947066090178,77.98903877407896
lrb,2229,285.663900663,0.5045158780977397,43.559079727472046
lrb,2230,298.112583194,0.508396953344345,33.386600030637254
lrb,2231,322.92588014,0.5079123377799988,5.216656254787071
lrb,2232,327.766583333,0.5081730855070727,72.25068912880093
lrb,2233,383.567556314,0.493168548244392,70.6856912949506
lrb,2234,519.352651195,0.6054025805779617,142.93591957840266
lrb,2235,788.136327452,0.6757297995598167,483.8447377821978
lrb,2236,615.688359012,0.6223318014684541,407.9434911989698
lrb,2237,700.516299399,0.6548235438198174,456.7200712316177
lrb,2238,710.882085922,0.6020733433632113,438.4626159667969
lrb,2239,619.210243329,0.5443553399828372,353.1704474056468
lrb,2240,654.782487646,0.5065480505875058,439.2467669318704
lrb,2241,640.992233097,0.4877840350635017,436.9000392539828
lrb,2242,610.090903102,0.492309298225581,365.9533137302772
lrb,2243,684.409761644,0.49631414184410433,404.5578579173369
lrb,2244,638.607379907,0.48640340308932706,443.4232295915193
lrb,2245,436.298073524,0.4579287251181226,406.1239542044846
lrb,2246,577.659902815,0.4388373369351029,375.6063405953202
lrb,2247,461.454018579,0.4449779809472409,245.18799800498815
lrb,2248,431.003620665,0.4559823239310424,209.19267494351257
lrb,2249,409.359493631,0.5201831790599746,64.42725324443742
lrb,2250,415.376164652,0.507697989296739,178.67526080561618
lrb,2251,429.70622765,0.5541505238992704,217.54078485825485
lrb,2252,460.450200102,0.5880152393552147,261.623260049259
lrb,2253,493.774720274,0.5865922453585435,266.57967271991805
lrb,2254,420.250836682,0.5738755977678243,219.36798957375913
lrb,2255,462.045945972,0.5536483891720015,292.66498269473806
lrb,2256,493.161940172,0.5561416875727246,279.8842794680128
lrb,2257,508.033459757,0.5364919990679747,287.44914849973196
lrb,2258,451.418975491,0.5441171052014727,272.05971197988475
lrb,2259,412.395957245,0.5383155296189054,226.67311625761144
lrb,2260,388.769388887,0.5513938282151496,168.7660260069604
lrb,2261,298.164243044,0.5479483685170512,65.47185244092755
lrb,2262,294.223772517,0.47997352480888367,78.25325460994945
lrb,2263,289.32969808,0.5324430465698242,24.51943748324525
lrb,2264,284.159437333,0.49163687386010824,24.7802921369964
lrb,2265,344.779913573,0.4971219765475072,130.9445622762044
lrb,2266,401.011791354,0.5421641602660671,172.15845534380742
lrb,2267,432.726717522,0.5259995072255835,179.20165432200713
lrb,2268,389.457892914,0.4862807913993795,125.2066125308766
lrb,2269,340.555938772,0.45682057425462075,94.42681421018113
lrb,2270,325.720680054,0.43595518999629557,72.77659283806295
lrb,2271,358.018217318,0.4379755702355634,95.99225490794461
lrb,2272,359.68593909,0.44372205392402764,124.16412865133849
lrb,2273,362.278205636,0.4730126609664937,149.46670137293196
lrb,2274,350.912679748,0.5028028179881393,121.29514402501722
lrb,2275,353.113600398,0.49126558088023087,75.64657138001685
lrb,2276,350.150662687,0.4949773390980743,96.77567701152726
lrb,2277,351.778564284,0.4796399897679769,140.5987892300475
lrb,2278,334.48036263,0.4900534024526333,105.90577180151845
lrb,2279,354.970261612,0.501405739704464,136.4256358726352
lrb,2280,391.87333476,0.5017225398026276,176.33631558885764
lrb,2281,386.301699364,0.4935997019584183,159.90285085042316
lrb,2282,362.016841279,0.5012568683670499,94.16807221057368
lrb,2283,343.015539095,0.51865853365062,93.12479777616613
lrb,2284,373.370357741,0.5191033883677498,151.55633494059245
lrb,2285,352.93589607,0.544255034536378,152.59996840533088
lrb,2286,359.675647173,0.5924870411493459,168.5123618929994
lrb,2287,334.427549923,0.5416995503564379,174.77319584266812
lrb,2288,370.454254403,0.5870457130239544,147.9053430893842
lrb,2289,399.158479381,0.5696544517392982,190.42516820571
lrb,2290,371.075260156,0.5781126261288445,117.12470487706803
lrb,2291,437.632648474,0.5811876266632439,193.5561124913833
lrb,2292,421.719501558,0.5789309031634218,154.9494415283203
lrb,2293,372.375163231,0.5939406594286766,96.25662171606923
lrb,2294,392.304079771,0.5685539664062735,152.34145639456955
lrb,2295,455.018895867,0.5764886673436297,272.07607284246706
lrb,2296,414.43101165,0.5414185650059219,208.4268815283682
lrb,2297,430.439189313,0.5265026523956523,236.60015207926432
lrb,2298,389.549959673,0.5257508042570832,180.77634959501378
lrb,2299,273.054996167,0.49435513685206456,87.12757601270489
lrb,2300,377.974622115,0.5274551827163523,114.51798738965802
lrb,2301,272.113247215,0.452787051598231,9.39104434742647
lrb,2302,253.400564118,0.4506718229074947,79.5630330104454
lrb,2303,317.292458452,0.48996384049060454,62.34629256304572
lrb,2304,392.980194582,0.4986648195848678,81.65027920592064
lrb,2305,526.627278136,0.5157735298509184,209.99483747295307
lrb,2306,455.244999227,0.45548137444406217,146.6055331959444
lrb,2307,302.417136519,0.32758765735409473,51.65101641486673
lrb,2308,372.621275478,0.4379437045374913,34.95585865693934
lrb,2309,433.717721926,0.45188255804259564,93.12871021943934
lrb,2310,445.276990685,0.2989082049462013,133.5632968678194
lrb,2311,630.473396539,0.30485955869700176,351.38636268166937
lrb,2312,652.283525751,0.3415332885635136,419.4728220621745
lrb,2313,403.148916205,0.4547473571812198,167.73722357656442
lrb,2314,413.75954533,0.4712741708926923,235.8240986842735
lrb,2315,422.331525835,0.5019349228620804,226.17244528976144
lrb,2316,475.736344308,0.5835723738080448,253.04228985356352
lrb,2317,465.501932729,0.622909123889245,224.60801678825828
lrb,2318,466.050500025,0.5944297973095902,265.04295046937233
lrb,2319,426.472089216,0.597753641432268,237.13027837416703
lrb,2320,486.118313998,0.5988633405935538,260.60891714657055
lrb,2321,334.533204965,0.5727480635370897,96.00020282221776
lrb,2322,268.734601095,0.5051221981088154,62.86974705714806
lrb,2323,289.289888254,0.5743834110060099,75.91332831289253
lrb,2324,241.654587025,0.44354167501483344,29.478408364688647
lrb,2325,314.205999196,0.4611101352797889,50.3481876148897
lrb,2326,334.661606154,0.39471088932049975,118.17494740205652
lrb,2327,342.242469495,0.46008612506336083,151.04503505931183
lrb,2328,297.19744906,0.518381441875202,85.56626640768611
lrb,2329,241.01467508,0.5168941020965576,5.217465269799326
lrb,2330,215.511594186,0.5088239908218384,16.174170161228552
lrb,2331,192.84697904,0.5767622590065002,4.173986577052696
lrb,2332,235.023563287,0.5767622590065002,8.087098993039598
lrb,2333,313.051839767,0.5279506072915834,75.65376476213044
lrb,2334,267.936872111,0.5201184308087384,42.26179971133961
lrb,2335,210.661091199,0.47717671734946115,3.652261561973422
lrb,2336,212.482241721,0.4096323251724243,44.60987037209903
lrb,2337,210.429651212,0.4613575166271579,8.087183843874463
lrb,2338,204.394771304,0.527612566947937,8.348074640012255
lrb,2339,219.024100647,0.5479523609666263,8.869830741134344
lrb,2340,217.969248258,0.5762775990427758,25.56606672698376
lrb,2341,206.528488495,0.5857173286635299,7.565475822897518
lrb,2342,208.023527346,0.5947856307029724,0.782636126349954
lrb,2343,204.612661002,0.5698005557060242,21.13121176326976
lrb,2344,210.388966066,0.5289341831207275,6.52197893928079
lrb,2345,205.305769457,0.46514674681651436,41.21895357019761
lrb,2346,227.540393162,0.5079647601838132,65.48086332433364
lrb,2347,262.784394646,0.5577152092456817,65.22010952818628
lrb,2348,237.28498966,0.5357456336150299,48.26294409060011
lrb,2349,268.752384772,0.5387590786575768,61.82884539435891
lrb,2350,283.893580012,0.5442961457630863,48.00222332524318
lrb,2351,273.707182492,0.530914843082428,24.001132980047487
lrb,2352,270.388623178,0.3897212743759155,6.261187385110294
lrb,2353,194.603385702,0.35340552031993866,57.916082943187035
lrb,2354,213.60588789,0.3467367295459782,58.177038005754056
lrb,2355,211.220556412,0.41433863460490133,29.479884278540517
lrb,2356,214.021318553,0.4646585090802266,67.82988005993413
lrb,2357,266.136262694,0.5201901015879095,68.09084634219899
lrb,2358,357.793280116,0.5431414830706297,143.74733225504556
lrb,2359,477.252007959,0.5467739293133687,271.84133611940865
lrb,2360,360.5543872,0.5541547827431479,219.4042838601505
lrb,2361,253.707851671,0.5155706924575191,74.6131227979473
lrb,2362,204.565171004,0.4956733935918563,30.523551043342138
lrb,2363,204.595396682,0.4067723352081922,63.91683909098307
lrb,2364,212.853847026,0.4689571198579427,48.26382311652688
lrb,2365,222.233010171,0.4587399791174405,58.17749615837546
lrb,2366,219.184141511,0.467357116810819,73.56984611960019
lrb,2367,240.392927483,0.4618075745095932,126.7906702378217
lrb,2368,234.771238825,0.5028068258003755,28.69751829259536
lrb,2369,197.517768827,0.4062382067952838,7.304824470071232
lrb,2370,201.144296669,0.43312892965648486,24.00161554673139
lrb,2371,200.636845053,0.48716629908336856,32.08915043251187
lrb,2372,211.84412027,0.410368830613468,12.000836600509345
lrb,2373,204.332322777,0.4412322002787922,22.436401427025892
lrb,2374,210.314780674,0.4850701335746209,68.09198662252987
lrb,2375,230.411970959,0.4812551862028636,57.1347464168773
lrb,2376,300.883811252,0.46694314122419955,141.40219337612973
lrb,2377,384.057731216,0.4635497937698175,263.49889921300553
lrb,2378,427.996763357,0.4686406867612029,305.5027130426145
lrb,2379,264.974846934,0.46583550608056223,122.0967631919711
lrb,2380,309.374336494,0.47142283120294554,178.71028197045422
lrb,2381,354.440984041,0.5121329540361739,174.53639436609603
lrb,2382,278.300873389,0.4731100928808047,126.27152123544731
lrb,2383,360.911078495,0.47054558377615446,249.15170168409162
lrb,2384,370.094970489,0.5076064357401157,230.36789281508499
lrb,2385,303.994692497,0.4385705133165143,181.84214423684512
lrb,2386,354.198340998,0.45443796489709687,211.32340060963347
lrb,2387,374.73889678,0.43001804554677875,173.2333339915556
lrb,2388,299.03350113,0.429255200968105,102.27043205710018
lrb,2389,311.859174085,0.4432897203765895,161.49354975083293
lrb,2390,299.297828739,0.42104701700094443,171.40782443775848
lrb,2391,230.245193959,0.42732049953059736,109.83681960760379
lrb,2392,242.862922396,0.4218831034501394,58.70152103199679
lrb,2393,190.338160357,0.4435475448315793,22.958845549938722
lrb,2394,267.591812604,0.4043634960363652,75.6599854114009
lrb,2395,222.651299529,0.38446915655765895,69.13773779775582
lrb,2396,246.144488652,0.340993865681024,151.05970731249042
lrb,2397,203.570596905,0.3269124223635747,118.70858525294884
lrb,2398,216.56656699,0.3792238578481493,110.62097120098039
lrb,2399,236.536743591,0.3922397879083836,90.53198801676432
lrb,2400,193.21536787,0.38500175936793785,102.2724759569355
lrb,2401,192.273337993,0.36717773106071977,71.22550793816062
lrb,2402,205.745179115,0.47341448068618774,0.26089914359298405
lrb,2403,221.044575741,0.48941523554813426,21.654652255189184
lrb,2404,228.610308884,0.4989541471004486,8.087887363807829
lrb,2405,229.135641604,0.24991261959075928,2.609009686638327
lrb,2406,205.667694115,0.3100550792046955,36.52619844324448
lrb,2407,187.172631218,0.32449113983003536,141.93038500617533
lrb,2408,209.294600807,0.3153715054817798,58.1810250674977
lrb,2409,198.176314378,0.22470104694366455,0.5218028349034927
lrb,2410,172.811909865,0.28212594985961914,2.8699057186351102
lrb,2411,171.918008709,0.342017378780868,47.48383382161458
lrb,2412,164.131344172,0.37991854170678374,37.04778789445466
lrb,2413,159.429611974,0.4124383385364826,16.958472607182525
lrb,2414,162.186580683,0.44400111533874687,11.218647915709251
lrb,2415,175.546581871,0.45473515846320156,44.091850250842526
lrb,2416,160.236468729,0.4140719826718495,80.09566369150198
lrb,2417,154.950064156,0.3880943194780936,46.70069517247816
lrb,2418,175.250848875,0.4052355885505676,42.78708663641238
lrb,2419,170.237812491,0.39405295878116575,58.44081938500498
lrb,2420,166.335358474,0.34526241593890716,58.701694264131426
lrb,2421,175.512719466,0.359154686331749,1.0435829910577512
lrb,2422,175.417344375,0.42472861188181327,23.21968195298139
lrb,2423,161.390611699,0.4220880945341303,56.87509415570427
lrb,2424,166.198179517,0.4380693733692169,28.176616354549633
lrb,2425,165.658173574,0.461590026231373,8.870394269157858
lrb,2426,162.762405248,0.4453551769256592,2.3480473237879136
lrb,2427,176.209239786,0.45191662665456533,16.697147324505973
lrb,2428,174.482431631,0.44166147543324363,18.784272077971814
lrb,2429,174.652419911,0.4286367011070251,19.56692798090916
lrb,2430,172.412460513,0.4308512091636658,5.217839259727328
lrb,2431,177.54387825,0.3636545363775234,25.306471312279797
lrb,2432,182.58856703,0.49419230222702026,1.3044589173560048
lrb,2433,186.313884353,0.5139573216438293,5.7396113376991424
lrb,2434,177.054032788,0.5287247551998622,18.523237938974418
lrb,2435,170.140297519,,0.0
lrb,2436,184.120103737,0.44334085782368976,11.740044029086244
lrb,2437,170.761014114,0.4212481991616552,43.56871798646216
lrb,2438,185.879682818,0.4296133332379418,68.61420392803117
lrb,2439,198.110388816,0.42136686374532417,98.09483253628599
lrb,2440,185.760606238,0.42713674408084945,69.13600218529794
lrb,2441,196.730351822,0.4889932968295537,27.132661467907475
lrb,2442,183.326157561,0.47086037970283656,26.87177049225452
lrb,2443,184.62488718,0.49900064728361493,24.52375171137791
lrb,2444,197.834892003,0.48216874389087455,66.52709736543544
lrb,2445,196.670928349,0.5388175209177617,83.74585705925438
lrb,2446,182.959655163,0.5365116687921377,33.91576849245558
lrb,2447,178.045587453,0.4520740398476201,32.350378029019225
lrb,2448,187.18562765,0.5090147654215494,1.5653449563419117
lrb,2449,168.394672212,0.3936507999897003,31.306863223805145
lrb,2450,184.966911297,0.3904744383373824,70.70150601256128
lrb,2451,162.394959783,0.3855439021037175,16.95793316411037
lrb,2452,174.402137496,0.3850330313046773,25.045628805721506
lrb,2453,175.066303856,0.38730427646447746,32.872431257659315
lrb,2454,172.099476546,0.3526104297748832,56.09193967931411
lrb,2455,167.612308968,0.38179667774310777,31.568055366067323
lrb,2456,172.508538388,0.42540615899515016,91.05190654081458
lrb,2457,172.06165813,0.4187094371814232,20.08884079877068
lrb,2458,184.243202108,0.4090957981736764,48.00458858714384
lrb,2459,175.193075862,0.42986487879336455,26.872160877900967
lrb,2460,163.56754951,0.47816507283009985,4.957009199553845
lrb,2461,181.328545312,0.4876420795917511,7.82686570111443
lrb,2462,170.076679697,0.4503335952758789,31.56841263116575
lrb,2463,197.731121735,0.48189912597338364,39.13434310613894
lrb,2464,537.95639934,0.4654798658317344,385.0816793703565
lrb,2465,195.274927453,0.503466466133543,72.52911834716798
lrb,2466,186.012706323,0.5461602210998535,2.86986556707644
lrb,2467,204.346634388,0.42655821933465843,22.176265791350723
lrb,2468,134.589738488,0.4303901901800339,19.045523879107307
lrb,2469,66.8873316502,,0.0
lrb,2470,76.0624220114,,0.0
lrb,2471,130.694480967,0.2584493160247803,1.8262971466662836
lrb,2472,205.538556099,,0.0
lrb,2473,197.469710433,0.24797698855400085,14.610402305453432
lrb,2474,203.387743397,0.24797698855400085,0.26090004116881127
lrb,2475,198.765632219,,0.0
lrb,2476,209.568253067,0.21986082163121964,23.48104678883272
lrb,2477,193.19533805,0.24272955708865881,41.22228214039522
lrb,2478,175.776391222,0.2620741385480632,30.0035597857307
lrb,2479,185.099009165,0.26946429716478487,26.35095250746783
lrb,2480,186.34279832,0.3219522697440649,61.572421204810055
lrb,2481,178.187762342,0.3966808712060472,88.44511395622702
lrb,2482,187.053283361,0.4351869360322044,21.915603458180147
lrb,2483,188.548688484,0.41120708105610865,53.22348722570083
lrb,2484,188.475720741,0.4486363388243175,21.915528959386485
lrb,2485,193.575651909,0.4761913057038749,72.0081537583295
lrb,2486,178.786393748,0.5032580631971358,13.044956730861287
lrb,2487,176.498567931,0.5019933795478163,62.09388936360677
lrb,2488,168.684689163,0.5265075533554471,45.39637289608226
lrb,2489,161.308406403,0.5311655063255161,13.305833435058593
lrb,2490,165.432495636,0.49229316578971016,18.784684932933136
lrb,2491,169.126681666,0.464879610355775,103.83750909543505
lrb,2492,161.341085766,0.4487333686421157,98.61955629236557
lrb,2493,154.676094884,0.4982129081861297,17.480212551939722
lrb,2494,161.113175159,0.5089548256086267,60.006699805166214
lrb,2495,165.794631323,0.45715773052967046,73.8343360152899
lrb,2496,162.7325238,0.3969668358322081,32.090550680721506
lrb,2497,154.656503543,0.3014222644842588,16.95841785505706
lrb,2498,167.390258128,0.4091041245303311,23.741839569690182
lrb,2499,163.599736486,0.301581472158432,3.391688866708793
lrb,2500,161.96537819,0.4183673560619354,4.435308837890625
lrb,2501,197.22096838,0.4183673560619354,10.696921314912684
lrb,2502,180.31846961,0.3442776064078013,35.221630320829505
lrb,2503,171.803191834,0.38170934978284343,39.65699525720933
lrb,2504,164.437168009,0.42749755380627424,81.40134277343749
lrb,2505,174.473191929,0.4496547946960963,120.27585278679342
lrb,2506,167.438666136,0.451354130762796,80.09704482134651
lrb,2507,163.57965112,0.37637786626815795,6.522574361165365
lrb,2508,164.508613942,0.3018440200732304,16.958739486395142
lrb,2509,148.367012294,0.332302472392718,39.135598575367645
lrb,2510,146.021775504,0.38207265015910663,44.35374151491652
lrb,2511,172.986513172,0.4116901914278666,58.703540577607995
lrb,2512,161.140432769,0.3937604433678566,36.78761462043314
lrb,2513,167.082477919,0.4658588163581182,73.31445010316138
lrb,2514,144.135045222,0.4948715288881903,56.35559288473691
lrb,2515,182.452627587,0.6457102298736571,9.13170878092448
lrb,2516,188.247239739,0.6503611808956258,26.351502482096357
lrb,2517,162.09163054,0.5999431838499051,27.91693827311198
lrb,2518,186.984967775,0.5796637347691964,59.74746602376302
lrb,2519,167.609014078,0.5599603652954102,33.917775472005204
lrb,2520,184.076159099,0.6270933151245117,19.046168218874463
lrb,2521,177.230609634,0.5425602437327147,49.311312237907856
lrb,2522,178.658470559,0.5489308331895062,33.13517111983954
lrb,2523,167.695969398,0.5266670846618344,58.18222725064147
lrb,2524,169.786024894,0.44418384943359585,67.31408637551701
lrb,2525,155.282365596,0.441700988672149,18.52444200702742
lrb,2526,147.624380297,,0.0
lrb,2527,162.922308741,0.4327852360512081,49.572642606847424
lrb,2528,155.167851558,0.4697329991871549,75.92446405747357
lrb,2529,150.22420855,0.45052840506158226,10.6972754983341
lrb,2530,170.252690377,0.4936236927470009,47.485626220703125
lrb,2531,141.704946993,0.4930923071210784,45.137448808258654
lrb,2532,144.234752217,0.4946731388932321,85.57864822686886
lrb,2533,164.741888208,0.552243709564209,3.6527534634459253
lrb,2534,171.71019015,0.4837137954575675,18.26376731722963
lrb,2535,159.005882644,0.42259252071380615,30.265671554266238
lrb,2536,153.979427987,0.4482757257563727,3.6527557073854933
lrb,2537,165.383514822,0.44873130321502686,16.17653527353324
lrb,2538,160.498888774,0.44873130321502686,18.002918288286992
lrb,2539,163.479734205,,0.0
lrb,2540,153.978430557,0.32202309510839267,33.135970859901576
lrb,2541,154.322787704,0.28011789157472805,37.832444733264396
lrb,2542,161.400023889,0.32004130981406387,12.78478713690066
lrb,2543,158.577287264,0.3188405930995941,2.870060400869332
lrb,2544,138.901544478,0.33318160348375075,37.04986793667662
lrb,2545,133.631830135,0.3704003095626831,55.05297678031174
lrb,2546,140.304603279,0.3247924233795307,56.87937885359223
lrb,2547,135.036282373,0.297440767288208,26.874201935412835
lrb,2548,146.874004029,0.3823862203987696,72.79504448385799
lrb,2549,149.476860717,0.4015299677848816,34.44066557042739
lrb,2550,182.999649964,0.46425039998066964,79.83961432961857
lrb,2551,169.650697247,0.48391828602424375,109.32273948519838
lrb,2552,154.013156684,0.46642535958210185,93.40693682502298
lrb,2553,164.467745878,0.5018569496703298,124.9773109585631
lrb,2554,173.27553838,0.5016974320420545,70.18553050920075
lrb,2555,161.520138712,0.4521185809915715,14.350213114420573
lrb,2556,153.923191255,0.43122761725233155,27.13496629303577
lrb,2557,152.691989156,0.40568687450705154,68.88109418083639
lrb,2558,157.87772763,0.3977006404865079,32.092372400620405
lrb,2559,160.514463079,0.4096750204977782,60.010131237553615
lrb,2560,149.763476487,0.4200376562583141,20.35128532858456
lrb,2561,150.735475564,0.4696599473786908,11.219302787032781
lrb,2562,139.466037094,0.4498157893582214,36.2671116249234
lrb,2563,135.144655329,0.4567263424396515,8.87111104329427
lrb,2564,134.361074603,0.47374570369720453,9.132031698787914
lrb,2565,133.52310872,0.4549824132202821,100.71331721287147
lrb,2566,134.477305566,0.44280636627864467,68.6207815731273
lrb,2567,149.771927382,0.4500213903704966,33.136326688878675
lrb,2568,138.385235708,0.45286283749958556,75.66565255557789
lrb,2569,137.435354984,0.4801876522358574,72.2738447301528
lrb,2570,146.248792817,0.4888753264333851,134.63292254279642
lrb,2571,143.961078662,0.5128555471569762,100.7139112584731
lrb,2572,150.970236233,0.5169528955156623,72.27408079259536
lrb,2573,160.172270203,0.4967184097960938,44.8778154260972
lrb,2574,153.497489625,0.4974961280822754,12.784969913258273
lrb,2575,173.500153978,0.272483229637146,1.0436729281556372
lrb,2576,166.119003495,0.21087877452373505,2.6091912961473653
lrb,2577,157.614677418,0.2376541214585304,65.22978240368413
lrb,2578,172.867767093,0.2717235428150569,139.59177877388746
lrb,2579,149.580445667,0.3107231880271837,146.89756107704312
lrb,2580,136.171025158,0.333110144505134,139.07000738405713
lrb,2581,142.390229579,0.3154958033812914,68.09998168945313
lrb,2582,164.398626432,0.2841917505351509,32.09316334443934
lrb,2583,160.541339049,0.4435892701148987,18.525321930530026
lrb,2584,123.74081086,0.4435892701148987,0.5218400543811275
lrb,2585,124.095935616,0.46882882714271545,22.96092289943321
lrb,2586,137.903637646,0.43459058031439785,31.310278499827664
lrb,2587,131.536737162,0.4190145799091884,73.05727012484681
lrb,2588,129.087757764,0.43711250364289855,126.80650356517118
lrb,2589,142.67982231,0.4601480292307364,144.80972693948183
lrb,2590,149.616911926,0.47794727325439457,150.027922447055
lrb,2591,138.402019487,0.5404423611698214,80.36280014935662
lrb,2592,126.985051765,0.5511149313855678,49.052623793658086
lrb,2593,129.405030413,0.4824122008792857,97.58324932023591
lrb,2594,152.220828229,0.5350220945646178,27.657281853170957
lrb,2595,152.615068217,0.5686646810797757,11.219431529325597
lrb,2596,166.935769963,0.5609564552517057,41.48577827004825
lrb,2597,162.505668169,0.4332573993676373,38.354680857938874
lrb,2598,142.203495921,0.4803109557732291,36.00652070886949
lrb,2599,140.700764634,0.4128154686760295,92.10365187701056
lrb,2600,150.436497982,0.4030330183468464,99.40937903909122
lrb,2601,164.020905883,0.4524496760203208,60.271897349638095
lrb,2602,179.867394079,0.3895295797621163,80.62345697739545
lrb,2603,198.152302601,0.46973706095242024,53.22722078211167
lrb,2604,179.041998529,0.40447679661705116,87.14652270148783
lrb,2605,152.354923441,0.3907428657064344,131.76361383176317
lrb,2606,118.002885216,0.41927439444236925,115.84778388528264
lrb,2607,126.492403217,0.47663715039569193,128.37206277286305
lrb,2608,129.499561338,0.4784340466636111,130.98143986720663
lrb,2609,129.059378223,0.46718653206972727,126.54598340801165
lrb,2610,139.47433442,0.4558640280257676,136.4611104927811
lrb,2611,128.993690027,0.4437613353014939,131.50380284926473
lrb,2612,135.288522173,0.4351772349181137,132.54768114276962
lrb,2613,143.650055757,0.4137304026438142,144.28930185355392
lrb,2614,138.309912019,0.42359945117055314,102.02023868934782
lrb,2615,144.368544446,0.45944392699748277,83.49494380576937
lrb,2616,138.583670385,0.491425428480383,65.75233459472656
lrb,2617,157.818909823,0.4201112887597977,97.58494552911496
lrb,2618,151.956850158,0.465313647044908,56.88113882027421
lrb,2619,156.907346474,0.49555228481877533,27.657832545860142
lrb,2620,170.112400742,0.4523918259499678,104.89113922119141
lrb,2621,164.748621484,0.42828970527285853,102.80384853587431
lrb,2622,145.087274797,0.3640176371267771,95.75903311336742
lrb,2623,142.155096092,0.38768465527042545,115.32848618451288
lrb,2624,153.405042745,0.41670156265479336,121.85178366268383
lrb,2625,152.060982817,0.5008294808142113,103.32631557688994
lrb,2626,214.343292238,0.46624325585487253,102.02187793208103
lrb,2627,193.813810987,0.37645003148819123,107.24045104980469
lrb,2628,182.245823239,0.40079233421329635,62.88315423703661
lrb,2629,189.89211139,,0.0
lrb,2630,176.655330421,,0.0
lrb,2631,198.117551756,0.3797007274408282,42.53124132343367
lrb,2632,204.627383576,0.38648867050967883,128.63739522298178
lrb,2633,138.066292145,0.3366473063247876,107.50221814922257
lrb,2634,143.346024865,0.3613275652592277,137.50889168533624
lrb,2635,174.324143144,0.3771849030035514,176.12634202545763
lrb,2636,168.468182568,0.4786401057206153,167.25488703110636
lrb,2637,142.316190956,0.46758034033612467,137.50918827430874
lrb,2638,112.257252431,0.4984121253909586,114.28666444666244
lrb,2639,116.551880801,0.5004045192014288,112.72118575152228
lrb,2640,154.91061986,0.48926470429957414,155.25266325707528
lrb,2641,151.436052548,0.4958273993939469,126.55057555553961
lrb,2642,154.370208827,0.6167197729101275,52.70776804007736
lrb,2643,164.419808044,0.5702622508146488,94.45650485169654
lrb,2644,170.749951666,0.5331762990683875,125.50706236596201
lrb,2645,144.890299797,0.5231293583937113,94.45646131926893
lrb,2646,133.26017924,0.5090960620479149,114.80882382860369
lrb,2647,121.34603001,0.5541089047388785,121.07096659342446
lrb,2648,134.440450718,0.5789042819840039,134.63905119054456
lrb,2649,128.898054641,0.5995990132939988,126.02827333936504
lrb,2650,141.726898646,0.6005876171503136,145.07589003619026
lrb,2651,157.871116994,0.6073493464748458,158.122175358791
lrb,2652,134.812140676,0.5975935357430625,131.50749125761146
lrb,2653,131.846683912,0.5707612299484763,128.89819629145603
lrb,2654,125.957168785,0.5348073700503516,120.28757841820811
lrb,2655,132.211694851,0.507777357321769,134.1167812870998
lrb,2656,144.772413808,0.5032900928143392,142.72743114396636
lrb,2657,123.339543336,0.544546167696676,121.33142679251876
lrb,2658,116.593589427,0.5696886740033589,115.0692591648476
lrb,2659,122.593484521,0.5793696590316245,120.54889607149012
lrb,2660,106.796734749,0.5630751027435553,111.41654327990962
lrb,2661,111.264310285,0.5552469611167908,109.59019290699678
lrb,2662,110.658454959,0.5415142376262407,108.54660656498926
lrb,2663,96.7869949853,0.5449581432049392,95.50023974250344
lrb,2664,114.21461739,0.5030450383868008,112.9826722687366
lrb,2665,105.025011697,0.46686150884326494,103.06750069412531
lrb,2666,115.954790951,0.4571128503642098,77.49639285218483
lrb,2667,137.776410468,0.4816348730249607,24.52754941454121
lrb,2668,150.119078436,0.41512423753738403,66.27663978127872
lrb,2669,137.12363319,0.49528440304157395,136.728298591165
lrb,2670,123.532320895,0.5674384427070618,123.94277909222771
lrb,2671,133.909360024,0.5905451677880198,138.29416207706228
lrb,2672,126.421193288,0.5916534371038981,125.50853442023782
lrb,2673,125.156908659,0.590207721716092,126.81326320872587
lrb,2674,115.017876295,0.6093501815220219,114.54949221143535
lrb,2675,123.894211931,0.592252450472129,124.9868460561715
lrb,2676,117.956261176,0.5694933190809942,117.94177207198797
lrb,2677,127.782962189,0.5548321053837285,103.32960600011488
lrb,2678,116.783093377,0.5547128619661756,40.96659028296377
lrb,2679,146.477655806,0.49585465010374885,73.32257229674096
lrb,2680,214.982603466,0.48841637676124094,166.73737873750576
lrb,2681,196.990861769,0.4494748640424258,145.3408473893708
lrb,2682,128.46382203,0.49041680200600335,126.81431130801931
lrb,2683,113.697340762,0.5274990155779083,113.50655364990233
lrb,2684,177.820898864,0.5280419188196008,143.51385124056947
lrb,2685,159.709237133,0.5672728749821861,83.75982755773208
lrb,2686,91.066154381,0.5998221009881798,88.45652860753677
lrb,2687,229.468869655,0.505745409652591,208.74666448854936
lrb,2688,103.690321458,0.553989097054636,101.50310262044272
lrb,2689,96.8930799666,0.5850099826615953,98.63291347728057
lrb,2690,100.034245169,0.57557413037618,97.85019414565143
lrb,2691,105.028747657,0.5889655030226405,103.06895955403647
lrb,2692,110.539844089,0.5806398385718128,103.59090722775926
lrb,2693,129.124549465,0.5694898514440602,129.68439902511298
lrb,2694,140.641906516,0.5748613689547386,139.60003916422525
lrb,2695,146.324420566,0.570396839817868,144.29704583859913
lrb,2696,146.294662412,0.546920456058864,145.86281660491346
lrb,2697,121.665533106,0.5586662601496353,127.3366029028799
lrb,2698,119.475521916,0.5503147868459413,122.37906419342639
lrb,2699,174.788332871,0.489026880144705,169.08691639619713
lrb,2700,111.142776694,0.5257540620074552,110.89822058584176
lrb,2701,193.983015153,0.43815733623782344,156.82334394267963
lrb,2702,177.484089692,0.43217432586158183,106.9844711602903
lrb,2703,125.86101651,0.4244782954126925,23.74534912109375
lrb,2704,189.918429441,0.3246668875217438,6.262517233455882
lrb,2705,174.092064164,0.27283157904942834,18.787648638556988
lrb,2706,164.814990178,0.2710113823413849,14.351676043342142
lrb,2707,193.720615246,0.3777240295418025,79.06468802059398
lrb,2708,173.170654096,0.5451325171805443,85.84905027501723
lrb,2709,155.1933211,0.5941092377192123,118.4663122738109
lrb,2710,140.219042975,0.6196307391770142,138.55845498477711
lrb,2711,153.899452436,0.6264789139700901,154.47556915283204
lrb,2712,150.194731112,0.6305503845214844,151.34426879882812
lrb,2713,143.210331611,0.645084187577727,143.77705598718978
lrb,2714,158.772049876,0.6369442238295373,157.86771491555606
lrb,2715,157.031924375,0.623838190354553,159.69429805980008
lrb,2716,156.174687166,0.6117706491396978,152.64896033791936
lrb,2717,177.503553258,0.6128125000579846,182.39587133071
lrb,2718,145.670706173,0.6407147904591902,146.12551565731275
lrb,2719,163.110483862,0.6211945486906618,163.3475901884191
lrb,2720,134.52024041,0.5902974511148366,136.7320167092716
lrb,2721,129.465565845,0.548135412547133,127.07746599982765
lrb,2722,124.733786013,0.5396391832700339,121.33697060977711
lrb,2723,145.588625223,0.5497915537733782,148.73588472254136
lrb,2724,153.745925844,0.5591996574914585,145.60484816607303
lrb,2725,149.543684761,0.5706943071773839,151.0848773731905
lrb,2726,170.110754789,0.5761942260025084,168.30726623535156
lrb,2727,150.740106385,0.5705526383131143,155.52139485677083
lrb,2728,149.417702689,0.5573265363964758,148.476216544357
lrb,2729,172.717277376,0.5722874155251089,171.70035466212852
lrb,2730,176.969534991,0.5878750523223598,177.44137480492688
lrb,2731,162.874059036,0.6124260174756003,158.1317720301011
lrb,2732,159.297101543,0.5918504520270383,158.6538689407648
lrb,2733,160.709246558,0.5748094930045907,158.91502667595358
lrb,2734,183.097146678,0.581202237509617,187.09725063548368
lrb,2735,171.076341014,0.567861628852561,165.178100047392
lrb,2736,166.255187684,0.5532417279886611,169.09251843620748
lrb,2737,172.530268598,0.5462957571870016,169.09273789349723
lrb,2738,148.838311085,0.562094035369533,149.2610674091414
lrb,2739,156.104494807,0.5698659182689425,156.3068255256204
lrb,2740,150.227908839,0.5566533058096109,148.47859326530906
lrb,2741,168.483974858,0.5312276743352413,173.26874452478745
lrb,2742,181.462128304,0.5050312960999352,182.66299887264475
lrb,2743,141.616153262,0.4821007897740319,136.9973844640395
lrb,2744,146.12540831,0.5303614879925769,149.26214016185088
lrb,2745,157.994798053,0.5310287376581613,153.95941123214422
lrb,2746,156.331648747,0.521915815966694,158.65670237821692
lrb,2747,168.877044049,0.532944933729923,162.31020645440796
lrb,2748,167.081332689,0.49404484906628093,170.13886461444932
lrb,2749,173.60438966,0.44829917701336,173.7923944809857
lrb,2750,318.73145113,0.5560296279787532,321.2296572217754
lrb,2751,177.100895704,0.583593218888401,172.7491882324219
lrb,2752,159.070097621,0.5569255924577198,158.9190637326708
lrb,2753,109.890983061,0.5583061928831096,106.20714940089806
lrb,2754,105.070751092,0.5841553792504981,105.4244608561198
lrb,2755,121.850307654,0.5907300429959452,121.34271195355585
lrb,2756,109.188441761,0.5738788757382369,106.99051292269837
lrb,2757,130.118732854,0.5761342123885597,132.30310668945313
lrb,2758,137.854564829,0.6188406082454013,139.87099800857845
lrb,2759,128.651614171,0.6415562328578528,125.5187890445485
lrb,2760,151.871014113,0.6352603082227128,150.57060753317438
lrb,2761,137.95273506,0.6399043592995776,130.2163776173311
lrb,2762,133.285642256,0.6553018913535998,135.17473988252527
lrb,2763,135.497032604,0.6003485330961701,138.82829909979128
lrb,2764,148.311695498,0.5247402680810466,143.2648203531901
lrb,2765,165.08959802,0.5188775423500273,164.40257397819968
lrb,2766,166.42804038,0.5418236051074428,167.27328928031173
lrb,2767,197.436436154,0.5441585129066822,194.15190181358187
lrb,2768,152.271875083,0.5917412400149684,162.05398272346045
lrb,2769,112.973416599,0.5796421622213029,110.12350532681336
lrb,2770,122.054989309,0.5773249450969495,124.47591648475796
lrb,2771,106.090222862,0.5733637865817193,105.4259683048024
lrb,2772,130.523425778,0.593453059692194,131.78222835765166
lrb,2773,111.040252712,0.5791050128553106,113.51520134420957
lrb,2774,107.554286503,0.5775944243117077,106.99119253719554
lrb,2775,89.110257849,0.571134032702994,90.81189081528608
lrb,2776,90.2503505697,0.5538077889656533,89.50696339326745
lrb,2777,105.756769863,0.5574001436456671,105.94683350207757
lrb,2778,281.091984547,0.5493077691328729,277.1310310812558
lrb,2779,136.69618859,0.5744808594087013,138.8264918308632
lrb,2780,132.63144518,0.541959392537876,127.86649741378486
lrb,2781,168.202754299,0.5220065864487592,61.062795392204734
lrb,2782,215.27769711,0.5327945990782035,99.16195259842218
lrb,2783,198.350525392,0.44234213481346774,87.68024704877067
lrb,2784,181.905368062,0.4378661341298885,96.29178239410999
lrb,2785,203.015229236,0.5429725771785802,61.06314697265625
lrb,2786,174.931852619,0.5841898941993713,45.6668020510206
lrb,2787,227.141841012,0.4657269643574226,21.39806542490043
lrb,2788,292.799938065,0.46426932104603796,130.21490592208565
lrb,2789,171.031750506,0.5168174307937768,168.31376603070427
lrb,2790,139.592787152,0.485324260692171,140.3919137992111
lrb,2791,125.915593298,0.5160561525413105,129.43201766668582
lrb,2792,110.840080707,0.5440211294641816,108.03412367876837
lrb,2793,99.4823950398,0.5566437566560491,99.94474526199642
lrb,2794,105.530907425,0.5935880248903935,106.20774269851985
lrb,2795,110.676255032,0.6096827685135031,111.42694223441329
lrb,2796,100.814906944,0.6168660022676946,97.59650807100182
lrb,2797,105.172753155,0.6063938942902227,106.46905302159928
lrb,2798,116.123071314,0.6083091941771207,115.8634988223805
lrb,2799,97.4633931657,0.5936365996996563,97.85780244715075
lrb,2800,96.5151751102,0.5526967354139578,93.6826857622932
lrb,2801,113.681372511,0.5047184294132593,113.25445413028493
lrb,2802,153.187901793,0.5047612528475299,154.74659301159429
lrb,2803,224.11631469,0.5787451015068934,223.9001292209999
lrb,2804,137.785189281,0.5492702963122403,64.97794859643076
lrb,2805,138.621492795,0.5622754624911717,18.26685826918658
lrb,2806,138.720769557,0.5297359513647761,105.68679674933938
lrb,2807,105.323408802,0.5521071968096362,105.16498457964728
lrb,2808,98.7140526154,0.5186951196988423,97.85841303806679
lrb,2809,123.406346434,0.46391198058199834,121.86651590384689
lrb,2810,118.077572958,0.4706921033762596,115.86470408720128
lrb,2811,91.7232175629,0.5622936801633973,90.0301612405216
lrb,2812,91.5925579933,0.5595467632620598,92.11797742656633
lrb,2813,83.0246451239,0.5557807991281151,83.50652956495098
lrb,2814,94.1699611279,0.5533780601214279,91.85732900582109
lrb,2815,118.532767806,0.5585235232009297,117.95336674708946
lrb,2816,111.020253586,0.5658962531262134,108.29803975423178
lrb,2817,95.2179685475,0.56931101836142,95.51118738511029
lrb,2818,110.290037049,0.5832457769084984,111.16883311552161
lrb,2819,104.116036996,0.5812092365884275,98.64293670654297
lrb,2820,125.889945526,0.5291754717696203,95.25056577196308
lrb,2821,129.76634253,0.4025255644863302,40.18803028779871
lrb,2822,112.147107431,0.3347913045130791,95.51190023983226
lrb,2823,122.574770003,0.3222078413412135,97.07779774385341
lrb,2824,153.82414688,0.34823699980574174,155.5331319472369
lrb,2825,111.505627281,0.3947732792704145,94.468030054429
lrb,2826,100.411183255,0.3941146016828384,87.94398067698758
lrb,2827,97.1313142127,0.41271081926493813,60.54298119638481
lrb,2828,111.070024139,0.5033484284025038,107.25487563189338
lrb,2829,113.5694975,0.5162358532696615,111.95204476749197
lrb,2830,155.42947759,0.5872677957226418,43.58037103391161
lrb,2831,127.648355044,0.5405423785510816,74.37360023049747
lrb,2832,138.465737507,0.5428135719587794,73.32976831174363
lrb,2833,117.719572903,0.5174922781056522,56.628417220770146
lrb,2834,339.265170203,0.5635421440325069,304.01949444939106
lrb,2835,127.389635431,0.5904895242749679,80.63660969453699
lrb,2836,123.123573972,0.6059785640351825,249.73924524643843
lrb,2837,213.670217069,0.6061724528742298,216.07553618187995
lrb,2838,177.089263201,0.5949031001953191,179.54098489798753
lrb,2839,111.134195137,0.5935648420644204,109.86415204814837
lrb,2840,184.595989248,0.5771665914797447,185.28146257587508
lrb,2841,361.692980286,0.608331793962523,359.0813245287129
lrb,2842,620.415999958,0.644373532384634,613.7819507374483
lrb,2843,951.305228362,0.680907668444505,944.941652574726
lrb,2844,550.692972043,0.6573655916489506,561.8482858096852
lrb,2845,537.468648744,0.5779012999421842,540.7083945180855
lrb,2846,675.133246135,0.5291624312017841,677.450531095617
lrb,2847,883.456708182,0.5067847055784565,867.9507693122415
lrb,2848,843.16581148,0.5304559083283493,714.7690525728113
lrb,2849,911.80161915,0.5741662737784203,654.4880701700845
lrb,2850,655.291418205,0.5945033568431898,421.1906691008922
lrb,2851,846.542843653,0.6208600224750159,618.2194449331246
lrb,2852,1316.33626596,0.6284063514109121,1141.4517536836508
lrb,2853,1424.3388032,0.3732770481822773,1301.6842881445796
lrb,2854,756.621433357,0.41360306090634197,573.8568547267539
lrb,2855,810.234046347,0.45573095800301466,498.69911672554764
lrb,2856,1046.64650543,0.506009972643578,749.222900719736
lrb,2857,874.355869793,0.5122587130896267,541.2333716598212
lrb,2858,944.128843091,0.48050876901137485,659.4473549337947
lrb,2859,846.920880439,0.46220577239603544,563.1515243530273
lrb,2860,835.521997056,0.44024989984719143,545.1444567512065
lrb,2861,756.673722907,0.4426035708879954,542.5352067236806
lrb,2862,682.638999073,0.43115510290148873,414.9256325516047
lrb,2863,328.064604391,0.49530085791712214,90.0309304630055
lrb,2864,344.739275235,0.49216484302868607,63.6739984549728
lrb,2865,643.003173559,0.4059781666871755,328.02582801370056
lrb,2866,521.56494969,0.44844081419574655,271.657715920841
lrb,2867,617.276671377,0.3907224228769018,297.49346837062456
lrb,2868,662.996446363,0.3776614930281861,366.6477420283299
lrb,2869,634.613388122,0.38432376721140116,344.4661690207089
lrb,2870,744.133335589,0.40992034525599014,507.3041917389514
lrb,2871,629.148122402,0.4459987050876825,430.3211140950521
lrb,2872,603.388129698,0.46856567241833796,357.25250238156787
lrb,2873,639.628598092,0.5168185912990975,429.7985918531232
lrb,2874,724.363051821,0.5615111028645264,507.3030901441387
lrb,2875,456.496038365,0.6462836488722838,271.1350933000153
lrb,2876,328.72568684,0.6191771674600446,42.01412242814607
lrb,2877,372.857578004,0.6305454153967991,80.1139207129385
lrb,2878,342.148648785,0.6433227347933557,63.15172959869984
lrb,2879,464.747383839,0.6222011009198377,222.07526879404108
lrb,2880,605.946158415,0.5510468701431654,403.70258094937196
lrb,2881,617.516665149,0.51758149393448,385.174993387858
lrb,2882,639.013460543,0.47406817126825357,451.458657059015
lrb,2883,644.441199859,0.4636836568882436,380.4786345238779
lrb,2884,653.552263781,0.4521985247701227,389.09059810264444
lrb,2885,573.259595234,0.4688878985322639,297.7550455130783
lrb,2886,316.970145455,0.4189669917507244,70.19794888963887
lrb,2887,467.247073225,0.523480689411917,191.5442077038335
lrb,2888,622.423300356,0.5806110299122867,349.68602064544075
lrb,2889,827.536531969,0.5670964244645602,614.8223339903587
lrb,2890,828.056633667,0.6023032458005045,556.8900807698568
lrb,2891,836.144877304,0.6088387267362237,555.5862763647939
lrb,2892,878.92680984,0.6087125983248917,523.4892391429229
lrb,2893,803.684980892,0.5551465361825326,513.0518297980814
lrb,2894,1356.27942563,0.6059086645737348,1098.133505039589
lrb,2895,908.330233811,0.5311043528384763,661.0214875165153
lrb,2896,854.171166684,0.517480615380087,584.5600098254635
lrb,2897,647.672663245,0.5396725968340969,405.79949397666786
lrb,2898,665.312319807,0.5506626366887385,456.4263805613798
lrb,2899,738.240674822,0.5524372858530562,478.6088169771082
lrb,2900,832.341121302,0.5670276562995221,541.501786475088
lrb,2901,718.806416429,0.5737781349562792,430.8523638257794
lrb,2902,592.173972025,0.5889838063664603,297.49968545951094
lrb,2903,562.714948149,0.5736046417720909,385.7058586569393
lrb,2904,453.294166118,0.5457287570847893,283.1466429467295
lrb,2905,521.608560341,0.537162138380677,281.3202227723365
lrb,2906,356.989766859,0.5295377469571061,134.6578686882468
lrb,2907,440.101771129,0.5012564876221663,157.62275106392653
lrb,2908,377.475754098,0.4458016466076781,106.9954256543926
lrb,2909,457.36352239,0.5154231033468791,251.309628385656
lrb,2910,362.871898151,0.41789197496687763,162.84247732723458
lrb,2911,443.685621512,0.4520728795656137,189.9832325654871
lrb,2912,336.938549789,0.44883317307779913,146.40231018066405
lrb,2913,433.786830894,0.4517272878549769,174.325966240378
lrb,2914,339.174363355,0.41293317727711154,116.39141989315257
lrb,2915,460.616493212,0.4783249832506251,211.90490585027956
lrb,2916,430.826314793,0.48583569716899955,245.30900786156747
lrb,2917,595.976099966,0.5250979266344167,396.1476785098805
lrb,2918,659.822868081,0.5376511331258743,457.47534840901693
lrb,2919,716.692839859,0.5448232038410833,517.2371006086761
lrb,2920,940.506082255,0.5437096449262896,604.1372414682426
lrb,2921,1246.69501898,0.5620427956143764,907.6419668459425
lrb,2922,1125.00091548,0.6067210063033761,766.2007486081592
lrb,2923,867.028044859,0.6072596771728737,586.6570312799191
lrb,2924,819.013260916,0.5916579419062211,562.9105081296434
lrb,2925,831.616546586,0.5997145122294469,646.6832364250631
lrb,2926,755.797270427,0.577736423538781,531.5968355066636
lrb,2927,481.494843939,0.5089700881489513,268.53894919601146
lrb,2928,371.446695074,0.49769470011208605,184.24548076554842
lrb,2929,474.197077771,0.41334844278516586,281.84905503216913
lrb,2930,629.609262339,0.38966755418195614,350.74588640998394
lrb,2931,673.492205885,0.37419232958691384,411.2920835906384
lrb,2932,765.327827699,0.369736065274434,578.3152202531404
lrb,2933,896.495951904,0.39834907921775625,692.100513233858
lrb,2934,969.12047609,0.4650885622067499,732.8136017144896
lrb,2935,845.784071349,0.49813820349734855,664.7012440101772
lrb,2936,689.541807141,0.5001054549426958,459.8365636488971
lrb,2937,407.798139364,0.422673492960641,211.1288009045171
lrb,2938,451.698950628,0.48655082395412796,233.311157765108
lrb,2939,532.677506021,0.5024608246878617,225.48186100978478
lrb,2940,302.065471618,0.48516178674557625,88.73183198816635
lrb,2941,417.964441903,0.4952628325654548,236.96643290800208
lrb,2942,682.588243542,0.5179393200272765,563.7080503575942
lrb,2943,800.916784956,0.49561527332398286,598.1569505280139
lrb,2944,929.419751206,0.4885098355194072,720.032040495031
lrb,2945,1008.03033821,0.508835905177571,698.1071446138269
lrb,2946,911.148779757,0.5798007087243928,469.75420047535613
lrb,2947,766.019301618,0.6430910363174751,358.32165102491194
lrb,2948,575.386323984,0.6151280155666247,264.630742929496
lrb,2949,505.067433546,0.6126297482932778,248.1894983628217
lrb,2950,485.601992644,0.6395306376011477,240.09932125315942
lrb,2951,487.063006084,0.6079477046982626,232.2701559627757
lrb,2952,377.488333674,0.5698273729770742,122.65960513844209
lrb,2953,495.843519776,0.4999211515447193,308.7370248233571
lrb,2954,474.684641345,0.44364883584349163,256.01976204666437
lrb,2955,538.257406368,0.4111062604211582,343.18699478448605
lrb,2956,568.4170648,0.39100800133218955,359.36824137369786
lrb,2957,481.445856579,0.3724960256386274,264.8939971923828
lrb,2958,421.963225367,0.38093419067188206,218.70077400955498
lrb,2959,550.021971524,0.3568031348986552,267.24337774538526
lrb,2960,588.866829395,0.34965509422328483,369.80888324812355
lrb,2961,681.475368381,0.34454115409291985,425.13762476304004
lrb,2962,486.413348838,0.3706926536130703,246.3659992292816
lrb,2963,353.244862797,0.4527776317614498,172.24735439524932
lrb,2964,368.338097398,0.49849676067754006,157.37176049924366
lrb,2965,358.888537683,0.5572891342710321,132.5787727505553
lrb,2966,375.22644128,0.5499129840708153,165.72361507041782
lrb,2967,394.815494001,0.5935357667183278,229.14256621716072
lrb,2968,355.983835431,0.5475947018369097,141.45264877618527
lrb,2969,370.634488259,0.5225141791607997,206.6984675687902
lrb,2970,418.098122042,0.5413303889630829,222.8797034469305
lrb,2971,440.786978748,0.5627418656672655,275.0766209920247
lrb,2972,458.369251849,0.5840117326835846,284.2112852507947
lrb,2973,264.19775434,0.49803536108561924,54.80649297377643
lrb,2974,498.370856673,0.5687638058054486,248.71765453862207
lrb,2975,445.345948366,0.44705530943984767,217.92136015050554
lrb,2976,653.496491892,0.5567126965274215,325.4475806741154
lrb,2977,707.679525328,0.5464945936968567,426.71022123448995
lrb,2978,904.517384683,0.5224913618529755,607.0522173713235
lrb,2979,1005.14618321,0.5089007325551518,743.5497473623238
lrb,2980,1036.79404393,0.5205433988395051,847.9463303210689
lrb,2981,801.525779249,0.514412199115861,576.7812199611292
lrb,2982,568.870130358,0.5180106592465594,324.92928798899936
lrb,2983,499.179642588,0.5297831998151892,261.7706634820676
lrb,2984,392.658071725,0.5268110725187486,161.81247232474533
lrb,2985,326.342117852,0.4855800621898462,36.79927439970129
lrb,2986,611.600025834,0.3875437680706518,286.5636617922315
lrb,2987,1555.26349959,0.468244043791881,1330.254916830624
lrb,2988,901.160605345,0.3892737927713566,730.7690005134134
lrb,2989,1072.93059768,0.41278608151090634,901.9802513571346
lrb,2990,671.642184848,0.5312173707008363,489.35611910352515
lrb,2991,518.322441007,0.5373851602904651,319.7123278449563
lrb,2992,572.265924008,0.53789761327479,178.77721524706072
lrb,2993,915.355995696,0.47638466018261294,658.9960202983782
lrb,2994,269.928878339,0.5095810294151306,1.3049521352730544
lrb,2995,202.118465278,0.38255032896995544,1.8269361308976715
lrb,2996,321.411416039,0.49341761788316807,53.24207090490005
lrb,2997,292.093934878,0.4383502036710329,61.8548984602386
lrb,2998,361.086889066,0.4795749579556286,83.5171334958544
lrb,2999,433.635580844,0.48251030293310654,210.0980587828393
lrb,3000,361.94855784,0.4518209744913771,158.42199021881703
lrb,3001,473.461083108,0.46803855637158076,216.3618193682502
lrb,3002,559.189236237,0.43426789255831916,355.47082633224187
lrb,3003,659.609257421,0.43222820344944596,467.9589389875823
lrb,3004,734.512645447,0.4278204301432138,526.9426455628638
lrb,3005,842.299282903,0.4450792837803859,635.5151184082031
lrb,3006,688.024990794,0.5043473340325303,427.5057804481656
lrb,3007,603.147691403,0.5173077087527439,338.247385780484
lrb,3008,395.95563549,0.5639543587702842,184.52228339700136
lrb,3009,374.834788506,0.551149466799365,169.12387381160963
lrb,3010,381.506197756,0.536741436562328,195.4843515732709
lrb,3011,415.366084983,0.537506792311733,193.13554065180756
lrb,3012,416.867862662,0.5146143246084169,192.8747884712967
lrb,3013,420.687790019,0.5284642100428478,164.94860097847732
lrb,3014,423.543508989,0.5556313442703863,194.44115142822264
lrb,3015,449.69499327,0.5128002853788568,220.54077115526385
lrb,3016,406.141205419,0.47942709049933724,223.67273173612705
lrb,3017,451.885146932,0.48940779510136784,214.27731813916972
lrb,3018,410.656378277,0.48425490832796286,186.3510124655331
lrb,3019,336.512398565,0.5204111366230418,119.79727460075829
lrb,3020,356.590372313,0.5459837635267245,114.05556646608838
lrb,3021,391.210021102,0.5087645598179368,169.9089501175226
lrb,3022,367.598658459,0.4834756181493911,137.28458234001607
lrb,3023,340.212145914,0.5027097256647215,112.75103849523208
lrb,3024,372.062177104,0.5178826184972884,164.42883704690374
lrb,3025,414.224450569,0.48559029033324985,211.93071642108993
lrb,3026,647.522240399,0.4426981286374203,486.241206928328
lrb,3027,1355.33035416,0.5586802913947139,1130.130828378715
lrb,3028,651.750790952,0.600550677518139,525.393619851505
lrb,3029,450.190216459,0.6133181898121906,257.08560270421646
lrb,3030,311.838709106,0.5584929667597525,147.7263207828297
lrb,3031,240.22878806,0.4915192095377974,34.191064004337086
lrb,3032,606.877078375,0.5331032682412209,413.94763066908894
lrb,3033,510.918038509,0.5347302950327816,269.8753301283893
lrb,3034,470.189099006,0.6177475333958865,208.8011205336627
lrb,3035,587.243102423,0.6075279484583637,331.4722785201727
lrb,3036,329.879203015,0.597740941384448,116.40697500191484
lrb,3037,424.896897557,0.5771096854550498,182.70161515778184
lrb,3038,427.329550235,0.5709598635053046,189.7488333907782
lrb,3039,470.892197493,0.4690036552475861,218.72150205724378
lrb,3040,452.833556495,0.5134579588416425,234.3812329759785
lrb,3041,313.886181404,0.48584640961493897,143.03015217500572
lrb,3042,610.874734224,0.5425821425104721,365.6654836617264
lrb,3043,698.91813216,0.5839376425516113,397.50831020579614
lrb,3044,973.080037806,0.6068000612239686,647.2878065819832
lrb,3045,820.057958898,0.5890091884248105,528.2710344800761
lrb,3046,769.220069748,0.575928063334182,569.5115122178022
lrb,3047,655.525661168,0.6024723514736338,414.73708876067514
lrb,3048,667.302883064,0.5957579207211092,460.93572722790293
lrb,3049,949.540224736,0.6271440758269249,753.7853892906038
lrb,3050,680.215094656,0.6214762662203256,444.4944389492857
lrb,3051,489.973052936,0.5828325500863469,285.280843966615
lrb,3052,211.021300221,0.482653603884592,54.55050919476677
lrb,3053,297.318137336,0.6078107508463658,80.12936096191406
lrb,3054,277.115974011,0.6063903957415538,40.978218168370866
lrb,3055,248.349985816,0.5344794009042824,30.01593780517578
lrb,3056,210.330344341,0.39076190351536777,34.453234384574145
lrb,3057,328.621399157,0.4107290643712749,180.09677013322417
lrb,3058,344.571840159,0.5083325800535647,141.72746716667623
lrb,3059,357.501112758,0.4452318521706681,158.6930554558249
lrb,3060,451.27660516,0.4779362383900884,274.84134377872243
lrb,3061,529.377850522,0.5351261264234655,303.02984370811316
lrb,3062,565.693302753,0.5583134235420586,497.74195287367877
lrb,3063,785.469091395,0.6120153189885202,580.2196996651443
lrb,3064,765.130450364,0.5884245759843255,612.3243240954829
lrb,3065,468.285410603,0.600129753795139,262.8352491191789
lrb,3066,634.193231719,0.604002110660076,458.3302565630744
lrb,3067,366.045707559,0.5749443285126856,240.90984915939032
lrb,3068,547.566682385,0.6220838217270563,380.2887080473059
lrb,3069,561.82499762,0.6285599111947235,386.5528495339786
lrb,3070,599.840699367,0.6322651964808824,398.29817465987855
lrb,3071,570.478021784,0.611036532161444,400.38597226610364
lrb,3072,558.976945075,0.6000162251666188,417.612187314501
lrb,3073,522.379388032,0.5935675271321088,334.0896107393153
lrb,3074,416.029443204,0.5460325357601113,288.4129107306985
lrb,3075,264.078844955,0.4918190280634845,134.94046125224995
lrb,3076,237.934014377,0.48145762531236674,45.41513324812347
lrb,3077,372.569934088,0.4470292800280643,174.09073351691754
lrb,3078,255.01691372,0.5480888870454602,105.18584460090189
lrb,3079,241.916214075,0.5143624871384864,106.49102190803082
lrb,3080,355.056369498,0.5300432851068462,154.2556240306181
lrb,3081,323.673444502,0.4725657940849544,132.5919915591969
lrb,3082,447.071127716,0.5125467125972507,263.35749296300554
lrb,3083,456.143520151,0.48725163047113756,289.45887594784
lrb,3084,368.073879997,0.4768060294331099,159.21574829699944
lrb,3085,371.579132667,0.49108539184481365,170.7004529766008
lrb,3086,296.70893906,0.47859546787294993,120.58670043945311
lrb,3087,461.836216835,0.5103047402763176,261.7935277901444
lrb,3088,414.17462019,0.49070895309370716,160.5217549941119
lrb,3089,380.902451797,0.496415862388063,190.7993470734241
lrb,3090,334.445611703,0.5016400814056396,127.37376822677314
lrb,3091,233.736275728,0.54087694615302,44.111067977606076
lrb,3092,310.058958841,0.5228641562048019,100.75087271297679
lrb,3093,299.401964881,0.4859788224764681,64.4702777338963
lrb,3094,316.993736195,0.46126669916925545,103.10039280910118
lrb,3095,302.051988372,0.5160793636247202,111.45301510679955
lrb,3096,308.654214014,0.5531712185878019,108.58202885646446
lrb,3097,306.0747455,0.5508664059638977,58.72844022863052
lrb,3098,335.309153099,0.5734824074305576,103.62325852338006
lrb,3099,630.24220578,0.5848107631043057,441.6403776879404
lrb,3100,766.569990681,0.5932710396553681,577.369832536286
lrb,3101,624.851251083,0.5793816753377984,499.5868351655848
lrb,3102,478.731966551,0.5894451957643907,356.02706200094786
lrb,3103,232.879752462,0.6155140743111118,43.0677588967716
lrb,3104,257.621340874,0.6254469926854903,83.78643744973576
lrb,3105,272.029824264,0.6026224851355715,123.20017951516546
lrb,3106,380.892372011,0.5874017990825029,245.87868356143727
lrb,3107,320.386874271,0.5011054134486262,185.58375546324487
lrb,3108,491.874103588,0.586064763217666,312.1779827940698
lrb,3109,457.654116957,0.5614859742465143,291.55802830714805
lrb,3110,454.182770003,0.5513282302581095,303.3043724808038
lrb,3111,231.075423444,0.5045495725829492,91.87886274749158
lrb,3112,281.204361352,0.5021542452160623,118.24198781929763
lrb,3113,187.72716917,0.36853548271096404,81.1773442885455
lrb,3114,360.733883918,0.49753718357081544,269.11184333352486
lrb,3115,177.734209722,0.5753475208031505,19.837551760206033
lrb,3116,332.340032138,0.5676852066578458,141.47305770574832
lrb,3117,226.846261374,0.49135464356269365,63.428167275821465
lrb,3118,223.609916474,0.5696616227174327,35.75986115698721
lrb,3119,207.422719542,0.4227124115935078,28.19037843592027
lrb,3120,182.371077436,0.3882121436203582,61.86236805635339
lrb,3121,202.916257324,0.35853904885404253,110.93464253743488
lrb,3122,216.042018857,0.3478147563286162,164.1833569694968
lrb,3123,224.619446635,0.3526160041414331,134.9488934086818
lrb,3124,216.985877122,0.32901425650284727,41.50270080566406
lrb,3125,206.081725766,0.2691388523803567,41.50274882597082
lrb,3126,177.737991878,0.2797749685252317,56.6421163222369
lrb,3127,179.787386953,0.284187723359754,40.4586545158835
lrb,3128,188.53074867,0.30407540841648983,25.058263442095583
lrb,3129,183.438842596,0.3051234277678124,42.28574589748008
lrb,3130,209.300925482,0.3423995162456485,73.34734625722848
lrb,3131,199.111574475,0.3886546060983381,100.75453512154373
lrb,3132,170.897429441,0.3966025300181232,68.12666617000804
lrb,3133,189.143001218,0.39006854715894484,15.922290098900888
lrb,3134,185.725593357,,0.0
lrb,3135,190.663474038,0.47798807011511096,34.715714458390785
lrb,3136,241.462741088,0.4861870618307428,38.108916847378595
lrb,3137,229.628279311,0.47541431713812426,26.36296778660195
lrb,3138,235.180482371,0.5355504751205444,66.55996704101562
lrb,3139,237.258010276,0.5483672022819519,1.3050906611423867
lrb,3140,249.892699056,0.5931525065981109,7.5695505179610905
lrb,3141,309.446181102,0.581096168255573,80.13267789354511
lrb,3142,504.205564213,0.5811755026203853,316.0927411247702
lrb,3143,463.803585659,0.5791386307109886,283.20448973412607
lrb,3144,361.033866363,0.5609057992881871,210.1197961545458
lrb,3145,329.684916862,0.5278762918815278,178.53678289675244
lrb,3146,189.414995574,0.4153552721003573,43.59040781656901
lrb,3147,209.488106105,0.5247833907604218,10.440723493987438
lrb,3148,187.135012694,0.47248544718150975,80.39428507486979
lrb,3149,260.977110467,0.5301071530506936,169.14131245332604
lrb,3150,285.586581292,0.5582023719664057,165.22593590231503
lrb,3151,298.781682245,0.5460252610312122,154.52420247395833
lrb,3152,315.122723743,0.5351408405758529,134.16458521824256
lrb,3153,242.588425471,0.5629797549642755,88.2248025931564
lrb,3154,177.378538558,0.5585618130862712,16.705251117781096
lrb,3155,203.738005804,0.5733132916884344,63.68875277650122
lrb,3156,231.697464886,0.5653727040018723,96.05506893980736
lrb,3157,378.791731477,0.5859945981930464,193.41505530862247
lrb,3158,621.548952246,0.601060892308125,492.2811533011642
lrb,3159,582.777527579,0.6473213281014177,417.36818461698635
lrb,3160,364.567763,0.630818865098731,257.6245799644321
lrb,3161,535.179874991,0.6217206687859037,401.44518893372776
lrb,3162,235.972913938,0.6222497138984595,82.48142484777114
lrb,3163,452.635779509,0.6360520117128372,298.0819238999311
lrb,3164,308.133883946,0.6364485399125948,146.95259276745367
lrb,3165,365.011005459,0.6130351514097245,230.21685019100417
lrb,3166,359.293621368,0.6165980224808056,225.51847982967604
lrb,3167,256.363472377,0.615341662613202,83.26439137178309
lrb,3168,218.947795394,0.46974267914325374,82.48096771240235
lrb,3169,193.202468103,0.5004972655858312,58.46745174632353
lrb,3170,192.95428453,0.5178268088234794,65.77588321461397
lrb,3171,170.403967471,0.49319257955007906,82.48086942784926
lrb,3172,166.885938032,0.5783556193241234,182.4507469626034
lrb,3173,177.840255472,0.4633637680134303,92.66066652185776
lrb,3174,178.209636298,0.5071133471749447,84.56927544088924
lrb,3175,184.081796841,0.46891445280061905,132.33538396498736
lrb,3176,177.908065187,0.513652050181439,79.34916830623851
lrb,3177,186.990976987,0.5539946128160526,50.89840040019914
lrb,3178,141.686806958,0.48473748564720154,25.840795090619256
lrb,3179,190.482529968,0.49672780927720955,118.76329414517272
lrb,3180,205.059312489,0.5224633626937866,65.25461204379212
lrb,3181,214.880807012,0.47675671577453616,7.8305816650390625
lrb,3182,200.682456717,0.45128780603408813,30.53927899528952
lrb,3183,194.248614596,0.44539319838934793,32.105434462603405
lrb,3184,172.349601649,0.44285714626312256,12.789976441626456
lrb,3185,147.972969917,0.3149596421468643,64.73317200903799
lrb,3186,171.620223011,0.3650145753649355,136.77501008276846
lrb,3187,174.894670227,0.3845175554681765,79.3505324120615
lrb,3188,197.60538779,0.4115384434476311,169.14210411520565
lrb,3189,199.857391698,0.45039607184689223,192.63421532126034
lrb,3190,203.517019292,0.48003562278888395,123.72457679299747
lrb,3191,206.756479568,0.5266795907801355,89.2697546267042
lrb,3192,196.50272183,0.5081595905309867,63.16753531063304
lrb,3193,196.728200863,0.49053867508594245,34.7161075367647
lrb,3194,197.016964694,0.48024700425438965,77.00195536893956
lrb,3195,200.339799096,0.46232604671199373,138.3427801693187
lrb,3196,200.037902366,0.44623211907140864,83.00571800680721
lrb,3197,194.967734962,0.41493968829092187,83.2669116749483
lrb,3198,205.698571769,0.45191489448399463,176.71386587105545
lrb,3199,208.127835188,0.4583479264315139,196.29091111725452
lrb,3200,212.806729324,0.5023486750351416,96.57941317090803
lrb,3201,179.276167841,0.4902381242161065,18.53281659892961
lrb,3202,207.564573162,0.46189677485068975,121.63811630548216
lrb,3203,216.977582212,0.4737020591330577,128.68583718094172
lrb,3204,232.937548932,0.49194604429892635,126.07582056382124
lrb,3205,188.151986308,0.46963204480399773,126.33692629945044
lrb,3206,193.168436735,0.5144060201672248,136.51711805755016
lrb,3207,186.965866761,0.47819636780538677,169.14572511560777
lrb,3208,168.413288205,0.4536418141284807,80.65755525476793
lrb,3209,200.063085184,0.46190459549729596,102.84507464240579
lrb,3210,218.755094314,0.4624837496313164,153.2234649658203
lrb,3211,201.122655833,0.48697797767817974,54.293907225365736
lrb,3212,191.427027669,0.46320345997810364,9.658073844161688
lrb,3213,210.175623436,0.47205522909002795,15.40071548761106
lrb,3214,198.598084386,0.49663669776521335,94.49255427940219
lrb,3215,206.002296341,0.3517965596113632,87.44495287128524
lrb,3216,195.313502929,0.3744917873372423,147.22081496294808
lrb,3217,210.388763981,0.5138463258743287,108.32752865062041
lrb,3218,257.168571593,0.5477600013746798,161.3168492036707
lrb,3219,279.992599374,0.5702222582719004,184.02673330867992
lrb,3220,199.902376743,0.5071580132741607,116.15846428964653
lrb,3221,244.570789929,0.5127571064570208,245.10770158954696
lrb,3222,206.638001184,0.5060015750669802,206.47512389538335
lrb,3223,160.431238019,0.4550755884418045,157.40131509818283
lrb,3224,159.843130995,0.45020553126001633,138.08517874923407
lrb,3225,143.956761729,0.44416610883554297,89.53354572969324
lrb,3226,154.421239939,0.5005947965032913,48.812821870691636
lrb,3227,146.986185099,0.47553715164676025,85.09620271570542
lrb,3228,148.562506859,0.4280434006151058,134.1701201495002
lrb,3229,172.286762842,0.5374248754584564,110.67743359734031
lrb,3230,148.887223088,0.4793240728087951,111.46059076645794
lrb,3231,136.076690151,0.4722271584547484,95.01572095085592
lrb,3232,147.525450555,0.4755929260408795,112.50497490377987
lrb,3233,158.819060447,0.5185782460160664,88.4901014141008
lrb,3234,180.795686533,0.49758127725008916,215.61311783136108
lrb,3235,440.931731469,0.5017181666284758,374.3208934110753
lrb,3236,182.116006564,0.460901907684429,154.79307068469478
lrb,3237,170.235730157,0.4723320303496367,168.10601704915362
lrb,3238,164.841995088,0.469953102016449,163.14663277420345
lrb,3239,183.286929021,0.45246507457324436,182.72452126297296
lrb,3240,191.855341894,0.41852794754094086,189.25071336334827
lrb,3241,167.488090848,0.36623787277383235,95.53916243010876
lrb,3242,207.784677954,0.4222259360293929,108.59113072414023
lrb,3243,257.560355238,0.5392943022525416,147.4856766345454
lrb,3244,262.804981511,0.5511967472932162,165.23637255500347
lrb,3245,237.028663114,0.5120925505500321,227.62437199611287
lrb,3246,200.181850123,0.5264351223384051,201.2598140940947
lrb,3247,211.975298885,0.558211378836072,211.17953162099798
lrb,3248,209.813689561,0.552345539586565,208.5694440355488
lrb,3249,200.549269149,0.5121941593977122,203.60997984643078
lrb,3250,186.854309282,0.47531755443881546,186.3817455516142
lrb,3251,159.137062465,0.5309935188621555,142.26641441794004
lrb,3252,179.81246013,0.5857277911083371,133.13027729707605
lrb,3253,194.267776906,0.5484570520612785,191.60338888729322
lrb,3254,189.600854129,0.5350079956194741,191.0814230526195
lrb,3255,189.464011923,0.5075661904555706,189.51529666676242
lrb,3256,206.420472795,0.5359912533591044,139.91774633071
lrb,3257,182.108313724,0.45936749195152854,69.17579381606159
lrb,3258,175.081981024,0.4316115931079194,57.951121341480935
lrb,3259,187.260167251,0.4215359654802604,77.79034235337203
lrb,3260,196.191503031,0.44571054132551596,154.7977670706955
lrb,3261,183.247825239,0.5095415626560245,144.87839642693015
lrb,3262,174.566307151,0.5191235151784174,174.11524436801085
lrb,3263,163.299351572,0.5671854572838516,165.23994777903837
lrb,3264,168.718329228,0.5573762157471333,167.85054108862786
lrb,3265,166.868012108,0.5329339451511136,165.2401699290556
lrb,3266,160.372619207,0.5067529192096311,158.71410618202356
lrb,3267,164.867508934,0.5276075988961164,166.28440159816367
lrb,3268,159.445433414,0.5415604991641472,160.54154268152573
lrb,3269,147.223248411,0.5228978684654942,140.9633711272595
lrb,3270,162.067815845,0.5332029033929875,162.89108554615694
lrb,3271,163.415497217,0.5247450839097685,169.6783753338982
lrb,3272,173.548821705,0.5226003679474126,151.66644909428615
lrb,3273,141.414438707,0.5903930845972779,40.200773261575144
lrb,3274,144.381135783,0.5283446588812495,88.23274377561083
lrb,3275,141.788314326,0.5641204218069712,48.55404558368758
lrb,3276,150.247538832,0.5430259704589844,101.80674205106848
lrb,3277,138.692598201,0.44943312757304993,122.42892943737553
lrb,3278,140.449157753,0.4243298230668464,140.1797057207893
lrb,3279,143.263667274,0.4567370915904027,139.39650555778954
lrb,3280,136.184340548,0.49705670594485274,136.5250675276214
lrb,3281,139.937588651,0.520221785067634,141.74598891314338
lrb,3282,148.439820582,0.56286979098796,146.44483265596276
lrb,3283,139.445582583,0.4830901283071416,136.26429236916937
lrb,3284,169.924757057,0.5002554107590446,116.94729970296224
lrb,3285,168.323928038,0.43197353918306564,159.4974317363664
lrb,3286,121.139655208,0.49357324686779336,122.9515619614545
lrb,3287,134.750403751,0.5502273697318056,132.61039192349304
lrb,3288,127.883043696,0.5876034312858814,128.43387980741613
lrb,3289,155.305512153,0.5975476342028585,151.40598222321154
lrb,3290,142.301463307,0.5831460188288207,142.2696047016219
lrb,3291,152.579305141,0.5697234803998231,155.5831630332797
lrb,3292,140.3389008,0.562794148694468,136.78812327665443
lrb,3293,145.409505841,0.5646464435997773,143.31451837876264
lrb,3294,128.846784668,0.5555250777406731,128.95718850528493
lrb,3295,121.807646691,0.5289597576791114,118.77655702478745
lrb,3296,180.087074008,0.5457459660552538,182.9946610394646
lrb,3297,255.983236226,0.5442431707045068,256.61070679309324
lrb,3298,158.970605187,0.5623087321292422,203.87915957581762
lrb,3299,196.815070518,0.46618113824381274,54.29819428687003
lrb,3300,417.984864885,0.5642618197772908,289.2426338943781
lrb,3301,332.390618552,0.4830108924528187,209.1008686738856
lrb,3302,247.593414541,0.32993491655099044,187.69516903746364
lrb,3303,501.275856672,0.3851251898615051,492.0814452825808
lrb,3304,1044.19627169,0.38973027186101034,1024.8899288401883
lrb,3305,290.204882234,0.474375602768366,268.09921115052475
lrb,3306,977.549276502,0.5727911045581127,667.7647356519512
lrb,3307,575.467554812,0.5333630512690261,350.85144761029403
lrb,3308,882.492808027,0.4100932899809563,881.312009265376
lrb,3309,775.878157333,0.4324945832464391,715.5440256156174
lrb,3310,809.073629848,0.40714487799500515,556.8244476019169
lrb,3311,869.274636119,0.5252448361955191,297.59718627929686
lrb,3312,860.570608392,0.5071304645921502,292.3761886895872
lrb,3313,871.464803021,0.4583799433700168,387.92045084635413
lrb,3314,831.630833238,0.3373284556289836,354.5074943392884
lrb,3315,837.813339295,0.3110027301715592,385.0515771903244
lrb,3316,839.489201445,0.3709521665072644,337.0169991586723
lrb,3317,946.238019821,0.4204126137953538,312.2174975825291
lrb,3318,1086.82287349,0.4780515357593818,376.69512311150044
lrb,3319,955.760600048,0.5208936366636747,648.7147923189052
lrb,3320,1005.85018739,0.4733859377157546,639.3188817342123
lrb,3321,965.991350647,0.46166748481809194,632.006786630668
lrb,3322,889.777693821,0.46343930924354926,545.8599381091548
lrb,3323,626.37832929,0.4979249478429675,328.1419170903225
lrb,3324,692.79893087,0.5388891989703424,385.3112625720454
lrb,3325,751.376411556,0.5396082863567944,425.77504305372054
lrb,3326,725.912375952,0.5481766116662619,357.6408043057311
lrb,3327,840.545214851,0.5060373081839669,538.5506295596853
lrb,3328,997.328405527,0.5157825617844146,704.0592426374847
lrb,3329,979.03299868,0.5389948251785016,665.684379487879
lrb,3330,982.79683109,0.5286081583862964,550.2985561595243
lrb,3331,936.023554368,0.5049803055023708,481.90215588737937
lrb,3332,1062.02982813,0.507799820323938,645.0585045608819
lrb,3333,923.880350254,0.5321355718501686,647.1485835056681
lrb,3334,713.102292424,0.5530252167784828,399.93336750105317
lrb,3335,881.296784906,0.5538402734841325,589.72126901664
lrb,3336,932.540906444,0.5441406420392969,591.2888464534985
lrb,3337,1126.93336869,0.5144780980017513,835.6393134322818
lrb,3338,942.011409748,0.46784001908082434,560.4861946554745
lrb,3339,874.672209808,0.42094076291363036,470.68404546999466
lrb,3340,1240.25958036,0.3588789974051621,997.2378350351373
lrb,3341,872.961909877,0.43186856906286025,466.76882820877375
lrb,3342,988.074545017,0.4852462011816212,653.4228238872454
lrb,3343,957.472391123,0.4876448275238635,541.6916713639802
lrb,3344,995.733969749,0.4415337883607163,573.8035078160904
lrb,3345,886.560468139,0.48038908366733374,573.018626314051
lrb,3346,974.222247483,0.48114732063973814,677.703879621917
lrb,3347,829.660355707,0.5076768917904595,567.0142700195313
lrb,3348,821.845823444,0.5188794511993445,552.1347035725912
lrb,3349,703.773816598,0.557964505500228,484.2599080702838
lrb,3350,786.92395432,0.6095165004513988,558.3999934776157
lrb,3351,656.680870559,0.6513555678209331,438.8353445314894
lrb,3352,447.259061838,0.6735235989701106,179.34524168126723
lrb,3353,365.715394777,0.6607904038488618,62.914359956629134
lrb,3354,434.154555913,0.6813740964899672,171.7746270572438
lrb,3355,404.838807363,0.6873091699164592,105.7275889377968
lrb,3356,423.106959687,0.6426104556156111,144.3639285816866
lrb,3357,450.946207302,0.5376969052970044,170.20809065874886
lrb,3358,645.586679851,0.6182037342101164,411.68570344214345
lrb,3359,505.023122586,0.5651428680883572,292.6443065568513
lrb,3360,558.528277619,0.6099127008203875,267.8445546468099
lrb,3361,373.045107867,0.4725600423195934,96.85228842940985
lrb,3362,681.053666166,0.5485857473586194,339.8970343197093
lrb,3363,623.372784421,0.544693493510208,299.1724827485926
lrb,3364,695.397097027,0.5800963902628825,360.5215700336531
lrb,3365,844.003785611,0.5962268201357279,509.0647428325578
lrb,3366,801.407708054,0.6234680453903034,468.3405143289005
lrb,3367,738.575187975,0.6225413792883344,408.29768943038647
lrb,3368,724.946272723,0.5791002005800855,454.50606174842983
lrb,3369,710.090988689,0.5857117952818566,441.7148119758157
lrb,3370,482.328675478,0.5939069534043928,169.9508113187902
lrb,3371,570.865025483,0.6141949428554903,252.9685381721048
lrb,3372,697.752429593,0.6098087330407737,412.47769766414865
lrb,3373,722.738283898,0.6102953405794066,460.2528232050877
lrb,3374,661.59635721,0.5936059809958234,443.8067456413718
lrb,3375,583.894729834,0.6007541384658289,370.18771272547104
lrb,3376,439.775392757,0.5909902292596715,204.15178815056296
lrb,3377,384.796859097,0.41948692879796456,72.83701758291207
lrb,3378,390.223529843,0.4336090472691199,88.76223018870635
lrb,3379,347.261630773,0.4025462940584457,156.11708332136564
lrb,3380,364.31469271,0.4006484641215286,154.55069316789218
lrb,3381,407.180653008,0.47626274712447214,153.24527611825977
lrb,3382,515.880264215,0.5210509445691973,251.9270076976103
lrb,3383,671.112441482,0.5641200653060537,398.12167394301474
lrb,3384,691.703081652,0.5794250540000284,353.2181213079715
lrb,3385,761.124589529,0.5570231073654138,522.6477632111194
lrb,3386,763.824738096,0.5730130194418563,532.0455406936945
lrb,3387,689.740701091,0.5931300879379764,382.195274143593
lrb,3388,907.225458907,0.6234633524051478,603.0531990200865
lrb,3389,625.579908787,0.6234450647755274,328.9381883509019
lrb,3390,593.077177112,0.6207045668591797,293.17279324999043
lrb,3391,640.384132934,0.6117692509687173,345.9072560927448
lrb,3392,632.387043792,0.5675534425444383,334.42074172076053
lrb,3393,622.569873851,0.5911511534780967,331.54889020732804
lrb,3394,965.28136297,0.6380651882059759,653.1771770402497
lrb,3395,659.952383235,0.6214852892442311,352.17330582562613
lrb,3396,505.804635763,0.5155730503969468,217.2046304141774
lrb,3397,375.254656863,0.3648098800445627,127.6603275972254
lrb,3398,346.954271997,0.30214371935623446,107.03635397518381
lrb,3399,595.635195663,0.5530093366621247,370.70925245098044
lrb,3400,627.118727771,0.5753033239217034,328.93874365114704
lrb,3401,618.391056597,0.5360270783219774,364.44298954384004
lrb,3402,633.500813266,0.512179034184187,356.35015988817395
lrb,3403,530.116377371,0.54829312786055,384.28314780440985
lrb,3404,569.340689714,0.5148404642291691,270.1990020153569
lrb,3405,882.018300619,0.557286058537515,581.6435319189932
lrb,3406,564.386639785,0.5121490494505073,371.75201622458064
lrb,3407,742.196421003,0.5468384050174103,438.84430159026493
lrb,3408,617.867533672,0.572404823399016,263.1494577146044
lrb,3409,1415.33194641,0.5765194744288309,1120.4750131046071
lrb,3410,896.173491486,0.6388672688428095,599.1384109796262
lrb,3411,875.233795989,0.6448246292636212,640.1270922492532
lrb,3412,814.563305992,0.6126874777701778,602.796272277832
lrb,3413,770.868102909,0.5956965099069925,578.2572299732882
lrb,3414,780.519578953,0.6077826332300902,501.24404820460904
lrb,3415,599.674498065,0.6195984217181938,256.6268999585919
lrb,3416,493.414350009,0.58370527770557,197.8877884509517
lrb,3417,943.511707034,0.5556323747769952,635.9575297935336
lrb,3418,941.039744579,0.5259004047428152,605.153295988195
lrb,3419,993.451289931,0.4594137544344684,658.674451341816
lrb,3420,367.843317077,0.50797218649717,81.19167453541475
lrb,3421,350.350948957,0.42622725111689214,108.86486277860755
lrb,3422,390.066397237,0.45595319990473304,139.40958658854166
lrb,3423,520.397241092,0.5462874165323914,238.8754851098154
lrb,3424,518.574337434,0.602063786701338,220.600561134488
lrb,3425,619.532363165,0.6412049928071474,316.41137692320586
lrb,3426,553.799585178,0.5774849888746433,352.1776491651349
lrb,3427,570.383483025,0.5927248323384554,362.3588302911496
lrb,3428,602.229553931,0.5642858209139711,398.3857805439071
lrb,3429,586.461738915,0.5698116818101894,296.5699328852634
lrb,3430,631.4512786,0.5378563894078261,374.88926966050093
lrb,3431,568.97919659,0.5297256585862786,243.05130666097006
lrb,3432,594.55405865,0.528297826930245,330.50761841418694
lrb,3433,642.205883565,0.523687140774973,328.67995309268724
lrb,3434,746.308830315,0.49564938601229014,436.2382138121362
lrb,3435,739.647500754,0.4807632157002456,461.3002983542049
lrb,3436,753.569312412,0.49959295208058213,433.8885996201459
lrb,3437,779.803981496,0.5084422518909645,466.7820468977386
lrb,3438,823.061734346,0.5005087991632841,536.7476644478592
lrb,3439,932.211250927,0.48467371710910817,628.3790107876646
lrb,3440,832.411067594,0.4948694236758962,554.4998602773629
lrb,3441,999.371685689,0.4045987881186541,725.493081665039
lrb,3442,713.372683197,0.4446981786520685,428.9275101306391
lrb,3443,500.282406202,0.4492810358066816,289.7819744633693
lrb,3444,455.8898941,0.49058786001200594,256.36603965011295
lrb,3445,387.11548436,0.5022655931740431,191.6220002716663
lrb,3446,295.573081842,0.4763199011272287,97.63846719779221
lrb,3447,283.020058814,0.4622057629067723,128.44420300651998
lrb,3448,278.047139648,0.5011618428253101,54.56273199343213
lrb,3449,289.882303941,0.5340269804000854,70.48776424632354
lrb,3450,309.626864084,0.543777719975632,111.7361780204025
lrb,3451,347.578601823,0.5460650568144231,164.9937058093501
lrb,3452,362.502648026,0.5884289614081993,153.24589813830806
lrb,3453,260.070074445,0.5552940964698792,40.2042013130936
lrb,3454,389.286921345,0.6148995794838281,181.44123316746132
lrb,3455,346.289134225,0.6270333900573146,40.98747672286688
lrb,3456,225.006689578,0.35327374935150146,5.482410565544577
lrb,3457,260.381207414,0.3386816221072261,69.44392101811427
lrb,3458,292.788014335,0.29995951226779394,109.64846801757811
lrb,3459,271.051044614,0.24004526645750612,48.29759246227788
lrb,3460,274.354450633,0.3517661871332111,77.5373291015625
lrb,3461,377.041233243,0.5189364068022924,207.81032732795268
lrb,3462,502.51085634,0.5637414401671924,350.35401389926085
lrb,3463,395.103886893,0.5776351502067164,153.76921308928846
lrb,3464,279.863418478,0.5958821064206811,57.6961420694987
lrb,3465,294.294848808,0.5746938464118213,53.51897086349188
lrb,3466,331.667748017,0.5986583707198291,111.21502990722658
lrb,3467,360.345032702,0.5995232009502586,177.78721519919003
lrb,3468,373.146595453,0.5752445164999347,85.10798809575101
lrb,3469,494.277384894,0.547518186703805,161.8615697224935
lrb,3470,693.438707359,0.4596137171196136,333.9036969353171
lrb,3471,630.412433032,0.4754741259095794,275.4253578634823
lrb,3472,624.826332223,0.48926161430441406,313.8028667674345
lrb,3473,533.954375773,0.5544286789964227,221.90842946370446
lrb,3474,512.968784736,0.5508630807641187,288.74227259018835
lrb,3475,466.901173429,0.5652525439674472,232.61273962282667
lrb,3476,429.896693647,0.5738599301279486,173.87228468352674
lrb,3477,387.77351031,0.5834448799403787,178.57167038263057
lrb,3478,538.915002072,0.5862781916210495,328.4261693019493
lrb,3479,641.874821987,0.6096323054709357,447.9971004710478
lrb,3480,668.142578381,0.6202939518731648,397.08910244212433
lrb,3481,856.043989893,0.6199933467897526,612.212815467984
lrb,3482,604.516941276,0.605521821712005,401.2673574111041
lrb,3483,562.917755124,0.6239351269593433,333.1278318218157
lrb,3484,511.505947685,0.6150205120963641,292.13965214748004
lrb,3485,377.438758131,0.592196251916629,97.1188253664503
lrb,3486,470.908080515,0.5442951282088677,232.35434315999353
lrb,3487,402.136120336,0.5059405597912403,112.00011426140281
lrb,3488,374.917283968,0.4038797500512458,78.84396879906748
lrb,3489,329.83540598,0.40409673436459165,87.98170510086358
lrb,3490,311.991858405,0.38479997040584724,142.80729938581877
lrb,3491,391.989571608,0.49991519553096675,178.5742624619428
lrb,3492,520.913325807,0.5625907292797977,293.96856836057174
lrb,3493,551.219765088,0.5446562336784012,333.65199166092214
lrb,3494,619.549827741,0.5258948362072188,423.20087492699713
lrb,3495,629.153001376,0.5145422073704778,469.41148187973926
lrb,3496,439.654235149,0.5413052350940075,142.0243023143095
lrb,3497,494.662716136,0.5455491527071539,207.5541660682828
lrb,3498,305.373183384,0.4884346803384168,73.10128885904948
lrb,3499,500.798321808,0.5312342473531262,240.45014041077857
lrb,3500,357.073587447,0.5681749275694845,154.2961238786286
lrb,3501,387.499797606,0.5690999326079783,180.92597063849954
lrb,3502,362.058676055,0.5498600428775235,137.32620433732575
lrb,3503,419.132483809,0.5380636784144333,222.6983145919501
lrb,3504,434.008632828,0.534923542659818,187.19211946375228
lrb,3505,438.77274197,0.5299522778369187,240.45191791010836
lrb,3506,427.758474114,0.559437647357395,186.1480768540326
lrb,3507,405.854889843,0.5624597419565605,195.54693833893424
lrb,3508,356.863711146,0.5463296283156641,129.49441300934436
lrb,3509,357.251797648,0.5736101770401002,130.53884034998276
lrb,3510,354.052358694,0.5660802955024464,179.62153320312498
lrb,3511,395.131950277,0.5958334734904478,183.53792087330538
lrb,3512,479.771223228,0.6157937747938137,289.79719633214614
lrb,3513,361.771975215,0.6274853507357259,129.49504152185776
lrb,3514,592.011603821,0.6018158103412502,402.3228164672852
lrb,3515,385.139957396,0.6107842525504283,157.6918019014246
lrb,3516,494.697329663,0.5992994245290756,261.07948168586285
lrb,3517,559.485142139,0.5592552939118528,356.11283359901574
lrb,3518,297.979358308,0.5402507801072878,73.36343940286076
lrb,3519,519.75822095,0.537647260577685,292.1488437428194
lrb,3520,264.599812965,0.39705841029194044,92.68358238070618
lrb,3521,336.752395921,0.49173687664276,111.22049345128676
lrb,3522,586.800465254,0.5749085188394615,322.43499546425016
lrb,3523,387.587448443,0.5617897136887509,104.95478398940143
lrb,3524,374.767366573,0.46371442096477195,45.95047676236021
lrb,3525,409.005367791,0.4906918539524779,177.79735636991612
lrb,3526,373.94927913,0.4827557127957682,195.02921717026655
lrb,3527,419.638999095,0.5090430052062795,191.63555659873816
lrb,3528,386.391586673,0.4981846292754133,174.4042314716414
lrb,3529,326.01331719,0.5611947458049263,103.38952152027804
lrb,3530,440.736978585,0.565768624284414,233.67115304984299
lrb,3531,328.972875953,0.49101509109456487,122.7101823096182
lrb,3532,299.305183519,0.4945548747497175,67.6212412217084
lrb,3533,280.070234976,0.48889117240905766,33.94120968089384
lrb,3534,252.075910559,0.2822943465276198,20.10369837143842
lrb,3535,252.867974017,0.3099502722155952,97.38562765682444
lrb,3536,293.621819109,0.34379185239473975,83.80918821447035
lrb,3537,331.313819889,0.3845683256923048,112.78978154799516
lrb,3538,270.052940461,0.37493448109481603,111.48439618278951
lrb,3539,261.216137115,0.36308383462684496,58.48357095157399
lrb,3540,260.398297379,0.37566761780476216,90.07502420462815
lrb,3541,283.656727584,0.3870329266100858,118.01123145608342
lrb,3542,334.782711535,0.526007767774459,125.58225184421914
lrb,3543,328.117479218,0.5111433800280563,132.63144914215684
lrb,3544,306.394645737,0.5832161703616463,191.63610292322497
lrb,3545,297.163869396,0.4763515553269884,97.38479512532552
lrb,3546,337.926762678,0.49520604933301615,75.19251278147978
lrb,3547,301.603982262,0.4780810107060564,64.22685205796185
lrb,3548,297.930194947,0.46781032107850556,97.12339262120864
lrb,3549,338.824633934,0.4908586059914859,126.10356391457951
lrb,3550,284.80776854,0.5224144968401544,70.23145135617725
lrb,3551,300.578511537,0.5122625425297728,121.40365555707147
lrb,3552,324.854552962,0.5317243438031374,122.44785410563152
lrb,3553,273.474690822,0.5418351380913345,28.19691844267004
lrb,3554,357.329818924,0.5712133730471376,64.48738717471852
lrb,3555,359.584763789,0.5469095670997197,103.9107396144493
lrb,3556,334.493791306,0.4984003534957545,87.46249898274739
lrb,3557,274.409040116,0.5434581058764318,44.64508646048751
lrb,3558,242.880407618,0.548997512087226,8.354643937653186
lrb,3559,238.431517458,0.42956238775186134,18.53690266328699
lrb,3560,222.630038466,0.4433442881474128,27.152687730976176
lrb,3561,216.94935526,0.43708679771849085,14.620709527707568
lrb,3562,256.117478547,0.4142953075755102,54.30557292863434
lrb,3563,240.646608652,0.35711028506454917,80.6752358829274
lrb,3564,235.190211184,0.4179796607733814,59.78853388767616
lrb,3565,247.312380281,0.43827391537275606,59.26647195255055
lrb,3566,259.072458985,0.4536246135830879,39.6850954841165
lrb,3567,291.883751848,0.4171417762241472,91.64141917509193
lrb,3568,315.813758167,0.4679334184644631,126.1050755220301
lrb,3569,285.478227876,0.4523319765574202,77.54300923066981
lrb,3570,257.435204485,0.48694473333083665,13.57657985313266
lrb,3571,244.040845827,0.5124515916036471,102.8689057593252
lrb,3572,287.008824609,0.5432538899822511,90.07576078527114
lrb,3573,330.981030692,0.5079991018419874,167.88053205901502
lrb,3574,391.01028797,0.5984331807241892,181.9797245100433
lrb,3575,396.548582013,0.6182703371767118,192.16249652937344
lrb,3576,341.544378209,0.5533924255093966,141.51113158581302
lrb,3577,332.729224272,0.5318916460502826,132.89529993393842
lrb,3578,351.396337239,0.5607348282346613,132.1122658224667
lrb,3579,268.979523563,0.555949360482833,22.19279225667318
lrb,3580,283.609957565,0.514885431255093,68.40614235073913
lrb,3581,231.53564162,0.27332194312279967,31.070029883291205
lrb,3582,239.307586088,0.42272031504888924,25.58711464077819
lrb,3583,227.470699504,0.3426043869451034,44.90811444450827
lrb,3584,226.144312833,0.270270360811897,30.025812036850873
lrb,3585,236.430892243,0.28343546741149,26.63167419433594
lrb,3586,226.7401655,0.28466325998306274,9.138319576487822
lrb,3587,219.111696067,0.456503517732719,50.3913917092716
lrb,3588,245.538001915,0.49942940858102614,105.22142136517692
lrb,3589,252.215258426,0.5661837144770436,93.47226248348461
lrb,3590,248.996911387,0.557200607787008,60.052079683191636
lrb,3591,227.958035883,0.4694662184609093,64.49071053897633
lrb,3592,219.74218213,0.4833031229801097,61.61879341275084
lrb,3593,261.77143563,0.47490036120610457,69.97394483977672
lrb,3594,296.364726383,0.440503934035286,81.72344444125306
lrb,3595,272.651175725,0.4336208508246474,93.9952527214499
lrb,3596,269.884813575,0.4785419141252836,109.66126789766199
lrb,3597,249.409551411,0.46413938231505303,134.20464034734988
lrb,3598,247.527458493,0.5674482179750311,52.74196944891237
lrb,3599,274.677842121,0.5370439814358222,21.410092222924327
lrb,3600,342.490801055,0.554967601480109,92.95135420256969
lrb,3601,317.126917564,0.5644940040549453,89.55730803246593
lrb,3602,289.308111664,0.5519578934840436,110.7066348505955
lrb,3603,469.507629189,0.58702819511483,330.0318600822897
lrb,3604,374.667679973,0.5786909181200814,218.01971100451897
lrb,3605,270.856997139,0.5402258209128311,108.09594164081649
lrb,3606,305.180793199,0.5581871960448752,106.79059600830078
lrb,3607,305.885505096,0.549257938789018,162.4053317799288
lrb,3608,298.568015309,0.5882683256093194,137.60081885842715
lrb,3609,269.847700337,0.5041378391883509,105.22419604133158
lrb,3610,393.508218458,0.4315292144211026,231.8588826796588
lrb,3611,284.70195541,0.4106433822049035,44.64854835061467
lrb,3612,280.033839249,0.5478160434580863,61.35920805089614
lrb,3613,251.019827927,0.6057090841806853,16.97169584386489
lrb,3614,223.950960669,,0.0
lrb,3615,225.168361983,,0.0
lrb,3616,224.652171772,,0.0
lrb,3617,233.298693013,,0.0
lrb,3618,213.024083816,,0.0
lrb,3619,230.334285017,0.29848843812942505,15.92736774519378
lrb,3620,233.228212384,0.3000714439484808,56.398619887408096
lrb,3621,318.057786353,0.2979436466568395,124.02510723039217
lrb,3622,364.160769767,0.33068723706569214,239.1718599207261
lrb,3623,379.962037338,0.348405452888031,229.51086904488358
lrb,3624,348.695896899,0.3713391789199399,210.71119755763632
lrb,3625,324.923272457,0.429270800819961,242.82676259957108
lrb,3626,328.880180959,0.4788690869013468,195.8278366088867
lrb,3627,320.627797121,0.4471860116325927,201.31049840590535
lrb,3628,257.366760541,0.40747150018297396,75.71990383372587
lrb,3629,231.004635381,0.41882709911196303,89.55833435058594
lrb,3630,221.660924873,0.4477149699742977,67.88666085635914
lrb,3631,230.624289037,0.47235897161504803,71.01985437729779
lrb,3632,300.396207745,0.4890739289089222,104.96306723800362
lrb,3633,279.606174896,0.5113961683930054,128.72326076731963
lrb,3634,331.80852801,0.5023915392606436,153.52774215399052
lrb,3635,281.98656193,0.49361206023672294,179.63782112271176
lrb,3636,264.489625359,0.4919068255226155,153.78865718467563
lrb,3637,284.275208056,0.490675932604031,178.85433834300318
lrb,3638,273.821291452,0.5001896556843534,116.18997359930302
lrb,3639,280.065561204,0.5288249220578901,64.75309478161381
lrb,3640,243.415349016,0.47332305956749887,57.70356750488281
lrb,3641,241.853155153,0.4014882887987529,106.52957497391046
lrb,3642,243.752077353,0.4941854806473622,27.154544246897974
lrb,3643,283.426196044,0.4398118952356673,93.73559884464039
lrb,3644,312.585070987,0.5186557884691124,61.620121226591216
lrb,3645,218.393221814,0.3979397234963436,26.632492065429688
lrb,3646,235.730386863,0.3245421269678649,103.65803034165326
lrb,3647,235.929549736,0.3095706329700794,61.35941583970015
lrb,3648,196.522060438,0.3434339370196166,89.0364164464614
lrb,3649,200.682317042,0.3213952260139661,71.28138589298024
lrb,3650,223.305887462,0.3051804532110691,52.220877853094365
lrb,3651,227.460766681,0.2985654748292361,54.04860857795266
lrb,3652,195.683248272,0.2948658993610969,33.94356294519761
lrb,3653,215.276324938,0.30848966671360867,117.49677650601255
lrb,3654,231.107240024,0.3400350680128176,89.29753696217257
lrb,3655,235.507131001,0.39121347929265027,132.9017199348001
lrb,3656,235.806764137,0.40000390275319414,97.91375463149126
lrb,3657,211.45344425,0.45997211750278083,88.51387831744026
lrb,3658,213.866750905,0.4911412448365224,115.40724855310776
lrb,3659,228.433122761,0.5154674801035461,55.87583498487286
lrb,3660,239.145213414,0.4706718558603424,123.23986580044615
lrb,3661,280.858706495,0.4542616428422534,94.77973896101409
lrb,3662,264.28833638,0.4390015919440188,64.49200609992533
lrb,3663,266.256611047,0.42580976921158875,96.60742157580805
lrb,3664,271.116701788,0.5071411224511954,27.154466097962622
lrb,3665,310.496656582,0.48552215099334717,92.9517033595665
lrb,3666,332.501295346,0.4419864452547498,46.99789114559398
lrb,3667,286.578916132,0.4703487515449524,70.49680103975184
lrb,3668,250.573463621,0.5204736619699197,63.70808009727329
lrb,3669,262.349044494,0.4947573227653337,59.79154226265702
lrb,3670,233.656640281,0.44970415650229695,39.68693171482461
lrb,3671,208.977874298,0.39619242559586254,146.214963277181
lrb,3672,199.723772628,0.4809019704712481,98.4341090782016
lrb,3673,193.55332683,0.5123110864613507,67.62458531996782
lrb,3674,181.026598699,0.5021736328152643,36.031665936638326
lrb,3675,158.458408608,0.457535982131958,65.01374879724838
lrb,3676,175.371100792,0.4948610099924713,62.14171067780139
lrb,3677,165.532685156,0.5253746293593143,18.015896247414982
lrb,3678,194.634123962,0.47254802533649504,48.82578974705116
lrb,3679,215.119019722,0.4232721557136344,155.35498241349762
lrb,3680,198.882896153,0.45599577322228413,72.84723313275506
lrb,3681,199.487962089,0.5062377714985953,49.870451534495636
lrb,3682,311.726854709,0.46540258360478587,240.47538129021143
lrb,3683,205.29170388,0.489981707411992,124.54591908174403
lrb,3684,195.879453398,0.5041777273745236,78.59198222440831
lrb,3685,202.797614156,0.5063329455403197,153.78965893913718
lrb,3686,194.436647874,0.5681469241778057,11.749657126034007
lrb,3687,215.377283509,0.5904365152847477,42.82104133157169
lrb,3688,196.056912579,0.5710860952254265,40.47113776113473
lrb,3689,203.891369853,0.5732301650764225,37.33793559354894
lrb,3690,212.26058063,0.5397105753421784,11.749723546645221
lrb,3691,199.221349429,0.538958925687814,103.13655957988664
lrb,3692,182.977592906,0.5460925610367879,88.51483854406021
lrb,3693,218.964978844,0.580920443779383,50.91568397073185
lrb,3694,219.929126155,0.570256223223802,45.17143856871362
lrb,3695,205.657186757,0.5716700227063654,148.56970253738703
lrb,3696,228.869377874,0.4845150693299922,49.08813512465533
lrb,3697,199.692406192,0.4438697270644728,33.682835836971506
lrb,3698,228.919917007,0.4813944935798644,9.138777190563726
lrb,3699,221.985542486,0.38567023611650236,53.527218238980154
lrb,3700,247.1283127,0.3101600818892023,69.97719906077666
lrb,3701,218.164780796,0.32656268509204106,83.29389406092025
lrb,3702,255.569570536,0.3772924563841904,130.81598582548253
lrb,3703,266.772533906,0.4460964571291478,103.92171191047221
lrb,3704,241.718839338,0.4766242336446994,139.69338040819355
lrb,3705,197.039462131,0.4296370212678556,70.49935913085938
lrb,3706,188.46968151,0.3729986574029581,109.4043955485026
lrb,3707,201.71974793,0.37857923507690433,190.6087697347005
lrb,3708,187.538973769,0.3263372657164721,74.15462173761105
lrb,3709,216.060214661,0.40051147030955336,97.65416214886834
lrb,3710,223.107378547,0.42160013949342556,106.00950443043428
lrb,3711,209.348572116,0.4562934469640924,92.95411700080423
lrb,3712,218.668482911,0.4928757988687219,151.4418015723135
lrb,3713,231.030648984,0.483365708313359,174.68015630385457
lrb,3714,243.903387727,0.5408149221733612,136.29736678179574
lrb,3715,239.242298836,0.5001022083545799,174.94099994734222
lrb,3716,218.882779383,0.5267815040153206,107.57561872893689
lrb,3717,199.541150279,0.5091152623140023,74.93733759861365
lrb,3718,193.141325234,0.4979409873485565,8.35539790134804
lrb,3719,186.290097592,0.46826696395874023,42.56023490756166
lrb,3720,192.578872689,0.4742245868194934,89.82028778674557
lrb,3721,195.359620351,0.48439488657315566,97.91445429184856
lrb,3722,196.357440382,0.48964019793941926,90.6034640742283
lrb,3723,203.624152497,0.4728070274391005,147.5243959613875
lrb,3724,218.224599276,0.4633854741777355,209.92851957433368
lrb,3725,220.025997713,0.4573469869074525,121.93607605578853
lrb,3726,202.066191634,0.4479747821427172,95.8256353340897
lrb,3727,197.819917426,0.41095259820407054,89.55921167111865
lrb,3728,202.388825531,0.3931611178796503,103.13677724202475
lrb,3729,199.98919375,0.4036400451588987,69.97638157863243
lrb,3730,201.352568158,0.3985837399959564,26.110640881108303
lrb,3731,215.40663915,0.39364140321409075,90.34289419136796
lrb,3732,200.951948026,0.4094861318127381,62.40452746223001
lrb,3733,207.303540201,0.42291041594325446,59.53242151596967
lrb,3734,222.304717647,0.3826026850374493,88.25420197131587
lrb,3735,197.004686903,0.41501177441699344,99.7427340339212
lrb,3736,215.208061347,0.38916610641629285,49.87139159557866
lrb,3737,243.633529898,0.3389051085168665,57.4435260847503
lrb,3738,252.644691682,0.36437298079249275,62.926713502173335
lrb,3739,235.93380114,0.3781053844086021,94.2594669416839
lrb,3740,234.143596588,0.41429899577741275,155.09724812227137
lrb,3741,210.850375285,0.4370894786857424,131.59752367805032
lrb,3742,181.050510132,0.4430561677405709,59.53210772346048
lrb,3743,189.02890421,0.48908098714024406,39.94909811580882
lrb,3744,190.524758802,0.48188192966266186,81.72575551949296
lrb,3745,188.205278833,0.4498244384542489,122.19679433785232
lrb,3746,208.604224686,0.4083050084801821,135.77398367489087
lrb,3747,222.030732768,0.3647745467219218,119.84648895263672
lrb,3748,248.774145092,0.41253982854068727,104.18015379064224
lrb,3749,240.02330679,0.4783250591810176,78.8531135110294
lrb,3750,224.181834372,0.43911997700584,88.25277530445773
lrb,3751,226.374277515,0.3864716481484338,174.41663809383618
lrb,3752,223.159393969,0.4088485667906715,145.434253468233
lrb,3753,176.621072266,0.5054789930582047,78.33090389476104
lrb,3754,174.981833048,0.4484697936782175,105.22453756893383
lrb,3755,190.075954955,0.44743272111966065,33.943450030158544
lrb,3756,200.39585534,0.4779400895111752,143.0847141041475
lrb,3757,203.027804351,0.47682817903431973,28.721447394875923
lrb,3758,211.512527144,0.48405333901468606,55.09307011623008
lrb,3759,230.642245516,0.47193521073484046,99.48101555319393
lrb,3760,298.523164077,0.46544817385301884,197.65680132099226
lrb,3761,269.946847925,0.49148367978496,142.56373389748967
lrb,3762,241.277218222,0.4539134498731589,105.74797596650966
lrb,3763,191.470403443,0.3452585528208974,121.67553085626338
lrb,3764,183.170368092,0.4415713139531905,59.5323133281633
lrb,3765,166.903829491,0.41148606465973014,102.61510081571691
lrb,3766,193.608369928,0.44629041053927865,135.77593515433517
lrb,3767,188.739273546,0.5086893615839273,144.13159834917855
lrb,3768,186.465386885,0.5438062887810264,62.40491120581534
lrb,3769,180.432573292,0.5139924491582651,66.0605525895661
lrb,3770,177.17404964,0.47046913845198496,131.5988982555913
lrb,3771,208.78345942,0.5280135067982403,32.11644966275084
lrb,3772,203.7208211,0.38783974021506706,46.73865859087776
lrb,3773,221.328645262,0.46773689080448916,122.98290755328011
lrb,3774,189.484476572,0.5410632012706054,119.06648936552159
lrb,3775,189.573764879,0.5403045691549778,62.66662418141085
lrb,3776,172.870390753,0.5703348682556317,60.31663970947265
lrb,3777,186.06389477,0.5434335556976936,88.77775663488052
lrb,3778,178.67659225,0.529294706966685,90.86668557559743
lrb,3779,174.155284617,0.4727251120102711,101.83336235495175
lrb,3780,169.651266039,0.43130523013690164,98.70002638872933
lrb,3781,190.868870584,0.37731977605942596,101.31112473431756
lrb,3782,188.42666179,0.39432461142894765,87.73330832088695
lrb,3783,189.281334528,0.44246070368869883,86.94990925508387
lrb,3784,193.437126106,0.4284601801863084,95.04428136488971
lrb,3785,182.207419072,0.40978345435152774,48.56652975643382
lrb,3786,210.173927738,0.45764048563109505,7.049992460363052
lrb,3787,205.174569098,0.4435964380932409,22.455560661764707
lrb,3788,181.187887439,0.4356956865390141,39.16669912899242
lrb,3789,163.804915484,0.39103158103658797,61.36118810317095
lrb,3790,173.065313672,0.4236677076824275,80.68360176834406
lrb,3791,165.771324004,0.38371500037899314,134.73396866742303
lrb,3792,170.40029045,0.36959836652333083,114.88960774739584
lrb,3793,156.450332264,0.3851684489670922,66.58386454862708
lrb,3794,163.354581995,0.39014025837988464,77.28960864497166
lrb,3795,141.196022901,0.3692495968438005,122.98466518626492
lrb,3796,160.159195926,0.3444754948235029,158.49631416470393
lrb,3797,206.238853326,0.342989457038902,197.9247876335593
lrb,3798,227.803748785,0.3955480375184973,189.83028352026844
lrb,3799,248.841433771,0.4784510577484761,172.0744706995347
lrb,3800,262.92512999,0.47684894837673353,207.58585785510493
lrb,3801,169.317007113,0.462542550340635,114.36795091816023
lrb,3802,282.807664681,0.4669453268267382,221.68598857206453
lrb,3803,244.120139173,0.41713472047950995,190.352275983025
lrb,3804,208.238911452,0.4276056837810129,110.45138875923905
lrb,3805,167.066742736,0.32957703777518405,65.53968990550321
lrb,3806,198.275514733,0.32971837753571837,51.43952837177351
lrb,3807,210.080893049,0.393229918092744,61.10088572782628
lrb,3808,179.453343107,0.3768236379564544,84.60143324908088
lrb,3809,167.043958868,0.3891651573822014,138.9137130438113
lrb,3810,161.683394627,0.40714133287144594,139.69725769641352
lrb,3811,169.759571475,0.4180448061890072,152.75330801571116
lrb,3812,165.540943771,0.39875607997338397,97.65786743164062
lrb,3813,159.213234675,0.3804022195078338,102.61928926355696
lrb,3814,170.932200702,0.3922282146270742,101.31387472713696
lrb,3815,170.114241703,0.4150930855695794,128.47040683521945
lrb,3816,175.078520186,0.4123170936598376,152.2323999741498
lrb,3817,173.242436752,0.4119558675616395,66.58550127814797
lrb,3818,200.785810383,0.3545662676399114,136.56571565515856
lrb,3819,232.241850186,0.34246468421035603,107.58146529852176
lrb,3820,265.548611435,0.36045853277811635,27.15657964968214
lrb,3821,247.006700857,0.322914633474894,155.6281882491766
lrb,3822,204.75176015,0.28942445060786076,22.195286320705037
lrb,3823,196.746081584,0.38459426164627075,54.835540771484375
lrb,3824,203.073175404,0.38459426164627075,26.37328389485677
lrb,3825,191.957498508,0.25635311007499695,28.46235471239277
lrb,3826,162.348955028,0.25635311007499695,1.0444900811887254
lrb,3827,148.75843411,,0.0
lrb,3828,147.56576378,0.4729071259498596,12.533880974264706
lrb,3829,139.514822869,0.4729071259498596,0.7833675608915441
lrb,3830,142.366418802,0.36645397543907166,27.6790854659735
lrb,3831,171.872976891,0.3676674596116512,103.14375918519264
lrb,3832,181.097493659,0.4026715900829371,181.48068356981466
lrb,3833,170.642242502,0.4026182270722418,171.2968583350088
lrb,3834,168.176094257,0.46638477153806795,43.346423668954884
lrb,3835,164.636902412,0.3550468938691276,1.8278614418179382
lrb,3836,183.204519239,0.3160687491503098,170.5136132034601
lrb,3837,181.08737107,0.3404565188905289,181.7419340245864
lrb,3838,201.358210116,0.39970117059361887,65.542094002518
lrb,3839,222.901176983,0.33653302745121283,85.6486380782782
lrb,3840,225.925120525,0.31925525542880806,204.7209872675877
lrb,3841,293.613015358,0.4137860703049227,133.6951332840265
lrb,3842,230.501601499,0.39817371298965903,80.68703586353975
lrb,3843,252.031199136,0.3693440721974881,144.40095065247777
lrb,3844,234.87236488,0.328299262831288,153.8012726428462
lrb,3845,179.38868976,0.4351578089995545,124.29415540508197
lrb,3846,181.30365849,0.509019995453181,112.80473713594324
lrb,3847,182.973922597,0.5068112262297142,80.16438440061083
lrb,3848,165.073394665,0.5182538661155623,64.49703004126455
lrb,3849,157.998701385,0.4252645555679305,61.88571508071002
lrb,3850,161.641621535,0.43476378230416046,127.94939317890243
lrb,3851,186.675396635,0.5281164952527697,83.82002653234147
lrb,3852,176.335867705,0.4465500561313497,112.80449209774241
lrb,3853,188.447057817,0.44218173094675045,73.63633216409121
lrb,3854,184.506511421,0.4271053194999695,74.41976479923024
lrb,3855,167.231277651,0.4584154469379481,36.03488446403952
lrb,3856,184.41184281,0.4687755682638713,36.557159573424094
lrb,3857,197.07502313,0.4544478010299594,145.96765160654104
lrb,3858,187.340406725,0.44571853883511636,147.2734610164867
lrb,3859,206.542108943,0.48666654977916685,157.9797182270125
lrb,3860,199.002890369,0.48330554971054424,174.95295371261298
lrb,3861,192.650204703,0.45579324149423184,188.00941691679114
lrb,3862,182.370385184,0.4385626024479488,181.4815663356407
lrb,3863,200.962730446,0.45288404535420906,203.41634300082336
lrb,3864,185.02796815,0.4587736686420861,177.82637780881396
lrb,3865,172.968679488,0.4538711088133,175.4765085556928
lrb,3866,176.472904509,0.43617075133497707,178.8714007209329
lrb,3867,172.63747947,0.4535732826322908,171.56011792351217
lrb,3868,164.825819116,0.5056871590891896,125.60207169476678
lrb,3869,179.877637805,0.5210195559335041,108.36787414550781
lrb,3870,186.26606645,0.4814609604723314,97.66180425905713
lrb,3871,197.224606025,0.4863071444534486,80.9498114492379
lrb,3872,208.920942728,0.547248237439104,57.97058419620289
lrb,3873,228.390149875,0.5411026029141395,23.762751710181142
lrb,3874,252.851224727,0.42511292684961255,28.202003927791818
lrb,3875,258.443189768,0.4409023768871836,41.5196367151597
lrb,3876,261.286100544,0.48200455716211504,19.062474718280868
lrb,3877,206.052502827,0.35238780558109284,26.11311669443168
lrb,3878,212.040644871,0.3550107933640163,98.44643177705653
lrb,3879,210.050182404,0.285347986720207,59.27685971727558
lrb,3880,218.583765577,0.3307205548992863,112.80877631692326
lrb,3881,213.575575868,0.3258373174794327,132.39371975169462
lrb,3882,192.179483771,0.347364774231094,94.52962604597502
lrb,3883,177.288466937,0.3543866088396402,102.8858314663756
lrb,3884,182.866655318,0.3904723576914397,183.05309702555337
lrb,3885,204.993010728,0.40148427856167923,202.89904551786532
lrb,3886,187.838765321,0.40561411820404925,184.09760957605698
lrb,3887,184.903143865,0.4320689800515749,179.91950058282595
lrb,3888,177.537047207,0.4519981730996602,178.35277730904372
lrb,3889,174.594379561,0.4422967324301117,168.95212486117495
lrb,3890,142.000995146,0.42481840640973695,139.96648589489507
lrb,3891,171.068849903,0.45353074836474583,169.99657772288603
lrb,3892,172.283887238,0.4686863135074623,138.1385102814319
lrb,3893,157.039360445,0.4417707522710164,127.69316487031823
lrb,3894,151.630957396,0.44157232418272946,152.2394541721718
lrb,3895,156.37990172,0.4500147266408145,154.06741856593712
lrb,3896,148.836022255,0.4733005407537128,147.27806656781365
lrb,3897,162.995746991,0.480136750230364,163.99053754619524
lrb,3898,138.439220976,0.4884872501514749,132.9159668267942
lrb,3899,149.826225298,0.4748850863903864,150.934173524146
lrb,3900,145.863988366,0.47028177929219434,147.80076422597847
lrb,3901,146.898802282,0.4601404897576974,146.75641997094246
lrb,3902,148.888840456,0.451006109962598,148.0623282039867
lrb,3903,170.216641523,0.4576613052074726,169.7366043988396
lrb,3904,143.723632686,0.4397049652168984,141.79554452335134
lrb,3905,150.677517611,0.44853866779028556,152.5021910723518
lrb,3906,146.277351368,0.46944468369358017,143.36267637365003
lrb,3907,160.409436679,0.39288886706833237,149.3689147051643
lrb,3908,155.949555747,0.4549820793872814,54.57721315271714
lrb,3909,141.261257213,0.3626318122132109,113.85498037899241
lrb,3910,143.457997597,0.434811474223222,87.74158603443819
lrb,3911,174.415526811,0.4273951952444746,49.09357431449142
lrb,3912,162.244032972,0.4562532474012935,22.196602166867724
lrb,3913,155.914114139,0.370887373527177,72.59609443814146
lrb,3914,135.014715262,0.3617205301277068,129.00189349604588
lrb,3915,143.52208608,0.46411867822166036,88.52569750617532
lrb,3916,157.112140191,0.4571406183713073,113.85626932779948
lrb,3917,161.692931323,0.4280453619110552,96.3602097156001
lrb,3918,164.353532485,0.3924129572949669,101.06087996538946
lrb,3919,145.002461534,0.3722385890372174,128.21959743125768
lrb,3920,135.504014041,0.38436636421467074,134.2259915220971
lrb,3921,179.519169199,0.3948277784934775,183.84294355803846
lrb,3922,196.62575582,0.4247101199877513,173.91985347972195
lrb,3923,159.367466898,0.4373247718736296,83.30405255485984
lrb,3924,168.040913358,0.26353452775789343,18.018797032973346
lrb,3925,144.667292643,0.27261520153397967,40.999326818129596
lrb,3926,145.799464957,0.2917908202539119,67.37478054271024
lrb,3927,151.12524578,0.31004414411092346,91.92233725155101
lrb,3928,208.240998591,0.2960301657027728,116.46997563979205
lrb,3929,261.165629093,0.2765219364355618,72.33684180764591
lrb,3930,309.478885666,0.2823255137200393,131.6165152456246
lrb,3931,244.834149724,0.2556771179345938,84.87175212186925
lrb,3932,167.1217119,0.32491732123544653,123.25977639590992
lrb,3933,155.220352937,0.4655571016398342,157.99180962057676
lrb,3934,195.495554687,0.5065358137137798,194.0296303244198
lrb,3935,187.255108279,0.5092631086625689,191.15704255945542
lrb,3936,185.842962429,0.48942156807637555,185.41184503891887
lrb,3937,159.817686194,0.49028587785172967,159.55854393454158
lrb,3938,154.575092519,0.45650811857647366,152.76876786175896
lrb,3939,147.700955013,0.41072258084696506,147.80696599623735
lrb,3940,141.615854677,0.33137633810647277,138.14457164091223
lrb,3941,153.430369962,0.3583729771794269,146.5010658712948
lrb,3942,136.772953283,0.3801747665454664,138.66665290383733
lrb,3943,134.536931207,0.41101206309200516,132.92138537238625
lrb,3944,121.853326714,0.44351482300457096,119.86413798612706
lrb,3945,119.515070207,0.47920718499879805,123.78110516118069
lrb,3946,132.853969451,0.529919398136628,132.3985933490828
lrb,3947,130.512506172,0.5307636280893578,132.92069651285806
lrb,3948,130.328522961,0.5272633136535178,127.95886110791973
lrb,3949,121.79545192,0.5596251039723166,119.86334156709559
lrb,3950,122.647442436,0.5788238614228121,122.9968650369083
lrb,3951,131.659311016,0.5624137154081835,133.70343729654948
lrb,3952,137.229179463,0.5423763458917865,135.00897420247395
lrb,3953,123.751316053,0.519308091467443,123.77987054563036
lrb,3954,125.224964295,0.5015445069720349,125.34658442478555
lrb,3955,140.102493684,0.4910053840179121,139.44794595755786
lrb,3956,126.227171967,0.5119428141572611,128.48000757554
lrb,3957,132.442526084,0.47828656763495325,130.30790417241116
lrb,3958,131.041645127,0.47673781023378003,127.17415397494447
lrb,3959,140.993171556,0.4955505436990632,136.05279789344937
lrb,3960,122.082401833,0.5048552325971439,125.08492644066904
lrb,3961,120.539306501,0.5301932060091119,124.0402489456476
lrb,3962,123.693925773,0.5169503317242529,121.68986954034543
lrb,3963,122.783205996,0.5147748988966983,124.30109788483266
lrb,3964,161.909825911,0.4490760025045321,154.85390289905027
lrb,3965,248.260542044,0.42596552578657404,84.34700517841414
lrb,3966,343.723768381,0.5948028564453125,7.834098367130055
lrb,3967,229.106345817,0.46735747784667375,80.16882820877373
lrb,3968,165.897454532,0.543149179070773,93.74804110059551
lrb,3969,131.544551818,0.46731666208269124,130.30720316569008
lrb,3970,123.10972694,0.48083185114358595,124.04010847503064
lrb,3971,122.10456928,0.5062874582849768,125.6071215760474
lrb,3972,114.998539136,0.48049466266776575,112.02811467787798
lrb,3973,149.433231684,0.44642678107444356,148.58759268966375
lrb,3974,184.820363009,0.4402040648823003,68.6794589472752
lrb,3975,228.134535594,0.45522115123458207,33.42579043519263
lrb,3976,225.977326189,0.4431464089245736,41.260042736577056
lrb,3977,220.905593728,0.3787842229058181,157.2061798394895
lrb,3978,177.637476942,0.44101289545114225,162.95144357120287
lrb,3979,132.15013839,0.43760886709046465,137.35983632405598
lrb,3980,115.907657087,0.44944146399696683,112.8127581428079
lrb,3981,115.863630914,0.49028095623262885,115.16312929041246
lrb,3982,122.332846151,0.4993132350214741,119.080321188534
lrb,3983,127.954959546,0.5117640388905415,132.3986209046607
lrb,3984,140.643450144,0.5258042028741947,135.2712460985371
lrb,3985,130.866108992,0.5406485481195183,130.04846415800208
lrb,3986,120.888289321,0.5614579455111843,115.16346169266046
lrb,3987,115.903958705,0.5856120708625986,113.33544051226448
lrb,3988,134.19530457,0.6073508004884463,135.2714023664886
lrb,3989,129.788908486,0.5735964666826491,125.08687860825484
lrb,3990,116.473953066,0.5556391887781615,117.2526429120232
lrb,3991,106.295896344,0.5136556204121846,108.63498822380515
lrb,3992,120.994070918,0.512861939660948,121.16983660529641
lrb,3993,105.041350655,0.5451838810946427,106.54596889720243
lrb,3994,118.419316093,0.535565483415949,121.17009600471049
lrb,3995,151.750026819,0.5163222676663011,147.80683674531826
lrb,3996,149.568668692,0.4775725501714293,151.98530937643613
lrb,3997,133.250314175,0.476064202754865,132.13856057559744
lrb,3998,123.080266771,0.4625386580344169,121.43179994470934
lrb,3999,115.741665778,0.4781138493382851,117.25358973484413
lrb,4000,104.901682892,0.5596753311462891,101.84612887513404
lrb,4001,116.922117393,0.5490627112306751,121.69310141170725
lrb,4002,103.943704125,0.5409232400698105,102.89078662348727
lrb,4003,97.0965971258,0.5308643050883946,99.23481768439798
lrb,4004,107.141618655,0.517827811729477,108.37494734221814
lrb,4005,106.084975458,0.5312638614077131,105.2412934546377
lrb,4006,116.116861855,0.5502479452835886,119.08200809254366
lrb,4007,119.25741112,0.5581264345214778,119.86551109762752
lrb,4008,140.007860817,0.5461044048433339,142.5851707009708
lrb,4009,130.774709429,0.5310299008269794,133.70631773705577
lrb,4010,125.307560276,0.500238166880408,124.82746836344401
lrb,4011,117.163048522,0.489522545713268,114.38175973331228
lrb,4012,118.170494261,0.5090494470354211,118.29907998477711
lrb,4013,129.735793885,0.5316029549368961,129.00622331207876
lrb,4014,146.042804022,0.5251664705374588,145.98092735140932
lrb,4015,181.570840092,0.45297585282799846,182.5416694192325
lrb,4016,157.509328089,0.3818168049068387,117.2551025390625
lrb,4017,82.883702498,0.3615260032507089,20.369529454848347
lrb,4018,127.84138371,0.38192541055958984,131.35743043188955
lrb,4019,140.229261723,0.47006254002105347,134.7525292789235
lrb,4020,137.732109993,0.5337635927307671,139.1922010833142
lrb,4021,145.886733235,0.5538295520507004,142.84837472953046
lrb,4022,153.393050576,0.5427386815825553,152.51103428859335
lrb,4023,154.359859233,0.5119295179442525,155.12265433517157
lrb,4024,143.735491437,0.48738660595633765,137.8870413985907
lrb,4025,156.181341531,0.4702892821009566,160.60730384377874
lrb,4026,145.557356783,0.47607658005563935,147.28889007568358
lrb,4027,110.413548522,0.47666156943658644,106.28843706916359
lrb,4028,106.653346407,0.4257337570760809,109.16126906451056
lrb,4029,110.811651742,0.38865744860833906,109.1614283842199
lrb,4030,128.132487889,0.4265231563399235,125.35301824831495
lrb,4031,124.533755485,0.45079196455343706,124.5697312598135
lrb,4032,100.605767483,0.45154862612637175,102.89418616201364
lrb,4033,126.192779635,0.4986308124966313,125.0922648411171
lrb,4034,126.955764147,0.534171748358764,126.13700408935547
lrb,4035,123.496312537,0.5373629968477776,121.95859416886871
lrb,4036,134.406591005,0.5203624307399705,131.62131114286532
lrb,4037,142.517011587,0.5383302838798018,144.15676036161534
lrb,4038,143.70845831,0.5182954895518204,142.58997237261602
lrb,4039,133.790537937,0.4907310727431294,137.36708215451708
lrb,4040,136.112054005,0.4857231220778297,133.1887898164637
lrb,4041,167.55165536,0.508748753080849,155.3870783188764
lrb,4042,214.916505619,0.5245164828374982,41.784848231895296
lrb,4043,299.300892448,0.40979775461820095,26.376722747204347
lrb,4044,309.90143035,0.4534905072339255,206.8354393454159
lrb,4045,212.381959497,0.5230560626121277,208.6638265871534
lrb,4046,153.426373322,0.5375534306789181,151.99305769976448
lrb,4047,139.734112373,0.5030131456789686,139.97994890400008
lrb,4048,125.007024189,0.4635988221718715,125.61637893377564
lrb,4049,120.587537273,0.46041449102817544,120.39328391879214
lrb,4050,105.072880255,0.4761849274886913,103.94050529330384
lrb,4051,120.919144148,0.4677613464685587,118.82656582103057
lrb,4052,136.357641036,0.42498693905021473,137.6299263449276
lrb,4053,147.985370948,0.4285198897396752,142.3309012319527
lrb,4054,111.25597344,0.4467481297629696,112.03673759909236
lrb,4055,109.479257045,0.4839799007489568,109.68648932961857
lrb,4056,129.105402712,0.48123862413649865,122.74460063261144
lrb,4057,139.547210673,0.44916439306561967,143.11521965475643
lrb,4058,147.114659047,0.38130651970167423,144.9435743444106
lrb,4059,146.021481689,0.36884144901597454,147.81654962277878
lrb,4060,162.147279638,0.406398093286749,165.57552208993948
lrb,4061,150.228730255,0.41739835660512864,146.5109073713714
lrb,4062,114.8734204,0.44847445470602526,116.47754764930873
lrb,4063,146.711255397,0.4353133624458646,149.3837340111826
lrb,4064,165.224071312,0.5003238169915356,164.00867411295573
lrb,4065,173.740647655,0.559241055559229,176.28317886053344
lrb,4066,143.76580663,0.5844001187145381,141.81011083266313
lrb,4067,138.892660643,0.5532748703611582,140.76558215571387
lrb,4068,124.853875171,0.528834933054918,125.61843444225833
lrb,4069,115.291791542,0.5035769377165641,115.17217066147748
lrb,4070,121.672687502,0.49253747988772645,121.44021651324104
lrb,4071,136.700627265,0.47883705993872566,136.848984004002
lrb,4072,147.857705237,0.4414575014687791,103.15919132606658
lrb,4073,202.353940009,0.34345483995419884,63.201463168275126
lrb,4074,194.308357581,0.33478859909356634,109.94988140031404
lrb,4075,186.412763637,0.3720457679676976,186.20991931990082
lrb,4076,163.713016905,0.4104554279205892,162.96653424431295
lrb,4077,137.818045309,0.433388086487398,137.89488965202779
lrb,4078,138.376787794,0.42454236557732905,132.41050154742072
lrb,4079,140.435115375,0.40327411293983456,139.72321199903303
lrb,4080,133.526486807,0.45415051791377853,137.37281559962852
lrb,4081,128.427949988,0.483027384978188,126.40401769899856
lrb,4082,116.303724619,0.5274129987570286,115.69635506424248
lrb,4083,115.393321303,0.5387750028734141,112.5624657126034
lrb,4084,126.332606204,0.5440885918445822,126.40438770967371
lrb,4085,118.396103596,0.5226763285040585,115.69673641429227
lrb,4086,138.826758294,0.5190204575573658,138.67957512350642
lrb,4087,132.9890776,0.5099408376121711,130.8447546566234
lrb,4088,129.231687024,0.5100769208589561,132.1507629394531
lrb,4089,121.88928622,0.5191908523276612,118.83134909237133
lrb,4090,123.242497601,0.5279889298476589,119.35381041882087
lrb,4091,110.639918977,0.5363015047141483,109.69072762283625
lrb,4092,116.457840311,0.5246363375701156,119.8764383652631
lrb,4093,118.077747299,0.5059517547488211,114.91435211780025
lrb,4094,125.479172721,0.5087316767061401,125.88359488692937
lrb,4095,103.701977029,0.5239447687592959,102.11732737223306
lrb,4096,115.809603366,0.4926285821429186,115.17594550637637
lrb,4097,116.505202184,0.4823052807459755,115.17606488396137
lrb,4098,115.030805475,0.501312373646281,114.91500555300244
lrb,4099,118.537347382,0.5109934460689135,116.48218874463848
lrb,4100,98.5470995759,0.5140690016621366,99.50621948242187
lrb,4101,93.9117136085,0.5066735688912667,92.45473866182216
lrb,4102,98.1513926081,0.47666206310063053,100.02885475906672
lrb,4103,100.49076513,0.4596541406458648,98.72314058191637
lrb,4104,113.911988816,0.4663785844687329,109.95373657824948
lrb,4105,118.611473473,0.46087528928547633,116.7444169885972
lrb,4106,127.575483409,0.46512177922356296,129.80329814237706
lrb,4107,137.08711885,0.4910491548242077,131.63172248391544
lrb,4108,123.557596589,0.4990690872683878,127.45312742345472
lrb,4109,115.323442011,0.5048022715825039,110.21575999540441
lrb,4110,137.616777855,0.530018994127001,137.11692810058594
lrb,4111,137.690166849,0.4895376140544004,138.16177915685316
lrb,4112,119.578011418,0.5099609536876388,120.40197565415326
lrb,4113,120.569696252,0.4915085595741146,118.57391515993605
lrb,4114,130.479300489,0.4598074307926073,132.41643168131512
lrb,4115,139.540682957,0.4373868826524656,138.94604584937002
lrb,4116,134.754314106,0.4017509811105785,133.9838825001436
lrb,4117,149.074033521,0.39496648432243436,109.69459399055032
lrb,4118,156.637154636,0.42947300040360664,86.18875705494601
lrb,4119,139.52159305,0.40658543943505293,109.4337715298522
lrb,4120,146.322062184,0.37042116425254135,143.64837640500537
lrb,4121,167.337103113,0.3843364846077025,168.19949029660694
lrb,4122,176.050416173,0.35125174038781376,174.46808465695847
lrb,4123,177.861658125,0.34071685471673946,178.9084415809781
lrb,4124,160.023797545,0.3703109293597416,161.40964454202089
lrb,4125,162.933983385,0.32772704608300157,159.84283052332262
lrb,4126,192.652447854,0.2960526570677757,196.40850800158927
lrb,4127,193.033121696,0.29602841853934586,193.5358793071672
lrb,4128,167.944700826,0.33226745691097964,166.89560295553767
lrb,4129,145.202563632,0.3548176126046614,143.65060604319854
lrb,4130,116.144503013,0.35564872078752413,113.09235382080078
lrb,4131,149.871524312,0.44042604080253817,153.3146779677447
lrb,4132,171.805054459,0.46820108150488016,170.81405280618105
lrb,4133,189.750405678,0.45463772382534723,185.44043148265166
lrb,4134,224.954024486,0.45322138374993215,184.39590588737937
lrb,4135,254.368556602,0.4889416171830486,183.87389658011642
lrb,4136,244.271898044,0.43229628283044574,60.072486129461545
lrb,4137,129.929773298,0.30488815903663635,14.887580333036535
lrb,4138,156.596054732,0.25318077206611633,30.55876958510455
lrb,4139,174.138817363,0.24449732899665833,10.708647215600108
lrb,4140,254.83914889,0.2949691131276992,26.9022112977271
lrb,4141,263.62455348,0.33839739880190695,110.74288054821538
lrb,4142,217.27342781,0.4678756853543131,216.78388094434555
lrb,4143,168.219812632,0.4961204093166082,170.81507586310892
lrb,4144,203.217459817,0.5147255114321531,203.46301933737362
lrb,4145,173.727848792,0.5046182405768018,34.47638283523859
lrb,4146,237.984279037,0.4502828125770276,33.95392833036535
lrb,4147,210.397962497,0.4203679481998678,72.34814770268459
lrb,4148,269.493427607,0.4802345061096652,151.48744770124847
lrb,4149,239.51565177,0.5364754064396529,176.82272120457068
lrb,4150,155.899740127,0.5781569187867575,93.5046480365828
lrb,4151,137.165251927,0.5181200164361266,135.5558074951172
lrb,4152,122.847079899,0.4846632140493287,118.31765947528913
lrb,4153,144.511410281,0.5129980993594311,134.77263829848346
lrb,4154,143.169409436,0.47136899911925656,93.76639595779719
lrb,4155,156.808239344,0.4530219382955214,63.46870574951171
lrb,4156,155.780764583,0.4200215734340049,115.96763485179228
lrb,4157,146.537185064,0.3948531266715792,103.43075238396139
lrb,4158,147.889705122,0.40634675523669456,101.34139733408011
lrb,4159,142.489941471,0.4057743304502565,70.25996392941941
lrb,4160,148.408419214,0.3715945212346203,27.686146754844515
lrb,4161,170.541708309,0.3185333798751764,73.65564745734719
lrb,4162,177.713132265,0.4185910381061929,92.72266881606157
lrb,4163,160.918795208,0.35602631634063564,129.02822507970473
lrb,4164,147.642665371,0.3657116860602841,103.43166629566868
lrb,4165,136.636134718,0.3621045293716284,61.11879900764016
lrb,4166,139.646625825,0.3303201640180002,100.29768452363857
lrb,4167,159.230284,0.3522767175050926,109.96189664952895
lrb,4168,161.483430906,0.3173063824761589,41.5296413047641
lrb,4169,195.660245304,0.39865779177002286,30.03720661238128
lrb,4170,225.113172702,0.4164509003519252,82.01482289632162
lrb,4171,313.616435524,0.38270709341141723,210.00009801528032
lrb,4172,323.303413576,0.3009912549881708,137.12714341107537
lrb,4173,385.2304977,0.25951007897505945,121.71688944498698
lrb,4174,319.207078071,0.25243071360247477,18.28367608762255
lrb,4175,327.063213023,0.23821574966631717,70.0004571353688
lrb,4176,212.266584785,0.30224615207479044,85.1500624114392
lrb,4177,195.579111884,0.33791172239515516,82.27692009420956
lrb,4178,209.091260699,0.33538276787421006,52.500532262465526
lrb,4179,217.196707945,0.3282040084778875,120.41156798718023
lrb,4180,171.696292051,0.35975213330525624,169.77768198649093
lrb,4181,180.109802324,0.3506809584135135,176.568712720684
lrb,4182,173.73492872,0.3589368072440243,164.81482846129174
lrb,4183,179.125680449,0.3841566089199577,142.6131196863511
lrb,4184,179.33073194,0.4033221414635989,126.41893783270143
lrb,4185,165.652400568,0.4413034429258488,98.20972367828969
lrb,4186,160.827278147,0.4312901351653355,92.72460144641353
lrb,4187,159.592850897,0.39741176270202067,161.1578421499215
lrb,4188,161.489337873,0.40999340393457073,108.39632251215916
lrb,4189,159.794849134,0.4004212544662485,105.26203035840801
lrb,4190,162.969287614,0.3836763236935684,165.85958084405638
lrb,4191,153.763982891,0.3976979021008322,153.5834987864775
lrb,4192,169.0197032,0.3806594353381211,160.63599665024702
lrb,4193,164.295963103,0.3613660908198055,103.17285275926777
lrb,4194,173.966790025,0.3663846428518172,80.44880795946308
lrb,4195,195.082276254,0.37842529518263684,45.70963308296952
lrb,4196,199.274071934,0.3996411776748197,75.74754067215265
lrb,4197,187.236820545,0.3923302179491016,129.81580657958986
lrb,4198,178.334098386,0.3798185599093535,166.38381230971393
lrb,4199,175.137662098,0.40638694953974164,111.7933678122128
lrb,4200,192.365670903,0.41525998425101723,195.63850070728972
lrb,4201,188.353478031,0.39191926034917446,175.78746625114889
lrb,4202,207.846955732,0.3835838429607824,177.0935467888327
lrb,4203,185.302234937,0.3939120862674291,117.80127240349266
lrb,4204,195.280056403,0.40724841061391326,124.07009124755858
lrb,4205,203.443044816,0.45013830668287863,95.59925142176012
lrb,4206,178.432057529,0.42107359356201546,69.74043803495519
lrb,4207,202.583785565,0.3864637508449784,108.398084303912
lrb,4208,201.475034637,0.39672696626416726,108.1369519401999
lrb,4209,221.160082658,0.45615912988634394,52.76256013758042
lrb,4210,224.156631876,0.3678294460668172,82.80075249765433
lrb,4211,193.029674841,0.4038653896914588,35.26220344094669
lrb,4212,209.590148695,0.4068303925709592,37.613041687011716
lrb,4213,221.950262204,0.37652379825335586,62.16612022250307
lrb,4214,202.213613492,0.3524540432184844,85.41322533102596
lrb,4215,184.125137139,0.3768552661608051,93.51066682104971
lrb,4216,181.326906546,0.34957736619981006,133.7361936083027
lrb,4217,196.002487685,0.33572462402699166,196.9477633906346
lrb,4218,200.258563115,0.35038767062175047,205.0454225727156
lrb,4219,179.887223359,0.3671140175383871,177.88048158533434
lrb,4220,169.292263511,0.39470126544749057,173.96270895565254
lrb,4221,169.946977353,0.4068817708028268,165.08200480143228
lrb,4222,165.177485966,0.3910084076168001,168.4779778873219
lrb,4223,164.221558632,0.3645996394172171,168.73949504179114
lrb,4224,170.006863322,0.34798683398760144,146.5371536254883
lrb,4225,183.523721224,0.3384317656864925,102.39333442239202
lrb,4226,188.128456049,0.3461440668522732,53.808850277171416
lrb,4227,217.961829358,0.3441646667264348,72.61592856014477
lrb,4228,229.334575154,0.37511154149152054,103.1775930965648
lrb,4229,219.975458665,0.36012778454183686,219.938279245414
lrb,4230,207.871262386,0.36896864752176456,205.83331762575637
lrb,4231,171.443169613,0.373137612755482,149.4122194776348
lrb,4232,165.446846978,0.37774152926654425,143.92703082514743
lrb,4233,166.571917917,0.36355144214484086,170.57073630538645
lrb,4234,137.803576539,0.38758261028596397,132.43416730095356
lrb,4235,143.690156703,0.40598075698124786,144.4501377778895
lrb,4236,158.770029024,0.39996147918032343,158.29463527903837
lrb,4237,162.19531601,0.37547463367012374,161.16824810551662
lrb,4238,160.076944371,0.38630786167400516,161.69094621246938
lrb,4239,159.842657474,0.44049081078033586,157.773020994897
lrb,4240,157.284707191,0.45448203483233746,158.2957186530618
lrb,4241,164.050429016,0.4297227955341339,163.25908203125
lrb,4242,168.259630985,0.40064702165054994,173.44675095502066
lrb,4243,153.282528718,0.35440699748503857,152.8110391953412
lrb,4244,154.987090645,0.38968058083902063,149.6767095229205
lrb,4245,162.276691403,0.396838027836853,158.81952864703013
lrb,4246,162.411569194,0.3981148145265049,159.86465121998503
lrb,4247,160.05171397,0.4178484781084076,164.30560969932407
lrb,4248,160.318732539,0.4289947797519129,154.6408229453891
lrb,4249,155.909475937,0.41670642723173107,155.68593980377796
lrb,4250,159.762550595,0.420288892000962,161.17180127910538
lrb,4251,147.121183983,0.4424300834427784,143.14796579398364
lrb,4252,153.192324422,0.4399576636453302,153.3357681872798
lrb,4253,155.404086984,0.45028744532057075,158.0379513609643
lrb,4254,162.391561684,0.43979160146063745,157.25453919055417
lrb,4255,146.358838284,0.389768260771578,143.67128678864123
lrb,4256,152.630034587,0.3739330914330121,154.9040049235026
lrb,4257,146.908783397,0.3770850179113931,145.2390338374119
lrb,4258,157.687699258,0.3818237939833791,154.9044142180798
lrb,4259,174.32817138,0.4221964452518236,170.8390262379366
lrb,4260,204.034603463,0.3832530839189055,205.84289347330727
lrb,4261,169.259060131,0.38786925217684576,111.01944798488243
lrb,4262,186.390687564,0.390572167294366,118.85632138719747
lrb,4263,184.743923238,0.39146677174351435,114.93821312399471
lrb,4264,181.498324834,0.40552976292559556,157.51766204833984
lrb,4265,166.701668374,0.4913512975482617,77.06099162382239
lrb,4266,188.677215139,0.48437911203355655,147.33004267075484
lrb,4267,211.800200655,0.529996196658891,169.27281368480007
lrb,4268,38.1902763003,0.4856171595889168,38.66105606976677
lrb,4269,41.8502867072,0.5640371716939486,44.14680660472197
lrb,4270,26.0522976069,0.534179390448591,24.032599505256204
lrb,4271,0.00237116006441,0.5410926342010498,66.61216735839844
lrb,4272,1.33625712437,0.47900018095970154,1.0448985380284925
lrb,4273,21.0715271284,0.4846319560555445,18.02452895220588
lrb,4274,34.176680816,0.5013505921644322,22.204154579312195
lrb,4275,55.080035911,0.5127924599430778,8.620443994858684
lrb,4276,139.297686201,0.5159899013546797,67.918867372999
lrb,4277,155.463420967,0.48158873601897323,123.56015891280829
lrb,4278,158.511181906,0.3929189574476835,77.32316397872624
lrb,4279,136.48199752,0.3236304819583893,81.24156850179037
lrb,4280,127.664254923,0.3588639204784976,123.29903971354166
lrb,4281,121.242239563,0.4088718233392102,118.596938309015
lrb,4282,118.877218243,0.4191354158889042,116.24588895311543
lrb,4283,122.067511461,0.41388097899015086,124.60512803021598
lrb,4284,147.377335768,0.4430391672101334,143.15221159691905
lrb,4285,177.51758024,0.46272001760761916,182.07499266979738
lrb,4286,163.601786464,0.48585837610651944,162.74416420132508
lrb,4287,160.68710536,0.49513047382406256,159.60936500698912
lrb,4288,159.37796456,0.49390437009623234,58.25352202770757
lrb,4289,81.5565099744,,0.0
lrb,4290,162.497057024,0.3755157103663997,9.926627005782782
lrb,4291,183.606707144,0.3754858375277618,114.15626442105162
lrb,4292,156.440129527,0.34241549725659554,127.47908268348844
lrb,4293,152.751428526,0.33386029570930703,149.68366875741995
lrb,4294,139.881571319,0.37842066832014015,137.6674186556947
lrb,4295,136.215155789,0.44150752088811135,131.92061181161918
lrb,4296,117.167391529,0.4907418843647857,117.81444869695925
lrb,4297,116.071458283,0.5093817489916456,114.1574389588599
lrb,4298,121.240201975,0.48779939525556665,120.42714936499502
lrb,4299,134.576612246,0.47475259700642347,135.05629529766009
lrb,4300,129.012360482,0.4867857063911399,128.00327435661762
lrb,4301,114.029131454,0.48213683118187417,110.2397341559915
lrb,4302,150.975239276,0.4467187074708267,148.3797982608571
lrb,4303,182.256790079,0.4327458485678283,96.39474747601678
lrb,4304,215.28043129,0.4134558763139504,63.21834671918083
lrb,4305,176.053799745,0.4136450283303119,158.30718599207262
lrb,4306,148.916285992,0.4116499367141232,152.03762969970703
lrb,4307,148.620705098,0.4141375274002123,145.24561659869028
lrb,4308,128.602985204,0.4012286382283042,130.8779785455442
lrb,4309,153.795265888,0.38015659439443333,155.17294643626494
lrb,4310,126.125147505,0.3308893280898879,130.3559180166207
lrb,4311,142.91542884,0.34037871030243966,143.67899980732042
lrb,4312,121.170086449,0.30002125565723703,121.47414443072151
lrb,4313,118.220591252,0.3439733105507715,115.72691126804726
lrb,4314,122.642556764,0.43520141230014225,123.04136998793658
lrb,4315,139.63761377,0.47469574251334273,101.62009417963962
lrb,4316,237.055725448,0.507446825504303,16.457753259995403
lrb,4317,171.799143458,0.467540384470662,20.637476962220436
lrb,4318,180.935332946,0.4513894464639243,69.74942833395565
lrb,4319,188.499676844,0.5216929651553335,39.96886524873621
lrb,4320,164.280457287,0.49176838623869956,82.02773362702013
lrb,4321,170.141171047,0.4734112697821511,170.84778119255515
lrb,4322,121.910953909,0.46659806518462194,121.21330698050706
lrb,4323,111.379919263,0.41732377464502624,111.28654821059284
lrb,4324,131.454749633,0.372571302260569,130.35701895321117
lrb,4325,169.753508698,0.37194403325334,84.64079598819508
lrb,4326,178.667920386,0.38641795778452465,175.02904525457643
lrb,4327,163.536617454,0.44331624021955357,164.05732921525544
lrb,4328,161.190126877,0.45051213501920984,161.7064843271293
lrb,4329,139.688610364,0.47097911406647086,143.68127546123432
lrb,4330,120.19938072,0.46151306964945055,119.6474962421492
lrb,4331,123.466825541,0.45567008708859547,118.86393079570695
lrb,4332,130.989641272,0.487640283956854,129.83617033116957
lrb,4333,149.711039439,0.4884011453996271,154.1316797593061
lrb,4334,133.439591614,0.49669022977352134,130.62025272144987
lrb,4335,129.38982942,0.5048176770357742,126.70179972929114
lrb,4336,145.79564692,0.457488965807539,146.55626068115234
lrb,4337,156.236927968,0.3825620191437859,155.43866460463582
lrb,4338,140.282412353,0.3787184160319157,133.75586320465686
lrb,4339,125.87802459,0.3629283106472139,128.79250518200445
lrb,4340,159.316211343,0.3343820723832823,159.88062223546646
lrb,4341,148.670738898,0.3754456651866983,142.3775708067651
lrb,4342,143.650941492,0.37437755685278823,140.28786854463465
lrb,4343,144.90007027,0.37477700963412247,152.56659857058057
lrb,4344,148.938280093,0.3526104157161051,150.7381484087776
lrb,4345,138.318912526,0.30714557802311765,136.3699363858092
lrb,4346,128.770409072,0.3269945009623045,126.96529262767118
lrb,4347,128.973643305,0.3473372201972861,128.5329268511604
lrb,4348,108.474155475,0.3161102208028357,108.41713415407668
lrb,4349,115.63294765,0.31389278403737336,114.9484260409486
lrb,4350,129.889279955,0.32256662772412886,74.45531867532169
lrb,4351,149.285325314,0.3364626497997295,88.56279745662913
lrb,4352,148.125804028,0.34848193468162847,83.07675093108531
lrb,4353,129.323123704,0.34145613058034735,116.77791739071115
lrb,4354,131.278193334,0.34982000919073586,132.7142552992877
lrb,4355,127.900367908,0.4043261111996568,128.2731756771312
lrb,4356,123.325443153,0.4209431009956553,123.83208259133731
lrb,4357,109.908136617,0.41593361743118445,108.15719936595242
lrb,4358,123.831656329,0.4445616186975123,118.86852802949792
lrb,4359,136.979897783,0.4261162912382663,134.54367648853977
lrb,4360,144.638065221,0.4295393267143382,143.16514126646751
lrb,4361,145.874945443,0.42208179980516436,146.30035594865387
lrb,4362,145.416879098,0.39564841044576543,143.9493194280886
lrb,4363,199.649763858,0.400931500207266,201.6861853506051
lrb,4364,161.900889913,0.4140785528150829,158.84113999909044
lrb,4365,112.651079389,0.44427453209372125,111.0321818333046
lrb,4366,176.443357826,0.42469776916169677,111.81598992441215
lrb,4367,228.252271095,0.35865872834601203,197.76836233700027
lrb,4368,135.980655614,0.3172691759293672,98.75374028822955
lrb,4369,129.759378286,0.3767652285851513,78.6372060139974
lrb,4370,113.600551854,0.35289564405091745,115.47384087057675
lrb,4371,121.84668277,0.33595914090833356,121.48250705494601
lrb,4372,147.99294727,0.36574272559075854,146.562598733341
lrb,4373,152.249599124,0.384349069342149,147.60741544237325
lrb,4374,155.027595259,0.41602207264828917,157.27352965111825
lrb,4375,143.428713696,0.42161777717024623,145.7782615212833
lrb,4376,122.866160097,0.42433500830002746,119.65301708146637
lrb,4377,151.92502308,0.4453878513174168,135.3280039768593
lrb,4378,184.314934409,0.396783178331844,157.27297853956034
lrb,4379,178.800115388,0.3930379440549944,63.745223939185045
lrb,4380,148.247724256,0.34985283072968093,139.5078313191732
lrb,4381,132.178692068,0.38306583816141593,132.71534624286727
lrb,4382,127.721320932,0.3973036227747797,125.40040498621325
lrb,4383,124.054184755,0.3759813434395759,125.13926891252106
lrb,4384,115.850563139,0.4035025487799163,113.90558609307982
lrb,4385,126.975780812,0.4168384926323825,132.45454945283777
lrb,4386,138.775314403,0.44298892568591886,137.67967867383769
lrb,4387,144.451562267,0.4199586743301622,142.9048298854454
lrb,4388,164.568795026,0.4115409875589033,161.97632972866884
lrb,4389,168.162563154,0.4237590713892132,167.20158775179996
lrb,4390,162.821729061,0.420373471530657,164.58930592256434
lrb,4391,159.6021396,0.4027183386733977,154.13943523332182
lrb,4392,156.893963244,0.3538013068252596,151.52713207170075
lrb,4393,178.201545511,0.32129284202597524,171.12148928174787
lrb,4394,150.849600358,0.3528813615200982,129.58225328034047
lrb,4395,139.973990407,0.3586976839222382,137.4200034347235
lrb,4396,168.625791641,0.37735624224115905,92.4842114616843
lrb,4397,174.651654336,0.40685221127101356,38.404489764045266
lrb,4398,177.112165524,0.3981565456641347,49.63844359154795
lrb,4399,184.938782774,0.30527112609337237,65.8361909754136
lrb,4400,170.585962513,0.409851630806257,93.5294573316387
lrb,4401,138.407291581,0.44688422505312886,140.03302839690565
lrb,4402,117.698183787,0.45453296400226667,117.82650882496552
lrb,4403,121.855125418,0.43823824527421235,122.5293333165786
lrb,4404,119.082206444,0.443009278457825,114.16931538301355
lrb,4405,114.390167498,0.46460623854169997,115.7370418772978
lrb,4406,129.24756618,0.46829236818262304,131.15146349738626
lrb,4407,168.062111333,0.44325480326078825,167.20533710554534
lrb,4408,173.75388716,0.40506599546400074,169.03443403057028
lrb,4409,187.899674102,0.35450213723021273,185.23279771991804
lrb,4410,146.648273757,0.3423771203412273,128.53976548138786
lrb,4411,220.394505099,0.40595899068215896,176.61171177882773
lrb,4412,156.691150395,0.41601114840193476,150.74721619849112
lrb,4413,90.619352876,0.3559277842642595,90.65747148102406
lrb,4414,134.92415581,0.39378479466988486,135.85569939706838
lrb,4415,141.658878247,0.3380842471167389,139.51351282456343
lrb,4416,119.691894613,0.33496803676845227,118.35144910625384
lrb,4417,130.992211384,0.3572305575074991,125.9280227062749
lrb,4418,137.84730836,0.3492475766583351,138.72974440630747
lrb,4419,145.564545541,0.31641633560260135,144.2161616306679
lrb,4420,156.419701211,0.3520536281534057,154.4051097795075
lrb,4421,128.634998095,0.40086350067061666,126.18878514906939
lrb,4422,123.38653327,0.418968355814779,127.2337085798675
lrb,4423,124.442678997,0.4158721692556998,122.0084649179496
lrb,4424,132.195816638,0.3991983282187628,131.67501552806183
lrb,4425,134.244861408,0.42389065674373094,137.16142048555264
lrb,4426,121.671188048,0.4455865009696083,118.0893207924039
lrb,4427,143.654497566,0.39140306290771276,146.30513913023705
lrb,4428,135.152342492,0.41061885714057894,131.6744998707491
lrb,4429,116.023716757,0.44219405629348335,121.74664525050743
lrb,4430,125.183714273,0.4485730097298915,123.05292475083296
lrb,4431,149.956195774,0.44266938469890094,150.48506816789214
lrb,4432,175.348541265,0.37361878581119307,172.4307164210899
lrb,4433,164.496704365,0.36043243961161875,108.42239942363665
lrb,4434,148.375293899,0.45163183007083957,79.68403505811504
lrb,4435,123.047223358,0.42827366558208424,115.73781582701442
lrb,4436,116.507438068,0.4315511713065713,115.47669447356579
lrb,4437,105.95979996,0.44704696975648406,104.50395097919538
lrb,4438,122.519386544,0.42515216197105166,122.79233700621361
lrb,4439,135.220902172,0.37708402026267285,137.16182259952322
lrb,4440,126.178064933,0.3677481422990056,123.31513037588083
lrb,4441,156.589603155,0.3863067786681325,152.5764462639304
lrb,4442,158.801728727,0.4109960097429444,127.23412864535463
lrb,4443,142.42114299,0.40070071741938584,114.95483589920343
lrb,4444,132.572556347,0.3851659356957616,131.93681574802773
lrb,4445,138.90369875,0.3774468686220781,138.468458108341
lrb,4446,139.60252562,0.34592968793962736,135.59472521613628
lrb,4447,183.195126382,0.35609056857916027,183.4056837194106
lrb,4448,173.546714669,0.3575032714045852,170.3427359786688
lrb,4449,182.828484209,0.316559781576251,190.19879216212854
lrb,4450,148.537122958,0.30312420892953446,143.95547497319242
lrb,4451,172.383716398,0.32860556235358973,164.07267677456727
lrb,4452,175.773137489,0.3399734457691868,174.00067614387066
lrb,4453,159.395089047,0.3614423677160594,94.57706759583716
lrb,4454,150.035672289,0.3022692615186775,118.87471487007889
lrb,4455,147.106644641,0.33120161791642505,148.92020326502183
lrb,4456,163.27955112,0.38710690753639876,138.46989874746285
lrb,4457,156.277637608,0.43037939350085275,75.5054281795726
lrb,4458,178.087172198,0.3604170078622926,101.3708199893727
lrb,4459,173.008364798,0.3268739857746445,171.1287119248334
lrb,4460,132.175740729,0.3279196466853025,132.20040803797104
lrb,4461,140.439151414,0.33478732165713543,120.96617754767924
lrb,4462,117.948526842,0.43700071029803333,71.06449441348805
lrb,4463,233.556247804,0.3856208843530202,63.749092491000305
lrb,4464,293.65172313,0.3342220009487366,139.77768318325866
lrb,4465,228.487642753,0.3025700330482756,61.920419042250685
lrb,4466,360.214117502,0.26802290182356425,200.1314509073893
lrb,4467,169.360222098,0.26700802998883383,1.828878724341299
lrb,4468,157.347287567,,0.0
lrb,4469,130.106597762,0.3597588539123535,8.621850496179919
lrb,4470,144.217479031,0.3597588539123535,25.604283291685814
lrb,4471,139.339141963,0.36021034454190454,22.469064929438574
lrb,4472,225.248247017,0.3593072635591577,56.956464670218665
lrb,4473,277.967885652,0.26933581233024595,111.03897603352866
lrb,4474,239.347070951,0.25595924258232117,5.48664155847886
lrb,4475,209.319727894,0.3051762535021855,20.378900056726795
lrb,4476,316.681796609,0.27906409604565674,268.06151284610524
lrb,4477,244.237643076,0.39986033086291334,87.26386587105546
lrb,4478,246.372784151,0.43477090675968766,31.613596777822455
lrb,4479,190.631660481,0.3537483215332031,8.360640701593137
lrb,4480,206.710614131,0.3254105846087138,37.62290828929228
lrb,4481,194.89450994,0.34657397866249084,6.793032238530178
lrb,4482,250.947512027,0.30001571774482727,3.3965277877508426
lrb,4483,347.105417714,0.3505819775956743,49.11909128824869
lrb,4484,288.166161988,0.5178811450287238,50.686831066655174
lrb,4485,344.042240006,0.5884711683810546,138.21333977194396
lrb,4486,454.090252599,0.581792840907436,266.7599609375
lrb,4487,259.19089793,0.5490463581220257,119.9244545431698
lrb,4488,193.669240803,0.3290839357809587,2.8740055757410388
lrb,4489,189.026848093,0.3569928505559908,35.79454776539522
lrb,4490,185.88332514,0.3436780429222215,37.10095053280101
lrb,4491,178.912546197,0.3172337065390007,51.99366751278148
lrb,4492,181.765295922,0.3059082444085449,63.75114219515932
lrb,4493,173.449167593,0.3133402168750763,37.36239181219363
lrb,4494,183.293986081,0.31058614938817125,12.279979271982231
lrb,4495,177.418542451,0.3079887213451522,29.26298023298675
lrb,4496,169.354458237,0.3162218255656106,54.868172589470355
lrb,4497,186.163284373,0.3408131758974057,77.5994384765625
lrb,4498,195.781724436,0.373966691341806,122.80060323079428
lrb,4499,183.720312619,0.4398321894417822,59.048925212785306
lrb,4500,167.255281035,0.3373416312834592,53.82345431458717
lrb,4501,159.138639826,0.3185869739194151,74.20328057981004
lrb,4502,160.806795921,0.3675937996561832,59.31047716327741
lrb,4503,159.851038557,0.23651415145113355,32.921296512379364
lrb,4504,152.044283788,0.39257169392082714,47.55311075846354
lrb,4505,174.913287522,0.48383504703436814,76.29404350729548
lrb,4506,187.509321162,0.47500670346779017,91.70975781609032
lrb,4507,220.943721627,0.4306299537420272,71.59114550422218
lrb,4508,207.510496569,0.47196768289027,18.028447588752297
lrb,4509,204.081757631,0.36084768705462156,19.857464689366957
lrb,4510,208.303806847,0.2622086571322547,63.49169033274931
lrb,4511,185.650476248,0.3988145589828491,0.2612827076631434
lrb,4512,152.470214951,0.42511194944381714,8.361061006433824
lrb,4513,195.338548232,0.3952917721536424,16.460863988539753
lrb,4514,170.989375513,0.4358964759324278,29.26383942248774
lrb,4515,248.618619796,0.4616573569457186,92.23349166570925
lrb,4516,233.433133653,0.49231118037680954,126.46197458902994
lrb,4517,241.256981508,0.5373211785780717,84.13393144794539
lrb,4518,268.691953166,0.5147834700950679,72.11492282643039
lrb,4519,212.077935762,0.4076103484126883,55.65398783964269
lrb,4520,148.017971931,0.35073164105415344,5.748309745040594
lrb,4521,219.795037977,0.38381888957127275,60.095965516333486
lrb,4522,148.005606951,0.43763038516044617,2.3515812593347887
lrb,4523,230.999734665,0.4609937703507578,30.570581503475417
lrb,4524,188.187097057,0.3911890387535095,38.93180105171952
lrb,4525,187.591096461,0.4075380760210532,35.27377947639017
lrb,4526,166.74409892,0.4857827392253247,23.77714023964078
lrb,4527,171.687018751,0.5248409877313632,27.95773632573146
lrb,4528,184.201138341,0.41689328284800664,76.5571658265357
lrb,4529,162.402544769,0.3953613427887976,59.0508523978439
lrb,4530,157.068067956,0.3679916623214567,115.7500213323855
lrb,4531,176.470137889,0.32858772919141394,153.11376435522942
lrb,4532,170.572369646,0.2984678970850431,169.8358635995902
lrb,4533,181.648736533,0.29866079703249315,112.87533686020794
lrb,4534,170.68826043,0.3462629136355484,71.06953292547487
lrb,4535,190.365498402,0.3436036040782929,97.98170381433825
lrb,4536,190.814409728,0.3475389121004114,166.9607199276195
lrb,4537,195.216862109,0.4019074320793152,94.06223593319163
lrb,4538,206.362657964,0.347381021260031,157.81530366785387
lrb,4539,213.162478246,0.39757929062991404,210.33309442856734
lrb,4540,217.578907206,0.4487394615384697,218.69383903952206
lrb,4541,195.747206937,0.4114772791583691,194.39427930046529
lrb,4542,168.741420852,0.40098679079396066,170.61734915340648
lrb,4543,131.976030222,0.4262855799487286,131.42479265998392
lrb,4544,130.272185354,0.39666553029442225,128.5504970774931
lrb,4545,133.950947512,0.3431137295248892,135.0823174869313
lrb,4546,141.807513168,0.342715922812844,69.76199310901117
lrb,4547,175.569344174,0.35955679416656494,24.299080343807443
lrb,4548,243.839155157,0.3455316126346588,25.866695628446692
lrb,4549,385.174549215,0.37718212653580024,126.9816140567555
lrb,4550,277.759429375,0.5103615156267093,88.05105201870788
lrb,4551,152.048159935,0.41291628674019215,11.235022301767387
lrb,4552,211.737633271,0.5322982588288736,25.60535191554649
lrb,4553,207.044865031,0.35925673120900203,24.82157793232039
lrb,4554,176.594835709,0.3244026285315317,164.60624560187844
lrb,4555,153.477918194,0.36716582660609626,152.32594224518422
lrb,4556,141.328083766,0.41050538745203374,143.96486065434476
lrb,4557,145.197452773,0.4301506947174533,86.48337569891237
lrb,4558,171.316130829,0.3989909812065453,78.6448455511355
lrb,4559,155.2294119,0.42708948085892867,69.2386797138289
lrb,4560,123.341790782,0.41662725178485216,122.80053785735485
lrb,4561,118.87007396,0.44462619568886497,117.05235176834404
lrb,4562,115.351844268,0.3792526168970887,113.91695012111288
lrb,4563,161.774283453,0.3367088841815148,161.99180573108148
lrb,4564,297.765888413,0.29574735665638185,157.28876160266353
lrb,4565,455.293288499,0.3213464983558784,383.5543766994103
lrb,4566,199.899650933,0.33794751567853343,195.1741257611443
lrb,4567,134.9360407,0.3263866406520695,127.76462213852825
lrb,4568,110.357663018,0.3381305656406317,116.26832655364392
lrb,4569,116.286342631,0.3775086753428392,114.17798279406978
lrb,4570,390.319594091,0.3631759914289037,303.60319019392426
lrb,4571,239.377763459,0.37316410393076754,140.56660751641962
lrb,4572,217.203796891,0.39668856965352417,190.73169962565103
lrb,4573,207.692099058,0.39738625373159137,192.03826994054458
lrb,4574,191.229880359,0.4116828067707446,98.5014067406748
lrb,4575,174.348515002,0.42441594493603285,43.63330281575521
lrb,4576,189.565734007,0.32590728998184204,0.5225563797296262
lrb,4577,196.779267899,0.4073956616413899,10.18986645866843
lrb,4578,201.348365512,0.4796517761559946,89.61858786788642
lrb,4579,219.450901095,0.5514861142160881,105.0341998829561
lrb,4580,247.327386867,0.48209101924007675,183.6793416341146
lrb,4581,244.979021357,0.38985562625895726,139.52333742029526
lrb,4582,201.99407211,0.3673283011087328,106.3408224068436
lrb,4583,217.218431471,0.3815089103130722,154.41631945441753
lrb,4584,214.061623958,0.3709668202658571,137.4333780326095
lrb,4585,219.815160596,0.3668259556189236,137.43349791882082
lrb,4586,202.740137448,0.33876171083429496,59.833332226323144
lrb,4587,174.303162952,0.32278116453777655,31.615059527228855
lrb,4588,174.813482059,0.3676364620526631,32.13766039680032
lrb,4589,179.276639698,0.3792084512621046,132.20875746783085
lrb,4590,181.159090332,0.3721177596483171,84.13298968146829
lrb,4591,181.027274924,0.3582450058830687,65.58196456011603
lrb,4592,188.528618394,0.3960381993541011,105.81969092873965
lrb,4593,176.313137178,0.37047658079574186,129.59658831428078
lrb,4594,184.145910031,0.36239190311734304,177.15032716638902
lrb,4595,189.143192256,0.35422396471798007,190.4760035496132
lrb,4596,183.746191483,0.3562882316112519,163.30264521580116
lrb,4597,176.200806175,0.3517326111905277,66.88886192172181
lrb,4598,154.966572631,0.330194579273024,142.13900885488474
lrb,4599,166.629803719,0.32863906826545947,87.53058369954427
lrb,4600,168.183932581,0.3530366814695299,83.6114611158184
lrb,4601,175.49369212,0.35572198868340943,114.70458350088082
lrb,4602,184.31981855,0.32942865427257945,53.825001735313265
lrb,4603,186.246234407,0.31892495495932444,21.94810551662071
lrb,4604,182.846446569,0.353924783733156,23.515837276683136
lrb,4605,180.352804356,0.3768888120371175,86.74751015457453
lrb,4606,168.002986741,0.4248387131400888,68.71877839331533
lrb,4607,177.41875849,0.45505916452513334,59.05114814907897
lrb,4608,174.200671819,0.5068408866478092,63.493121248133036
lrb,4609,189.882562652,0.46050671310223124,86.48652717739928
lrb,4610,171.743799752,0.3694973839108649,107.91219566195618
lrb,4611,156.693722098,0.36609975587237964,83.35120218314376
lrb,4612,149.633415028,0.33950370586499945,85.70283439486633
lrb,4613,184.041527889,0.3690250109963947,117.58024842505361
lrb,4614,162.391869604,0.37247971168150273,76.55789519665288
lrb,4615,167.997575923,0.3500006656314051,11.235459181841684
lrb,4616,168.004386088,,0.0
lrb,4617,193.198795255,0.24338965346010366,51.2130937464097
lrb,4618,185.632706084,0.3001242624251846,176.89425264246327
lrb,4619,183.850366455,0.38882536788934546,169.57828243480012
lrb,4620,183.283910988,0.3263920799869558,96.15553292667164
lrb,4621,172.356918338,0.30071789630361506,58.00692440855737
lrb,4622,166.512498311,0.28766618736947186,97.46217735140931
lrb,4623,142.510888206,0.31036321112984105,99.2912042655197
lrb,4624,137.124828847,0.2940987319426429,34.75197182449641
lrb,4625,143.671005688,0.28966682159948925,129.07873774509804
lrb,4626,154.529233358,0.2955477564833885,56.177995719161686
lrb,4627,148.080536388,0.284222968932121,40.50041527841605
lrb,4628,162.703770312,0.25431587833624614,20.380879121668197
lrb,4629,181.803497248,0.2224471853537993,22.99383664598652
lrb,4630,175.601842783,0.22335326044183026,9.929156733494178
lrb,4631,196.56462321,0.31012248828426586,80.47827791700176
lrb,4632,206.027278271,0.45765044064248717,59.31343946269914
lrb,4633,215.482924334,0.4668354625013512,37.10348014083563
lrb,4634,306.243455684,0.37572863968935877,106.34562063778148
lrb,4635,257.610354376,0.4164223646509673,117.8422647812787
lrb,4636,212.168930492,0.4320695378472296,139.52932891845705
lrb,4637,190.222097381,0.43583359322973486,128.8162504308364
lrb,4638,177.830987341,0.44787962414393917,83.87419604133157
lrb,4639,165.787934098,0.42501523606797575,122.28358315860524
lrb,4640,176.874270334,0.4303107347822403,175.32513385847503
lrb,4641,179.401491585,0.4485750597059016,175.58614726347082
lrb,4642,188.851750673,0.4340904536598747,187.86643060422412
lrb,4643,191.509364552,0.3832021189928055,195.96616004495058
lrb,4644,196.501679832,0.39543634617565476,197.27255323821421
lrb,4645,198.875987173,0.40635792936784687,166.44058350207757
lrb,4646,199.409311494,0.45769007316855503,112.35392327402154
lrb,4647,201.552087743,0.46650318343874436,92.75729699228324
lrb,4648,192.659524465,0.4444013776844495,57.22210549747243
lrb,4649,168.331624811,0.39384346221174504,36.580341413909316
lrb,4650,186.337976199,0.3769711254621452,110.78621769325407
lrb,4651,151.817890709,0.39882772449742665,45.98678582883349
lrb,4652,132.785101102,0.31213010009378195,33.44499846813725
lrb,4653,334.036071404,0.43882973930559876,316.160672715131
lrb,4654,157.270641444,0.47832827343398315,153.8996071609796
lrb,4655,156.040487327,0.4899407345410828,149.45783915800206
lrb,4656,156.635364739,0.4986585564631269,69.50322660558363
lrb,4657,168.113481583,0.41291461210984454,84.91950719496782
lrb,4658,187.570096231,0.3971888098662072,148.15195025275736
lrb,4659,228.883398815,0.424917253460123,111.31016432818247
lrb,4660,213.105496719,0.4313499767677254,132.99753935570808
lrb,4661,166.25379664,0.420188679739281,63.49408183378332
lrb,4662,149.420113549,0.4232167260669103,139.79162044151155
lrb,4663,154.984766194,0.4460229543318231,86.74931036257276
lrb,4664,143.853245096,0.3477916731720879,54.87165563246783
lrb,4665,179.105636818,0.3182798711502034,48.07808715221928
lrb,4666,182.051987171,0.3172904700040817,50.16848395852482
lrb,4667,173.484398598,0.3689647678769531,114.70829027961281
lrb,4668,179.333863854,0.39679304467861193,68.72057713527305
lrb,4669,177.139251493,0.4340004316965739,117.58296876795153
lrb,4670,238.47187284,0.5150690653083227,175.85218386182598
lrb,4671,286.245197652,0.5632357213865308,177.68151660993988
lrb,4672,198.663496692,0.3204219421448066,44.68172068876379
lrb,4673,178.727995231,0.40548207029087896,114.4481569477156
lrb,4674,291.073673277,0.43826175851152266,277.23645264868645
lrb,4675,334.807097249,0.4768668691222177,163.8332763073491
lrb,4676,214.497021484,0.2973858085663422,132.21652275534237
lrb,4677,249.332578747,0.31069847842367015,251.63009481991037
lrb,4678,212.065819333,0.3175462724107412,152.3370412489947
lrb,4679,165.241018992,0.31025500118933147,155.2116044885972
lrb,4680,158.821099801,0.2927317224144936,130.64970891615923
lrb,4681,142.95831415,0.3054355966746128,114.71060548670152
lrb,4682,142.161717105,0.32179936681067545,54.61168769387638
lrb,4683,159.389386533,0.35729461908340454,29.265593405330883
lrb,4684,164.139189122,0.34699683950608035,21.687901605344287
lrb,4685,173.442203544,0.3000482160237527,81.003182145661
lrb,4686,175.419262455,0.3620803424876607,174.54866330015895
lrb,4687,186.835110958,0.3883090832054952,185.00064024083753
lrb,4688,191.233197026,0.41755556227707197,193.62344091078813
lrb,4689,177.07708731,0.42419644264870043,171.67416812672334
lrb,4690,170.896466177,0.41696481828234705,158.87035836612475
lrb,4691,190.127671728,0.4081768016770201,96.94227905273438
lrb,4692,201.399120093,0.3979852466303625,84.66106603285846
lrb,4693,204.443008408,0.3551195878391118,33.70763136919807
lrb,4694,177.331542808,0.3357543117905918,59.57618551815257
lrb,4695,168.727943694,0.32192861058252276,58.269653948615584
lrb,4696,163.235012642,0.3335817899814872,78.65087702134076
lrb,4697,169.204521697,0.3460134001829291,24.3007693122415
lrb,4698,163.458133029,0.3652627766132355,0.7838957842658548
lrb,4699,188.609334409,0.3689938982327779,5.487269592285156
lrb,4700,191.568518015,0.4370868677894274,6.27114652745864
lrb,4701,181.224826138,0.38553792238235474,26.391203397863052
lrb,4702,172.706909933,0.387006995907749,65.06352377498851
lrb,4703,170.259248078,0.3844449745191561,112.09756747975068
lrb,4704,159.246763526,0.38296041507241635,150.77011898265164
lrb,4705,163.041932021,0.35491836845405456,99.55549851959826
lrb,4706,168.619550791,0.3405079290235908,111.5754715863396
lrb,4707,194.231732973,0.3370034410298325,102.69136119169347
lrb,4708,202.382709548,0.3088873909593385,123.595686489928
lrb,4709,193.344964887,0.2989496174785826,70.551576053395
lrb,4710,212.423581891,0.3319899490080684,86.75248885809206
lrb,4711,311.654763881,0.3782446833312018,126.47076161702475
lrb,4712,284.97319015,0.4614106431871117,87.27533006855086
lrb,4713,246.689976605,0.45392245588743163,96.15958898207722
lrb,4714,248.58378231,0.42244219223819446,128.82251060336242
lrb,4715,153.373757477,0.4651553237980062,74.73282422832413
lrb,4716,167.860324203,0.37679284895101683,83.35584561217064
lrb,4717,137.558326259,0.40880795319875085,36.05993688246783
lrb,4718,138.462430748,0.4191859074329075,29.788677170697376
lrb,4719,126.248195366,0.38920776602588125,20.643061798694088
lrb,4720,141.370881059,0.3185793459415436,42.33139989516314
lrb,4721,146.844480759,0.3185793459415436,11.497417255476408
lrb,4722,160.979957285,0.45319321751594543,9.92962173761106
lrb,4723,145.261900797,0.45089909860066013,21.94969207165288
lrb,4724,162.485658049,0.405236810796401,44.42207336425781
lrb,4725,155.314535829,0.3504333053289527,82.83427249684054
lrb,4726,153.182820413,0.3527130954371298,53.04530154957491
lrb,4727,142.417623785,0.4298127587636312,58.79421503403607
lrb,4728,148.893801051,0.4030341588402137,145.54832997041592
lrb,4729,160.932727726,0.36689310380584234,160.9656223970301
lrb,4730,153.926204888,0.3776400925846874,154.4330592435949
lrb,4731,150.836720946,0.3548948012330724,152.3427209293141
lrb,4732,140.787675335,0.34871265193010215,141.36791142482383
lrb,4733,157.143795653,0.35575658715132513,155.2174442066866
lrb,4734,152.674300092,0.3672370399673918,151.0366901771695
lrb,4735,165.275834396,0.39030590909263096,112.62436394784964
lrb,4736,159.337414508,0.4394367081190341,94.59418448653877
lrb,4737,142.188102106,0.39656705059458286,145.8109993429745
lrb,4738,140.627919674,0.42919038871631904,142.15282093122892
lrb,4739,137.057430364,0.42328819094829967,136.1428216971603
lrb,4740,139.274196169,0.4292157054173224,137.97215010699105
lrb,4741,131.466864206,0.39218870023401775,128.5651336071538
lrb,4742,145.916941953,0.33836015278005355,146.59581457399855
lrb,4743,155.9180831,0.342202888035671,120.72614405014936
lrb,4744,167.543766674,0.33586134044896987,82.31339219037224
lrb,4745,192.391828149,0.31655956694743775,38.93559618183211
lrb,4746,202.616916322,0.2564310436708885,44.6846061257755
lrb,4747,190.395122324,0.27410953308080693,80.48468424479167
lrb,4748,167.203221994,0.32019604353633657,101.12851921530331
lrb,4749,168.509599691,0.26397705078125,40.503670486749385
lrb,4750,182.954206562,0.38893205324808755,15.678786333869486
lrb,4751,195.607828181,0.36603375953786516,111.05823412128522
lrb,4752,179.569760034,0.38573276451922595,100.083097151214
lrb,4753,167.9648701,0.3754355306808765,135.88283508899167
lrb,4754,168.387908217,0.38622942237260705,170.1146921494428
lrb,4755,189.669996943,0.4088256589244961,193.89400030397903
lrb,4756,158.905307087,0.4478374758122752,155.74223438337737
lrb,4757,149.150496908,0.44317062437746446,146.85752955418008
lrb,4758,148.086295415,0.41083504350605643,149.73192075841567
lrb,4759,156.359924322,0.4177403694887955,156.78729696834787
lrb,4760,143.591393073,0.398902095836915,112.10291074865006
lrb,4761,165.589229174,0.3887795960328665,108.44453355377794
lrb,4762,171.436261067,0.3872553563356767,169.59145424038755
lrb,4763,181.116624545,0.3625240550620323,165.67182138480393
lrb,4764,179.837180556,0.3719249282032252,62.71496671788833
lrb,4765,163.799887576,0.4098164856433868,9.145946128695618
lrb,4766,154.029501724,0.39210572838783264,27.960502295400584
lrb,4767,129.538171493,0.3598272882069752,41.026223096660544
lrb,4768,118.185994275,0.326692008861789,84.66567867503447
lrb,4769,106.081893792,0.318746743266454,87.27890936159619
lrb,4770,151.534903669,0.3416496616143447,33.97091543160233
lrb,4771,143.315232153,0.33722320625811447,105.83254259894876
lrb,4772,150.212568926,0.38263271306152946,149.47223771039177
lrb,4773,151.22414469,0.420669535308711,149.21112428552965
lrb,4774,152.698007282,0.4212645134505104,155.4829110538258
lrb,4775,159.756104341,0.40974188689759233,157.83500213623046
lrb,4776,176.963214942,0.3885333860662325,180.56977628820084
lrb,4777,154.101212606,0.40035305815200284,152.60915904325597
lrb,4778,148.102420379,0.42208547832673055,148.95098003312654
lrb,4779,136.609097165,0.4175166135161345,131.44291289086436
lrb,4780,142.434750945,0.4055851833939774,140.85055170994178
lrb,4781,145.121130305,0.36938720660287533,143.98657806994868
lrb,4782,151.048741403,0.3746649071022316,148.16789434096395
lrb,4783,160.612339839,0.37912028408479764,159.66613227993838
lrb,4784,154.557242066,0.3801386376855357,155.7465712304209
lrb,4785,147.16118183,0.39686594455867674,137.45437508377373
lrb,4786,175.667696434,0.3902899836984004,177.1753234863281
lrb,4787,173.829893332,0.394878502434759,105.05102000517003
lrb,4788,169.925872934,0.4095031837425609,52.78692507276348
lrb,4789,176.722711158,0.42698208155570094,40.24355151606541
lrb,4790,169.899275704,0.387338285455267,34.23319902607039
lrb,4791,160.108482147,0.43701923651562335,149.99920199525124
lrb,4792,162.090218888,0.45543610895833664,162.020306336646
lrb,4793,149.327606086,0.4224161416186882,147.90904253791362
lrb,4794,144.624429865,0.4237896382917453,143.2053748635685
lrb,4795,142.704984269,0.4039278294390298,141.8989128561581
lrb,4796,136.017631999,0.36999653405385,136.41124806123622
lrb,4797,142.429421321,0.36277193132411223,139.54729847627527
lrb,4798,152.797250447,0.3665962365409118,150.784389630486
lrb,4799,157.628342318,0.3580248324210162,151.3071776446174
lrb,4800,162.995028923,0.4147251914847981,28.745744144215305
lrb,4801,197.812560915,0.42820260922114056,9.40771604051777
lrb,4802,196.734563723,0.5341210961341858,6.533144782571232
lrb,4803,173.642508667,0.41823698209334853,121.77810710832185
lrb,4804,140.499642905,0.41841862268537,139.80968639897367
lrb,4805,140.83912792,0.38104785947808695,138.24175660376454
lrb,4806,136.302276125,0.3447258158396649,121.51689237706802
lrb,4807,159.565390856,0.3792722803354264,104.53080779430911
lrb,4808,143.605738441,0.41740136332468153,142.42324170879292
lrb,4809,143.917046555,0.38889392689007646,141.90070316090302
lrb,4810,146.747553614,0.3787994502490102,146.86594672109567
lrb,4811,123.087508001,0.3469181321879738,122.30112026438995
lrb,4812,125.312443331,0.3333305928942042,124.6529929665958
lrb,4813,128.073962202,0.367178748831276,126.48215164483761
lrb,4814,141.606162207,0.38554683581671934,137.98035628374885
lrb,4815,160.218906424,0.44670107529477676,162.54483175838698
lrb,4816,148.701228829,0.5153032957009397,145.5584108539656
lrb,4817,173.828430133,0.518513121759243,139.28640800924862
lrb,4818,269.692945267,0.537729502485964,81.79483220717486
lrb,4819,336.557555932,0.5149994237082345,51.219767132927394
lrb,4820,237.806822181,0.5004414984158108,73.17109859690947
lrb,4821,180.309546313,0.4420098830306012,150.26212759578928
lrb,4822,172.280208552,0.3699903775394233,173.25886320226337
lrb,4823,128.02421846,0.44755886507635356,124.39111328124999
lrb,4824,141.088396437,0.4600919491242736,139.28690918567136
lrb,4825,123.737742947,0.44447911848646293,119.42630510517193
lrb,4826,119.514386294,0.4419274353015143,122.56243082682292
lrb,4827,132.73475254,0.4350805227709289,131.97043998568665
lrb,4828,137.024884583,0.45073659617158385,135.10660071279491
lrb,4829,121.19667781,0.4184170586361917,117.33649109485104
lrb,4830,131.044977197,0.3915041003405578,132.75510753556796
lrb,4831,112.060640176,0.40793644631707365,113.15562705245672
lrb,4832,121.617591413,0.42719330329561855,119.68904080858417
lrb,4833,117.689980886,0.4053796955142252,118.64387159160538
lrb,4834,118.283256256,0.37472099019421473,117.59864941765281
lrb,4835,145.732352294,0.37205163455184775,142.16374347163182
lrb,4836,143.044020287,0.39554078959147715,142.16379732618145
lrb,4837,112.128906202,0.4196330649224488,116.03077688778147
lrb,4838,104.20224918,0.4113303478898071,107.14554760502834
lrb,4839,133.091621929,0.41034687255868824,131.97197424196727
lrb,4840,109.931450804,0.39975664054812,110.54301344927619
lrb,4841,122.008352092,0.42676077830766057,122.56441028071383
lrb,4842,133.829731482,0.4413857194093558,135.89253279742073
lrb,4843,148.654899958,0.4018221211951712,150.26602038215188
lrb,4844,126.112961354,0.38467807226101214,124.91698760986327
lrb,4845,129.352563285,0.45736982933024767,126.74641822366154
lrb,4846,113.194005536,0.4795655343734043,111.32787125531364
lrb,4847,99.0203126146,0.44536802439185663,96.43196707332835
lrb,4848,104.348859999,0.41508666038805364,106.62403366986445
lrb,4849,105.494771327,0.39244498132760797,104.01078832289751
lrb,4850,125.757562135,0.3728042792663899,122.56557033763212
lrb,4851,134.750522961,0.3274213339730503,137.72309752819584
lrb,4852,155.616466011,0.3140958856889292,158.89134033801508
lrb,4853,122.123189468,0.3959937469191747,114.46463685877184
lrb,4854,125.912470354,0.44697402805993053,86.24060686896829
lrb,4855,149.998376952,0.38317353255260067,84.15008888992608
lrb,4856,170.790639974,0.38490257407194817,155.75634376675475
lrb,4857,160.506077911,0.42747282442638296,161.76731543447454
lrb,4858,148.692133695,0.4875789434249912,146.34866258209829
lrb,4859,150.831257972,0.4824144473169286,153.40491204355277
lrb,4860,126.311425706,0.48684672542450225,83.88930942311008
lrb,4861,149.847490144,0.3998632799844937,89.1161252489277
lrb,4862,126.514615275,0.4459111770438083,93.55899206423292
lrb,4863,104.171419522,0.42650100121747203,105.05800844080309
lrb,4864,125.589298473,0.46106034868669304,119.69315062878178
lrb,4865,118.361883595,0.5019294112516205,115.51192166197535
lrb,4866,128.312909429,0.5180006119566903,129.88579804663564
lrb,4867,144.807069355,0.5279387767107406,147.13449395871632
lrb,4868,160.108436848,0.5247964636712777,159.41776185877183
lrb,4869,147.081889763,0.4897675458604181,148.441682434082
lrb,4870,172.698997855,0.43776379341126953,168.82654113769533
lrb,4871,169.314621733,0.3323419572088712,106.88871145809398
lrb,4872,154.161755879,0.30125759747694636,77.6185983096852
lrb,4873,168.512884273,0.30757898593370897,29.531707045611213
lrb,4874,141.686668418,0.49798324704170227,4.18147403492647
lrb,4875,124.009702364,0.4541852125873813,80.4936091404335
lrb,4876,110.068942014,0.45119127667180586,108.19603080001531
lrb,4877,138.266490275,0.45703596846100125,140.60265407188265
lrb,4878,124.032617296,0.42413503804157693,126.75146903243719
lrb,4879,128.081569383,0.3907178309559822,130.67163280412262
lrb,4880,149.631180859,0.40961531487169794,149.48831260531554
lrb,4881,145.735427976,0.427719460904706,144.52269741881125
lrb,4882,144.187527147,0.38855575497959816,141.6478515924192
lrb,4883,140.253206938,0.4067857953802918,143.47718861897786
lrb,4884,128.595839349,0.4163533546302,129.1032579608992
lrb,4885,134.416127065,0.42646025583060865,134.06865261302275
lrb,4886,121.808765677,0.45561411171169075,118.91070152731503
lrb,4887,140.021454696,0.44101144838906037,141.38601989746093
lrb,4888,133.82054713,0.4591890524682544,137.20443411434397
lrb,4889,138.328961283,0.4487131130509442,134.06821504480698
lrb,4890,137.576816739,0.44178031461642076,142.16964281867533
lrb,4891,139.596175464,0.40899144079325334,138.5107026941636
lrb,4892,123.01008378,0.4365283568959869,119.9553295359892
lrb,4893,101.649357892,0.5075942057956676,103.75209745519302
lrb,4894,124.502626392,0.4995549541979837,122.04581011603858
lrb,4895,136.65176159,0.4909837934833306,135.89669339049095
lrb,4896,125.682273677,0.44885948199122316,123.09096051384421
lrb,4897,108.847185957,0.45369967918556475,108.71722459980086
lrb,4898,107.299284074,0.4351543681323528,104.53573219448913
lrb,4899,112.951464187,0.3880113665526512,110.28514389337278
lrb,4900,125.641321425,0.3968327500538261,130.40819905598957
lrb,4901,112.36126183,0.4156719428078036,111.85301741057751
lrb,4902,106.029243291,0.36677943756644477,106.88752249923408
lrb,4903,113.74851535,0.3512754636113521,117.34105335310394
lrb,4904,110.959169392,0.34328110094340336,110.80754310757506
lrb,4905,116.821964906,0.33167292389619285,119.43166581696156
lrb,4906,131.95171393,0.32225413306602924,127.79444777544808
lrb,4907,134.419490901,0.34154307321611665,130.1464229808134
lrb,4908,118.098484127,0.3622153839567206,118.9087563309015
lrb,4909,108.751842563,0.3643905523920728,111.85252368403415
lrb,4910,124.281672221,0.37812111830959716,125.44197016697302
lrb,4911,128.531327092,0.37344834945736693,124.65785010842717
lrb,4912,143.781637622,0.42834512849542544,146.60996829762178
lrb,4913,141.247597464,0.4166931606089796,136.94030597163183
lrb,4914,175.406011885,0.4157418633952286,172.4817949182847
lrb,4915,199.9083036,0.43846009292109744,179.53762233958523
lrb,4916,196.672079028,0.45099293667732204,85.71792811973422
lrb,4917,180.538630631,0.4684765461055634,73.95778416652306
lrb,4918,189.568400322,0.4499095746705049,165.1634134330002
lrb,4919,160.200677297,0.4255692059440272,160.9821190628351
lrb,4920,123.877154413,0.42287043922621276,120.21384887695311
lrb,4921,163.835746059,0.49680878707896114,168.29922581092984
lrb,4922,201.266937723,0.587557075835155,198.09127975164677
lrb,4923,191.917340399,0.5941148895238126,190.2512175915288
lrb,4924,143.679455338,0.5207322832598562,140.59783474791283
lrb,4925,121.59212357,0.4364531160835625,119.42991033815869
lrb,4926,136.006359923,0.41184014289475956,135.11017773198148
lrb,4927,131.87504383,0.38126972003049586,131.19036805395987
lrb,4928,138.846213204,0.3843362821244645,136.41730454388787
lrb,4929,138.666750298,0.45140845202780383,140.86025163239123
lrb,4930,139.608264013,0.4840038275967042,137.98578329647287
lrb,4931,148.268535376,0.4670325919245998,147.3941498999502
lrb,4932,138.786763947,0.5066392463205499,142.69026994892195
lrb,4933,132.555811785,0.48462990363358,128.31688513662303
lrb,4934,131.617416018,0.5091108662240645,133.28245275160847
lrb,4935,125.798882586,0.48362060578730504,125.18112463857614
lrb,4936,108.515444971,0.46292149266477345,107.4102399040671
lrb,4937,109.352810557,0.44491487025346577,107.67173593558516
lrb,4938,125.028121203,0.4229564594442834,123.87495449290557
lrb,4939,112.618593943,0.41894904887153145,113.16020340265013
lrb,4940,117.64492199,0.4123103355190583,117.0805015115177
lrb,4941,121.553675226,0.3950015400751886,123.0915517470416
lrb,4942,128.512141335,0.435453712350071,131.97737705006318
lrb,4943,109.961668219,0.46568227115972555,105.84339904785156
lrb,4944,110.299305742,0.47230902809711645,110.02504272460938
lrb,4945,113.65256571,0.47120560275341844,109.50253714767155
lrb,4946,110.377004728,0.47580314332275025,110.28675758511413
lrb,4947,119.302678074,0.4831190248588462,120.7406878303079
lrb,4948,128.761601875,0.4618220207821422,124.39970332126993
lrb,4949,129.29012321,0.43540624848871023,127.27470176547182
lrb,4950,131.624717444,0.37092272784163355,132.24046439376534
lrb,4951,129.169369357,0.35068160884322663,129.62724624334595
lrb,4952,151.320513361,0.3283567038583168,148.18297484154795
lrb,4953,134.612889761,0.3361908680456191,134.07046320298141
lrb,4954,141.693481075,0.35854672808442917,140.3428399478688
lrb,4955,143.567566748,0.44880412845946044,145.30853672401577
lrb,4956,138.713230487,0.4734639652495115,138.51363896388634
lrb,4957,150.441014699,0.4550763589154083,150.79708257936963
lrb,4958,135.110220603,0.39601694337277143,133.02560472675398
lrb,4959,145.241079593,0.34079470690571395,147.13844410017424
lrb,4960,159.105637209,0.307870042563855,90.94889014748966
lrb,4961,267.496501989,0.4892198576671737,182.9435219858207
lrb,4962,353.868713753,0.5097889653588713,254.55262624703198
lrb,4963,200.388055394,0.4908500951478038,185.03363073012412
lrb,4964,177.791991245,0.49589099276691406,179.28370095047293
lrb,4965,160.973404279,0.5085011516044389,157.59165451947382
lrb,4966,156.848451627,0.5116042196750641,150.27370850806142
lrb,4967,150.499195136,0.5237578309693579,154.1936337340112
lrb,4968,133.00032714,0.5232109481857949,128.84298403870827
lrb,4969,121.344514103,0.5277519699753516,118.38905855066636
lrb,4970,141.939258885,0.5270797876394381,144.0006581624349
lrb,4971,139.89384411,0.5033730814400277,142.95511450674022
lrb,4972,148.325387869,0.5469783290024222,143.21629240746591
lrb,4973,142.891051958,0.5508337243295768,142.17076939601526
lrb,4974,128.018736632,0.5101722045600782,127.2740681666954
lrb,4975,131.935538501,0.45498946480912195,131.45543156044155
lrb,4976,151.041237836,0.43214303943654686,144.78386655321307
lrb,4977,107.121582634,0.41381416926460884,97.21945262235754
lrb,4978,157.841135253,0.45699901888447414,162.03258619121476
lrb,4979,128.029869816,0.5060648019216498,128.0582071940104
lrb,4980,103.960296171,0.5026777718055035,102.7080655266257
lrb,4981,127.130070279,0.5185431778059956,125.96786038267847
lrb,4982,138.014810075,0.5330251773826251,140.6033582201191
lrb,4983,155.704437234,0.5415420553733393,152.10277575324562
lrb,4984,225.339000257,0.5531678719363609,230.2453224930109
lrb,4985,187.700764209,0.5442631313754194,187.12367619533165
lrb,4986,155.792764623,0.5354842536137053,135.6387357823989
lrb,4987,135.471024226,0.46893989283864085,53.57606970095166
lrb,4988,138.764655222,0.4343296360969543,6.533678092208563
lrb,4989,172.546336292,0.3864451050758362,22.4759298287186
lrb,4990,245.053239999,0.4125398643828136,125.18586778827742
lrb,4991,212.704859041,0.44069136683125076,197.0568599027746
lrb,4992,162.563518365,0.450847137638659,168.83118339987362
lrb,4993,125.573412767,0.45759824502951046,122.57249851600797
lrb,4994,142.199845223,0.45713079705642296,141.9122341081208
lrb,4995,138.313837677,0.4745821833610535,142.43486184512867
lrb,4996,127.467411176,0.4789366074150703,127.53795106177238
lrb,4997,112.523464105,0.46171896755007064,113.16379059436275
lrb,4998,128.835493225,0.46183592087176983,127.53792009540632
lrb,4999,173.356337475,0.5066885447393269,171.70567151237938
lrb,5000,176.311841139,0.49756071732023,176.14853940477556
lrb,5001,91.756688004,0.48483048640402016,92.51718606387868
lrb,5002,132.094209826,0.4794256952073839,131.71961436552158
lrb,5003,116.190552363,0.4535543047875099,116.82294897939644
lrb,5004,137.95112231,0.4506564910260822,136.16298092112822
lrb,5005,135.829688463,0.4441457049611913,135.37916071274702
lrb,5006,120.308391764,0.46722091950084027,119.17568251665901
lrb,5007,118.638022904,0.4661611209424694,116.30102224910961
lrb,5008,121.2060106,0.5113368512906692,118.65336429371555
lrb,5009,127.840407565,0.5451773453337944,129.10761988022747
lrb,5010,121.625871992,0.48782974081154973,118.65376562978706
lrb,5011,116.270066944,0.43190135751451764,91.47330624449486
lrb,5012,114.217605196,0.37216588997460426,49.13435656977635
lrb,5013,153.746810128,0.3751897730227918,92.51901765711166
lrb,5014,194.901746083,0.4068465318099263,110.55253071504481
lrb,5015,193.424953963,0.46384698869306834,144.52852624631396
lrb,5016,179.820693176,0.5145637177038884,144.26707180247587
lrb,5017,150.841800523,0.5636231519024947,151.58479967304305
lrb,5018,123.069172549,0.5494316353351492,127.01769319422107
lrb,5019,134.714127389,0.5309664035641303,132.76762653425627
lrb,5020,136.365312036,0.5349413800513607,136.42679557052313
lrb,5021,149.981298007,0.5522926895252918,150.0174254473518
lrb,5022,157.894259183,0.565933926408473,157.33557993570963
lrb,5023,152.398668037,0.5298967723037814,149.49516308354396
lrb,5024,127.4702927,0.49281315514721824,126.7574685788622
lrb,5025,99.9877627795,0.4801956643076503,97.74716001024433
lrb,5026,118.557762916,0.452527620776772,119.70125986735026
lrb,5027,146.140864287,0.3935794301499102,104.2813730576459
lrb,5028,160.456628628,0.2973449395604111,54.62363113702512
lrb,5029,137.889426988,,0.0
lrb,5030,130.344429252,0.34700573834718446,79.97555461210364
lrb,5031,122.953785947,0.41017509595586255,125.19054852653952
lrb,5032,126.606847879,0.478131555109156,132.24722792681524
lrb,5033,128.242794529,0.4832543036144577,130.41778016931872
lrb,5034,130.350063657,0.4756070552778638,126.49745932186352
lrb,5035,116.332453885,0.38943595060131,119.17950942095588
lrb,5036,124.445515933,0.3974859653505435,122.57721746108112
lrb,5037,124.528608327,0.427358263985931,128.32712743422564
lrb,5038,108.609008957,0.4111438634027029,108.20254732019761
lrb,5039,121.460405516,0.4263248503978911,121.2704772051643
lrb,5040,129.264732694,0.42505191111564633,130.67937200209673
lrb,5041,138.179975145,0.41186791371534215,146.6222458783318
lrb,5042,139.114612319,0.4204526425780811,136.16790825338924
lrb,5043,126.158825267,0.42884168244269955,130.15666584688074
lrb,5044,114.665310279,0.41787577201740456,113.95246088364546
lrb,5045,114.978104047,0.4229644515541162,116.30473596909466
lrb,5046,161.622365767,0.42101945547407665,164.91756762336283
lrb,5047,162.656228456,0.4146584900856018,163.34944915771484
lrb,5048,170.202088615,0.4283274068247255,171.45166967055374
lrb,5049,145.791584807,0.4463775748078771,145.31598896699793
lrb,5050,122.728199318,0.43307191775205467,126.23695741541245
lrb,5051,119.95434594,0.4303674686789774,119.44180381625307
lrb,5052,118.039183694,0.44581130829122334,117.61248420266543
lrb,5053,128.806661292,0.4656270652650351,130.15804281795727
lrb,5054,142.153535427,0.46936937086422653,140.61273977242263
lrb,5055,147.02066487,0.44945930912839843,155.24926955279182
lrb,5056,126.587046674,0.3981461701593523,121.27237285539215
lrb,5057,108.497030634,0.353923030301582,112.38623331107344
lrb,5058,101.662574702,0.3730044226103192,103.23869039498123
lrb,5059,109.495699551,0.4077179847253272,106.89796597349878
lrb,5060,102.417393909,0.4202418039667415,97.75037952497894
lrb,5061,127.93252784,0.42190537453929255,126.50070564419616
lrb,5062,120.513362062,0.4262406634432929,128.06912704168582
lrb,5063,110.232566868,0.4084870264861002,109.25100178438073
lrb,5064,120.131318278,0.380317713963358,124.14908195944393
lrb,5065,122.113596393,0.35914154792741193,123.3652037676643
lrb,5066,151.067414477,0.34951153341617186,153.1612725650563
lrb,5067,132.675550679,0.3943712090553059,129.1156883688534
lrb,5068,108.962060831,0.44353895684560907,108.72917731789981
lrb,5069,111.19053693,0.41237153399848053,112.6498945946787
lrb,5070,113.258619215,0.404456332806618,113.43419985303692
lrb,5071,104.777981083,0.42854326341337373,107.68427064185049
lrb,5072,111.370474405,0.4457254291851939,110.2981652353324
lrb,5073,127.099109059,0.44038275996687837,133.03758084166284
lrb,5074,137.668834125,0.4162739828003176,138.00386110193588
lrb,5075,144.952611528,0.38650691582317326,149.24306862027035
lrb,5076,142.698325997,0.44108323299862,136.69741369509228
lrb,5077,160.975413013,0.46461613459148626,159.17549483355353
lrb,5078,126.286949055,0.493333962626467,128.33367240756164
lrb,5079,141.725295155,0.5063496485272545,146.10707098268998
lrb,5080,142.744340441,0.5014830926691528,143.23199474858305
lrb,5081,127.184499246,0.5008838966580256,127.81112976074219
lrb,5082,103.903873433,0.487459416596257,102.45810029272938
lrb,5083,96.9175589018,0.5209980458021164,97.23076512953813
lrb,5084,123.024055609,0.5150737118669403,120.75448895622702
lrb,5085,132.442298128,0.4296711107056201,133.56191636627796
lrb,5086,120.880649248,0.4104726004884973,120.49340853223615
lrb,5087,96.178046122,0.44774724920698983,95.9244125366211
lrb,5088,97.1040054861,0.4719877081212176,97.23144540225759
lrb,5089,103.17908116,0.4800585178168196,99.32259503532859
lrb,5090,117.514001201,0.4846075781945432,116.31218495088466
lrb,5091,113.700054612,0.5161138006042412,115.78963237089269
lrb,5092,118.122303545,0.48046911864609915,117.35809074850644
lrb,5093,130.612623584,0.46127685270156243,130.16579416312422
lrb,5094,120.009055886,0.37458750233054156,117.09710950664446
lrb,5095,177.07083725,0.34671858888388146,134.0868081485524
lrb,5096,155.103152064,0.2851471681343882,19.864756715063955
lrb,5097,155.624401077,0.33098629033140575,139.3146386240043
lrb,5098,149.906887087,0.3920646249929781,146.89456879858878
lrb,5099,151.790760278,0.4105334232336048,152.38350527894264
lrb,5100,155.05003297,0.37610984169292133,157.8724520814185
lrb,5101,133.640478878,0.4316832764623723,136.43938580681296
lrb,5102,152.023800877,0.4966894732308142,152.12196484734028
lrb,5103,154.840953978,0.5238857884023149,154.21288359398935
lrb,5104,154.377358305,0.51572451216949,154.7355536367379
lrb,5105,141.039212056,0.47672012212423737,135.39358685063382
lrb,5106,142.000138474,0.48078986776514104,141.4052053414139
lrb,5107,154.529599591,0.420391705340832,152.38304488238165
lrb,5108,125.998723819,0.40059213546895184,124.41565886852787
lrb,5109,125.18264437,0.460186437500004,123.10875187294155
lrb,5110,135.163196918,0.4780599281733169,136.7003485286937
lrb,5111,146.02712616,0.47579513511874455,143.75756291408163
lrb,5112,135.467094658,0.46444561344105756,133.82535466212852
lrb,5113,131.608944161,0.4332242962492414,131.21172631955616
lrb,5114,153.182369759,0.392307964192719,155.5200804168103
lrb,5115,202.313631779,0.36923128461990606,203.87537473790783
lrb,5116,219.171691469,0.35396018635129817,215.89915675742952
lrb,5117,182.805629766,0.3729442807776348,185.84089645684935
lrb,5118,280.168392969,0.3317772780984751,281.24475157494635
lrb,5119,456.108931939,0.30218878630645946,350.51063738056257
lrb,5120,245.073979072,0.32845386295091544,76.84588272992303
lrb,5121,346.697375964,0.3171587491325163,252.75546135995899
lrb,5122,226.353864894,0.3482181563830146,108.73457743326823
lrb,5123,442.19315823,0.3367064068552255,383.4466156903435
lrb,5124,478.140473491,0.3898750407682671,475.71475743312465
lrb,5125,465.801740693,0.40071650757409005,402.79004040886366
lrb,5126,489.152727149,0.4202377272846513,425.26982098747703
lrb,5127,479.007433253,0.4386634719668193,431.0210100959328
lrb,5128,483.432343146,0.4141534687395364,429.1919970344094
lrb,5129,488.556864766,0.3894178019072745,379.26842803955077
lrb,5130,448.498959133,0.38418088286550856,303.7288484461168
lrb,5131,344.212524971,0.3993515772670903,197.08419494628905
lrb,5132,339.685950128,0.3754468556436105,288.30765641156364
lrb,5133,276.944026241,0.35122585104219883,182.18560638427732
lrb,5134,308.245437449,0.35675678576264425,195.77800065582875
lrb,5135,226.68250305,0.38341817381430654,192.11886752259494
lrb,5136,170.998403982,0.4197366690351849,164.67348839254942
lrb,5137,173.319779607,0.44957958172934603,175.3906261369294
lrb,5138,184.892968111,0.44577388534957313,184.80087402942135
lrb,5139,178.432947052,0.4196620739891496,74.23410533830231
lrb,5140,185.356597856,0.37752040653312235,119.45446166992188
lrb,5141,166.563449008,0.39957967097173913,87.30386974858303
lrb,5142,185.608078915,0.4099409366245369,100.11210743025238
lrb,5143,179.791631804,0.4284454022652536,94.62308451334636
lrb,5144,173.642656868,0.4105111347691057,102.98757428935932
lrb,5145,169.564609499,0.42026545832286005,135.39999859379787
lrb,5146,173.173806259,0.4362924178441366,141.15060963350183
lrb,5147,169.004236875,0.487038041337278,78.1556598738128
lrb,5148,162.755108441,0.4734442324309147,117.3640832639208
lrb,5149,174.733382017,0.481903687011972,181.14312645407284
lrb,5150,165.001473276,0.47907682283307024,166.24386219697843
lrb,5151,186.503266301,0.4930182632171746,189.76889199649585
lrb,5152,212.181897076,0.48640418231041355,209.63448985978673
lrb,5153,192.766078289,0.46165420883240654,193.16697636024625
lrb,5154,176.445829563,0.4529900448189842,117.62538865033316
lrb,5155,147.22249058,0.4170244187850671,53.062211190018
lrb,5156,159.992319367,0.41667167091416935,131.74062634636374
lrb,5157,156.097181475,0.4598346309583696,79.7240836947572
lrb,5158,168.773791242,0.44163384269766454,124.4219186521044
lrb,5159,161.196146262,0.3946560425565967,165.1989732031729
lrb,5160,151.07082273,0.37084388029244214,150.5612414191751
lrb,5161,158.037010617,0.3814008477309796,152.65255246629903
lrb,5162,176.413192414,0.43681019395234183,109.5231663124234
lrb,5163,161.243535897,0.40551730135120395,146.6409194647097
lrb,5164,180.699313778,0.4187029225304145,134.87846150117764
lrb,5165,186.504757161,0.4143062950026058,184.28175533519075
lrb,5166,157.941873431,0.3956803634221798,158.4040760713465
lrb,5167,158.60295809,0.38069905232299456,57.50648992201861
lrb,5168,148.398869076,0.33377455736770006,15.945008670582492
lrb,5169,143.737747063,0.3556760693310012,74.23597448012409
lrb,5170,157.82866363,0.4070069822435086,76.58862588919845
lrb,5171,171.504155195,0.42434718537847055,144.81269387637872
lrb,5172,186.058947731,0.4133412913722886,189.24994429046032
lrb,5173,197.095510483,0.39860366498832595,200.22861304189644
lrb,5174,191.475418831,0.3851323977509855,186.37476821600222
lrb,5175,184.452587716,0.3674342359384794,186.1134905946021
lrb,5176,213.760152299,0.38655982702447655,148.99543492934285
lrb,5177,204.782522846,0.3740768712129653,126.25418279311236
lrb,5178,200.822473055,0.38564354706378207,54.89318219353171
lrb,5179,207.934194364,0.452194499373436,26.139668932148055
lrb,5180,203.474991678,0.42654522288824626,54.10922618192785
lrb,5181,161.366569324,0.40307093307536146,24.30997619628906
lrb,5182,167.301036404,0.4263518750667572,30.060761545218675
lrb,5183,172.194440738,,0.0
lrb,5184,162.254067485,0.3714190609753132,8.36476416494332
lrb,5185,164.258718216,0.4034875445770767,41.5624843821806
lrb,5186,349.469152509,0.36555890370160343,209.12018253102022
lrb,5187,276.66923109,0.39686197158055997,155.01059806674135
lrb,5188,247.863386733,0.3843211446255035,189.7769578522327
lrb,5189,298.392254376,0.37722384034010464,247.0243323830997
lrb,5190,316.396053639,0.3940727320972399,208.07601129868453
lrb,5191,150.706503135,0.32227068394422537,139.06559098187614
lrb,5192,144.898113253,0.3505774457574104,146.1236032822553
lrb,5193,162.436404778,0.3556939315241881,163.11493135340075
lrb,5194,182.740851862,0.3676412030897643,124.16616866167854
lrb,5195,172.59116313,0.3790622570384771,163.11533113367415
lrb,5196,170.813525399,0.38769431780206,171.4804323682598
lrb,5197,166.701058125,0.3780639440678865,72.67017334582759
lrb,5198,182.005132064,0.3434357003399102,110.5738192389993
lrb,5199,189.418419057,0.34648595832414547,123.38263606651155
lrb,5200,186.724575086,0.3512321965063,171.74250084372127
lrb,5201,190.769306495,0.35365606539860994,190.56372357536762
lrb,5202,186.733379625,0.3505168303184564,182.19889421650007
lrb,5203,190.016972999,0.3456518605868523,82.86527949314491
lrb,5204,180.965240924,0.30527073482752815,64.56704302021102
lrb,5205,188.298235809,0.30786783569981613,67.18111533370674
lrb,5206,178.439954629,0.3436882757304008,149.00109773523667
lrb,5207,172.078686827,0.34548432295245957,89.6621769026214
lrb,5208,191.069281173,0.3426289184559026,88.35525599460976
lrb,5209,202.017017396,0.3762727869769274,15.42299996170343
lrb,5210,232.109398659,0.3778447210788727,83.12742345473345
lrb,5211,255.517845265,0.36195761029095574,97.76632316439759
lrb,5212,235.308689552,0.34554646871028805,61.16938826617073
lrb,5213,231.812200343,0.35595103927206195,54.63428257960899
lrb,5214,213.105851068,0.39342913014149805,44.700845157398895
lrb,5215,176.787164251,0.3208517513557333,54.11166824640012
lrb,5216,161.683121106,0.31770816724747425,104.5637678258559
lrb,5217,150.147333146,0.36349418246955206,149.0035929960363
lrb,5218,169.117666458,0.39845335618592786,167.3025256886202
lrb,5219,163.78131376,0.4524527676535159,73.97917857450597
lrb,5220,172.414229507,0.4473151534699313,80.77602458280676
lrb,5221,178.95418176,0.4549346883288939,77.6392246321136
lrb,5222,197.615718335,0.4124987019124881,67.44429117838541
lrb,5223,224.89308944,0.39774880110526034,112.66858903473499
lrb,5224,219.251732133,0.39495093334804887,43.1329807954676
lrb,5225,251.627933199,0.4422491178891369,27.971041122137333
lrb,5226,214.154108609,0.42468391554277457,63.78462706921147
lrb,5227,189.361474274,0.3840067952871322,62.73912093218635
lrb,5228,185.974381602,0.4038536129714726,37.38215131572649
lrb,5229,181.03422257,0.3893957347455232,150.31290271235446
lrb,5230,180.765933611,0.3551949177469526,184.81969314276006
lrb,5231,171.749754352,0.311367666883411,173.0563268923292
lrb,5232,150.736381959,0.31880707824439336,149.00644698797487
lrb,5233,146.152562356,0.31638663626617664,145.34689040838504
lrb,5234,145.059591789,0.32172161862392884,140.38021868537453
lrb,5235,182.682209249,0.30182637775109866,188.21959147733799
lrb,5236,158.282971692,0.3049751420039684,100.3839204676011
lrb,5237,154.524358116,0.3406476212074479,65.09283034380745
lrb,5238,148.317487506,0.3043420454866881,109.01107273475796
lrb,5239,152.755956478,0.2834229449504416,70.84424629959405
lrb,5240,154.194039829,0.2970920681095809,72.67429522346049
lrb,5241,161.396434167,0.30731271044837355,112.6714255837833
lrb,5242,136.848774644,0.3428022649816492,92.01948287066291
lrb,5243,155.102378974,0.32607156905946855,103.26062460506664
lrb,5244,163.942116548,0.31983518237020914,10.718207235897289
lrb,5245,153.277042595,0.33857973847355877,37.38314226935891
lrb,5246,148.097777992,0.3291098975774014,86.26883341471355
lrb,5247,145.373228565,0.29545210659685095,86.00754044476678
lrb,5248,166.069091768,0.30065571154291565,38.69036805395987
lrb,5249,190.365656254,0.25420984625816345,1.045687806372549
lrb,5250,206.585918274,0.2562157894883837,7.319839776731005
lrb,5251,178.92018283,0.2597075161588101,34.24639324113434
lrb,5252,145.91401301,0.2539349256397842,20.12954502479703
lrb,5253,134.689273556,0.2404722820880801,89.9293057310815
lrb,5254,131.738231847,0.25672274809949713,86.53071758793851
lrb,5255,154.631146395,0.31120591166697137,152.67033535826442
lrb,5256,161.324156966,0.32078299368769664,160.25141173718026
lrb,5257,149.433978941,0.36001813109072883,151.88576746921913
lrb,5258,160.561159689,0.361436212980606,154.49981788186466
lrb,5259,134.835182432,0.36882206775107484,138.55303847369026
lrb,5260,141.617978418,0.39303282100020104,134.63163562849456
lrb,5261,137.515567416,0.4021720298207724,135.93863567277495
lrb,5262,143.845898415,0.3761770488568777,143.519766145594
lrb,5263,164.40274781,0.3611012017501266,165.74040644028608
lrb,5264,146.564379659,0.3245278663568563,112.14921812169693
lrb,5265,160.435469679,0.3085104278763946,51.23830620260799
lrb,5266,165.238051213,0.2615126479887268,53.85257613238166
lrb,5267,163.881894766,0.2994166799599831,150.83963000727633
lrb,5268,155.078892566,0.3295305265754951,159.46672470990347
lrb,5269,180.123196236,0.331467064318957,112.14973368925207
lrb,5270,193.84330075,0.3582276261855509,55.94421955183441
lrb,5271,202.334631264,,0.0
lrb,5272,219.164676032,0.3883850574493408,6.796982409907322
lrb,5273,163.509286834,0.29948774676456624,55.94440579881856
lrb,5274,145.364149167,0.36791245937347417,134.63277854171454
lrb,5275,133.615888823,0.39302019341914113,130.45017317229627
lrb,5276,124.315881059,0.3836232297328998,122.60761721741919
lrb,5277,136.47004972,0.37640161587925036,135.4175313912186
lrb,5278,142.622658201,0.3905570126032528,144.56747370701208
lrb,5279,128.390851674,0.37334280809592807,125.74504795448453
lrb,5280,130.367734392,0.3565299927097995,128.62084368537455
lrb,5281,126.91304843,0.35801339337304866,124.4381889193666
lrb,5282,134.887280337,0.3364379627773395,135.94108686260148
lrb,5283,136.19965382,0.35306319532645847,138.81699927834902
lrb,5284,129.86294561,0.37376708461313823,128.09877690333946
lrb,5285,140.358705617,0.3735384329785885,137.77178802490235
lrb,5286,118.771821879,0.35863181547350176,118.42641781077664
lrb,5287,105.424687154,0.3775324141949928,106.40095098158892
lrb,5288,116.173664476,0.3713020779225858,116.59680256563074
lrb,5289,120.271125329,0.3848693751951188,119.99554766486672
lrb,5290,114.110815582,0.3865197692694289,116.335729711196
lrb,5291,127.004339341,0.3702210983477141,124.1787899241728
lrb,5292,129.112528633,0.36566299469319213,127.31615965600108
lrb,5293,127.066439503,0.36538332343101504,78.42895328297334
lrb,5294,139.988809834,0.3754045367240906,8.62719394459444
lrb,5295,195.881019009,0.3411687910556793,2.61431017108992
lrb,5296,176.534198869,0.2773215424518937,113.19979152305453
lrb,5297,134.222992567,0.3786890362176459,131.50002375584023
lrb,5298,155.819172005,0.396592414919162,155.81316040637446
lrb,5299,174.492428575,0.39968529267073405,173.06764074587358
lrb,5300,174.910414564,0.3910716843208877,173.0675325879864
lrb,5301,170.356103448,0.40300431117167457,172.80603470147824
lrb,5302,171.783669454,0.40281008668472423,170.45315509870943
lrb,5303,178.587437569,0.40249709373300857,174.11320100672106
lrb,5304,183.988357019,0.3868157662294961,186.92342271991805
lrb,5305,166.476426459,0.35238266041981503,153.46033106785194
lrb,5306,164.241607492,0.3666589172160039,111.63144336775238
lrb,5307,178.057424415,0.3220602574274521,168.6237003401214
lrb,5308,157.126761654,0.34757967523692807,152.15358022054036
lrb,5309,164.660668105,0.3617008365456413,166.27110335406135
lrb,5310,164.889919098,0.37001622411420415,119.99764314539293
lrb,5311,194.175711679,0.3667322122992444,160.5198813344918
lrb,5312,194.029847931,0.4028710490479738,106.92622587914562
lrb,5313,192.007893222,0.3677071025195702,152.41568403057022
lrb,5314,191.302476532,0.3781646826038403,117.12229925417431
lrb,5315,147.727737045,0.3184842929731989,103.78922789330576
lrb,5316,151.316059793,0.34182631622438553,76.33878888896866
lrb,5317,153.521676861,0.33186959550308126,111.63254256902957
lrb,5318,159.606433132,0.35072208583926234,163.65819247376686
lrb,5319,150.321770624,0.34989620123197523,147.18798693488623
lrb,5320,143.879773777,0.3758822070349247,142.48237020455153
lrb,5321,138.301883001,0.3897467830026423,136.99243567971624
lrb,5322,153.415256135,0.39645082876086235,156.86181820140166
lrb,5323,144.740200712,0.410994073914157,141.17586741727942
lrb,5324,163.387180524,0.4083647281635464,166.0126356237075
lrb,5325,148.118337907,0.4158226910076071,143.5292470595416
lrb,5326,160.248158777,0.42070273208347236,92.0261962890625
lrb,5327,174.848683312,0.37346322696233536,25.359504789464612
lrb,5328,135.704461989,0.2895095127289284,55.68642703785616
lrb,5329,136.732800533,0.3330087355610465,115.2946693869198
lrb,5330,174.264348799,0.32676130110823265,33.202824072744335
lrb,5331,150.730858892,0.3494812307320115,115.81765232460171
lrb,5332,147.258647239,0.3806135842368192,147.19028721229702
lrb,5333,145.066720595,0.40658203224627976,144.83725959927426
lrb,5334,152.31880178,0.40693272222229776,147.45157470703123
lrb,5335,142.539934984,0.37217219828697057,144.57567096785002
lrb,5336,129.583553861,0.35590166186620137,130.98074762680952
lrb,5337,146.444797303,0.3725415614793608,144.05257607254327
lrb,5338,143.100411148,0.39324760514588264,120.52303230435241
lrb,5339,141.892693443,0.3664815666362586,135.42488116096047
lrb,5340,158.62567384,0.384887757763434,139.60783787147673
lrb,5341,140.402921826,0.3592698647878246,140.392115723853
lrb,5342,113.268797228,0.3414730562975532,109.28106486002605
lrb,5343,125.793197687,0.36013519841587854,130.45761066511562
lrb,5344,114.999656727,0.3762794241582582,113.98711781221277
lrb,5345,113.711252022,0.4024023484682369,111.89569115732232
lrb,5346,123.48684544,0.40709732199970045,124.18342036826937
lrb,5347,104.89653466,0.39365020818989394,102.74551894244027
lrb,5348,100.324013896,0.40834987728219285,99.34688672832414
lrb,5349,107.561881797,0.40349966506747637,106.66721981272978
lrb,5350,118.254119817,0.39177783425718415,119.73924054912493
lrb,5351,136.893743209,0.37445503394558743,138.56300144569548
lrb,5352,133.823931143,0.3565769690678889,131.24280838311887
lrb,5353,150.230738918,0.3457039969332645,90.45831436456419
lrb,5354,149.613582766,0.3611462810615293,153.72704413918888
lrb,5355,133.980055083,0.42510584886661756,130.45908550187653
lrb,5356,144.012849311,0.45407139095393095,143.79282169716032
lrb,5357,156.344443521,0.4573500977446701,157.91087769153071
lrb,5358,170.646317299,0.4472153565555165,168.89167567234415
lrb,5359,166.284706633,0.4700450170815478,160.7871650247013
lrb,5360,175.638610524,0.5095199033395567,175.16673428404567
lrb,5361,172.706363153,0.5030593885511484,168.1080226823395
lrb,5362,115.906126665,0.4581340627224596,116.0809897030101
lrb,5363,155.861650497,0.43352675999272366,152.68337426279106
lrb,5364,153.202467908,0.44498570734619075,152.9450845157399
lrb,5365,132.653486339,0.43693808150198676,134.38275182387406
lrb,5366,153.791906233,0.426212357817097,149.2853681676528
lrb,5367,171.51785135,0.37471410750795103,170.72414380241844
lrb,5368,158.181895099,0.36304369875112913,160.26658791934742
lrb,5369,153.202896264,0.4255367328977993,152.94638647939644
lrb,5370,176.147376464,0.4122520237472281,169.67929415235335
lrb,5371,212.61915115,0.41084961825279737,208.11215416403374
lrb,5372,137.133128719,0.42184257906908434,140.39730015175016
lrb,5373,103.79612711,0.40583955258359694,102.22601285448263
lrb,5374,107.805209158,0.44165677018463606,108.7622828464882
lrb,5375,113.756615489,0.4638944807266208,107.97802291570926
lrb,5376,115.880208041,0.44976601963517837,112.94562853644875
lrb,5377,125.184419752,0.4094708979007651,127.586827955059
lrb,5378,141.188805891,0.4102349228548169,134.38462428672642
lrb,5379,137.327952194,0.42247022313016064,136.99924097996134
lrb,5380,115.915272987,0.4265383836046785,118.17504861869064
lrb,5381,114.448859092,0.43198615977087534,116.08363093955845
lrb,5382,123.276357457,0.44499854651341314,122.62007548014324
lrb,5383,117.515438705,0.4190206247337315,114.77674387015547
lrb,5384,127.888699673,0.4115288010368112,127.32653150371478
lrb,5385,119.442713774,0.44670067900380106,119.48310732374004
lrb,5386,121.208392513,0.4195074051683788,119.48316028071385
lrb,5387,121.676995249,0.3931054105040847,121.57479678883271
lrb,5388,124.5018749,0.3815238084844364,121.57482685762292
lrb,5389,137.079542236,0.40474832338996397,133.0786777571136
lrb,5390,130.389810945,0.40686071165386706,129.67978862687653
lrb,5391,155.801253934,0.39010474479137935,154.51757408590876
lrb,5392,160.769859028,0.3609568311751467,161.5766300874598
lrb,5393,126.4324426,0.3679139393436117,129.941141315535
lrb,5394,137.307298206,0.3612502050681377,132.81716529995788
lrb,5395,132.064279411,0.3451504598749746,132.03284962972006
lrb,5396,118.84115459,0.34169229956172953,119.74469024059819
lrb,5397,108.869558286,0.3469722922475403,105.36490152396408
lrb,5398,113.199602258,0.36755531834247296,109.54817813050512
lrb,5399,121.786306661,0.37254535661468025,123.9280310238109
lrb,5400,135.652055345,0.33510871556107746,138.0464661542107
lrb,5401,142.058872966,0.3373747116014166,139.35384533452054
lrb,5402,167.727528837,0.3546491380866246,171.2511135924096
lrb,5403,138.6860681,0.361915540373624,135.6937583474552
lrb,5404,156.474946417,0.370225445854047,156.6100902183383
lrb,5405,147.480035067,0.34421147474310765,148.5052235921224
lrb,5406,147.053720367,0.3614784687125641,147.9825035544003
lrb,5407,139.153258271,0.39951617164664693,141.44631796444162
lrb,5408,162.968337974,0.3808962437420467,164.45435988482308
lrb,5409,160.627218467,0.36865216741959256,160.00980906767003
lrb,5410,167.665086372,0.3584758564710234,162.88597878848807
lrb,5411,201.391133278,0.3455775402110422,202.10430872300094
lrb,5412,195.683871403,0.34917922076610847,195.30666297463807
lrb,5413,213.620005926,0.3668701490697379,212.03996878231274
lrb,5414,163.608464432,0.3796440276952772,161.31790915096505
lrb,5415,156.948350443,0.3572121550622886,156.6120085772346
lrb,5416,158.159845458,0.3790537152756652,165.76325130088654
lrb,5417,156.799862541,0.3591043892167128,153.21361831964234
lrb,5418,181.325419372,0.33162479425864244,98.83074475456687
lrb,5419,190.899591555,0.31888665340825645,128.3756934371649
lrb,5420,215.605686936,0.3379329259030557,109.28936052509384
lrb,5421,162.125006976,0.32999981590926974,144.0633855183919
lrb,5422,134.939511456,0.35950007586507127,133.86660404579314
lrb,5423,137.695570743,0.3584332437119411,137.004205382104
lrb,5424,146.548197256,0.3183954995307889,149.55425573610793
lrb,5425,153.296931969,0.30355862312963316,148.50844283758425
lrb,5426,152.343251911,0.3143618758767843,129.6834913665173
lrb,5427,159.153630178,0.35426347021774574,48.631311214671406
lrb,5428,157.532021988,0.37592839334635125,38.95734070422603
lrb,5429,163.297978102,0.36467563913714507,72.94696682200713
lrb,5430,145.243970656,0.3558838078119222,134.65121056051814
lrb,5431,141.517289601,0.3652209501084745,144.0638412475586
lrb,5432,145.181049297,0.35502265235894026,145.6327548157935
lrb,5433,139.766129988,0.3437839577131182,139.88081285065297
lrb,5434,138.215354022,0.3446762652228807,137.00491174436084
lrb,5435,162.65641391,0.375926707230218,161.05937488032325
lrb,5436,153.747190169,0.38347477794531565,148.77091686772366
lrb,5437,155.729758578,0.35759177755056737,159.2295338350184
lrb,5438,149.009726348,0.34662021019728434,145.6337662042356
lrb,5439,149.111372293,0.343675712556959,83.14470352472043
lrb,5440,164.460789499,0.3772800629184252,110.07543553371055
lrb,5441,165.18415704,0.3875198902368175,168.1201009413775
lrb,5442,181.419279045,0.3910591909353682,181.71635930678426
lrb,5443,176.990949762,0.40895015209426167,175.96442000445197
lrb,5444,155.283057412,0.39876915519661194,150.07983775419345
lrb,5445,152.361714182,0.34840520756703314,150.86448498894185
lrb,5446,150.425649534,0.372958234568548,93.60411825741039
lrb,5447,169.914981867,0.3951496848926592,102.75555321188534
lrb,5448,171.184868581,0.4333430686261919,58.829607047286686
lrb,5449,162.598569218,0.40612931802744323,93.86611639284621
lrb,5450,155.2119587,0.42059161993686783,102.75611473532283
lrb,5451,149.701309841,0.3867069203471472,150.08145889581417
lrb,5452,157.747494431,0.4053138845049373,158.70989122577743
lrb,5453,206.744641908,0.437553323556341,203.42057516060626
lrb,5454,217.22200439,0.4185253531831066,214.402115167356
lrb,5455,162.402776227,0.4022013620837875,120.27444802078546
lrb,5456,144.416143913,0.3800365736162707,137.53130729525697
lrb,5457,155.008574022,0.37388751409911175,159.23319289263557
lrb,5458,137.809585322,0.3770176602097659,135.9627836638806
lrb,5459,148.181379536,0.3688097577340337,144.85278816971123
lrb,5460,134.756044359,0.36457780075941965,129.16492255715764
lrb,5461,159.617645472,0.4137619665186656,79.48619791666667
lrb,5462,186.220136852,0.42609462703483697,108.24768362606272
lrb,5463,140.583883024,0.3665892093714684,106.41720518224379
lrb,5464,115.826185772,0.37728887239349224,83.93092391070198
lrb,5465,152.695991705,0.39845315831294953,126.28833860509536
lrb,5466,158.28863221,0.3926318654914697,156.87969387278838
lrb,5467,139.503020484,0.3792254734010513,108.2468400843003
lrb,5468,175.778224534,0.408369315966316,60.13706132477405
lrb,5469,145.852340938,0.4064012312137329,29.022658404181986
lrb,5470,132.720120282,0.35321804377309174,128.37929504992914
lrb,5471,129.325643348,0.3250130520184498,123.67291666666667
lrb,5472,122.531177659,0.35794225216660036,124.98023226868872
lrb,5473,137.295103817,0.38309410776511155,133.08564758300784
lrb,5474,148.748508341,0.3618426099552877,146.15889210420497
lrb,5475,123.775001808,0.33335755370995573,124.45732580446729
lrb,5476,124.865880343,0.3298469021017983,125.76472413306143
lrb,5477,125.313042605,0.33574889957778264,123.15009262982537
lrb,5478,124.191762413,0.3294236329778776,123.41159626081878
lrb,5479,125.890816766,0.3202016712663481,120.0125893985524
lrb,5480,113.145038657,0.316567151339401,111.3843374813304
lrb,5481,114.643892085,0.3877196040957473,112.43028782863243
lrb,5482,127.135118777,0.40302823617047995,120.01290758918314
lrb,5483,132.711718275,0.46573135245080094,66.67392192167395
lrb,5484,160.167553735,0.4324183304081945,106.67829087201287
lrb,5485,157.798301936,0.36982593673520386,147.728577856924
lrb,5486,138.147097009,0.3722446475471004,139.6232210047105
lrb,5487,125.382384148,0.36426599502819285,121.84361117493872
lrb,5488,127.480484916,0.4009425997256277,130.4721618951536
lrb,5489,134.923633653,0.3923589736513692,134.13285304050817
lrb,5490,127.064884392,0.39266816783299774,125.24310201009115
lrb,5491,107.006181971,0.40815582168900943,105.37167113061045
lrb,5492,113.821573274,0.3896889758781647,92.82130357330921
lrb,5493,108.766358661,0.35821780047567514,107.4636407291188
lrb,5494,109.163688765,0.35721474217060495,104.8490919524548
lrb,5495,108.044156864,0.39973953221608133,107.72541231641583
lrb,5496,123.536243994,0.3662505870220296,124.72104635799633
lrb,5497,145.35543769,0.349905027710836,145.90026415656595
lrb,5498,151.114896018,0.35073814500366357,148.2536746754366
lrb,5499,153.80265224,0.3448733588059743,148.25386756448185
lrb,5500,176.151112051,0.31384550656409976,122.89130386651733
lrb,5501,177.659515959,0.31506848335266113,51.77133286420037
lrb,5502,174.252772562,0.30983386151492587,104.58860733929802
lrb,5503,162.719474887,0.3126965971610036,163.68138831643498
lrb,5504,139.828008243,0.3262944062663113,138.84180710736442
lrb,5505,148.983529859,0.3859307176783575,147.47061929141773
lrb,5506,149.863134588,0.4103152005290481,148.5167729396446
lrb,5507,155.818723198,0.3822352662557732,156.09978547937732
lrb,5508,166.068304489,0.37997406110988824,166.03607102936388
lrb,5509,172.469681981,0.4009051917155096,170.48142065908394
lrb,5510,183.422998945,0.3884481440128928,184.07841183531517
lrb,5511,167.006490398,0.3854961791708146,169.43611082189224
lrb,5512,136.316253652,0.3799855151825403,132.5682846069336
lrb,5513,135.527946806,0.38970527314094905,131.26112042595358
lrb,5514,134.946434895,0.3655264077219502,132.56872744092755
lrb,5515,117.432101504,0.35277034166395527,117.40327007817287
lrb,5516,126.132243098,0.29748253300969074,106.42140820073146
lrb,5517,158.372925704,0.29395196185662203,33.99214052686504
lrb,5518,158.015140727,,0.0
lrb,5519,208.955477285,0.3000319613421217,61.447588004317936
lrb,5520,175.615871145,0.31744901951314625,155.31865982354856
lrb,5521,147.596338558,0.34195507017288423,141.983203125
lrb,5522,143.177779474,0.36049721559340303,138.06091123094745
lrb,5523,129.214779314,0.37092815096044357,134.40015534045648
lrb,5524,138.487349745,0.3817615714388936,136.2304724599801
lrb,5525,148.933572529,0.39865342688223504,147.99689001943554
lrb,5526,147.875409836,0.41650737553518985,147.99679801791322
lrb,5527,136.791635908,0.4281939595534216,135.18427435183057
lrb,5528,159.826356805,0.4062244172890981,156.88680940515854
lrb,5529,154.648467438,0.3816339797892812,154.27194692574292
lrb,5530,164.17071747,0.3587335821130025,166.56125575046912
lrb,5531,151.994537791,0.3870604607513396,154.27164848178043
lrb,5532,176.146103351,0.40529715048060533,175.71251283533434
lrb,5533,164.036660401,0.4104157577144022,167.86786570829503
lrb,5534,224.43728892,0.3500678436382778,212.0570224836761
lrb,5535,254.003914232,0.4495900302048189,65.10749807918772
lrb,5536,269.46141578,0.5250070303678513,73.21325309603822
lrb,5537,288.095739764,0.43840941194421756,84.1952766268861
lrb,5538,226.55989435,0.4238741450497638,96.22329484528186
lrb,5539,152.716723961,0.41126116923571165,116.88005963493796
lrb,5540,140.147813922,0.39359930071026783,134.92214723474842
lrb,5541,142.770672215,0.4018509399226244,145.3814665551279
lrb,5542,137.784636926,0.43380688240592796,134.92259736902574
lrb,5543,126.247403148,0.43629609866530505,125.24812858431945
lrb,5544,129.095916439,0.4460883228602763,131.00087764964385
lrb,5545,142.124356653,0.4558766337665351,145.1209924735275
lrb,5546,135.01056132,0.43334524093517957,131.5243014167337
lrb,5547,130.099765211,0.4212857692602621,131.26304761101215
lrb,5548,132.711579415,0.4319124192595482,130.7403200934915
lrb,5549,144.244967439,0.456460230185994,145.90641919304343
lrb,5550,156.660041857,0.4667595337791696,157.41185132194965
lrb,5551,143.734015197,0.43447196272286503,143.8150459738339
lrb,5552,159.475738673,0.42606156348945606,131.7870968388576
lrb,5553,156.118087598,0.4560991524379137,122.63540392108992
lrb,5554,140.973224107,0.4376672297193293,134.14065985586132
lrb,5555,166.668076131,0.44419951629638676,163.42665393305762
lrb,5556,185.210022893,0.44492931238242556,190.3593479829676
lrb,5557,135.062060015,0.424667734674543,134.14066512163947
lrb,5558,124.212190266,0.43280052205466024,125.25029482374003
lrb,5559,130.947397251,0.4680829919889364,132.5719446518842
lrb,5560,116.637014295,0.47565287564482006,113.48375519397213
lrb,5561,120.751455968,0.4619750283253243,124.98910516477099
lrb,5562,132.654889529,0.4473501180136015,131.78780930463003
lrb,5563,134.680193071,0.4336696091612337,132.31093630323224
lrb,5564,126.772947846,0.42792809009552,129.43482612161074
lrb,5565,128.52637501,0.4372111340181543,57.00367042691099
lrb,5566,131.72106014,0.4312467575073242,1.5689097684972426
lrb,5567,219.707862351,0.3750999741117406,84.19830896714154
lrb,5568,219.348618064,0.4280631265936107,71.64716811834597
lrb,5569,531.286412232,0.37263036307535685,397.4602183921663
lrb,5570,190.584644821,0.3250688998263126,110.08588101256127
lrb,5571,163.511340374,0.3359171408221379,169.1817345413507
lrb,5572,137.087403303,0.36939818442925904,132.57355481316063
lrb,5573,135.027869108,0.385592012848107,135.1883733113607
lrb,5574,129.427693934,0.3890040839419645,133.3579658059513
lrb,5575,129.570392416,0.38828437450912695,129.69713688270718
lrb,5576,117.158490217,0.37067571208883293,116.62283391017539
lrb,5577,112.641815551,0.3447466041761287,111.13163203819124
lrb,5578,118.663312238,0.3624247807944031,119.237706711713
lrb,5579,113.932070162,0.39656165131560056,112.70054961559819
lrb,5580,112.937567513,0.3890838267229427,111.91612605674595
lrb,5581,104.581597367,0.359883115327269,104.85606225705612
lrb,5582,127.399536079,0.3413252460087841,129.17438545975028
lrb,5583,145.760130108,0.3378446991082983,144.3406935747932
lrb,5584,154.319656306,0.3384664545967648,162.64490640677658
lrb,5585,168.796222288,0.2976380714826752,162.9064973120596
lrb,5586,193.942306671,0.25688155410460517,98.58074559230431
lrb,5587,204.364129965,0.25298459194307255,33.208928246591604
lrb,5588,153.301197138,0.2866407873925198,69.8173189051011
lrb,5589,144.898607464,0.29993057250976557,29.286693857230393
lrb,5590,151.910140599,0.302235095694875,54.65111981560202
lrb,5591,133.397035555,0.31704302830032155,41.31520556281594
lrb,5592,141.98662038,0.274276573688556,50.99036676743451
lrb,5593,141.98997543,0.2866707124834206,120.54642989214727
lrb,5594,164.463649683,0.2982312935081559,156.10900807100182
lrb,5595,159.499652104,0.3417077812494016,106.68767215504366
lrb,5596,151.503156295,0.34613862781191035,153.23280074175668
lrb,5597,146.283390069,0.34630642562530506,149.31060485839845
lrb,5598,138.875152016,0.365698087691796,134.14425686106964
lrb,5599,144.139222791,0.34294891952335166,137.54372998405907
lrb,5600,138.651210383,0.30034644195011684,91.52162888470818
lrb,5601,134.806968233,0.2985687255859375,112.44094220329734
lrb,5602,129.159388612,0.3017906212518292,64.84977381089155
lrb,5603,146.737318525,0.32974050748306993,151.14200541178386
lrb,5604,136.078464599,0.3820913708300473,137.80620015462242
lrb,5605,146.659068778,0.3896497706954296,135.97597757975262
lrb,5606,163.321046817,0.38227261884663355,163.1714537676643
lrb,5607,153.275287931,0.41516643513812734,153.49649341059666
lrb,5608,169.229693582,0.4192949963286293,172.06280628279143
lrb,5609,144.309927546,0.40634344068958483,142.25278128829657
lrb,5610,134.073020778,0.4190237988436737,127.34784309536803
lrb,5611,139.165622608,0.40292429650031153,139.37682910993988
lrb,5612,149.021033543,0.35034752368503524,147.221923678529
lrb,5613,137.401809861,0.3212620866694574,70.86538307339538
lrb,5614,123.595765292,0.31417913280782245,54.91422316607307
lrb,5615,122.980667535,0.3080870509147644,3.922451243681066
lrb,5616,151.32412435,0.3080870509147644,0.7844902487362132
lrb,5617,148.21555183,0.22680802643299103,2.353479093663833
lrb,5618,155.263313118,0.24276341497898102,2.0919850068933825
lrb,5619,157.942118945,0.25817961448972876,2.8764874626608457
lrb,5620,148.948775862,0.24969754310754633,33.99487753475414
lrb,5621,138.348724771,0.2917767437693571,107.99926677030675
lrb,5622,127.808571613,0.3066870707919505,127.87337386187386
lrb,5623,114.462641358,0.3123606946961633,75.8349770938649
lrb,5624,104.346896476,0.3276964910328388,4.184005438112745
lrb,5625,112.267037009,0.3369391654782436,71.12820252063227
lrb,5626,119.570423451,0.3312513125749269,123.69001399021522
lrb,5627,133.333573004,0.30010317466240155,132.31972644282322
lrb,5628,123.247371289,0.2688930613461451,52.038836251053155
lrb,5629,122.026420698,0.36017826199531555,1.830512222589231
lrb,5630,134.314201692,0.3412299156188965,17.259144861557907
lrb,5631,147.41614979,0.3412299156188965,20.397171200022978
lrb,5632,116.754577998,,0.0
lrb,5633,125.638956723,0.32211474427069076,51.77760781680837
lrb,5634,141.487319585,0.4348097836179487,141.73451095281865
lrb,5635,122.531272588,0.4378752353923772,120.02963400448071
lrb,5636,119.874654981,0.43865477197540675,119.50648734896792
lrb,5637,141.180863516,0.4169041527841325,139.11896302466297
lrb,5638,136.927973871,0.41017764399293805,133.88873512417663
lrb,5639,138.665246877,0.4172412361115661,140.1645620607862
lrb,5640,139.641157813,0.39511993527412415,136.76480868470435
lrb,5641,145.317839042,0.36247907896334514,144.87113096947763
lrb,5642,142.584766971,0.3169529693905781,139.6409948610792
lrb,5643,129.597330139,0.28042860381538043,66.94391488467946
lrb,5644,120.2910123,0.33443065840946995,124.21233502556296
lrb,5645,124.918435439,0.3701606628899815,124.47375910141889
lrb,5646,130.562826046,0.3514053590950511,131.79567072251263
lrb,5647,145.003225666,0.32581816341287345,145.91664850571576
lrb,5648,153.057453405,0.34212973489336773,152.715658120548
lrb,5649,119.969388467,0.3789902173115739,117.15169040455537
lrb,5650,133.222282469,0.3580106616831939,134.41056536506204
lrb,5651,122.400381395,0.3685936865418456,123.68891915714042
lrb,5652,126.981845603,0.39419836751302756,124.47322369743796
lrb,5653,138.529468236,0.40754535259487473,139.9014497644761
lrb,5654,106.098740518,0.4310207260035766,106.4295773076076
lrb,5655,103.215420769,0.43489301300048827,98.06152071485332
lrb,5656,105.975455342,0.41665482037153434,101.46086853625727
lrb,5657,125.31163807,0.3784775592146381,129.702423694087
lrb,5658,163.026528352,0.4368910193443299,91.52385651831533
lrb,5659,186.165241688,0.5173882864139698,14.120819091796875
lrb,5660,202.792686747,0.5449557900428772,33.733022802016315
lrb,5661,161.601317248,0.4060688614845276,76.61828463685279
lrb,5662,156.694520856,0.395629950734072,89.95457308900123
lrb,5663,216.503256121,0.3898220423609018,20.919669506596584
lrb,5664,241.169103808,0.4965057075023651,14.905289145076974
lrb,5665,181.666204752,0.5119323124145639,37.9169636146695
lrb,5666,138.290293304,0.43245669562912464,104.07552502202053
lrb,5667,140.414585759,0.3785826358873889,138.59316328460093
lrb,5668,120.863181058,0.4039653345490948,120.81159075568702
lrb,5669,106.326503481,0.44861518868484407,104.8604742012772
lrb,5670,112.898505091,0.4362377912014514,112.18259771010456
lrb,5671,121.642425108,0.3921188762904283,116.62826780431409
lrb,5672,117.299401459,0.4067037869789447,89.43256593592028
lrb,5673,176.588322669,0.4735145358032246,102.76925847670611
lrb,5674,207.315453159,0.4646793421313697,66.15941090303309
lrb,5675,185.785816362,0.503609299659729,21.44299352309283
lrb,5676,142.674643478,0.4357534007983165,29.02653766706878
lrb,5677,146.435385621,0.47232009304894346,11.767533694996555
lrb,5678,138.257548877,0.412775027993563,77.40434405756932
lrb,5679,137.162641043,0.3935977403213562,133.1043070774452
lrb,5680,364.116756343,0.46384948683421506,362.44252657422834
lrb,5680,28.8539870275,0.4623622128722864,28.50371186499502
lrb,5680,101.771634089,0.47398337381226674,100.67831630332797
lrb,5680,28.8539870275,0.4623622128722864,28.50371186499502
lrb,5681,144.581308193,0.4434857728190431,141.47273095822803
lrb,5682,121.663558107,0.4373450785049243,122.64471653956994
lrb,5683,106.154472837,0.46389534741640087,104.6011817782533
lrb,5684,100.226651611,0.481084588682279,100.41726457184436
lrb,5685,104.809042705,0.4726342916488647,100.67891752953624
lrb,5686,124.674565113,0.47830996877686144,125.78346904679842
lrb,5687,111.576205737,0.48306646426611827,111.6624252020144
lrb,5688,121.208965578,0.4997567549219419,121.33826691870595
lrb,5689,124.84321307,0.4861949209790481,124.21488653444777
lrb,5690,112.406182625,0.4262257817259246,109.30919285194548
lrb,5691,119.186102927,0.4094479063637236,122.3845863791073
lrb,5692,130.491645565,0.41887973109070137,128.13784436992572
lrb,5693,124.101750548,0.42212384457097335,124.47688048119637
lrb,5694,127.759835354,0.37760572874297704,125.52305525237439
lrb,5695,138.211603221,0.3556077877868963,137.81402237836053
lrb,5696,123.480561551,0.34373427008327684,124.21583871280447
lrb,5697,108.585508808,0.3670500197781707,110.87908729104434
lrb,5698,109.960403098,0.40262885966471257,109.83312494614546
lrb,5699,106.476179077,0.4192699027002883,106.43356915642235
lrb,5700,105.922393768,0.4254172775803542,107.21814682904412
lrb,5701,108.89241964,0.4282704652353907,109.31023218491498
lrb,5702,111.91213348,0.4664562769113173,112.70984048282398
lrb,5703,104.847088675,0.5082720500319751,105.12610096650965
lrb,5704,112.101162878,0.49481304644168117,113.75585219439338
lrb,5705,116.32252572,0.47888220898709444,119.77056337244369
lrb,5706,105.717709244,0.46464207722235096,101.20352361342486
lrb,5707,142.641569441,0.4501597834995178,139.6451754401712
lrb,5708,159.222291889,0.41581000202048607,151.15158924775966
lrb,5709,181.209601036,0.41713594927869996,121.33983719769647
lrb,5710,178.429865155,0.3776158950909847,93.35854842242072
lrb,5711,168.918121797,0.34704078472766686,50.732693122414986
lrb,5712,166.233446078,0.3450000286102295,47.33312656178194
lrb,5713,193.455307418,0.3916038785016898,69.03837244370405
lrb,5714,188.047114911,0.44615523661939327,83.42137292600145
lrb,5715,90.7602927657,0.42352011799812317,39.48785696590648
lrb,5716,106.826535398,0.4485490156544579,28.243010756548713
lrb,5717,122.6204165,0.43476619198918337,12.55246644861558
lrb,5718,148.916351999,0.38559551640998496,89.95950915766697
lrb,5719,135.680812739,0.41782063140999526,133.8933838489009
lrb,5720,128.332889935,0.44015681282822866,130.23243623621323
lrb,5721,129.096072148,0.4166583535647152,129.44809274112475
lrb,5722,127.970951898,0.3892891727866099,126.3101411707261
lrb,5723,118.085021792,0.40990399438420505,72.96185572007123
lrb,5724,125.308764603,0.42252704866470825,81.06891593185125
lrb,5725,127.428695307,0.3893332170326241,131.54092625636682
lrb,5726,121.275714635,0.40278983869771845,113.75820070154526
lrb,5727,114.21109492,0.4049186346063853,114.80440877278645
lrb,5728,110.234126695,0.399132853847439,108.00521844602099
lrb,5729,109.285530223,0.3902900647597509,108.00536430209291
lrb,5730,113.662352298,0.3966904753486943,115.8509583716299
lrb,5731,113.840420274,0.38897793523949986,112.71294896742876
lrb,5732,103.686062349,0.3913894184955636,104.86764786664179
lrb,5733,108.654654336,0.3988538481132748,108.00589052088121
lrb,5734,115.82198022,0.4157796359701313,112.19018069996552
lrb,5735,132.981497918,0.3913937269159759,136.77272635067212
lrb,5736,118.661544979,0.42719859497393814,207.38234459372129
lrb,5737,101.257730286,0.4489228956645322,103.82209041819853
lrb,5738,119.541420756,0.43229144397520536,114.80598683076747
lrb,5739,115.027301594,0.43055468201637276,117.6828608793371
lrb,5740,111.646882839,0.446164887482764,115.59084661147175
lrb,5741,103.822593873,0.46448190051484045,102.77658841002223
lrb,5742,103.124554955,0.444588619286726,101.73059835994945
lrb,5743,95.6181120366,0.40116983412631924,87.87023844999423
lrb,5744,160.501602253,0.3239066320812324,90.74713481828277
lrb,5745,169.198336472,0.2899463915883904,52.8269339467965
lrb,5746,136.13998265,0.30160750187488194,131.28286207610486
lrb,5747,122.53336458,0.3136530541310644,123.17579031551585
lrb,5748,144.892720084,0.32442494983848275,145.92794557459217
lrb,5749,138.196038072,0.36374308358333596,137.8207037233839
lrb,5750,117.794163458,0.3455388598971897,117.68358297909006
lrb,5751,108.939678704,0.36163034563441926,109.0532932954676
lrb,5752,94.2469860725,0.3752899945280345,93.88509844611673
lrb,5753,116.679951474,0.4070948556597743,117.16007801130706
lrb,5754,101.540170056,0.39477119936297334,100.42280183679918
lrb,5755,103.985242626,0.39092476811164467,101.99178224451403
lrb,5756,106.218809258,0.407011184118857,103.82225826487823
lrb,5757,115.41436794,0.40770185917746027,119.77462876263787
lrb,5758,128.209812282,0.39476004062841336,125.52790069580078
lrb,5759,108.892398291,0.40218046935360885,108.00629218606389
lrb,5760,96.5191405713,0.3936087610867043,98.59176752427045
lrb,5761,102.759210224,0.38446856976800425,100.16095033533433
lrb,5762,109.124352525,0.394390816559814,111.40628401812384
lrb,5763,128.676341137,0.3670677289837285,124.22070761287915
lrb,5764,137.543838716,0.36753403098252463,135.72760063620177
lrb,5765,123.751435403,0.3413469848576291,121.34429626464845
lrb,5766,118.658210653,0.3387386478499631,122.12904519473804
lrb,5767,126.129724551,0.32777195724088753,122.65227260215607
lrb,5768,138.667395607,0.33576270569900624,108.0074000339882
lrb,5769,163.197442121,0.3559058806951472,78.97891941444547
lrb,5770,170.240342868,0.3128122514081415,165.54211542466106
lrb,5771,169.074581345,0.3733434447911154,167.6345235188802
lrb,5772,140.975645188,0.3989811055019196,142.0057456521427
lrb,5773,126.303415626,0.3748545603822705,123.69953753901464
lrb,5774,119.022178985,0.37056721488362576,114.5464916453642
lrb,5775,127.558149664,0.396406658288866,105.65491264193665
lrb,5776,134.809185219,0.35951592056907744,135.46865865669997
lrb,5777,130.479553483,0.3663496754443976,122.65422898834828
lrb,5778,133.247239945,0.3429117999838654,132.5922578699449
lrb,5779,157.608213374,0.32920112138363855,157.69867787080653
lrb,5780,143.522960076,0.34330299382235935,143.0535707062366
lrb,5781,152.127262877,0.3342362684718634,154.29931251675475
lrb,5782,145.826165864,0.31651863634586336,137.30044959573183
lrb,5783,152.576853952,0.2943569807406257,117.42474544749541
lrb,5784,207.561344467,0.3078080452325051,44.72083013197955
lrb,5785,264.094323882,,0.0
lrb,5786,233.762849836,0.23360846916102043,113.50255809110755
lrb,5787,207.16001151,0.29579888429217693,155.86974559110755
lrb,5788,169.274127989,0.33586956363629034,168.16149184283088
lrb,5789,173.591400737,0.3865687442962885,175.48422286089726
lrb,5790,174.833398507,0.4089849527997643,174.9610770730411
lrb,5791,145.464174616,0.40397486929859067,144.88541457232307
lrb,5792,169.538951837,0.37154083987980174,172.60711176255168
lrb,5793,215.803513469,0.3318223211021931,206.3438612994026
lrb,5794,526.967682384,0.4295877327381725,427.07252113491876
lrb,5795,359.971198664,0.426790726228089,216.28236443014706
lrb,5796,185.491791118,0.35071921595057154,104.34847259521484
lrb,5797,196.479481723,0.34340337110890273,117.68615543141085
lrb,5798,190.899011784,0.3295607223574604,87.87215169270834
lrb,5799,211.208233742,0.36851587785141804,58.58135247324027
lrb,5800,210.77021227,0.3701796762728959,46.551262410481776
lrb,5801,229.905091484,0.36439624428749084,28.50611012776693
lrb,5802,210.547558283,0.3941786137494174,28.76763407389323
lrb,5803,200.791831013,0.3789905411739872,38.18243689443551
lrb,5804,267.119880888,0.3591923827535651,162.92920167212392
lrb,5805,308.135053506,0.3706246150619662,282.9689703249464
lrb,5806,272.134240197,0.36573768495785747,257.0784424127317
lrb,5807,173.193914023,0.3689744153193065,80.54965389476104
lrb,5808,186.512056857,0.3505727576798406,15.168462416704962
lrb,5809,182.017731334,0.3452010049924746,23.79880433924058
lrb,5810,169.053076492,0.4124440550804138,8.368824678308824
lrb,5811,167.682180618,0.3283316712084315,135.20904181985293
lrb,5812,136.810168688,0.3091044571576463,137.56290256275852
lrb,5813,138.904080174,0.3256921347275198,131.28631905948413
lrb,5814,140.983395517,0.3576941472414042,140.43981798957378
lrb,5815,140.240059995,0.40303013036044705,142.00905205221738
lrb,5816,135.310686382,0.414904969800041,131.28645818373735
lrb,5817,144.607061485,0.3989862256951185,144.62434252570657
lrb,5818,153.41003183,0.42098130621425406,95.19585418701172
lrb,5819,165.081394504,0.4190566428005696,77.41204645493451
lrb,5820,161.787683998,0.4246792544921239,56.48995522891774
lrb,5821,172.29233143,0.34444485350012505,111.6722852220722
lrb,5822,172.345829122,0.32711905737717945,20.399152508903953
lrb,5823,186.786957117,0.36663591477178753,16.214766169529334
lrb,5824,208.36983702,0.3532610926442517,43.67531457040824
lrb,5825,256.563667841,0.35593059587582526,120.04204137465534
lrb,5826,288.434895485,0.37098797900445024,204.5164374856388
lrb,5827,220.099266358,0.3917278589271918,117.95013744877836
lrb,5828,163.960995612,0.3408817122535973,149.85690774356618
lrb,5829,149.86368941,0.29154219814802657,143.0573061475567
lrb,5830,155.701519021,0.3185534703773586,148.28818134981043
lrb,5831,140.934789211,0.35365174362119633,138.61174938725492
lrb,5832,136.649174268,0.3590853051543236,130.7660170910405
lrb,5833,127.503394164,0.3531035670369375,127.62784085741231
lrb,5834,136.561332227,0.34234662152472,137.3047741160673
lrb,5835,149.343536548,0.3360520034320751,99.12112007889093
lrb,5836,155.686234094,0.3330956297485452,24.845683827119718
lrb,5837,174.923496071,0.2499064113944769,4.184549309225644
lrb,5838,160.841541377,0.3256589340180466,25.368854029038374
lrb,5839,146.437200467,0.26367534296486966,48.645534380744486
lrb,5840,134.381154383,0.24805712699890137,24.584316837086398
lrb,5841,154.85855214,0.233750913102748,15.43060832304113
lrb,5842,153.631964987,0.2965321738873759,81.07599909165326
lrb,5843,159.487999398,0.3101508596364189,111.15252416274127
lrb,5844,133.144954706,0.33408336620777845,125.53679567224839
lrb,5845,132.27728214,0.3301217680422971,131.55205248664407
lrb,5846,156.490114691,0.33080921328368307,155.61314706241382
lrb,5847,188.886048754,0.31784393886056594,194.3201372931985
lrb,5848,196.74035936,0.3551494831833403,191.18158102596504
lrb,5849,197.304138699,0.4316815610485848,129.45948836382698
lrb,5850,212.899469508,0.4009834943292343,114.29039827234604
lrb,5851,244.531313137,0.411020087123644,85.78310235715381
lrb,5852,240.355897798,0.3826936122316581,13.599743383071
lrb,5853,254.767837521,0.39101073750105925,76.10624569163603
lrb,5854,268.642565211,0.45115039133487783,69.56790843290442
lrb,5855,215.86215583,0.36860392180738283,103.82868843826593
lrb,5856,240.744978074,0.4012096156453372,139.65865316951977
lrb,5857,190.216446414,0.396407687601572,174.70405823950674
lrb,5858,333.142684651,0.4109992674071103,329.7930859135646
lrb,5859,441.712475218,0.3578779253079311,318.0243567373239
lrb,5860,210.229880011,0.3500504614724443,160.05857932894838
lrb,5861,146.982638838,0.3892968528476475,146.9821563720703
lrb,5862,205.949008848,0.39184973418183816,206.3505225686466
lrb,5863,300.51365945,0.3929351848496331,294.2261217902688
lrb,5864,279.565059626,0.3782239414241216,286.3802445355584
lrb,5865,209.496583561,0.35569276288936,124.22894780776079
lrb,5866,218.64132417,0.41806947897669594,101.73712732651654
lrb,5867,239.086998135,0.40189814557133374,224.1357271082261
lrb,5868,818.582201028,0.40353038985478257,457.16436929141776
lrb,5869,446.056856934,0.5335088016662896,438.857764898562
lrb,5870,277.903122168,0.5428904932483007,281.9365580240885
lrb,5871,200.818049233,0.49015385242649506,177.060464776731
lrb,5872,236.442673467,0.4171098365670159,54.92275193158318
lrb,5873,196.933588835,0.4615826606750489,49.95375417073568
lrb,5874,127.939521265,0.44217491149902344,13.338438415527344
lrb,5875,123.460055083,0.4397438550140799,42.892282702876074
lrb,5876,143.72946467,0.41569727291644637,137.83087316774856
lrb,5877,152.8762895,0.40328185464206495,149.0771873623717
lrb,5878,170.520809886,0.35683698300996425,168.1696980195887
lrb,5879,215.979377186,0.36972996992797047,214.20069262934666
lrb,5880,262.556467593,0.42069349949176493,255.00071704340917
lrb,5881,216.820137699,0.41408304226913045,218.12372038598153
lrb,5882,429.010659226,0.48771552321184514,370.86200091792085
lrb,5883,565.320606834,0.3824771792249469,563.8790226655848
lrb,5884,825.731135462,0.4215684597393069,811.2942761290307
lrb,5885,824.466175332,0.3637900082749326,837.448694864909
lrb,5886,595.127280044,0.39431450548836366,593.1698794495825
lrb,5887,450.607065133,0.3708726035807055,445.6617190791112
lrb,5888,475.938830218,0.3094743745773618,472.6016670077455
lrb,5889,306.634971741,0.30707591039801135,304.95484661027496
lrb,5890,252.218124644,0.34227456786597554,249.50820833093982
lrb,5891,186.94756707,0.39440294022255756,184.3847386977252
lrb,5892,165.774638164,0.40649555922503694,164.2462837967218
lrb,5893,160.945054323,0.41738914726780824,157.70779140696808
lrb,5894,142.807730433,0.44151563057080057,143.06150228462968
lrb,5895,147.116188474,0.4367435959008363,145.15370851404526
lrb,5896,148.700030241,0.41309648312681874,145.4151020124847
lrb,5897,171.009369825,0.4156152888842073,174.44571993958718
lrb,5898,158.920710022,0.422646418162461,151.69189752316942
lrb,5899,160.519639794,0.41230735293141113,70.61526219985063
lrb,5900,172.097975693,0.351542191586252,154.30746071011413
lrb,5901,162.614566726,0.39565491530716623,160.58459415809781
lrb,5902,153.403576605,0.3947273584910565,150.6464240579044
lrb,5903,162.572959577,0.39492091531604034,158.4928804285386
lrb,5904,154.422350696,0.3804244413451227,157.18545457428576
lrb,5905,140.71959637,0.39172963275537864,140.97021110385072
lrb,5906,152.158964086,0.42324717136690365,149.33974247352748
lrb,5907,155.359837661,0.40610353631072665,155.09387999889896
lrb,5908,159.36122941,0.41056215317769984,159.27880634981042
lrb,5909,158.663478004,0.3938534779363121,157.97137914919387
lrb,5910,162.590480746,0.38558777917603976,159.54090929218367
lrb,5911,179.345077821,0.41169700719872304,128.15601303998162
lrb,5912,182.166677051,0.40471581014339625,163.9877107508042
lrb,5913,166.99259506,0.401581679482626,165.29570447136376
lrb,5914,167.852871152,0.4134480566112835,167.12672361486096
lrb,5915,124.457083139,0.42784490106032064,126.84905826344212
lrb,5916,138.763013574,0.4231178352378663,137.31102662927967
lrb,5917,138.565316451,0.4185781523668257,140.97285039565142
lrb,5918,132.283344506,0.4185809467778061,129.4650665582395
lrb,5919,124.458288896,0.4099474465082547,130.51146961286955
lrb,5920,148.381356463,0.41160627533089034,143.85055930941712
lrb,5921,145.786422673,0.3976484770654176,149.86636953914868
lrb,5922,153.861543319,0.3808067150329002,137.5738774318321
lrb,5923,179.09260305,0.34330504898095177,146.20522122850605
lrb,5924,135.676487178,0.31815349216025973,131.82022872625612
lrb,5925,123.954139594,0.3159738501821987,120.05059395584406
lrb,5926,119.278326148,0.33958196139027336,121.35830461090686
lrb,5927,113.364995561,0.35887756183086583,112.72722108130361
lrb,5928,110.59473398,0.39187360123951487,111.68100909064796
lrb,5929,112.011515798,0.40843590214268843,114.29644658705767
lrb,5930,129.565254025,0.3979216057799651,128.94309058095897
lrb,5931,134.146456375,0.3870764915500918,129.7277362898284
lrb,5932,125.221457952,0.375255481858678,126.32759920008044
lrb,5933,141.423649116,0.35085807078103864,139.40497352749694
lrb,5934,176.145854782,0.33982108742654227,154.57468719482418
lrb,5935,173.890226003,0.36782085822339644,74.54104389863856
lrb,5936,154.625137805,0.3941644440710017,29.554902798521752
lrb,5937,148.222250752,0.31174074046647365,52.571305039349724
lrb,5938,194.893432752,0.3543685777844506,196.42309079637715
lrb,5939,146.163057914,0.35264930359991714,141.7595771639955
lrb,5940,237.831257164,0.4070135492544908,238.00935971129172
lrb,5941,251.336523018,0.425766943360918,250.56346205169078
lrb,5942,205.108260736,0.4133802777943537,202.96147036084943
lrb,5943,279.359867618,0.3524589566101341,277.50255539838
lrb,5944,255.180494992,0.34906822615643834,171.57545330571193
lrb,5945,250.220692041,0.35792241966587374,113.77335959041821
lrb,5946,199.109469279,0.3883530211789876,146.2051845774931
lrb,5947,158.373367409,0.37652565222797985,103.5730104932598
lrb,5948,179.405358157,0.3340963457925168,94.41883820178461
lrb,5949,270.690058106,0.3942346210332261,25.370199644799328
lrb,5950,238.686156345,0.3408018683443717,104.09623577641506
lrb,5951,253.109086826,0.3506604915789324,68.78731952742035
lrb,5952,263.006740743,0.3705419637262821,31.38587188720703
lrb,5953,248.586349727,0.38051391954727987,48.90972798665364
lrb,5954,298.700543371,0.37800872901390337,37.924716425876994
lrb,5955,289.464312825,0.32903578930906113,116.6513671276616
lrb,5956,375.114842302,0.352101602600906,261.02779816272215
lrb,5957,329.700316711,0.3228905828678666,216.56445910883883
lrb,5958,274.682264529,0.32047717163725464,199.30222518023325
lrb,5959,191.91961719,0.34648026304897317,135.74510480095358
lrb,5960,214.108590333,0.3221265784917622,142.5455105052275
lrb,5961,189.02081451,0.32018435778825177,72.18824750114891
lrb,5962,216.433918253,0.30592637884253915,111.68256162755631
lrb,5963,220.737483085,0.2800828823554674,137.83776595171759
lrb,5964,216.696936742,0.2877051173286005,172.62414993585324
lrb,5965,145.628457582,0.31902106081673864,142.54568065568512
lrb,5966,148.228880878,0.34402618297310766,146.20754259894875
lrb,5967,191.580502041,0.33472751709352055,195.37958266314337
lrb,5968,185.633506715,0.3193420317578822,184.39458914364087
lrb,5969,162.512713555,0.34126935698528865,165.03984545539407
lrb,5970,162.708039006,0.3581543837372697,159.28588167078354
lrb,5971,144.374134876,0.350411249314501,143.5928705552045
lrb,5972,136.852430224,0.3580691203964979,135.22330887738397
lrb,5973,136.142249594,0.34909376279544263,133.13102650361904
lrb,5974,194.385034939,0.35507948521426763,189.10381484686164
lrb,5975,232.382599178,0.3715107628753065,234.09144346947767
lrb,5976,271.315790827,0.39912289878685964,272.54033421535115
lrb,5977,157.704455933,0.4242022919011559,155.1021676157035
lrb,5978,231.305862605,0.4103348306897614,225.98399173512178
lrb,5979,265.591426713,0.4068746823468246,267.8332450717103
lrb,5980,216.793200429,0.383768262711639,310.72885984532974
lrb,5981,176.59376066,0.3686325684145841,177.33548332663145
lrb,5982,163.19831573,0.358556987012025,168.44279809091606
lrb,5983,186.381122608,0.35427799495939194,182.30561442655676
lrb,5984,207.812644948,0.3895330099090709,173.15135794246896
lrb,5985,353.163982697,0.413922147212746,196.4298079845952
lrb,5986,357.348879755,0.3900866583089432,195.38384716557522
lrb,5987,457.630858351,0.37084196901424615,362.5203073838178
lrb,5988,453.753478747,0.34874857297200074,325.90274439793006
lrb,5989,579.669607485,0.3061628588255254,542.4754760742188
lrb,5990,255.181814344,0.4275155349749198,252.928656873516
lrb,5991,207.614566935,0.419977347859842,206.89435795802694
lrb,5992,208.705570978,0.3917611901060821,206.89464886235257
lrb,5993,213.244773223,0.40026245827128165,205.32556062586167
lrb,5994,249.124286282,0.3846132259843703,245.60623985739315
lrb,5995,228.135073546,0.34529413188123975,226.25105779311238
lrb,5996,191.91240753,0.32522698574144226,191.72516066607307
lrb,5997,219.160764704,0.3514586230308066,219.97399130428536
lrb,5998,244.14991473,0.3469113139196848,244.822548271628
lrb,5999,241.908972379,0.3379408747776953,199.83391041475184
lrb,6000,289.216463365,0.3551277758794673,222.32852756275852
lrb,6001,276.55526698,0.3509047056652766,219.18987875545727
lrb,6002,240.499691929,0.337926491945982,104.62519208122703
lrb,6003,171.669936413,0.3188287317752838,30.341299977022057
lrb,6004,154.414741767,0.43808636133388806,24.325323845358454
lrb,6005,131.40346496,0.2908139140517624,91.80843119901769
lrb,6006,134.169010171,0.3190318760812147,114.8258124856388
lrb,6007,130.215437587,0.3212354618861493,130.2577969719382
lrb,6008,127.071940082,0.3333383382808778,129.7344606287339
lrb,6009,130.499428136,0.3584056629008981,131.30362324434168
lrb,6010,119.113464313,0.40597616853294793,119.01005796544692
lrb,6011,121.103884787,0.404420351552651,119.79452059876687
lrb,6012,127.90432826,0.4063770710813756,128.16422421324486
lrb,6013,142.378306849,0.42051585150115633,142.28820349001415
lrb,6014,143.698334852,0.42605168887134814,140.4570571899414
lrb,6015,144.521704492,0.44019185071879063,143.33395918303844
lrb,6016,142.295986249,0.46569686818500644,148.56485954733458
lrb,6017,139.240720503,0.4831487821297088,136.27139117670993
lrb,6018,131.457260148,0.4759541734300479,129.47067799287683
lrb,6019,141.876734867,0.4634638148417111,144.9022783765606
lrb,6020,146.12317297,0.4658874119447026,144.9020306456323
lrb,6021,152.105768159,0.46399246304966313,149.34822650984222
lrb,6022,153.593384862,0.4435660436699285,155.36372824276194
lrb,6023,184.402694443,0.3971951444787303,166.08724460975793
lrb,6024,185.434317505,0.39901460878616946,59.11132743685853
lrb,6025,186.264934466,0.3644208759069443,54.40329829197304
lrb,6026,187.432672054,0.3436860144138336,38.710038488051474
lrb,6027,172.946455834,0.36292392150922254,86.31304572610294
lrb,6028,182.892048514,0.3906974975376913,95.46734894397211
lrb,6029,166.14206486,0.4072039526989138,102.79104847627526
lrb,6030,146.246440897,0.3748987198792971,85.00548358992033
lrb,6031,162.864805857,0.3014771896402549,102.26833418303845
lrb,6032,177.010459715,0.3462135813585142,64.34281876507927
lrb,6033,194.616241032,0.38020564062254775,109.85372027228861
lrb,6034,208.631109331,0.4154813802080456,115.60787724513634
lrb,6035,178.181490673,0.3510135421478335,143.0712117213829
lrb,6036,165.652780937,0.32949828146544446,162.4262856876149
lrb,6037,150.213708433,0.301215209734084,70.09702555338542
lrb,6038,165.208942227,0.35423339022103184,121.6232972986558
lrb,6039,129.883941213,0.3362175374923338,129.9929609111711
lrb,6040,128.948759907,0.36157022564371744,126.5925537408567
lrb,6041,138.54339765,0.34574845876012533,137.3160919787837
lrb,6042,136.64482103,0.33004093323143713,137.57746959013096
lrb,6043,141.444023772,0.3793586836148403,136.7926248887006
lrb,6044,135.877551546,0.4035770925821042,133.39223749497356
lrb,6045,143.495155155,0.39194009261471885,146.46968392764822
lrb,6046,140.184176199,0.38118194984165893,137.57665144976448
lrb,6047,141.726106849,0.3803479593500868,145.94609823787914
lrb,6048,126.517319684,0.38711638231790085,128.94499377082377
lrb,6049,145.194959685,0.4480605343759279,142.80699044021907
lrb,6050,133.782683462,0.47228564090462793,131.29854347378603
lrb,6051,143.130526521,0.39092425203948433,139.66791301054116
lrb,6052,159.812067701,0.37134303860464124,99.65056215174057
lrb,6053,200.515125656,0.3165213483915055,181.7769172518861
lrb,6054,187.194305762,0.3477079919097144,187.26924935135185
lrb,6055,173.008601586,0.3890993040800095,170.00691971124385
lrb,6056,110.658568708,0.42025428894089495,107.23511131137026
lrb,6057,111.1685462,0.3925956505652211,108.28124093448416
lrb,6058,165.140062775,0.39313827137478063,63.817931291168804
lrb,6059,196.040462036,0.3953257330981167,71.92594715193206
lrb,6060,185.89153142,0.40597257819420624,86.57268054438572
lrb,6061,126.805174823,0.41250628751835655,117.17391291599648
lrb,6062,126.433182247,0.37307029641927886,106.97367954628139
lrb,6063,136.557260066,0.34911718590462465,122.92830822514554
lrb,6064,132.586461087,0.3641233744250761,77.41880837234797
lrb,6065,146.873613713,0.33385970977603197,144.11422768387138
lrb,6066,147.630329083,0.3619206575693283,147.77612185010724
lrb,6067,150.611131608,0.34503578805626495,146.99167037664677
lrb,6068,153.77900473,0.3428184601545893,111.68247674680224
lrb,6069,155.804510817,0.36757057269140697,151.9615692138672
lrb,6070,129.208465674,0.3937019473640721,128.9451171875
lrb,6071,120.263567743,0.3839116866009501,119.52941140567556
lrb,6072,113.942129355,0.3602541111208297,116.12939156924978
lrb,6073,103.35736272,0.3715342610998227,102.26727187212776
lrb,6074,129.311696265,0.3792618266173771,128.1612382776597
lrb,6075,140.666619053,0.3701877761770178,141.23915234734034
lrb,6076,154.246803991,0.36196393477611055,153.00934460209865
lrb,6077,133.451183334,0.3565824748027937,132.34677812164907
lrb,6078,125.942151935,0.32851279645087095,123.7156835817823
lrb,6079,147.983080176,0.32898445728668674,144.90190633138022
lrb,6080,153.098928201,0.37638458599426877,153.5334743424958
lrb,6081,147.204161905,0.4127670232213247,146.2100321451823
lrb,6082,150.232655109,0.413619783093498,153.2721466363645
lrb,6083,128.898334501,0.40996765084164116,121.62386142506318
lrb,6084,117.561823887,0.40034564196223943,111.42314866009882
lrb,6085,115.408780981,0.37426645710962503,114.8233829573089
lrb,6086,114.76369237,0.3711932870351016,114.56182995964501
lrb,6087,128.514148419,0.35907410810479023,118.22364328421799
lrb,6088,133.063125294,0.36267864661251037,72.712812685499
lrb,6089,133.327281675,0.41142651438713074,1.8308992572859222
lrb,6090,172.824304985,0.31838161384102204,35.83337103151807
lrb,6091,249.06325409,0.32406391816319163,69.3128287221871
lrb,6092,291.633849993,0.3482184238311065,157.45831005620022
lrb,6093,257.170351962,0.37372816650512725,151.18105534572226
lrb,6094,164.90765471,0.36272969144272665,90.49937292360792
lrb,6095,157.017894995,0.3288141401802621,53.61956667432598
lrb,6096,138.672425949,0.34649661516344077,46.819036266850496
lrb,6097,129.06465966,0.38708021201585474,99.3923293468999
lrb,6098,134.845770814,0.40648134418797455,135.22596836464078
lrb,6099,129.159482701,0.4180818550067373,132.0873495363722
lrb,6100,127.354823015,0.4065987267005394,125.02537695192824
lrb,6101,135.226368403,0.38191164267617606,134.96479590920842
lrb,6102,135.841836418,0.3936769793056092,138.62684391994102
lrb,6103,135.789810156,0.4225914363813872,132.0880511414771
lrb,6104,135.017058998,0.415447267931451,131.56514668184167
lrb,6105,144.970163032,0.39159826454908947,150.39779304055608
lrb,6106,148.347631045,0.36925554478467587,145.951489796358
lrb,6107,154.554295905,0.353904955995244,154.8448170381434
lrb,6108,189.073124855,0.33616171276288576,122.14975361543543
lrb,6109,212.888238036,0.32820364136314956,88.40832357967601
lrb,6110,251.628075697,0.33308043409532034,104.1023074280982
lrb,6111,221.819191347,0.3246983998898672,148.82984616148707
lrb,6112,178.780042602,0.3045910814265062,178.90987611658431
lrb,6113,160.527536615,0.3096730280630659,132.089869630103
lrb,6114,174.521270821,0.3226375950764177,60.94448355880438
lrb,6115,207.97140627,0.30867012833505364,77.68460235595703
lrb,6116,194.693980471,0.28272255795486906,154.32298742556105
lrb,6117,148.144542282,0.317775147747619,149.87655217787798
lrb,6118,140.439767872,0.34652658239664397,142.29142243628408
lrb,6119,121.734403742,0.3671385203467475,117.70448078828701
lrb,6120,120.186894612,0.3737182902765798,119.01248812207989
lrb,6121,130.952821443,0.339029756944571,122.67458902994792
lrb,6122,139.647221306,0.3042323024539681,74.80808290967754
lrb,6123,124.155583657,0.30975218594764653,67.74590289545995
lrb,6124,148.265751464,0.33748660524686175,78.47028844496784
lrb,6125,160.554325452,0.36237180370853855,118.75189331653073
lrb,6126,126.037202181,0.3954160868067639,133.1383119770125
lrb,6127,173.711039079,0.4043401914698477,171.32729219922834
lrb,6128,202.296056562,0.437260639005237,200.10001169840498
lrb,6129,292.377359721,0.44099329554092653,287.98765761431525
lrb,6130,152.089052793,0.4177156714868795,149.87881236356847
lrb,6131,174.479576335,0.38225005854160415,171.06596392463234
lrb,6132,212.465779599,0.3321698984982055,211.87088057574104
lrb,6133,194.331561001,0.32433169356486036,155.11058364568976
lrb,6134,268.231010863,0.3399131384103195,150.40267136517693
lrb,6135,162.635063551,0.34536359415334816,88.93393662396598
lrb,6136,147.256125211,0.3701511982466135,217.88829848345588
lrb,6137,174.62295192,0.3898805432301716,173.94478427662568
lrb,6138,185.914043456,0.3707078409076918,184.93108502556296
lrb,6139,191.230369369,0.37188383418755394,194.08633018942442
lrb,6140,150.543447015,0.3229191512603995,148.57317379222198
lrb,6141,173.496005005,0.30476649774580583,51.26825573491115
lrb,6142,195.883867203,0.3003767295317216,5.754618685853247
lrb,6143,227.29679461,0.3472444255177567,107.24523626589308
lrb,6144,221.068566236,0.45219504689787793,195.65739524691713
lrb,6145,430.381628663,0.43043695161212825,379.54444828407435
lrb,6146,230.309565673,0.4195161948860163,230.9697170781154
lrb,6147,224.163260439,0.44851579193073865,223.12257648542814
lrb,6148,171.418085304,0.4392826938594395,179.4395108989641
lrb,6149,190.501316069,0.44014543563210073,188.8561882168639
lrb,6150,189.90073153,0.44401634861787387,185.45582637412875
lrb,6151,187.967816699,0.4280421696811415,187.28669143377567
lrb,6152,173.320404974,0.39011499965720303,170.80780412262558
lrb,6153,182.945415232,0.3602062287948115,109.07644509708182
lrb,6154,177.288898752,0.31532673445044523,54.66902292288986
lrb,6155,179.863021233,0.37542574650773375,83.9656068689683
lrb,6156,175.771134255,0.3728389359917988,147.26700391582415
lrb,6157,161.925467615,0.37534858815131655,162.17706227022057
lrb,6158,169.107885276,0.41277162861971434,169.23992034313727
lrb,6159,174.174222338,0.44909524999502043,171.3328140857173
lrb,6160,154.27404759,0.4522056338165988,155.63845391366996
lrb,6161,161.830374754,0.4446763662477627,159.30079570097084
lrb,6162,163.782749527,0.43445852506356175,159.56262356627224
lrb,6163,162.713138494,0.42072907847071456,164.79446186738855
lrb,6164,158.307343075,0.3800056278211364,157.7321298038258
lrb,6165,158.290396049,0.3347181133077114,103.32383099724267
lrb,6166,159.403923736,0.3426537610934331,85.0135201846852
lrb,6167,149.754334816,0.3719268170839433,149.3623734418084
lrb,6168,140.790501031,0.4070721895921797,137.3299134198357
lrb,6169,140.862784437,0.40867413719941614,139.68437903909123
lrb,6170,152.018289175,0.38504912290875226,152.76371053059898
lrb,6171,155.175494097,0.3468612021947868,155.90295598647174
lrb,6172,152.953620485,0.32198110395121116,122.15903272441788
lrb,6173,158.06501369,0.3820087379879422,23.542474185719207
lrb,6174,156.405284413,0.33678088105115733,31.913213183833104
lrb,6175,157.054345232,0.3291035583242774,58.59480228798061
lrb,6176,183.074891779,0.34757344153045955,47.346776745366114
lrb,6177,226.794219841,0.37602533879709865,60.94928741455078
lrb,6178,252.196835394,0.3912076862020926,57.54873537549785
lrb,6179,209.138914919,0.38152764284092444,48.13183339436849
lrb,6180,229.091967224,0.4173217967059269,125.29968875062234
lrb,6181,180.59031291,0.375206931897089,73.76726935891546
lrb,6182,160.947132835,0.32461595587694464,104.11135759540633
lrb,6183,166.250210354,0.33512233942747116,58.59546018114277
lrb,6184,192.720145262,0.38267334498150246,37.14537915996476
lrb,6185,206.427899723,0.38507811489858124,34.79118137733609
lrb,6186,182.350437618,0.38257916074072595,72.98304320690679
lrb,6187,146.359010904,0.3445622050484945,112.48298285989199
lrb,6188,123.413301138,0.3776686386859163,122.94668444465188
lrb,6189,138.351245792,0.4032546278478495,140.21176793715534
lrb,6190,144.298675949,0.39609445429274015,146.49015449075137
lrb,6191,147.42806401,0.391793185193962,139.9506467931411
lrb,6192,142.372150762,0.43060790774596003,143.35155181884767
lrb,6193,129.509602515,0.4792002992362392,128.17951875574448
lrb,6194,128.994633446,0.45988245842703773,131.31881612141925
lrb,6195,123.971840313,0.4088650283500038,121.3785124535654
lrb,6196,132.941059119,0.37945742953598993,128.70320784624883
lrb,6197,153.293838549,0.39151410600718334,155.64730909758924
lrb,6198,155.385901942,0.4145759481491208,150.9388137218999
lrb,6199,133.599323756,0.44046761737464696,134.19696915570427
lrb,6200,138.295210573,0.48815459587419296,137.07442947088504
lrb,6201,133.611687504,0.46490809503124975,128.70329491110408
lrb,6202,150.164381416,0.4573912041309553,153.03114498362822
lrb,6203,118.342304359,0.5082476891510121,116.14662083644492
lrb,6204,130.228141828,0.5034673066144009,130.27244053260952
lrb,6205,130.91514461,0.49414939807437147,123.99413625679765
lrb,6206,126.684196694,0.5394409116393969,80.3084446626551
lrb,6207,155.381533234,0.5276387085850608,77.95408011043773
lrb,6208,143.31702999,0.4543536868806069,136.0269667681526
lrb,6209,124.277212789,0.4713279275909035,125.8248104319853
lrb,6210,139.051665776,0.5015558825659862,113.53007579130285
lrb,6211,169.607118221,0.5197215046266185,68.79820350198185
lrb,6212,199.554940571,0.5148563064061678,20.40402993594899
lrb,6213,276.453319916,0.4750834282239278,19.619259553797107
lrb,6214,265.359012042,0.4443208873271942,32.43717579561121
lrb,6215,203.292935144,0.47324653737472766,17.26496276855469
lrb,6216,175.939247085,0.5001709938049316,13.079533296472885
lrb,6217,131.148374972,0.34518094178216124,53.3646499932981
lrb,6218,120.464038594,0.3600338670403459,112.4844103046492
lrb,6219,130.812306455,0.34477881274122824,111.69979152305453
lrb,6220,131.186818059,0.34405698072951557,75.60020395914714
lrb,6221,179.894358688,,0.0
lrb,6222,156.142119521,0.533243715763092,4.708679378733915
lrb,6223,151.918963506,0.36979471864003055,55.45790007348155
lrb,6224,145.172484324,0.34503548296307873,136.29056199017694
lrb,6225,130.486213309,0.35123429868797784,127.65814400467217
lrb,6226,125.17767523,0.3440522792196907,118.24086540072572
lrb,6227,127.511870555,0.3756958400939312,130.01273393817974
lrb,6228,124.626948627,0.4067549169438439,124.78095981373505
lrb,6229,141.563013912,0.4411134431543558,144.40075342514933
lrb,6230,130.626040497,0.4549682503295637,126.08917329077629
lrb,6231,128.068130535,0.4404112082617037,121.38050728592218
lrb,6232,120.247624851,0.4584780008057276,119.54933423808977
lrb,6233,119.740720066,0.4854552470065735,119.02617989334405
lrb,6234,112.911322081,0.5065201578259185,110.13199370141122
lrb,6235,123.705793783,0.47829899821570726,125.04306431190639
lrb,6236,136.737086762,0.4653955512418005,131.0598975686466
lrb,6237,126.408682368,0.47009510948567207,130.53680835798673
lrb,6238,117.371816688,0.4407122217910668,120.5962739832261
lrb,6239,122.841886661,0.41846798224882636,120.85802423813763
lrb,6240,114.568246415,0.3797277254019743,111.70226386575138
lrb,6241,135.798048796,0.3692831713041025,117.19595552332261
lrb,6242,136.14414457,0.3748577609815096,124.25927599738627
lrb,6243,128.712635411,0.35974704957621007,122.1666431202608
lrb,6244,114.53260695,0.36645350840177615,116.150048828125
lrb,6245,121.122030096,0.40598814920945603,115.10383067411534
lrb,6246,135.576207858,0.4247765798150128,137.07843259923598
lrb,6247,150.326314312,0.4058396405575611,152.2515063715916
lrb,6248,148.746374749,0.4060957896604872,149.11255196964038
lrb,6249,161.730573892,0.38237166500551517,162.71607731837852
lrb,6250,153.769661706,0.34813361688185546,154.345095166973
lrb,6251,152.791271184,0.358870151314931,146.75886760038492
lrb,6252,151.03954243,0.37727158228556323,137.34136424345127
lrb,6253,148.658662864,0.377408302767308,119.81422125124465
lrb,6254,173.470741436,0.36173528125545856,134.46416709750306
lrb,6255,161.210901576,0.36115057903751996,76.64990677179074
lrb,6256,160.929983116,0.3417783287355843,120.07628927791819
lrb,6257,167.155418082,0.32257048284526363,116.6755344465667
lrb,6258,197.864061477,0.35187443166082794,193.06411931654984
lrb,6259,182.586560238,0.3824155057505739,181.81511987424363
lrb,6260,158.766810817,0.40616164123413057,161.4099329630534
lrb,6261,157.369685849,0.41139013445844835,133.41825373032515
lrb,6262,170.190282578,0.45147044751150855,60.692210986567474
lrb,6263,193.630645686,0.36376612253335056,25.637190815046722
lrb,6264,234.871996394,0.508581409531255,16.219487567976408
lrb,6265,199.980270711,0.43823323829458394,57.02975547640932
lrb,6266,174.909297321,0.34531051992739314,49.44321782729205
lrb,6267,161.271472468,0.3830891892635565,72.72621328316482
lrb,6268,138.628916309,0.37081081652250447,127.66334617465152
lrb,6269,146.341854786,0.3690209025026937,79.528132240445
lrb,6270,177.735365144,0.2989512111669706,127.14059914981618
lrb,6271,163.976749028,0.2994759175335624,156.7022758334291
lrb,6272,149.998548457,0.3310577915304672,151.20878149294384
lrb,6273,140.165470412,0.3615331809912155,140.22150591681984
lrb,6274,150.40081169,0.368351775929204,152.51726639691518
lrb,6275,146.158398781,0.3636948270001536,141.79155758128448
lrb,6276,140.438172048,0.3539284477096762,141.00695405847887
lrb,6277,139.886110867,0.3805112965490626,136.55979632209332
lrb,6278,139.876762266,0.3981784462140052,138.3912717931411
lrb,6279,157.664604453,0.3813989542278588,160.1050771675858
lrb,6280,186.653030692,0.3584478355828887,186.00472848929613
lrb,6281,182.607634327,0.35290697160593115,179.72634771010453
lrb,6282,278.742249497,0.35308125980046334,243.55968963024662
lrb,6283,256.231086484,0.3537762113488638,176.84924220664828
lrb,6284,242.43801043,0.3239317594564449,223.6779085047105
lrb,6285,194.727994546,0.2960733060653393,183.65154508702895
lrb,6286,187.797497504,0.2774700578745632,175.8034719130572
lrb,6287,143.909687427,0.28976267580613274,88.68664452047909
lrb,6288,151.30373758,0.23570412090477258,96.53511442296644
lrb,6289,171.592894917,0.27504987269639963,66.97287071078432
lrb,6290,193.597188876,0.3135728451686028,102.02905270445581
lrb,6291,200.083574994,0.3221090478973897,186.79169526941638
lrb,6292,193.596275554,0.36315771671206115,193.33191636029412
lrb,6293,171.555389376,0.40812648377294,170.3097809436275
lrb,6294,144.28215544,0.44045343941006604,144.14837401146985
lrb,6295,139.955028029,0.4489596376760935,140.4856542250689
lrb,6296,124.087690334,0.41943957578029306,124.00397661994485
lrb,6297,144.386515404,0.3995641260033977,143.36314793007048
lrb,6298,143.998672706,0.4189488366515198,144.9326693067364
lrb,6299,143.297177594,0.4127404267011687,146.2406012441598
lrb,6300,129.551117331,0.4166171599707319,127.40446923947802
lrb,6301,137.155517847,0.4358977514127852,136.2991263595282
lrb,6302,125.045779571,0.4515292289588043,120.60238671396291
lrb,6303,137.21644674,0.39731836576175517,139.43829746620327
lrb,6304,145.742999355,0.3853462193310966,110.66119142420152
lrb,6305,156.450025651,0.3859521691012241,133.15978605980968
lrb,6306,140.928686872,0.39835071229436103,137.60728807636335
lrb,6307,127.782068861,0.44094904284087977,128.18946778540518
lrb,6308,144.449783774,0.4422736111554232,143.88636271158853
lrb,6309,152.097243494,0.4288780726108355,152.2581708122702
lrb,6310,143.118329232,0.3896210075472481,133.94555472579654
lrb,6311,151.40342976,0.39139285529037715,90.77968049890856
lrb,6312,179.985029701,0.3933825277230319,88.9485227996228
lrb,6313,171.905896532,0.4129314467970249,147.81172240014166
lrb,6314,153.845256715,0.43284626133265475,151.99764667585788
lrb,6315,164.227352823,0.448782044278968,164.29352485806336
lrb,6316,155.257682494,0.42507812532071537,154.61384564568013
lrb,6317,162.050877577,0.3736767215110349,160.369428357891
lrb,6318,146.492628741,0.3605532534019922,145.9808263442096
lrb,6319,143.068109495,0.35711993514387697,141.27196547564338
lrb,6320,137.315679718,0.39207538105128853,116.41872824874578
lrb,6321,246.95997996,0.440049970874254,159.32406646130133
lrb,6322,499.313140241,0.45001751128854467,378.558817246381
lrb,6323,178.653453239,0.3885084842793815,137.08706306008733
lrb,6324,155.349065407,0.4105293348431587,151.73781675450945
lrb,6325,136.659236281,0.4617523538206521,134.20969345990352
lrb,6326,114.721566778,0.4646268994894307,115.89663157743566
lrb,6327,189.575341047,0.45777411898788145,192.28935107062844
lrb,6328,217.606573423,0.45991497021398436,211.91093349082797
lrb,6329,234.220133324,0.4221361396437638,234.67208787506704
lrb,6330,244.759217133,0.35265970594147467,252.72411795223462
lrb,6331,296.753803001,0.33283325015230386,295.10691977108223
lrb,6332,270.546621283,0.3673114717636512,272.3464321360869
lrb,6333,180.51013195,0.354150835588597,172.40791990990735
lrb,6334,170.943484339,0.3483933347922105,173.45470347684972
lrb,6335,185.295172801,0.3394816762861792,183.91985359939875
lrb,6336,204.503150247,0.3394983040413085,203.5417907415652
lrb,6337,223.710998539,0.37587304875530575,226.04164156446268
lrb,6338,234.93947148,0.39090140257562916,183.13587024165133
lrb,6339,195.3598149,0.3096733470570367,138.6602472043505
lrb,6340,184.78074152,0.26338949996276706,107.0040792727003
lrb,6341,187.654230371,0.32642677045406254,173.97961769851983
lrb,6342,150.341679477,0.35155848064622675,149.6486368815104
lrb,6343,173.496443112,0.35939088093568083,168.48547132903454
lrb,6344,168.386665614,0.3522128359804825,171.10164292279413
lrb,6345,165.800041588,0.35673620350777163,164.82259997199566
lrb,6346,182.622876769,0.3675183947472011,177.90364688050514
lrb,6347,168.030833166,0.37162730724939813,165.34566375134037
lrb,6348,168.515081038,0.36190941272758126,166.13035613415286
lrb,6349,169.512581895,0.3655758567096651,168.74646011053346
lrb,6350,181.64409024,0.36939226509479994,186.27498967787798
lrb,6351,193.798880586,0.36689893411446917,190.98404493144915
lrb,6352,175.661063227,0.34332009913984285,178.42599235983454
lrb,6353,162.285445815,0.3520129922455326,160.3739403518976
lrb,6354,128.868535382,0.39053622753959394,132.38024845497281
lrb,6355,136.079734505,0.36774968736826025,139.18222380993413
lrb,6356,132.191229685,0.35413884240729804,132.6415476181928
lrb,6357,126.194182248,0.36959140675480356,124.00795817655676
lrb,6358,137.481106051,0.3905072288663858,140.75148183785234
lrb,6359,140.533701242,0.4056698631003218,138.6583495794558
lrb,6360,138.983504674,0.41592336230296423,135.51873680563534
lrb,6361,142.952318354,0.418588030425143,143.62872099034928
lrb,6362,145.767447018,0.3765425003237194,145.98308293959676
lrb,6363,186.784362171,0.3761605052947998,130.80907709458293
lrb,6364,203.552684644,0.36357149614002116,76.65406350528494
lrb,6365,221.068509768,0.39637974969645656,83.45606949750115
lrb,6366,194.527812906,0.39505348542831126,73.51455464082605
lrb,6367,149.449658299,0.3766831852776514,117.98944181554458
lrb,6368,170.505616308,0.3883660332884446,105.43178827622357
lrb,6369,176.802629803,0.36906806321650587,100.98430364272173
lrb,6370,172.605197381,0.36264141942515515,112.2338862699621
lrb,6371,235.233756181,0.38520745778639703,100.98448944091795
lrb,6372,283.423248418,0.37277118428561923,151.21520053639134
lrb,6373,279.811585432,0.3943916477590261,101.24622838637407
lrb,6374,337.449497641,0.41816165467194044,171.8830270206227
lrb,6375,522.08636737,0.45958264581294656,276.2673766192268
lrb,6376,328.686914149,0.4287113563366043,92.35120167451747
lrb,6377,248.742502837,0.3885625829156355,72.72992167753331
lrb,6378,172.548146736,0.4245556790558521,170.83662549187156
lrb,6379,185.630654237,0.4260937014111767,183.65579627541936
lrb,6380,169.296368718,0.3874617384066657,164.8190361471737
lrb,6381,565.148321757,0.3151666685973249,566.4010189280791
lrb,6382,358.677839554,0.38523082461175556,419.1098951451918
lrb,6383,416.966388097,0.49141748947850894,425.38807049919575
lrb,6384,357.18761656,0.4853129486317399,348.9953919952991
lrb,6385,286.161566106,0.44788175513864015,281.49799670051124
lrb,6386,279.858528388,0.43535428074811466,276.52735176834403
lrb,6387,324.615357943,0.37133159796949683,319.6944591746611
lrb,6388,165.180520019,0.41577984631914405,164.55575115727441
lrb,6389,132.567701698,0.3738857623032683,136.56293047736673
lrb,6390,126.600790622,0.3796312595755178,123.22069441851448
lrb,6391,129.294062439,0.38320250895103924,131.59255667293775
lrb,6392,117.816128205,0.4111636419333685,116.680654667873
lrb,6393,121.106666599,0.4287012952825297,120.34337675805186
lrb,6394,121.751858855,0.41195070905529935,120.34353278664982
lrb,6395,122.13152768,0.40329643481785493,126.88413328282974
lrb,6396,124.311316873,0.40138668960619184,119.82060959759879
lrb,6397,110.855137345,0.4469351150268732,112.49542864631205
lrb,6398,107.573291529,0.41700848233670784,107.52481079101562
lrb,6399,123.659672796,0.38832500035691464,122.43713289148667
lrb,6400,128.226830167,0.3726636006385701,127.14637262680951
lrb,6401,137.303113282,0.38851844288351,134.9950588450712
lrb,6402,141.673737101,0.37245924497137267,102.5545166614009
lrb,6403,153.726320204,0.2850396653855529,96.01422720516429
lrb,6404,152.16869853,0.34245191008964193,147.29173661774277
lrb,6405,268.658824247,0.34118387893465535,275.22427643420644
lrb,6406,184.775976278,0.31283319546593485,367.0534006156173
lrb,6407,152.383015661,0.34240023256451996,141.27512090346391
lrb,6408,148.16646612,0.3140243249365604,130.28724948658663
lrb,6409,127.754801589,0.3128965671746259,103.07882298488244
lrb,6410,136.427494882,0.33401539813567305,79.27134848201976
lrb,6411,127.032625903,0.3370127440700002,103.86385635675168
lrb,6412,147.710372047,0.33075488973452977,110.66606789383235
lrb,6413,168.753224913,0.3477008048865305,169.2694168988396
lrb,6414,191.200021383,0.372641506001622,188.62938121720856
lrb,6415,226.552147775,0.4102348673894916,226.30293977026847
lrb,6416,295.212213387,0.41991750776448994,293.5397249408797
lrb,6417,301.948237491,0.43709653493685613,306.097388233858
lrb,6418,316.411707501,0.4299289517768539,317.0851914349724
lrb,6419,293.873212549,0.4235393055025421,289.8762902054132
lrb,6420,209.274557332,0.4344413916878925,204.84912432502293
lrb,6421,251.034078498,0.41027369607056485,244.3538563747032
lrb,6422,185.782365512,0.4213186603332504,186.2735736921722
lrb,6423,150.04567135,0.43640373314621156,148.8616808423809
lrb,6424,121.510536089,0.46474810864899185,119.03694122912836
lrb,6425,107.090683936,0.47320846236493597,109.35693263633577
lrb,6426,167.589083195,0.42524284200546464,163.77366174436085
lrb,6427,290.988859525,0.39644255458114697,169.79074315089807
lrb,6428,368.286436173,0.3661868415560042,183.13318577186732
lrb,6429,342.691309793,0.3696584862656891,167.43631301580695
lrb,6430,261.3085187,0.3898220436047699,46.30674420525045
lrb,6431,206.918639976,0.36816062624228074,46.83007001689837
lrb,6432,198.12461438,0.4161051109004706,81.88734654445275
lrb,6433,230.981844921,0.4639821626140708,166.65278691310507
lrb,6434,230.032267463,0.4640089707031696,156.44987906661686
lrb,6435,524.481134682,0.36270922273143,459.67071500292013
lrb,6436,542.471176828,0.3440172873226386,480.33971799962666
lrb,6437,514.817815497,0.3089531340569837,362.87161880193975
lrb,6438,355.971052967,0.3058564311016588,387.7263563268325
lrb,6439,306.667899475,0.3377151830309994,183.9217326145546
lrb,6440,360.48311743,0.3561755028799613,293.8042996275659
lrb,6441,291.383858685,0.3556185114813449,166.91669634650736
lrb,6442,206.020919754,0.3900489695593269,87.38285851572073
lrb,6443,171.147556777,0.38857840199983834,92.35394448673024
lrb,6444,155.596306698,0.38847962075850034,86.5983039407169
lrb,6445,159.66797512,0.41238919690827647,47.35442091997932
lrb,6446,169.337158939,0.39296326843807694,138.92407190659466
lrb,6447,170.602268554,0.3980043185889082,170.84283743465647
lrb,6448,175.586741046,0.4098327466593539,179.47686103372013
lrb,6449,155.034583121,0.42082768016944144,156.71550278009153
lrb,6450,142.814229517,0.4011645794434603,90.00035801307828
lrb,6451,170.869853839,0.375172482732007,102.29711970908971
lrb,6452,175.647410598,0.3636698586923776,110.14618380677464
lrb,6453,177.594569474,0.34314952370795343,115.11734517415364
lrb,6454,174.021383283,0.33173894255486636,116.94896213307099
lrb,6455,174.038651494,0.33663950958869865,107.00717210956648
lrb,6456,185.11698308,0.35761180469373466,153.83945898916207
lrb,6457,177.20411825,0.36334760169513886,111.71688274308747
lrb,6458,190.023677915,0.3652568330778878,132.6477679084329
lrb,6459,181.999858188,0.34686719686740697,148.08424945906097
lrb,6460,178.791810361,0.34237692651060436,101.51377928490733
lrb,6461,180.443036191,0.3333042958564552,96.54288572423599
lrb,6462,184.953260728,0.3259003510878933,64.88532466514437
lrb,6463,190.875122505,0.3352120715682789,15.436458183737361
lrb,6464,223.476231026,0.3295377029312982,77.70573147044463
lrb,6465,260.006594659,0.3485442980235775,118.52102714987362
lrb,6466,228.604530802,0.3648439815231398,93.40409752340878
lrb,6467,167.727291032,0.3717170354824711,108.31745488783892
lrb,6468,153.601931096,0.35045921460111096,122.96928495519302
lrb,6469,176.577763693,0.352232035438094,165.35463930017812
lrb,6470,144.09126692,0.3462057191306074,117.47525120155484
lrb,6471,129.237259373,0.3207384987514551,125.32456141453164
lrb,6472,129.686225911,0.3267315066686951,132.12735867967794
lrb,6473,142.10396766,0.35088884920105895,139.19182823031556
lrb,6474,136.026368049,0.379854339494634,105.1789607328527
lrb,6475,147.143236598,0.36498212603771163,96.28335783715342
lrb,6476,140.133816809,0.3745873119923976,100.73138367895987
lrb,6477,136.823289881,0.36949613912399315,91.31245416379443
lrb,6478,131.653409141,0.3286792231248874,106.74944039139093
lrb,6479,147.824708878,0.3022940969111977,140.50130480598
lrb,6480,162.359318742,0.3490109394703593,73.25958760579427
lrb,6481,196.506431191,0.4556015339252112,58.08451726576861
lrb,6482,163.838592007,0.36298301727962895,124.01851241167853
lrb,6483,144.121234097,0.3377474779075853,143.1185786228554
lrb,6484,165.183047444,0.35568679060254776,164.83508614932788
lrb,6485,173.366260093,0.34135028148504126,139.19416886871937
lrb,6486,162.021454479,0.3104896618286611,131.60664693795
lrb,6487,170.649906699,0.3156904499634937,167.71353714886837
lrb,6488,174.693744329,0.314790321525032,176.8712193806966
lrb,6489,157.751714932,0.30097070286337957,155.93971449908088
lrb,6490,187.784535313,0.3231454870296181,85.5574883853688
lrb,6491,303.691004058,0.3392318281160521,113.55405198639515
lrb,6492,454.946877496,0.3721923160720879,334.3822785321404
lrb,6493,506.524618686,0.39775290062765395,456.04704933914485
lrb,6494,480.589794372,0.4522777935900695,367.8722452201095
lrb,6495,275.023783049,0.37684120398301346,255.10280677945005
lrb,6496,216.169709744,0.3647895219947109,217.9490553014419
lrb,6497,160.1770562,0.38331555762598596,162.21858290130015
lrb,6498,163.54754551,0.3643893229517018,161.43347440233418
lrb,6499,137.578528693,0.33266886263582535,139.4553520053041
lrb,6500,126.01710966,0.3403601100961611,127.94293428308822
lrb,6501,148.308393107,0.3681501567471719,144.42622976864087
lrb,6502,150.09466232,0.3722183903743481,151.75206053490732
lrb,6503,163.146118735,0.33086604766206806,160.1244333603803
lrb,6504,169.429434924,0.2407855894683086,164.57217850030636
lrb,6505,188.606822589,0.25102136324953145,176.60740314558439
lrb,6506,161.198802313,0.27476927788276984,160.90877488080193
lrb,6507,172.215405516,0.3094631433949708,168.49612719965916
lrb,6508,180.594399599,0.3666738192557596,180.26965984269685
lrb,6509,201.980041986,0.41300016960790087,202.7703200695561
lrb,6510,199.770787797,0.40494264133897906,197.01395209817326
lrb,6511,198.42450123,0.40303170511799474,202.76966932708143
lrb,6512,194.926448674,0.4031903785621648,191.78053376440909
lrb,6513,195.246713324,0.3943734548855599,194.39655965169274
lrb,6514,195.06467261,0.3905806805155523,195.44277945125802
lrb,6515,159.053525712,0.3951541203469895,163.78442670036765
lrb,6516,167.344253046,0.40551001419248817,166.4004976160386
lrb,6517,165.824016107,0.39649048191894787,167.7083912568934
lrb,6518,170.054892419,0.3801477208990878,166.66156625186693
lrb,6519,155.824186522,0.39352791178275937,63.053996276855464
lrb,6520,154.719762217,0.3562979166976577,125.06109634100221
lrb,6521,158.451410448,0.36661383367486694,159.0733120488186
lrb,6522,161.417417785,0.4109862248749998,160.64284365784886
lrb,6523,149.491467834,0.4315279629276189,150.17726419486252
lrb,6524,150.398118959,0.4239352718648059,149.39211961334829
lrb,6525,135.881404105,0.43040476231082375,134.21721469654756
lrb,6526,143.841002286,0.4043441294578084,149.12997059541587
lrb,6527,130.60958381,0.38801288998946953,98.89656596464269
lrb,6528,130.274061262,0.3972379055346711,88.6928326775046
lrb,6529,160.174678951,0.3891823846277538,97.58815876081877
lrb,6530,163.154122038,0.42770941768373766,51.27954562318091
lrb,6531,193.270104706,0.4010411769151687,86.33792293772977
lrb,6532,179.534823866,0.3969592837766669,113.80911883185891
lrb,6533,143.892991569,0.39181069573577565,38.459630270565256
lrb,6534,157.551215698,0.4156193957456107,107.79188262341069
lrb,6535,148.107859172,0.3848647840402939,142.85053280101104
lrb,6536,155.119135907,0.3874705934590641,141.54255239449296
lrb,6537,124.918886594,0.39163998060110145,96.54208861706304
lrb,6538,122.327105436,0.37253633057476376,120.61232204063265
lrb,6539,123.415961469,0.3627752013294403,120.61246071609797
lrb,6540,124.995774491,0.3718521799012827,121.9207670922373
lrb,6541,145.785113957,0.3559852198895995,144.94460775337967
lrb,6542,131.060805541,0.35975428157653966,127.67698385201248
lrb,6543,144.842757225,0.38545060904206047,142.06697576186235
lrb,6544,155.825405434,0.40236682549119,156.9802775663488
lrb,6545,165.468215347,0.4184940644936969,168.7540054321289
lrb,6546,164.106117237,0.41973319206762755,142.5907107184915
lrb,6547,217.155668046,0.3956040998438856,74.82752476112515
lrb,6548,435.170555067,0.43050847534863457,346.66576807358683
lrb,6549,374.140244437,0.4672310834880485,360.00953114827473
lrb,6550,166.473329698,0.45705575540730703,169.80140626196768
lrb,6551,188.885625268,0.4756848446718634,190.99388759837427
lrb,6552,110.957312931,0.41372282280458655,110.41052955178652
lrb,6553,126.349844295,0.4310034655869385,123.75403307746437
lrb,6554,122.295862417,0.44126544657831873,126.10875432631548
lrb,6555,111.363519615,0.4297136784317982,108.57918772977942
lrb,6556,131.366133772,0.4443608990390529,128.46358732335707
lrb,6557,238.639799904,0.41283859040189347,200.41353849523207
lrb,6558,213.097497187,0.33119818923596117,96.54401918299058
lrb,6559,172.070318059,0.3484179672832313,56.77531917796416
lrb,6560,166.037840081,0.3130095660686493,68.02581487917433
lrb,6561,157.852716411,0.31824348005381503,71.95049839393765
lrb,6562,150.906657339,0.2891004697391481,103.60889066808365
lrb,6563,143.268043609,0.27748613526737104,141.02332778631475
lrb,6564,129.488321326,0.30081644506798577,126.89488280053232
lrb,6565,121.946093065,0.3475465010969262,124.27850551231235
lrb,6566,130.28998058,0.3960318145263626,130.2962271297679
lrb,6567,197.036495563,0.431848802649584,191.51961005715762
lrb,6568,206.965548602,0.45627035476958244,208.78778408274934
lrb,6569,181.752335265,0.4815784875993376,176.60617379581225
lrb,6570,231.524708848,0.476477055238234,233.38160538018917
lrb,6571,210.296409913,0.45807793530795626,208.52601306391693
lrb,6572,183.213888937,0.45391594025553494,179.4842206767961
lrb,6573,174.657933195,0.449136580694887,173.98988761153876
lrb,6574,199.291466943,0.4312023436590237,201.72365561092602
lrb,6575,209.951415185,0.41303440087502535,211.40441673129214
lrb,6576,183.240189533,0.41173494404406874,179.7462147432215
lrb,6577,182.510128846,0.3943342369225158,183.40934041341146
lrb,6578,190.924491669,0.3873964697122573,177.9150526757334
lrb,6579,202.985165036,0.3588685544440114,148.8732365028531
lrb,6580,181.208576093,0.37249738406209115,134.74481455485028
lrb,6581,149.078474073,0.35061788053090276,70.90464615167356
lrb,6582,136.428460407,0.3738938257312383,127.41926652496936
lrb,6583,136.723992838,0.41368433583382125,93.66766578823912
lrb,6584,143.405343861,0.4332192902272065,76.6611172245998
lrb,6585,148.366599056,0.4154328330532535,47.61891042671951
lrb,6586,157.844117449,0.4256623554360735,23.80950996548522
lrb,6587,164.938775935,0.36849393785902945,69.07387758142808
lrb,6588,163.525356872,0.38317961471025336,135.00825051700366
lrb,6589,131.741481397,0.39951301536174744,129.51392813289866
lrb,6590,135.674250083,0.41202718978640673,136.5785545797909
lrb,6591,127.967164025,0.43294159788834413,124.28146541819852
lrb,6592,146.100230042,0.43591996216159146,91.31425853056066
lrb,6593,156.001501015,0.4797076644568608,30.350936710133272
lrb,6594,187.217184545,0.41766560077667236,24.594753669289982
lrb,6595,179.591163017,,0.0
lrb,6596,187.65183777,,0.0
lrb,6597,192.527508913,0.2690393339395523,32.70601220224418
lrb,6598,165.228853809,0.33201296473864456,109.10726300407859
lrb,6599,125.121536957,0.38053365410295276,118.52658440085018
lrb,6600,132.237554409,0.3879273107903684,131.0857324039235
lrb,6601,124.049638936,0.3870931672806642,128.20762843711705
lrb,6602,126.389264694,0.36697111887261724,128.46930709539674
lrb,6603,118.64634649,0.3744329383244385,116.17186063878677
lrb,6604,122.751822352,0.3718945073851188,121.92814351998125
lrb,6605,136.948493097,0.36762677405840627,135.79553447050208
lrb,6606,126.825077139,0.39527355824581917,127.68442056693283
lrb,6607,158.728591267,0.464734613700311,159.8671086629232
lrb,6608,161.099345672,0.3806740523995579,96.80973890715956
lrb,6609,183.492984627,0.387713705990277,182.89184345918545
lrb,6610,179.604776327,0.368069276969502,180.53691953771255
lrb,6611,126.627039281,0.43158638452438325,125.32938669242112
lrb,6612,210.799164561,0.34839336427540013,204.87025406781365
lrb,6613,158.843260285,0.37930398409729765,158.03531497132545
lrb,6614,185.620745943,0.39340796339802625,182.36860911051434
lrb,6615,161.560508783,0.40306501871519923,162.74522654215494
lrb,6616,131.822914299,0.39712363975216647,129.51609129064224
lrb,6617,146.492412029,0.35685888379549435,148.35500604966109
lrb,6618,111.24207589,0.38966689766317164,108.32290649414061
lrb,6619,118.300291779,0.3129411154502147,116.1726016773897
lrb,6620,132.663024224,0.3367048595682718,133.96505578732956
lrb,6621,101.721625424,0.39251004426907277,102.04382728127872
lrb,6622,118.085967887,0.4157170127690759,118.5280111873851
lrb,6623,114.352133434,0.42110712950428325,113.03350417193246
lrb,6624,407.617871849,0.3784668027867678,400.3285721722771
lrb,6625,315.052333629,0.488678041009895,318.430889563467
lrb,6626,203.953603996,0.4748552890291193,117.48175599341299
lrb,6627,174.132656665,0.24870512973178516,5.7563329060872395
lrb,6628,186.181131898,0.28448139152982654,53.37711585549747
lrb,6629,255.378637043,0.37248292275653555,205.92074590944782
lrb,6630,321.553836675,0.3774502008305333,321.83343015184585
lrb,6631,336.94051034,0.34501093004457806,333.0851056267234
lrb,6632,220.196341448,0.34599979220040517,219.0044464111328
lrb,6633,356.449522555,0.33982234793783894,358.2047896441291
lrb,6634,323.699402044,0.3622629020272233,321.83533028995294
lrb,6635,237.431234284,0.37714400869297,235.75138531853173
lrb,6636,270.252623185,0.37475162803223644,259.0391621309168
lrb,6637,391.575020993,0.3381503279809352,374.16823215858614
lrb,6638,420.914389847,0.3237461894940057,411.58567235610064
lrb,6639,519.271180735,0.3110913632887284,358.73121236165366
lrb,6640,509.551964516,0.28911066849170064,303.5221346387676
lrb,6641,429.602541265,0.2842692133769318,208.2793152154661
lrb,6642,304.932465452,0.32318843149803056,92.88846662932751
lrb,6643,253.286405531,0.29602700860604,66.19947557636337
lrb,6644,207.935348336,0.29271242022514343,19.88601588828891
lrb,6645,311.43006046,0.2983417372431671,89.48701360365925
lrb,6646,290.441682655,0.2744131431515728,29.305655565448838
lrb,6647,374.552157683,0.27107069493955394,96.55178061092603
lrb,6648,891.552821054,0.29189995810663777,426.5033837112726
lrb,6649,774.331753202,0.32400140383276516,567.797768835928
lrb,6650,785.792987015,0.3105259232334237,525.9314139871036
lrb,6651,819.305879591,0.32572441727971685,639.4896779378255
lrb,6652,651.474888633,0.37231241044617613,383.5886408487956
lrb,6653,629.813931694,0.3759544462040348,417.079939180262
lrb,6654,781.646811887,0.37888762766335987,577.9974011589499
lrb,6655,782.018212183,0.35483259573356046,595.0037667667166
lrb,6656,650.360963202,0.31341577427214884,434.3466760971966
lrb,6657,634.878644212,0.30010741915541844,488.24666855755964
lrb,6658,505.709841168,0.31512283754140025,268.980142211914
lrb,6659,518.71656691,0.33624383228974203,253.54223866182215
lrb,6660,442.053988252,0.4165355125429779,197.02476399739584
lrb,6661,243.905578569,0.5595679337779682,15.699159509995404
lrb,6662,512.377641629,0.40946249726650896,310.3200915766697
lrb,6663,469.467164627,0.38574932249206484,345.38095855712896
lrb,6664,227.283488787,0.49154456456502277,49.45218281465418
lrb,6665,283.814705249,0.38276389077828643,119.31330889533547
lrb,6666,203.22406804,0.46577420671355924,97.85759881711473
lrb,6667,197.970212801,0.46630382949743815,64.36622278550092
lrb,6668,228.865117098,0.4319897989432017,43.95742043887867
lrb,6669,243.831348435,0.39747477099299433,41.864163148169425
lrb,6670,256.189522393,0.30176663964222633,51.021824197208176
lrb,6671,256.412958628,0.3548499047756195,1.0466052485447304
lrb,6672,244.432575965,0.4389822483062744,16.222353527592677
lrb,6673,230.907933087,0.4389822483062744,38.46267691219555
lrb,6674,180.042128814,0.4464966067246028,18.31556043437883
lrb,6675,209.494768101,0.4640654546599235,8.111175387513404
lrb,6676,390.107675683,0.5439371904665298,190.4816166298062
lrb,6677,212.758249928,0.5622700192034246,12.559219898897059
lrb,6678,263.952418353,0.5730472256059517,76.40186387604359
lrb,6679,380.363619406,0.5781503046145205,207.4886859669405
lrb,6680,298.187248888,0.5804223677750384,93.14743816899319
lrb,6681,486.839914799,0.5737677938827481,310.0557719511144
lrb,6682,272.847852247,0.4924954720283752,114.60272839116115
lrb,6683,449.846450946,0.5806192487224978,277.08803274117264
lrb,6684,483.319981352,0.5709116969440806,319.21419196035345
lrb,6685,278.83586508,0.4948595187589192,116.69629717060164
lrb,6686,429.181789227,0.5261805422952243,279.96687571207684
lrb,6687,304.563831425,0.49928858431503753,135.0122103522806
lrb,6688,528.081618151,0.49635421393059087,361.60289740468954
lrb,6689,550.737384948,0.3737540759832581,391.95531218285635
lrb,6690,611.397045243,0.29612590556453344,390.124583794089
lrb,6691,610.830377356,0.32733165554649435,442.7174039653703
lrb,6692,393.408416809,0.3057539520284353,211.154609560499
lrb,6693,299.50697562,0.30908141029599795,125.85562932631548
lrb,6694,292.302953173,0.29356465926119213,97.5971295525046
lrb,6695,294.960138487,0.3018196021885048,84.77623623118681
lrb,6696,283.362881337,0.31012525262522855,112.773522679946
lrb,6697,301.473635848,0.35633683868564003,105.70904505112593
lrb,6698,336.013613207,0.35918503663232254,146.0043155445772
lrb,6699,372.03151942,0.3469481721094677,183.1598383585612
lrb,6700,433.364101848,0.3506627217311722,289.91640394622203
lrb,6701,516.927787879,0.3194668000041021,384.8986133650237
lrb,6702,459.034059378,0.259861080813431,270.0311855540556
lrb,6703,363.206525393,0.24923241734504703,125.59599034926471
lrb,6704,310.318457251,0.22929897506094574,83.20748614142923
lrb,6705,321.589908028,0.25937436451047857,155.948775138107
lrb,6706,249.630811503,0.2526719835897287,62.79822899313534
lrb,6707,285.170010388,0.2430551130458178,65.67660576315487
lrb,6708,291.727294459,0.26168286396169116,113.82213143741382
lrb,6709,302.079232314,0.30758503434535495,111.99071344113817
lrb,6710,307.382545123,0.31434819073631215,136.06372623817595
lrb,6711,275.850069481,0.30777078833597815,140.2505350748698
lrb,6712,230.677339693,0.2871420794134166,97.59988813213275
lrb,6713,253.424604988,0.276918135775426,101.52499081480738
lrb,6714,350.048353998,0.30863793470024126,132.92479415594363
lrb,6715,357.131576178,0.30555833986157593,163.01640185187844
lrb,6716,439.894394237,0.31475034905607474,246.22582828297334
lrb,6717,501.245926169,0.2842599233646343,301.69920079848345
lrb,6718,584.550029347,0.27384072506487894,415.00061932732075
lrb,6719,610.639063145,0.278345755699543,413.16971342797376
lrb,6720,565.235903178,0.2789483924042557,356.12720977184824
lrb,6721,542.840175738,0.2773448347028638,368.1642139210421
lrb,6722,591.040809767,0.2719682355958177,439.86146120557595
lrb,6723,518.513208011,0.27939678010992575,347.75531212301814
lrb,6724,600.416199872,0.2632715647684318,456.08600670309625
lrb,6725,596.968161576,0.2588716157700544,423.9016755047967
lrb,6726,582.988508757,0.2561948692907731,457.39574142156863
lrb,6727,582.531866569,0.2598769929998753,493.50661770689726
lrb,6728,510.677281613,0.2760857899092094,309.0309285182579
lrb,6729,350.383588562,0.2948365573671047,167.72986097148822
lrb,6730,459.844364139,0.3112997263959311,269.51955563414333
lrb,6731,491.01085584,0.3124453051040066,360.58115105722464
lrb,6732,371.183485864,0.3489743570754038,243.09179457122207
lrb,6733,372.466408843,0.3536147953568197,230.5319821825214
lrb,6734,226.344066575,0.35822486877441406,37.94232955633425
lrb,6735,198.147354139,0.30234562698751694,41.86750943053003
lrb,6736,218.123774219,0.2821194176162992,109.90236499262791
lrb,6737,362.208448623,0.273508988516161,209.60007530661193
lrb,6738,456.769135374,0.27127052035497784,315.5781017527861
lrb,6739,412.591178471,0.2759309088072133,329.70863162769984
lrb,6740,449.605112331,0.3225641000520934,336.77492361629714
lrb,6741,491.952921348,0.3343013507344633,445.8922342637007
lrb,6742,279.741715601,0.3170271794501457,223.46925793816058
lrb,6743,179.120971155,0.35469868577132785,61.75494887408088
lrb,6744,196.376433201,0.3859751305064639,58.09151970358456
lrb,6745,208.928751117,0.30411265867442666,141.82678061092602
lrb,6746,206.991701341,0.29744430852588266,200.9647892671473
lrb,6747,244.744453738,0.32698323679484903,145.4902883193072
lrb,6748,280.773688988,0.3431415451127429,112.51966364243451
lrb,6749,194.523151274,,0.0
lrb,6750,274.336014218,0.3693349294981379,41.08281187169692
lrb,6751,267.19695302,0.3667837410580878,66.7268955006319
lrb,6752,188.673493836,0.35749688744544983,24.074045697380516
lrb,6753,217.576395805,0.2970945161972267,135.547559670841
lrb,6754,209.062579835,0.31435322631489143,143.92139345056873
lrb,6755,219.706371743,0.3268252474566301,157.00544050628062
lrb,6756,254.095632265,0.3343255508558027,234.4618911443972
lrb,6757,215.570106119,0.3537919173190544,174.27657255284927
lrb,6758,267.548120437,0.3282194925974984,137.64215593525006
lrb,6759,188.754274721,0.3206593371644805,41.3450174369064
lrb,6760,184.752888883,0.29801207542419433,19.625850901884192
lrb,6761,198.349098809,0.2927089167677838,60.18597651462929
lrb,6762,191.801690006,0.3031952679157257,29.30800302542892
lrb,6763,206.549253998,0.3080669891147713,49.98074729769838
lrb,6764,262.501767272,0.3030709130815697,193.11951356775617
lrb,6765,260.90737071,0.294193363587918,121.41943299536611
lrb,6766,323.568607824,0.27519343360096,184.48461420395796
lrb,6767,282.320448593,0.28427990332363157,99.7003438612994
lrb,6768,259.169419234,0.2822571157579356,112.78452510459749
lrb,6769,195.665047029,0.2887430017644709,143.92477521709367
lrb,6770,290.386735323,0.3070978229865432,125.60743088067746
lrb,6771,562.171468639,0.28720950606242623,367.66432234820195
lrb,6772,383.944764502,0.2952235675063625,227.66430708941294
lrb,6773,241.785968868,0.34109791098414244,48.411436641917504
lrb,6774,274.51211696,0.3091199449748271,82.95374333998737
lrb,6775,234.868736036,0.3259384728366544,42.131111773322615
lrb,6776,186.167394192,0.2730464812794095,144.1880818086512
lrb,6777,270.460756147,0.2558935754751974,168.7864938174977
lrb,6778,205.193123617,0.25464119438467353,75.8884739894493
lrb,6779,254.535386091,0.2633336038158943,153.60840484020756
lrb,6780,200.328146245,0.25994686574518816,110.69239941765281
lrb,6781,139.694428489,0.25179258948564526,65.42132508520987
lrb,6782,181.614400716,0.2669753305769215,100.48705145143995
lrb,6783,214.956239011,0.27627344297571205,130.05742013968674
lrb,6784,193.613971058,0.26190998144353966,103.88895844104243
lrb,6785,182.66782837,0.24793697772435394,86.87949930826824
lrb,6786,186.516001681,0.23239393554740215,52.0753552904316
lrb,6787,158.513851202,0.252547698252367,71.43997736912148
lrb,6788,178.921476085,0.2668131215936819,82.16902591480928
lrb,6789,215.835281208,0.29385624837470015,169.30979596306292
lrb,6790,199.810203043,0.3113541119715195,159.8889839621151
lrb,6791,159.548399691,0.329302947545789,50.76665568632238
lrb,6792,222.23382621,0.3527157840570567,55.21521328196806
lrb,6793,281.180932911,0.3831434382332696,16.48605894200942
lrb,6794,240.191703152,0.37788436402167597,29.308549230238974
lrb,6795,169.094035994,0.36231132416889583,45.5329246969784
lrb,6796,144.437053708,0.33273676208697767,73.00968960032743
lrb,6797,139.09687542,0.31705155249299677,30.355317239200367
lrb,6798,155.049039966,0.32221920470722387,15.962724752987134
lrb,6799,147.432325531,0.32777249813079834,68.03793693991268
lrb,6800,126.340701359,0.34316115236994044,35.065731991038604
lrb,6801,130.807002099,0.3827160596847534,4.448641967773438
lrb,6802,125.395197975,0.29941225051879883,4.9720292334463085
lrb,6803,147.635204389,0.31513561155194436,28.00040926465801
lrb,6804,170.141426077,0.3167924491044517,56.00088943780637
lrb,6805,177.958566295,0.30402407938471204,54.43083193909889
lrb,6806,147.125595465,0.24485156786956375,72.74899998085172
lrb,6807,133.303003834,0.2500335803398719,81.64646893669577
lrb,6808,168.55520164,0.2802009444796678,69.08560683306526
lrb,6809,299.850501145,0.3631728217197261,101.79669368968291
lrb,6810,171.25809882,0.4270237204768965,64.89871676575905
lrb,6811,176.071500368,0.3994939867319636,55.7396645041073
lrb,6812,179.33292565,0.4369802040987849,56.78651371376188
lrb,6813,239.168104034,0.3903443301772023,119.06862625421263
lrb,6814,167.704393813,0.3606084378866049,57.83332908480776
lrb,6815,186.032543944,0.3532313382602296,133.98496159572227
lrb,6816,185.464063023,0.3431245955732951,118.8071226830576
lrb,6817,429.935741556,0.31706611582124533,283.1489859487496
lrb,6818,207.39893905,0.4493306765204256,163.03337154014437
lrb,6819,268.719184181,0.44132437666574387,229.50302827124503
lrb,6820,604.092525442,0.39542522650607886,527.046359133253
lrb,6821,310.272882461,0.47663704358720577,180.8282117058249
lrb,6822,231.168402476,0.4968698697944059,73.79662834616268
lrb,6823,160.204609583,0.4442448245019329,115.4052672442268
lrb,6824,216.463126662,0.39654643042091575,155.18208079618566
lrb,6825,210.878437889,0.3782873045008882,139.21884639964384
lrb,6826,198.349578732,0.36176141992777205,82.6942906996783
lrb,6827,167.120373946,0.3884864781723649,111.74180142271753
lrb,6828,160.238353833,0.35435867284838096,126.13470058067172
lrb,6829,177.91152725,0.411221449402557,91.06836906881894
lrb,6830,262.340520291,0.45950829706877366,214.84826962340108
lrb,6831,240.945212497,0.4909553307437612,174.8095735138538
lrb,6832,183.916875036,0.48325973541745315,142.8832296034869
lrb,6833,245.786156316,0.4742385832796834,145.76204780129825
lrb,6834,290.386099817,0.4714094038829053,126.39701819326363
lrb,6835,211.310946021,0.42622520903447514,208.83004527372472
lrb,6836,223.512653754,0.3946973003943761,157.0150599760168
lrb,6837,172.673767517,0.3686935489316542,130.32259090647977
lrb,6838,181.622743268,0.3918958864952802,127.18259771010455
lrb,6839,202.823213275,0.3672593855222718,191.5591382194968
lrb,6840,125.895072018,0.30329636561036605,63.591396466423475
lrb,6841,209.521180743,0.4047395788072571,32.18829291848576
lrb,6842,160.601068029,0.39678848452038235,23.552417530733
lrb,6843,211.611302973,0.38310194543974346,90.02266621309167
lrb,6844,190.007663799,0.4232864961849423,33.23522566253064
lrb,6845,274.787662909,0.49504621250226216,213.5434296551873
lrb,6846,730.774273423,0.4880247833516038,639.3241903267655
lrb,6847,482.600196567,0.492383132426787,375.01105379590797
lrb,6848,365.068390318,0.48267975613385095,347.5325251560585
lrb,6849,202.069269774,0.43259652965664014,185.5423676733877
lrb,6850,318.266568144,0.3895756133720401,318.74627012365005
lrb,6851,208.032878691,0.3534543930672773,211.4506197162703
lrb,6852,131.584055211,0.31592450244673365,113.8379135131836
lrb,6853,143.305610178,0.3172971134980519,98.13625470329733
lrb,6854,128.219682311,0.3156429925462702,95.25772887585211
lrb,6855,118.395671349,0.32527266959482654,116.9786942425896
lrb,6856,112.376758,0.3426162864180172,111.22152249205347
lrb,6857,149.536477795,0.40589323051247306,147.07432562136182
lrb,6858,224.07217387,0.4560654848297207,226.3692157221776
lrb,6859,206.754148907,0.48091140557558104,204.12509424546184
lrb,6860,216.288264435,0.40651519237142614,215.90169435388898
lrb,6861,212.71593748,0.4374402447081194,214.5935648001877
lrb,6862,167.80603184,0.4808477708513703,165.65608403822955
lrb,6863,179.324276438,0.4576027732622291,177.69451003729125
lrb,6864,151.9739658,0.4422619775820277,150.21608964508656
lrb,6865,170.045213645,0.40945072129646454,168.53516178505092
lrb,6866,220.929414071,0.38488687548321926,205.69676747041592
lrb,6867,233.629136409,0.3615412554359651,174.29287447461894
lrb,6868,194.831194543,0.4001859801097049,113.05492113898784
lrb,6869,153.960797511,0.3733972260781697,91.59549623377183
lrb,6870,147.140482733,0.38299563725789393,149.1699420704561
lrb,6871,148.59423436,0.4148740384056374,148.12335734647863
lrb,6872,138.933782125,0.42850811788014,137.39381318933823
lrb,6873,122.037771031,0.3894150748655394,120.90676098991844
lrb,6874,123.965309318,0.3650732432110903,124.04740465949563
lrb,6875,126.878196477,0.4044624701067431,104.15810995662915
lrb,6876,156.282924993,0.43552165114378083,80.8666280110677
lrb,6877,147.716184927,0.4243509772845677,45.79833385991115
lrb,6878,175.324707275,0.385439988361658,71.70724194096584
lrb,6879,97.5219363018,,0.0
lrb,6880,116.487267966,0.31670472025871277,10.991638363108915
lrb,6881,147.459577976,0.29984082544551177,93.42901808794807
lrb,6882,120.512610197,0.34695368812099653,121.1700148937749
lrb,6883,135.793815477,0.3953441707050706,132.94688651888978
lrb,6884,116.961655216,0.43402049389434455,115.9360315360275
lrb,6885,119.775238487,0.4363802096722583,113.31905556473077
lrb,6886,118.956274667,0.4255392560714603,117.50644127340878
lrb,6887,143.362063192,0.432408250640924,145.77090011297489
lrb,6888,134.77202536,0.4268303786665497,131.63872620825674
lrb,6889,138.306949278,0.4236855070485316,135.82608020258886
lrb,6890,131.562798659,0.4088140643140667,131.63889513202741
lrb,6891,126.7726522,0.39820580323867644,125.88149168725107
lrb,6892,126.875529672,0.3984978224139616,130.3307067871094
lrb,6893,135.559010633,0.45410610481589014,130.59263868144916
lrb,6894,137.767580225,0.44912414664207995,140.27608905867035
lrb,6895,140.127657427,0.43349284243062547,143.67855449003332
lrb,6896,131.295968439,0.4286556568903702,130.06988474527995
lrb,6897,125.000334245,0.4112362768075074,125.88272782868032
lrb,6898,118.400866661,0.3788718236050255,117.5081948673024
lrb,6899,128.017613378,0.37766735393976425,126.92999357335708
lrb,6900,129.996300317,0.39471243432274566,127.19191697064568
lrb,6901,121.567778431,0.4080396615194552,103.638001834645
lrb,6902,131.983555315,0.3658562198417165,86.103489595301
lrb,6903,136.867442497,0.32727929140673956,133.9970936494715
lrb,6904,112.85646716,0.3648950758998252,114.63051925359987
lrb,6905,119.90418753,0.33697659227206356,119.60324581370632
lrb,6906,106.851067564,0.3280262694851278,103.9005012362611
lrb,6907,102.698964069,0.3594959111022703,101.28342428768381
lrb,6908,101.493755161,0.38504997033339283,102.06862236471738
lrb,6909,101.283745916,0.39410261171204697,98.92809349508846
lrb,6910,100.383651691,0.4026928118945378,103.11555896833832
lrb,6911,109.63199138,0.39062923405328603,106.51787483364929
lrb,6912,117.424038591,0.3520042422591456,118.55673810173485
lrb,6913,133.686035549,0.336487337439237,130.59559957466874
lrb,6914,130.185486144,0.31139386576764727,129.0253748575846
lrb,6915,130.413801538,0.29489916288989715,113.84591809441062
lrb,6916,140.302009724,0.33634071224010914,54.4365727443321
lrb,6917,116.821619199,0.3789226325202327,110.44343797272327
lrb,6918,143.188966331,0.4447632328035216,141.06381087957647
lrb,6919,157.118824565,0.5196350992535492,154.14922724705116
lrb,6920,152.293221184,0.5636829678936419,156.24267757640166
lrb,6921,165.634788493,0.5317979704232424,161.47672361486096
lrb,6922,152.577237567,0.4937699779661165,150.74634192971624
lrb,6923,133.568100639,0.46731650410220027,133.99664665670957
lrb,6924,222.711891509,0.4034882135997862,221.14642064711623
lrb,6925,212.464087627,0.3543396375093021,198.90072093290445
lrb,6926,246.868514804,0.3803306362672105,93.95433672736674
lrb,6927,244.982918435,0.3423845466241797,63.072307721306295
lrb,6928,141.610242556,0.28908880139562987,82.96220014983533
lrb,6929,162.882588169,0.3076081469363809,160.69025582706226
lrb,6930,142.528802213,0.3254972777668403,125.09766358020258
lrb,6931,150.066567126,0.37857992299225013,120.38694718304802
lrb,6932,189.933379868,0.41115828491475465,179.271869913737
lrb,6933,197.558992644,0.44156452804416807,100.75869604372511
lrb,6934,147.988203537,0.35266508189447093,127.97674829819623
lrb,6935,120.996393858,0.36518165437261346,122.21928001852598
lrb,6936,136.5696496,0.361887386907603,137.1370688045726
lrb,6937,144.877998317,0.3339915301274816,142.63325904397402
lrb,6938,142.703205984,0.35498802408024116,141.32493277157053
lrb,6939,141.339688331,0.3920904445020776,144.20401943431182
lrb,6940,161.273438116,0.3844356065873548,162.78596167470891
lrb,6941,160.580655716,0.3691429150758845,152.57939186844172
lrb,6942,186.916617794,0.3713577083706656,156.24362936580883
lrb,6943,172.019275893,0.3491235936283163,172.99367974973194
lrb,6944,173.482933789,0.3252949518435152,169.32994624119178
lrb,6945,181.24155907,0.37182508649940266,131.1196860818302
lrb,6946,195.219159834,0.40443675663020157,116.20210158404183
lrb,6947,188.064994242,0.3933510076050734,105.21020783069088
lrb,6948,156.680755546,0.2799103579737924,86.36668979420381
lrb,6949,133.837130965,0.3153123872592145,116.98782285802505
lrb,6950,142.898047438,0.3331755801191871,138.71053299249385
lrb,6951,142.310627173,0.32274275862458923,105.21075735653147
lrb,6952,145.949201935,0.34055557948047827,92.6484079697553
lrb,6953,170.055380646,0.36951560633523123,73.28137670778762
lrb,6954,178.446364286,0.4102682635136896,76.16038908116957
lrb,6955,210.810317094,0.40461810960851874,91.07846000521792
lrb,6956,178.500907131,0.4519739307701148,106.52011979046989
lrb,6957,175.369702357,0.42386328711591914,45.539314000746785
lrb,6958,145.537804731,0.4095017760992051,69.617663304946
lrb,6959,151.960753564,0.3512112122733851,77.46928504495061
lrb,6960,133.58451033,0.28796388182351607,73.54363304586971
lrb,6961,149.880587125,0.32555330556243567,84.53609224207261
lrb,6962,148.666078879,0.3805063288435077,148.1345875459559
lrb,6963,120.45639329,0.3565849220928024,88.98553870705999
lrb,6964,116.965373964,0.3835341986648891,102.59512840719785
lrb,6965,126.748054474,0.40378082945730437,128.50563013413372
lrb,6966,139.631425732,0.3889690314730009,135.04868146110982
lrb,6967,147.188538573,0.36356288070233156,131.6463145536535
lrb,6968,136.457191492,0.3952351319590651,93.95835239186006
lrb,6969,159.0247469,0.4457773521846654,128.24403246711282
lrb,6970,142.905928067,0.4615392120851986,90.29432723101448
lrb,6971,131.197415283,0.44169924842414043,121.70116595099954
lrb,6972,119.633327875,0.42898300102223524,120.39270570044425
lrb,6973,133.890304086,0.444744457650094,137.666669179879
lrb,6974,126.069692276,0.4364079435459009,125.3658567241594
lrb,6975,123.434019246,0.37784632246539657,123.7957144942938
lrb,6976,171.665690788,0.3523197084799543,116.20588612275967
lrb,6977,205.131309541,0.3954061406945425,98.93224774528952
lrb,6978,258.070321119,0.4440211610668859,119.60876234465954
lrb,6979,339.769530953,0.3080077551088287,215.66242385565064
lrb,6980,214.164645947,0.2863023211134643,214.6158666274127
lrb,6981,176.765460378,0.3745020278568926,166.98173379337084
lrb,6982,113.214507281,0.34019755873569224,112.54273014442595
lrb,6983,130.695299565,0.34824571173741997,131.38708331538183
lrb,6984,144.369573716,0.339988015294075,143.94998542935238
lrb,6985,148.442876017,0.332838695294778,149.9697364358341
lrb,6986,149.467065183,0.3281957071520215,146.8290252685547
lrb,6987,160.790964013,0.3735681768872697,162.5326282276827
lrb,6988,168.73023978,0.3848584520175318,175.09550251680264
lrb,6989,159.331663523,0.36122816038016536,108.35504644057329
lrb,6990,139.60759209,0.37262069443438917,61.506002239152494
lrb,6991,196.971454227,0.3768409249824207,119.87137723436543
lrb,6992,129.170693584,0.41825675023229497,69.61974723666323
lrb,6993,132.775285802,0.44093428979143057,134.26689013312847
lrb,6994,142.794193488,0.45629578900030443,142.3807284785252
lrb,6995,139.658364092,0.4479675250875075,138.978487590715
lrb,6996,119.623063796,0.42681042192333035,122.75146286908318
lrb,6997,123.999034153,0.48167208220004015,122.2282184376436
lrb,6998,136.946045426,0.5039150719887742,140.02613875445195
lrb,6999,145.498876633,0.486723604385326,139.76463255040787
lrb,7000,187.1946482,0.48940118133020005,186.87662622788372
lrb,7001,185.91284935,0.5129983644347547,190.0177578196806
lrb,7002,182.428072637,0.506452944763112,181.64263108197383
lrb,7003,160.362499719,0.4619681245108511,156.51655850877947
lrb,7004,150.693940057,0.3851090545854041,146.8326738245347
lrb,7005,144.288768123,0.3309105173373093,144.739040629069
lrb,7006,152.964037494,0.3291702357798638,88.46631430831609
lrb,7007,151.19565727,0.35765861911433083,36.64290319704542
lrb,7008,166.661072459,0.26437728760535256,14.918929425407857
lrb,7009,194.90069079,0.310322246517575,73.54784656599456
lrb,7010,201.860900005,0.3644195950487584,109.40588151520373
lrb,7011,180.336777262,0.4717212191649846,76.95066061580883
lrb,7012,182.291740858,0.48837393501421794,74.85675674139286
lrb,7013,154.646504526,0.4332048233014992,108.62068511364505
lrb,7014,131.59637967,0.4478987755785026,130.34483857996324
lrb,7015,123.949286716,0.43788107357218725,122.49282056023094
lrb,7016,129.583100605,0.4248431023824688,125.37207994648054
lrb,7017,154.613753474,0.4419538757022546,128.25137209424787
lrb,7018,219.826808318,0.5745553506254141,123.54033245011873
lrb,7019,140.605815736,0.47967181657210434,79.3065637027516
lrb,7020,187.996124132,0.43190268287849715,88.20567085415709
lrb,7021,199.911932014,0.4300954906182021,171.96205605899587
lrb,7022,148.774917967,0.44381101587659705,152.85533342548445
lrb,7023,132.933116729,0.4656478068209254,134.0103701722388
lrb,7024,142.658896768,0.4517820799825767,137.93669400682637
lrb,7025,156.77967882,0.4212043381074502,157.3056791417739
lrb,7026,173.553966039,0.4102117851677801,168.2989994722254
lrb,7027,123.407536057,0.41682871732032073,121.1859219719382
lrb,7028,201.951881362,0.35502149917111536,158.61490882424746
lrb,7029,143.948956409,0.2908950107438224,47.63694233613855
lrb,7030,155.349815549,0.2711045677441896,121.97168848374312
lrb,7031,160.944069605,0.33825118345277844,115.95180188347311
lrb,7032,144.542782212,0.3666342902378958,143.69652671065987
lrb,7033,113.153019568,0.4013978170218371,115.95188990574256
lrb,7034,117.612378786,0.41081772346245615,124.32766660802504
lrb,7035,120.118628545,0.40489272550385225,122.49546580595128
lrb,7036,132.091508544,0.40228315406632653,134.79733776017733
lrb,7037,133.309048766,0.37686697065947794,132.70343732646867
lrb,7038,124.515099014,0.39464255036547996,124.85116233077703
lrb,7039,123.27961852,0.38225820870287636,122.75723114013672
lrb,7040,124.4606145,0.3632464019347355,122.75720274682138
lrb,7041,120.687949228,0.3909363892707196,119.09273376464844
lrb,7042,117.195869453,0.41592502755451416,115.95175341437844
lrb,7043,113.425380295,0.43204282960902396,116.9986079496496
lrb,7044,147.967834518,0.4367691070809691,145.004837215648
lrb,7045,142.775731585,0.4453755302903353,139.50821542178883
lrb,7046,122.063510157,0.4086721676145579,119.87762801226448
lrb,7047,127.997610832,0.3994702722416484,124.85081580666935
lrb,7048,147.142064383,0.33270355613432206,140.0319658167222
lrb,7049,143.873793897,0.365742463070907,126.42152186375039
lrb,7050,141.147024895,0.3771799932127474,89.25422485949946
lrb,7051,173.673753456,0.4100915003154013,9.422744302188649
lrb,7052,140.187040596,0.31430073540602155,87.68401306750728
lrb,7053,149.749679165,0.3426613558205149,104.43568914076862
lrb,7054,153.531599881,0.3801767379537274,79.30848693847656
lrb,7055,260.319765203,0.4512560342441661,232.6911984911152
lrb,7056,215.577492741,0.4454197252497954,213.58352409811582
lrb,7057,109.868450686,0.4307369720845965,104.17414960674212
lrb,7058,93.0647495632,0.43038587077082363,93.96620088465073
lrb,7059,102.872653855,0.4202850716772365,105.22126949534697
lrb,7060,102.842040751,0.43998428439735465,104.43609080595128
lrb,7061,142.945939972,0.4790751284513719,142.91267619413486
lrb,7062,131.471524046,0.5138461834450407,132.96646955901502
lrb,7063,152.788284045,0.5265995859582392,150.76526013542625
lrb,7064,161.909513832,0.5262448406937132,156.52373130648743
lrb,7065,139.676740284,0.46851635622381016,135.84585661046646
lrb,7066,127.525755697,0.4334602507756802,125.89942737654144
lrb,7067,100.948129601,0.39919722620127845,72.24156458237593
lrb,7068,157.287226435,0.40849801629781723,26.174406911812575
lrb,7069,193.410243782,0.4606832861900329,7.067091549144071
lrb,7070,173.2728119,0.44776883721351624,80.35560144162645
lrb,7071,145.291787497,0.3631445870553846,36.38262834735945
lrb,7072,155.830183544,0.42521874321734215,142.38960696949675
lrb,7073,154.266086549,0.45973618086720014,149.98029812083524
lrb,7074,113.899724677,0.4370595469081975,114.38282440783931
lrb,7075,147.541305534,0.4467435203532627,146.31559199912874
lrb,7076,180.689554141,0.4240619067738696,171.7045985203163
lrb,7077,216.15841771,0.4157554842973415,198.66432414335364
lrb,7078,178.759023049,0.42262574870593383,178.2484332813936
lrb,7079,147.287961944,0.44340296752818004,145.2687223845837
lrb,7080,141.081051259,0.4527984737151283,143.174997995414
lrb,7081,149.270580535,0.45273955678730676,149.19540315515857
lrb,7082,164.825747353,0.4568833280086517,163.5917059206495
lrb,7083,159.279281098,0.46812133724375293,168.82691282384536
lrb,7084,141.46130889,0.5024816463527604,133.22954077627145
lrb,7085,170.452285683,0.5105158587882024,177.72694618374692
lrb,7086,168.788569943,0.49419702540494886,159.1430928248985
lrb,7087,146.349918281,0.48953538193070323,146.05591532389323
lrb,7088,144.850152427,0.49889937244481497,139.51243878532858
lrb,7089,149.837648774,0.4890952616119061,153.90891508214617
lrb,7090,177.907611034,0.4492287485028159,176.94320131189684
lrb,7091,170.994813476,0.41037738318318023,159.4061818739947
lrb,7092,173.333834378,0.4005894971092176,141.607345940085
lrb,7093,163.773452816,0.40392370290731955,102.86833074233112
lrb,7094,234.954947387,0.3966538151746155,121.71448965633617
lrb,7095,232.268009829,0.3905884713685813,186.89084589341107
lrb,7096,233.968447467,0.38915490600040986,229.03310852050782
lrb,7097,173.071080396,0.37977963810722565,175.11229672899435
lrb,7098,160.924731186,0.4209413374623945,162.2867342780618
lrb,7099,133.828945731,0.4110944023305886,136.6352065142463
lrb,7100,190.857613436,0.3510180116116002,187.4156815173579
lrb,7101,167.443697412,0.3403674638025734,165.16686467189413
lrb,7102,196.163684259,0.3509306622980769,198.67166442871093
lrb,7103,184.765034053,0.370706545449169,187.41642874923406
lrb,7104,142.608465431,0.4079445272394754,134.80378872740502
lrb,7105,156.591858291,0.3854180886941468,156.00604002709485
lrb,7106,183.369049499,0.36197299169853353,185.0609457277784
lrb,7107,256.65835189,0.39139621172632494,256.5202423694087
lrb,7108,259.207897296,0.42235153513566154,263.32620448692165
lrb,7109,148.692709387,0.3957922675392844,149.7245215920841
lrb,7110,219.395683433,0.40946651171744225,216.47230900783163
lrb,7111,234.611624889,0.40686369632281444,237.41274476892812
lrb,7112,169.166525956,0.38557210609768383,172.75895505418967
lrb,7113,181.641816339,0.4069055304699338,126.95182919969746
lrb,7114,152.40504837,0.35230770110036447,148.9395456052294
lrb,7115,153.071970005,0.36001702965951016,123.28759792552275
lrb,7116,126.765562956,0.3614547842394107,49.47213269401999
lrb,7117,111.295092518,0.3931407928466797,18.846559053308823
lrb,7118,140.204577203,0.3582290606019179,92.40064484839345
lrb,7119,132.801340138,0.3408050390796163,130.09397478290632
lrb,7120,124.177560417,0.37429133002291026,126.95300963158701
lrb,7121,119.46860347,0.37424443581706773,121.19444146249808
lrb,7122,125.954864982,0.37429732322191994,124.59744890998391
lrb,7123,142.824964754,0.44760736890943054,137.94732576258042
lrb,7124,259.171943068,0.4558451565506522,254.95429095099956
lrb,7125,234.12808413,0.38600139140812456,230.87244729434744
lrb,7126,286.299058206,0.32415413993228337,253.90761341768155
lrb,7127,284.978619913,0.2652870918624103,125.64516583610984
lrb,7128,574.905977,0.338417169459054,531.3746064129999
lrb,7129,636.743262546,0.3383506730739182,599.1724561803481
lrb,7130,400.826362808,0.38725858653116535,208.1009226780312
lrb,7131,328.606549857,0.3971318814891596,163.8632828357173
lrb,7132,628.639305059,0.35244985961028813,415.94058987486596
lrb,7133,319.920921298,0.36670800179419427,88.47589045505899
lrb,7134,273.612598628,0.25757131816612344,141.35238198673022
lrb,7135,296.186441572,0.30984423819341156,74.60252694522634
lrb,7136,245.992848411,0.3910123309668373,66.74950408935547
lrb,7137,315.063422543,0.38644549222684854,111.77266444785923
lrb,7138,161.52262493,0.3950536847114563,13.088138056736367
lrb,7139,299.485345572,0.38167102634906763,135.06952730066635
lrb,7140,234.409229297,0.35689257644116884,146.58712783514284
lrb,7141,354.697088716,0.3723228157623045,280.60933152741075
lrb,7142,289.714022974,0.3608108770759262,283.48848799163227
lrb,7143,387.476511328,0.33813775145630875,306.5229960722081
lrb,7144,356.039340433,0.32934929059969403,193.7033659991096
lrb,7145,411.525710376,0.3251818237497155,309.6632398717544
lrb,7146,442.637509188,0.30966982552994327,286.62795122931993
lrb,7147,597.543181219,0.305701903536956,388.4520456650677
lrb,7148,363.606229834,0.26432418618581177,169.62058706844553
lrb,7149,171.597953303,,0.0
lrb,7150,286.257027766,0.32618882494457696,108.10664816463695
lrb,7151,177.910364553,0.33623006429385255,56.539944727280556
lrb,7152,140.547774507,0.35349956694231854,115.69721966911764
lrb,7153,179.873469455,0.35480988163339044,96.32718921736176
lrb,7154,239.130429567,0.3195027147921232,136.11469068340227
lrb,7155,228.462642675,0.3070295707512927,121.71786089130475
lrb,7156,309.141384026,0.2862373677769093,207.31326323864508
lrb,7157,252.313159844,0.2966904422092659,169.35800099092373
lrb,7158,227.559345875,0.2837044233517931,79.0512586406633
lrb,7159,222.468523266,0.281944206086072,143.96757731718176
lrb,7160,220.939241572,0.275303400113803,93.4481362735524
lrb,7161,262.286988596,0.2722734481760813,152.60587221033433
lrb,7162,288.828699626,0.2852535806023158,136.11512846105236
lrb,7163,264.298993333,0.29398731837944436,94.75719676298255
lrb,7164,221.364744563,0.29082938405600456,57.58730585434857
lrb,7165,195.278556294,0.2882473038445259,121.45704516242532
lrb,7166,227.862694513,0.3196722451700933,150.77450337129483
lrb,7167,232.233002555,0.33596559708768675,71.98443020091338
lrb,7168,212.107800211,0.34596142359077936,92.14031991397633
lrb,7169,186.000803414,0.3606547408760082,96.0669354906269
lrb,7170,288.373769952,0.4342603262881158,185.8517946729473
lrb,7171,232.258422596,0.3797968362089036,110.98749105416091
lrb,7172,194.268007331,0.361088408112526,65.44081729066139
lrb,7173,221.762465817,0.35587879516640486,64.1320941401463
lrb,7174,197.233122111,0.34253882788215223,62.56157995485792
lrb,7175,133.381804849,0.34554097351137103,23.8205634023629
lrb,7176,120.424426471,0.310518741607666,17.799989827473958
lrb,7177,138.453785143,,0.0
lrb,7178,162.891895214,,0.0
lrb,7179,183.019028414,0.4005565643310547,13.088296628465839
lrb,7180,164.57931266,0.4005565643310547,5.2353186513863355
lrb,7181,162.401235331,,0.0
lrb,7182,191.218695909,,0.0
lrb,7183,180.173236166,0.5207484364509583,6.020637093338312
lrb,7184,177.369397816,0.5207484364509583,4.188269282322304
lrb,7185,146.300327401,,0.0
lrb,7186,140.653592721,0.2829289038976034,26.70029925178079
lrb,7187,149.409833394,0.32843659818172455,8.376551579494102
lrb,7188,149.033344864,0.41076695919036865,8.638305394789752
lrb,7189,188.543754486,0.3835501695001448,9.685361495672488
lrb,7190,203.709304512,0.37056631642964577,32.45902410768995
lrb,7191,204.040133037,0.37273386120796204,32.720741571164595
lrb,7192,176.027804504,,0.0
lrb,7193,169.296456518,0.38543039348703867,44.23836675905714
lrb,7194,185.285650444,0.3676151727375231,19.89417676738664
lrb,7195,193.548318661,0.35112290208538377,6.2823716107536764
lrb,7196,359.679885328,0.3851382877708467,126.69448840571386
lrb,7197,263.809587666,0.42970965135886047,67.27361109116498
lrb,7198,228.566898424,0.47136250138282776,1.3088250253714766
lrb,7199,208.120050704,0.40283620532821207,8.899994016161152
lrb,7200,242.279281383,0.4264390809351907,71.20000508626302
lrb,7201,161.053050785,0.3339795854288278,76.17356947356578
lrb,7202,283.71646103,0.26103811975800517,214.38595141242533
lrb,7203,250.546161468,0.3584641487773405,142.6623659320906
lrb,7204,476.40778073,0.36320901945411804,349.71957403444776
lrb,7205,318.486092068,0.3714234348800447,226.16634826660157
lrb,7206,198.039240806,0.3423627716396491,149.99245784983916
lrb,7207,266.413356634,0.3532842940227552,115.17748335296032
lrb,7208,231.198336304,0.3610680740564427,73.81834797578699
lrb,7209,207.219650288,0.3735047708142479,41.62099645278033
lrb,7210,251.07210211,0.33883181268683316,86.12182440664255
lrb,7211,433.665673058,0.37602289959922014,379.302367625517
lrb,7212,319.476259617,0.37837069124796846,316.47685519947726
lrb,7213,207.124888505,0.3295768261259142,205.7491880529067
lrb,7214,170.899357851,0.3190674696741186,121.98367450190526
lrb,7215,185.75613457,0.34634983342152664,165.9604068232518
lrb,7216,156.564171691,0.3538468765331707,152.34848632812503
lrb,7217,132.886688678,0.3851188626526798,63.08580112831265
lrb,7218,129.714196678,0.3516200184822082,72.77109306185854
lrb,7219,143.22840485,0.3561957045034929,8.638281160242418
lrb,7220,173.856984018,0.35923100923592194,55.49428256165747
lrb,7221,186.244104345,0.36503826979904963,114.65317370844822
lrb,7222,181.442300197,0.40038418017044203,151.3000356038411
lrb,7223,162.475087764,0.4135897419282368,164.9116767434513
lrb,7224,122.287611864,0.3690390411243645,121.72035486557905
lrb,7225,105.401249719,0.3267869956735938,105.4908051733877
lrb,7226,112.117106246,0.31706290957810995,112.29648033590878
lrb,7227,150.655866665,0.3252760322915541,116.22277230655445
lrb,7228,148.275955776,0.3815164638712369,117.00782407872818
lrb,7229,135.805817436,0.4344752295663642,133.2368944355086
lrb,7230,125.306649753,0.44191905631094563,128.2632064819336
lrb,7231,167.317975326,0.31920142998266676,165.95665651209217
lrb,7232,201.663420628,0.297077328081757,135.5921765495749
lrb,7233,185.512572089,0.2980646242252158,145.80076688878677
lrb,7234,175.822334649,0.31192178282331917,61.5138105504653
lrb,7235,185.447856552,0.29552796977912366,70.93723521513097
lrb,7236,180.153244433,0.2786501603006026,72.50787533030791
lrb,7237,192.638171081,0.29225486140502127,49.734667609719665
lrb,7238,174.067506719,0.3315179876742824,32.458405438591456
lrb,7239,150.529507118,0.31560091908883164,113.08102686264934
lrb,7240,162.059373176,0.31707401388893186,162.5539936738856
lrb,7241,160.705479677,0.34085495859683557,156.53345489501953
lrb,7242,142.531444152,0.35643409432727335,142.9217955645393
lrb,7243,150.701112176,0.37270855462489566,152.0833502376781
lrb,7244,171.565416074,0.3599221360519391,171.1919012630687
lrb,7245,348.619404094,0.30470261493340783,351.0212981280158
lrb,7246,371.380597222,0.3025650462969751,373.5329082713408
lrb,7247,351.298478508,0.2990710905999034,352.85385984532974
lrb,7248,376.946457689,0.320508687073374,371.96238394344556
lrb,7249,277.23807994,0.3306699716905773,246.84094866584329
lrb,7250,228.399653238,0.3263291179546319,146.06298122032013
lrb,7251,577.988080296,0.37450809067169094,533.7328417011335
lrb,7252,190.839998129,0.38592973015095927,132.18934945499197
lrb,7253,272.872051651,0.36330901362707335,201.81738774916704
lrb,7254,361.293661277,0.3376951636303039,340.8116787181182
lrb,7255,269.27746806,0.33309517047643417,264.6391561171588
lrb,7256,186.232719711,0.35158329889027756,259.14189551858345
lrb,7257,182.267449343,0.329341959999633,202.07801753025427
lrb,7258,488.449950509,0.32548957760680686,441.06179211186435
lrb,7259,691.793476429,0.3519593265375929,685.0194350298714
lrb,7260,508.824905513,0.3702251586785352,509.11921141381356
lrb,7261,434.759479376,0.36631975564747493,435.5651383044674
lrb,7262,397.502517374,0.34955972149633513,396.3019037284103
lrb,7263,357.626728231,0.29591534679747267,352.32703025668275
lrb,7264,396.667490274,0.33300655367238724,395.5166815365062
lrb,7265,135.426756872,0.3667430957119753,134.5435251273361
lrb,7266,162.571132357,0.42948832028154005,162.5512904447668
lrb,7267,223.218791465,0.45934151120029143,223.01692971622242
lrb,7268,192.145015754,0.41331222117347205,195.00863527784165
lrb,7269,142.900015967,0.37320622160176564,205.4787217383291
lrb,7270,228.719995124,0.3627579281305473,227.98957633224188
lrb,7271,174.865637748,0.37160932062812785,175.63811905804803
lrb,7272,229.476798507,0.34969489743460475,227.98921775069894
lrb,7273,190.59213323,0.37305374773556754,195.0077730964212
lrb,7274,145.882395229,0.5130368991629451,147.62962332332836
lrb,7275,140.242508111,0.5333660398336019,142.39427520153572
lrb,7276,139.360482393,0.4684572324467791,137.94419759114584
lrb,7277,127.752578215,0.44326964864191015,124.85629873836743
lrb,7278,115.141654598,0.4623907292431051,115.17124140122357
lrb,7279,118.866096987,0.47648029932669833,118.31208137063419
lrb,7280,123.114892724,0.4638653604430905,120.66768682143265
lrb,7281,131.327318574,0.47567260665855865,132.44634237850414
lrb,7282,144.42495308,0.4702956285259942,143.96323170381433
lrb,7283,173.441839152,0.45201274552418064,171.4468899895163
lrb,7284,265.967213881,0.43787487721945867,260.7035225363339
lrb,7285,379.530942636,0.4174231117764973,384.5108598596909
lrb,7286,185.406967751,0.4247160741761952,186.88926077450023
lrb,7287,187.490658428,0.4105094591140084,187.93604939778646
lrb,7288,280.928863049,0.3557872961002185,278.5012058033663
lrb,7289,157.211176416,0.33691834124744446,153.12296486648862
lrb,7290,324.09962036,0.3280839803457403,434.24101852716177
lrb,7291,323.955216212,0.31193742138971,320.1183263442096
lrb,7292,181.442214585,0.348571035398093,182.96162082447728
lrb,7293,226.165603196,0.3717799142727423,226.1499283435298
lrb,7294,384.935845361,0.29783519076875,395.5011296889361
lrb,7295,334.597470094,0.31414102708479485,325.8757247924804
lrb,7296,250.133018773,0.414315139997966,253.37094199984682
lrb,7297,466.83112012,0.32256933797432663,474.02416277118755
lrb,7298,391.15677279,0.3222227170023807,393.92906443277997
lrb,7299,315.943929073,0.3246797746627183,308.5993107515223
lrb,7300,231.521884674,0.36226191170423266,237.4040958778531
lrb,7301,197.839091964,0.3646583509635166,197.09520820168885
lrb,7302,201.115959695,0.39317561398131423,200.49802476471547
lrb,7303,211.655384944,0.387154359412223,210.18301834405636
lrb,7304,264.356703637,0.41997624811774,262.2710610782399
lrb,7305,375.310803365,0.4214389803416287,371.94379921707446
lrb,7306,317.033319181,0.41184537607293736,305.9838374717563
lrb,7307,291.068494061,0.3893990375586516,221.1775986914541
lrb,7308,259.04802947,0.32688528201217026,127.20987237668507
lrb,7309,258.40217233,0.40443322440432433,234.26594534481274
lrb,7310,284.012901817,0.5399042430942205,247.61582668528837
lrb,7311,344.563163047,0.5244324097436635,345.7718303007238
lrb,7312,195.607787563,0.45399601469181866,193.43311229032628
lrb,7313,368.178871591,0.5182709276208524,366.974052249684
lrb,7314,247.675069796,0.42208434520883775,246.04536168715535
lrb,7315,156.283994175,0.4076754373855723,152.07680592256435
lrb,7316,142.397497766,0.40306818479801704,142.9155662985409
lrb,7317,122.097427612,0.42442589489890054,122.76091147030101
lrb,7318,156.408360284,0.43545181821195456,153.90938047521254
lrb,7319,183.548826318,0.44072690333249054,182.96387715059168
lrb,7320,176.117741014,0.4406034983314975,179.82305531221277
lrb,7321,197.244676944,0.45625529683978355,197.62229560403262
lrb,7322,209.16089326,0.484758101515472,209.40136988022746
lrb,7323,176.492452661,0.4856940935666745,170.13883343864887
lrb,7324,162.218085153,0.48489777823257135,162.02479672899432
lrb,7325,141.784151444,0.45473270486579853,139.77607179529528
lrb,7326,135.352640661,0.46988547905798894,137.944051286286
lrb,7327,154.886128144,0.505440342072625,149.9849645278033
lrb,7328,160.125000306,0.5031690231557779,160.71713442334942
lrb,7329,155.875182811,0.5134562976859711,154.95881655823953
lrb,7330,180.372352168,0.5195893014050782,179.56406067492915
lrb,7331,306.997274142,0.47539134253488846,305.99224766749967
lrb,7332,166.443309919,0.5299492560303096,162.8122845219631
lrb,7333,142.876942149,0.5192228080990079,145.27488394344556
lrb,7334,128.577031547,0.4944781757130914,128.26091063256357
lrb,7335,129.766339345,0.4692835210539902,128.5228802250881
lrb,7336,164.620903155,0.4982928859260132,161.50456097172756
lrb,7337,199.052678706,0.507442401877294,201.03029085047103
lrb,7338,237.20707517,0.48956862714853194,232.96521968467562
lrb,7339,251.71080342,0.5301000030394413,252.33573027966074
lrb,7340,163.873988155,0.561927461541105,169.09657461128984
lrb,7341,145.606191861,0.5466258523620178,140.0414801204906
lrb,7342,128.761289284,0.5324479766145258,130.61832742130053
lrb,7343,138.791178903,0.5407963513637601,135.59198895622706
lrb,7344,169.350936824,0.547139005036668,170.92997562184053
lrb,7345,119.516818243,0.591504673163096,62.037446414723114
lrb,7346,88.7141311604,0.39635440071297295,82.19321172377641
lrb,7347,110.86978164,0.4312887129653476,105.49013432521447
lrb,7348,118.72666711,0.4471322502446386,118.3165096507353
lrb,7349,114.749516617,0.4490735018498277,114.65181717218137
lrb,7350,121.78380855,0.41444983286275844,120.14881184895833
lrb,7351,119.332022377,0.41633866066174796,118.57817095588234
lrb,7352,115.694702531,0.4945173491168459,114.1281047147863
lrb,7353,101.220896956,0.521276414630281,99.20762454762178
lrb,7354,103.830391925,0.4797154780891207,103.6575034646427
lrb,7355,115.325656567,0.468709011506375,113.60435889748965
lrb,7356,113.146407763,0.45744567808754943,114.1277847290039
lrb,7357,130.202022152,0.4771653991041145,128.7862791173598
lrb,7358,133.865216362,0.5451992008686065,130.8802247888902
lrb,7359,132.240091505,0.564685077520839,134.28296975528494
lrb,7360,116.570176178,0.5590061886926716,116.48319109748391
lrb,7361,144.323528504,0.5311674367595506,142.92084772446574
lrb,7362,115.46155759,0.5664368230182532,119.88595087387982
lrb,7363,98.0967849942,0.5999892200557844,96.58929802389707
lrb,7364,118.175560938,0.5681379272167338,119.88584944781135
lrb,7365,110.634085493,0.5410068501245799,106.27439835492304
lrb,7366,128.819783381,0.5368654675736204,128.52393789852366
lrb,7367,175.568320108,0.5302884515678775,173.2847001019646
lrb,7368,180.83268829,0.527959834521925,185.8490783691406
lrb,7369,179.013607115,0.47016578846310786,176.1640396118164
lrb,7370,180.242557335,0.39991903171210946,174.85529551786536
lrb,7371,167.103771538,0.44158917798445774,170.1437135584214
lrb,7372,112.331978767,0.5191255319936602,106.79793952493105
lrb,7373,113.355943566,0.5445275694888954,113.34197459501378
lrb,7374,125.310162585,0.5447307325239422,124.07420034969553
lrb,7375,103.903689178,0.5353048099204898,108.89227250043083
lrb,7376,104.606697814,0.5466935046169222,102.61013928581687
lrb,7377,115.501307337,0.5137287203084538,113.08068084716797
lrb,7378,108.331388275,0.4608283011426389,111.51024358412798
lrb,7379,103.239121661,0.4900064453901842,102.34872122371898
lrb,7380,105.157523783,0.522242138685264,106.27528803208295
lrb,7381,105.485207765,0.5542328885538662,105.22840887331495
lrb,7382,92.4270122464,0.5738509162368938,91.8786434397978
lrb,7383,114.320359379,0.542024692783805,99.99333929922068
lrb,7384,125.240662527,0.4975644704106718,96.06694859523398
lrb,7385,191.524038525,0.5114315148602184,153.13130367503447
lrb,7386,168.285411855,0.496044347092912,145.27841096765854
lrb,7387,124.56273575,0.4543787705925316,115.43745664708754
lrb,7388,157.108631011,0.52029205110338,117.79346555822038
lrb,7389,162.5490918,0.4209701027472814,157.0580197502585
lrb,7390,160.546740493,0.45905620751702664,151.2994095447017
lrb,7391,167.15006437,0.5255068173600841,171.979016382554
lrb,7392,175.122545648,0.5495505738975411,174.07343352074713
lrb,7393,164.721053148,0.5414961772345602,167.2678350710401
lrb,7394,167.153813834,0.5632630813733601,168.31511625402115
lrb,7395,154.470685812,0.573275464803537,154.18001984240962
lrb,7396,161.912752237,0.5359221177112653,162.55679132798141
lrb,7397,194.682218304,0.529071637602508,194.23083897010952
lrb,7398,179.244177051,0.5275855114867304,177.73981499765435
lrb,7399,132.371004401,0.5438057305148014,136.11903351428464
lrb,7400,215.527210633,0.5541646183263078,214.9110850016276
lrb,7401,116.501842932,0.5142556346125073,117.79555376838236
lrb,7402,184.682274595,0.5310541480779646,175.38443322275197
lrb,7403,310.008594171,0.4740431542014516,312.02681953579776
lrb,7404,178.650508671,0.4249992552261949,175.64599720076018
lrb,7405,141.035115903,0.4842947311208298,138.99860193589151
lrb,7406,124.404279251,0.5412887579386996,126.95739820891735
lrb,7407,149.087396235,0.5230618961771628,139.26053302241306
lrb,7408,122.204018268,0.4766731688501493,122.24569534600951
lrb,7409,112.164748117,0.5265105887716569,110.20454861510035
lrb,7410,144.664589344,0.5489573391525575,143.18759505328012
lrb,7411,636.333966077,0.5606116324978659,642.9076013004077
lrb,7412,234.709221892,0.5949680977436002,225.12184903013932
lrb,7413,251.903799423,0.594124565219007,257.5812713623047
lrb,7414,153.096028293,0.5344576462704866,146.85252613740806
lrb,7415,101.785521874,0.535669485146695,98.42518983728746
lrb,7416,92.7669856396,0.5250063190280005,90.04857985552619
lrb,7417,137.134357053,0.5572347084718539,139.26124097038718
lrb,7418,132.679052829,0.4789959301692235,129.05226296817557
lrb,7419,112.777376098,0.4355020685880272,113.08436871696921
lrb,7420,157.622364449,0.4636058166917394,145.80563327564911
lrb,7421,149.508467577,0.4694829401551707,144.75867489085476
lrb,7422,149.49555635,0.44296528679360914,150.255928847369
lrb,7423,110.228618788,0.45204025534696357,112.5611042695887
lrb,7424,138.260260386,0.441648354602446,138.47641834932213
lrb,7425,200.052352359,0.47169022067148875,174.0773598166073
lrb,7426,127.588760289,0.41669391057430166,30.62719295726103
lrb,7427,76.4879801164,0.25145145232633037,42.14511476404526
lrb,7428,199.158588445,0.36960056202123637,195.0194527121151
lrb,7429,204.722476357,0.3848402528253051,197.11392508114085
lrb,7430,145.945862763,0.41173064173451396,145.0216104844037
lrb,7431,112.081453231,0.42192979606817343,110.99144924388212
lrb,7432,102.130416444,0.4683698213771176,102.35312305525237
lrb,7433,116.675469432,0.4369228195532092,117.27431778253293
lrb,7434,115.958224371,0.4795450781359266,116.75095184924557
lrb,7435,117.214886082,0.5481776045019932,118.84528667973535
lrb,7436,96.7386314455,0.5554133757523128,91.62092515534046
lrb,7437,97.2974551001,0.5634795051282613,99.99782062605316
lrb,7438,99.2858348624,0.552556561933805,95.54775836420993
lrb,7439,106.704403082,0.5406522921758805,110.4690330654967
lrb,7440,119.919411806,0.5358840395045538,121.72548801197725
lrb,7441,104.675507106,0.5344362755104439,101.56886572744332
lrb,7442,87.6506065679,0.5484484919661085,86.1241345873066
lrb,7443,104.110096506,0.5358313436017317,71.20293366675284
lrb,7444,492.830464724,0.5983233006150871,261.51279844396254
lrb,7445,395.633608111,0.4562453371354303,298.6861054663564
lrb,7446,190.235620228,0.40021442387487505,74.86812516754749
lrb,7447,133.869419421,0.42022756347432727,83.76855633305568
lrb,7448,114.721445013,0.4484800447791404,113.61110806932636
lrb,7449,124.485036602,0.3949187213237385,113.61118481205959
lrb,7450,174.00353794,0.311656819500587,118.84682524437997
lrb,7451,178.63134659,0.36048500250417287,73.82117372400621
lrb,7452,161.940101516,0.4665149576134152,70.67983111213235
lrb,7453,137.75641597,0.4937392663406698,39.79017220291438
lrb,7454,124.168692187,0.4311456765447344,16.492002599379596
lrb,7455,149.69448994,0.48204915814621513,33.769433144962086
lrb,7456,164.475452951,0.31702292248153013,111.77960151223576
lrb,7457,145.191601416,0.30079537958411845,61.77996395335477
lrb,7458,115.311539405,0.4053174142005309,110.99445190429688
lrb,7459,111.201192171,0.37860138394762655,115.96830938002641
lrb,7460,124.652646089,0.351241934299469,124.34531447466682
lrb,7461,120.243501515,0.3697506903306298,120.4186356488396
lrb,7462,106.097883656,0.40994615029150516,104.18831104951745
lrb,7463,113.045849404,0.5152981614286152,115.96840003518498
lrb,7464,115.964261119,0.5306358033769271,111.25637637867648
lrb,7465,104.612795457,0.5342057301898554,106.5444002936868
lrb,7466,102.845832819,0.5295118698590918,103.40304026884192
lrb,7467,121.229351746,0.5340935777000577,119.63331819422105
lrb,7468,109.615568173,0.5438011442864692,112.30342667523551
lrb,7469,136.010781324,0.5295625391697125,131.9367225198185
lrb,7470,118.144516211,0.49862079814724314,120.41829187729782
lrb,7471,110.756785276,0.40824214986600615,107.06743678672642
lrb,7472,134.363165214,0.45270241252227733,135.33961432961854
lrb,7473,112.046488813,0.5566415321635982,114.39744783289292
lrb,7474,115.175687778,0.5359663426739361,114.13586219338808
lrb,7475,130.971764808,0.4822876452202778,130.36640131333297
lrb,7476,139.498705847,0.48013337203466244,140.57604029038373
lrb,7477,128.273748103,0.4775963161376048,120.15736416087434
lrb,7478,102.777653209,0.5058996796047427,83.50818346808937
lrb,7479,121.235363199,0.5234397620040913,99.73863372802734
lrb,7480,114.620614541,0.5231543469964788,116.49245318244486
lrb,7481,154.46767196,0.49053779638038497,152.61788321102367
lrb,7482,142.764074346,0.47793465117355444,141.09949385699105
lrb,7482,8.3690847967,0.46000578813254833,8.376962011000689
lrb,7483,10.8072564653,0.5436501502990723,9.947655711454503
lrb,7483,10.1523802039,0.5465946942567825,9.424094884535844
lrb,7482,14.9317665692,0.44194752099562673,12.82721871768727
lrb,7482,8.3690847967,0.46000578813254833,8.376962011000689
lrb,7483,94.6419171763,0.5475854962816529,94.50271175608916
lrb,7483,10.1523802039,0.5465946942567825,9.424094884535844
lrb,7484,113.025558322,0.5728459039760256,110.73323920754825
lrb,7485,131.268102437,0.5602667059061734,129.0580234303194
lrb,7486,164.027990194,0.5276983076848858,157.5922549977022
lrb,7487,196.564729731,0.5346296035988445,195.81243052763097
lrb,7488,217.708606954,0.5124964879894369,220.1583117615943
lrb,7489,190.720764054,0.4589668595032886,181.15307270124848
lrb,7490,144.865403109,0.38309017077170987,141.6242457969516
lrb,7491,140.976441551,0.4080442755424668,141.8862560197419
lrb,7492,122.958392703,0.4371917872474744,122.51449333639705
lrb,7493,96.8714864484,0.3872857144450079,93.98024504418467
lrb,7494,106.148348104,0.40738520700128833,104.18985197777842
lrb,7495,116.543431916,0.48084267280979026,115.97014202043123
lrb,7496,115.246368523,0.5046342618679733,116.49378324022479
lrb,7497,113.92359914,0.46421038443717344,113.3525588390874
lrb,7498,113.188255542,0.39740089821679636,91.88638341567098
lrb,7499,112.21177412,0.3350191454652329,92.9336587344899
lrb,7500,157.4770021,0.4005544192770607,153.1444693471871
lrb,7501,144.04943403,0.5357703168449685,141.10244143616922
lrb,7502,74.917655633,0.5603242825963357,75.13251139322917
lrb,7503,62.6684308457,0.5627269412650437,63.87580204383999
lrb,7504,195.515210025,0.4795116681526317,196.86327634325215
lrb,7505,134.202436557,0.4223398108090927,140.31764394722734
lrb,7506,184.975260064,0.47385578125846156,178.80063775754445
lrb,7507,153.121638186,0.5193058477177738,147.12462020574833
lrb,7508,139.546781273,0.5360069701604756,140.05659350226907
lrb,7509,298.446889541,0.4798906943170538,297.39202162798705
lrb,7510,184.266038312,0.4492382711743656,191.10599876852598
lrb,7511,118.125689878,0.4878832043986342,114.66360285141889
lrb,7512,131.722144986,0.46839334587176956,131.418127710679
lrb,7513,131.261352829,0.4398136952748666,129.32371045280905
lrb,7514,151.087414683,0.4712220100548099,152.0991330614277
lrb,7515,204.604917726,0.459133314733085,172.25664613013174
lrb,7516,164.613093665,0.45495984040571175,47.38366373099533
lrb,7517,158.631487671,0.47702899109965136,124.0879374784582
lrb,7518,126.807651772,0.5040410662183957,128.27674506692324
lrb,7519,124.968040268,0.5364714957961516,124.61189162310433
lrb,7520,111.711593398,0.5481125089949939,112.30796383128447
lrb,7521,109.773573291,0.546089958939564,106.5487433938419
lrb,7522,116.019440083,0.5442509895379323,118.85309708539177
lrb,7523,127.408632878,0.5442635334131628,126.18346545649509
lrb,7524,117.685435772,0.5490486005718788,116.49738341686772
lrb,7525,166.663757763,0.5042484485759187,163.3584540872013
lrb,7526,553.140468867,0.4213094007688409,556.3097869274665
lrb,7527,679.305683394,0.4093753104817634,667.5727763456457
lrb,7528,258.923764801,0.4821300969248818,259.69924717323454
lrb,7529,512.735433552,0.38010317392446935,408.92173737170646
lrb,7530,487.279921207,0.3757541430440354,492.1728319654278
lrb,7531,771.139303864,0.36893401676450777,771.5093136955709
lrb,7532,311.338619428,0.3781986502619821,312.32143560671335
lrb,7533,263.258861335,0.39887682671873476,259.9622099932502
lrb,7534,456.530500693,0.34327724875579957,250.01365915934244
lrb,7535,235.073245914,0.39976673052643064,231.16491782992492
lrb,7536,263.197728276,0.46487192750076284,157.33905876010073
lrb,7537,206.313061905,0.38279899325396616,145.0348870969286
lrb,7538,167.783682455,0.2809489474525952,89.7960822311102
lrb,7539,185.407952752,0.29150571071468623,147.91502305573107
lrb,7540,228.997315583,0.3657885401267705,166.24067762786265
lrb,7541,340.728363771,0.4252523579401896,335.0992694929534
lrb,7542,299.58185205,0.3921254290949049,307.0870205149931
lrb,7543,289.009852535,0.3906115931267054,286.1432537901635
lrb,7544,273.786613321,0.4161872743708746,274.885908239028
lrb,7545,265.885157733,0.44474616255333177,263.10491225298716
lrb,7546,273.421453001,0.46132829013021714,264.67551490933283
lrb,7547,333.796367901,0.4643010809341322,334.5746037501915
lrb,7548,213.378721714,0.4614665915061087,215.19596013087852
lrb,7549,378.187394158,0.45554873107348465,370.70172582888137
lrb,7550,341.775241621,0.3742334002249688,232.73511947931027
lrb,7551,157.292149266,0.4986862762356704,55.500517602060356
lrb,7552,167.280982737,0.5117561235876367,52.88256686341529
lrb,7553,152.663422173,0.48044200899364703,87.17769981833065
lrb,7554,143.23007253,0.4347354145778687,125.92334172865924
lrb,7555,159.481501025,0.44878223247764526,158.3860154694202
lrb,7556,138.822969891,0.44729482974906576,137.96608405019722
lrb,7557,175.420184006,0.462298834544641,176.71198009416167
lrb,7558,175.353624466,0.47734024442789214,171.47620945350795
lrb,7559,194.587317235,0.4763591358361885,89.53421370562386
lrb,7560,180.896770815,0.492858500503902,147.6530715044807
lrb,7561,153.132151517,0.5009556747847533,155.5070296343635
lrb,7562,157.894609566,0.4213847478296912,157.33948729271987
lrb,7563,149.601005428,0.44644071641973965,110.47813256955615
lrb,7564,116.874752785,0.35685878088980005,60.47509604061351
lrb,7565,121.487103769,0.4433263051672047,76.96841726864085
lrb,7566,135.826748325,0.4165514641586432,139.5381446688783
lrb,7567,134.759526238,0.4317709312276933,134.8259650436102
lrb,7568,137.40469843,0.47511586316764126,135.61150817871095
lrb,7569,135.802325659,0.4664328013818096,132.99362766041477
lrb,7570,123.025873208,0.4267976918888934,118.59481829474954
lrb,7571,125.003546298,0.433816123536415,130.11399105296417
lrb,7572,123.152085351,0.4480156387068285,125.4016378963695
lrb,7573,125.587926407,0.4658515761208428,118.85667293772978
lrb,7574,143.64096104,0.4902390220957081,143.46575137867646
lrb,7575,169.177086582,0.4724607275863551,165.98042440975414
lrb,7576,179.067720633,0.48130739615326024,179.07039696188534
lrb,7577,96.5372967561,0.47678250833278635,98.69829855526196
lrb,7578,263.399676501,0.4928984218410084,256.5628217809341
lrb,7579,136.763966136,0.48221329032485166,140.32423347024357
lrb,7580,141.197822095,0.4837708626819854,135.611962890625
lrb,7581,217.687808538,0.47937263790785417,218.86383272058822
lrb,7582,211.965223749,0.42943701610112417,217.81670047535619
lrb,7583,242.207821057,0.42039541895293575,240.59351268095128
lrb,7584,266.759254669,0.37224473834157473,260.75208049100985
lrb,7585,199.96822812,0.3488428712319145,200.53848212747013
lrb,7586,164.46225443,0.3953707301163976,165.45766520780674
lrb,7587,147.680144658,0.3758884795999105,147.9173260857077
lrb,7588,157.665124172,0.3664777227106936,91.89207673914292
lrb,7589,303.803314849,0.30026352527336425,163.36441177667353
lrb,7590,224.896334791,0.3141214236656199,99.74656871720856
lrb,7591,137.650542178,0.3848090364059932,92.93976847330728
lrb,7592,137.391714827,0.43016158837080004,130.90108684464997
lrb,7593,153.9304019,0.4724199334509137,153.4161412257774
lrb,7594,128.075814768,0.47782261398705567,126.71234914742263
lrb,7595,131.391432374,0.46368824480052945,130.63944444843366
lrb,7596,138.617052443,0.4298220816964727,139.54086794385722
lrb,7597,130.870891475,0.4400280963182449,130.9014849195293
lrb,7598,139.273773659,0.4170365039545757,136.13769291896446
lrb,7599,138.142463133,0.4609867201359184,141.3738116096048
lrb,7600,129.40926604,0.48868484069762064,128.545480855306
lrb,7601,127.630646951,0.48540353338429887,123.30942679012523
lrb,7602,130.808200546,0.5028188614212737,128.2837765263576
lrb,7603,127.211480945,0.4881226688015218,102.6270418653301
lrb,7604,135.434238776,0.4968358556886286,68.33082903693703
lrb,7605,141.100685903,0.49847133001829086,146.3484001010072
lrb,7606,156.02790945,0.5407654790544674,153.41721203373928
lrb,7607,177.271322922,0.5436594414514988,175.14711866191792
lrb,7608,165.364896668,0.5513504031529793,170.17301848168466
lrb,7609,200.436636266,0.5128017398603459,195.8300023995194
lrb,7610,201.398718092,0.4892815952979554,200.5426628561581
lrb,7611,188.637714081,0.4602699332525221,186.40541145474307
lrb,7612,184.06527516,0.4767555555718092,185.35847868077894
lrb,7613,200.432499019,0.4215257770112113,199.7581163892559
lrb,7614,223.381925843,0.4017300652830224,59.69188322179457
lrb,7615,218.686544777,0.38225123517110315,18.588317990770527
lrb,7616,208.328627688,0.30237942267355655,206.5662421731388
lrb,7617,171.013312162,0.3978334737661929,163.89176189946193
lrb,7618,129.599197381,0.4370653694381519,128.28607871859683
lrb,7619,139.629542534,0.5150126527877377,141.11470651065605
lrb,7620,171.669217707,0.49840646907218616,166.5102020263672
lrb,7621,186.269797918,0.524268940643028,183.7896073584463
lrb,7622,192.06036301,0.5172850585262966,190.0730780508004
lrb,7623,174.355804594,0.525191733407902,173.05557218065448
lrb,7624,162.165620186,0.5338280913473545,159.44152293485752
lrb,7625,140.422583071,0.5265847108702162,140.3295301549575
lrb,7626,125.198132918,0.5325048735267237,124.35926684211282
lrb,7627,131.466058956,0.5322503805631705,132.4754342471852
lrb,7628,134.731114078,0.5288825693732283,135.8790978824391
lrb,7629,140.310734042,0.5426153704884777,140.59186150045957
lrb,7630,139.223383859,0.5377244181931019,136.14123714671416
lrb,7631,131.31105003,0.5188946934307324,124.62170544792625
lrb,7632,137.85695445,0.4794154090176728,140.8540335262523
lrb,7633,123.666534694,0.47573610417014883,125.14544228946461
lrb,7634,128.453859565,0.5330796590264961,128.28715694651885
lrb,7635,107.198588404,0.5575437440929643,108.6513438505285
lrb,7636,108.04507771,0.5270824412020241,107.34226002412684
lrb,7637,177.334938112,0.5142405006828508,175.15112214929917
lrb,7638,127.133469267,0.5146768747903483,127.50173725801356
lrb,7639,120.678908124,0.48826581882371944,123.83647290398092
lrb,7640,130.267252288,0.48276187699250495,129.59617704503677
lrb,7641,166.62252813,0.4791792541742325,167.55839583453007
lrb,7642,172.265396118,0.36513543888236266,96.08420338350183
lrb,7643,162.558317293,0.3616633240316735,159.70402347340303
lrb,7644,113.270536856,0.4422473157938854,113.36383101519415
lrb,7645,117.195068977,0.4634491905238894,117.81480676987593
lrb,7646,129.251657183,0.5009721173689915,122.52759552001953
lrb,7647,134.231470047,0.5337753440943962,137.71288380342372
lrb,7648,149.71078918,0.5178289613179993,149.2328545065487
lrb,7649,142.281118357,0.4871711743098717,141.37872269574333
lrb,7650,112.652494564,0.47557247632659533,113.62678749234068
lrb,7651,147.67427258,0.4655525088906288,130.90660469204772
lrb,7652,184.010277542,0.43899255878854504,132.2157443177466
lrb,7653,188.712974331,0.4694357537274254,187.4586404837814
lrb,7654,165.001053124,0.4492705135167873,165.2047482958027
lrb,7655,147.803166062,0.43140129806759125,145.30713333429074
lrb,7656,131.410559026,0.45770078969870504,129.3366586423388
lrb,7657,143.085441948,0.4984023530622978,142.9512238446404
lrb,7658,186.064380757,0.4698887590954943,182.48560734169155
lrb,7659,208.726291782,0.469425573559005,202.12210573682597
lrb,7660,220.258216223,0.5071175901954619,221.4968444824219
lrb,7661,473.965244744,0.5324219696195033,475.7221972596411
lrb,7662,326.537950541,0.5215187337234436,323.344423122032
lrb,7663,205.327499913,0.4800676384928881,205.52653982125076
lrb,7664,199.31222592,0.43770083554626743,203.17050865023748
lrb,7665,161.913980146,0.40922166925628445,154.99632831648287
lrb,7666,173.925985708,0.46673824081272125,176.2038837208468
lrb,7667,186.955698497,0.4660151667157201,188.24785919189452
lrb,7668,205.34395711,0.4907811726455565,201.6007569256951
lrb,7669,149.819386588,0.47743929274128777,147.40448922549976
lrb,7670,130.907666395,0.4888486678283366,131.9573080623851
lrb,7671,131.718068139,0.4925987204429407,131.69565070657168
lrb,7672,140.764096291,0.507357003972644,137.4559003044577
lrb,7673,153.09896838,0.4916809981977436,55.76789793126723
lrb,7674,157.73230855,0.46166310639216984,22.778482863482306
lrb,7675,215.2483579,0.5335396686449149,203.69768141204236
lrb,7676,217.608623526,0.5222384915692887,212.33801550771676
lrb,7677,181.826184664,0.503304215330277,179.34848725562
lrb,7678,142.910408424,0.42446238134227454,148.19168491737517
lrb,7679,161.713836366,0.4450603334271177,64.14666179582184
lrb,7680,160.414789784,0.3217266805961653,103.15848634009268
lrb,7681,125.907590308,0.4156578151900091,127.24640368293313
lrb,7682,142.080482441,0.4264841095657806,141.90868536257278
lrb,7683,173.450078108,0.4497406180875411,174.63688160017423
lrb,7684,141.135831765,0.5164647496715611,138.50521898456645
lrb,7685,154.042747868,0.5343221526887407,152.38200489118987
lrb,7686,146.474121434,0.51111138077153,144.7891745174632
lrb,7687,139.394036442,0.4354393499032145,129.86530950209672
lrb,7688,124.664949552,0.2757769942815815,58.64895031498928
lrb,7689,125.337952594,0.25659952940125214,79.59501618030025
lrb,7690,112.233134465,0.371956515255608,82.73685560039445
lrb,7691,115.528306604,0.44468448241188,114.41761378867953
lrb,7692,111.86879618,0.4955101696387777,111.01371887805415
lrb,7693,118.316113162,0.5318890319611363,119.65372775208716
lrb,7694,111.211077812,0.5505008344455875,109.18056990679572
lrb,7695,111.066673884,0.5764505357876316,111.79863104726753
lrb,7696,117.193858249,0.581600699264012,116.51127699309706
lrb,7697,118.135754023,0.5797951229575541,115.46381180707147
lrb,7698,130.774656934,0.5734628916955462,133.52940682803884
lrb,7699,136.969002497,0.5523278482536436,133.26740073409735
lrb,7700,143.823482918,0.49477606420091375,143.74010320925245
lrb,7701,144.04853351,0.48179490096314687,144.78718342500574
lrb,7702,138.203083383,0.49558408163031753,141.12150519875917
lrb,7703,169.294479687,0.49884350930832083,165.20880584716798
lrb,7704,170.806610773,0.5099768749491534,155.52128726734838
lrb,7705,144.525764252,0.4585710435047657,88.49517131132238
lrb,7706,128.087753184,0.505861276276642,125.93525300867417
lrb,7707,153.310704151,0.5262474958334445,152.1171409158146
lrb,7708,155.475615112,0.5605399378344547,153.16427881577434
lrb,7709,154.554192365,0.5545127034984703,156.56783411362593
lrb,7710,196.319957175,0.47158762735776044,142.16770558076746
lrb,7711,682.882482726,0.4811609677823038,595.6367056453931
lrb,7712,393.135809284,0.43702106361821186,390.1098183426202
lrb,7713,400.239410223,0.41611280363166775,291.6665397195255
lrb,7714,236.068659819,0.4945049227982604,202.12507333194506
lrb,7715,192.174181433,0.5050685196749023,191.91447071748624
lrb,7716,163.81819303,0.51508965284801,160.23439717012295
lrb,7717,153.932835353,0.5127838989098868,153.16546723608874
lrb,7718,159.214463284,0.5087176015566011,155.26029974245554
lrb,7719,161.722630457,0.500702262681628,164.94797201717603
lrb,7720,165.131260493,0.4604056839210294,150.80980350269988
lrb,7721,189.107382733,0.4274050970826985,114.94030674953086
lrb,7722,203.779372387,0.47562048573102533,70.16869644464231
lrb,7723,208.977551172,0.44680934779710696,74.88164666867723
lrb,7724,187.649564181,0.4240134358406067,48.6993262795841
lrb,7725,175.357870751,,0.0
lrb,7726,156.544200515,0.38913020911351054,18.589625489478017
lrb,7727,142.090635738,0.39515592780087017,142.95686833998738
lrb,7728,130.672873384,0.3769932994105684,133.00770314534506
lrb,7729,164.532984721,0.4107904939119481,158.4051009533452
lrb,7730,161.012778402,0.42926060228677415,162.8563718608781
lrb,7731,136.654349017,0.40699018828058964,137.19752128451478
lrb,7732,164.958507824,0.36325802393486156,128.03374301686006
lrb,7733,207.115960319,0.35216929002621045,172.0211550843482
lrb,7734,183.025056411,0.3531338541304113,190.0875762041877
lrb,7735,212.666321229,0.3808560766109075,205.79761612836052
lrb,7736,247.088629068,0.4267311266181878,252.9272579417509
lrb,7737,239.573781526,0.4584925402123323,215.4859826480641
lrb,7738,202.97220875,0.4302660937275367,165.7386022231158
lrb,7739,158.228354041,0.399460322257736,150.02905731201173
lrb,7740,152.972028641,0.4207070437027542,152.12396874521295
lrb,7741,163.686491503,0.4218991331744307,165.21582994648057
lrb,7742,131.562149287,0.4049974527931021,129.86876071107156
lrb,7743,179.688532878,0.4161429608674874,174.118683459712
lrb,7744,160.244336792,0.4173630254280164,162.59828087301815
lrb,7745,220.994567528,0.446601461273868,214.70336360557405
lrb,7746,277.740319101,0.4720261614411423,253.1933657777076
lrb,7747,143.358414441,0.4977344531552056,140.86683523140704
lrb,7748,226.596648598,0.423114962123621,217.84644673665366
lrb,7749,197.061971002,0.35657334091528414,138.77255266974953
lrb,7750,179.888722096,0.39316926370648775,35.609624765433516
lrb,7751,198.545908716,0.4286601444085439,43.98839326746323
lrb,7752,180.229468884,,0.0
lrb,7753,155.137868135,0.45263493061065674,10.99711716595818
lrb,7754,145.922824364,0.41330624959787104,111.80410260967179
lrb,7755,137.203913315,0.4092842728012868,137.72592905081956
lrb,7756,161.651060867,0.4241726338667306,159.1964758779488
lrb,7757,168.10806373,0.40442072808372304,168.62256194469975
lrb,7758,175.767213411,0.3980723474405508,177.5249865363626
lrb,7759,166.390731969,0.39638755758163297,165.480558088714
lrb,7760,162.142620702,0.3928849659622855,164.43325353884228
lrb,7761,178.064770332,0.3666555211515006,172.02659804400278
lrb,7762,193.972519201,0.3716353804859894,197.6867265888289
lrb,7763,197.460010627,0.4058389007250467,196.37765861960017
lrb,7764,197.638929074,0.43330456870284306,195.85419057210288
lrb,7765,184.147771086,0.4551067553732516,179.3585516237745
lrb,7766,225.45198406,0.4842346051733614,227.27470350078505
lrb,7767,249.666862353,0.494901693862817,244.55580459295538
lrb,7768,203.361440784,0.4935575497683026,199.25792867623122
lrb,7769,219.162890861,0.4931100954129857,215.75362372304875
lrb,7770,267.729350091,0.4887868824141098,266.288159718233
lrb,7771,226.954198732,0.5468402812235901,226.75104785993986
lrb,7772,183.141619299,0.5353027559610781,179.88233561796298
lrb,7773,163.848147801,0.4764086266012886,165.48142200544768
lrb,7774,168.92349904,0.43599571515095203,168.10006839527802
lrb,7775,160.9861807,0.44241657293412395,158.93599799661075
lrb,7776,138.838645206,0.4693829096652366,145.32064011517696
lrb,7777,161.138104988,0.4620180904572608,159.98388968075022
lrb,7778,186.801529752,0.4599396788540685,181.45496987735524
lrb,7779,221.010850506,0.4164833073849937,221.5167162726907
lrb,7780,183.401161894,0.3582266288119954,183.55014872831455
lrb,7781,138.330083901,0.37217825697917567,133.5388120763442
lrb,7782,123.900890733,0.4156493132876367,76.19579114726946
lrb,7783,140.606283799,0.3105965846583555,88.76429165110868
lrb,7784,127.448190264,0.33837195108918583,66.76971031637753
lrb,7785,136.8200351,0.34946762443446433,72.79208344104242
lrb,7786,135.844912713,0.32693319554181444,126.99359145818971
lrb,7787,122.48926978,0.34494384262161176,127.77915161731195
lrb,7788,99.734071515,0.37620998869062133,93.73961489808327
lrb,7789,111.604606402,0.38627570265828853,110.23570775050743
lrb,7790,132.13310458,0.3212507490355235,108.92646984025545
lrb,7791,174.070696756,0.3395264176017951,100.02379907346238
lrb,7792,129.852095071,0.4108587027898903,47.91719728357652
lrb,7793,118.313680069,0.342126582991587,114.68716924330766
lrb,7794,117.308937615,0.359874357191617,119.40028740377987
lrb,7795,108.484749019,0.36897769184847967,105.2607255823472
lrb,7796,111.51421739,0.41197879282834887,113.63958037133311
lrb,7797,125.892307651,0.42239266735658465,122.80387998094746
lrb,7798,126.572926431,0.4103346669552278,128.3023681939817
lrb,7799,144.241879537,0.3669674961584016,146.10743569766774
lrb,7800,146.630443959,0.33918811728467135,144.7981066236309
lrb,7801,125.270904871,0.3902505089625202,121.49410086239087
lrb,7802,131.59921477,0.4397996490663129,126.46892179601332
lrb,7803,171.337022161,0.4558608380460524,173.0762426039752
lrb,7804,155.784910524,0.5103180075129603,156.8419263054343
lrb,7805,133.362580009,0.5098226534452025,133.0143005371094
lrb,7806,112.042476702,0.46015211455962246,111.28146945728975
lrb,7807,109.816150949,0.4735372457827363,112.0667922076057
lrb,7808,116.33605369,0.512485256758365,119.1362164067287
lrb,7809,125.019233563,0.46844089834313646,124.37282756730623
lrb,7810,123.36709505,0.48725678079341417,125.94373480104933
lrb,7811,148.075994962,0.5348575261304053,147.41437452727675
lrb,7812,142.95718096,0.5378124449297645,140.0829953960344
lrb,7813,214.674611933,0.5436560471442717,215.7542551676432
lrb,7814,204.323514621,0.4965677021461284,201.3533972646676
lrb,7815,348.585670666,0.3540596194693084,351.1255368999406
lrb,7816,130.675054659,0.35428614959210336,130.65728200276692
lrb,7817,137.86640205,0.41518189365318575,135.10840570786416
lrb,7818,169.028924666,0.45159129539759285,170.45629128848805
lrb,7819,146.304243637,0.44571073146712537,141.6539748846316
lrb,7820,126.843593664,0.4883518086539375,129.60923542695886
lrb,7821,247.724087839,0.40117258758807356,252.1485023947323
lrb,7822,139.020752534,0.49192748473040643,131.9653014239143
lrb,7823,132.420813329,0.4736460660264563,140.34381680956074
lrb,7824,130.927768118,0.4643391878878484,127.77548038258273
lrb,7825,136.537117736,0.4777104079262201,135.36846487007887
lrb,7826,128.221261734,0.4592475110193506,126.20404992197076
lrb,7827,127.714181395,0.426550013704534,128.03667099896597
lrb,7828,125.15003268,0.43783643346083795,124.37078034644034
lrb,7829,121.637235989,0.4492846317181701,119.65758750765931
lrb,7830,117.607951668,0.44249859687175835,116.25355987548828
lrb,7831,110.2093237,0.4494770182772297,109.70756554697076
lrb,7832,108.405564918,0.43106455415911016,110.4928679821538
lrb,7833,117.677287138,0.429345666424612,116.51479160084443
lrb,7834,131.554495007,0.4399902047243137,133.79541976031138
lrb,7835,155.728998766,0.455998320048645,162.85833731258617
lrb,7836,139.339626349,0.4477866206511083,131.43849666819852
lrb,7837,150.62669143,0.4003545860039818,152.38461070341222
lrb,7838,130.494727951,0.41750260796032707,133.5326883652631
lrb,7839,113.500021377,0.44473775433642515,109.96793275720933
lrb,7840,125.717539845,0.4890657074259092,123.32106544644225
lrb,7841,166.925348705,0.5236260549759302,166.2607957129385
lrb,7842,170.670212593,0.5641595113898907,165.73693455714806
lrb,7843,158.28862134,0.5894472082855315,156.3111110014074
lrb,7844,164.580788101,0.5361106174576814,164.42773362702013
lrb,7845,140.978838429,0.4145480685007005,137.45953324261833
lrb,7846,135.171594019,0.3607858502639914,138.76845580456305
lrb,7847,150.446219469,0.38034211202370755,147.40850456088197
lrb,7848,140.373121024,0.42281038347715727,139.2916463216146
lrb,7849,133.251765067,0.4472556682992074,134.5785779766008
lrb,7850,116.209378237,0.45093231840864745,114.41784518372778
lrb,7851,112.93158803,0.5172367992802201,112.06133569455615
lrb,7852,118.514252909,0.5274224393823174,116.51232207055186
lrb,7853,117.495804019,0.5302084491926459,116.77408955891927
lrb,7854,128.369800388,0.5092756325140019,128.55614157284006
lrb,7855,119.517028903,0.5162869838819113,114.67933421415441
lrb,7856,127.146243561,0.5067814385675522,130.38870014863858
lrb,7857,122.413237869,0.4954211415778925,122.01022395713655
lrb,7858,132.666804557,0.5083391884565353,130.91217190611596
lrb,7859,128.776073086,0.5246082146148212,127.77021032595167
lrb,7860,132.389416216,0.5194678370398705,129.60290661980125
lrb,7861,223.390761966,0.5024224160226075,224.64473805147057
lrb,7862,234.990220539,0.48572943911754657,234.59407309737858
lrb,7863,146.310668376,0.42116351892303316,147.14515545414946
lrb,7864,171.952180916,0.4957342834336732,169.923636971268
lrb,7865,244.133277619,0.5090527470305022,245.5903585695753
lrb,7866,212.214901589,0.4233163100437314,214.1712893916111
lrb,7867,167.354285643,0.34026343062488246,122.79500358431949
lrb,7868,153.773086818,0.36763806483536693,86.66349086387486
lrb,7869,169.396821765,0.3812355621014269,167.0433583577474
lrb,7870,166.744443242,0.40414707884076595,168.35270532346237
lrb,7871,171.977127289,0.42676541736492735,170.1857557109758
lrb,7872,173.918815742,0.4503118944631385,175.16071651683134
lrb,7873,131.65519231,0.4533945709405739,127.50885632084866
lrb,7874,153.344700931,0.42178903028575915,150.81156068689683
lrb,7875,135.022001518,0.3869120008098389,131.17485001507927
lrb,7876,142.11915721,0.4059334629932336,147.93192530613317
lrb,7877,151.319254291,0.4264978798632007,150.28856135349648
lrb,7878,150.627567857,0.42518218927499324,150.81240216423484
lrb,7879,158.36880557,0.41148497760295866,73.31163802801393
lrb,7880,157.276592299,0.4026734173297883,69.38437936820236
lrb,7881,151.964406938,0.3897350065734075,120.44099719477634
lrb,7882,164.401216303,0.3960381296413546,137.1982038610122
lrb,7883,252.624523045,0.43281343915193776,218.36558469884537
lrb,7884,228.385064839,0.44943184781575873,224.12613067626953
lrb,7885,183.553270806,0.4835576726936959,185.89927718218638
lrb,7886,186.077910979,0.4809275751641843,185.6377543729894
lrb,7887,204.930833751,0.47188485648060585,203.18073290656596
lrb,7888,200.092528305,0.43541899548759505,197.42082112630212
lrb,7889,228.70784107,0.39198567452175276,190.61350821700753
lrb,7890,244.422222473,0.35074107613586736,107.61308144962086
lrb,7891,182.313396999,0.34220972926252413,37.703883092543656
lrb,7892,179.839026748,0.502146816201147,59.436178289675254
lrb,7893,242.962003725,0.5342599095524968,242.196148891075
lrb,7894,275.681111653,0.5213576053447618,285.66069889442593
lrb,7895,233.055025433,0.4649017758398171,195.5899122350356
lrb,7896,224.341831802,0.4504074125002462,184.5930597641889
lrb,7897,157.362609291,0.45942305526733407,163.64655423631856
lrb,7898,134.906208568,0.5096396561785649,132.48849960027957
lrb,7899,149.290462886,0.5086814945219236,145.84235070920457
lrb,7900,185.215652908,0.4937710789191788,189.56919283399392
lrb,7901,219.685906553,0.47146229531032063,215.49129303576902
lrb,7902,249.702758802,0.4508277034002636,247.4357295316808
lrb,7903,207.449280725,0.399860305922758,207.89873346066943
lrb,7904,151.363369648,0.3963992733423236,148.98537421133003
lrb,7905,136.75911312,0.4275517640458314,137.72633206236594
lrb,7906,130.273333538,0.47197521567832235,128.0382694019991
lrb,7907,127.590400037,0.5150527936966757,127.51453701842065
lrb,7908,129.306540771,0.5077825220504608,132.22753696815641
lrb,7909,127.460293758,0.49581176316811254,128.03804321289064
lrb,7910,142.589493687,0.4706869092435468,142.17706101361443
lrb,7911,143.526299536,0.4724924214606015,138.77297913794425
lrb,7912,133.863652193,0.4868299554033978,53.67630378872741
lrb,7913,176.811295768,0.4556879012023701,133.5357847325942
lrb,7914,181.835084959,0.45826591372152703,185.11704460592833
lrb,7915,147.707385196,0.45761820577460227,145.5799405565449
lrb,7916,172.035116975,0.4506525608458261,168.88318185245288
lrb,7917,178.053302604,0.42934958699977754,172.81078383501838
lrb,7918,132.976337331,0.39633882034216905,135.36854768640853
lrb,7919,148.497818044,0.3724083552140326,147.41303046731383
lrb,7920,163.182235547,0.3720900246075221,166.78889785467408
lrb,7921,166.84485212,0.40580823940739347,162.5995624916226
lrb,7922,214.77337998,0.4624975962499715,166.00347403732
lrb,7923,320.135968188,0.4982623436745744,313.4162404976639
lrb,7924,263.002320823,0.5219724792067978,260.0014708575081
lrb,7925,151.162442172,0.49797139712448785,151.8635943543677
lrb,7926,177.655579387,0.5630981122192583,179.09427023494945
lrb,7927,160.520902143,0.5481144615087001,157.6236993827072
lrb,7928,147.504443259,0.5063174794503741,148.19757355334713
lrb,7929,135.676756695,0.5248375007654211,140.86629803227441
lrb,7930,149.789144051,0.5187246511059422,146.10288346234492
lrb,7931,221.278339063,0.4580621666563696,224.65253152286306
lrb,7932,191.509526376,0.5035909293270902,189.5669573017195
lrb,7933,177.314280144,0.530347662633099,170.45312670539406
lrb,7934,161.957805016,0.5659016190125393,170.19124079685585
lrb,7935,134.429642806,0.551516514468333,133.796451104856
lrb,7936,151.340097296,0.4876586698126374,149.24452478745403
lrb,7937,171.80025549,0.4907309691354656,170.9767953012504
lrb,7938,158.544931551,0.47186550909751335,159.19458220238778
lrb,7939,135.794095953,0.4497077480651611,135.10610459271598
lrb,7940,158.886524975,0.4554945177949437,158.93319040934242
lrb,7941,140.741516804,0.4444256030023098,136.15384748870252
lrb,7942,159.431076552,0.4111636827147104,161.02839397355623
lrb,7943,178.401181497,0.37542652591695014,169.66924941119026
lrb,7944,138.368560144,0.34548603223341146,136.94006569058288
lrb,7945,131.165764319,0.35255197652117287,130.65613696528416
lrb,7946,208.905555339,0.33641907970454926,151.07958748013363
lrb,7947,203.468098939,0.4207583600167729,190.09339285457835
lrb,7948,131.087117996,0.5686865597963334,129.3473149318321
lrb,7949,149.38654912,0.5679646864294368,146.89042493034813
lrb,7950,135.737287483,0.5350781665264982,134.84594711602904
lrb,7951,157.151359797,0.49367000412979867,160.50599443024282
lrb,7952,165.601970373,0.4639301837866123,170.19411902334178
lrb,7953,123.447701973,0.4912797104818888,120.1834280575023
lrb,7954,109.690498307,0.5251019507084254,111.01930793313419
lrb,7955,110.31551909,0.5742810073359769,109.71029657102099
lrb,7956,131.525033253,0.6039711669683455,130.91941384708178
lrb,7957,126.656040324,0.6111416190241772,125.68283754236558
lrb,7958,135.00169227,0.5721785323292601,133.53821698357078
lrb,7959,124.774853285,0.5498104108249681,122.01743433335247
lrb,7960,125.228630952,0.5178089119478849,129.08719626034008
lrb,7961,130.171532964,0.5143432709945732,130.3963290046243
lrb,7962,111.624566063,0.5471925788065967,106.83058516558478
lrb,7963,116.470584213,0.5934583708493396,129.6103977876551
lrb,7964,132.800367892,0.6091065304153352,133.79958549948302
lrb,7965,169.254712814,0.6018073438842397,165.21996091954847
lrb,7966,213.058203184,0.552848443045066,204.23344873166553
lrb,7967,298.894968125,0.38668075799942014,307.65884922999965
lrb,7968,172.40476641,0.3927316607587051,172.02735918830425
lrb,7969,128.20719074,0.462955235447696,126.46776476093368
lrb,7970,110.581580499,0.48706983630867734,109.71030823950673
lrb,7971,127.244791225,0.487350331799638,129.8720584644991
lrb,7972,127.691247109,0.4717219371517584,121.23156504911536
lrb,7973,158.552917523,0.45667880083903795,158.412930208094
lrb,7974,141.175564175,0.4581968434100604,143.4882807114545
lrb,7975,144.287919324,0.46965443303132803,142.1792978623334
lrb,7976,127.753359507,0.4750485433800386,132.22957835477942
lrb,7977,120.052854965,0.4075662562283137,121.75615931492226
lrb,7978,140.035718553,0.3366843500835264,122.54189524931067
lrb,7979,132.415010915,0.35703335397917296,120.44734266692517
lrb,7980,120.684141165,0.3774029996358987,120.97116986443015
lrb,7981,124.576910616,0.43616282233257875,126.99368929395489
lrb,7982,137.077765882,0.5107120097487419,135.89652027803308
lrb,7983,168.337021634,0.5392900191663956,168.62709823309206
lrb,7984,188.955978113,0.5513969050746569,185.9089294134402
lrb,7985,235.269106705,0.5022126876571205,233.0410314821729
lrb,7986,225.629394135,0.4769932047063093,161.8196819529814
lrb,7987,238.910531115,0.41465453986605055,198.21600416594862
lrb,7988,679.946622611,0.4910777601374703,648.5899686925553
lrb,7989,170.504182617,0.4558270207671232,168.8900038176892
lrb,7990,311.992668169,0.4952935756198944,313.42915404076666
lrb,7991,278.671441449,0.5021611995995046,282.7934592452704
lrb,7992,231.573570984,0.46008885304355823,233.56677072562422
lrb,7993,340.192775631,0.4993332300961183,285.1509016149184
lrb,7994,308.340428826,0.4793373302993727,307.93129344267004
lrb,7995,261.299467326,0.37978520772015073,172.2948467179841
lrb,7996,166.737493527,0.37670419005786676,66.77094134162455
lrb,7997,161.871970837,0.34821067325770855,104.73893842510148
lrb,7998,166.14747403,0.3859812899837343,166.27325648887484
lrb,7999,164.059594224,0.45578941661063754,168.10648480583637
lrb,8000,146.39200788,0.460097345903462,145.06410091624542
lrb,8001,181.524543759,0.4281630516892932,185.6509525972254
lrb,8002,211.666708335,0.4071046559307277,207.12289689007923
lrb,8003,166.581836862,0.35923726129102274,145.3266466926126
lrb,8004,154.444602542,0.3662015054284073,150.30204422894644
lrb,8005,156.239724391,0.39493915555623604,153.444493821088
lrb,8006,169.569286049,0.41812827871874914,170.46502003389247
lrb,8007,187.552788743,0.437620467297168,183.03417116052964
lrb,8008,313.743443852,0.4198140300057186,313.4369119681564
lrb,8009,229.759165114,0.4309480255213353,228.33518811394185
lrb,8010,156.5175337,0.47349248626193047,159.7299300549077
lrb,8011,192.471452346,0.482045280328086,185.65342957739736
lrb,8012,186.907309251,0.47405356870702475,190.10504922305836
lrb,8013,254.637287409,0.45562446059443684,255.8305317299039
lrb,8014,414.017995187,0.4318678437306262,413.99046648810884
lrb,8015,206.680987427,0.4579662419391095,210.0064042334463
lrb,8016,264.409962569,0.4077675023702141,258.44968701530905
lrb,8017,179.831449804,0.4646814800258996,180.67893039478977
lrb,8018,157.888068956,0.5150399529994958,153.44600447112438
lrb,8019,147.67724794,0.4862062455066102,148.20891594980276
lrb,8020,151.890454872,0.49373332136555725,154.23168607225605
lrb,8021,148.146350055,0.5115291007699814,146.8999185898725
lrb,8022,139.676735561,0.5258083909187677,138.78258260091147
lrb,8023,133.042791972,0.5100557545511639,134.59301554361977
lrb,8024,137.260687629,0.5354944698964105,138.25912098604093
lrb,8025,172.677076286,0.5275369249341668,169.9437084422392
lrb,8026,170.283923952,0.5020751230713081,172.30058827119717
lrb,8027,177.181159872,0.5164996930299568,173.34829975202973
lrb,8028,184.991921119,0.4407352855825467,294.0640120263193
lrb,8029,159.40723473,0.4060351103544235,161.30337835573684
lrb,8030,134.064877528,0.3579391527657558,129.61899162741267
lrb,8031,138.410287969,0.39155539909402165,139.569779549393
lrb,8032,163.490828456,0.433782653985716,156.85257275151272
lrb,8033,151.847178266,0.41127477060346046,124.64425491632198
lrb,8034,141.732638849,0.39756274510440565,135.9042593563304
lrb,8035,141.438973602,0.4473724261038286,139.30856206557328
lrb,8036,132.123602346,0.47119871986923373,132.76222546147366
lrb,8037,126.98512288,0.4587834649051301,125.95401659198833
lrb,8038,154.047800435,0.4288531029018863,151.87826448328354
lrb,8039,389.142297078,0.4486961661378544,392.79017325008624
lrb,8040,240.508533192,0.5103896621749233,210.27352636000683
lrb,8041,151.744059442,0.42460391941707804,56.82364564783434
lrb,8042,260.870201164,0.46915818927715525,207.39339806051817
lrb,8043,185.219473334,0.509432325041224,133.81083095774932
lrb,8044,220.844825613,0.5235332727539069,292.2375286326689
lrb,8045,424.103168511,0.5238732503371747,385.7226097555722
lrb,8046,158.21825275,0.42445947418191743,118.09977500765932
lrb,8047,266.873330423,0.4598955320862104,235.93803184359683
lrb,8048,240.569858648,0.4284630116264698,231.74855580049402
lrb,8049,188.354667316,0.4873830427608128,110.24428740856695
lrb,8050,164.249821155,0.5144654524369832,71.7505319333544
lrb,8051,172.490033422,0.4503891254560305,54.467599247951135
lrb,8052,276.362024476,0.4528762784141761,190.6365888408586
lrb,8053,179.910836595,0.4026577447447016,80.39214031743069
lrb,8054,313.959414463,0.44319839544699224,260.29226517022823
lrb,8055,289.316682884,0.3744704274812602,284.12194076238893
lrb,8056,203.600393423,0.3667218703537183,203.7299566231522
lrb,8057,459.823041646,0.3299973323076776,455.90586859011177
lrb,8058,267.863326573,0.40375166441637267,264.7443665448357
lrb,8059,301.691397501,0.3840886077599881,302.1911643233954
lrb,8060,514.67722959,0.37802274152254445,510.63526377958414
lrb,8061,242.160422034,0.4367071095642426,244.31843127082377
lrb,8062,188.34637552,0.47197440097277815,184.35136410582302
lrb,8063,138.581166922,0.475164183077303,134.85920595655253
lrb,8064,187.664860978,0.4678294989934637,190.11193551456225
lrb,8065,404.065746328,0.39786334961129227,402.4804790422028
lrb,8066,397.363986365,0.3971965159289539,393.83824465882543
lrb,8067,149.711772934,0.4907486762130304,212.36921961167278
lrb,8068,142.770226133,0.5392953908203726,143.23852482216034
lrb,8069,140.546472798,0.5328283548015799,138.0014626596488
lrb,8070,192.113141048,0.49712507594144295,188.80327564314297
lrb,8071,312.180027245,0.47092395434776957,314.2361261704389
lrb,8072,328.739186575,0.5102653798351638,328.376832670324
lrb,8073,184.840489007,0.5258475692174158,178.32900794534123
lrb,8074,191.174088751,0.47548184427077483,188.8037441777248
lrb,8075,626.65859358,0.4356757807707739,653.3511071298636
lrb,8076,256.161175637,0.4785203448477119,235.94002805223653
lrb,8077,216.718755685,0.48097965103008,213.68179207596125
lrb,8078,198.682432519,0.47052103418088315,199.2794767491958
lrb,8079,384.265407944,0.49671258953429603,386.77474188711125
lrb,8080,415.608392794,0.4831596940087796,420.555751396628
lrb,8081,502.188014925,0.4538621485076452,497.5452996048273
lrb,8082,657.983430128,0.39886268876989306,672.2116556205001
lrb,8083,549.476160026,0.41328414155186927,528.4469033933154
lrb,8084,573.059766416,0.42157441009404534,567.9882564769073
lrb,8085,712.152965163,0.338222100799941,713.0620450487323
lrb,8086,327.835276547,0.33992508067500743,284.3876727833467
lrb,8087,247.725121366,0.36197181110659604,247.46492408303655
lrb,8088,154.073711227,0.4145471288399263,158.4301545386221
lrb,8089,281.143533375,0.4677272069929704,282.2939258051854
lrb,8090,372.915418491,0.4420939871380405,373.4242296705059
lrb,8091,520.964923631,0.43295373972184503,516.9283838309493
lrb,8092,323.908483559,0.45864078228406335,268.939360555013
lrb,8093,436.21503483,0.5066941183350181,373.6874614640778
lrb,8094,292.251002598,0.4714587120947085,248.77645066205196
lrb,8095,131.77704007,0.46027196901185174,18.330905689912683
lrb,8096,190.549700417,0.48659706860780727,31.424409754136033
lrb,8097,144.793198449,,0.0
lrb,8098,202.52360335,0.33079710602760315,7.594258386948529
lrb,8099,296.414377813,0.4177341069887363,175.71519613826976
lrb,8100,262.979691213,0.47190014527568336,248.252881936466
lrb,8101,511.516102508,0.46414825771330814,510.38326149734803
lrb,8102,507.395842854,0.46383269010158956,515.8829296934839
lrb,8103,782.89032851,0.4135665223663579,767.274734257717
lrb,8104,400.335619188,0.45237220530049416,398.56404640347347
lrb,8105,363.810169281,0.4440514128823702,376.3056269028607
lrb,8106,289.90497726,0.4570375069718703,288.3178450939702
lrb,8107,948.218056383,0.38194295520565674,933.0376846313477
lrb,8108,638.459164632,0.3869033558310431,600.2043150359508
lrb,8109,657.178862231,0.41324536908756593,648.1274746165556
lrb,8110,680.550406543,0.43587555124172134,642.8911747651943
lrb,8111,775.1823534,0.4222833638982273,735.5943301930146
lrb,8112,830.695528334,0.38775039597229394,803.9440207687077
lrb,8113,646.421886069,0.40501548758778544,646.0370518703086
lrb,8114,331.295871657,0.455006219751511,320.00788963168276
lrb,8115,303.83954194,0.4474736162057607,303.24852025649125
lrb,8116,299.030132661,0.4520317488446317,303.77271779378253
lrb,8117,278.190341514,0.4902391849568596,282.82336336023667
lrb,8118,302.978387305,0.4882408457112984,297.4887816186045
lrb,8119,337.017826475,0.4556960936353601,338.8654444376628
lrb,8120,293.060014167,0.45725586560734527,298.53725253834443
lrb,8121,356.079492687,0.4186514723650758,348.0325860416188
lrb,8122,895.397773671,0.33195321192554644,889.3318773456648
lrb,8123,915.42371162,0.34470614978507247,919.4493774414061
lrb,8124,426.269184045,0.4005473568400459,423.977278436399
lrb,8125,356.911124708,0.41882994988632355,304.82414021211514
lrb,8126,267.641958817,0.4456203661319413,206.096653807397
lrb,8127,220.778933503,0.4115402853032843,198.50217961330037
lrb,8128,309.268465519,0.37158641742937504,259.2578102560604
lrb,8129,290.916206072,0.3631103555781181,223.1191442153033
lrb,8130,180.129222126,0.4003409571337916,173.36247148700787
lrb,8131,216.584313364,0.4570531094371101,199.81223985260607
lrb,8132,189.002183521,0.4762385815771577,160.2689271814683
lrb,8133,196.539243924,0.4930903886139557,190.1230922025793
lrb,8134,229.169255071,0.5014809892445872,225.73877910539218
lrb,8135,245.079802982,0.48328761181841456,247.21311172784544
lrb,8136,251.048065298,0.48017161875932063,250.6179121129653
lrb,8137,269.923275582,0.4709964426803965,266.33108287138094
lrb,8138,335.872404521,0.4598893159093591,338.87231696633734
lrb,8139,324.194870193,0.48607213722525544,327.61192070456104
lrb,8140,212.093128751,0.45132964333300335,207.1469741821289
lrb,8141,189.427990571,0.49182538380307605,190.1250643561868
lrb,8142,170.948845031,0.500746689228849,184.36398387235752
lrb,8143,193.60159598,0.4355647089477953,183.57867494470935
lrb,8144,150.567753174,0.47551320984698175,149.2724205465878
lrb,8145,196.939556209,0.44798699295155686,196.67306716021372
lrb,8146,158.275388996,0.4823013322045473,158.1769343058268
lrb,8147,222.963025603,0.49045435184643266,224.6953889734605
lrb,8148,290.811926938,0.5270843507761073,287.2857239367915
lrb,8149,897.012199725,0.4529995599248483,899.3084144741882
lrb,8150,592.429739268,0.4322935504903848,592.6441237804937
lrb,8151,148.319699331,0.358842559312952,151.89292892755245
lrb,8152,161.989112202,0.42412835085202777,164.98703182444854
lrb,8153,175.613513745,0.4270429367031264,168.12958329144647
lrb,8154,147.374174418,0.34796686151015416,152.6785112567976
lrb,8155,160.571939218,0.373487621997342,155.55915706858914
lrb,8156,160.787231638,0.4094727775401042,160.5348371917126
lrb,8157,171.630392592,0.4571091904103937,172.3194194419711
lrb,8158,165.729792065,0.4909547440017374,163.93892675661573
lrb,8159,136.744446827,0.4746449816249841,136.4409750246534
lrb,8160,183.661023628,0.3970770205102735,185.41285499123967
lrb,8161,167.677927966,0.42244947495712865,165.77133184694776
lrb,8162,192.057710979,0.4294315586375989,186.72159639246325
lrb,8163,278.054575,0.4394209264022001,277.5941987879136
lrb,8164,151.998881072,0.49931425582586414,156.8665491440717
lrb,8165,144.717894261,0.4843626754499052,142.20101219626034
lrb,8166,221.334210341,0.4679508086845015,221.2883588005515
lrb,8167,659.054071394,0.5083721890810906,665.1736302095302
lrb,8168,366.440812339,0.5111928018901882,364.53677179673144
lrb,8169,262.883653623,0.4491435787775419,262.1428902121151
lrb,8170,282.321935516,0.38721645800705773,276.284967100854
lrb,8171,154.825166916,0.47727670028907093,153.98600418988397
lrb,8172,191.508736677,0.4742313345613545,191.1730790979722
lrb,8173,272.060706373,0.48742723916516173,276.5456428079044
lrb,8174,590.015835699,0.49012940141471073,588.1817049811867
lrb,8175,618.10040167,0.5045377914621618,609.132225664924
lrb,8176,766.595888355,0.4756576312381099,759.9751787971046
lrb,8177,606.054360167,0.4760500124852066,615.9420290778664
lrb,8178,1333.38755378,0.445093843204263,1331.1384152580706
lrb,8179,448.528078086,0.5092304279470313,574.0445702646293
lrb,8180,417.077787726,0.523608388361743,418.7496587117513
lrb,8181,281.912540566,0.49447356343602633,280.999892949123
lrb,8182,167.452514385,0.44671294032215325,166.55735680075253
lrb,8183,272.247909069,0.46875866681823114,273.14405272240737
lrb,8184,152.199211965,0.34352312132477975,147.44038064994064
lrb,8185,92.8826543367,0.29836454162858944,95.58758874033012
lrb,8186,133.670883475,0.3666795650797505,129.8944071451823
lrb,8187,171.83801596,0.4169340615509121,171.53389276242726
lrb,8188,251.15278259,0.4870118805313412,248.26568621467138
lrb,8189,292.349259704,0.5030896810464984,299.8565361172545
lrb,8190,300.505351598,0.4831231439679285,298.02308657777075
lrb,8191,235.736535761,0.45135771622984083,237.2661324893727
lrb,8192,173.498112549,0.4139113047638456,174.41419671750538
lrb,8193,246.999955982,0.44493625992602037,238.31329510258698
lrb,8194,295.894518507,0.48530584017400896,298.8075106751685
lrb,8195,168.763003111,0.45600391232198284,162.3671542896944
lrb,8196,740.699834147,0.43559916411290944,736.1500277650122
lrb,8197,260.03893393,0.372222238935101,250.09817636527268
lrb,8198,485.342985397,0.46215596349334626,485.00835071638517
lrb,8199,543.52290366,0.47321259171791374,542.8856149112478
lrb,8200,306.231825848,0.47692740921189664,305.61873294605925
lrb,8201,301.044447779,0.5183563854885184,304.3100635902554
lrb,8202,440.934111806,0.4868786165031961,443.37095836564606
lrb,8203,334.828578798,0.4665888599811063,324.7372594496783
lrb,8204,270.468851637,0.4710243882819953,271.31298585779524
lrb,8205,275.095106037,0.4790538399845023,275.5035316018497
lrb,8206,185.976015668,0.4719807126037829,185.6770190669041
lrb,8207,235.669231947,0.4651831506632497,237.79259637570848
lrb,8208,162.205320342,0.43390984142101124,159.22701095880248
lrb,8209,203.644887463,0.44806189414681197,197.72454011206537
lrb,8210,183.977962884,0.4449975723307977,184.10665037865735
lrb,8211,172.087911866,0.4768927097776948,171.01254060034657
lrb,8212,230.003637221,0.511459059920897,232.29454896216302
lrb,8213,323.806396464,0.5240624873753054,326.0509805118337
lrb,8214,261.211114714,0.5125817001104593,261.6269057928347
lrb,8215,97.8886935972,0.401748102158308,98.47034705666934
lrb,8216,130.644343671,0.43307566350698473,130.944704841165
lrb,8217,151.919706231,0.4405078326183326,154.7766928280101
lrb,8218,215.43982991,0.4818853615617459,213.43977364932792
lrb,8219,330.384423873,0.45484258743258027,302.22007880117377
lrb,8220,272.929770876,0.3864179876366642,272.8887323416916
lrb,8221,147.951045361,0.38110252042716564,148.4912752039292
lrb,8222,150.184644551,0.39021113113715095,136.18251935173484
lrb,8223,144.266642179,0.3960803581919886,139.32536369772518
lrb,8224,159.278978913,0.38977188238846,156.34841479133158
lrb,8225,185.455715622,0.32942885803032057,182.79954923741957
lrb,8226,144.709541977,0.2700477539927503,138.01645175709444
lrb,8227,188.016458666,0.3160613125599012,171.80031208711512
lrb,8228,195.799873755,0.31293068836707155,185.6806709738339
lrb,8229,141.087665178,0.3184580056181992,139.58797445858227
lrb,8230,129.699531485,0.394084114304011,130.15987854003907
lrb,8231,224.910758866,0.42651876184531456,216.845580516142
lrb,8232,407.532003295,0.3822818720800385,414.3105429256664
lrb,8233,513.260321214,0.32571185379040907,496.28124712775724
lrb,8234,488.973207022,0.2740898372137413,257.436922380036
lrb,8235,241.195122055,0.35943969162882017,97.42334576775046
lrb,8236,162.467482327,0.3478643886961983,53.94940436868107
lrb,8237,213.01802683,0.347513648305113,158.18186654483574
lrb,8238,162.944530701,0.3350403036515252,124.65997027228859
lrb,8239,186.23333516,0.3462545802210627,176.25262711468864
lrb,8240,181.145039346,0.4109350938117822,88.25738040699677
lrb,8241,172.154455018,0.31303369069009795,69.66320244284238
lrb,8242,188.602573721,0.3487401436229319,68.35386146096621
lrb,8243,213.205056288,0.3535150932287102,105.28076261632583
lrb,8244,240.269914714,0.35447602306163145,128.0655818266027
lrb,8245,234.910215775,0.38812777672598997,128.85134881711474
lrb,8246,225.476192775,0.42312404236912193,231.51348308488437
lrb,8247,222.846434352,0.4377774851557649,212.13362839642696
lrb,8248,251.856704452,0.4163869822285527,251.9418188356885
lrb,8249,184.794585061,0.4449779960589531,183.84966681985293
lrb,8250,198.482040337,0.4137914325384533,195.89713003121173
lrb,8251,148.358919438,0.3265558651141953,149.28010962991152
lrb,8252,141.327858279,0.32486498213678827,137.23311112347773
lrb,8253,152.550264604,0.37626364934690226,152.4230381984337
lrb,8254,234.038262902,0.360204731611126,230.20607590020873
lrb,8255,321.087100528,0.3591447173571977,319.51176730885226
lrb,8256,313.457000065,0.3390197941817473,314.01188674627565
lrb,8257,228.609534144,0.34515345337763,226.53909511192168
lrb,8258,157.920577993,0.32543134279985925,156.3514211318072
lrb,8259,225.579918059,0.30814299591984906,127.80483574960745
lrb,8260,331.98781169,0.32570491898995624,153.47064262838924
lrb,8261,386.807359398,0.3138306886774668,238.84871730430456
lrb,8262,276.114169059,0.3105271010886411,221.56369697720396
lrb,8263,213.870870722,0.32043123896475195,212.13555399576822
lrb,8264,208.75868622,0.3186927159957568,204.80256931080538
lrb,8265,173.69631018,0.3565343010884065,177.04167651008157
lrb,8266,160.993932182,0.3687693882896602,161.58990319943896
lrb,8267,256.18149155,0.40974123036983057,256.6586436851352
lrb,8268,803.873811558,0.3717918519926543,793.5488761453066
lrb,8269,503.546503081,0.4243067616404533,502.31964314778645
lrb,8270,294.327349653,0.4435950287773515,294.3729962816425
lrb,8271,228.361320298,0.3872167258148227,221.04164120543234
lrb,8272,1019.22564028,0.3147780671917375,387.08504031312236
lrb,8273,585.932164654,0.40996838232132954,372.4195609597599
lrb,8274,477.334483905,0.40866352652420523,348.84921255672674
lrb,8275,796.061498003,0.3759568218359813,308.7792077158012
lrb,8276,1045.87056505,0.2754811308070534,654.4883890488569
lrb,8277,349.081792325,0.31431886297772904,349.11349550135
lrb,8278,181.628140022,0.3614309475972102,180.4492884018842
lrb,8279,232.118958317,0.4554551568259015,233.09093654856966
lrb,8280,268.783508842,0.49635406120246384,268.7089104147518
lrb,8281,407.804883525,0.4353934875466454,371.89642313040935
lrb,8282,668.285577662,0.43293829188646077,588.486170420927
lrb,8283,1203.92036607,0.4372759758421997,1165.9752289715939
lrb,8284,323.936736801,0.428928751434731,336.8035438986386
lrb,8285,203.811493754,0.3913568151600167,201.92531980626725
lrb,8286,228.693932915,0.3350780565630306,218.94918141084554
lrb,8287,379.554210518,0.31286270492611234,382.113834695255
lrb,8288,325.207552029,0.2730174689233459,299.3538462021771
lrb,8289,431.615635373,0.4535982790633885,332.8778189565621
lrb,8290,467.558166309,0.5143836635697404,459.901089776731
lrb,8291,200.760699336,0.5531917144725849,201.66468814027075
lrb,8292,344.661058809,0.493612796976664,352.25889354032637
lrb,8293,405.492770945,0.41134451943803213,354.6163864434934
lrb,8294,503.543431381,0.37852856272570135,477.7112014770508
lrb,8295,247.292090519,0.419428592378443,201.66527706969018
lrb,8296,206.000659653,0.36294478325438917,317.6886346555223
lrb,8297,394.066215654,0.37067194383736485,356.45084898705574
lrb,8298,409.247281312,0.3916898067807779,335.2370831358666
lrb,8299,484.93806533,0.3837768959125023,444.7137242934283
lrb,8300,293.493252334,0.42761149015396266,246.71423357795265
lrb,8301,378.862889521,0.3934304391539942,299.3575235703413
lrb,8302,299.363526788,0.39878078406652745,224.45291574515548
lrb,8303,418.281112745,0.3695727843813785,303.02493229286347
lrb,8304,431.303083391,0.35177014428015024,319.0015915216184
lrb,8305,467.360207902,0.30515682460130505,348.85941966935695
lrb,8306,320.988923931,0.29458398807873115,196.9538694793103
lrb,8307,551.573604659,0.28036195957333515,305.38365095549943
lrb,8308,469.72927205,0.3107535581535849,242.00253942153037
lrb,8309,428.656032648,0.34853682244969775,256.14607319551357
lrb,8310,431.245101504,0.3321963247825515,333.1474587833179
lrb,8311,294.857605299,0.30938152926760093,296.4806960461186
lrb,8312,472.23683404,0.2943222324340227,453.6263229968501
lrb,8313,628.373650717,0.3179030666662859,606.3207157209808
lrb,8314,834.243892196,0.33850248404153677,776.8252343570484
lrb,8315,729.183911612,0.3304793828771685,646.6556381524778
lrb,8316,448.756260327,0.3648552699663798,447.08048972335513
lrb,8317,248.531531095,0.3542840647634375,247.5051817052505
lrb,8318,351.897587508,0.35492016077259797,357.7702721988454
lrb,8319,706.071075145,0.3329091007776511,577.776439442354
lrb,8320,848.958323368,0.3406470856157175,621.5163780661192
lrb,8321,871.800773118,0.34026282037163635,726.8061797198129
lrb,8322,887.165567595,0.3316146479319079,621.5188225241268
lrb,8323,1011.48427245,0.291627225824476,556.0419953888538
lrb,8324,1191.02070425,0.27127502635433093,312.98673233331414
lrb,8325,467.318117554,0.3635698140244549,459.91947096282365
lrb,8326,937.853192415,0.3404226268480435,915.3842643887389
lrb,8327,541.828766004,0.33818779627438356,475.8976509243834
lrb,8328,614.629933317,0.30970743295949166,604.7605787987801
lrb,8329,403.992288976,0.39654166144029523,408.84790490842335
lrb,8330,767.139929447,0.3457197121403239,755.8804376639572
lrb,8331,519.286354657,0.33976266247537734,468.03892304663566
lrb,8332,395.908491061,0.35629104638960724,373.4891577627144
lrb,8333,372.574929607,0.41129935293605463,199.0549171298158
lrb,8334,234.704562668,0.4399849736484987,182.29271760828354
lrb,8335,199.540288592,0.43403988483484973,160.55395636465036
lrb,8336,255.515776378,0.42702720374414305,243.31931346818513
lrb,8337,248.65404093,0.3857175568547919,244.36722528794232
lrb,8338,291.595057223,0.38497450557749197,290.2026689716414
lrb,8339,291.170111603,0.38184553076076755,299.6317797492532
lrb,8340,367.97972353,0.36043948812383997,371.9206377814798
lrb,8341,313.162373158,0.36172308173899986,232.31964207069544
lrb,8342,266.611233899,0.32860894394116724,255.1065746830959
lrb,8343,218.488089544,0.29540819120917094,195.91335132075292
lrb,8344,228.402326963,0.3709001184773266,105.02855996524586
lrb,8345,467.962135184,0.3041713217173025,223.67673609116497
lrb,8346,542.068916088,0.3275228448598925,383.4456688076842
lrb,8347,266.372259858,0.38751934084857176,249.0828597124885
lrb,8348,363.335300999,0.3668100904710222,290.98948884851796
lrb,8349,290.511871079,0.3553529482888409,260.86906881893384
lrb,8350,359.82844444,0.34869900365837486,311.68082691267426
lrb,8351,372.124079215,0.3393013776332239,317.44288252288214
lrb,8352,353.491260623,0.36125715272328784,325.5623355341893
lrb,8353,177.474672069,0.41569389917232374,176.79408410764208
lrb,8354,170.954637323,0.3843513521316805,159.24558491426356
lrb,8355,134.837159549,0.3346001870366207,131.48232131658816
lrb,8356,141.069959032,0.34138646293678004,138.55405405081953
lrb,8357,269.666299892,0.4027143998182808,271.87030600753485
lrb,8358,355.915935836,0.5059724315266,366.4222889619715
lrb,8359,215.12964042,0.5286784006070486,206.91418379241344
lrb,8360,369.342251741,0.44931882696383013,367.20753748276655
lrb,8361,133.577367556,0.4638369510431805,130.6960522221584
lrb,8362,137.890257634,0.4026622101242015,138.55338074927238
lrb,8363,140.272620897,0.38438655602864114,138.02949215758082
lrb,8364,143.105766847,0.3928023939642959,141.95823495902266
lrb,8365,110.5501773,0.3688825428631603,107.12354245653339
lrb,8366,191.003266843,0.3364374173001674,188.8413661881989
lrb,8367,212.598144104,0.37628857484202327,212.1518642649931
lrb,8368,211.060631458,0.4179305738528274,211.36601786893957
lrb,8369,246.870794896,0.4387538767590814,243.84343946868296
lrb,8370,276.422802532,0.4360002210038302,281.820920936734
lrb,8371,245.178304463,0.4089203547833442,245.41456804462507
lrb,8372,240.912520227,0.3979302406695996,243.31906887877219
lrb,8373,217.988749061,0.3696685480701663,215.29403857062846
lrb,8374,231.14362989,0.38285576168955526,228.65137625301588
lrb,8375,206.612392864,0.40975578814744956,209.53131612141925
lrb,8376,262.027559711,0.3782419687871706,254.31830988865272
lrb,8377,327.622007732,0.3527437102799959,293.86696032355815
lrb,8378,201.96886361,0.3935252095168492,208.22093332328046
lrb,8379,124.550101622,0.45222045977910363,124.9322987575157
lrb,8380,136.334312676,0.4405740641523153,134.09902819465188
lrb,8381,137.673443732,0.43615128598501646,138.55130722943474
lrb,8382,109.527875885,0.44075510337630247,110.26464753992417
lrb,8383,125.579744159,0.46494547206369774,128.59826525519878
lrb,8384,104.538695819,0.4785629768914815,103.45464863496667
lrb,8385,127.663006796,0.45754860406877607,125.45499285529642
lrb,8386,136.140510298,0.41213918828964224,130.95498746984146
lrb,8387,167.156788841,0.38601796893423584,165.26519550996667
lrb,8388,134.5273457,0.37732689712042894,133.31224778119255
lrb,8389,121.914347135,0.3887330914378926,123.35966087790095
lrb,8390,128.309242784,0.3767412357763358,125.45490893195658
lrb,8391,116.682122233,0.4069410857189907,116.5498571956859
lrb,8392,144.053314072,0.4244327401255702,145.3597557516659
lrb,8393,186.945423752,0.3779998006115497,185.95545666264553
lrb,8394,133.623394031,0.4506080127546359,135.40709261426738
lrb,8395,125.551274995,0.4695128763423247,124.66897583007812
lrb,8396,107.061341019,0.43047668873253525,108.16884882309859
lrb,8397,125.601865931,0.4389581260645492,122.57395531149471
lrb,8398,114.408222578,0.4647788340371012,117.59757008272061
lrb,8399,159.93166481,0.4131004480170269,160.288733179429
lrb,8400,174.71000831,0.39513877669029684,177.0507095037722
lrb,8401,135.465440689,0.3663325186124545,130.69254784677545
lrb,8402,121.694103599,0.415776047287351,123.62079958448223
lrb,8403,115.213628212,0.4511191773230404,118.64436376235065
lrb,8404,124.935772702,0.41943585626991087,120.73945450128292
lrb,8405,115.012833485,0.4054001871157777,115.23928234623929
lrb,8406,117.679432309,0.44615683134468626,116.02493396833832
lrb,8407,141.356900849,0.42719706396261853,143.00134438907398
lrb,8408,137.655459741,0.4173326473405112,140.38244326722386
lrb,8409,160.804464195,0.37770833147674043,155.83513790953393
lrb,8410,112.620474667,0.410251837775663,113.14393893971163
lrb,8411,126.149189228,0.4191738765269395,126.2391060623468
lrb,8412,135.858605923,0.40658943955149496,135.92945520737592
lrb,8413,114.171823777,0.4398265641363334,113.4053154739679
lrb,8414,103.477045937,0.46526701267688503,97.42888210521025
lrb,8415,98.9968136091,0.4674322438635389,102.66681838690067
lrb,8416,104.833891548,0.47301945097580517,107.11901337866689
lrb,8417,111.148553672,0.4515424650964555,109.47596887326708
lrb,8418,102.997754126,0.42485244371421593,101.0948636821672
lrb,8419,114.957568687,0.41467652899456453,116.28510140811697
lrb,8420,115.524252098,0.39439755117191994,111.30876982445812
lrb,8421,109.695456795,0.3493410827131832,111.30861062442555
lrb,8422,148.199986446,0.3730940571912742,149.5461292341644
lrb,8423,179.264923003,0.39054662324649425,181.49789805692788
lrb,8424,220.997556705,0.4322076109289391,213.4495100133559
lrb,8425,258.328116347,0.4913549138281397,262.4246290319106
lrb,8426,232.622948325,0.3973501368234954,299.09061638327205
lrb,8427,219.327452729,0.34616188361789246,216.067762038287
lrb,8428,321.387640114,0.3042484912880336,311.39925258860865
lrb,8429,427.205726391,0.2950208641880153,428.46805653291597
lrb,8430,158.623392131,0.3648742403234205,162.37749921013327
lrb,8431,132.137398967,0.41455284098744627,131.73514296587774
lrb,8432,192.516082043,0.351074748076651,191.97200535792928
lrb,8433,322.643010956,0.3053837214879038,325.5408326990464
lrb,8434,290.817239262,0.32128307288222846,294.63643481684664
lrb,8435,169.994696913,0.35379508272956056,167.35329999736712
lrb,8436,116.542907344,0.411609212317686,113.9257049560547
lrb,8437,201.238076442,0.31323834338272055,193.54318422803695
lrb,8438,146.761230746,0.403901663126675,147.71047462014593
lrb,8439,91.2891649005,0.46155733108019636,93.49746246337891
lrb,8440,96.339410372,0.45131073289179385,90.61652721330232
lrb,8441,94.4103695606,0.38098301947786567,93.23551584879557
lrb,8442,95.0176301594,0.42038729448210116,92.18786537320007
lrb,8443,129.058747851,0.4195713525664113,130.68665131213618
lrb,8444,159.171960599,0.4461295377640497,159.49509322222542
lrb,8445,126.417195117,0.44743262865635625,128.59118745093252
lrb,8446,106.234824693,0.4420844648372043,103.71100185618681
lrb,8447,105.299922389,0.40914206445672124,102.92537384033203
lrb,8448,98.3382346874,0.48996966288834015,98.99699680103976
lrb,8449,97.2521168194,0.5178996617581519,94.02108552222158
lrb,8450,107.871893685,0.5194801913990695,111.30647397508807
lrb,8451,110.363276694,0.5013743871524011,106.0687058392693
lrb,8452,112.973488513,0.4911975834239909,115.49722307990578
lrb,8453,119.023885797,0.5016135036945343,112.61653337665632
lrb,8454,102.24132835,0.41305852650027525,99.52171391505821
lrb,8455,324.390069872,0.37776496778726576,327.3751332900104
lrb,8456,675.248614301,0.5342980093323056,672.8230492984546
lrb,8457,285.200752542,0.45982834958146324,289.6619782391717
lrb,8458,115.657628922,0.4608187815527077,117.5930015115177
lrb,8459,108.684096219,0.46358894809866635,109.47403669170306
lrb,8460,119.792493212,0.49311828752485304,123.35460510253905
lrb,8461,143.624109417,0.5191298570934234,142.99716620351754
lrb,8462,106.559309729,0.4701913166193315,106.06947865205653
lrb,8463,112.350022847,0.4199721879044244,112.61706587847542
lrb,8464,219.774014159,0.43656343972894573,221.30570131189685
lrb,8465,299.462265201,0.42887483053916203,290.7090979183422
lrb,8466,199.800279408,0.4742994169749872,204.80556903913913
lrb,8467,106.843782701,0.4978327716054175,104.49775552188649
lrb,8468,112.847043517,0.4879764845738045,115.75931016510609
lrb,8469,99.6952304887,0.461976451677691,100.30733501957911
lrb,8470,132.00105991,0.4505855885524196,134.87810962153415
lrb,8471,125.383061389,0.5117678154540317,121.78330613678577
lrb,8472,129.672539282,0.5097850127200202,125.18820343017579
lrb,8473,157.112110793,0.5079162125223377,159.49736884622013
lrb,8474,116.543745186,0.5157399399018069,114.18880453670725
lrb,8475,108.072953847,0.5233400377624272,112.87945772058823
lrb,8476,85.1619047803,0.5604759367358801,80.40384207332835
lrb,8477,95.7028246425,0.5530382085853898,92.97522466322955
lrb,8478,92.7040210912,0.5014235940427413,94.80867153990502
lrb,8479,119.813913722,0.44239047965729733,118.64198419907514
lrb,8480,114.377012931,0.4305558061653188,116.80884755452476
lrb,8481,94.9501000261,0.4183293881536531,93.49962050494025
lrb,8482,96.8737406024,0.4319569467681728,95.59500496060238
lrb,8483,98.3509005539,0.4519666377302736,96.1189687691483
lrb,8484,108.686348782,0.48911706069960204,107.64291345932904
lrb,8485,89.0030125511,0.4682187786303372,86.95256075391583
lrb,8486,91.3637907129,0.4823237207928145,90.6193743836646
lrb,8487,82.0740495899,0.48684367336260925,81.45280938241996
lrb,8488,85.0349808571,0.45834164796991556,86.16724039713542
lrb,8489,81.7088297644,0.44749677503944196,82.23871480904373
lrb,8490,97.0977546443,0.5200432906548181,94.28644247616039
lrb,8491,100.422724707,0.5317696471383252,99.78656930362476
lrb,8492,100.712296815,0.5481649415088269,98.73909349628524
lrb,8493,103.320823863,0.5490088356282428,101.09644015443091
lrb,8494,72.8300549055,0.5284080889156395,72.81047797109566
lrb,8495,88.458506112,0.5172382509028232,87.21554376938762
lrb,8496,80.8126736254,0.5474787572766565,82.23931797999963
lrb,8497,88.8049785244,0.5548113143729592,87.47754208433861
lrb,8498,81.2155041582,0.5296384912806673,80.66800166111366
lrb,8499,81.6532640757,0.52990139726682,80.93003979851218
lrb,8500,102.296392781,0.534267336281808,102.93055410946116
lrb,8501,92.4041241409,0.5126640378933534,94.54954887838925
lrb,8502,95.815040305,0.47748509667475114,92.19250263887292
lrb,8503,135.584550343,0.46163958271867345,139.33661516974954
lrb,8504,88.6878493445,0.48397234293130736,85.12121133243336
lrb,8505,95.4995025925,0.47044277860693745,95.59782948213466
lrb,8506,97.3481862285,0.47486412891854785,100.05050345028148
lrb,8507,107.431985947,0.4739165515650218,107.64614257812501
lrb,8508,106.919788945,0.48902425455926657,103.71763853185317
lrb,8509,102.095523767,0.5141794266941635,101.09865513221891
lrb,8510,91.5561284702,0.5416642107470515,92.45563306621476
lrb,8511,104.314685412,0.511234971595981,101.36081237792969
lrb,8512,102.126503263,0.49880895765580957,100.31322907092525
lrb,8513,165.907591778,0.4429620398946528,166.57771812887754
lrb,8514,119.072358084,0.440301753677331,121.00481226303998
lrb,8515,176.476800859,0.4564959958372032,177.0549612905465
lrb,8516,99.8663015458,0.4974234915353399,97.95646170821846
lrb,8517,425.453354136,0.45995284754483823,479.56953358369714
lrb,8518,459.126742865,0.48184767755520486,456.2605087280273
lrb,8518,10.0784611202,0.5255364179611206,10.214733617446003
lrb,8519,367.087143669,0.4188580207967452,367.47103244557104
lrb,8519,2.72639258069,0.5373443961143494,2.6191624660117956
lrb,8518,13.3101621517,0.5255364179611206,11.78623109705308
lrb,8518,10.0784611202,0.5255364179611206,10.214733617446003
lrb,8519,80.3452870902,0.535034762337464,80.40830637613934
lrb,8519,2.72639258069,0.5373443961143494,2.6191624660117956
lrb,8520,81.0183100636,0.5132395309386869,79.36063851749198
lrb,8521,80.434515791,0.501316052028223,79.62253133736405
lrb,8522,90.9021130205,0.5089855440615256,92.45638568354588
lrb,8523,92.0947119777,0.5045936795782417,89.83722231995826
lrb,8524,102.363067052,0.5379448596115977,103.98060943005132
lrb,8525,122.223675649,0.5522773852795038,120.21927624870749
lrb,8526,97.6623197511,0.5920997388183573,94.02767447677311
lrb,8527,92.3386094084,0.590690565841824,93.76580176259958
lrb,8528,97.0143066449,0.600731747513368,99.78990101533779
lrb,8529,107.022525974,0.5833345365637556,110.26657466514438
lrb,8530,98.000746502,0.5568182729694942,95.59937884760838
lrb,8531,77.7395578668,0.5816426349408699,77.78918316411037
lrb,8532,178.421375745,0.5859102887010644,179.93694197710823
lrb,8533,158.748965135,0.5620803501208623,157.15042473288145
lrb,8534,188.290559705,0.5200297593236803,187.2712444230622
lrb,8535,190.861973793,0.4766860010306483,188.8430634143306
lrb,8536,135.883598675,0.47132643123777007,134.62617741005096
lrb,8537,144.622856998,0.45600099195709165,143.00778727811925
lrb,8538,101.267085387,0.49041992540542895,102.14858853209253
lrb,8539,190.16960078,0.46988135299305633,188.8441300336052
lrb,8540,175.644807855,0.49025064825309417,177.843845502068
lrb,8541,91.2354872302,0.586511300385364,85.38618029426125
lrb,8542,103.916496231,0.5973814638576123,103.72081451416015
lrb,8543,80.0485511354,0.5579109154878906,82.24336188821232
lrb,8544,80.0604438335,0.574566445094627,78.05275663488051
lrb,8545,640.839792357,0.29662064631099894,642.7602520213408
lrb,8546,139.917123011,0.46477293011298254,135.41407826741536
lrb,8547,71.6991356717,0.635719426603981,71.5047197229722
lrb,8548,83.7666496157,0.6386447659802361,83.02920370662913
lrb,8549,110.609092126,0.621589287214501,112.62643881405101
lrb,8550,93.9829504192,0.5939772644898508,99.26857210047103
lrb,8551,137.019688527,0.48017056277412146,131.22334522920497
lrb,8552,490.828621687,0.3044009278670713,488.48744324328857
lrb,8553,271.930444735,0.4058247081807192,273.9719900991402
lrb,8554,356.661461247,0.4204785905733525,347.8340613271676
lrb,8555,176.429026986,0.5408588845449769,169.46395218793086
lrb,8556,268.18871739,0.49956731782416536,270.5660225662531
lrb,8557,117.778969846,0.575925091106777,114.45992521398209
lrb,8558,120.188840205,0.6068463794563127,120.48399308148552
lrb,8559,77.5699194491,0.5036375239541301,78.31451048009536
lrb,8560,91.4388552195,0.48212375067679936,88.79129333496094
lrb,8561,93.467578205,0.5138150062995758,91.93433433981502
lrb,8562,85.3606932348,0.49668562402977745,84.07672756419463
lrb,8563,102.785987043,0.5199905414330331,104.5067101871266
lrb,8564,96.621607753,0.4949140901565552,98.22072332045612
lrb,8565,165.723468039,0.44139984310416047,168.1541561351103
lrb,8566,440.9280089,0.4806877143131308,436.62575342514936
lrb,8567,244.60009743,0.54212268748147,247.2554563335344
lrb,8568,128.996376577,0.46728949207067494,130.96154545802696
lrb,8569,126.184093512,0.4129171233961389,118.65133957208371
lrb,8570,92.4657164592,0.38123719163955827,89.83988569671033
lrb,8571,97.6025853059,0.409935292952201,97.95962063658472
lrb,8572,156.441084171,0.41064613955611123,160.82164034375955
lrb,8573,153.727217351,0.4764233349951027,155.58310089111328
lrb,8574,214.926793598,0.4595457159923973,221.84985166063495
lrb,8575,292.497920726,0.4408469055521533,283.925766469918
lrb,8576,81.5416832675,0.47363296556241297,80.93472397748161
lrb,8577,85.832341974,0.46962873991633436,89.31632364310471
lrb,8578,71.5345258066,0.5057837901746526,71.24356282552084
lrb,8579,151.150625242,0.46314683937011875,147.7257396024816
lrb,8580,346.179927641,0.46257694238206226,343.6451532102098
lrb,8581,395.205202536,0.426997998575025,407.816928728889
lrb,8582,616.718346473,0.34813160497263235,528.5649549297258
lrb,8583,660.427791893,0.3639385077787186,430.3428147858265
lrb,8584,580.462763133,0.3578626204428965,484.82407522762526
lrb,8585,588.05268623,0.4156756550732968,591.9512300678327
lrb,8586,1101.06988991,0.3444741386165382,1118.1569745232077
lrb,8587,301.207096053,0.4956547226125969,293.88092331231803
lrb,8588,987.502564643,0.31917137386512445,900.4987679874195
lrb,8589,2295.61083144,0.34313873121527033,1893.4669141582408
lrb,8590,1119.2322597,0.36200134213604923,1121.5744714475147
lrb,8591,352.017580776,0.4497967848869815,349.4108635098326
lrb,8592,615.981393634,0.36016898703992406,606.1005018944833
lrb,8593,714.083420792,0.2992034160804236,561.0502907248105
lrb,8594,672.977569888,0.2988626893995136,516.5229803347121
lrb,8595,302.554821675,0.3736298235538504,292.57390295290475
lrb,8596,409.957198707,0.34015124930959684,385.55919048832914
lrb,8597,640.270224372,0.3043757843123651,572.8395040175493
lrb,8598,425.377462978,0.3317204235812884,346.53291006649243
lrb,8599,334.412962312,0.3651675958353702,285.76566464293234
lrb,8600,706.539044645,0.3201776460796813,535.6476373410692
lrb,8601,932.7198844,0.3076717034691857,660.0658964269302
lrb,8602,1073.66021258,0.2860408786975243,647.2333088594324
lrb,8603,1079.41130396,0.27741865814587563,456.285672715131
lrb,8604,593.971914533,0.3021551312155657,315.10446041331573
lrb,8605,319.566995677,0.3058650038318138,226.57158705767463
lrb,8606,480.137801626,0.29352381748620476,243.85946089800666
lrb,8607,436.143055493,0.33606941013232516,210.8562504787071
lrb,8608,457.208105222,0.30450943335733477,372.20770419251687
lrb,8609,591.50577703,0.3018949766668998,465.98037615009383
lrb,8610,489.699696343,0.29790945841909616,483.5307089712105
lrb,8611,517.081628051,0.29847862552649707,362.77968567492917
lrb,8612,403.081177105,0.29965212937142394,387.6641655716242
lrb,8613,263.80906008,0.37015198185805265,266.1266991708793
lrb,8614,165.826798062,0.41589282402343075,161.614568343817
lrb,8615,454.186702604,0.3555699514913448,443.72069373037294
lrb,8616,573.30141783,0.2966335020193241,583.3330077825807
lrb,8617,803.149986613,0.25438450976969706,495.0594948862114
lrb,8618,976.023221514,0.2643090885367775,713.5170301848766
lrb,8619,950.097428047,0.28050313203564564,519.1586533789541
lrb,8620,1001.08350862,0.2651365780133866,506.58550968544154
lrb,8621,953.204169741,0.2882058613550918,441.10099726658234
lrb,8622,735.840385721,0.3003901638857583,712.4655262965782
lrb,8623,838.401680891,0.33424898200469805,838.979596755084
lrb,8624,601.32024028,0.36111104970699864,597.2137912825042
lrb,8625,597.809913643,0.37269749375711003,608.73914456835
lrb,8626,419.039759673,0.39073234665961487,412.54969027650134
lrb,8627,312.361207979,0.3809224305784001,311.7044989193187
lrb,8628,345.140873915,0.3685070616203853,340.77965605492693
lrb,8629,832.456036788,0.3851115367317621,828.7645823759192
lrb,8630,1032.25180329,0.4568693191787486,1041.4549859439626
lrb,8631,1174.4006365,0.45454969260518413,1147.27655137006
lrb,8632,671.580574843,0.39150813658063005,676.5804894540823
lrb,8633,712.618153141,0.36920696670424913,708.8002185297947
lrb,8634,588.560976707,0.3990643546520753,583.070479927811
lrb,8635,730.628951171,0.4285282404753568,738.1367921417833
lrb,8636,698.341459561,0.4592721159634666,697.0138581818226
lrb,8637,900.951382583,0.5056716069820527,889.2749753765031
lrb,8638,1095.16814136,0.5244457069725984,1085.7281089932312
lrb,8639,1289.13676469,0.5147708708636239,1220.6287933947995
lrb,8640,1391.58895171,0.5434618196391519,1289.2623789469399
lrb,8641,789.333366254,0.4739430075475327,745.2173692291858
lrb,8642,704.836456559,0.43081857176879673,653.8012703390682
lrb,8643,795.933338863,0.4301568081296942,792.1071183447744
lrb,8644,685.700321076,0.4210799841965719,683.9267225676891
lrb,8645,705.251447244,0.3746081653849838,721.3853844736137
lrb,8646,592.656064785,0.3824199881683401,577.5804189345416
lrb,8647,263.717996739,0.4583768522264946,263.2507425644819
lrb,8648,589.726283646,0.41563235348868666,581.2485945757697
lrb,8649,608.472049953,0.42448522111555054,611.1108074412628
lrb,8650,643.783070771,0.43592554323589305,647.2598251342773
lrb,8651,569.273591605,0.47419117607253763,579.6793755026424
lrb,8652,627.870523225,0.5212661869671312,562.6540548885569
lrb,8653,656.084700907,0.5445262095852582,635.9991207945579
lrb,8654,674.895432196,0.5458213717871065,686.5553000356637
lrb,8655,666.508680654,0.5617456869159043,656.4327826107249
lrb,8656,1053.68660328,0.6207716631449042,1049.6143825456209
lrb,8657,707.574565156,0.6484660656983793,656.6976234585633
lrb,8658,254.90890166,0.5203656113737232,238.3702637915518
lrb,8659,401.840611302,0.5355893093850043,382.17894415761907
lrb,8660,744.557163032,0.5398019150024004,752.310099283854
lrb,8661,632.953392646,0.4986604908801717,502.41392502130253
lrb,8662,609.790498853,0.41871040873556853,596.1917616900276
lrb,8663,764.348840325,0.41190092332037725,763.8394989013672
lrb,8664,1133.33618356,0.37526779227959667,1142.6189923753925
lrb,8665,773.876527626,0.33598049155984716,769.3429826325062
lrb,8666,406.48118172,0.38941788863588006,410.47299227247055
lrb,8667,290.495221144,0.42333460300220255,290.50060445748124
lrb,8668,215.234859741,0.4496297241354282,213.48786956188727
lrb,8669,182.499005281,0.39375408654855254,178.91081815233417
lrb,8670,236.707147362,0.415023836850327,236.27793366675283
lrb,8671,267.98476932,0.4263383563611622,264.30682639327705
lrb,8672,398.628478874,0.42954378165499707,400.2589643291398
lrb,8673,476.341840805,0.4133724590747971,472.8194982491287
lrb,8674,540.126818338,0.4013407277074224,503.2061946794098
lrb,8675,575.154350933,0.3982805716782172,477.53559247185206
lrb,8676,307.331936843,0.41817252811768063,182.05602078905295
lrb,8677,453.339119102,0.39403131794225,336.86902648327396
lrb,8678,1033.51848225,0.3821571768623514,845.0542100794175
lrb,8679,942.722333509,0.527689628204212,829.3399132223689
lrb,8680,333.477837164,0.5978338625033696,235.75752213421987
lrb,8681,212.65001335,0.4172845781933178,144.07429010727824
lrb,8682,175.675046545,0.3337472331523896,111.33031418744255
lrb,8683,203.854391238,0.3862233009039651,110.80660220875461
lrb,8684,204.251260464,0.4454622663510074,123.3802983003504
lrb,8685,368.619780251,0.5097240448044943,332.94305949491616
lrb,8686,1002.88015837,0.4941673395904738,894.0444212072036
lrb,8687,1500.98912909,0.4488926740202815,1444.6707086002125
lrb,8688,919.131498643,0.4191101492568744,908.1944709927428
lrb,8689,585.89819352,0.3489634476540235,599.6141101313573
lrb,8690,558.342206292,0.3258747780289417,557.4403849283855
lrb,8691,562.609517837,0.31871608156816433,517.6240918926164
lrb,8692,492.284442362,0.3501237520781725,442.967491389256
lrb,8693,577.244636703,0.36633974816333154,507.93333545759606
lrb,8694,533.266146503,0.37916848441545353,457.37654930563536
lrb,8695,548.918238505,0.37436253432496425,425.41855058857044
lrb,8696,488.926369805,0.380493078634943,360.97767938352104
lrb,8697,433.418745311,0.3699580884683988,310.42034756529563
lrb,8698,550.691116782,0.34958255819944073,302.5620088764266
lrb,8699,618.554526883,0.3292857046226468,406.29805647906136
lrb,8700,583.796702135,0.33886502638148774,502.9615707397461
lrb,8701,437.390302965,0.3992516630410317,375.91193494609763
lrb,8702,190.691106733,0.4143072914158571,146.17383790857653
lrb,8703,269.939375784,0.4108011894196668,276.10620105219823
lrb,8704,423.405298669,0.39583851282845184,417.0409595564299
lrb,8705,640.457029653,0.3753583528351167,617.4420685113645
lrb,8706,525.625562926,0.39175444474372084,530.7329775043563
lrb,8707,467.367774464,0.3849212702052912,433.2843026254692
lrb,8708,396.273044384,0.4202531802516949,363.86445315491915
lrb,8709,346.173764147,0.4374438038036338,213.23546049828622
lrb,8710,2537.04089887,0.5102656712181052,2300.7867867862474
lrb,8711,563.616992349,0.5668589035549184,517.1091570685892
lrb,8712,812.006416944,0.5063284536681731,814.9588430666454
lrb,8713,987.254650232,0.47396216778040684,1076.921943993662
lrb,8714,950.466362297,0.4723329868394433,899.3149830836876
lrb,8715,799.01841453,0.5501826344319115,711.752253812902
lrb,8716,959.800745664,0.4785558050620374,959.8333753698012
lrb,8717,612.980837593,0.5223581857867505,593.6087547751034
lrb,8718,614.315159612,0.5147542254113245,619.5443420410156
lrb,8719,398.457475978,0.5460719318581196,395.0412198235006
lrb,8720,359.571740589,0.46759368616457414,367.0102592917049
lrb,8721,532.217198168,0.3899992237503081,532.8322385900161
lrb,8722,373.276178681,0.42564526033538314,365.17664067885454
lrb,8723,321.16853525,0.46245001785216805,324.83538683723003
lrb,8724,278.602182281,0.48568849066514097,274.5385908239028
lrb,8725,477.494914107,0.5575164793615472,478.0855719772039
lrb,8726,162.112453843,0.34617029541120753,166.34779319015203
lrb,8727,149.788173248,0.4608129519748516,145.91474741019454
lrb,8728,152.555695903,0.48096623225372376,155.869535408768
lrb,8729,247.908974916,0.48380602766919295,241.53221378700405
lrb,8730,343.224866328,0.50662242010706,240.74613132850797
lrb,8731,253.696645946,0.4320835742482793,231.0540887271657
lrb,8732,511.627130686,0.4510499507312459,441.9371955721986
lrb,8733,587.925860372,0.4832177610120449,469.1797543693991
lrb,8734,1121.19223393,0.38562951203168455,993.3699529012044
lrb,8735,664.981621431,0.42384964003580466,641.0300469192804
lrb,8736,858.754450658,0.3553911469480729,842.7431449441348
lrb,8737,1084.1053355,0.3021376544526103,1086.1097696940103
lrb,8738,978.406901533,0.322294566708963,615.3591688268324
lrb,8739,1422.67619567,0.23477094932066636,925.792988317153
lrb,8740,1175.65474228,0.2813565034639126,1158.6858564489028
lrb,8741,715.235243724,0.4151930911530513,685.8333999334598
lrb,8742,822.370075011,0.5221119311351986,757.8765612733131
lrb,8743,553.223812989,0.5027280638458601,415.22012394923786
lrb,8744,269.239111057,0.4066924472673156,223.72094134162455
lrb,8745,257.653609324,0.42026804375203325,252.53815484140432
lrb,8746,219.120902639,0.39359747200836365,212.19512266271258
lrb,8747,247.350072245,0.49602552363505736,170.2803280400295
lrb,8748,261.468652044,0.48826907765263977,264.85173115449794
lrb,8749,354.438833088,0.5266717031598092,345.8010060927447
lrb,8750,708.004166453,0.4739538323295544,695.5329043220073
lrb,8751,873.19809411,0.4503087640218125,877.0798604927811
lrb,8752,780.221905458,0.4377127747842901,774.6500795850566
lrb,8753,1202.38994237,0.42274195768200507,1194.5957264918907
lrb,8754,1054.99611815,0.49311413132399323,1047.8918530632466
lrb,8755,1139.66452296,0.5606185846791535,1139.0588749904261
lrb,8756,750.854004904,0.5536113472845956,752.908320976706
lrb,8757,824.699858911,0.39173085047077166,840.9263473809937
lrb,8758,978.666477704,0.35023289751291414,978.1977487601484
lrb,8759,1028.79175729,0.37739662096349397,1017.4933457617662
lrb,8760,1037.8796091,0.33588337124960177,1036.880365558699
lrb,8761,856.708249786,0.35054564188023163,840.4040609322344
lrb,8762,886.167160824,0.5614123457143819,881.015155807196
lrb,8763,990.446179484,0.34155818300127827,994.1827225329828
lrb,8764,727.196870091,0.41852257336920035,718.590346811332
lrb,8765,766.586510806,0.382733323767488,771.7725830975701
lrb,8766,723.885663337,0.33132593825142437,738.7659508200251
lrb,8767,789.461031076,0.3539119090240283,773.6099551032569
lrb,8768,595.068839366,0.35204170015230324,728.5516941743739
lrb,8769,259.348269588,0.4420411341129783,263.0228494980756
lrb,8770,787.86766337,0.2689969649224413,780.1650525560565
lrb,8771,492.537665516,0.36876975382247384,497.2299985399434
lrb,8772,818.245604761,0.42441693296990335,817.3620361028933
lrb,8773,721.751824991,0.4493546580726451,824.1749938665652
lrb,8774,675.335908637,0.4291629292809884,678.7801747639973
lrb,8775,454.69056896,0.4208493008102891,440.9067962945677
lrb,8776,612.893706433,0.48047051021886855,609.8809778849284
lrb,8777,746.226552287,0.5028151733595283,736.1543226952649
lrb,8778,515.995921238,0.36808168719952655,506.1417506199257
lrb,8779,702.152985232,0.30409824820405457,702.8888287114162
lrb,8780,373.661301125,0.4250764764725286,373.84333702536185
lrb,8781,414.669101559,0.5602870981522541,417.06889986524396
lrb,8782,1322.26216152,0.47875750207953244,1314.8619242948646
lrb,8783,1350.32317829,0.45632806055741804,1351.2803966148226
lrb,8784,1268.1112867,0.5104035517332313,1272.954597084195
lrb,8785,985.871506303,0.5392188265435934,984.5194206387387
lrb,8786,818.487118351,0.5666433541265243,802.968963024663
lrb,8787,510.844987907,0.5953077151268162,530.7718134861367
lrb,8788,352.325700288,0.5456138128807786,342.66979890711167
lrb,8789,949.27224555,0.31169371285417796,963.2993176030178
lrb,8790,959.08180901,0.3171943411665055,836.5033113068225
lrb,8791,859.419309616,0.3421614055530362,711.2787278119254
lrb,8792,708.233517414,0.33385823788286667,708.3986256917318
lrb,8793,595.063902607,0.4411325426091181,594.6991507735906
lrb,8794,498.763168617,0.5132059612388002,493.83584813136673
lrb,8795,493.823044653,0.5458187068361557,490.691553033567
lrb,8796,1083.54035926,0.4421127417398968,1067.0516198251762
lrb,8797,519.166536874,0.46023354261769645,522.1319163602941
lrb,8798,903.565772502,0.4146806927406003,897.2939022288602
lrb,8799,973.843498582,0.42346573105225205,977.4636479097254
lrb,8800,448.933392506,0.5066609185510303,449.5637747371899
lrb,8801,701.960279723,0.36182372748169195,709.1897510304171
lrb,8802,614.235533913,0.43638426956103593,618.0212957045612
lrb,8803,1054.10181128,0.35255171337356517,1048.2019776288198
lrb,8804,864.166415016,0.3584946775554724,844.6417079551546
lrb,8805,845.744240163,0.4687329955525318,850.1434578689875
lrb,8806,614.558881738,0.4345444192362921,619.3355756871842
lrb,8807,753.470608853,0.530216861965796,742.4695632635378
lrb,8808,1244.35409496,0.4917143935597739,1251.5124845018577
lrb,8809,504.832926008,0.4899729455704421,557.7718759574142
lrb,8810,602.296389784,0.5386199799378022,603.3596167770087
lrb,8811,889.368686594,0.5233942644171361,973.5512376972273
lrb,8812,448.443621112,0.5077499824502583,444.8570483338599
lrb,8813,1046.87879241,0.3328670233480546,1035.8978541654699
lrb,8814,641.735646156,0.3279361015340145,565.6322477153705
lrb,8815,261.042798536,0.45652079443344895,250.19952198103363
lrb,8816,345.156193167,0.528362812976641,356.56772805008234
lrb,8817,472.635614183,0.5533091828152827,473.41591934503293
lrb,8818,391.244665866,0.5655430754633988,385.12593706916357
lrb,8819,339.230147994,0.5730490124946164,342.42199665144386
lrb,8820,180.3223764,0.5558023588304167,176.84408434699566
lrb,8821,118.094080893,0.5325202911429935,117.89622362922219
lrb,8822,110.549359769,0.5007283738998822,112.39458298028683
lrb,8823,557.74860543,0.3988140340049187,416.8314952476352
lrb,8824,478.910725878,0.41319013103496943,485.4729528688917
lrb,8825,293.956734114,0.5727024554988167,286.3566633935068
lrb,8826,127.539729639,0.5958225100624317,192.56412865133848
lrb,8827,131.514677997,0.5006253642285754,130.73440366258808
lrb,8828,192.164922396,0.591418670687249,193.35048881979552
lrb,8829,461.045847253,0.6352196605490528,449.3159191655178
lrb,8830,568.893030679,0.5719769051632821,572.1918857050877
lrb,8831,722.075171711,0.6193344199522717,718.6416585286456
lrb,8832,1323.80593035,0.5543678059912144,1297.1145633473118
lrb,8833,414.514984163,0.5084529504606574,512.4545120538451
lrb,8834,647.972178833,0.5671426775818936,647.9077190324373
lrb,8835,724.058757344,0.5645899853518475,824.4913837507661
lrb,8836,318.538760509,0.6004613019164086,312.8184212179745
lrb,8837,128.372598653,0.5417932042255703,132.5677429199219
lrb,8838,120.088837915,0.5790233172476291,230.55281575520834
lrb,8839,232.353112618,0.5148739575799702,231.3386100021063
lrb,8840,278.560218586,0.5743480076250169,274.3057957368739
lrb,8841,594.14609076,0.6356430650543035,596.2961269004674
lrb,8842,687.552670515,0.4624722432394262,695.5895753748276
lrb,8843,420.553691997,0.4698189672987544,415.2590757183
lrb,8844,450.042350906,0.5549977481678731,448.2711727067536
lrb,8845,390.554451666,0.5285741406611103,390.1093729355756
lrb,8846,416.475271234,0.5645934878280329,416.57138869341674
lrb,8847,485.305814386,0.5824017099760196,481.022366512523
lrb,8848,1017.56886629,0.48118946109337396,1019.9446455114028
lrb,8849,385.785194735,0.530854752491955,381.46532826143147
lrb,8850,471.010036763,0.5459693957295194,468.44892246021936
lrb,8851,1105.834765,0.5737758450010652,1096.1955525716144
lrb,8852,1501.13621297,0.6145864184071796,1507.5358682370654
lrb,8853,1034.61705676,0.6390222414942847,1033.8434030271044
lrb,8854,799.68395142,0.6165047663713698,788.3499768126244
lrb,8855,987.660868452,0.6037826151095866,993.4936203900505
lrb,8856,931.268205661,0.6129496957437738,929.3028268552293
lrb,8857,708.468760278,0.6257632205122875,711.5813589956246
lrb,8858,662.79025834,0.6187323079900704,647.1290480669809
lrb,8859,908.558806488,0.6319368628291915,911.4813521441293
lrb,8860,713.418455087,0.5861238712833009,726.7730750588809
lrb,8861,583.866422516,0.5213413307667872,571.4091602101046
lrb,8862,500.043746552,0.44999817760360566,499.8838234994925
lrb,8863,444.052709877,0.3964170980782683,445.9122915529737
lrb,8864,406.318412936,0.3844443914327863,394.8226164574716
lrb,8865,165.858802068,0.39296972106744926,169.50894841212852
lrb,8866,144.67740632,0.5147916806442752,138.59401574228323
lrb,8867,358.900063393,0.5828914423529442,368.6240947947783
lrb,8868,368.381300132,0.5885350153749358,364.69444983987256
lrb,8869,514.410863783,0.6134747480609727,496.21573740641264
lrb,8870,595.709662015,0.6213024291380538,600.4895860559801
lrb,8871,171.667202013,0.5095386844491813,171.8673402075674
lrb,8872,341.067322002,0.5738998331540932,341.6393590889725
lrb,8873,1239.05592717,0.6114833915578963,1238.972015620213
lrb,8874,684.611632587,0.5867983464820625,692.9752495859184
lrb,8875,179.699285661,0.47910313164613333,173.96382458256738
lrb,8876,117.805959846,0.4120354796278066,106.36947428385416
lrb,8877,243.745146134,0.5014495005553982,227.14901742374195
lrb,8878,891.7562541,0.5714765210541104,892.6174016615922
lrb,8879,397.819240049,0.5579839164283629,394.8266140208524
lrb,8880,183.83665082,0.43273410018782527,184.18235814711628
lrb,8881,209.325059605,0.5467973308850876,210.64407456341908
lrb,8882,146.12238866,0.4603556140990665,131.7836836870979
lrb,8883,206.133703539,0.46308772518254626,211.9545684814453
lrb,8884,783.904491346,0.5551681717171092,791.7543020809397
lrb,8885,350.371395652,0.608747437539053,340.8570787317613
lrb,8886,876.942720782,0.5171808070030248,872.9713475246053
lrb,8887,932.479633031,0.5601570012607515,934.8049321791708
lrb,8888,896.173874271,0.569420853037135,770.0106045592064
lrb,8889,1038.06819894,0.5051714038525215,858.8301545685412
lrb,8890,855.940958575,0.5340885921499562,739.3593621347466
lrb,8891,785.667063673,0.5431425903757284,632.9890655816772
lrb,8892,796.802536814,0.5133515228210304,623.8205859614354
lrb,8893,716.206988595,0.44589470013725835,577.1858015172621
lrb,8894,1586.36357549,0.45314368520016207,1518.8194058287374
lrb,8895,1323.08911638,0.469277010044843,1251.5812525730505
lrb,8896,976.000322021,0.4391946886189669,836.832479020661
lrb,8897,867.503090353,0.49458865958197945,724.694521256989
lrb,8898,694.013332491,0.560905420247948,560.4181185853246
lrb,8899,715.597839545,0.5242798903011923,531.8578467574773
lrb,8900,285.14805989,0.5161463878119051,157.4615234674192
lrb,8901,198.072653165,0.6095593430725811,106.37186237410003
lrb,8902,429.683931075,0.5927097000382403,330.6441928938323
lrb,8903,494.62801259,0.580386875854933,362.8708551145067
lrb,8904,484.434768098,0.5293775702312542,415.27087770349846
lrb,8905,646.33164591,0.5190303410248586,543.6520773794136
lrb,8906,704.683674241,0.5079948841670499,639.2826608695235
lrb,8907,632.673603618,0.5117386490801318,438.32718802059395
lrb,8908,732.171623911,0.5383152795594749,565.3987693936218
lrb,8909,908.458789546,0.5098864533142425,764.7822344611673
lrb,8910,989.484221108,0.4969897423469316,926.7003971773037
lrb,8911,915.235889507,0.5082838585183265,829.7618316052007
lrb,8912,1156.21644224,0.4611033887748435,1072.6420680625765
lrb,8913,918.189436909,0.5013648560287756,856.751326527315
lrb,8914,820.407592868,0.5705095285988768,737.0150639851888
lrb,8915,713.494939141,0.5380902430343738,688.8089672313017
lrb,8916,568.091640079,0.5212672604184574,577.7201106651157
lrb,8917,1194.37433897,0.46384874301845197,1172.7364406810086
lrb,8918,1344.14667387,0.4506492824136752,1290.6432201011507
lrb,8919,730.409095698,0.43552133619031974,684.0980089075425
lrb,8920,335.68702327,0.47546601733920996,254.66899180692783
lrb,8921,386.26089237,0.5571234312618224,287.419004462747
lrb,8922,707.028498502,0.5795687184843954,599.9881210027957
lrb,8923,1206.46476327,0.5612959594790998,1211.7638598872168
lrb,8924,1001.74358875,0.5044646924099689,996.922043534821
lrb,8925,1776.91943084,0.3375752406278802,1690.709954235601
lrb,8926,1069.65918843,0.3732435210933943,1077.1023904239428
lrb,8927,1007.21810669,0.5565345756126155,1020.5123434627758
lrb,8928,610.256984803,0.6329160332548863,596.5877944048714
lrb,8929,358.74196887,0.44807326321428304,367.070189891142
lrb,8930,546.812411515,0.43552565041464963,531.6111334408031
lrb,8931,883.918065645,0.45495447550419393,873.2697878669289
lrb,8932,875.392610759,0.47195057273436053,892.397533940334
lrb,8933,965.953039747,0.47780721535299026,949.2539132510916
lrb,8934,1002.30402716,0.42343037996620514,973.8842705221737
lrb,8935,998.234607106,0.3640374093304978,911.00473985859
lrb,8936,1023.58567678,0.357781675018101,869.871026581409
lrb,8937,948.333957877,0.4118023073531865,905.7643186083026
lrb,8938,1057.34448725,0.40396921840013483,1055.632788145776
lrb,8939,688.206247356,0.44398562469100217,686.4649356019262
lrb,8940,1354.77130991,0.3429456017577428,876.6878287820256
lrb,8941,802.322877145,0.4007513063289806,705.8568764181698
lrb,8942,879.309154158,0.3816276278311128,876.1659549189549
lrb,8943,1367.24200566,0.41750622085974004,1358.2702522128234
lrb,8944,970.065436821,0.5279863066028062,962.3685759899663
lrb,8945,564.116467082,0.5372484527275609,571.7064533906826
lrb,8946,1458.68424035,0.3899280538175871,1458.6039068483838
lrb,8947,807.095456593,0.422954343477693,813.5394869636089
lrb,8948,896.648814357,0.43847579581263907,889.0014936858532
lrb,8949,903.232162149,0.44424017946706235,900.0043834312289
lrb,8950,1087.13437575,0.3467129477206238,1088.1260507621016
lrb,8951,722.189165181,0.41800904374006664,651.8832073735256
lrb,8952,579.328556283,0.4924819380073133,553.8923616596297
lrb,8953,851.871492078,0.37349390412698996,415.81184213675704
lrb,8954,1474.04671664,0.3664561636141461,287.4269018135818
lrb,8955,984.999481539,0.3167625123703135,737.0413295371859
lrb,8956,914.083162059,0.3366289953608437,920.7139074587352
lrb,8957,805.44277044,0.4107014046246183,807.2631434721105
lrb,8958,785.046375416,0.43590722853896835,776.345264419855
lrb,8959,933.571548989,0.4465666274318409,938.7942043229643
lrb,8960,737.200963278,0.47763547072460905,720.0145238240563
lrb,8961,927.485905993,0.4007056377227438,926.2208197200999
lrb,8962,1350.62807254,0.34022850778596564,1319.7708672616995
lrb,8963,1405.22576305,0.38181834976354284,1312.702111636891
lrb,8964,1071.94198353,0.32838960490343755,1067.7183582081516
lrb,8965,531.203653135,0.46599056870942135,521.9353943170286
lrb,8966,711.080176402,0.4168716536670344,715.0406789143881
lrb,8967,900.631269035,0.4170702326223784,886.660678878485
lrb,8968,930.007920339,0.38877912131284914,914.4357509837431
lrb,8969,991.0037438,0.4192619216913346,792.0746672985601
lrb,8970,607.829921088,0.41091721553926,581.6777437995463
lrb,8971,547.715084829,0.49157551220803,533.4654792336856
lrb,8972,461.69512593,0.4736819533420199,455.64668812471285
lrb,8973,428.923200332,0.45236221990832537,419.4884989121381
lrb,8974,486.665022714,0.4442689883899182,492.5910945219152
lrb,8975,552.778737095,0.42583154158552255,562.8115270278034
lrb,8976,519.483978137,0.43072833228171314,520.1031103695141
lrb,8977,257.272133436,0.46831165011317577,246.03409621294804
lrb,8978,226.092713959,0.4946793678328564,231.09915654799516
lrb,8979,320.277109283,0.49479032616163127,303.93965822107646
lrb,8980,313.661738353,0.5137062750377897,309.17992984547334
lrb,8981,419.449253957,0.48707316964587577,422.63280172909003
lrb,8982,1339.11876978,0.394387814331036,1331.5627364813113
lrb,8983,866.976258795,0.3999766731145526,803.0774055929744
lrb,8984,830.442766966,0.38352313631248197,782.6396622003293
lrb,8985,827.073934217,0.41254610027982874,831.3739500756358
lrb,8986,572.973902043,0.4825285146883524,562.8094895306756
lrb,8987,657.745494032,0.3580127846001617,649.2768563663258
lrb,8988,846.85948926,0.4482559601523601,856.5292911005955
lrb,8989,956.337113427,0.45162155798619147,963.1682821834788
lrb,8990,961.914212382,0.41534257906322775,943.5167309330957
lrb,8991,958.720719562,0.39547802985445213,897.6632265876322
lrb,8992,994.009439654,0.3980714496045386,993.8216437246288
lrb,8993,1002.93295658,0.39888248432611817,1001.6809823728075
lrb,8994,1002.34517758,0.39023172897557745,990.4138838524914
lrb,8995,995.756204056,0.39001070646045727,1001.4180936327168
lrb,8996,998.073648594,0.39509347323363103,980.1931724398743
lrb,8997,988.380938991,0.37615016957994746,992.5072928634345
lrb,8998,1034.35010898,0.3866698176501142,1041.2399639354032
lrb,8999,968.979452018,0.39438576761569155,823.2473531685622
lrb,9000,983.197291984,0.3899401544759144,775.298784981522
lrb,9001,773.393871023,0.3735760677983796,632.764782445571
lrb,9002,628.362793832,0.32201868399559036,503.5932978312175
lrb,9003,807.991103407,0.40538152529520954,707.9629279940734
lrb,9004,661.130779194,0.37683266589831416,664.7308497410195
lrb,9005,260.405097099,0.43124290303248597,347.955078125
lrb,9006,200.734895134,0.5569752722204506,201.750514161353
lrb,9007,1251.36034087,0.371142828777757,1251.3705365349265
lrb,9008,652.400594423,0.406167244555699,658.9605286242914
lrb,9009,1068.84572803,0.3420743482946144,1061.933025045956
lrb,9010,1578.07305102,0.3322764644473397,1580.4540124930588
lrb,9011,617.29447267,0.42077566044488857,611.7991765340169
lrb,9012,926.706644698,0.5075887401464579,923.3348765952913
lrb,9013,360.504143715,0.5678026090204323,356.60107747994215
lrb,9014,165.779454029,0.5318208512137916,160.352807078642
lrb,9015,275.040855245,0.5059991914813764,280.3558046228745
lrb,9016,863.763344924,0.41896320215091787,808.0575256347657
lrb,9017,1016.57374831,0.4972320147058071,1008.5014715755686
lrb,9018,664.489081181,0.5231552385174189,667.0928196327358
lrb,9019,715.941823748,0.5268888801173561,671.8078511855182
lrb,9020,792.006524696,0.48273861510241595,780.8060017305262
lrb,9021,956.722335774,0.5274231888597118,938.7974699431777
lrb,9022,1036.87102867,0.5422810764755692,1050.6775888480392
lrb,9023,956.586374202,0.5489514827034233,945.087515528062
lrb,9024,1142.70034595,0.5903890625727293,1126.4026835722082
lrb,9025,946.133273701,0.5606106341242076,962.6462563907398
lrb,9026,887.677806795,0.5601746463229158,891.6420050228343
lrb,9027,675.178541187,0.5539829374483844,652.9465358958525
lrb,9028,494.687200643,0.5624610229312438,500.4533718333525
lrb,9029,237.454692215,0.5861222687003378,238.43623800838694
lrb,9030,2175.53637764,0.3533785680311633,1810.5473252838733
lrb,9031,1229.0378883,0.43704776478744956,1063.2756407195445
lrb,9032,1032.26786744,0.46851842948679506,1033.4057545082242
lrb,9033,681.997135801,0.5218169777077927,673.3892204733455
lrb,9034,538.19395899,0.6460980275973693,532.9442796295765
lrb,9035,1026.96542493,0.5707482519181383,1027.893703176461
lrb,9036,691.811446763,0.5613183391511463,696.1816644705978
lrb,9037,1199.13754055,0.281508698961911,1120.3968515134327
lrb,9038,894.609359456,0.33465064180662574,763.26323520436
lrb,9039,893.472424814,0.4560106760596509,764.3084850236481
lrb,9040,978.125924054,0.5500129876374329,934.8791050032072
lrb,9041,870.931947619,0.3613830108632925,776.6246285232844
lrb,9042,469.816280677,0.47028054665896585,406.3905151367188
lrb,9043,529.846875696,0.5796886903829027,541.5902586693857
lrb,9044,438.594135323,0.5820189855708564,418.9658145081764
lrb,9045,550.094513899,0.5845298945506979,551.0214933507583
lrb,9046,344.9602184,0.5178670045518795,312.8484838149127
lrb,9047,634.314205515,0.5124920604558773,570.1482198378619
lrb,9048,1010.50506112,0.5839997722220751,1019.7656074972715
lrb,9049,922.340234935,0.5304759426400905,916.268445811552
lrb,9050,936.257342635,0.5397730612529421,921.507058985093
lrb,9051,912.299722751,0.5573940269894361,883.2512701595532
lrb,9052,625.312778771,0.5556316693344028,558.0910569134882
lrb,9053,1414.28099895,0.6013661870193517,1413.300319177964
lrb,9054,435.81669274,0.5380058674926793,442.01840153114466
lrb,9055,382.451906397,0.5819272118802633,371.2740989834654
lrb,9056,1441.22935935,0.4846667747459098,1445.5248418471392
lrb,9057,1407.16569458,0.4324519328338005,1341.7685046925264
lrb,9058,1584.50505792,0.6097183876479694,1582.5637778487867
lrb,9059,1005.42990583,0.6440206081442498,997.2290185068166
lrb,9060,369.786486124,0.527798243887918,359.4849418191348
lrb,9061,562.578092381,0.38792857773468054,422.6313615686753
lrb,9062,779.5388344,0.5547058486954208,694.8662796020509
lrb,9063,771.266423349,0.4617963573075659,284.2878184599035
lrb,9064,1120.57038399,0.4042102460230493,139.6549467198989
lrb,9065,1004.42573971,0.4388155216494432,217.99807514863855
lrb,9066,897.802757577,0.5991211899254524,595.301820642808
lrb,9067,562.441671218,0.5674657849490569,420.79956638111787
lrb,9068,1656.07724079,0.28417727988579367,181.31712589637905
lrb,9069,845.767589704,0.44664032983057433,190.2249450683594
lrb,9070,893.828568236,0.4998215008860597,278.00070773853975
lrb,9071,668.939001784,0.5842341940731094,607.3555535709157
lrb,9072,1129.75083,0.33928793758938186,199.13364859188306
lrb,9073,650.691822731,0.49007944192674047,447.26367501651544
lrb,9074,893.69317723,0.5829284941990995,706.6588722677792
lrb,9075,750.661353684,0.4722817100366174,572.2449219647575
lrb,9076,864.168071788,0.5539916823327268,797.0534856459674
lrb,9077,974.904855926,0.5671067409967506,882.2066976509843
lrb,9078,846.116978645,0.5564577914207365,791.8107099046895
lrb,9079,1045.38303413,0.5644267069166131,1055.6583083208868
lrb,9080,1745.82867776,0.5813804663939004,1702.8346301808078
lrb,9081,803.603590675,0.5333738705184187,645.0827282176299
lrb,9082,790.426251559,0.5009315768853704,760.3717602000519
lrb,9083,822.50609701,0.5045087519981956,801.2478049783147
lrb,9084,1086.19241615,0.5901739516695215,1075.0565733068129
lrb,9085,854.15752313,0.5917012260474102,794.9623377182904
lrb,9086,1005.38147907,0.6110870049148606,1011.6534917794021
lrb,9087,1168.21937596,0.6279841536490666,1183.541599109126
lrb,9088,1155.45740427,0.6259992376003829,1150.2683552760707
lrb,9089,639.387228172,0.4058160898888385,318.61528825946885
lrb,9090,648.597999769,0.4765272040084571,338.26757680855553
lrb,9091,643.189127067,0.47952068425923966,345.6045873006185
lrb,9092,1344.68130712,0.38275481020995655,175.81567101572074
lrb,9093,633.457556392,0.4782884262929946,305.77831483728744
lrb,9094,853.576216909,0.5748504693439096,823.2704914167816
lrb,9095,992.209119054,0.4581337685255434,526.9256584017884
lrb,9096,999.03045229,0.5359123211413707,834.0162328981885
lrb,9097,988.309964282,0.4856611375818115,996.995858734729
lrb,9098,1005.87342004,0.5742906296634059,996.4733747893688
lrb,9099,945.172827313,0.46677037387457787,956.6476340798769
lrb,9100,1074.08409576,0.6428068819713662,1079.8010094436943
lrb,9101,817.442569571,0.5323916345834732,807.0352831073837
lrb,9102,984.927252252,0.398754864320299,920.4922334558826
lrb,9103,975.264460503,0.3934630490289355,940.4078851737227
lrb,9104,1026.58800448,0.38751109338560397,654.8019058825922
lrb,9105,966.347362171,0.44570021867543574,599.2535779167624
lrb,9106,948.983161539,0.4950968620127142,463.26266685934627
lrb,9107,937.910731046,0.4930846751680501,471.3862146714154
lrb,9108,788.936458798,0.41641666748721917,639.8709615370806
lrb,9109,1101.79283823,0.29520306454198736,981.5582599415497
lrb,9110,1085.63048578,0.31251683922798335,1087.1580929326076
lrb,9111,1288.42433563,0.3326492073602242,1281.0610268387138
lrb,9112,469.760801624,0.52057037781251,471.38859635895375
lrb,9113,437.542310143,0.6103311423257609,430.7731739717371
lrb,9114,399.786061878,0.6434896114407128,406.666057990579
lrb,9115,249.429317399,0.6084957696094494,247.0915426815257
lrb,9116,913.199977506,0.6684693934486391,911.5885875926299
lrb,9117,975.257400924,0.6657358488168424,981.5471006206437
lrb,9118,1174.19340906,0.6798377170173424,1164.9631490370807
lrb,9119,1465.3642539,0.6703975841706246,1467.865147010953
lrb,9120,1913.89733861,0.6862810008521253,1902.8360391654219
lrb,9121,653.53995781,0.6689190818787004,651.6621696920954
lrb,9122,374.398442605,0.6336953625802481,374.4373607859892
lrb,9123,300.275150234,0.6123776518507934,304.21426894244024
lrb,9124,264.664957887,0.520986864390465,258.6216378604664
lrb,9125,658.252097896,0.3706517764638691,660.5749126957912
lrb,9126,1001.30840377,0.32963263753774913,988.1139967675304
lrb,9127,779.815480747,0.4063374536537573,783.2068986481313
lrb,9128,847.629620107,0.43726017025048575,859.1958507163853
lrb,9129,886.327365239,0.4486769718667453,876.7524020325903
lrb,9130,717.128055908,0.5052818454552093,695.1651989207548
lrb,9131,790.257467709,0.6269243491977733,811.5035434199315
lrb,9132,425.987106634,0.5780928699943656,422.91630970076017
lrb,9133,1789.69068796,0.6673352177862361,1793.5866627711878
lrb,9134,815.878548666,0.6387485027236914,818.5811609305588
lrb,9135,1085.82463206,0.6547514433465166,1070.6563395780674
lrb,9136,1103.25577121,0.6633454472725792,1102.8894655115464
lrb,9137,626.121824156,0.5653419340846915,622.0628025129729
lrb,9138,845.665089565,0.35294660187306065,841.121805976419
lrb,9139,1405.21187912,0.28582308954700897,909.7764627194872
lrb,9140,822.790530223,0.45103577033505315,528.5201750512217
lrb,9141,874.560388713,0.502041388620056,655.8685751223098
lrb,9142,954.152814806,0.6182419269220029,945.6767964980179
lrb,9143,731.609745338,0.5648746953680208,734.2181531120749
lrb,9144,1182.45137256,0.36182405703370696,367.1100589527803
lrb,9145,1030.66923721,0.4092471236205436,356.1049818151137
lrb,9146,878.929585433,0.5082311718917091,539.0049540201823
lrb,9147,898.131916649,0.4943170839824033,611.3271738688152
lrb,9148,936.47996847,0.38367992958695835,713.2610794366575
lrb,9149,944.644246467,0.3264225596574756,920.2716645783067
lrb,9150,684.904144174,0.39914203580225205,668.9781727510341
lrb,9151,872.633969086,0.2861409378647611,807.3356285544003
lrb,9152,1380.43849402,0.26743596357045285,378.64310141170733
lrb,9153,1242.81095943,0.2886112623410168,965.3435431087718
lrb,9154,1183.6297491,0.33668834993438995,1184.6654929665963
lrb,9155,846.229417648,0.41436401273572837,851.8768744375192
lrb,9156,844.791650591,0.4856273095476534,847.4204788208008
lrb,9157,747.122516338,0.5970007593701694,741.2949501486387
lrb,9158,1053.83240138,0.5094123450783756,1047.087351630716
lrb,9159,896.399857031,0.5507489677358557,884.3626076193415
lrb,9160,836.336724004,0.6318515589847208,839.8158849080403
lrb,9161,1075.37614853,0.6646873668896651,1071.4500688739847
lrb,9162,932.898983604,0.6319698934457685,949.6033703373926
lrb,9163,987.433873609,0.6388379460469646,965.3234103034524
lrb,9164,844.961005382,0.6197837359365275,855.0076072842467
lrb,9165,708.112244008,0.6379946039683784,702.2422614004099
lrb,9166,453.828192043,0.6443776724584126,452.78872222900384
lrb,9167,619.416786395,0.6385265070703704,610.7916460224225
lrb,9168,756.45660917,0.6277574493299769,753.5963140450272
lrb,9169,1732.54859364,0.6251094082663998,1733.841068222944
lrb,9170,1805.43223181,0.6380935420578209,1805.3732330023072
lrb,9171,877.518353932,0.6533484926456185,876.2249570659561
lrb,9172,326.666059734,0.64413953147858,331.46794412650314
lrb,9173,268.142623466,0.5863132046069949,268.31923588771446
lrb,9174,1032.76157668,0.4571266606733373,1033.7156408272538
lrb,9175,741.344321126,0.47203432320184496,801.5550373152189
lrb,9176,338.649186495,0.5850461548892781,335.3994285733092
lrb,9177,1003.39550903,0.633755501228955,1000.4288061403762
lrb,9178,902.712246695,0.6540795904485898,905.8371847713694
lrb,9179,1053.26262476,0.6638838900225263,1049.1685861026538
lrb,9180,938.593439758,0.6608454385252692,912.9156961179249
lrb,9181,761.835049462,0.5988640752593443,708.5340352077109
lrb,9182,473.554020105,0.5454946970822765,400.9093161788641
lrb,9183,703.769105904,0.5914473031696522,637.2635651831534
lrb,9184,812.398159948,0.6202733602753298,735.0028453153725
lrb,9185,898.710786646,0.6305340879547133,870.2138362211339
lrb,9186,755.382855258,0.6088845316652229,750.7273389030903
lrb,9187,732.424955185,0.6130423481295982,730.8137245926202
lrb,9188,1181.93515042,0.5627589220692099,1184.399607849121
lrb,9189,544.893860782,0.44723475280470404,435.76535901836314
lrb,9190,639.583378999,0.4628910410029641,479.52526729808136
lrb,9191,724.47748701,0.536205814904128,539.007277245615
lrb,9192,620.667859111,0.4216471790225086,404.584770711263
lrb,9193,418.810042368,0.5568357969286035,379.16616809321386
lrb,9194,944.117907386,0.5619281370145608,828.0325581868491
lrb,9195,1088.11265511,0.5545839839554982,956.6951798382927
lrb,9196,555.448233015,0.5923813933959374,425.81088346593515
lrb,9197,164.21808711,0.5371428413496471,160.10527460434855
lrb,9198,295.672392813,0.4549211317648268,292.17258228975186
lrb,9199,443.876448848,0.32818100176179554,283.2635410084444
lrb,9200,533.928965705,0.25215855627530176,151.45846252441407
lrb,9201,715.404671116,0.2305274665183415,181.3316130694221
lrb,9202,223.591736674,0.3307085370251892,142.81201321470974
lrb,9203,443.06984667,0.4234031691302115,438.9186215868183
lrb,9204,446.06090558,0.5020778152746024,381.2709718592027
lrb,9205,198.287552551,0.5597234010587843,143.8606429156135
lrb,9206,125.920413897,0.5652759928304237,61.05538793825636
lrb,9207,128.351709111,0.6053932309150696,6.026916384229473
lrb,9208,154.710402428,0.5421845032757534,112.41475644579121
lrb,9209,164.567568088,0.5732232256721488,116.86928531422335
lrb,9210,245.333992366,0.5633247298562629,183.95067497702206
lrb,9211,329.584493164,0.5201042569066626,326.23710632324224
lrb,9212,588.148537292,0.4663526796151439,568.358922442268
lrb,9213,556.35364957,0.453876992307263,476.12146211511947
lrb,9214,486.274471571,0.5045730448859139,590.3709493300493
lrb,9215,167.54759909,0.5065743752710505,125.51671896541822
lrb,9216,135.85024864,0.5263039940081465,82.0184066473269
lrb,9217,139.860789295,0.4833721707061845,102.71974762561274
lrb,9218,131.623780292,0.47131242140445834,80.18439968333524
lrb,9219,126.160347818,0.49664363816932394,42.45065110150506
lrb,9220,129.404483574,0.5233679215113322,35.375589707318476
lrb,9221,128.700622796,0.5486083868500236,37.47196095784505
lrb,9222,145.10670244,0.5110722731986492,72.84770011153876
lrb,9223,287.110962678,0.5813337367870313,224.83248874439914
lrb,9224,227.681224251,0.5592039708140291,180.02361070221545
lrb,9225,158.55566515,0.5298248601757832,62.62843382592295
lrb,9226,125.719613301,0.4003636704272583,93.5497599882238
lrb,9227,122.547025236,0.4955150028069814,11.791991289924173
lrb,9228,144.212573996,0.5077557529042834,85.42649880203547
lrb,9229,157.385151029,0.45541636184822754,109.27276853673598
lrb,9230,163.910786821,0.4204041887156285,143.60083289052926
lrb,9231,135.073696397,0.4392638873345781,52.9332696054496
lrb,9232,124.870489295,0.38719482755923007,119.2310255462048
lrb,9233,146.786763027,0.4634888024766588,95.90903212603402
lrb,9234,149.335929416,0.5374077342223592,94.59882423550475
lrb,9235,129.866195589,0.5288778380914168,98.00543009440105
lrb,9236,126.392284507,0.47791062213248203,109.27345036525352
lrb,9237,132.885280529,0.4516036633766119,126.04445507573146
lrb,9238,144.759413782,0.45580861521394633,49.78893001780791
lrb,9239,154.570725247,0.44811682403087616,69.18042997472426
lrb,9240,122.496809142,0.4616453282820071,47.954677716423475
lrb,9241,122.098105869,0.4490757940780548,55.03004724839155
lrb,9242,130.687358248,0.47419672218315745,35.63855904971852
lrb,9243,139.614291624,0.4915587887690778,59.74713933608111
lrb,9244,140.562189486,0.4648338274231979,29.349489638384654
lrb,9245,111.679723771,0.3896243893183195,51.09969464470358
lrb,9246,107.34881969,0.41544497758150095,53.45823328354779
lrb,9247,109.919536332,0.4275597460033951,76.78073404349533
lrb,9248,116.985064093,0.4101031628666717,88.31102483412799
lrb,9249,127.509998836,0.3992525686820348,116.35051933737361
lrb,9250,116.32726317,0.3503634878809418,110.58546821743835
lrb,9251,114.41954272,0.35810347845952617,114.51631269267962
lrb,9252,120.324149293,0.36930514951546983,117.92305845372819
lrb,9253,117.737127802,0.3944156511722004,117.66103647269455
lrb,9254,121.803384754,0.4372448298957321,119.23333755193973
lrb,9255,123.83400488,0.4479492180722795,89.8835936901616
lrb,9256,133.445687335,0.4653602201945383,92.50410251991421
lrb,9257,129.334752075,0.4249606976906458,133.6460952758789
lrb,9258,115.027384643,0.4546257745508754,114.25437239104626
lrb,9259,128.548383185,0.47885172327687914,126.83294124229282
lrb,9260,139.612203041,0.445614302745539,140.9838695152133
lrb,9261,139.954534993,0.377628780837752,122.64035707361559
lrb,9262,132.137516337,0.2779160580214332,31.184249578737745
lrb,9263,126.65181984,0.3000696069664425,21.226294124827664
lrb,9264,131.290910048,0.42929149179135334,15.461174609614353
lrb,9265,123.854194915,0.42463681495024097,37.73577533796722
lrb,9266,131.685203471,0.4226763862552065,86.47793309828815
lrb,9267,115.446902015,0.4632955741882324,6.5513489068723185
lrb,9268,139.413581284,0.47480624040546143,126.04799442665251
lrb,9269,150.004158203,0.4666278210871997,147.01231503954122
lrb,9270,142.739641037,0.4453452553916241,142.03326631433825
lrb,9271,113.863055936,0.4187189489603043,84.381396484375
lrb,9272,132.74332312,0.37240426691751627,33.01883167940028
lrb,9273,145.109443251,0.37088940738075393,100.366946441052
lrb,9274,132.899968001,0.39856002598569007,72.3272289500517
lrb,9275,135.585232717,0.4160211787814588,29.612250773111978
lrb,9276,154.722940448,0.45216541874165433,12.84074982287837
lrb,9277,179.151081937,0.48115172329484895,90.93357870064528
lrb,9278,261.688758915,0.5757857391351384,207.0251816693474
lrb,9279,480.45941986,0.6038146621731639,431.0851328531901
lrb,9280,170.575995172,0.5676447036912886,61.845697141161146
lrb,9281,211.547780734,0.49814307464743557,97.22362688849955
lrb,9282,134.612121103,0.3870822631414964,62.63196393181296
lrb,9283,135.64088761,0.4554415855251375,79.92798928653492
lrb,9284,164.477217428,0.4991297801622214,163.5248216516831
lrb,9285,250.153172789,0.5909822001536328,173.74500831155217
lrb,9286,317.51959857,0.5665462917751736,224.0604786592371
lrb,9287,140.547519813,0.537871812717824,20.702700536391312
lrb,9288,139.484332692,0.4580929822155408,29.350834835276885
lrb,9289,148.572244008,0.47002122342906977,97.48680276309743
lrb,9290,124.372257946,0.4812541796188606,59.75005681654986
lrb,9291,131.651100862,0.5129750296473503,2.096498796051624
lrb,9292,117.577370685,0.4200822201310372,64.20530221976486
lrb,9293,113.924162359,0.40313387791747635,72.32924122529872
lrb,9294,118.833441442,0.41491616765658057,7.075702622357537
lrb,9295,128.757324432,0.38477575409980047,27.51668010038488
lrb,9296,127.736072717,0.39554152746092186,57.65409791235831
lrb,9297,109.765674177,0.3942283846212156,86.4812173282399
lrb,9298,133.657812042,0.47692738473415375,55.557717596315875
lrb,9299,122.187904875,0.41805443377305246,85.69515201344208
lrb,9300,115.019029285,0.3920403452296007,114.52231406417548
lrb,9301,120.19491824,0.369575921024672,115.83281932157628
lrb,9302,109.248419548,0.3641233555540408,112.9503121170343
lrb,9303,109.170712032,0.3683000747884857,107.70917896943934
lrb,9304,113.515659002,0.34131318554282186,52.41331377216414
lrb,9305,117.322354574,0.3403124238235237,71.80635193469476
lrb,9306,140.717002265,0.40652692485863057,37.2135622510723
lrb,9307,128.32549447,0.4058672544415012,85.43412792729396
lrb,9308,129.320952486,0.43668889489259805,116.35820070154529
lrb,9309,119.997671272,0.4733648997160696,16.24823620366115
lrb,9310,126.164749529,0.43224251270294195,19.655095717486212
lrb,9311,156.415318767,0.4027750492095947,27.517174215877755
lrb,9312,167.222151649,0.41970787841574586,34.855073427686506
lrb,9313,169.215331095,0.4986123010516167,83.86195897121056
lrb,9314,154.156650165,0.5616254787495795,24.634498805625768
lrb,9315,120.166820311,0.4480390250682831,50.3173828125
lrb,9316,122.336315592,0.4480390250682831,30.662155151367188
lrb,9317,120.290894116,0.4113894122057274,63.94522633272059
lrb,9318,108.294118736,0.4518321820501396,80.45574322868796
lrb,9319,115.6174597,0.4901697804840903,50.31760316736558
lrb,9320,142.19760274,0.4643807451264197,31.18646868537454
lrb,9321,156.39454731,0.3890469913862868,78.8834856818704
lrb,9322,119.461524748,0.39973285272374126,113.73916177188649
lrb,9323,98.8130375598,0.4544208571514559,97.75293013628792
lrb,9324,93.2100106485,0.4707504662460294,91.20120921415442
lrb,9325,109.303037367,0.46157116617597466,109.54633621515013
lrb,9326,130.987257678,0.4846148301573361,133.65712127685546
lrb,9327,113.069428224,0.5006717679948652,112.95356828278187
lrb,9328,114.465719593,0.4752391833473336,115.31241398231656
lrb,9329,221.183374825,0.46877545935266157,222.76295725504556
lrb,9330,170.925242572,0.459664439800468,163.01033983417585
lrb,9331,159.986579843,0.42986613889469916,159.34155566645606
lrb,9332,208.519055614,0.40809145246598344,207.82581906786154
lrb,9333,175.175175624,0.41338396926398113,177.4253271364698
lrb,9334,215.21730142,0.37943795173077266,213.06817935120822
lrb,9335,75.9886717585,0.37133200445645287,74.42977630016851
lrb,9336,83.4637687759,0.38630820587277415,83.86461175656787
lrb,9337,88.4389912366,0.41956396923548933,90.41655506807216
lrb,9338,108.002973102,0.4206380745494999,108.49991257611444
lrb,9339,127.224758041,0.4203036133866561,124.48665813371247
lrb,9340,103.279237317,0.42762256534363136,101.94807787128522
lrb,9341,85.1425988326,0.48819660341326004,83.0786268645642
lrb,9342,97.4928106963,0.5306080337919172,95.92058284983915
lrb,9343,99.8771713545,0.5066455472501366,101.42436379825367
lrb,9344,90.9516371777,0.4477672645345677,90.15514502431833
lrb,9345,110.107692344,0.39932613111123805,107.45253245035808
lrb,9346,112.43224898,0.33034976857832105,114.00470646876914
lrb,9347,99.523816586,0.349800364784775,80.45860757266774
lrb,9348,94.5568460359,0.36454607690261176,92.25236484303193
lrb,9349,92.8742321611,0.37460984371973,94.87324048210593
lrb,9350,79.2334095613,0.398533088028233,78.88637147791245
lrb,9351,100.54245227,0.45403505214055384,98.28041301054112
lrb,9352,102.051172131,0.37817433413706325,99.59089391371782
lrb,9353,95.4170269056,0.39530537520584313,99.59095450008617
lrb,9354,105.890809016,0.3667161674330047,106.92931392894072
lrb,9355,108.934769794,0.3664142922650005,104.57063329360065
lrb,9356,128.664650322,0.36832061329902693,126.84767859963807
lrb,9357,131.480965559,0.4048606930982948,132.35160693000344
lrb,9358,105.559954987,0.33763202705288176,105.0952216653263
lrb,9359,94.5365779159,0.3255508019228202,90.68077006620518
lrb,9360,94.1354605122,0.39365370709953,98.8053830015893
lrb,9361,108.830933124,0.40507495021585166,106.40586493997013
lrb,9362,108.012977833,0.4414094326631078,111.12337119906557
lrb,9363,83.625133804,0.4517002192984489,84.12877098532283
lrb,9364,85.2266963166,0.48859101515493275,84.91494023940143
lrb,9365,80.9017792939,0.553708184252745,83.34232402128332
lrb,9366,81.4866639314,0.5541021968554525,80.98345130471623
lrb,9367,88.418010638,0.5380658667753726,89.10786662382237
lrb,9368,116.722499356,0.5110872047288076,115.57801154641544
lrb,9369,123.6966283,0.4670159219432685,123.70241385067212
lrb,9370,122.19288521,0.4705871766919544,123.44015601663028
lrb,9371,112.488966868,0.39285262099334173,110.07388350542855
lrb,9372,111.114605432,0.36565739784763124,112.43266332289751
lrb,9373,107.470056248,0.40602348670363425,104.83244727639591
lrb,9374,99.6995369884,0.4579816549629361,100.90139411477483
lrb,9375,81.0408385284,0.4568504905977914,78.8866865270278
lrb,9376,86.3162318249,0.4523681799872668,86.2251231474035
lrb,9377,93.1018796282,0.5307964814380862,93.03941031063304
lrb,9378,101.23558099,0.5330579873819377,101.42622707591337
lrb,9379,112.879947674,0.4924782629464275,112.17182868508732
lrb,9380,143.568854146,0.4692665733453027,139.4287333170573
lrb,9381,182.067536865,0.4305994178073993,180.83828825109146
lrb,9382,165.033117165,0.420543520986659,166.68599862491385
lrb,9383,192.518803926,0.4382579915875556,195.25357399734798
lrb,9384,431.11913881,0.4264219586461977,442.1386951521331
lrb,9385,484.944367191,0.5001933295385214,462.844351345885
lrb,9386,266.328055978,0.49222015670300473,265.75590688668046
lrb,9387,194.916389903,0.4735750319338423,194.7306080836876
lrb,9388,161.805904184,0.44405092370648486,158.03859474331725
lrb,9389,149.69626329,0.4248295264599258,153.05918285893458
lrb,9390,139.334682356,0.4516091415127695,108.50445107852711
lrb,9391,183.683627111,0.47312204021297094,95.66232105329925
lrb,9392,147.873160498,0.37683074168256814,48.48645408480775
lrb,9393,157.267547639,0.25772378540283175,76.792215534285
lrb,9394,171.507500688,0.35248105137788954,155.9432639327704
lrb,9395,152.648344593,0.4177995127927367,147.29435026879403
lrb,9396,140.187209355,0.45281944924735673,142.3146703383502
lrb,9397,157.456640689,0.45798546373339866,154.89503838034236
lrb,9398,283.293762392,0.47027486681716807,282.27096737132354
lrb,9399,312.224742184,0.4702532231955124,317.9157399495442
lrb,9400,186.531342903,0.45962633534806796,187.1328048706055
lrb,9401,193.129370845,0.48903534714941505,189.49168638341564
lrb,9402,255.029864316,0.5118186748610822,251.8692095887427
lrb,9403,363.052434576,0.49966389737088657,369.80989167456534
lrb,9404,324.873976979,0.4685935414995742,323.68224532183484
lrb,9405,241.822600015,0.43955033977015495,231.16423244102327
lrb,9406,196.87222987,0.3887032493550509,196.04421871409696
lrb,9407,224.121325423,0.41933440598093463,224.35048424215876
lrb,9408,218.273982156,0.4452904416855828,220.9436336741728
lrb,9409,209.421699349,0.46568555198138273,207.05305974623735
lrb,9410,211.881933353,0.45145806456261356,211.77091495289525
lrb,9411,216.896691557,0.43016509977307643,211.77118198170382
lrb,9412,192.975481697,0.41584330984222284,192.11448454015394
lrb,9413,155.449579185,0.42369734594377423,154.63533244413486
lrb,9414,162.163507877,0.4223523373274427,159.35328877766926
lrb,9415,158.26131535,0.4398997630519739,156.99470484116497
lrb,9416,174.30156729,0.44419075317347234,175.60369633693324
lrb,9417,264.44108326,0.4209855643185703,259.4746012968176
lrb,9418,166.651011133,0.42535869266699855,169.83816276999082
lrb,9419,327.215995415,0.4786849809007361,457.09675726797064
lrb,9420,461.447135837,0.4718621806321951,455.52469234092564
lrb,9421,315.671556361,0.40521891430351864,435.86778037875314
lrb,9422,314.628266136,0.40152783464328407,319.23485987046183
lrb,9423,254.25195368,0.3558281482534206,246.37209574381512
lrb,9424,189.010516354,0.3558270294535379,157.52117704503672
lrb,9425,193.956259601,0.37449178566803804,145.46494472728057
lrb,9426,231.879345013,0.4076055038041173,142.32004618925205
lrb,9427,202.425591772,0.3837017171255504,171.6751777798522
lrb,9428,501.083030993,0.3796492738701144,442.15976053873703
lrb,9429,150.551289112,0.33766257709371833,43.770638439702054
lrb,9430,198.916502864,0.3917581513524056,25.16164182775161
lrb,9431,201.996698506,0.3896027463569976,104.57822543873505
lrb,9432,205.691783412,0.4335133256838304,169.05526868034812
lrb,9433,207.38885986,0.46760090394425646,203.39078515744677
lrb,9434,161.656538166,0.488580971132449,161.19267353731044
lrb,9435,171.062891435,0.49105276907851664,169.8422839894014
lrb,9436,241.275830679,0.4972105632009713,241.1343885234758
lrb,9437,263.394085216,0.49075853220232724,262.36508923698875
lrb,9438,253.891112126,0.44767511652710484,257.3855618645163
lrb,9439,229.705485572,0.38230123395813437,211.51770252900965
lrb,9440,191.309175695,0.4080443651650723,73.6512606452493
lrb,9441,116.765010027,0.4057559748760967,115.5881139418658
lrb,9442,302.901632092,0.42294915673052164,295.65504856483614
lrb,9443,375.471826051,0.4630923047244383,374.28615770526955
lrb,9444,345.033836948,0.45390950319969947,329.4664954989564
lrb,9445,223.489047517,0.43498777622941953,181.1148260079178
lrb,9446,195.914578436,0.4540416012592923,189.24010605157594
lrb,9447,129.51892026,0.4518899667762711,131.31485218721275
lrb,9448,221.081434119,0.521029217009928,218.33428117340685
lrb,9449,222.640839444,0.5096865571114844,224.88728826186238
lrb,9450,183.452526058,0.44027869877197756,182.16439205992455
lrb,9451,368.381454451,0.44448699647730056,360.3978126376283
lrb,9452,292.894160839,0.4810639234902354,299.3263457055186
lrb,9453,243.586908366,0.4263073354959488,240.6146769804113
lrb,9454,285.901256652,0.42641831919204354,281.76596189012713
lrb,9455,238.678502882,0.45708090849796407,237.4702318976907
lrb,9456,189.206627503,0.43025566314307745,186.09719145531747
lrb,9457,109.304812381,0.387068686571466,108.77530095717486
lrb,9458,103.736173993,0.4031502341782605,106.15438833797678
lrb,9459,313.335802658,0.44524198665866077,313.48337133071004
lrb,9460,240.23435737,0.43264411961940513,238.2571454515644
lrb,9461,292.666057328,0.4223064912332072,290.9413400986615
lrb,9462,301.55441564,0.41676968887028565,297.75634149289596
lrb,9463,307.128119908,0.4491652912676285,308.50312996658624
lrb,9464,389.787309553,0.4239223003591019,383.7277536429611
lrb,9465,366.868098179,0.3991434667339627,365.38096334420004
lrb,9466,492.509081231,0.430663611328121,500.36971414603437
lrb,9467,479.836159096,0.4632293076654594,475.2075395172718
lrb,9468,444.80782909,0.4560791886429979,438.5123855890012
lrb,9469,352.299047014,0.44487283095933394,361.7141131232767
lrb,9470,284.783664971,0.4126286521610438,276.79011239444503
lrb,9471,273.069933044,0.409556639887631,278.3630693323472
lrb,9472,238.3738526,0.43446139580003096,188.9831434062883
lrb,9473,169.262040659,0.3667564934122543,164.86895698098576
lrb,9474,98.95805039,0.3637858473736307,96.45765255198761
lrb,9475,158.330228663,0.4293948917603885,159.88915477079502
lrb,9476,181.993331393,0.4378752599901227,175.61607067631738
lrb,9477,261.946379364,0.4331169982245758,267.8799971636604
lrb,9478,189.300991337,0.417695848819711,184.26594836665137
lrb,9479,165.58794217,0.35763333520221546,152.55035920984605
lrb,9480,168.053727565,0.41976019887369076,156.48219416001263
lrb,9481,574.136459401,0.35575059759224803,510.0757916618796
lrb,9482,429.003245586,0.3830594334838429,426.1986926808076
lrb,9483,152.786008382,0.3957605158575335,150.19143021527458
lrb,9484,60.5060609022,0.41964014117687815,62.6451919555664
lrb,9484,19.4211010902,0.4148113252460093,18.085857705508964
lrb,9484,83.1397804344,0.4165658758503216,85.71123890596277
lrb,9484,19.4211010902,0.4148113252460093,18.085857705508964
lrb,9485,134.300844849,0.4563815369037912,134.20223577162798
lrb,9486,133.245474063,0.4646461419458311,128.95996569465188
lrb,9487,134.108939008,0.44869044300867245,134.20226987950943
lrb,9488,132.863640499,0.4096833474782049,128.43579191320083
lrb,9489,138.472712024,0.3517200724419319,138.39611699721394
lrb,9490,166.444730722,0.3001664147885593,173.25725187413832
lrb,9491,171.3485802,0.288125640047448,117.42705688476563
lrb,9492,159.972429088,0.3711173253929557,160.15153000775507
lrb,9493,179.616405141,0.4581191961304629,177.71309904210707
lrb,9494,219.769126224,0.4751580286740982,227.25224645278035
lrb,9495,403.96529242,0.5151499531560632,398.67344321456596
lrb,9496,221.290674216,0.4758050243766848,220.96117045084634
lrb,9497,155.861670584,0.45451155050941133,150.7145922791724
lrb,9498,159.867001274,0.5165886667006873,158.83980937284582
lrb,9499,177.096280715,0.5168839213472026,181.11901574228327
lrb,9500,203.143616756,0.4937480372314009,202.3497288124234
lrb,9501,187.055778488,0.5176938026727246,187.67125390744678
lrb,9502,193.954519865,0.5060365045133556,198.6796537810681
lrb,9503,209.403120925,0.45024629143508865,202.6110076305913
lrb,9504,192.746631965,0.415783774112833,190.02947680903415
lrb,9505,172.931085864,0.38780780310695917,172.73012354233688
lrb,9506,129.908236135,0.4855497372702095,130.26850053375844
lrb,9507,136.975808065,0.5159886895196711,132.62760255103018
lrb,9508,127.520911799,0.4892202852080102,127.90980209649778
lrb,9509,143.434035223,0.46621049951462856,143.63659527348534
lrb,9510,207.464926893,0.4348732283284606,206.80547314812156
lrb,9511,190.76753436,0.4137149692956595,193.17581601610374
lrb,9512,171.356630235,0.4387911637218631,166.96493401620904
lrb,9513,155.604002246,0.44195250288410537,159.6260401108686
lrb,9514,135.688206843,0.4216923451539382,134.98776813581878
lrb,9515,129.3355452,0.42050324499356645,124.76561605416092
lrb,9516,133.096932298,0.4404212632225555,134.98823358872357
lrb,9517,148.069565551,0.44364811228194706,148.88047539206113
lrb,9518,121.064829294,0.48409036897073077,117.68917541503906
lrb,9519,140.216230376,0.48004128309053806,140.23115898581113
lrb,9520,123.869665326,0.475677775593187,123.9802490234375
lrb,9521,119.672540154,0.47152384929773805,117.68965696447036
lrb,9522,135.271067137,0.484869172234507,132.89252184699563
lrb,9523,152.739039766,0.42827765852825284,153.07562982895794
lrb,9524,142.530494024,0.4455463552409834,143.90174874698417
lrb,9525,154.724444638,0.4993658539735608,150.97892886891086
lrb,9526,153.966544632,0.5435429017095201,150.45465411017923
lrb,9527,162.971436842,0.5708527438625505,165.657298189051
lrb,9528,169.491358121,0.571929837742897,172.21015957103054
lrb,9529,179.923814148,0.573670175658173,174.83127576042625
lrb,9530,172.965634345,0.5669272798210828,175.6176892448874
lrb,9531,117.692493351,0.4957342443103614,113.75846422980814
lrb,9532,106.350861729,0.463186780096225,111.13746562284584
lrb,9533,109.318080281,0.45071676454226955,106.41955530503216
lrb,9534,108.91928982,0.4609767757269733,112.97266277238434
lrb,9535,166.338573711,0.4806533024831393,160.94046879188687
lrb,9536,125.805658312,0.4958378969365534,124.24414816463694
lrb,9537,144.111066948,0.49341386556625355,149.6698518042471
lrb,9538,154.075789877,0.3863955456986387,153.33945913875806
lrb,9539,100.338667807,0.4079806435748439,102.48861015170228
lrb,9540,108.165463812,0.4367158270711235,109.3038870418773
lrb,9541,115.267381425,0.459697722015293,113.76011439304725
lrb,9542,111.102276933,0.46652887662251785,114.02242685953776
lrb,9543,102.032174095,0.48297717964107334,103.79988528980928
lrb,9544,110.53025006,0.49801280480973864,106.94542505600872
lrb,9545,132.759267023,0.49719053524044843,136.30304777855966
lrb,9546,130.269158228,0.41827619572480523,130.53645674761603
lrb,9547,112.225501986,0.38985520842726584,113.23651132022634
lrb,9548,140.137468009,0.4259995734423734,139.97303834802966
lrb,9549,106.169135327,0.4420880740392889,105.63513952517043
lrb,9550,163.566007122,0.47283107539018004,169.8550230138442
lrb,9551,163.624426352,0.4941356112526742,158.32165650012445
lrb,9552,97.4726199896,0.47501309314315104,99.34426149854474
lrb,9553,170.202455273,0.46187950063468824,174.311024684532
lrb,9554,215.399307929,0.528597166691379,208.1244534062404
lrb,9555,145.102703799,0.5347289098934694,144.1667589673809
lrb,9556,157.016167765,0.5399487312070004,154.9137109195485
lrb,9557,124.637074216,0.5271691324033132,128.17736385569853
lrb,9558,234.470049269,0.48192927886767944,237.21986508836935
lrb,9559,191.220407804,0.47933985407145296,153.8655040366977
lrb,9560,218.716993288,0.4447691319608789,123.98387974757775
lrb,9561,187.80200422,0.3481162802920459,180.60258486878638
lrb,9562,169.145254418,0.44485550773668836,160.68146745270374
lrb,9563,144.99718125,0.457179219472364,141.02232501460057
lrb,9564,122.074579522,0.44940141404976935,122.41160981421376
lrb,9565,126.862869491,0.47561813762852734,125.03293439079732
lrb,9566,137.812870412,0.49537709194880264,136.3043129116881
lrb,9567,157.024928737,0.5011627078056335,152.2939220952053
lrb,9568,168.655165739,0.5385595409414402,165.92443928438075
lrb,9569,171.741389589,0.5126947209443131,172.21553832409427
lrb,9570,162.94422713,0.49965726294714935,164.61405196844362
lrb,9571,171.477838364,0.4436071071429981,173.2639829448625
lrb,9572,187.027253786,0.3748471440139569,124.50909678141278
lrb,9573,202.486960599,0.41155526981489293,101.44231280158547
lrb,9574,170.25966099,0.4761866026661868,133.94597625732422
lrb,9575,147.808205557,0.5338775520831083,148.10093329934514
lrb,9576,143.561138055,0.5615136566669194,140.49947716208064
lrb,9577,147.389195086,0.5583890248967714,150.1983247644761
lrb,9578,165.717252774,0.5150989544770074,165.13970722871667
lrb,9579,171.918271862,0.5258600013359411,169.3339749504538
lrb,9580,160.916089851,0.5499983765004333,162.25676951688877
lrb,9581,158.284832469,0.5335442425724798,164.09191912482765
lrb,9582,156.495608418,0.532274677562551,153.86922954484527
lrb,9583,187.781890696,0.5141502656817603,188.99472991344973
lrb,9584,152.519448544,0.5313415838190694,152.29695880366307
lrb,9585,177.320994989,0.5235909532650441,176.41308722402536
lrb,9586,177.533358568,0.4618640226450514,177.98614693435968
lrb,9587,180.194806383,0.4588730197785229,182.44273214901193
lrb,9588,228.28896371,0.4954382093616713,223.0733084884344
lrb,9589,278.399837723,0.48319010883428737,277.0726181329465
lrb,9590,235.987239687,0.49702032254794604,239.3258725633808
lrb,9591,200.215611316,0.5201027913054589,192.4043385225184
lrb,9592,207.388693324,0.46834147686231764,204.72489157284008
lrb,9593,140.402283212,0.5131946289825793,141.81312154134113
lrb,9594,206.371887409,0.5117174321605313,203.15181576597928
lrb,9595,175.272811741,0.48023609177783505,179.03582715801164
lrb,9596,137.265040065,0.5040831717790342,133.68731851016776
lrb,9597,151.778940362,0.4787770882122811,154.92023997587316
lrb,9598,147.424899069,0.500175116234675,141.28958572686886
lrb,9599,152.995450933,0.5043225049084386,158.3284932454427
lrb,9600,159.220621997,0.5057488957338462,155.70741954130284
lrb,9601,179.525433441,0.4900455909806329,184.28029800115849
lrb,9602,202.570112773,0.4505244011972465,200.53293385225186
lrb,9603,153.22254296,0.3074269627315411,144.69850230497474
lrb,9604,204.963805856,0.3680405427774494,208.1353384878121
lrb,9605,202.673860769,0.3333540248059143,196.3394256292605
lrb,9606,408.653637876,0.3723035873514639,214.16465911865234
lrb,9607,181.406187233,0.4212951963802553,138.93170988793466
lrb,9608,167.242770963,0.4526951183443484,132.6404187669941
lrb,9609,189.008655409,0.4395912367942904,158.59176575903797
lrb,9610,188.281758061,0.41781222200006,161.2130548813764
lrb,9611,187.398919996,0.4154229920391643,142.8635270361807
lrb,9612,375.737181949,0.41618751350337135,243.52334633621513
lrb,9613,179.610531316,0.45720148073609085,181.13502104516127
lrb,9614,181.131541231,0.46378390333694447,178.7755620320638
lrb,9615,126.636313661,0.49808527266979236,131.06695092893116
lrb,9616,160.71371595,0.4944378473541953,158.59088882745482
lrb,9617,144.788349902,0.4813242699062021,143.91130703196808
lrb,9618,157.171746967,0.47255553357043656,158.06633911132812
lrb,9619,167.952098145,0.5017892484691242,166.19227309881472
lrb,9620,159.323653375,0.45591709323290025,155.96897633870444
lrb,9621,192.559172313,0.45346177123710313,192.40513829249963
lrb,9622,163.758181581,0.43654486125913156,144.43472011790556
lrb,9623,169.217910594,0.37237611728788217,79.16369257908242
lrb,9624,199.655531808,0.4640217378047796,170.3854922724705
lrb,9625,178.526748178,0.5584635195092877,180.8709686279297
lrb,9626,213.628366885,0.5397445982607612,215.47254420261757
lrb,9627,210.078665912,0.5373725410455313,204.46321270512598
lrb,9628,385.865334104,0.5026444477561688,386.9081294340246
lrb,9629,425.187119394,0.5395745454539717,428.06217534682327
lrb,9630,218.306736426,0.4907420162887433,215.21009012858073
lrb,9631,198.1722879,0.3710555927171409,200.79245671290977
lrb,9632,272.237477546,0.46044043512735955,271.30572422999956
lrb,9633,380.673716603,0.49182425978076405,384.28489340987863
lrb,9634,387.391021085,0.43448889155911546,384.28510885799636
lrb,9635,476.641159808,0.3213847948695128,250.07322423598345
lrb,9636,218.318239784,0.34740867629411554,149.15306788425818
lrb,9637,230.421329527,0.41837287833439535,231.46283575319777
lrb,9638,260.61713401,0.45920223704318414,254.268793592266
lrb,9639,279.388390836,0.4769616418220749,286.5115489884918
lrb,9640,268.557605812,0.5000075770543886,262.3957723580155
lrb,9641,272.376577938,0.491137675933847,273.40572674321197
lrb,9642,270.438344467,0.5101290291594893,265.27983045391005
lrb,9643,228.305312072,0.5165033072474935,226.22230353261907
lrb,9644,244.616993459,0.5167927505498265,245.0964143640855
lrb,9645,168.251573053,0.5388807402536893,164.09685740751377
lrb,9646,178.979384964,0.5164298824364218,178.51456595028145
lrb,9647,203.939897243,0.5137888074837024,204.72848385081568
lrb,9648,210.839792507,0.4852355035259049,212.0687021592084
lrb,9649,148.333700149,0.49228988434263843,144.96183893540328
lrb,9650,187.832914101,0.46851895043948866,183.23417250689337
lrb,9651,164.95392617,0.47801718798196186,168.29261124554802
lrb,9652,200.299660253,0.5025771865327108,199.22509316837085
lrb,9653,197.596564415,0.5065348230446008,190.3125131046071
lrb,9654,155.248514156,0.541816042717484,156.75884363511028
lrb,9655,164.316708194,0.5261780096730447,159.11819027171418
lrb,9656,177.392054845,0.49522802506224595,177.73022392123355
lrb,9657,160.665852412,0.4776912061894525,159.90502887800628
lrb,9658,186.73020853,0.4066245939463749,189.00275657504213
lrb,9659,194.823416629,0.3335781592996568,185.8573325961244
lrb,9660,146.497758234,0.4219225882656044,141.55589294433594
lrb,9661,147.628717425,0.4871831413792686,128.18688399370978
lrb,9662,132.532349915,0.45014013970891636,132.11921979118796
lrb,9663,124.039459281,0.4650050534282701,123.73087618958715
lrb,9664,121.908894356,0.4759510214589223,124.7796267041973
lrb,9665,157.97850556,0.4696009877940705,152.04260508219403
lrb,9666,270.85027825,0.4206898967398608,197.13162835813037
lrb,9667,206.194393219,0.4866016676089515,213.6467072430779
lrb,9668,204.337356075,0.5091298641100603,200.27758394129137
lrb,9669,126.359660213,0.5189646163474777,122.94535707959943
lrb,9670,156.567635687,0.5144272225075649,159.38356227500765
lrb,9671,128.47163059,0.5332861041924992,127.92648210712507
lrb,9672,117.949498039,0.5325712695717811,115.34372337191712
lrb,9673,138.953300986,0.5461028039680762,138.67485285740273
lrb,9674,136.911240006,0.5273393932491595,143.39372178619985
lrb,9675,122.072809326,0.5104417536939893,110.10138971665327
lrb,9676,149.684330108,0.49368106269997786,154.9286718031939
lrb,9677,142.681944312,0.4981635128723756,137.36507667092715
lrb,9678,134.443946159,0.5194028016479536,136.84100602093866
lrb,9679,144.569530773,0.48097172813664246,145.75425648408776
lrb,9680,137.569069979,0.47135618101148047,133.695639666389
lrb,9681,116.00012019,0.4316145047676146,119.53974259320425
lrb,9682,157.865091696,0.4551684465596861,159.12417324290556
lrb,9683,165.347755971,0.5393575251102447,161.2211855720071
lrb,9684,174.881104294,0.551095077115626,175.90140596277573
lrb,9685,209.529385423,0.5734814151788764,211.29110780603747
lrb,9686,205.294918023,0.5593961992758153,199.75633724437037
lrb,9687,232.648957316,0.5218191101716433,226.7573252659218
lrb,9688,207.780004357,0.5371663668594459,203.68838076124
lrb,9689,223.313759545,0.5596467055608682,230.95180080638215
lrb,9690,178.013041032,0.5776849321304188,179.83340337416703
lrb,9691,314.217976411,0.5963891652835751,306.45125741397635
lrb,9692,240.455633378,0.5690601778527099,239.07904268152572
lrb,9693,138.917286172,0.43391146110088535,138.41422011431527
lrb,9694,171.408654484,0.4696107337410483,174.85312464096967
lrb,9695,69.9143968903,0.39025524476399776,68.15871878231273
lrb,9696,146.002959376,0.48060807777989295,146.2792188756606
lrb,9697,98.1627504952,0.42071841523899306,96.73310564826517
lrb,9698,219.199164015,0.5057237420209061,221.51605852912456
lrb,9699,271.148868665,0.5085926402698865,273.9460462682387
lrb,9700,223.783609771,0.4734345185265992,216.53574182846967
lrb,9701,228.458207676,0.4746945674220721,229.64346549838197
lrb,9702,255.801431376,0.5556665727772664,254.2859643674364
lrb,9703,179.143321614,0.5874047761957453,173.54382054946
lrb,9704,150.77916791,0.5127427607668678,147.32899890974457
lrb,9705,258.394051526,0.5850160199303339,264.51096966313384
lrb,9706,314.552242684,0.5437623372363073,309.07652246811807
lrb,9707,239.947881962,0.5113599362969399,235.93669218175555
lrb,9708,149.26058936,0.4552604687671594,150.2132875330308
lrb,9709,205.933380679,0.5157078843891928,202.3818006029316
lrb,9710,219.020324085,0.4952824974212182,225.97573819627945
lrb,9711,142.671437359,0.46856896612751353,139.98974887623507
lrb,9712,93.0014821709,0.402199494326994,216.80094457888134
lrb,9713,346.459832923,0.46291419385529275,351.2855073517444
lrb,9714,287.131389621,0.5069066341072872,284.173903910319
lrb,9715,270.2190633,0.4938395724063966,268.7067702050303
lrb,9716,156.54097785,0.5354480312706849,155.45648405785656
lrb,9717,164.034444715,0.5336674325466155,163.84525732900585
lrb,9718,158.967487643,0.5223177233279146,158.3399949316885
lrb,9719,152.086017773,0.5015128940603008,150.73753955317474
lrb,9720,151.955937253,0.4732399622739201,148.90248739205157
lrb,9721,149.292504647,0.4411174674352555,153.09703267415367
lrb,9722,152.107960717,0.4080519084315682,150.4756478103937
lrb,9723,152.603712273,0.36882668954164766,152.31089205274392
lrb,9724,318.971281686,0.410839189587819,324.2832584455902
lrb,9725,253.70493958,0.42033851504325864,255.59879168342138
lrb,9726,151.383083672,0.39128081392013797,147.59167468501073
lrb,9727,190.42590047,0.4769059626244697,187.17666320800782
lrb,9728,247.125400717,0.5054242036831162,245.636696879069
lrb,9729,209.424897433,0.5173534132885247,209.45966781915402
lrb,9730,174.793379465,0.4784491401719098,171.1854839250153
lrb,9731,194.30278923,0.42214982649740485,193.4687183155733
lrb,9732,208.135663875,0.45577788056425794,210.77117524988512
lrb,9733,215.019073012,0.4912909131251221,214.44159103094358
lrb,9734,188.073137318,0.44820977332366213,188.22652566947193
lrb,9735,161.869584932,0.41010852330448083,101.97795802097694
lrb,9736,182.283068609,0.4433897087247309,89.91906899844898
lrb,9737,319.381466012,0.41033840108311737,214.1808178770776
lrb,9738,271.322887615,0.46030138004785304,228.0753286025103
lrb,9739,212.732825719,0.45397533379449434,213.65707921046837
lrb,9740,214.806021038,0.4659890214745606,217.8518700094784
lrb,9741,155.126810055,0.4415105420122925,157.55618444704544
lrb,9742,145.971617053,0.46827725066414355,144.97277873918125
lrb,9743,221.20444474,0.5005957817627211,216.54179810168696
lrb,9744,268.228564991,0.5103793744979701,265.5653970456591
lrb,9745,193.623227681,0.5001777590878892,190.5882356232288
lrb,9746,174.073879287,0.5124900241842472,174.0722769045362
lrb,9747,155.666597623,0.5191820013184214,156.76996430041743
lrb,9748,155.261790931,0.5338593780791334,153.8863494274663
lrb,9749,137.78696072,0.4807786980181708,139.4678478166169
lrb,9750,200.139843226,0.49149027085109376,192.42393415862443
lrb,9751,164.55951475,0.5046801211040474,166.99478299010033
lrb,9752,175.912104796,0.5382294698726912,170.92736948050705
lrb,9753,209.618299487,0.545490968648302,207.89198204489315
lrb,9754,242.433314472,0.5492757966508082,242.23513587502873
lrb,9755,216.871882005,0.5565483713737474,218.11671052820543
lrb,9756,251.973036508,0.5454679309259671,250.10047840791592
lrb,9757,283.003874329,0.562274575012497,282.8707550946404
lrb,9758,315.650368677,0.5526228249073027,315.6409770292394
lrb,9759,381.883550033,0.5357646180658102,387.735489579743
lrb,9760,456.915376142,0.5421211507297712,440.69257022633275
lrb,9761,486.860804115,0.5473030874959424,483.1632361019359
lrb,9762,338.257757676,0.5521894195365169,339.4990938972024
lrb,9763,389.412807955,0.5762501233747357,386.1644959692861
lrb,9764,169.778251664,0.4616067312013955,169.88106369317748
lrb,9765,127.150367343,0.43141610907583405,121.64340808344824
lrb,9766,196.03989142,0.4551496605342936,196.8842628329408
lrb,9767,324.535316226,0.5070923588156989,325.8685395483878
lrb,9768,361.315579455,0.5386520858291243,364.40642936556947
lrb,9769,343.01404975,0.5261808217084838,335.0444246179917
lrb,9770,182.268445439,0.44511833975321785,186.66045364679076
lrb,9771,185.967699947,0.46168064864268943,175.64958938897823
lrb,9772,356.097075217,0.5076919135226998,365.71794083539174
lrb,9773,492.159287683,0.4938207433746674,485.26339739631203
lrb,9774,224.255435935,0.46488901184934167,219.16883640663298
lrb,9775,251.146652109,0.4646740215604642,254.03651069192324
lrb,9776,378.940580217,0.45038652937749746,285.2341803756414
lrb,9777,284.281888467,0.44855258285455796,172.50384416767193
lrb,9778,326.841662233,0.35836110653737596,250.62998914531633
lrb,9779,355.464582155,0.49936903206817007,302.80058378331796
lrb,9780,347.817319718,0.48231894974238604,327.18090595918545
lrb,9781,210.848097214,0.5031143657585775,204.22609052471086
lrb,9782,260.699518755,0.4858057772935327,263.4754463644589
lrb,9783,198.230515983,0.42796855545511425,200.55600065343523
lrb,9784,180.454728289,0.4371258833109882,173.81544988295607
lrb,9785,187.021549645,0.43298379886702104,186.9239995919022
lrb,9786,188.453339003,0.4422495439437564,185.0891782872817
lrb,9787,162.50079396,0.43298609455426534,161.23233391256895
lrb,9788,244.281370474,0.4870256973644589,244.07742656632965
lrb,9789,315.959444255,0.525671308663369,310.1435912786746
lrb,9790,260.965004276,0.49887717013930166,269.24568406647325
lrb,9791,163.373603318,0.40487970981006915,154.41663088331035
lrb,9792,154.596631567,0.4382156298821231,152.31953926834404
lrb,9793,187.864190049,0.4975056177828201,180.37174428304036
lrb,9794,278.799156338,0.4822044912812001,282.879819653081
lrb,9795,149.042603079,0.4643424057646802,149.43637354233684
lrb,9796,204.544413371,0.494706305322118,198.46229559206495
lrb,9797,287.138626964,0.5614024651315233,283.40581503475414
lrb,9798,354.65162922,0.567426635326058,354.19197836483227
lrb,9799,248.626919454,0.5558662179200567,239.36162988999305
lrb,9800,222.318527168,0.5034765272317006,223.107330232508
lrb,9801,222.814591652,0.483286388653538,219.96167270436007
lrb,9802,183.93559639,0.45706429048936426,170.14942941104664
lrb,9803,207.370092944,0.45652292831605235,218.38934792911303
lrb,9804,94.550272799,0.3810080426931381,91.76037373262292
lrb,9805,109.161671917,0.38820288262898295,112.99642486572267
lrb,9806,171.171202919,0.41426942406403233,167.26613266888788
lrb,9807,305.284023237,0.45593868046483377,303.0712575575885
lrb,9808,221.353272606,0.45016030499220766,217.86555890849993
lrb,9809,202.621991562,0.507739881145335,196.8916862637389
lrb,9810,212.508631087,0.46674820311953513,210.00040899538527
lrb,9811,166.46738588,0.42565841911215146,171.1988484700521
lrb,9812,205.463813757,0.41136387206171215,202.92166236428653
lrb,9813,220.774370628,0.5039780708427113,221.27351119097543
lrb,9814,171.703481697,0.5512965989621331,165.9548449348001
lrb,9815,152.377586945,0.5476083348194758,149.43778857062844
lrb,9816,157.175422508,0.5485313066991709,154.6810495713178
lrb,9817,149.61563128,0.4855233727286241,146.5536823048311
lrb,9818,239.292470196,0.4913653185669805,241.98401614918427
lrb,9819,298.918643258,0.550661454192459,301.7595613367417
lrb,9820,328.748760725,0.5708184978075785,325.8800598144531
lrb,9821,281.493510751,0.551295204282592,278.6895564658969
lrb,9822,219.507931736,0.5232107658867122,215.76841625138826
lrb,9823,302.258848605,0.5335822786965071,308.8403338563209
lrb,9824,206.684890417,0.5114361044010125,209.21478747199563
lrb,9825,113.682736118,0.46682759507743715,109.85104420979816
lrb,9826,121.488129051,0.4893366764915739,120.86255624808518
lrb,9827,119.566185123,0.5066031113942807,121.38709495394839
lrb,9828,125.694797274,0.5105032839725927,127.15514837526808
lrb,9829,117.809270418,0.49530235761118907,115.09523076076132
lrb,9830,135.898036252,0.5003916828503728,136.06950504078586
lrb,9831,129.634024499,0.5217146387003888,129.77745684455422
lrb,9832,134.778976351,0.5502585978376063,132.66158118154488
lrb,9833,140.512937235,0.5501645766127945,138.16748708089193
lrb,9834,146.303247103,0.5081015479390639,143.6734109616747
lrb,9835,144.8766745,0.5360398030134412,149.17940165201824
lrb,9836,143.700302582,0.5280183084309102,136.3329096775429
lrb,9837,185.696155995,0.5157868146154397,189.5555374145508
lrb,9838,211.188622274,0.5292439007374548,203.18920554366767
lrb,9839,147.977142821,0.517579724052436,146.03424784342448
lrb,9840,163.788887582,0.48756904446147087,164.38707068948187
lrb,9841,137.029509058,0.4768343581645577,141.57761685240501
lrb,9842,142.305230485,0.503113277526129,137.6451146742877
lrb,9843,154.365909941,0.5440912687066776,158.0953535192153
lrb,9844,201.009184563,0.5277350324289141,196.8983881333295
lrb,9845,124.412442547,0.48285442377839777,124.79845697739545
lrb,9846,121.785418166,0.47156415283041814,122.43893208223233
lrb,9847,121.173372218,0.5028645783983251,121.91468227610869
lrb,9848,127.539590009,0.5460553989123506,126.37192355885225
lrb,9849,131.249851179,0.5327801527345882,133.71318502987134
lrb,9850,119.366408127,0.5154777383514211,118.50670130112591
lrb,9851,176.169164972,0.5136095522041608,174.3517833036535
lrb,9852,186.869460832,0.47782514494093914,183.00384880514704
lrb,9853,202.299529439,0.4164301037396256,199.25948782528147
lrb,9854,136.463988939,0.40957839687306025,144.98769199146943
lrb,9855,181.378374214,0.4988821024806411,176.97440388997398
lrb,9856,260.598421985,0.5203392258635512,261.92245384665097
lrb,9857,180.564078923,0.562042341432161,176.7123389150582
lrb,9858,151.336707669,0.5842955224410348,150.75627722646675
lrb,9859,165.274929742,0.579315933585167,162.55468256333296
lrb,9860,170.689113987,0.5825945808224597,170.68258903353825
lrb,9861,192.244443398,0.5715772871794274,183.79214061662265
lrb,9862,214.989751791,0.5824045541820503,214.2059929642023
lrb,9863,152.257406922,0.5396287281974023,156.0009324316885
lrb,9864,117.65525414,0.5227503287317479,118.50840002321729
lrb,9865,156.43873683,0.5668051647031984,152.33051467596314
lrb,9866,186.773611985,0.5515870857206019,190.8719763063917
lrb,9867,226.515003204,0.48354764325278154,229.41338901893766
lrb,9868,291.473899898,0.46460425845710684,292.3384768916111
lrb,9869,481.696484915,0.4613456243043107,481.90058967739924
lrb,9870,134.854753326,0.5239774499943859,138.1731123681162
lrb,9871,179.349479115,0.5377983982699358,178.81246230181526
lrb,9872,374.848909783,0.48918189364858616,376.2407839905982
lrb,9873,140.55594442,0.49233076498737194,142.10661597158395
lrb,9874,153.971830292,0.5116914388342823,152.59446698357078
lrb,9875,161.602330502,0.5669676052050644,163.34453944785923
lrb,9876,174.515851735,0.6076426373085232,172.7836877561083
lrb,9877,180.649194363,0.6170893342612863,190.8751651838714
lrb,9878,231.697286766,0.5835624556029536,221.02754723044004
lrb,9879,227.614478087,0.5379000959294221,232.56435092103249
lrb,9880,290.023555494,0.4306871370897547,275.8266439699659
lrb,9881,169.868598509,0.4967743374096851,151.02318537095013
lrb,9882,174.026030892,0.5137315167638357,175.14520155962776
lrb,9883,152.955197442,0.5512326955795288,153.64555726892806
lrb,9884,140.218539528,0.5697974081438287,139.48722857306984
lrb,9885,120.170463443,0.5325132308399226,117.72528785256777
lrb,9886,121.507886826,0.4910681107889713,119.03641545912801
lrb,9887,125.005616178,0.4718967309556746,125.32926160027
lrb,9888,142.346401067,0.4451710772274179,143.15863988539752
lrb,9889,155.559467081,0.46754972947033674,152.33542238123277
lrb,9890,134.234932127,0.4849911586412478,133.9816343419692
lrb,9891,122.474900706,0.512868023222419,123.49367262896371
lrb,9892,128.559192089,0.5194107193099567,126.90201514748965
lrb,9893,122.365990196,0.5296751875826654,123.23109974580652
lrb,9894,126.993196964,0.5328734459857104,125.59062544878792
lrb,9895,161.067874198,0.5312148157755534,157.31572786218982
lrb,9896,193.778015124,0.5604452630530204,193.49796758913524
lrb,9897,187.439405755,0.5824424541822755,185.36972820805568
lrb,9898,108.514286385,0.533099914814684,110.38271427528531
lrb,9899,115.363794866,0.5337484857131696,114.05322714412915
lrb,9900,273.183934987,0.5567898103035986,369.16521711162494
lrb,9901,134.293626586,0.51890365037624,59.51734218223423
lrb,9902,134.476479224,0.41185824181884545,83.90090433756511
lrb,9903,116.259550982,0.4833273472714013,121.65643439199411
lrb,9904,123.836875021,0.4962408272651405,119.82116337196499
lrb,9905,125.287690913,0.4996042441748175,125.3272632075291
lrb,9906,153.392619521,0.4935435606327848,151.54644823261333
lrb,9907,329.814997712,0.4312410498995229,329.04969308890554
lrb,9908,90.2341420608,0.5098530959523668,89.40742378982841
lrb,9909,105.222592328,0.5613625835419855,108.28542549282898
lrb,9910,105.425120853,0.576816241199873,102.77956991756662
lrb,9911,116.696877522,0.549852280008713,117.20038173899931
lrb,9912,112.014646071,0.5388861535609454,114.0542324290556
lrb,9913,109.19872247,0.5353358811651818,103.82884449678309
lrb,9914,151.056649011,0.5414411332042917,152.85935911290784
lrb,9915,152.506959672,0.5407598687742785,147.6157314524931
lrb,9916,165.372709864,0.5518174218603328,165.70746406106386
lrb,9917,143.291122982,0.5387829376833282,143.6832722383387
lrb,9918,86.9089210195,0.5078291158239405,87.31131890988819
lrb,9919,355.766533075,0.5099614440829627,359.47159711052393
lrb,9920,253.837508894,0.5955317916306847,257.4767863853305
lrb,9921,284.188865224,0.5850330310839195,283.1722151513193
lrb,9922,174.232261266,0.5624153746599148,173.31189192229627
lrb,9923,130.405269157,0.5629848065064241,128.21418780158547
lrb,9924,111.046693823,0.5476300023913092,107.76301915785845
lrb,9925,151.384401459,0.5170447160555445,148.92819952871287
lrb,9926,165.803884206,0.5274245548211779,171.21524367986942
lrb,9927,253.270155384,0.5387384808520105,253.2836835973403
lrb,9928,212.221231987,0.49066139507178397,216.8384253707586
lrb,9929,179.315472687,0.4883102692421911,177.77110730339498
lrb,9930,143.413869382,0.5124721452320888,143.1610128066119
lrb,9931,148.971506745,0.53735092598459,150.76490789675245
lrb,9932,198.52032077,0.5486530900401558,195.33888738295613
lrb,9933,104.153455052,0.4763957104086876,104.88006621716069
lrb,9934,160.039425427,0.5468409899711609,163.87491547827628
lrb,9935,125.474790024,0.5292047235154614,127.16690257951326
lrb,9936,120.298304132,0.5210622760912645,120.61188133090148
lrb,9937,177.014247939,0.5367257039313154,176.46019900452856
lrb,9938,235.233808389,0.5150439949397869,231.25957273595475
lrb,9939,151.79276038,0.5017717988132596,149.9776497036803
lrb,9940,196.133591495,0.5465217100516444,195.07594003116387
lrb,9941,168.446666024,0.5237374408018359,176.45970309388403
lrb,9942,133.025613042,0.4736761082830297,131.8858387367398
lrb,9943,156.064109407,0.42973255258233295,157.58135998295808
lrb,9944,132.145384118,0.41033999684079747,131.88597786099302
lrb,9945,123.112269969,0.42451662402203744,123.23358842438341
lrb,9946,149.379374393,0.41438462954431404,147.6183333153818
lrb,9947,155.935130688,0.42573050379169697,160.72859042298558
lrb,9948,144.46343034,0.42406837972434797,145.52124271766812
lrb,9949,138.437928441,0.42807372833338825,138.17981974283856
lrb,9950,121.200320548,0.44091931037735516,119.5637108297909
lrb,9951,126.338529786,0.45335644710924194,127.16773567947686
lrb,9952,118.882835332,0.4711791769231766,118.25305100983265
lrb,9953,130.969348854,0.5047183679811882,129.79013420553767
lrb,9954,144.039891922,0.5212815410464349,143.68705914067286
lrb,9955,139.929804964,0.49938807149130604,139.49199915867226
lrb,9956,123.834648848,0.48151146764514835,124.80882337981578
lrb,9957,132.810545389,0.4947384868232705,133.98613050872206
lrb,9958,123.31562317,0.5285485432061375,122.71151550891352
lrb,9959,116.541868065,0.503688852529268,116.41873779296874
lrb,9960,133.688256727,0.4855955900142553,135.82202292049632
lrb,9961,150.309835967,0.4833105057735312,151.81659411262063
lrb,9962,157.408603931,0.5105336478707806,158.37192831600413
lrb,9963,182.854132659,0.5202429774783839,176.72652911017923
lrb,9964,168.454722846,0.5446232772407797,169.64718394559972
lrb,9965,181.335233428,0.5355107125976738,183.2821981093463
lrb,9966,192.271275102,0.5187160350849854,196.3928440767176
lrb,9967,162.723757159,0.4748685486626979,159.15976795869716
lrb,9968,143.046757513,0.43959456806381547,144.7385580623851
lrb,9969,121.702400794,0.4217038490531738,119.56680238013173
lrb,9970,126.068668931,0.43017460017645054,124.81112266989315
lrb,9971,134.961094053,0.45738969897994625,136.34843519622206
lrb,9972,138.134072897,0.48320526199208363,141.59273573931526
lrb,9973,156.164816863,0.4892157026919826,152.0812641218597
lrb,9974,178.802707276,0.48702037271479476,186.168706258138
lrb,9975,202.078340859,0.4854215787542774,199.80391899557677
lrb,9976,174.698731528,0.5157168663181034,177.77850180233227
lrb,9977,270.943718885,0.537321507098128,272.17450417911306
lrb,9978,177.809741207,0.5159945284297481,177.25460746615542
lrb,9979,109.86851422,0.40793371712318577,103.83579044716032
lrb,9980,184.028271665,0.47072179000929926,185.6458110734528
lrb,9981,256.128081946,0.44515604739685544,249.3628327612783
lrb,9982,155.736679794,0.4124042207310085,157.58919537114164
lrb,9983,139.354857774,0.4202631661825091,140.28345235188803
lrb,9984,309.472433835,0.4191280010898234,309.4109188902612
lrb,9985,229.175458391,0.4600077489793519,214.75233001708986
lrb,9986,197.95538342,0.46606966707202574,203.4774366790173
lrb,9987,192.995326499,0.48329846348664546,191.415834015491
lrb,9988,208.651029288,0.4613141205841326,202.6912156348135
lrb,9989,177.888729587,0.4205636550588929,178.5677069271312
lrb,9990,151.580788986,0.4291043198276278,149.19995497161267
lrb,9991,184.666213855,0.42820529546198977,125.33857813816442
lrb,9992,194.968344123,0.3612684246163193,92.561953495998
lrb,9993,173.332442327,0.36330198011053044,133.99215859805835
lrb,9994,185.040748979,0.39883462248994606,176.7335844152114
lrb,9995,179.226551959,0.4365437694472066,179.09382844812725
lrb,9996,170.425452166,0.41320173340869765,169.39195592543655
lrb,9997,163.77624208,0.38556623811860685,135.04168117747588
lrb,9998,220.529579523,0.36681900302569065,196.66305272719438
lrb,9999,210.167121573,0.32238841863329876,203.48101923325478
lrb,10000,195.532406103,0.3165791132299084,194.56588080911075
lrb,10001,164.195414713,0.3820725139937824,165.72206124698414
lrb,10002,236.085334794,0.3822972448330361,241.50352687461705
lrb,10003,284.622712905,0.4342792159385274,282.67259324017687
lrb,10004,246.627711493,0.34239382435512644,235.21014697504975
lrb,10005,173.500258885,0.34280426168693495,173.85106425565834
lrb,10006,202.0392888,0.34954749206621477,194.30452554740157
lrb,10007,296.08799947,0.37320142940606243,267.7264636170631
lrb,10008,208.711826807,0.30847709572393134,120.35907700482537
lrb,10009,377.441110086,0.39930103725407284,316.50013224283856
lrb,10010,290.397279455,0.39180461037904024,209.7767375871247
lrb,10011,177.750968993,0.35174520455385794,68.96419225954543
lrb,10012,150.650048321,0.3547202854474903,80.50204766965379
lrb,10013,309.723618863,0.4752495254522987,293.687941457711
lrb,10014,378.87785258,0.4348078473907097,378.64754650639543
lrb,10015,454.071737695,0.48566359019244626,448.3980632108801
lrb,10016,306.018691689,0.3680142088298951,260.3864113302792
lrb,10017,215.457848558,0.482853010406389,213.97255931181067
lrb,10018,343.42225627,0.5039010529013852,337.21595150816677
lrb,10019,244.469527303,0.44301063490098147,237.5719586540671
lrb,10020,271.010027371,0.44421218842994886,268.7758741191789
lrb,10021,184.453649722,0.46275161303204604,182.2429416132908
lrb,10022,222.553656254,0.4639613311312513,229.70442908791938
lrb,10023,204.423195786,0.3993419623063281,200.59759090647978
lrb,10024,219.362777695,0.4818179266106698,130.0609495275161
lrb,10025,143.198470799,0.4517076249743245,101.74103576061773
lrb,10026,145.327859967,0.4173153221501151,147.3671740363626
lrb,10027,214.614308314,0.40929046976640365,211.08676497515506
lrb,10028,137.981211546,0.3942998245740548,204.5315435072955
lrb,10029,163.822656786,0.41370760957209873,164.4121075798483
lrb,10030,179.179591435,0.45760409886108705,181.98106279560162
lrb,10031,199.472841521,0.4426320833934319,194.0433131199257
lrb,10032,177.19417669,0.4379373967647553,179.6214391670975
lrb,10033,164.034297109,0.39033788386380897,166.77285407571233
lrb,10034,189.372776672,0.3854655521458754,187.75090939390896
lrb,10035,458.817119795,0.41872494047887027,455.74306233723956
lrb,10036,211.92460566,0.47592609171843653,210.8270205329446
lrb,10037,204.039130073,0.4664005677598392,202.9604227402631
lrb,10038,182.57970785,0.44610620768084,181.45845265107994
lrb,10039,178.93524198,0.4415491705765822,178.83650437897327
lrb,10040,239.172060062,0.5104863341710238,239.67276731004904
lrb,10041,479.961143976,0.41018137222541595,476.2003275852577
lrb,10042,503.983455741,0.3555628637226046,485.6419278911516
lrb,10043,167.548838721,0.40177911101562924,168.0862112905465
lrb,10044,215.018394198,0.4646846435982324,214.49987966500075
lrb,10045,237.448245039,0.4201513974835725,229.18436114741309
lrb,10046,529.969374312,0.33833102687481653,532.5789276123046
lrb,10047,403.207971462,0.3633605268242295,215.54939261043776
lrb,10048,332.861570887,0.4270383603459027,260.91511386048563
lrb,10049,342.620299026,0.46643862675247827,339.3212760177313
lrb,10050,282.320251098,0.46646167066710065,279.5339083802466
lrb,10051,280.93034745,0.3760071164506531,239.67569152233645
lrb,10052,204.841154776,0.3833782584930428,123.50924494126264
lrb,10053,157.104440738,0.34667365416444307,124.29605021757237
lrb,10054,277.986055399,0.4313014760960877,202.43994706097772
lrb,10055,444.450092683,0.3227431669111262,249.64135410084444
lrb,10056,580.141430841,0.36432438547067836,332.5050522748162
lrb,10057,826.657988995,0.2723771715511475,387.04832868389053
lrb,10058,353.48350446,0.45211973198057637,221.84416548785038
lrb,10059,292.080527827,0.46458439208143587,281.3691867903167
lrb,10060,767.867849641,0.42596437041084845,763.6010165345433
lrb,10061,565.041735537,0.4615896590964287,463.6150093228209
lrb,10062,514.657055356,0.4613200303714878,447.6200622259401
lrb,10063,518.417900917,0.33801462431505364,363.97118955126
lrb,10064,503.147777509,0.43327857596533637,73.42340871773514
lrb,10065,197.522674231,0.39337327553931456,197.45673603731043
lrb,10066,169.661025564,0.4315899170782141,165.98951819924747
lrb,10067,170.109323937,0.48150982377883456,169.39841045304843
lrb,10068,219.685420663,0.4831514182035449,214.76340152516084
lrb,10069,150.37801614,0.45356504318062435,154.45129212024165
lrb,10070,155.196255928,0.5145042167893855,153.664764733408
lrb,10071,131.392494553,0.518911035915818,129.8023066801183
lrb,10072,119.221458655,0.47692281581640744,119.83786546295761
lrb,10073,132.444669972,0.4369876867937809,135.04727890912224
lrb,10074,119.968018593,0.4417293494508278,115.90484915340647
lrb,10075,114.954960077,0.46922637636343284,119.83849182128905
lrb,10076,169.725996281,0.48511780174945596,162.31983104032628
lrb,10077,229.419105616,0.49023362641953383,226.3040984209846
lrb,10078,252.609690271,0.4815469141482823,258.55875163358803
lrb,10079,402.314692407,0.47836549873145606,502.6958755493164
lrb,10080,246.908346344,0.444936056858383,248.33257808311308
lrb,10081,242.466960486,0.39426474757862195,237.8437723795573
lrb,10082,92.5933999141,0.33461643682525066,85.74977084889132
lrb,10083,187.580442184,0.42639982765757667,191.16700107350067
lrb,10084,242.076520001,0.46707886005695926,240.46665763107
lrb,10085,211.718905147,0.4568635614771099,206.37672023399202
lrb,10086,540.780026634,0.4861127437908124,536.7883805518057
lrb,10087,359.922315265,0.48102989872296664,354.0137149586397
lrb,10088,341.558478874,0.48444916504648644,345.62268706677
lrb,10089,229.87267009,0.48442912877992134,225.52083647484875
lrb,10090,250.969773555,0.4834816308692098,251.74457146139707
lrb,10091,169.638984805,0.5101913652612083,172.55020826751112
lrb,10092,158.273484205,0.5060841748825938,145.80253415575214
lrb,10093,227.074312321,0.4859698162525556,232.34041197533702
lrb,10094,330.431927717,0.4734953617876716,325.43447977701817
lrb,10095,544.09759946,0.47829334257354195,558.5631507424748
lrb,10096,327.728998892,0.5373050835025445,326.7469132068111
lrb,10097,146.116088151,0.39103363149851617,145.01669945810355
lrb,10098,87.9143305656,0.38019858681141055,73.95074157714845
lrb,10099,118.044302582,0.4271237081456409,112.2374610751283
lrb,10100,175.800032213,0.43448509927554235,171.5032018324908
lrb,10101,173.431701597,0.42884727750505724,137.6747122371898
lrb,10102,507.115057552,0.5057484694854752,512.411939164704
lrb,10103,432.954326039,0.5209995007074123,421.9411346136356
lrb,10104,349.187858693,0.5069362182338356,354.2843484018363
lrb,10105,516.737923573,0.55153906001553,513.7262614231483
lrb,10106,462.893757014,0.545547117362071,463.1150360107422
lrb,10107,381.711401891,0.5355738549382536,375.00319671630865
lrb,10108,435.079882869,0.47299803767801807,426.9275081858915
lrb,10109,396.230996149,0.39209899232233675,353.5007970473345
lrb,10110,243.638361122,0.39013589571685986,186.97813056497012
lrb,10111,243.450799538,0.454621567934299,241.78652729707605
lrb,10112,289.444435697,0.4855919355036747,293.1854351268095
lrb,10113,347.201409274,0.4070657889202514,337.7666513779584
lrb,10114,526.217758951,0.4141604224170796,606.5630690630745
lrb,10115,447.019420587,0.466046435926406,445.02165482464966
lrb,10116,288.787647804,0.4436289352820058,292.39773215499577
lrb,10117,188.425744757,0.4444101672357237,186.19027081657856
lrb,10118,285.833996211,0.4112962691741251,278.4987924613205
lrb,10119,197.161662784,0.41635338396064986,202.97368253820082
lrb,10120,161.495025194,0.4053380619126198,168.6203088199391
lrb,10121,210.424269048,0.46242246276970156,207.1694201301126
lrb,10122,188.30195787,0.4871375819782105,184.35423951990467
lrb,10123,270.212135127,0.40477560658473516,268.53230572868796
lrb,10124,139.705223854,0.4510046483865425,140.55993583529602
lrb,10125,244.975248694,0.47827219317835884,244.66829448026766
lrb,10126,307.109778236,0.5123291003250332,303.14721227907665
lrb,10127,280.638169483,0.4846068996437974,278.49685094496783
lrb,10128,245.180272498,0.4372832179696937,249.12624119777306
lrb,10129,237.482435074,0.3665203140938984,124.82547502704695
lrb,10130,159.68383929,0.41196564700540533,158.91678921568626
lrb,10131,131.004836426,0.444860321754858,129.28396394019032
lrb,10132,105.912399056,0.47304180383384964,105.15811157226562
lrb,10133,128.400502069,0.5287927323799642,127.97316831700942
lrb,10134,176.701443943,0.5317771703137686,176.48788676542392
lrb,10135,180.552135151,0.5384202423517443,183.8308240105124
lrb,10136,213.818120944,0.5401577199635065,210.31730517219097
lrb,10137,142.82613849,0.5709099914969468,139.77475469252641
lrb,10138,389.307324223,0.5882174441242939,381.82417791029985
lrb,10139,325.681479287,0.550195291851926,329.3755861170152
lrb,10140,219.336644813,0.4650644138814455,217.660499123966
lrb,10141,299.436253794,0.4708660365121059,290.0397141400506
lrb,10142,422.116506334,0.34958646909811014,421.68544903923487
lrb,10143,885.99736824,0.36466479186828316,790.9255998798445
lrb,10144,137.18901131,0.3876770675182342,79.98413169711245
lrb,10145,236.837462693,0.4375496824891135,236.2809677124023
lrb,10146,279.218517193,0.5070720345401584,277.45329236797255
lrb,10147,265.101885753,0.510245399418275,264.0790739171645
lrb,10148,175.359754833,0.42874637957426004,173.6053444955863
lrb,10149,143.510589556,0.3660707768497117,142.92303795908012
lrb,10150,133.3334517,0.39134178903292527,138.46501258401312
lrb,10151,153.904852227,0.3747548364192916,151.8395617316751
lrb,10152,137.149286841,0.3791231953324878,133.48254750569663
lrb,10153,546.550572038,0.42045088755099524,460.2399628583123
lrb,10154,365.059600241,0.44863453930916253,297.1241820989871
lrb,10155,227.63447359,0.547345660787982,194.06210656259574
lrb,10156,174.751820343,0.5231758334266052,175.44286867029527
lrb,10157,58.3224459119,0.39455035622690765,55.85855153401693
lrb,10158,120.446198827,0.5009274630785497,122.99380379471124
lrb,10159,270.011663946,0.47526745501297796,250.70825961243875
lrb,10160,504.087598116,0.4362947439677885,392.84599387972963
lrb,10161,341.91992328,0.39913914909307996,342.23367533964284
lrb,10162,343.232087694,0.42700839081308867,343.80794336655555
lrb,10163,164.480224286,0.3917730169650776,160.495947265625
lrb,10164,159.14484255,0.3901092095131225,161.54497040393304
lrb,10165,148.759864744,0.39108229727335864,149.74378479602294
lrb,10166,135.139256008,0.39073493711802426,128.50164181578393
lrb,10167,115.88612432,0.3219211484248133,97.81863750382966
lrb,10168,141.570680336,0.3043575617548538,95.72076670328775
lrb,10169,169.52446157,0.4100576483421196,115.91393860461666
lrb,10170,192.427983145,0.44394966849422707,190.91714929318897
lrb,10171,284.116463752,0.46038574477948174,285.85151687322883
lrb,10172,161.853405824,0.4568823947999123,155.25143564261643
lrb,10173,156.752085873,0.44893132079694725,155.2515806011125
lrb,10174,181.692298742,0.4417601474064003,184.3614756565468
lrb,10175,237.107356801,0.46355609379549534,233.14026890175012
lrb,10176,109.159886785,0.4170727147395352,108.83384181003944
lrb,10177,172.505827332,0.39718206085656815,174.39666990392348
lrb,10178,198.718921221,0.3958482296274813,195.37695791207108
lrb,10179,164.895287624,0.37981668003251623,168.3653772690717
lrb,10180,122.05016244,0.37125679238566334,117.48876665900735
lrb,10181,127.220765241,0.34595850122817323,122.47164979822496
lrb,10182,103.55765696,0.3907904252409936,105.94985189998852
lrb,10183,123.201889859,0.41799118582691464,124.83203807157628
lrb,10184,136.614158297,0.35576713049974973,133.22414200726678
lrb,10185,132.070014412,0.33428513089088885,129.0281822653378
lrb,10186,154.247988413,0.4334381868948742,154.20455241483802
lrb,10187,174.551917139,0.46906223389953167,180.16779704374426
lrb,10188,156.747172045,0.40142592741971134,153.68043392405792
lrb,10189,106.981366688,0.33838073105823396,110.40877586813532
lrb,10190,195.915771558,0.42772962000426346,199.83706682990578
lrb,10191,174.13021,0.3360669449246003,170.98934281293083
lrb,10192,249.321877658,0.3946837011186835,245.20726102941177
lrb,10193,379.696449387,0.4833727856225606,372.92548193838076
lrb,10194,300.29046812,0.510617922157774,312.8699480542949
lrb,10195,265.460009391,0.4756565797353478,254.91205516142
lrb,10196,177.157089242,0.41516149655814744,178.85835035735485
lrb,10197,155.248099858,0.41087865818955494,148.6991443409639
lrb,10198,180.511537787,0.38718220164565376,181.21909030091527
lrb,10199,181.536151234,0.3455550518887623,186.46444773954502
lrb,10200,256.383458151,0.43308371090397396,254.3887044869217
lrb,10201,224.397880059,0.5058548553164819,225.2776983223709
lrb,10202,284.499871107,0.512752385914162,286.12107128068516
lrb,10203,320.255479782,0.5037476533802064,321.52602338603896
lrb,10204,320.987996891,0.5031446289203829,319.4282831528608
lrb,10205,289.3003652,0.49283745619985797,295.0388515696806
lrb,10206,262.299781544,0.460650554830485,264.87986052270026
lrb,10207,399.540949531,0.39346326978576845,395.2225960525812
lrb,10208,240.222743646,0.4016660553800242,233.14753546621287
lrb,10209,239.569018055,0.37206240785478356,236.8195249669692
lrb,10210,231.937065146,0.37815908456965436,232.3613263298483
lrb,10211,223.027920168,0.3741741850445011,222.39575404746859
lrb,10212,206.073528882,0.38892216810911856,207.44726951449522
lrb,10213,201.08210521,0.4076546133169464,193.810058743346
lrb,10214,153.914699951,0.35903570186850187,155.25806845870673
lrb,10215,172.11898177,0.39179155271161686,173.09181482651655
lrb,10216,156.731768734,0.3554252151103592,154.99597033332375
lrb,10217,194.812229042,0.357339217947118,188.04096221923828
lrb,10218,402.813732967,0.39439978431015554,360.34673219568595
lrb,10219,255.944654326,0.4597093004470869,249.409958783318
lrb,10220,217.512950512,0.4325247453664666,210.85744925106272
lrb,10221,251.05522117,0.4525075870183493,252.8190668143478
lrb,10222,293.420176972,0.47723340496942274,284.8146263571346
lrb,10223,308.042589683,0.48629007440546285,301.599542206409
lrb,10224,268.143972843,0.48080551304482105,276.16051752427046
lrb,10225,216.666326718,0.4405485439344257,214.52944527420345
lrb,10226,234.738950117,0.40823243635424067,233.41252659816368
lrb,10227,152.24757542,0.3831675626517992,151.5872303083831
lrb,10228,140.612144182,0.3825868007924726,144.50642155665975
lrb,10229,149.903512436,0.3911780671969704,150.80098105037914
lrb,10230,156.726392339,0.3847703064176957,149.7521889181698
lrb,10231,152.450721775,0.3373548074556505,152.37507198558134
lrb,10232,152.429610258,0.30951168413470387,154.21118711583756
lrb,10233,157.900225787,0.3326145797869227,158.4076823515051
lrb,10234,150.338468856,0.3637734983236559,146.34375592400045
lrb,10235,154.453956963,0.37542181749770054,155.52326794792626
lrb,10236,153.14243564,0.34873148729864334,158.40842689065371
lrb,10237,175.571143644,0.2867335090514141,170.21062047621785
lrb,10238,182.529829354,0.2572043247355355,118.01987915039062
lrb,10239,182.602915076,0.2908004683648505,187.2585926429898
lrb,10240,224.769644931,0.4110498538606274,221.87822265625
lrb,10241,246.506740424,0.428509326167914,249.41668198529413
lrb,10242,217.465827253,0.42627759733535714,216.108993769627
lrb,10243,175.165477775,0.38121459136037555,176.50678615196082
lrb,10244,167.964558908,0.3466619800157308,167.32765679452933
lrb,10245,139.078006489,0.33180755343517115,140.83871621524585
lrb,10246,141.860275563,0.35799722903304626,141.625768773696
lrb,10247,148.442044031,0.3824926207927491,145.82233686260147
lrb,10248,160.164368644,0.39697170281641314,162.3456834381702
lrb,10249,200.513163241,0.402625654929692,203.522562752518
lrb,10250,221.42744309,0.418933231657019,217.94786125631893
lrb,10251,307.609880175,0.41142214368298036,300.8262709374521
lrb,10252,233.31628097,0.40903145413733655,235.25855632108804
lrb,10253,172.321415033,0.4229543965037276,172.05111553715722
lrb,10254,170.432889964,0.38189537287478725,173.62504445992263
lrb,10255,304.454947019,0.3010998074098358,293.746787665872
lrb,10256,180.896713601,0.31909395714178157,184.9034601847331
lrb,10257,164.825328543,0.32408227660916566,160.77447052001952
lrb,10258,173.174001086,0.32783477458946725,175.1998747881721
lrb,10259,137.343037634,0.34865181729631517,135.0719622443704
lrb,10260,136.285770007,0.39378092505715107,141.36678421918086
lrb,10261,118.208748066,0.3837222503377246,121.17172609217027
lrb,10262,134.493121397,0.36530965054407716,134.28575995950138
lrb,10263,156.459677957,0.3538866528079041,153.43217109231387
lrb,10264,155.415305524,0.3540110924407119,157.10426483154296
lrb,10265,193.723153661,0.35454865838542127,199.0690085018382
lrb,10266,196.276123746,0.37896209463879865,194.0860862582338
lrb,10267,203.188333543,0.4545336001008233,196.97150047152647
lrb,10268,98.5881550941,0.4493767308018312,101.50212231804342
lrb,10269,194.72584274,0.5127848690213944,187.267645443187
lrb,10270,219.803387024,0.5059484755935301,217.16764427633848
lrb,10271,175.87349285,0.4605809894305991,176.5145769306258
lrb,10272,155.870165174,0.47934530293264405,152.38504133037495
lrb,10273,318.053524549,0.3978941799396306,316.31101540958184
lrb,10274,190.15356324,0.4329243468141163,190.94096613865273
lrb,10275,192.607052128,0.45516381996322225,191.20351589427275
lrb,10276,213.03075759,0.45048902266957225,216.12065199309706
lrb,10277,201.571456481,0.4640331688946181,312.37876760445386
lrb,10278,171.230714125,0.4308003564400973,170.7464148128734
lrb,10279,258.039814369,0.4947003343322495,262.0212059469784
lrb,10280,256.698414693,0.5053831098194965,254.93975372314452
lrb,10281,228.373423279,0.5125639102005485,224.77743326822917
lrb,10282,137.263455203,0.49662668846155456,139.53527838015088
lrb,10283,150.332393421,0.42524728622191993,153.4366257611443
lrb,10284,194.401691268,0.5547258737992148,194.87751808914484
lrb,10285,208.272659647,0.5814559265746544,208.77905665378944
lrb,10286,253.257173892,0.5871298623872973,246.02395130232264
lrb,10287,240.827076216,0.5731571635639269,243.1392157161937
lrb,10288,213.289780108,0.5428793892209381,213.2389643351237
lrb,10289,280.038832099,0.5269128760539753,286.15511624205345
lrb,10290,296.380979571,0.5518723274631934,288.51618239458867
lrb,10291,482.767578243,0.49466441511980425,490.74002604765064
lrb,10292,860.542366652,0.4884352248757439,856.63323023179
lrb,10293,583.338854414,0.4757213427271559,587.002520572438
lrb,10294,1079.67710066,0.4322058971379915,1075.6512382357728
lrb,10295,299.745074903,0.5329621167615443,293.5014752556296
lrb,10296,333.670117545,0.5245186125199626,333.10646550795605
lrb,10297,235.468904025,0.4886099547980218,234.74852034624885
lrb,10298,299.425033408,0.46886186640784333,300.84564639820775
lrb,10299,163.136064033,0.35003754170307155,160.52083210664637
lrb,10300,193.956134027,0.4454344643395523,190.15983402027805
lrb,10301,192.153682459,0.4731947269774875,197.76650561164405
lrb,10302,251.643731179,0.48977490446489796,241.30694939108452
lrb,10303,239.842039353,0.4894719089725363,242.88110240861482
lrb,10304,231.176818299,0.48592057335349587,230.29157568239694
lrb,10305,179.132856261,0.43495046862508835,176.78442658069088
lrb,10306,352.298258516,0.39399516582489025,353.832292953192
lrb,10307,478.347035303,0.4303783428979058,544.5197373334099
lrb,10308,425.468297644,0.5251737709722529,416.52081131280636
lrb,10309,324.323869382,0.55945533055154,323.66886339374616
lrb,10310,310.038174793,0.5649237214070052,312.9146651922488
lrb,10311,312.33607617,0.5620596976244028,311.07843774533745
lrb,10312,297.256012799,0.4693756598234177,301.63603015974456
lrb,10313,166.423032277,0.41004510052393467,161.8346237781001
lrb,10314,200.819463425,0.4907128482897225,195.6707124298694
lrb,10315,376.480371636,0.45073959499950117,376.9161102594114
lrb,10316,319.571824278,0.515466582117272,313.7033677045037
lrb,10317,421.364826721,0.5195925078873269,397.63744285433904
lrb,10318,327.82259243,0.4163045599934619,288.2613908356311
lrb,10319,226.239523972,0.3106629307111425,195.14722625134038
lrb,10320,349.573701206,0.31128466946088224,302.4261175716625
lrb,10321,460.76019508,0.44600924106499007,381.9007607852712
lrb,10322,443.750517732,0.4353141569660795,355.9333751304477
lrb,10323,388.114822733,0.41031166661017354,296.9168160532035
lrb,10324,651.036647254,0.35224834645723374,403.9321746826173
lrb,10325,448.515105255,0.31864799989757475,159.73726941277
lrb,10326,202.929847714,0.35568867987248953,21.508221136354933
lrb,10327,444.152210033,0.3964182346717815,320.5245619530771
lrb,10328,450.991559233,0.4624819606183956,435.9348064048617
lrb,10329,349.466282969,0.4557502901748472,241.31199720794083
lrb,10330,217.151193399,0.3314453902737848,190.1648405486462
lrb,10331,235.222296706,0.39061324132081554,237.3779385136623
lrb,10332,163.811149267,0.36560642252287523,166.55808647006165
lrb,10333,145.823377584,0.3508360651908098,141.63990155388328
lrb,10334,133.503054142,0.3279574405244305,117.77094541063497
lrb,10335,124.307020077,0.3056512086890465,56.39370667700674
lrb,10336,138.818712306,0.2992640329110954,75.54134404799517
lrb,10337,170.679837369,0.39172792034123527,97.57426551370061
lrb,10338,199.511202434,0.400265423434504,93.37748640471814
lrb,10339,145.547988335,0.43867445645267017,19.147624356138945
lrb,10340,206.824709715,0.4739666792130707,105.96765902650122
lrb,10341,186.502448183,0.45959308285619965,93.90200362859987
lrb,10342,134.463222533,0.3593430269554437,87.0822353886623
lrb,10343,121.015258794,0.37410112110884874,37.50842575372434
lrb,10344,142.293788625,0.380115564605769,133.7713865392348
lrb,10345,132.020761604,0.3819909954772277,31.213393746170347
lrb,10346,141.579019639,0.3694432697125844,55.08250561882468
lrb,10347,217.270489126,0.4241979355823266,55.86930883071001
lrb,10348,347.114502857,0.4589641288363287,212.98585100360947
lrb,10349,320.874452703,0.44501156274786546,222.69130584118412
lrb,10350,298.557308028,0.400752974652696,228.200003231273
lrb,10351,209.177894116,0.46311609833896306,204.0689522238339
lrb,10352,217.0355849,0.47495209074694883,213.24977066937612
lrb,10353,174.039648052,0.4397996742922562,174.42954074635227
lrb,10354,159.428938473,0.41093356998599306,154.23252330106843
lrb,10355,153.481510896,0.38432306070116495,82.88697455911075
lrb,10356,205.329756867,0.381539858829383,121.44517561968635
lrb,10357,196.227079142,0.4375880895645027,156.33124766630286
lrb,10358,132.036970493,0.3985151893543432,89.96930470186122
lrb,10359,166.385182099,0.4181405253490145,125.37995102826287
lrb,10360,269.631723989,0.5288222340492591,216.6602841545554
lrb,10361,267.781404743,0.48078594870102687,266.49701466279873
lrb,10362,324.216595468,0.44190243207340657,319.21886623606963
lrb,10363,211.515511168,0.40344175045351377,216.13471715590532
lrb,10364,303.222770626,0.4142387381362168,301.1196329453412
lrb,10365,274.607130018,0.426720642687498,272.2664242912741
lrb,10366,203.579125622,0.41163805521643815,200.13397575827207
lrb,10367,170.748267999,0.3433759139150226,151.3464593326344
lrb,10368,201.91583486,0.373921138844195,161.05185295553767
lrb,10369,222.110982143,0.4079568068602402,212.9874424653895
lrb,10370,353.100020796,0.39623197352171136,332.33441700654873
lrb,10371,330.608627146,0.4328265001313935,291.67831331140854
lrb,10372,196.982248919,0.4347578151988597,194.3650795431698
lrb,10373,202.415990943,0.4212006624818833,126.9538996079389
lrb,10374,206.608415539,0.40793805854556003,84.98583715102252
lrb,10375,199.369067538,0.37392293315628095,122.4952585257736
lrb,10376,164.113075253,0.3661687884338295,165.77535149069394
lrb,10377,199.010386434,0.4095739507442945,201.97332865397138
lrb,10378,254.062356227,0.469072298932468,254.9586144540824
lrb,10379,297.190289824,0.49064720420039126,294.5664245904661
lrb,10380,238.66858358,0.4396890841982438,238.17057010426242
lrb,10381,281.204687186,0.3592241554438663,269.90875471526505
lrb,10382,243.248375575,0.4642953568462209,239.74464527204924
lrb,10383,210.690577764,0.4527168508350997,211.41620264988316
lrb,10384,216.326289402,0.4485354086827664,220.3348581650678
lrb,10385,221.854361473,0.4542465770473848,340.99483699424593
lrb,10386,166.619537365,0.4135888483571379,159.4809792612113
lrb,10387,184.697485818,0.4140244754407121,178.10485133750768
lrb,10388,152.182829611,0.44903187567980574,153.97309298047833
lrb,10389,140.096375923,0.4312821532460464,136.9235004200655
lrb,10390,198.249887603,0.39962680314067767,200.4017885694317
lrb,10391,196.754139926,0.44411447897152984,185.45058512968177
lrb,10392,179.324278844,0.41211595400243267,181.77858186609603
lrb,10393,181.951909562,0.387953558172277,181.51659225763058
lrb,10394,218.209550624,0.34868192133002396,199.87839086196
lrb,10395,189.837307173,0.42917622553814744,70.56083224427466
lrb,10396,154.220846441,0.4030038082644287,70.03635343663832
lrb,10397,174.265368337,0.32022054548616763,127.48211571188534
lrb,10398,190.164122241,0.28901961427855205,87.08666779761222
lrb,10399,270.431553071,0.36169848006814426,136.1387648638557
lrb,10400,327.620697071,0.3654885115529328,245.78466635311352
lrb,10401,235.547123796,0.402817710646344,226.1117762846105
lrb,10402,472.457116933,0.3723333380054457,458.25778126436126
lrb,10403,168.253376439,0.37384436892499084,168.6660477582146
lrb,10404,179.60347181,0.372927289845985,180.47019042968748
lrb,10405,196.547338844,0.3634256903330485,196.73379471722774
lrb,10406,265.917090258,0.4248086749547924,260.7384090647978
lrb,10407,1325.68317131,0.5725665673458202,1308.419534391515
lrb,10408,680.114345504,0.6068063113971133,603.8461601706113
lrb,10409,255.567081166,0.470514950876058,224.80241456873273
lrb,10410,377.946712645,0.42029771004592514,237.39316783231845
lrb,10411,521.744975567,0.2769415711015463,262.3122800939223
lrb,10412,337.583032046,0.4015541227409123,292.4794338450712
lrb,10413,397.183221546,0.40079897566031636,256.80506843118104
lrb,10414,297.507480273,0.3802236016603129,177.58653052834902
lrb,10415,325.095494626,0.39418960712913775,245.52626091452206
lrb,10416,154.189629593,0.298641355116238,135.3544323491115
lrb,10417,269.591362201,0.4310262913887317,259.1670493929994
lrb,10418,253.850361575,0.4518553239259964,255.75721085492304
lrb,10419,426.325680832,0.4877272721205917,421.0158214793486
lrb,10420,516.569094469,0.4946147001605189,515.7121095844342
lrb,10421,741.709293678,0.48770843798356484,727.1397137810202
lrb,10422,864.851196389,0.4572703789584193,876.9233840044807
lrb,10423,561.159530505,0.39771022772899595,678.6132313747032
lrb,10424,262.416491199,0.4687481373847129,261.79245539646524
lrb,10425,196.842985732,0.41352761874052496,196.47566076540477
lrb,10426,240.680025793,0.37104786816266694,228.7410083247166
lrb,10427,222.596832182,0.34998410319712375,230.57763644947724
lrb,10428,172.834099086,0.3218492152017409,173.6548921472886
lrb,10429,273.518812505,0.2775353103876113,250.5147288004557
lrb,10430,162.105584115,0.29820211504409516,160.53954494700713
lrb,10431,127.537823115,0.3217273085941503,127.48747343175552
lrb,10432,112.037883364,0.33638070142382137,110.69918404373469
lrb,10433,127.446495811,0.3407102098464966,131.16039440678614
lrb,10434,123.046168312,0.32956815070035517,115.68365882424747
lrb,10435,130.129797727,0.31037152160344456,60.858634200750615
lrb,10436,130.237974267,0.2901051070379173,72.40091750201057
lrb,10437,131.943741865,0.3033775681339542,132.9975237678079
lrb,10438,136.68644934,0.3012076321833147,131.4238098144531
lrb,10439,136.019895361,0.30098544300057506,137.45741657930265
lrb,10440,145.687003839,0.29169084632009373,145.32727885526768
lrb,10441,142.813532011,0.29561445811472903,142.96650785558364
lrb,10442,138.196888297,0.30317599888433494,134.57224103142235
lrb,10443,123.561832778,0.30582487476723536,124.86621336095473
lrb,10444,130.361876451,0.31618063478642544,130.3749173332663
lrb,10445,143.042339566,0.31363243313483247,106.24113913143383
lrb,10446,193.304557575,0.2412151624302021,108.33979761460247
lrb,10447,128.817987769,0.227303604620534,58.235913803998166
lrb,10448,147.943592993,0.23261470527898884,65.05623994715073
lrb,10449,160.997078694,0.23883023706730455,33.57739805333755
lrb,10450,138.06368232,0.3178855397814029,97.05933215571385
lrb,10451,178.474804413,0.3731862152905742,175.4935580982882
lrb,10452,180.334705204,0.4157741863654691,180.21506051456225
lrb,10453,245.215517785,0.44285437172964986,249.20521575329352
lrb,10454,400.501094219,0.5024188635015205,396.89145316329666
lrb,10455,270.022561677,0.49747168310617995,263.1073838776233
lrb,10456,480.2917023,0.31513617482221407,485.8172788433001
lrb,10457,724.757475012,0.25627881443279926,694.6213294833315
lrb,10458,251.741354161,0.3777903280993048,245.53092762068206
lrb,10459,221.868814845,0.44113565061651344,219.29906538421034
lrb,10460,327.56313833,0.4989517574321549,333.67075976203466
lrb,10461,381.64498752,0.49421280124053446,378.0029549692191
lrb,10462,203.27807931,0.4340630452021899,198.57589467366537
lrb,10463,197.948868851,0.4279528452504066,195.16599722469553
lrb,10464,348.356200565,0.34307392099908,204.8720089781518
lrb,10465,304.36705267,0.40070571489059015,170.50838275984222
lrb,10466,287.10800466,0.4509569316780535,291.4385574939204
lrb,10467,305.174107134,0.4172752867267881,290.6521715650372
lrb,10468,422.065261356,0.34736016303260214,384.56407733992035
lrb,10469,546.39792905,0.27736620403469253,339.4452127194872
lrb,10470,414.655708281,0.2629886283760979,71.61416602041207
lrb,10471,204.322368098,0.31121188986535164,80.2709446626551
lrb,10472,167.493825332,0.3142739981977325,138.50694059484147
lrb,10473,197.411185616,0.32519395192354883,190.70963547650507
lrb,10474,218.560443151,0.3196546978020018,221.13960678998163
lrb,10475,174.802588871,0.30372957505963066,173.13447615679573
lrb,10476,156.233974376,0.2789941475960657,157.6575440350701
lrb,10477,116.712652121,0.3077276777432038,110.963771685432
lrb,10478,135.987973444,0.33689612558443255,134.0485554414637
lrb,10479,129.720062726,0.34580610542571527,127.7528169519761
lrb,10480,119.713828255,0.28869128720605663,117.25987907858456
lrb,10481,145.47117302,0.25579742418800894,132.73730265299477
lrb,10482,166.65302533,0.28696910465835396,166.31529915005552
lrb,10483,144.391011185,0.2896538391167467,144.28001254212623
lrb,10484,132.273151581,0.3520477431966531,135.88560743144916
lrb,10485,133.58137165,0.4002685777754652,132.73776565252564
lrb,10486,156.124940086,0.4221303699413936,157.3965902889476
lrb,10487,173.221230305,0.4145509839982026,169.20133209228516
lrb,10488,167.351629679,0.3799393191909637,162.90551210291244
lrb,10489,131.474590674,0.36425576248654606,28.331408960678996
lrb,10490,125.805215692,0.3035319265255258,63.48349085789101
lrb,10491,153.413699835,0.3334856222819731,90.76581414914597
lrb,10492,146.716843754,0.3720225176124861,86.56866814108456
lrb,10493,140.750840336,0.3970882849624524,136.41146072686888
lrb,10494,120.918966576,0.4121607710341258,117.5238338096469
lrb,10495,131.695369356,0.4005816072050606,134.05066432578892
lrb,10496,144.951735344,0.39425774188857005,101.25941473268996
lrb,10497,186.705618543,0.338984746385265,135.88714587641698
lrb,10498,213.735296211,0.3820745119204124,113.32690148447072
lrb,10499,155.540662163,0.43650099334553766,153.46361763150085
lrb,10500,224.417823532,0.517356083163902,223.76812280393116
lrb,10501,274.065020612,0.5093433260917665,273.6108072916666
lrb,10502,447.84928517,0.39663487916839296,362.0155295577704
lrb,10503,244.082765804,0.3373392294744125,148.74156356512333
lrb,10504,150.18650956,0.38130140648703104,113.58950084611482
lrb,10505,122.824730533,0.36313968661067253,119.36094515931372
lrb,10506,127.598915677,0.3924621778177915,125.39476997525084
lrb,10507,165.319775638,0.4235171979944103,162.90855147417852
lrb,10508,164.453390588,0.45700361737063244,167.63079959644992
lrb,10509,179.65504091,0.489726780526406,177.86210210463582
lrb,10510,234.120465975,0.47385800612791806,240.56020807004444
lrb,10511,208.419095635,0.4703175339982093,196.48839904186772
lrb,10512,213.747671804,0.4574601445874235,222.45985951143152
lrb,10513,234.632329623,0.3839363463197667,231.64190566119026
lrb,10514,199.413799607,0.26644788257060587,160.81174011230468
lrb,10515,459.419437616,0.2874916582877085,314.54139637666594
lrb,10516,288.868830718,0.31078054817194867,258.4012029311236
lrb,10517,145.78646828,0.3688237214707986,146.38353585635915
lrb,10518,135.082371984,0.44287794234630506,138.25116065530213
lrb,10519,138.125035696,0.4373876877486487,142.18626457663143
lrb,10520,135.638447521,0.4243399499642729,129.8565103867475
lrb,10521,216.90569744,0.42086112581921425,217.47706487319047
lrb,10522,223.442268231,0.4474637988271957,226.13418453440948
lrb,10523,172.920979216,0.42289361852893653,173.6669662475586
lrb,10524,187.295396653,0.38208561920968676,331.33188306023095
lrb,10525,182.698058427,0.3810887493033657,171.56883796243108
lrb,10526,136.274813616,0.39799010811612756,134.84177641027114
lrb,10527,130.367896401,0.4163444098275619,128.28352643181296
lrb,10528,136.040791296,0.4077583756086962,139.03962522020527
lrb,10529,157.289845778,0.39812651154946305,154.25554477467256
lrb,10530,171.134195293,0.44894030449778716,172.35723114013672
lrb,10531,133.840841377,0.4392004265859433,134.84285721124388
lrb,10532,99.2463879467,0.444141177637718,102.05034966562307
lrb,10533,172.168772423,0.38312780725338114,172.0950085509057
lrb,10534,157.695252004,0.3741914416212409,157.66657960181143
lrb,10535,131.048794193,0.36712667393875886,130.64568777645337
lrb,10536,129.246543509,0.32126944527089835,130.64591217041016
lrb,10537,155.298260841,0.340137200681396,151.63345217237287
lrb,10538,152.190558047,0.35985663032155946,149.79731421377144
lrb,10539,126.945293185,0.3662903247060717,127.7607936485141
lrb,10540,143.772585281,0.36912308613609496,138.77942074046416
lrb,10541,205.105987245,0.3752172754870521,203.05379647647632
lrb,10542,251.355726278,0.3366736168139859,249.22666422526044
lrb,10543,213.233888722,0.245039797518103,212.23646602256625
lrb,10544,408.395641395,0.33221035146603295,341.31024038277417
lrb,10545,368.549316634,0.341922092401547,323.99596659342444
lrb,10546,208.792336491,0.32349235463289566,42.49990656235639
lrb,10547,198.587696587,0.416892986922037,44.073933859432444
lrb,10548,160.244521253,0.37312236503489965,135.10768875421263
lrb,10549,232.334638201,0.3707804302241476,176.2958660350126
lrb,10550,239.716411577,0.3668370779987639,231.65059012618718
lrb,10551,212.914620557,0.3528458662331105,218.27080227720967
lrb,10552,275.024652952,0.3512492273893229,274.4125617831361
lrb,10553,184.565195799,0.36054256332331686,114.11984297808479
lrb,10554,177.414267467,0.37256824234218305,173.14727065142463
lrb,10555,417.57744566,0.3802617133959481,422.3738554412244
lrb,10556,324.465225754,0.4146084015527451,320.58547261555987
lrb,10557,414.134976042,0.36049177089844214,410.3081794888366
lrb,10558,496.327904828,0.3168121399639854,528.6269323311599
lrb,10559,409.108318623,0.319836800681088,210.40171831916362
lrb,10560,596.146853624,0.3197157829999923,177.87073750215418
lrb,10561,694.140032499,0.30743161781300926,470.38818649591184
lrb,10562,570.135193721,0.4141294305974787,565.6191723094267
lrb,10563,350.746802079,0.47583062172298374,345.2469168569528
lrb,10564,367.910900005,0.4039405643559248,369.6442436966242
lrb,10565,595.950351257,0.3661122241048202,580.8289994782091
lrb,10566,228.751757467,0.4761261470379873,231.91319735657933
lrb,10567,351.767456616,0.4787177851267363,353.3796345430262
lrb,10568,404.835491004,0.49982961470430554,401.126998572256
lrb,10569,274.219953676,0.440151511722291,277.82429441564227
lrb,10570,173.867322624,0.3757512259790125,178.39534295773976
lrb,10571,215.798232305,0.436650421260913,214.5994217218137
lrb,10572,500.716920456,0.3958037712427705,504.4932668648514
lrb,10573,677.140328936,0.38303907087126743,660.3284795125326
lrb,10574,870.294704646,0.3243086912006629,800.161573522231
lrb,10575,741.093997218,0.3823583579143192,686.0405924179976
lrb,10576,525.270138309,0.42924651067358005,389.84963262221396
lrb,10577,762.139746243,0.25976589004386147,278.0900735294117
lrb,10578,1034.10622377,0.32279052756150334,183.12005857579848
lrb,10579,1358.96339294,0.3714599788916652,687.6209511551202
lrb,10580,345.973997835,0.5400743146890838,339.7434885361615
lrb,10581,321.355043523,0.5456032539554949,317.9671516867245
lrb,10582,406.406360874,0.5433887311003424,424.2187511668486
lrb,10583,259.42074083,0.5810322378804575,252.90512722239774
lrb,10584,824.483136574,0.4246288432166691,688.6650529749253
lrb,10585,951.459754216,0.3865261372543641,814.330575022978
lrb,10586,887.947164851,0.3522086371192653,743.2355254229377
lrb,10587,1862.47563511,0.3344012783347491,234.01624235265396
lrb,10588,940.289295364,0.3925094677180779,150.5891540527344
lrb,10589,357.627049309,0.4790958830999801,213.55334436753213
lrb,10590,348.573584621,0.46491878848271023,294.88226417092716
lrb,10591,674.342429834,0.43968536694676175,619.1491678574506
lrb,10592,812.375947553,0.4005675700203255,618.6261249317843
lrb,10593,613.493401037,0.506060078544155,498.73187414431106
lrb,10594,941.755023574,0.4625243834149823,212.76803627762138
lrb,10595,717.356068737,0.3498197691435488,184.17187742345473
lrb,10596,362.058817216,0.41931363291740426,327.941795947505
lrb,10597,1103.35068708,0.4857148476365377,1092.7012296190449
lrb,10598,673.15588446,0.5138111111334085,641.7178896137311
lrb,10599,516.700489182,0.5007343307128832,451.51218168969257
lrb,10600,440.18218144,0.406323715000993,333.45332483029836
lrb,10601,631.60488411,0.36460088204832525,582.1677472282859
lrb,10602,638.517451562,0.3114243614380477,480.1119911642636
lrb,10603,401.658202943,0.2988233506801551,256.32196353089574
lrb,10604,513.223962198,0.4489637978366184,445.4804825726677
lrb,10605,934.848199257,0.40620647377931013,933.9824819228228
lrb,10606,608.671967397,0.43349649918998456,578.4938659368777
lrb,10607,740.286206933,0.4393147223976236,532.057906147078
lrb,10608,553.2073444,0.4341881851295391,435.5107224408317
lrb,10609,756.543634613,0.3969968233736437,461.22176935532514
lrb,10610,777.653627875,0.3861355535327073,582.6936501596488
lrb,10611,682.854723943,0.3753878135607279,618.1131901161343
lrb,10612,1007.43411891,0.31702524812146615,951.8329059974822
lrb,10613,668.192322981,0.36237209705357276,668.2261479097255
lrb,10614,916.506289895,0.35514331612221234,913.2712515737497
lrb,10615,788.897562664,0.33159975599895414,675.5743562286975
lrb,10616,663.429852717,0.32838675819088264,517.8967418296664
lrb,10617,399.678670181,0.3301636571159012,341.5917618695427
lrb,10618,243.511896183,0.3196292019425295,204.6404770196653
lrb,10619,217.471572949,0.36851783891330403,138.2637535544003
lrb,10620,264.534039133,0.39681223780982666,183.38998592601104
lrb,10621,342.796215083,0.43118353887202626,345.00459513944736
lrb,10622,383.564195419,0.4747104651818479,388.55675012925093
lrb,10623,327.642148177,0.4661016545073706,324.01572777243223
lrb,10624,274.201501647,0.3828597126735581,255.01494329115926
lrb,10625,223.02958547,0.2957505251873623,167.38657109877644
lrb,10626,276.959138018,0.3983933329935741,221.17125208237593
lrb,10627,343.391548989,0.43808813370556465,329.2646942138672
lrb,10628,239.089170477,0.4328916793195611,153.48209425982307
lrb,10629,484.183183739,0.4834377118519374,385.6735189101275
lrb,10630,344.851897118,0.41519327964576036,254.23015914617807
lrb,10631,278.950141084,0.34254274575819305,223.79635928284887
lrb,10632,170.789128851,0.35838914667096894,130.3949370141123
lrb,10633,203.795523173,0.41313131252469953,114.65306231928805
lrb,10634,461.53854855,0.533247874416336,260.7892671772078
lrb,10635,379.579222853,0.4904218095984008,194.1491154390223
lrb,10636,255.141748516,0.3066954017829529,136.69184953278187
lrb,10637,446.851195166,0.3076723533670736,165.81431406058516
lrb,10638,295.135354018,0.3211623212908237,231.14314841476138
lrb,10639,293.160821094,0.33024325370788576,282.04185336243876
lrb,10640,172.35277804,0.3639596639257489,173.16034025304458
lrb,10641,151.461047715,0.3271379766731024,147.71097364238662
lrb,10642,176.01919417,0.3224094932430361,171.06138227874158
lrb,10643,210.97699723,0.3486543003383282,214.87619539148665
lrb,10644,529.420673545,0.39617578238691,530.5003481696633
lrb,10645,347.545979013,0.4234818684031951,345.53464768353626
lrb,10646,408.714775658,0.4994036177754875,398.2707484525793
lrb,10647,569.423025096,0.41309813819774216,570.1198061176375
lrb,10648,249.946605336,0.4748285562275066,246.8865373200061
lrb,10649,401.611905316,0.4914398545303195,401.68320512958604
lrb,10650,451.468901603,0.5058288620827406,459.6663996976965
lrb,10651,380.857319132,0.43613778035983686,375.7090397853478
lrb,10652,209.242332726,0.34727319506659554,209.10665091720284
lrb,10653,273.855837194,0.2971946145161793,263.1548334159103
lrb,10654,258.026327473,0.3441217813823028,252.1356840245864
lrb,10655,392.052063589,0.35118544209726454,354.72246437820746
lrb,10656,592.475207353,0.4006185679690222,583.7711537080651
lrb,10657,345.520781973,0.4385811126186272,477.2478175144569
lrb,10658,674.302249354,0.4334379012915643,676.647317205691
lrb,10659,585.821848047,0.5037285363668894,593.4781269148284
lrb,10660,494.393551333,0.5217273641187992,484.3340396357517
lrb,10661,700.327345113,0.45097944569407095,709.9733742209041
lrb,10662,862.444994727,0.4580385815739777,857.4282739377489
lrb,10663,654.846235132,0.45547827065840757,644.1211632822075
lrb,10664,526.108910296,0.4546186069093078,521.8558733173445
lrb,10665,544.547784744,0.4421435436622115,547.5682254267674
lrb,10666,590.827988812,0.42077741354420856,580.1030818266026
lrb,10667,384.79675144,0.48137131024842666,387.7858549828623
lrb,10668,464.272704715,0.45866067775117564,462.8251216215246
lrb,10669,467.225663475,0.42018621096201986,455.74191032858454
lrb,10670,535.030383723,0.35338247195434846,534.4552528830135
lrb,10671,354.140730561,0.37103791539492703,340.56131816190833
lrb,10672,149.237558239,0.2858151991526431,143.51856294519757
lrb,10673,176.823467705,0.3618180471965494,178.41391395120058
lrb,10674,205.975031184,0.3938763865988902,209.63609304989086
lrb,10675,253.555438585,0.407214422913401,242.95710939893536
lrb,10676,414.807000848,0.38132069223595144,414.81006810805377
lrb,10677,549.656754275,0.5040014338981723,547.5700928931143
lrb,10678,296.448962574,0.46476408701252064,297.5303526934455
lrb,10679,210.528943399,0.39955890780412523,165.03236613554114
lrb,10680,426.571899136,0.3415567897803711,406.41527880500337
lrb,10681,207.254667543,0.3238395173234346,185.49719345990349
lrb,10682,187.316843407,0.4314617624620286,184.4473794675341
lrb,10683,260.826477373,0.5527820902571111,260.7971440633138
lrb,10684,352.071688942,0.5412301651426237,356.5622245339787
lrb,10685,290.271656719,0.5009242869798538,288.86998380773207
lrb,10686,218.205909127,0.4486421816123342,216.19289437088315
lrb,10687,403.8697213,0.377951178528847,400.3757806516161
lrb,10688,442.992598543,0.5090709617872278,435.27223887724034
lrb,10689,550.875227566,0.456201722351013,556.4873651841106
lrb,10690,363.379290881,0.3945253423737686,362.85727933995867
lrb,10691,280.334603532,0.32573381550126257,202.02479358747894
lrb,10692,384.407984107,0.30869704308462104,314.58177358589916
lrb,10693,487.507200836,0.39093671746762676,408.24738467347385
lrb,10694,739.268755417,0.390867465449357,691.0791462617763
lrb,10695,832.197176305,0.33538626842737385,692.1249434527233
lrb,10696,627.488257208,0.3738704226103812,590.8509830549651
lrb,10697,588.282315943,0.38501388201346776,477.50783167820356
lrb,10698,445.945335265,0.3718844372144794,338.978081736845
lrb,10699,248.878688091,0.3349116925976805,182.0833388683843
lrb,10700,186.97303846,0.31427055365830947,189.16759176815253
lrb,10701,198.64319471,0.34407704046909726,193.62757475609877
lrb,10702,253.372016173,0.3697897818675333,253.70890900854968
lrb,10703,354.535921699,0.39981488099574336,352.09611352658743
lrb,10704,161.735395784,0.3796238672118417,157.6826104856005
lrb,10705,160.989159406,0.3669131959831979,106.78343520818973
lrb,10706,161.147584072,0.39919797339386337,165.02890639959597
lrb,10707,161.07577785,0.4704959734397776,160.56884891285614
lrb,10708,118.41729957,0.513261108449165,123.3127867754768
lrb,10709,241.016065977,0.49826274493622086,235.60645452761185
lrb,10710,166.701297047,0.3914875187580055,166.07920047535615
lrb,10711,173.136629885,0.3993208428284317,172.63854429955572
lrb,10712,208.230287872,0.3821309719900941,208.32070737352555
lrb,10713,135.333267605,0.32938741412758826,131.18438660864737
lrb,10714,209.053204027,0.38334951496095154,214.87983308679915
lrb,10715,166.111379804,0.38292970689063155,167.65327001833447
lrb,10716,261.775255178,0.3649080028566316,260.7938735064338
lrb,10717,264.186737612,0.3752271189915006,263.67959011302275
lrb,10718,215.973197338,0.3124092077496667,208.58204881256702
lrb,10719,330.708781366,0.3510750110015886,299.88493356143726
lrb,10720,496.593585808,0.33950763235092174,491.9363129559685
lrb,10721,482.223084124,0.35275639821018384,476.1939535701976
lrb,10722,318.789834436,0.35616201552544413,298.572294287588
lrb,10723,462.78338406,0.3745056786500843,464.9117517508713
lrb,10724,892.350847661,0.3773867171663261,879.7097224216833
lrb,10725,760.199982283,0.3945638391413397,764.2683635936065
lrb,10726,1212.21596295,0.34541295733281147,1216.5821257946538
lrb,10727,1042.18463237,0.3551295932745399,1041.8443978702323
lrb,10728,872.057238469,0.3713727935891449,972.8416877596986
lrb,10729,540.236354488,0.38568917794506585,533.6465501373889
lrb,10730,330.325846389,0.4074995449714123,325.3302241605871
lrb,10731,206.236221125,0.39949211328934614,272.3326779533835
lrb,10732,332.563739407,0.39213544997987865,331.62716414507696
lrb,10733,424.519643707,0.3653222747926585,431.32572467280374
lrb,10734,423.339651854,0.36772156824766855,422.9302892647537
lrb,10735,375.397364583,0.40498596827330835,367.8336138257793
lrb,10736,460.554822297,0.41636629908905703,463.3342540366977
lrb,10737,487.786054813,0.4199238374074299,491.93208265117573
lrb,10738,420.978854806,0.4123499063851329,415.8462926228841
lrb,10739,400.261008718,0.4191349961028728,402.4655017329198
lrb,10740,342.877417564,0.4266588369434911,329.00275819067855
lrb,10741,400.344660218,0.38873171368799747,407.4484249339384
lrb,10742,441.018041911,0.38305253648531007,441.03118447696454
lrb,10743,315.588901847,0.4182237006295829,315.09724100150316
lrb,10744,141.066663882,0.5124639987383248,139.05259914024202
lrb,10745,167.976870544,0.4949594432444083,166.6010618022844
lrb,10746,281.17261466,0.4638091307706843,264.2007818783031
lrb,10747,581.155407432,0.41330882559754095,585.5972257726332
lrb,10748,581.086402236,0.3984640071506115,570.3815836887734
lrb,10749,707.493813695,0.37988562520523483,712.8468188715916
lrb,10750,657.685258507,0.374456124109548,790.7712455899109
lrb,10751,463.309901567,0.39437665184249027,464.1263530656404
lrb,10752,322.384612849,0.4060228561191781,314.5777286903531
lrb,10753,276.229346874,0.3782860844016217,220.65064511766622
lrb,10754,368.267392598,0.2918216035809628,282.04507102218327
lrb,10755,680.665976644,0.308956280325343,617.0907372568167
lrb,10756,768.30252006,0.34254048634792783,755.3598213644588
lrb,10757,648.670258511,0.367200668362098,645.4277029897654
lrb,10758,660.782911204,0.3782904083268273,666.9389586504768
lrb,10759,503.710126919,0.3536713139125796,623.3893576827704
lrb,10760,286.567908799,0.4112864358731247,290.1793856153301
lrb,10761,487.783034865,0.3877508143261921,485.6433578192019
lrb,10762,612.794929525,0.3906476523669044,622.0747722550934
lrb,10763,532.735584801,0.40691161746363874,522.9001921709846
lrb,10764,350.127274174,0.4290541571207404,356.03348179237514
lrb,10765,289.736646387,0.4001308815316719,288.60486845128673
lrb,10766,147.117422414,0.38389406885419575,148.76308871998506
lrb,10767,171.275375987,0.4154663323185595,173.6884223788392
lrb,10768,210.65371281,0.4649775960112936,208.846261028215
lrb,10769,216.241293245,0.45218820391613773,212.51974173153144
lrb,10770,186.501363982,0.44919047328673806,185.49588159299364
lrb,10771,128.575972756,0.4644654901363911,122.78958058076748
lrb,10772,120.449602433,0.48210119656404526,124.88876139322917
lrb,10773,132.79032835,0.48506032699447954,138.79469697241692
lrb,10774,146.905118,0.5253874839686636,140.63155867632696
lrb,10775,105.673207992,0.5464914953267134,106.26096074721393
lrb,10776,184.3943053,0.5781954498114911,184.71069012810202
lrb,10777,145.543986914,0.5215786803996796,147.71609568876377
lrb,10778,200.157747227,0.5596738997674147,198.09210833381204
lrb,10779,189.528039397,0.4943964944481013,187.07273263370288
lrb,10780,117.273074288,0.43752524832661227,116.75666898839613
lrb,10781,184.907286582,0.4727671706327822,188.3850513233858
lrb,10782,163.857075966,0.5203154428336146,166.34535926370057
lrb,10783,134.032493226,0.49509161296984566,130.40016775692212
lrb,10784,244.038802917,0.4124929705459957,229.31571278291588
lrb,10785,175.563876413,0.3209214696305336,90.78180883071
lrb,10786,190.276492096,0.3755599388373949,139.84578866397632
lrb,10787,179.509253106,0.45475232549782457,167.3948200899012
lrb,10788,152.345581401,0.5091831239691953,149.55314142563762
lrb,10789,124.065303693,0.5105780708914002,125.939344069537
lrb,10790,108.435952774,0.4794724273886668,106.78594091078817
lrb,10791,111.687578823,0.4602407597642022,113.60755139519188
lrb,10792,101.97080148,0.47476902423244666,99.4394193761489
lrb,10793,116.009299037,0.46897278407285375,112.82059478759767
lrb,10794,110.63205303,0.4525673877685628,110.98412933349609
lrb,10795,126.556396538,0.4661148382687621,120.42970087387982
lrb,10796,123.33608786,0.47716966472242195,120.69212834975299
lrb,10797,136.949918973,0.49881935836030894,136.43464526008157
lrb,10798,119.703098058,0.5395883782594293,113.34576882755056
lrb,10799,204.577005269,0.5446459594860099,211.7365764842314
lrb,10800,184.66411698,0.545372748503582,182.3508525175207
lrb,10801,154.566213048,0.5476123446153304,150.34128552605125
lrb,10802,148.467179627,0.5056445829413988,150.0791701372932
lrb,10803,97.3054210031,0.4463677535583447,101.01498846914254
lrb,10804,113.423126887,0.46627126666593205,108.36157636455461
lrb,10805,126.918299559,0.48046939691694657,132.50017891678158
lrb,10806,155.781156299,0.4647743446920037,154.53982816209978
lrb,10807,110.536986324,0.37514975941210055,108.36166073668238
lrb,10808,517.754053334,0.42457725096454707,522.9175043741861
lrb,10809,553.53231509,0.4830211093821568,538.9212116615444
lrb,10810,321.767311559,0.49487979313139974,324.03416900634767
lrb,10811,353.314428354,0.46155535988649793,348.69697427188646
lrb,10812,173.397035205,0.5436087696156727,172.38039101993337
lrb,10813,108.654328727,0.49432759001277965,109.14779088637408
lrb,10814,169.411864859,0.4875813073296393,170.28097749597885
lrb,10815,214.105980037,0.4982643524805705,211.73620488783894
lrb,10816,506.698499496,0.3799306606148418,498.5108310475069
lrb,10817,463.277735819,0.3805121811703816,464.1407016529756
lrb,10818,620.321892576,0.35545158953711586,613.1702964633118
lrb,10819,683.329149093,0.3536832147560251,684.5370760150983
lrb,10820,805.581686396,0.37247749334146035,797.0959499882716
lrb,10821,581.875841599,0.3109964009290053,591.1325170180376
lrb,10822,275.028050104,0.3885925748336937,276.80737319647096
lrb,10823,314.980250919,0.38910351913886854,317.7386065913183
lrb,10824,553.764020739,0.3728603605635976,549.9429262647441
lrb,10825,648.922691016,0.38402112843016617,643.0883172427907
lrb,10826,533.073672167,0.4001987363153602,537.3509791355507
lrb,10827,385.979080675,0.38449943619252797,405.37536800608916
lrb,10828,263.343521157,0.36769131960687285,234.30473647772098
lrb,10829,247.274444301,0.3759190921500049,240.60224492690142
lrb,10830,263.18920369,0.3869366213679314,262.3802282894359
lrb,10831,248.320584324,0.4069563571919394,189.96352458280674
lrb,10832,176.730425662,0.35419654727261957,111.77418473187615
lrb,10833,168.408991417,0.3898757515234106,111.51201704436659
lrb,10834,199.021982017,0.4411667667721448,179.4690708833582
lrb,10835,254.865496843,0.4605087785827506,252.1490363326727
lrb,10836,167.555709023,0.478911692975089,167.92474559709137
lrb,10837,139.074741961,0.4655620135579791,137.75099227007698
lrb,10838,128.095026795,0.4154448860322549,103.11661439783433
lrb,10839,135.926293285,0.40381522146476945,92.35901118259804
lrb,10840,162.163950506,0.42666860381384647,110.46336783614812
lrb,10841,161.286944054,0.39958153973708965,117.80989553414142
lrb,10842,458.225627118,0.39519236022061144,461.5303853352865
lrb,10843,447.899313847,0.3852959591185764,440.803082634421
lrb,10844,308.066355172,0.383996594807376,301.7411024804209
lrb,10845,243.291920063,0.49464493608023924,249.78968793083638
lrb,10846,252.689476106,0.5258376243083938,245.85439695470475
lrb,10847,120.559512887,0.5731986709930355,122.27142800723804
lrb,10848,279.034920427,0.5063601368066256,276.55414294074563
lrb,10849,180.382448843,0.41651153535070556,186.29387709673713
lrb,10850,147.063641174,0.3599794596486574,147.72345652860756
lrb,10851,161.490478615,0.35288158030091943,161.63011052748737
lrb,10852,142.377723258,0.42554180296786104,143.26297553567323
lrb,10853,150.335135032,0.4208944558988524,143.78771532844098
lrb,10854,145.933863861,0.40626189921044514,145.09952329747819
lrb,10855,227.754373306,0.39286144382813404,223.02837641098924
lrb,10856,152.037137029,0.48526566662229936,145.62424424115352
lrb,10857,192.919612244,0.5125486344810504,197.8392982931698
lrb,10858,267.227153966,0.445351946724237,266.06029313031365
lrb,10859,238.607529858,0.38079686429012916,230.90089596019075
lrb,10860,124.811358677,0.4160550642137726,125.94556471880745
lrb,10861,129.737566223,0.39016092487297727,120.1729310877183
lrb,10862,146.029697418,0.3455435831312071,50.640540717629825
lrb,10863,222.449633761,0.42427583591143286,98.39458196303424
lrb,10864,218.760238831,0.42683444420496636,92.09749755859374
lrb,10865,141.586468829,0.38305498036624347,92.88490097943475
lrb,10866,166.078935334,0.5018046135133732,144.0501868752872
lrb,10867,149.421044671,0.5621517169413575,151.39689447739545
lrb,10868,124.96495569,0.5192526228473348,123.8462339513442
lrb,10869,118.028238093,0.493356812373668,113.08844505758847
lrb,10870,123.631807312,0.5022332430137891,124.10880782183477
lrb,10871,196.695603778,0.511008732918872,198.1021005967084
lrb,10872,117.1820278,0.47899261165837764,112.03940304026884
lrb,10873,118.676995356,0.4760391826498999,114.92585718491497
lrb,10874,125.206886216,0.4947220614133787,126.99591091380402
lrb,10875,125.607601036,0.5168924844339646,125.68418968051088
lrb,10876,115.439407087,0.5061749900104824,113.35210355870865
lrb,10877,108.803861978,0.5156483595098602,107.84210151223577
lrb,10878,119.165930283,0.5281895353958708,117.8130957809149
lrb,10879,125.381291098,0.5315892316058092,125.42260520785463
lrb,10880,125.131052788,0.5433748661219572,124.89800627465344
lrb,10881,117.281120137,0.5482081064983183,118.86316564223347
lrb,10882,172.683365496,0.5058279449230414,168.4553382424747
lrb,10883,185.411630846,0.4646139119569709,185.2486623726639
lrb,10884,162.676135266,0.4370244113174645,165.04475516524968
lrb,10885,146.907911619,0.45376193297875894,145.62798898734297
lrb,10886,171.016303697,0.48601081741996754,170.03080507166243
lrb,10887,173.097083549,0.5057315165235562,166.8823207182043
lrb,10888,161.257763678,0.5096072138399836,164.78336017085056
lrb,10889,170.24847834,0.4860900626983494,167.93229690252565
lrb,10890,162.384099834,0.5007006388518118,162.68463344199984
lrb,10891,146.784548811,0.49817835988727877,147.9907140395221
lrb,10892,139.066766475,0.47680162157611394,143.53024414660882
lrb,10893,149.511388482,0.4798517292874622,148.77839005414177
lrb,10894,139.386364861,0.4724599033031824,139.0699815937117
lrb,10895,128.348222731,0.4482478682345491,129.0991382075291
lrb,10896,122.133062757,0.45673926078296934,121.7521910424326
lrb,10897,135.034369836,0.4595542733031924,132.51062005734914
lrb,10898,122.553542725,0.47659203773441394,127.00027887680952
lrb,10899,149.237238934,0.5098996770106665,147.72957075530405
lrb,10900,151.59017133,0.5422769340233028,150.35348827885647
lrb,10901,127.409761492,0.5483461606159131,127.5249926997166
lrb,10902,124.381616073,0.5391106269345051,129.0994393741383
lrb,10903,174.913750383,0.49523846951364736,171.08308195226337
lrb,10904,165.096913663,0.4776680588628805,167.409753148696
lrb,10905,176.509883591,0.43968876988585964,184.46590145335475
lrb,10906,153.156035809,0.3907266906430932,154.29036928064684
lrb,10907,137.944351862,0.4090554712414741,131.19951943790213
lrb,10908,105.72896553,0.4155551401352641,103.91019376866959
lrb,10909,106.313164791,0.4585795182893628,110.73274688720703
lrb,10910,135.618463594,0.4689361380022976,132.7745372996611
lrb,10911,128.776904404,0.4884294153109588,128.83871217615464
lrb,10912,119.769794901,0.49479984642426705,115.71888577330346
lrb,10913,132.048740517,0.4666373219883557,135.1367960911171
lrb,10914,123.048912,0.45618844416203974,120.18006867053461
lrb,10915,144.75602028,0.4842623966050062,145.37085963230504
lrb,10916,172.379923235,0.4881750070758865,172.66100969501568
lrb,10917,143.398914115,0.5413032546368511,144.32173725202972
lrb,10918,190.729208948,0.5613804846879721,191.8170284196442
lrb,10919,160.624648078,0.5150922229373595,157.17998699113434
lrb,10920,170.409981946,0.46543206442601803,172.13728123085173
lrb,10921,202.587061125,0.4750640793953067,200.73959978889013
lrb,10922,128.349681242,0.47982886214926057,125.16722824994255
lrb,10923,148.984715129,0.5079821219927149,145.11002242144417
lrb,10924,162.972191714,0.5262746202234571,167.15200210272099
lrb,10925,116.806172383,0.5298765227364538,117.8198225731943
lrb,10926,176.256981738,0.5268746791393503,175.02386235255818
lrb,10927,170.624483863,0.4780467203685215,165.3148161944221
lrb,10928,154.77893157,0.4589041939803533,154.29399782068592
lrb,10929,127.555730397,0.4726910555704696,128.05371018952016
lrb,10930,129.42452214,0.4928660685310558,128.5787284701478
lrb,10931,130.103142574,0.48424622987707455,125.95486270680146
lrb,10932,112.773451533,0.46756285228938965,113.35951762479894
lrb,10933,148.672972464,0.46027800980172173,143.5364537556966
lrb,10934,173.590689567,0.4744457991765096,170.56466211057173
lrb,10935,143.002543518,0.5217259710162988,141.17514959597122
lrb,10936,174.684007253,0.5264781682563007,174.50095397350833
lrb,10937,149.916377132,0.5068405839290989,148.7851848826689
lrb,10938,147.126699145,0.5243839078216345,145.37404195748124
lrb,10939,142.25703333,0.504547793651859,142.2252944347905
lrb,10940,181.2188536,0.4989749039496695,183.6860303691789
lrb,10941,160.047995269,0.4901910403405568,157.70781157250497
lrb,10942,183.230048316,0.5127718551568903,181.58723318062576
lrb,10943,176.225054783,0.5149138651711198,177.651316205193
lrb,10944,147.04193532,0.519708829893458,146.16242783490347
lrb,10945,219.825311762,0.4866976962905924,221.47448515050553
lrb,10946,213.804007353,0.46476358634915516,210.978394093233
lrb,10947,313.933570494,0.45802388150641254,308.3331747616039
lrb,10948,334.253178644,0.43496462183305057,326.70245271570536
lrb,10949,281.673034695,0.4701862475418957,284.4542856553022
lrb,10950,218.293528675,0.5171180846158022,211.24144340963923
lrb,10951,169.612507243,0.5236048364849961,178.17752532958986
lrb,10952,213.387634205,0.5054659576892245,206.25577177159926
lrb,10953,287.794216538,0.5298897895268845,286.291853871065
lrb,10954,344.493587663,0.5687750938880858,347.9589685776654
lrb,10955,253.397522287,0.5548906412786491,249.55438313203697
lrb,10956,128.946626177,0.5883584500894014,122.28447849049289
lrb,10957,198.207856094,0.5939626197406754,202.3207503973269
lrb,10958,369.99660501,0.5550124303522926,361.6062388700597
lrb,10959,290.918177395,0.49336186110466806,277.8966101852118
lrb,10960,274.512959945,0.44072297720155734,277.3720927818149
lrb,10961,290.354648149,0.4052712887930115,289.96831452612787
lrb,10962,295.820955277,0.41182977664727494,292.3302717620252
lrb,10963,281.104538427,0.4156914807488321,287.0822390986424
lrb,10964,264.608002665,0.35709432794497564,255.85497149299172
lrb,10965,222.255969699,0.3678629416018484,194.71255271762024
lrb,10966,217.643196447,0.34322429494409074,186.84045996572462
lrb,10967,263.205750717,0.36416050037586206,236.43750712076823
lrb,10968,286.051692497,0.3887699072957775,212.8204318177466
lrb,10969,310.480848029,0.3756162601114442,278.6877098233092
lrb,10970,341.883169416,0.3667073420980518,323.03681293562346
lrb,10971,315.27482299,0.36655823143241956,307.817140377269
lrb,10972,299.497469811,0.3707146659447026,252.70959912468408
lrb,10973,273.266992686,0.3683924141777567,217.80822828704234
lrb,10974,278.09322494,0.3551230606561998,268.4555842680089
lrb,10975,246.723899946,0.34312874804014354,246.93750595391964
lrb,10976,214.114312018,0.38430226703804116,212.2983865476122
lrb,10977,507.321632109,0.37652917244336204,503.58713546453737
lrb,10978,203.547585885,0.3328920926650366,157.45313966040518
lrb,10979,149.895753181,0.30078210342283834,97.3584919050628
lrb,10980,141.054496369,0.3065486367334399,104.70644674862132
lrb,10981,151.823491697,0.3277372858042501,150.63040214987362
lrb,10982,145.838422084,0.32795166391194064,78.4643595975988
lrb,10983,130.8242094,0.29764990005937836,132.26111333510454
lrb,10984,120.356485482,0.27850565772790176,119.40259327607995
lrb,10985,122.764266905,0.28943391099794585,70.32954227223117
lrb,10986,145.654301086,0.29041802336091865,95.78481831270105
lrb,10987,141.001744028,0.29076880382782466,70.59220796472886
lrb,10988,143.607747002,0.2878075468867829,124.1270190968233
lrb,10989,133.914969406,0.29237937804234637,139.87272733800555
lrb,10990,144.462737303,0.30693338109531265,144.8590550142176
lrb,10991,143.818996946,0.30817307170924785,143.02229802748738
lrb,10992,131.961862604,0.28760940948884167,131.47576961143344
lrb,10993,128.561868593,0.306483613636949,127.80201383104512
lrb,10994,140.366737951,0.3453645840849517,139.0866238463159
lrb,10995,146.143283285,0.31450286883516015,144.59784417245902
lrb,10996,144.207800787,0.29033997541945766,145.38538088331035
lrb,10997,161.918504799,0.28907494385518606,160.8689422009038
lrb,10998,174.686254241,0.291804254395751,172.15366037406173
lrb,10999,175.224299682,0.3268021281691326,175.0406581504672
lrb,11000,176.025012141,0.34445317080443794,171.62934902415554
lrb,11001,162.880128845,0.31401085070063994,162.70699977500766
lrb,11002,180.365724241,0.2929989745724184,180.8150357713886
lrb,11003,171.598180355,0.2956792555145315,77.67971912458832
lrb,11004,151.196542509,0.25891585770200515,16.008344822303922
lrb,11005,910.478785828,0.2724659108456404,847.1316996854894
lrb,11006,384.169746705,0.254362935562963,454.2715246761547
lrb,11006,23.8621552132,0.2946284071965651,14.43380572749119
lrb,11007,175.0545199,0.2343377367016815,110.22206654268152
lrb,11008,109.814897092,0.2293977510198323,68.49528988108915
lrb,11010,2.75867310974,0.21816665679216388,2.0994734221813727
lrb,11011,14.5980244982,0.25757952680190405,15.746050666360295
lrb,11006,81.4537117612,0.28003550972257346,45.92574549656288
lrb,11006,23.8621552132,0.2946284071965651,14.43380572749119
lrb,11007,155.297825727,0.29261184317438604,85.81563415527343
lrb,11008,121.92874254,0.2671057893967753,50.124802293964464
lrb,11009,107.729756649,0.2665907949091418,66.39580972708907
lrb,11010,109.295222249,0.2701807653919688,99.46264851888021
lrb,11011,128.113496481,0.26461813741541923,123.34438027774586
lrb,11012,124.98250193,0.2658474490804187,123.86945046817556
lrb,11013,124.585101017,0.24770429276111652,86.07887968175551
lrb,11014,125.979744216,0.21856848430889905,48.813127046472886
lrb,11015,124.480472352,0.2253290983083855,73.21981264002181
lrb,11016,123.506055239,0.22527685808508022,49.86301915785846
lrb,11017,130.533215519,0.24185899552637644,35.95394287109375
lrb,11018,193.110863488,0.2554135317292461,192.6293859145221
lrb,11019,295.523116093,0.28781750665416483,294.4557698866901
lrb,11020,427.855322125,0.32480537171245527,243.28069772159353
lrb,11021,254.486596802,0.37311624440033575,254.04107348872165
lrb,11022,222.221169836,0.37657658560810797,168.48617721258427
lrb,11023,153.95580271,0.2576730453116553,137.78102381089155
lrb,11024,250.043420296,0.2789913487892885,255.8793617697323
lrb,11025,239.875090245,0.31542147532985815,239.87059233422372
lrb,11026,349.06678811,0.33443310815124916,215.726233179429
lrb,11027,459.912004076,0.3361826945600286,257.97952366249234
lrb,11028,342.223741771,0.36347845385895805,252.2062940111347
lrb,11029,274.212571005,0.39586318311548874,272.4147957296932
lrb,11030,283.873014105,0.44351450217697475,280.0261187983494
lrb,11031,175.185949542,0.35289851239467246,174.2617726344688
lrb,11032,142.076314315,0.3193753017269871,139.88207565008426
lrb,11033,158.582084075,0.3464373470498965,150.11750458362056
lrb,11034,330.901676657,0.40696250421117497,329.3666743259804
lrb,11035,340.178044337,0.3718266382973682,341.70175143971164
lrb,11036,292.211894837,0.3708741241393868,292.3622826370539
lrb,11037,252.405788697,0.3205822704788006,218.0907056920669
lrb,11038,196.491872003,0.3920102034054407,161.66554670146866
lrb,11039,117.629678943,0.42275149061858097,112.32607927509385
lrb,11040,125.802742758,0.44122078160687195,129.12269951315488
lrb,11041,231.342027155,0.43724158733086066,141.1952511656518
lrb,11042,202.608057319,0.3343560337519446,156.1548880782782
lrb,11043,134.757753893,0.3220471228109038,73.22235421573416
lrb,11044,518.043381343,0.3967779970248991,508.8837936999751
lrb,11045,289.853308381,0.4215122345200292,354.3019494449391
lrb,11046,453.540017583,0.39547494133926925,459.0186920166015
lrb,11047,217.234185169,0.39562122201890615,216.25545890658515
lrb,11048,160.639558627,0.3763322166541717,147.4946034749349
lrb,11049,115.901273862,0.3783216107237552,117.57569630940756
lrb,11050,124.302344019,0.3579193917480675,126.23644720339307
lrb,11051,124.888760543,0.36616093694791974,126.23651721430761
lrb,11052,132.079280772,0.36259452679765564,127.5489039701574
lrb,11053,181.418878088,0.2840706118403521,209.43252114688647
lrb,11054,208.048082149,0.3523080256964291,177.67672220865887
lrb,11055,200.64581183,0.3995326320916912,204.44664435293163
lrb,11056,239.062963115,0.41593262916657986,236.72813367656636
lrb,11057,243.839356778,0.39065211449275944,239.35283894258387
lrb,11058,361.448535298,0.32946270896930896,259.8239236869064
lrb,11059,694.023115613,0.3266629746430899,567.6758648143095
lrb,11060,152.315553081,0.31257126124537715,128.6001797844382
lrb,11061,133.919680445,0.3776390872256247,131.4873228185317
lrb,11062,174.754778731,0.38868293850148306,176.10401575425092
lrb,11063,197.288115588,0.3819176320460524,191.85126603070427
lrb,11064,211.058812641,0.44065003844091677,197.88794600542855
lrb,11065,189.479422601,0.34453665176806936,189.2273942835191
lrb,11066,185.949436412,0.3431352432404522,177.67975652358112
lrb,11067,609.329895155,0.3550624667343969,261.92733579149433
lrb,11068,212.983777594,0.47664107811122,199.72601572672525
lrb,11069,218.755291032,0.4795508818259158,214.68575601016772
lrb,11070,296.033344949,0.3830738971255366,298.67065645105697
lrb,11071,157.714383326,0.3977861229855258,154.58434193929034
lrb,11072,381.318024162,0.32245300571612445,341.45103532379744
lrb,11073,293.185066907,0.3689343602151915,284.7612705604703
lrb,11074,496.253813578,0.48207711345619625,500.7585874968884
lrb,11075,260.348809625,0.42917562588667263,255.89153424431296
lrb,11076,311.545542073,0.2740305407064214,203.1388936659869
lrb,11077,128.839215929,0.30547685309940453,128.6021453259038
lrb,11078,191.895311411,0.3424436240315108,189.49106618843825
lrb,11079,140.304957198,0.3544077349706295,138.05045833213657
lrb,11080,155.926237363,0.38347869039402566,152.4853359147614
lrb,11081,190.885659284,0.38340121246005604,191.3283535228056
lrb,11082,227.785000757,0.4075647216790901,230.43378885306564
lrb,11083,181.919909223,0.41581426981056857,180.5676471785003
lrb,11084,202.260054304,0.375298698834323,200.25151558670342
lrb,11085,170.409404388,0.35818523714560596,171.90660708558326
lrb,11086,165.612429101,0.3987860966936435,160.62130315444048
lrb,11087,260.300211777,0.47780662685543207,262.1910670560949
lrb,11088,240.707246225,0.44254002414765914,240.14527848187615
lrb,11089,258.551089005,0.37052855852024413,260.8794725605086
lrb,11090,258.367014331,0.39717936036470053,225.18606046788832
lrb,11091,180.722609968,0.3687899836581456,153.27376759847004
lrb,11092,203.705594187,0.30570378041030555,198.15396940941906
lrb,11093,280.778779043,0.4204341084923845,263.2426417032878
lrb,11094,205.768131039,0.42265913127902976,197.6286613913144
lrb,11095,256.669893482,0.4623585115700234,269.0163216684379
lrb,11096,279.717405826,0.5221667390379628,279.77727529488357
lrb,11097,214.807865325,0.4740385215583385,214.16377159567443
lrb,11098,220.006315484,0.4686179610432125,218.62587705125992
lrb,11099,162.817569133,0.4540935901852397,161.67293752034507
lrb,11100,186.048434922,0.39453390880204064,183.4570426791322
lrb,11101,154.836287071,0.4095366526168326,150.91270072787415
lrb,11102,199.687707571,0.4302284351124927,198.94256514006972
lrb,11103,194.721548013,0.43355468038882355,196.58073356478823
lrb,11104,280.859820542,0.4212511994753235,270.85666809082034
lrb,11105,267.81656011,0.4320963503879645,264.8204934213676
lrb,11106,196.955083021,0.38887939756623713,199.99350711598117
lrb,11107,256.597507848,0.35354807730587123,248.54889726825792
lrb,11108,191.527216222,0.4010713507518693,195.79466421089919
lrb,11109,164.13302093,0.37518774450403974,162.2000461353975
lrb,11110,241.378364566,0.3176224667451575,245.66256531360105
lrb,11111,272.823554057,0.3205069217641475,263.24759572347006
lrb,11112,335.778058774,0.3233131230301201,332.27515357522407
lrb,11113,233.369370917,0.346023984960636,237.78964774935852
lrb,11114,394.441999787,0.3257709001988367,401.56611812815936
lrb,11115,467.685333284,0.32073105559831827,464.0323673921473
lrb,11116,416.322257404,0.2885809951380302,356.68577593635115
lrb,11117,304.2926101,0.30574764840714663,291.07032434800095
lrb,11118,285.586413618,0.3577478037639098,274.2727948357077
lrb,11119,320.515246115,0.335929433746426,312.8553970336915
lrb,11120,315.426268215,0.36897011649064504,316.2678025189568
lrb,11121,318.328984887,0.4310156138255852,322.30505586511947
lrb,11122,1040.79979157,0.46340993704477473,1029.910138388241
lrb,11123,458.663723608,0.4908190700305727,457.21293783748854
lrb,11124,341.531014682,0.5080508595511272,339.10348519717945
lrb,11125,359.291783886,0.36266408436958897,359.0495550716624
lrb,11126,399.094379917,0.3980326531236006,390.80798357795265
lrb,11127,482.395377642,0.37383418208505276,486.86927032470703
lrb,11128,307.027194236,0.48241042179683236,297.897003622616
lrb,11129,423.926100068,0.43834716933876716,439.6283617206648
lrb,11130,495.497687881,0.436489445198873,370.863082855823
lrb,11131,980.535820823,0.36667460406288843,223.35797900031594
lrb,11132,327.722554923,0.4569385283790613,162.4663542205212
lrb,11133,686.268856926,0.30510721284540454,52.23080698649088
lrb,11134,137.126312877,0.2850019791722298,39.370015761431524
lrb,11135,153.745195098,0.30955933295843896,119.68466769947727
lrb,11136,258.765508255,0.440441030113384,259.841329237994
lrb,11137,335.042588623,0.4252864983293703,327.8194042430205
lrb,11138,459.833754651,0.4349353323317745,459.577254710478
lrb,11139,343.111062665,0.398716391413034,348.2926643221986
lrb,11140,410.555478,0.33363991762418943,227.29618760651235
lrb,11141,292.06599316,0.3122393145697982,153.28077443440756
lrb,11142,338.074466606,0.3261036838005902,338.84541440477557
lrb,11143,474.963831541,0.38042291142785173,463.2545101689358
lrb,11144,392.215118866,0.41687976700300183,390.02551972632307
lrb,11145,671.488177829,0.38027960340444933,674.274481560202
lrb,11146,903.012919708,0.32195332356262685,899.2068554747339
lrb,11147,818.382999409,0.3724227661007567,414.69677165910315
lrb,11148,587.019065422,0.45592768889739793,316.27286050833914
lrb,11149,542.911824071,0.400175732076168,419.9481100942574
lrb,11150,1094.2015981,0.34608733994103846,238.05834093280862
lrb,11151,882.436675448,0.31547031648780993,416.53724984561694
lrb,11152,478.948875774,0.3278068757819053,279.2667156144684
lrb,11153,190.076328616,0.3159399817639825,185.8280828139361
lrb,11154,151.452759084,0.3190297375694828,150.39499957514744
lrb,11155,214.546393924,0.3276497750676752,215.75014576631435
lrb,11156,248.197158927,0.3272691379609026,244.62200353285846
lrb,11157,315.518375026,0.3662962121127931,311.5514937157724
lrb,11158,386.81778117,0.3365851931411064,385.0415843290441
lrb,11159,284.558024332,0.358869294634249,287.1410899143593
lrb,11160,280.919375856,0.354257601636187,274.80520435408056
lrb,11161,566.186518186,0.3532597493943213,154.59435750923902
lrb,11162,736.438914667,0.3370122925852329,295.01587560317097
lrb,11163,527.430910396,0.3765603211345536,292.3916526944029
lrb,11164,537.312532004,0.32788457348701644,405.5171131807215
lrb,11165,746.530145992,0.28627289826064345,631.5058537202723
lrb,11166,458.653589923,0.3062592496311194,398.9571783028397
lrb,11167,280.387213401,0.3367017298149872,228.61260256299784
lrb,11168,423.211040399,0.3114391230164266,166.40713946772556
lrb,11169,536.552276885,0.29502020939505796,483.99931751326017
lrb,11170,164.468630986,0.38719573812172436,164.30752835741228
lrb,11171,175.632871552,0.4221933351023344,174.01889495849608
lrb,11172,202.755242048,0.40940337685140965,202.36587677001953
lrb,11173,175.685817982,0.3839332475548699,170.86929967543657
lrb,11174,168.382486754,0.3982675434201245,165.09511533250992
lrb,11175,390.234677081,0.3970563141548912,213.3903410070083
lrb,11176,438.91616851,0.33964703905878746,274.54698139265474
lrb,11177,244.70532549,0.4273290257379799,253.28708612778607
lrb,11178,239.793193818,0.4568653499398912,229.66466019574335
lrb,11179,304.319419965,0.4537246370387241,305.5197475358551
lrb,11180,299.827419441,0.5237966680995894,293.4464723474839
lrb,11181,658.831314413,0.3249592498210247,515.7614565980201
lrb,11182,398.728843058,0.38533618630364885,180.58270461138557
lrb,11183,261.281100854,0.3565557554620631,137.27455605899587
lrb,11184,436.810629939,0.39681100400705493,130.18779476390165
lrb,11185,375.547341222,0.3014361830992091,125.72584632424747
lrb,11186,268.729020331,0.39137594374712553,230.71590297923365
lrb,11187,296.139271675,0.39490064826814947,267.9871811810662
lrb,11188,297.944782295,0.3339558509094405,290.82278101303996
lrb,11189,269.392410656,0.4495836346476867,271.3991219913258
lrb,11190,166.977599857,0.3843875053204691,144.09845590030446
lrb,11191,728.20795587,0.3465713303758803,329.4052177877987
lrb,11192,723.800468161,0.4191335930309382,323.8938689287972
lrb,11193,600.711695403,0.4550418756103738,340.43026760325705
lrb,11194,687.396910234,0.3880258628375082,298.69686503690826
lrb,11195,335.591726158,0.3268822792576691,332.8191408942728
lrb,11196,325.302321095,0.31616267628139916,318.9085500380573
lrb,11197,360.853844235,0.35086016622670174,266.41376001694624
lrb,11198,723.51882401,0.3531499649307097,255.39010907341452
lrb,11199,577.89050018,0.31946692559612944,306.5737387264476
lrb,11200,347.025563546,0.33734109550364977,335.70918417537916
lrb,11201,323.237698088,0.3783098775352169,307.0993080887141
lrb,11202,508.568511304,0.42351394351221056,529.6819525026808
lrb,11203,376.271814533,0.42834166727869843,368.2579080619065
lrb,11204,350.376283881,0.337191418363344,234.65636255600876
lrb,11205,900.451888215,0.3277637374521506,77.95643319522632
lrb,11206,472.852686182,0.3229670210701973,253.81807846368528
lrb,11207,368.887485474,0.33146334631528535,314.713646443685
lrb,11208,257.169772435,0.3959135946601329,259.8553686702952
lrb,11209,343.631806032,0.4029045857700676,342.0122075997146
lrb,11210,485.298860672,0.46503022622034584,481.1270117367015
lrb,11211,525.559904953,0.4155991122089232,523.646385641659
lrb,11212,376.408699097,0.47811960923178565,367.99628406599453
lrb,11213,341.401055124,0.5112080119255441,338.3362777410769
lrb,11214,266.853611741,0.512179732322693,275.3411762611539
lrb,11215,191.254331595,0.47524506550166146,185.3106217627432
lrb,11216,457.764912903,0.3175436001103822,456.1904998180913
lrb,11217,318.433153714,0.3865727081379349,318.65134346157896
lrb,11218,291.673746325,0.4559815974125196,289.25374965293736
lrb,11219,290.052166302,0.3987508916645527,284.0044190949084
lrb,11220,327.039254246,0.3934363230694225,328.8894433115043
lrb,11221,179.505035549,0.4483334803813929,174.81292919084137
lrb,11222,175.460348179,0.4645266449626755,178.4876486086378
lrb,11223,466.900814204,0.3265887184920958,464.591900993796
lrb,11224,188.960004045,0.40447717078841555,185.57480767941942
lrb,11225,155.398759169,0.3835551191715931,161.1641465729358
lrb,11226,188.183073362,0.41752555800335756,183.7378723144531
lrb,11227,276.617956838,0.4093296938245906,276.3938046324487
lrb,11228,144.653231975,0.42357882540160363,143.05294901529948
lrb,11229,446.904870183,0.4313315366849071,471.41937447342224
lrb,11230,608.821261773,0.43759694181366143,591.9001265881108
lrb,11231,236.621786366,0.4416692511552566,230.72329236198874
lrb,11232,185.998125944,0.27448039837661214,183.4764949125402
lrb,11233,310.957393063,0.3431746096374516,261.95955589144836
lrb,11234,312.339761742,0.38109549380161534,288.7330419503007
lrb,11235,519.092133948,0.2906741776495381,237.28686601227406
lrb,11236,328.765236086,0.41825340130957034,417.61333597220624
lrb,11237,984.326601232,0.31302985302023517,975.6541928459618
lrb,11238,566.041374825,0.3181374105254612,577.7297624775008
lrb,11239,199.554280621,0.4165501760992599,197.38939930036955
lrb,11240,268.85504877,0.41276979309333345,242.53740485696233
lrb,11241,746.037016228,0.36311697375870516,162.74175809972425
lrb,11242,500.543956488,0.3610978605003532,114.44437896130131
lrb,11243,195.238639315,0.3585352408034461,146.9927676930147
lrb,11244,209.439700515,0.4354939004886397,203.68990759756053
lrb,11245,260.167832769,0.4656292164240651,257.499147123449
lrb,11246,631.692588747,0.3245050081136711,556.2072272506415
lrb,11247,265.154644322,0.37309476979061873,260.9113813213273
lrb,11248,206.648108158,0.41033321560521396,200.5399959788603
lrb,11249,221.211514837,0.3804277981422385,218.65197978300205
lrb,11250,192.048921526,0.35399689452838057,177.96673269832834
lrb,11251,150.500158308,0.3601455177212584,152.24318919462317
lrb,11252,307.306025248,0.28569958701803183,266.4260285321404
lrb,11253,271.921647039,0.3117740617732744,242.80250100528494
lrb,11254,136.113721121,0.34844445736928914,137.0194724587833
lrb,11255,127.094811397,0.36588993007667886,125.47016996495863
lrb,11256,117.533378165,0.4110625799050171,109.7208844353171
lrb,11257,258.744261003,0.36583141470798347,259.86573387594785
lrb,11258,399.793451287,0.3857042137691174,402.9240455477845
lrb,11259,155.014580119,0.3691455901765504,156.96984175139784
lrb,11260,141.078990721,0.37990779413239045,142.79550990684362
lrb,11261,207.348102474,0.3986865918879485,211.04370278751148
lrb,11262,235.77176709,0.3870187091029915,227.58101869470931
lrb,11263,124.894710804,0.3664079269136839,129.1465619255515
lrb,11264,207.807078427,0.3561459082155761,201.85721689860026
lrb,11265,266.776712945,0.32538147394250083,269.056022344851
lrb,11266,145.356656402,0.38913859296590086,146.99677201813344
lrb,11267,150.337379072,0.4019694182411719,150.67182754815795
lrb,11268,141.699737141,0.36312213001748483,140.9597418392406
lrb,11269,137.815410919,0.34955038561554486,131.51011971866382
lrb,11270,115.425769968,0.3484532004052943,115.49812930238015
lrb,11271,141.512210662,0.2882512619949522,137.81049167408662
lrb,11272,134.02701672,0.30387100044754334,134.3982365626915
lrb,11273,141.092494829,0.36617607481087544,138.8609069525027
lrb,11274,191.03388887,0.38356082923134,186.63561105167167
lrb,11275,124.891977056,0.34558289800226816,123.63644534840303
lrb,11276,184.168897405,0.4015773280949917,185.84838032441982
lrb,11277,147.049173188,0.36849176508324755,137.548966291839
lrb,11278,134.547084734,0.31392134940901467,112.87429016711664
lrb,11279,133.738370142,0.30625095107453937,123.37444649490655
lrb,11280,152.773313433,0.2962491810321808,156.97454373228786
lrb,11281,147.486990551,0.3765259698996526,69.03740740009383
lrb,11282,165.405840995,0.38820967190762845,159.86245422363282
lrb,11283,211.671372011,0.41471884873094433,207.3751492070217
lrb,11284,196.281906959,0.4254578494548797,164.06287473790783
lrb,11285,165.186041669,0.35103502563941164,143.32559213077323
lrb,11286,165.638886805,0.41626849894722306,138.60081060072955
lrb,11287,145.233741302,0.4240142454703649,138.60107493681068
lrb,11288,125.151896006,0.43936786871101413,77.70068458108341
lrb,11289,95.9956269996,0.4234018833250613,58.27559365665212
lrb,11290,147.091659455,0.43478478750456934,144.90154508702895
lrb,11291,173.569275537,0.4302503312126212,171.6768304263844
lrb,11292,148.81928503,0.40725290681021076,149.3642738791073
lrb,11293,139.327013877,0.3919287469811164,136.5017812392291
lrb,11294,136.462089244,0.40434824767340705,131.7769463034237
lrb,11295,147.68935809,0.4039267775543193,148.05244391946232
lrb,11296,118.265312214,0.38550592105040393,116.81463652966069
lrb,11297,113.168625146,0.39169858743632363,113.6647637161554
lrb,11298,110.471430075,0.36365305205092047,110.77740951238894
lrb,11299,131.363940211,0.3569829581833598,105.52743449491612
lrb,11300,108.913267986,0.41035464135083277,57.751440908394606
lrb,11301,124.381821489,0.36974919288177194,66.67676397585402
lrb,11302,169.994007207,0.32836932756684034,112.61564519545611
lrb,11303,136.528251728,0.3138296217898651,126.79114837646485
lrb,11304,143.189514336,0.3321627592735917,143.8543638939951
lrb,11305,107.5738864,0.3398873613726708,105.79080176259956
lrb,11306,90.8049991989,0.3119654968430765,78.49006416470397
lrb,11307,115.984238394,0.36830613141629237,87.9405075970818
lrb,11308,206.792826823,0.39446153604118517,140.9675351311179
lrb,11309,216.279201856,0.29806122801719453,143.06788889567056
lrb,11310,125.079870037,0.31186477572320576,118.39201639212814
lrb,11311,131.984098176,0.4050221409353506,122.5921194039139
lrb,11312,144.179378449,0.32923073669486463,123.11706916958678
lrb,11313,131.743567104,0.3918487769334428,101.32888689228133
lrb,11314,117.113803954,0.3970416283462106,107.62932616589117
lrb,11315,114.023943606,0.39490584892351266,108.6795358096852
lrb,11316,233.525386744,0.3376059709622438,149.89400317622164
lrb,11317,198.109844146,0.3408578011357392,151.4692927341835
lrb,11318,135.887657233,0.35237703919410707,135.19378736907362
lrb,11319,216.087051371,0.3957698844907349,216.04799038756127
lrb,11320,354.408699873,0.40710417128157345,342.5798256070006
lrb,11321,169.334215655,0.3542537897320117,154.8828970516429
lrb,11322,316.718316306,0.39170849596410084,257.7886037489948
lrb,11323,320.440369454,0.39442006003305397,272.4898503023036
lrb,11324,170.485658718,0.41590129082498983,120.49422347124884
lrb,11325,195.862805879,0.3785536087910581,169.0597002814798
lrb,11326,176.482500091,0.3284487689952613,168.53495196174174
lrb,11327,149.881375988,0.3329827056422255,122.33243264590993
lrb,11328,160.095541715,0.36587780878623793,133.09580939797794
lrb,11329,183.524443639,0.2988526524761088,166.17316984288834
lrb,11330,215.643736556,0.29713157482613295,174.5739615945255
lrb,11331,255.273375584,0.31676345085669416,219.20230620141123
lrb,11332,219.651792162,0.33421181646182385,218.94014748965992
lrb,11333,233.170188881,0.3687475809231907,231.54139467127183
lrb,11334,263.010768447,0.3872190981571722,250.18063836191214
lrb,11335,295.036650469,0.37802805588078153,291.9216357661228
lrb,11336,292.431664216,0.34715046602493627,258.05706416111366
lrb,11337,262.648434722,0.3466256196803317,243.61897056429993
lrb,11338,152.358595744,0.3358022795668964,152.26203544467106
lrb,11339,260.522757956,0.3933499668073911,244.14468069637525
lrb,11340,145.608717739,0.39119019144945016,145.96198069254558
lrb,11341,260.905788501,0.4078854479130946,249.39584075329347
lrb,11342,168.147119526,0.3176964306431893,148.85021945728974
lrb,11343,283.666386242,0.3172337309686921,205.55523214901197
lrb,11344,310.838490378,0.32384108945175455,198.46738038904525
lrb,11345,223.078037261,0.3339081215345935,164.8645607144225
lrb,11346,234.212826654,0.3306194802459616,218.41956362256815
lrb,11347,241.402538336,0.377225826488682,213.95700327555338
lrb,11348,248.829973498,0.3657243262444224,246.24781990799252
lrb,11349,231.281245861,0.3740328532787723,227.34640452067057
lrb,11350,69.4085178691,0.42170492435974494,67.99400290694892
lrb,11351,152.473693711,0.4196750463164599,155.1524205824908
lrb,11352,206.131977607,0.42443143152802404,193.4813412236232
lrb,11353,193.4315432,0.34706612764598643,184.0307446049709
lrb,11354,156.70515763,0.2665574512944734,158.82850329829196
lrb,11355,135.564534822,0.30717794632859746,120.49981405220778
lrb,11356,171.39577724,0.2747787818967955,137.30173483455883
lrb,11357,171.343651268,0.29264538026660497,85.58389668184168
lrb,11358,239.909945722,0.2947024214491006,161.19195350198183
lrb,11359,239.328020634,0.30375212306641336,239.1628640567555
lrb,11360,253.977756798,0.34654896461143697,248.08901753145102
lrb,11361,253.407895377,0.4096297354359388,247.56405630672677
lrb,11362,241.756331472,0.40500649809837336,238.11306547277113
lrb,11363,325.70183963,0.3799507121085738,327.3730581844555
lrb,11364,338.744240466,0.3821023908561405,344.96267942540777
lrb,11365,257.433276736,0.3743608162758199,259.11561862721163
lrb,11366,287.191973106,0.394576105137344,275.39268556482654
lrb,11367,169.918777814,0.2643487911228359,156.72970859303194
lrb,11368,178.838951411,0.33400644716548633,174.3194501091452
lrb,11369,300.848833703,0.3985141879227893,305.3220290240119
lrb,11370,267.892042754,0.3791768294372578,265.68049316406245
lrb,11371,245.228842566,0.3998320770025511,243.1032991297105
lrb,11372,218.479132681,0.37675341473076013,216.8506223192402
lrb,11373,213.887098408,0.3272429374438938,215.01328400256585
lrb,11374,201.156374881,0.3193023957569024,197.94904357311773
lrb,11375,153.387869904,0.3188310643053773,156.99431954178155
lrb,11376,172.182888226,0.33517947758725086,171.1712788600548
lrb,11377,190.110958627,0.33147348555770834,190.86145318723192
lrb,11378,191.359539681,0.3441529240345416,197.6875421860639
lrb,11379,1859.66303892,0.38361310529759196,1865.308265566358
