stream,Input_FID,Shape_Area_20,NDVI_veg21_20,Veg_area_veg21_20
lt,2898,417.673696884,,0.0
lt,2991,461.828909397,,0.0
lt,3627,649.416093602,0.24477795430118063,490.5864075305414
lt,90,632.661560127,,0.0
lt,1978,487.485154405,0.2478787045055194,274.2626738005993
lt,1069,557.01410804,0.2147629777792255,349.29299208697154
lt,1074,728.066147092,0.2148041043230646,695.4252736708696
lt,1369,591.680275815,0.2627708621154642,360.2561470480526
lt,1062,620.632524231,,0.0
lt,3375,500.468142241,,0.0
lt,331,584.0999841,,0.0
lt,3438,596.681377903,,0.0
lt,3791,658.353579695,0.2202151022011882,333.2803883870443
lt,3101,1281.35485624,,0.0
lt,3845,386.996223574,0.22577394641214799,24.425369083180147
lt,3848,628.243474542,0.20475497638025592,203.54460682588464
lt,616,533.940115616,0.23718565333327019,57.309476844937194
lt,2853,441.225519692,0.21049698336529438,149.9247428146063
lt,2913,605.466214972,,0.0
lt,2070,484.004057473,0.1920718383197942,31.78447624655331
lt,3909,420.317577883,0.217787504196167,37.5581948373832
lt,1155,230.259753272,0.2977141278251162,195.00640632778993
lt,655,420.262132733,0.2346546199054472,132.49134315041934
lt,506,555.296488975,,0.0
lt,2678,281.398103236,,0.0
lt,1336,540.384812904,0.3041996014963768,188.9376937866211
lt,571,367.941244362,,0.0
lt,2806,564.688330741,,0.0
lt,676,579.094955796,0.3044117540121079,114.6150442684398
lt,3473,928.027462826,0.1965666796479906,29.41504576439951
lt,107,532.993975268,,0.0
lt,3559,1067.22320785,0.22023249003316794,427.0269622802734
lt,3179,2380.53835825,0.2082910478049869,240.0232204063266
lt,125,527.21989553,,0.0
lt,648,647.578789567,0.22519503133950258,186.1205521527459
lt,2332,296.550439803,0.24132446342280933,183.84673174689797
lt,4109,536.345207417,,0.0
lt,1277,490.670969909,0.24703957335383298,118.52319443646599
lt,3939,586.770765169,0.19149445556104186,4.202342014686733
lt,2841,600.022991479,0.2032107354584103,131.02078854429956
lt,3572,1462.31772042,0.25762842134462566,333.52847753786574
lt,181,455.795774623,0.20163634432398755,120.95454047707949
lt,636,879.319331446,,0.0
lt,3499,1393.14189207,0.20328363287172732,612.2003572351794
lt,1359,599.696059741,0.2831990990379538,304.55205221737134
lt,3008,1593.14073288,,0.0
lt,1811,629.870154303,0.21108283596582691,198.0960350485409
lt,2976,849.817253318,,0.0
lt,2399,452.020003946,0.24155454981376376,444.3678058399873
lt,2259,702.344025035,0.18496771890557176,34.66934383616728
lt,57,438.963377273,,0.0
lt,3137,3266.37615355,0.2747064579587839,97.95284800809974
lt,2283,503.622171774,0.26552932581791044,187.00441891539333
lt,998,640.208477674,0.2290472100425211,126.95155316521141
lt,4035,1271.23779562,,0.0
lt,2939,1331.94805163,,0.0
lt,4125,649.076785219,0.2070861144763667,53.84614802341835
lt,2732,454.991002225,0.19415631890296936,0.2625832950367647
lt,795,836.860581123,0.2059864542647904,67.02782574821921
lt,1933,640.877235282,0.20080639073385462,212.27071497300093
lt,3109,1394.89674891,,0.0
lt,3965,884.063279044,0.19963705326829637,45.963583703134574
lt,2816,653.459144283,,0.0
lt,3271,1548.91328793,,0.0
lt,525,474.722461065,0.20609629154205322,72.82286619298597
lt,254,499.231594311,,0.0
lt,1378,683.816207177,0.26342417375719396,293.77456126493564
lt,2508,772.044740963,0.20262842113519866,365.8105771831438
lt,339,520.542112546,,0.0
lt,2143,1515.29367359,0.2221413731502696,974.2331881354836
lt,3442,963.116182407,,0.0
lt,564,729.930150259,0.20916801691055298,6.572585012398514
lt,2284,552.37720094,0.2736997528784517,289.96180635340073
lt,466,580.2690505,,0.0
lt,3078,1619.89308691,,0.0
lt,2055,1159.81381897,0.20248859212733805,218.55498013963887
lt,1468,537.076520172,0.24029164733750133,362.34656934551174
lt,1806,800.555411552,0.20474335535793567,151.85656265557978
lt,2094,951.455391635,0.198741152882576,45.7049758013557
lt,376,501.183507037,,0.0
lt,3901,598.706813954,0.20330493907476294,76.16643224977979
lt,634,842.932992816,,0.0
lt,123,526.163298739,0.19771665334701538,8.93995869954427
lt,2955,464.945996961,,0.0
lt,851,449.570044794,,0.0
lt,919,776.852102811,0.1949836825725518,162.17766256893384
lt,3468,1605.98811924,0.19796070419230982,934.4478133257696
lt,159,396.284840088,,0.0
lt,791,459.002588847,,0.0
lt,1379,618.134669583,0.2481484103569827,230.4474884930779
lt,2534,437.22913527,0.25748060126411354,310.91870087268313
lt,160,326.931224513,,0.0
lt,1915,580.712481611,0.19970594236327055,238.02140835032745
lt,707,506.615625167,0.2559715509414673,18.663675166111368
lt,2611,376.140349798,0.20430522028752082,163.32873098336015
lt,2524,859.066437359,0.22156909368160377,240.80657929065183
lt,1825,739.580089826,0.21259009402976992,351.78899814381316
lt,410,538.052973343,,0.0
lt,603,558.097960216,,0.0
lt,1730,683.363429829,0.1921883557202681,83.55329401352826
lt,3536,620.557725177,0.20089221972082077,420.9929373647652
lt,3836,702.673141382,0.2269511902261348,88.24583620557598
lt,2946,1018.69071366,,0.0
lt,3849,535.258493295,0.21398344019531043,241.88977912454044
lt,1602,1476.15625049,0.22291817757880913,278.51413203220744
lt,295,473.389996262,,0.0
lt,792,514.329146393,,0.0
lt,119,482.732078544,0.19771665334701538,3.6811594645182293
lt,903,484.43548858,0.2821436500724624,89.36975262211818
lt,1649,863.135563807,0.21564180402108177,319.23760447782627
lt,1270,374.291532145,0.30362687549157885,370.2878447588752
lt,3214,2632.80227654,,0.0
lt,2544,802.789960037,0.25018305745085373,142.85249660716337
lt,1094,1737.44027409,0.2784508637406609,57.82019497740502
lt,2833,474.368288143,,0.0
lt,3805,1529.00830438,0.20617908780116181,192.50928796506395
lt,3554,694.731977641,0.2389888698455271,322.24011275347544
lt,904,579.863283187,0.29177371923599327,299.6510180305032
lt,327,333.808577973,,0.0
lt,288,2029.51606943,,0.0
lt,3720,1356.66315187,0.24964707271915995,402.8759026620902
lt,455,547.322828398,0.18363305926322937,5.2582846248851105
lt,1711,1092.08669383,0.21818315512255615,254.59674808277805
lt,900,572.894196903,,0.0
lt,2468,613.991811116,0.20449390857367925,299.910299652698
lt,257,549.863341336,0.18786226212978363,38.3885092940985
lt,4129,552.140842777,,0.0
lt,4026,596.187921198,0.17539603503311382,111.624797447055
lt,1004,682.291465107,0.22007977030082054,44.94530585793888
lt,18,495.518376585,,0.0
lt,1068,581.322206313,0.22301859515917472,259.1448419608322
lt,3307,523.266483665,,0.0
lt,2197,499.22037594,0.23587682093621032,172.8293825336531
lt,2794,452.189964866,,0.0
lt,3731,1298.48699356,0.2360317076732673,1294.4895453060371
lt,1634,633.448294497,0.2184944965885681,27.06296165316713
lt,2437,428.008493086,0.2922974090243495,146.805145592783
lt,279,426.508314951,0.19565281249322733,173.27028521369485
lt,2323,529.720545109,0.2183406391157072,377.4158820357977
lt,764,558.626542245,0.2227301234370666,279.9442381017348
lt,3052,1002.04464681,,0.0
lt,3890,579.808140208,0.20743805697020745,155.22158660888672
lt,2330,501.346458945,0.23412327610883293,227.97056516759534
lt,40,531.074360827,,0.0
lt,2163,657.739926615,0.23987751075085376,195.68195675120631
lt,2588,448.006044866,0.19184215366840363,5.251701803768382
lt,489,471.051408027,,0.0
lt,304,483.600419635,0.20583067643336764,20.508402207318476
lt,1339,602.615013817,0.31210952766454747,200.23616063735065
lt,2715,538.425088507,,0.0
lt,1130,756.588710535,0.2512355584330393,439.4323116526884
lt,1544,594.583448297,0.20135494046080915,163.43018885593787
lt,3775,398.442790587,0.221711043439652,331.4401968264112
lt,3751,1230.08268535,0.24237733946596343,645.5485683366363
lt,1961,700.538775321,0.25478363741029253,214.1029692107556
lt,2279,390.270025255,0.25037405752684494,395.5448839374617
lt,1318,552.121339729,0.23690047760413388,66.7476635203642
lt,3322,1017.42124554,,0.0
lt,1181,1205.66756185,0.2713121070176818,706.1687505086262
lt,1619,1678.61328673,0.2288964526585923,106.93661558861827
lt,3556,1077.70209425,0.22902423694632415,200.90819504681755
lt,924,527.15216793,0.20248667895793915,1.314237258013557
lt,3659,1197.49698913,0.2029175211615783,176.22178021599265
lt,3642,1193.28628534,0.20971936218440534,210.10044322294348
lt,3714,1137.81541878,0.24794539656270712,486.13451870188993
lt,3124,677.078293992,,0.0
lt,2010,467.060453949,0.22106732624507297,197.28386688232422
lt,3092,3483.37187611,,0.0
lt,229,939.799323372,,0.0
lt,63,466.619693694,,0.0
lt,3509,983.493071272,,0.0
lt,2874,192.159150146,0.2672939583355067,51.46353203268612
lt,724,507.106359114,,0.0
lt,2193,433.100582025,0.24548680059732184,292.600734875249
lt,1630,658.004509563,0.21289755782215353,223.59688897226374
lt,3607,916.134576481,0.22468184229994695,547.3186878578334
lt,2742,465.614491253,,0.0
lt,1966,627.485019734,0.2399400200270602,486.79347231995825
lt,2056,1197.85489284,0.21279522218171837,270.5667485255821
lt,2438,581.951558231,0.2551304915630787,103.20991641773897
lt,1985,441.31120223,0.26210280251226686,396.6810943005131
lt,2372,519.442272928,0.22367287751060164,392.109477263806
lt,3991,498.79941804,,0.0
lt,3464,627.255157062,0.21061043271546143,468.0080727072324
lt,2865,952.904287769,,0.0
lt,3460,1176.6285185,0.20386249584626115,652.8997078989066
lt,3814,3407.23133393,,0.0
lt,3674,666.597982893,0.2226202600612873,118.44506928687001
lt,373,515.874766134,,0.0
lt,658,449.287418397,0.20012393842140833,6.309161735983456
lt,696,603.960101679,0.19049224257469177,33.38489412793926
lt,2668,503.645146721,,0.0
lt,1803,655.839619107,0.21612666498629893,273.50075710521025
lt,549,495.638298964,0.17955707013607025,5.258076985677083
lt,77,655.146851778,,0.0
lt,1080,621.145256931,0.227614641035159,152.17487948548563
lt,693,483.761509626,,0.0
lt,2030,697.502947891,0.2382680606884016,74.60444060680912
lt,3248,1191.60746399,,0.0
lt,2999,1005.3865165,0.19264279305934906,2.8885156369676777
lt,3356,1233.19148118,0.22403869278505645,192.7586811140472
lt,3548,1729.55811951,0.24992517371746625,346.6629158468807
lt,759,723.88552215,0.26945011547574554,455.00934187945194
lt,2190,677.019018413,0.20926581250430945,349.85884525074675
lt,1342,591.219801921,0.2546741649767949,211.27187643612132
lt,3443,698.683923648,,0.0
lt,165,396.341136189,,0.0
lt,675,446.301150602,0.23232528159492893,49.9470116110409
lt,3453,1535.52967118,,0.0
lt,3724,1119.19751932,0.22912510042984963,661.3058515660903
lt,2037,644.406273716,0.20495445964146153,358.83446003035
lt,9,493.688242014,0.20104289094607036,78.88929479262407
lt,1609,1265.78286231,0.20035239383452236,310.5666351916744
lt,450,520.6484006,,0.0
lt,3603,1545.97852111,0.2224027962279918,397.61874865363626
lt,3223,1902.5438083,,0.0
lt,232,527.787512961,,0.0
lt,3894,571.91695421,0.20282468937435433,159.68643373975567
lt,2995,562.049480478,,0.0
lt,475,597.906975384,0.19374889135360718,4.995310704848346
lt,836,644.304769375,0.17732903361320496,12.88018777884689
lt,4103,1082.57019188,,0.0
lt,379,468.962493546,0.18224379420280457,3.1551495720358456
lt,258,507.972754353,0.1738758518123159,53.638696378820086
lt,501,503.081189527,0.215875429185954,69.40653991699219
lt,2362,653.76376062,0.22279958540288763,303.86603737625416
lt,996,978.704071194,0.22330803911548544,246.2815869798847
lt,3298,754.567040415,,0.0
lt,2401,786.50210451,0.22379784543711445,419.15564386704386
lt,1301,588.105389943,0.3519141686453369,542.6684020098518
lt,1760,664.344128249,0.20165513487572365,24.697305178174787
lt,457,515.679634807,0.1596933901309967,43.118007525275736
lt,344,455.25336962,,0.0
lt,3365,878.637451475,0.24860747264253463,629.2255148195752
lt,421,491.14790727,,0.0
lt,2371,769.08347619,0.20981188408814827,408.39147560269225
lt,3121,1010.95623853,,0.0
lt,2263,626.466647099,0.1930324690966632,295.2168564141965
lt,677,836.225486449,0.28216884346730114,200.57619799445658
lt,3055,2043.75926098,,0.0
lt,412,511.02523298,0.18883071839809418,21.296418672449448
lt,641,1295.29221095,0.26331096626546263,36.01504648246017
lt,3816,573.760565559,0.22819702835532565,247.92739503149892
lt,1695,925.578987351,0.2290748174177709,660.0002415376551
lt,1450,565.263139352,0.23347636733614088,549.1723454793295
lt,2639,555.145415572,,0.0
lt,805,458.535066665,,0.0
lt,2307,726.004054511,,0.0
lt,2537,702.832629371,0.24749874342837802,315.3820430381625
lt,922,502.206725999,0.20248667895793915,11.302440418916591
lt,3190,1900.42891362,,0.0
lt,1713,780.627149995,0.22245191344870377,161.84955671721815
lt,2453,1193.36305771,0.21342728940953268,824.8995168947706
lt,1968,455.795599714,0.2539870520029645,343.09484240962007
lt,3340,2300.7418565,0.20226065814495087,64.864880101821
lt,2944,1166.23395839,,0.0
lt,2036,1602.36710986,0.21029715297995386,485.97417877795647
lt,3643,785.121755874,0.21789842760562897,196.96912249396829
lt,299,477.382226282,0.18446601927280426,39.96550077550551
lt,109,505.200197406,,0.0
lt,2185,658.719867478,0.21290958538307755,193.57672717524508
lt,2555,1840.43929104,0.22502233325995744,213.750319148045
lt,568,445.081275698,0.18435807085373035,37.332346598307296
lt,4043,637.767442255,,0.0
lt,3451,1845.77334314,0.1983185992868626,54.36539710549747
lt,2348,527.534129082,0.24465752202827296,524.7460345099954
lt,1909,766.297056079,0.21798308470170016,269.0220902985218
lt,2635,577.895178063,0.20130244989542698,80.6135082469267
lt,85,526.490937498,,0.0
lt,3175,1084.45376888,0.2307719463548303,364.2362545836205
lt,1453,484.109309629,0.24375298336740667,171.8462936401367
lt,3639,1421.67120565,0.19518420342633971,175.95912484561697
lt,3632,1163.69569249,0.2410706665999862,782.1014740887808
lt,1349,720.827653358,0.3066988610738033,291.68000344669116
lt,195,563.791413521,0.20155422978754733,69.15374579336128
lt,3793,929.251376125,0.22077462890365449,737.7302417829925
lt,1826,541.948433771,0.21028117726833437,360.1956344604493
lt,173,513.337598634,0.18588050997451597,48.38217378504136
lt,2061,596.69581088,0.22131518855602783,221.96951308904912
lt,3439,1035.49283313,0.17631834745407104,18.90941162109375
lt,3083,865.185796854,,0.0
lt,1086,677.442662921,0.2633577610831707,386.87389613132854
lt,1483,661.636731202,0.22359578427153104,277.47104097254135
lt,309,481.111901829,0.20710820608279285,44.697723388671875
lt,1530,1395.04767261,0.25013512683627165,756.2104633106902
lt,2690,479.35921198,0.23971643951855753,114.75031950707529
lt,1206,643.19754302,0.31037815382528355,551.3751219805549
lt,2210,1055.13051608,0.21617019057331288,272.63475763657516
lt,1321,590.520193501,0.3020184825331267,212.3301201315487
lt,2159,787.566071818,0.23817628112955883,136.84676803888058
lt,2196,422.786197139,0.23195058530962406,155.2311517154469
lt,2086,532.116474911,,0.0
lt,306,483.048477742,0.20534888877405374,55.47785725313074
lt,712,511.167028164,0.21006730848397961,82.01487247242648
lt,197,541.029570013,,0.0
lt,3478,873.378591154,0.20153279072147304,418.3791438383214
lt,2394,694.59546372,0.21262120510861007,215.61796602735333
lt,2255,508.413826089,0.2271371144080849,127.64584919050628
lt,3397,1444.06354454,0.1985687335783785,161.77458950865503
lt,551,519.325730336,0.18478022273629902,63.096970950855926
lt,2106,1814.61934912,0.22315641363557404,709.7492909749349
lt,625,478.323422753,0.23477686180176868,155.36565076042623
lt,210,536.066443173,0.20518825948238373,57.057582152123544
lt,1061,617.154292497,0.1946868598461151,45.2061112946155
lt,2980,555.851547025,,0.0
lt,2656,586.661173171,0.20539086265489462,50.41685871797449
lt,1808,744.482150169,0.25352956574987356,223.84389486873852
lt,4045,713.907335231,,0.0
lt,1299,1341.05319946,0.3179811976620279,596.5430861828374
lt,2727,450.809500867,,0.0
lt,4115,1238.82257345,0.20330703258514404,3.677253932578891
lt,3745,650.568029379,0.23212448908496153,636.8768991208543
lt,1628,698.655215719,0.21393219721494885,141.09416692397173
lt,3019,1155.8583677,,0.0
lt,2912,486.451424761,0.21249127388000488,0.5251340379901961
lt,3169,1401.51882551,0.2787979378157463,975.8467676798505
lt,3141,542.472157403,0.32314130997498425,314.3416379143211
lt,1485,971.182062801,0.25782383617829097,489.777533677045
lt,3015,2011.06494231,,0.0
lt,1210,689.502251701,0.28249049029279755,684.0956177655389
lt,2358,513.125911822,0.1986027956008911,1.8384309357287836
lt,1128,685.948954784,0.2860184763210701,281.741509590897
lt,3297,659.440158448,,0.0
lt,944,1099.76512069,0.2115247728831974,425.81335628733916
lt,3368,1118.25671446,0.19571010414086257,80.6230931300743
lt,2047,377.659744334,0.2286608864064817,375.6436697268018
lt,2267,710.858405749,0.19633376978387768,78.26889187681908
lt,3481,844.900123648,0.19538597762584686,41.759363870059744
lt,3540,1249.86698087,0.2431995268909864,777.1138142604455
lt,4000,539.540148066,0.22161175875828182,175.18607704312194
lt,889,602.660235978,,0.0
lt,1309,570.390756786,0.20651568594240696,112.47398202933516
lt,790,568.248631289,,0.0
lt,2761,503.589835437,,0.0
lt,414,545.845356609,,0.0
lt,3317,1850.32584346,,0.0
lt,3908,478.986259091,,0.0
lt,3489,1101.01029024,0.19511360068653902,11.293455505371092
lt,2246,454.060077777,0.22508914327488266,47.013977798761104
lt,1605,1158.25401471,0.20092072021240462,604.0577369241154
lt,17,505.476977756,,0.0
lt,2680,330.270188381,,0.0
lt,3412,1210.70949377,,0.0
lt,2677,221.318245592,0.2032547891139984,16.28036092122396
lt,510,701.079805435,0.1899680136338524,90.70208309397978
lt,2773,400.575749069,,0.0
lt,3617,1598.48097771,0.23405434605320216,757.9513995899874
lt,368,620.614750748,,0.0
lt,1143,521.603943435,0.2819221446052246,519.5880509320427
lt,1443,479.193593903,0.204891425677749,329.5060256060432
lt,2921,385.395318494,,0.0
lt,1965,633.125613245,0.2306524013751677,436.35305762197453
lt,3861,459.889998295,0.2402048059174272,80.1049342435949
lt,2752,523.791241761,,0.0
lt,2643,576.000598761,,0.0
lt,1762,1030.02949644,0.2184062485918781,51.759213645785465
lt,3409,723.662126836,,0.0
lt,3027,1693.80646037,,0.0
lt,3595,775.683078475,0.22220649829809214,453.0311308916877
lt,694,506.498809645,,0.0
lt,3090,1334.60986734,,0.0
lt,3265,594.012101782,,0.0
lt,2938,593.761431521,,0.0
lt,2713,483.715175208,,0.0
lt,1010,620.267214959,0.23120661656380978,196.33911072974112
lt,3183,1141.11692499,,0.0
lt,2271,273.15324731,0.2457516618955757,277.091817369648
lt,3629,854.197008701,0.2530622243615747,796.0220587936103
lt,1449,487.674697488,0.2653345450368139,460.8847181133196
lt,1495,1618.65145118,0.22765978758728037,94.06819703345205
lt,2144,1408.9208015,0.20641060704945396,447.0587895112879
lt,1000,464.000496243,0.23232477559262968,130.89358547435089
lt,3188,1154.86031912,0.20720720291137695,39.128883002786075
lt,3020,1348.74973666,0.19929055869579315,4.464215596516927
lt,2407,499.264815424,0.20584274236297878,280.2217102050781
lt,1276,399.362251521,0.19772691887564364,148.48274545108572
lt,1188,300.789862745,0.28321189795947055,246.7795561846565
lt,2897,438.737195943,0.20745252072811127,14.966424111758963
lt,3127,2053.06244289,,0.0
lt,2222,583.681321509,0.20598708461152343,430.74630889892575
lt,53,463.37745691,,0.0
lt,3889,483.392914195,0.20654482650570571,67.23645480286842
lt,1002,276.707948666,0.23495876628940351,56.24732498468137
lt,3520,1688.47639876,,0.0
lt,239,528.419408257,,0.0
lt,1182,582.831574025,0.33632620239864325,583.7007336485619
lt,3923,467.503290936,,0.0
lt,3030,1421.12173364,,0.0
lt,1162,496.040518066,0.36345804545424065,255.9771079867494
lt,1852,443.957720392,0.22170137310904156,200.19485575358075
lt,2815,303.783606684,,0.0
lt,1474,539.994507986,0.26046105573298245,424.8795347325942
lt,1552,547.688047663,0.21012352316645136,507.099422080844
lt,1033,474.94778562,,0.0
lt,2545,783.88159741,0.244484352203907,332.4466438742245
lt,3773,572.152742984,0.2181648606518551,575.9486004100127
lt,2463,794.466940306,0.23987627941402584,240.29588090485214
lt,1491,1645.46273596,0.2397129250288594,536.0280075073242
lt,2473,276.786636892,0.2472681053932109,204.05318738152002
lt,1388,462.513385528,0.23847798492730132,133.48528565051507
lt,4005,639.36117878,0.20576300492049546,195.41023433909695
lt,3969,473.627142307,0.22726155691302727,353.52323539584296
lt,3,569.202297107,,0.0
lt,3200,716.619093462,,0.0
lt,155,627.287417776,,0.0
lt,1368,553.275557891,0.30563319982534426,218.0983846327838
lt,3922,1100.40713097,,0.0
lt,3009,1190.53109913,,0.0
lt,3818,526.723425368,0.2282245056646487,470.3778842701631
lt,808,690.362805053,0.24178861339543056,197.40652382046568
lt,1675,813.803983594,0.2129956334297146,147.13637916714538
lt,3841,585.712859502,0.20586439743638038,105.05503441305721
lt,600,632.61594672,0.1922149509191513,25.500712764964383
lt,3718,968.05651956,0.25567391574206694,355.6040113860486
lt,1099,907.320080046,0.34541125209948503,82.2617805929745
lt,4107,518.856108117,,0.0
lt,3989,495.119674888,,0.0
lt,198,469.553549236,,0.0
lt,1975,1916.40909438,0.21987703776359555,98.51442494111903
lt,987,406.334773781,0.22373091010051174,150.34515823663452
lt,2733,450.816883976,0.2019452428518061,94.0048667458927
lt,578,529.578842537,0.18770545721054077,8.938546752929687
lt,2651,448.352954159,,0.0
lt,1643,1219.8201727,0.1996363431423919,487.91958079618564
lt,3062,798.273641268,,0.0
lt,1721,1227.73805418,0.2063723253619869,284.28909639844704
lt,1738,742.333287844,,0.0
lt,167,474.855515612,,0.0
lt,2236,613.125876925,0.23178096243943694,390.2984894995596
lt,497,501.439349988,0.20022589416858647,227.93831269507314
lt,4067,919.191808145,0.27116838964096845,204.60393509210326
lt,1981,513.204430299,0.23705236633674012,471.55099472345097
lt,2658,427.582532615,0.18817442655563354,18.381052652994793
lt,1404,491.594586315,0.24080139376154103,227.02952728271484
lt,1269,334.171077225,0.3170494447538361,337.7006849401137
lt,2849,599.29627556,0.20685171027137275,148.87449987074908
lt,1829,510.531563544,0.21728694682511,109.29309503891889
lt,1026,520.699106563,0.19842342856902714,154.02037398394415
lt,1001,486.447405773,0.2604493588038093,412.12999767228666
lt,4189,1037.86642586,0.2332130242573259,462.0602530385934
lt,3532,1188.08933397,0.1949283717923863,164.93130173028686
lt,3921,838.667521734,,0.0
lt,218,528.202017752,,0.0
lt,314,506.744098717,0.2067156285047531,12.883439456715305
lt,360,513.18053063,,0.0
lt,956,567.642741579,0.2727628955454156,389.54142761230463
lt,45,454.93868909,0.19874764289072377,131.21561132692824
lt,1772,956.868388567,0.21054102717660114,240.92887387743184
lt,429,529.760149021,0.1892346441745758,16.563852916044347
lt,2150,910.32648945,0.22154421689775258,295.49766968371824
lt,2235,590.813775629,0.23676779506765613,351.68883687935624
lt,3165,1330.73295495,0.35988914827002755,414.92130381266276
lt,1444,482.521602164,0.20403065352124466,337.65142496146404
lt,1498,957.095338662,0.24373068986931667,337.6484777413163
lt,3704,1072.04870015,0.229883582251749,996.9558621874043
lt,1148,623.503659805,0.2199741038169894,532.7251609951843
lt,615,569.734431726,0.2439775402635572,199.26883820178463
lt,3329,2851.53908462,,0.0
lt,2121,544.203997966,0.23885320823366216,458.1048066980699
lt,3011,1351.78450491,,0.0
lt,3506,679.239233388,0.2089032981958654,56.72921070772059
lt,1751,1005.11721395,0.2008044696425738,95.89940562528723
lt,3767,556.470553186,0.24206393854948058,421.2580996943456
lt,3898,601.549100617,0.19793598318759908,222.98231976079006
lt,1749,740.96789436,0.2101413109630812,134.5228012084961
lt,4008,839.40639879,0.19053811638251597,60.40891654818665
lt,3415,1342.96461576,0.21421562742848663,425.7140045166015
lt,3978,547.09842184,,0.0
lt,1272,2438.81656699,0.2740587512838057,2330.2460415110872
lt,857,883.88085092,,0.0
lt,1154,266.121818741,0.2665212791817903,239.42192385804418
lt,2412,528.58052827,0.20654498522534318,96.64594582950367
lt,2367,739.106642573,0.20113234822027282,116.0835256838331
lt,4047,706.35478584,,0.0
lt,2548,1025.24564503,0.2597967212543386,767.0420252182904
lt,946,647.059352991,0.2175153022322535,167.69783244413486
lt,1701,1116.15543639,0.2250061233244432,527.3173839195101
lt,2254,456.301576692,0.22723418455570935,84.04661984911151
lt,1516,907.755111808,0.23539597371462748,326.6118896783567
lt,914,1350.90470995,0.23070013506544962,47.313021940343525
lt,1823,846.90053544,0.1994098330333352,402.75920652501725
lt,3123,1369.96956614,,0.0
lt,1659,942.457230703,0.2391844400101238,9.458883846507353
lt,4126,1521.71082686,,0.0
lt,349,552.433909519,,0.0
lt,3665,815.048812271,0.20830785460964016,282.5852692547967
lt,3750,1490.45298351,0.23444625993579052,557.5676353005803
lt,2300,530.228279745,0.22256342661836426,254.2397506414675
lt,1254,604.205119385,0.23656842035942752,495.9083794687308
lt,3596,997.707108481,0.21263022978816135,385.2739788878198
lt,3996,1325.90100037,0.2003605978655826,566.5267763324813
lt,713,464.57214717,0.20050761103630066,14.983437123018152
lt,1971,496.533745795,0.24502541818691578,68.8289363786286
lt,2614,512.8783837,0.22080470621585846,7.615020542518765
lt,238,537.805484941,,0.0
lt,2712,495.063660041,,0.0
lt,1293,526.491412871,0.21296698210316806,420.998956119313
lt,2266,576.177963749,0.23651874941938067,245.57617890601063
lt,1943,580.21262223,0.2223387945859125,240.11492689544082
lt,76,675.663128124,,0.0
lt,1581,952.796776937,0.2015283791717473,115.34840210559321
lt,930,748.156794697,0.22448674411463554,381.91557943306714
lt,3427,1299.13207931,,0.0
lt,2622,594.48758356,0.19603984334138916,100.56950297636145
lt,4072,531.005417701,0.21187584102153778,66.97566986083984
lt,250,502.523483073,0.2013427063228528,171.43551174986598
lt,1439,486.595883996,0.25470224099247146,292.1955224729051
lt,622,582.775499654,0.2360827448791352,108.83513066908893
lt,3518,1804.56221651,,0.0
lt,3346,1448.83166036,,0.0
lt,152,468.822840164,,0.0
lt,157,425.138355899,,0.0
lt,3258,725.672176874,,0.0
lt,3351,1355.2968269,,0.0
lt,1947,651.225213552,0.19864107435899422,74.08316291360293
lt,1703,548.413356249,0.2364056486355647,414.864796926461
lt,1816,496.740128968,0.2550274325769143,189.95172576904298
lt,686,511.604310245,0.20832035649906502,28.916272630878524
lt,1327,613.373436073,0.3105897696135767,245.17582541073068
lt,2175,590.530544113,0.1971865433799334,158.90644196155023
lt,4040,659.398517622,,0.0
lt,3835,635.214708786,0.2041832295185078,87.72040851069431
lt,3707,1227.30343002,0.21757647225165413,1116.7202749214919
lt,2798,699.492624785,,0.0
lt,2540,571.604138932,0.23668900613709148,223.47108262005975
lt,899,1270.59330814,0.18059886991977692,25.759624944948683
lt,2786,536.041481632,,0.0
lt,1712,1124.58639752,0.21514376117778838,602.730744934082
lt,1773,558.172074206,0.20790698765812068,139.7756534950406
lt,3613,657.09647461,0.26110355414095376,33.09141334084904
lt,247,509.330581608,0.19973072146307938,191.94585927327472
lt,2900,501.507105831,0.20553292930126188,2.625715367934283
lt,3305,2205.40553922,,0.0
lt,1932,667.074211778,0.19296716806923814,53.330289324592144
lt,3462,524.174532616,0.216434971917955,261.84301733877146
lt,847,564.8051354,,0.0
lt,203,522.828613431,0.1816466705990838,37.600622319240195
lt,87,477.897961279,,0.0
lt,1717,795.440481334,0.21261303674764737,297.9512685439166
lt,751,440.813050634,,0.0
lt,3233,1838.37887432,,0.0
lt,1063,596.888461629,,0.0
lt,2016,795.20860761,0.20837917717616872,451.57040423224953
lt,898,361.505053523,0.3070017478240082,80.43272866641773
lt,4106,621.379048422,,0.0
lt,2765,830.191982298,,0.0
lt,3780,532.767069973,0.21794547142776827,179.64086564007928
lt,932,538.264233131,0.2339396884566859,94.88756043677236
lt,2452,675.752276659,0.20497502062474257,432.27628757252404
lt,842,568.861563527,0.24257955563431052,267.8543428907207
lt,3600,804.97551349,0.2367174550679058,277.07269146489165
lt,683,542.465171739,0.23507431998688685,48.89522337072036
lt,1918,683.003496334,0.20449901179031085,326.291346022662
lt,1797,657.125488209,0.21150931271571935,251.95682759004484
lt,462,509.914963275,,0.0
lt,1083,544.375179056,0.23929511999449915,424.9849862491383
lt,1346,1095.52163627,0.3218602028666156,265.4028662887274
lt,3560,1081.00178805,0.21506982929484786,282.3207894418754
lt,1246,499.053849111,0.2813379610412387,495.91286079556335
lt,199,395.847771163,0.19020520150661469,12.884168078852635
lt,2218,624.349887376,0.24237547741621657,213.7975627824372
lt,447,589.589858027,0.18737339973449707,8.939022827148438
lt,479,351.860809879,,0.0
lt,1104,603.610832706,0.2366679601798781,384.7631092744715
lt,36,448.002466368,0.20462580695748328,26.295655344046796
lt,3656,1355.73848939,0.21335061626786142,199.33311597038715
lt,572,433.215611217,,0.0
lt,2391,848.42000346,0.20923801303101502,81.67763462440641
lt,3534,1272.23528114,0.2156581505733941,294.14432959463085
lt,3804,1230.65212287,0.20087937052327545,193.55938161214195
lt,1784,1032.67908543,0.1934479191364729,117.17937283983417
lt,211,546.662613089,0.20518825948238373,1.577628999597886
lt,2762,405.177483045,,0.0
lt,80,563.089781746,,0.0
lt,809,538.057236277,0.20659398248830402,80.96081815233417
lt,3060,1467.79154292,,0.0
lt,4017,558.317557413,,0.0
lt,1831,732.144787561,0.21909505163116014,159.9984334309896
lt,649,611.552955036,,0.0
lt,259,541.594395448,0.15782828629016876,41.80659287396599
lt,3026,1234.22781663,,0.0
lt,3289,1136.14156073,,0.0
lt,2216,562.71396765,0.2515808454943153,222.72819797291478
lt,3348,921.655053898,0.21687762612824912,119.48919417437386
lt,96,434.819355073,,0.0
lt,185,468.680241225,0.20714213722720953,91.24187218161191
lt,1723,674.767175366,,0.0
lt,2114,686.262133142,0.22789428941237885,73.28606728946461
lt,1040,546.77271569,0.19984377783078414,85.42091369628906
lt,1459,502.414815534,0.17351360619068146,3.678669708850337
lt,2734,303.801350396,0.2207128405570984,33.08555172190947
lt,1575,628.889194119,0.20895150343683316,294.80753093046303
lt,983,540.621610987,0.2402470477650964,221.31155245911842
lt,1050,728.206864979,0.2114209451761951,387.4106991636988
lt,260,515.729161348,0.1881026327610016,6.573330000335095
lt,3842,556.79824089,0.19812099043375409,163.88597501866957
lt,702,467.412995995,0.2015097840862759,62.03741317449831
lt,4135,755.27364346,0.20290178576341045,40.97607044893152
lt,4098,941.229297677,,0.0
lt,468,645.797199313,,0.0
lt,105,537.250206683,,0.0
lt,3276,1329.09466494,,0.0
lt,1914,407.684124143,0.24546559384845673,197.56203933416626
lt,1052,543.251036874,0.21688249890996938,432.6156275431315
lt,869,576.883814684,0.2196652925708919,135.37186237410003
lt,42,557.594397177,0.17319490015506744,127.00719810934629
lt,4187,1908.52613915,0.21364502750896994,90.88835583855123
lt,1287,1372.91813775,0.22491605879682483,216.8077096378102
lt,2165,771.674442176,0.23348604191281186,346.18476825788906
lt,1389,531.333172437,0.2394453144776142,323.20224941478057
lt,3832,414.092755293,0.24163182813766576,158.8943322873583
lt,770,735.720198141,0.19677153321695917,127.74769655115463
lt,785,687.958114565,,0.0
lt,2354,529.581020792,0.20813492510789705,21.273291105382583
lt,1047,597.134549484,0.20147927452769704,260.4653472002814
lt,788,918.452168765,0.1942073974447946,25.234090199190025
lt,3979,504.207320839,,0.0
lt,1118,266.569782178,0.40129505075314825,225.76213642195157
lt,3740,1558.90802127,0.2272035452905802,1554.227168573118
lt,1757,595.46916513,,0.0
lt,2909,461.400801329,,0.0
lt,226,458.675758022,,0.0
lt,1860,1053.18984663,0.19899633526802063,6.042667254279642
lt,3457,1374.9816424,0.19033272339873122,632.6800384521486
lt,1084,676.621230494,0.21176710129352205,413.68375052657785
lt,1776,1320.9645479,0.20634368062019348,37.83397575827206
lt,2060,419.556459134,0.2135437678809118,52.01162432502298
lt,2180,633.168924912,0.22456141093551923,83.26129365808823
lt,2720,551.368212617,,0.0
lt,1214,410.516263753,0.22867805098277946,362.67943842270796
lt,1087,462.490117659,0.259439132223695,418.67443533504706
lt,575,461.376105674,,0.0
lt,1904,715.936184958,0.22032139930725098,164.19931045233037
lt,2705,441.77244843,0.19260983169078827,66.958740234375
lt,730,500.193483373,0.22638992893140153,298.8798023897059
lt,3934,1009.67919606,0.18913638591766357,53.05423326679304
lt,902,531.315665674,0.24341034889221191,15.508292673148361
lt,2118,622.722808257,0.21043911621199185,313.6325321272308
lt,1794,510.416602045,0.2267228279755581,284.0104215135761
lt,3543,1596.83033862,0.21958679490719887,432.0189927045037
lt,3125,936.643456602,,0.0
lt,2722,258.400488775,0.19752512872219086,13.654237994025735
lt,3310,1365.94695096,,0.0
lt,1147,767.288160098,0.21984307768388578,516.1692856732536
lt,3371,1307.27831197,0.19621817767620087,37.02934067670037
lt,1204,1283.93197551,0.3052461297856164,229.43300969740923
lt,3149,2023.83125639,0.39940024392042567,143.64548049627564
lt,3319,922.880509978,,0.0
lt,2052,553.713192802,0.2009502500295639,8.668721187815947
lt,130,475.800941485,,0.0
lt,2758,470.629639978,,0.0
lt,2707,480.632233521,,0.0
lt,1392,561.225825598,0.2492809374404518,299.8150468414905
lt,2583,400.100676398,0.23688877896883329,236.0654972450406
lt,3585,875.341556104,0.2212653927139792,535.7539520263672
lt,2033,1329.47043243,0.21731050951140266,400.865251010072
lt,2600,501.113020898,0.20606159017636225,92.1678066478056
lt,4170,1111.26810257,0.22414879500865936,32.57186662262561
lt,3525,1385.63535111,0.2015721910031496,89.03219344195197
lt,560,466.992225801,0.20466357458052029,68.09201483633004
lt,2398,550.490487023,0.22531305903224588,554.1449670529834
lt,4091,721.837620487,,0.0
lt,3176,915.98275058,0.20906338991913978,143.64631075391583
lt,3111,1399.90287663,,0.0
lt,2238,514.809511207,0.2265400832081533,398.17806157130826
lt,2541,711.964458405,0.25695608368523876,395.9974292530733
lt,2020,772.748340476,0.21954552014204284,595.5276491352156
lt,2414,1578.60392579,0.19158104062080383,14.70696662454044
lt,2800,473.568718095,,0.0
lt,3150,3473.11763158,0.2588064856226407,390.757836375517
lt,359,575.530983897,,0.0
lt,3587,821.582912713,0.22063456683610022,380.28137969970703
lt,3211,901.975671704,,0.0
lt,2847,518.470057396,,0.0
lt,3049,895.106142407,,0.0
lt,4144,720.068770541,,0.0
lt,3216,765.115304666,,0.0
lt,3017,1354.11004832,,0.0
lt,1511,821.789465466,0.18817804041184982,247.25945664948108
lt,240,504.425121222,,0.0
lt,2951,1189.05049556,,0.0
lt,456,515.759765428,0.1596933901309967,42.59217816521139
lt,913,1339.57562051,0.23181592204165735,68.0781846887925
lt,1848,611.20018168,0.23682933195646141,331.5538624782188
lt,2971,2104.96749818,,0.0
lt,1461,477.297412374,0.19942814399784894,188.9264872532265
lt,2415,525.874222829,0.19303971087491073,28.363456277286303
lt,756,428.2673306,0.2236874150748578,211.6021770402497
lt,2066,1057.16585301,0.2077409743885451,228.27155896355123
lt,769,657.750398947,0.20490247011184692,0.7885666791130514
lt,812,596.128902485,0.2154498968054267,53.623189230526194
lt,715,439.660636782,0.25968619791535563,103.57045703962737
lt,799,507.597460195,0.21960250156967806,114.8679267135321
lt,1655,734.295470606,0.19434653909271024,87.23201991062538
lt,1846,547.688188204,0.24433656328243747,165.2521863451191
lt,2110,1246.50575953,0.19260463602357095,20.225880940755207
lt,3402,671.381245431,0.19400581717491147,12.605843398150276
lt,242,527.532965958,,0.0
lt,1786,1066.84722074,0.2064130064434634,43.87637281230852
lt,3797,617.590813529,0.22462314084115162,342.733585432464
lt,939,620.875171082,0.25229239712743196,111.70978546142578
lt,989,1459.96649888,0.19809838946616415,499.1397262573242
lt,505,509.88281066,0.1872397912299539,33.38879738601984
lt,537,413.298632578,0.23511651747274578,209.53165854659736
lt,1039,580.431557716,0.19321426805108782,126.1602294024299
lt,1930,804.44639262,0.22645711969761623,5.516907276826746
lt,2933,766.78502563,,0.0
lt,3777,677.742102433,0.23331809567904851,181.47875632491764
lt,1951,491.400263224,0.1937554244555297,157.35979500564875
lt,217,530.571508742,0.19673858643267195,45.488064724791286
lt,1799,809.684221987,0.1963084419900902,125.58393806008732
lt,4082,708.184643652,0.2505269123332814,165.73350901884191
lt,3765,550.758537321,0.21629816664656845,492.694061309216
lt,1312,568.921798977,0.21644372983365998,184.4777121151195
lt,2691,375.459767766,0.22167831782354128,28.621915420831417
lt,1682,1436.12911874,0.2191352277185281,745.3944020888384
lt,1528,1301.96527396,0.25589670052957564,502.12746734619134
lt,1876,651.0349171,0.23285504342561741,218.05929415833717
lt,251,424.337059759,,0.0
lt,1902,721.288737294,0.19744649871631906,35.46715411017923
lt,643,486.633232681,0.2543751001358032,16.03589740827972
lt,2749,530.055980892,,0.0
lt,2569,1863.90408359,0.23441588878631592,33.34888021431717
lt,4128,1172.02792617,,0.0
lt,1497,1141.97141937,0.22767358195136225,383.36833032346243
lt,21,674.238999277,0.1905495673418045,9.729563455020681
lt,2536,378.80611204,0.24555038269729904,121.58359243355545
lt,1580,1147.52855272,0.19763748795887076,107.46582880955116
lt,1422,486.108194087,0.20180974304211843,168.69512813792508
lt,3959,453.390521186,0.20792107639315818,203.81502832150926
lt,3354,1555.47882442,,0.0
lt,2723,674.869847607,,0.0
lt,2295,749.52448232,0.2665671277614708,443.34473918839984
lt,3318,1067.42907269,,0.0
lt,3699,1518.33833576,0.2006124739725212,747.7213366340188
lt,735,491.159709794,0.2944118689433089,191.10327570298142
lt,1919,851.075009421,0.21806985131017936,399.0623383765127
lt,2186,691.065164217,0.20693583064991877,240.85515573538984
lt,1333,554.525493831,0.25081800126521164,203.39141809800094
lt,598,500.103275086,0.1943664398263483,89.38416469798368
lt,1690,981.309530283,0.21086749380555822,762.4749321432676
lt,1771,672.890695802,0.22235526671593497,98.7888796338848
lt,426,468.166715239,0.203301045790652,197.4524557973824
lt,100,516.99719985,,0.0
lt,3471,434.707186806,0.19378613373413173,115.29639054840686
lt,2245,428.451043955,0.22384628653526306,4.4650217692057295
lt,970,799.111868446,0.24115980905805998,263.36973087086403
lt,1844,918.446381326,0.26496955221579743,160.78617544735178
lt,3369,1099.69529357,0.20788049681119147,630.5431176877489
lt,1857,433.270985524,0.21203753686156765,15.23803046731388
lt,3014,694.510601544,,0.0
lt,2607,509.372369024,0.22286822248385146,188.53693258248126
lt,613,733.631183637,0.2103249132228836,387.49737524892765
lt,2141,1248.23528734,0.21737637615785368,269.23547973632816
lt,3377,546.571276335,,0.0
lt,401,542.849573428,,0.0
lt,292,506.611040497,,0.0
lt,48,819.467527835,,0.0
lt,3932,822.187135447,0.19892418464665773,122.13026012345856
lt,286,513.392461142,0.2157223132625222,105.17075482536765
lt,2647,503.488089768,,0.0
lt,1921,577.451651565,0.2004425104272056,404.57985235476025
lt,1689,792.741886799,0.2080148915136119,557.5374891393325
lt,2601,238.944374342,0.24109371466357168,219.52180980607577
lt,2365,540.687595199,0.2038837042721835,332.23003552006736
lt,2203,873.83664784,0.2307118410263399,260.02998441808364
lt,3300,475.216759474,,0.0
lt,1845,538.646090237,0.26863413638990336,104.03803118537454
lt,3228,1577.00767997,,0.0
lt,3697,1439.51043624,0.2158348923345117,575.6945972517425
lt,3770,1887.58088785,0.21795530532925486,1708.1314538693898
lt,905,1013.63265833,0.20714744304850227,140.10041518865847
lt,1940,793.37910199,0.20107559388971363,377.51291123932486
lt,4087,1068.17204511,,0.0
lt,3490,620.956133967,0.19754317348581435,295.73088621251725
lt,3527,2723.92400545,0.23611953289440302,703.5875246833353
lt,183,561.810755181,,0.0
lt,2926,395.893104697,,0.0
lt,1380,584.533102962,0.24590329631153804,329.773637120864
lt,885,728.827110214,0.21622226799108424,398.4841326844458
lt,3515,1562.45506583,,0.0
lt,3774,732.320715639,0.22219777679959393,600.6373077691769
lt,3769,825.110260147,0.21840650768389744,787.6229452394972
lt,2113,731.727879989,0.2205709740519523,83.00502268473308
lt,877,616.695183765,0.1964790623573113,110.66191373338887
lt,3528,1078.08498618,0.27660539606294454,503.19947847852524
lt,2956,569.932454403,,0.0
lt,3684,1090.79510702,0.2173179293176747,323.824211210363
lt,3294,891.260624832,,0.0
lt,2824,814.608696307,,0.0
lt,3853,496.518028733,0.21739043928383414,228.75721974092372
lt,129,489.211864628,,0.0
lt,2340,483.150340797,0.256381087458652,30.203103607776118
lt,1546,682.633136745,0.20485052576094315,171.31204723283355
lt,2619,469.791048472,0.1840415745973587,50.15375222598805
lt,2003,540.362755215,0.23898174294403624,441.3293160831227
lt,1611,1269.33580104,0.1916484737252615,109.0397346346986
lt,781,462.580119109,0.21766451001167297,3.417093104942172
lt,1791,667.23268524,0.20372862806557884,345.22816610897286
lt,1279,409.131789219,0.30304698151677767,281.9847543155446
lt,1208,733.263745135,0.3104492722722894,514.0547772575828
lt,1949,592.24356032,0.19208563628949615,114.80209945977904
lt,26,645.203110246,,0.0
lt,2578,504.068484263,0.23896442883766736,78.25101204666437
lt,190,470.095077996,0.19404644324660053,125.95019073486327
lt,2079,714.257952786,0.21680730487396865,291.8354468551336
lt,3663,913.592494649,0.20796407484869744,293.878142412971
lt,731,480.263756312,0.22385830856303182,362.49383972766356
lt,126,504.011862686,,0.0
lt,708,1353.23123903,0.2559715509414673,27.86407841701134
lt,1833,456.829206078,0.20809106056826968,105.35228343290441
lt,1960,604.589806189,0.2420454722065414,379.6055218565698
lt,4038,1052.46818049,,0.0
lt,1587,2079.38950679,0.22871114464288347,93.54010943244486
lt,2277,231.083070748,0.2574278511232476,171.50740236768536
lt,425,452.250412314,0.19976193158604355,225.8480105530982
lt,164,410.049166382,,0.0
lt,642,456.692763383,0.25670915048141946,64.14358020857269
lt,3041,1385.00785862,,0.0
lt,2051,444.233017227,0.1994855444912517,171.79848934996363
lt,2298,1116.20201699,0.24551876792314553,271.3111646166035
lt,1330,767.955583508,0.351770072003004,207.07139410879097
lt,1994,795.869988504,0.2640727134956711,594.2278396606443
lt,1517,842.3361222,0.22324468506024647,336.59630593692555
lt,1612,1123.24762332,0.19517720980595238,76.72179936427696
lt,2834,412.254004926,,0.0
lt,2027,604.394711965,0.22467644102928638,171.01306313907398
lt,1533,1345.9384746,0.2563921709915751,648.739698163201
lt,2442,604.565155328,0.26525427547276215,572.7767211016487
lt,2510,613.893482728,0.21526123378234935,179.36039099599802
lt,4083,893.323794211,0.255514584943612,97.44403587790096
lt,2192,634.433711442,0.21308964418389148,458.86310993269376
lt,2435,507.415242977,0.27786589813232415,131.31090037027994
lt,3139,1388.87378554,0.2962314272777732,347.69379036099303
lt,67,479.88086614,,0.0
lt,3785,554.723591449,0.2455318421125412,22.586514401903344
lt,1306,1127.58721298,,0.0
lt,1289,835.191983873,0.23074361168987326,321.4002073699353
lt,772,528.018489334,0.19890673063522157,56.513797685211784
lt,2959,1661.72120562,,0.0
lt,3756,1947.59051835,0.21003165622990239,1024.5349099252737
lt,2127,688.052849249,0.22174461686185437,698.7110633102119
lt,2501,671.728079962,0.20780547930483234,254.46725018071197
lt,371,512.353569974,,0.0
lt,208,543.145691747,0.18813559412956238,33.65614276960784
lt,3592,1647.98640019,0.20162296083359083,576.4684655881395
lt,1661,481.366527,0.23241299506632265,74.35733690448836
lt,1041,650.134630335,0.20635864396573203,115.38388429529526
lt,4031,700.293892564,,0.0
lt,2211,1127.13649493,0.20582329892137083,455.9673014921301
lt,1022,326.891568079,0.20813900475972993,278.07848061954274
lt,3349,1731.4985704,,0.0
lt,3763,678.837151609,0.23382098788088493,597.4855699127794
lt,942,667.358406462,0.2042374625475141,287.5543580896714
lt,2454,711.18731873,0.20153540235124087,377.9124777401195
lt,1237,531.889649042,0.2861532662019312,329.8181618484796
lt,3729,1325.05843903,0.23277221213744745,1244.333706066655
lt,2502,661.469584513,0.22344014855791652,236.08436057894838
lt,727,491.693965324,0.1978195827030385,217.129128519694
lt,3905,605.053754067,0.2152990659077962,7.879329905790441
lt,992,1224.92851031,0.21722317938071387,135.88966752594592
lt,2474,258.897852724,0.23587031163680505,251.06167536716833
lt,1525,925.487922944,0.23869521239629157,204.95098314472276
lt,86,530.419170152,,0.0
lt,2514,498.2014826,0.2384146203196818,97.68935968735637
lt,1964,678.433843648,0.2058908500169453,194.66416204115922
lt,3018,1061.50373029,,0.0
lt,2670,355.475632142,,0.0
lt,2064,975.726754763,0.2135866807849637,605.7489732330921
lt,1881,861.809775874,0.1842043642232667,17.60233591117111
lt,3505,932.761051122,0.2053205583519342,217.19910577512255
lt,3854,456.810045341,0.21081769167917716,340.90307195326864
lt,1065,551.780256756,0.2322901283101789,91.46321204690372
lt,626,919.133013173,0.2105423633928423,40.48425690894034
lt,3406,1090.54316881,0.208055459301153,416.51996836942783
lt,1073,1492.67506135,0.20402082101572358,641.8106729844037
lt,2931,1269.76652761,,0.0
lt,2291,1787.74937937,0.24028387665748596,33.88140420352711
lt,3972,567.491837998,0.19582047078707449,19.17330857819202
lt,3487,1218.05504823,,0.0
lt,3578,1774.67232215,0.20093784673689885,972.2220742618337
lt,343,510.568668764,,0.0
lt,810,561.460911809,0.21973325074007669,108.56140049953086
lt,933,604.337910871,0.22775598993183857,74.6484172147863
lt,248,477.9850458,0.18855489665569536,47.066169230143224
lt,1011,451.924269444,0.19949014475397212,412.9168007944145
lt,3648,1222.32188102,0.23584851686279507,374.76564070757706
lt,1247,603.379414134,0.2821783499106709,565.5548760208429
lt,1872,790.18701877,0.22910205168722164,330.24130832447725
lt,4006,711.31072798,0.20242838561534882,27.840723972694548
lt,3868,525.131289788,0.23022293451846876,368.48172293270335
lt,3826,729.314575971,0.22177215893137017,276.0272482180128
lt,763,499.864380284,0.2379797046364584,280.20686795103785
lt,1842,701.682564895,0.2133557857431438,290.3089846143536
lt,98,413.9805011,,0.0
lt,2421,547.298244903,0.23447849304157203,348.7647776884191
lt,1458,486.919909761,0.19606029874680378,76.46395164938534
lt,3944,690.46012233,,0.0
lt,1756,1080.48952255,0.2067134827375412,14.976129509420957
lt,1480,719.059002015,0.21421573333594274,321.87693651984716
lt,3071,746.571640882,,0.0
lt,15,489.089690968,0.18729669251004047,64.42607341093176
lt,265,467.6040851,0.15160523355007172,50.74593437045228
lt,2672,371.024640943,0.19536447986065564,201.14123331705727
lt,2785,456.186722065,,0.0
lt,2368,1099.3672431,0.193328825963868,35.455384048761104
lt,3352,1280.79505836,,0.0
lt,619,472.192273311,,0.0
lt,2531,301.984530529,0.2542284673231829,276.78165241316253
lt,4020,565.980800759,0.19708295166492462,45.963459388882505
lt,1705,674.975693364,0.23623781115864986,418.2813788918888
lt,2908,532.583091444,,0.0
lt,846,867.518029006,0.18803729002643949,85.69238526587392
lt,2188,674.916664809,0.20331828477109262,311.50970279469215
lt,3806,794.344409856,0.20754424359198587,247.39970065846165
lt,3645,855.54684139,0.2787658621927342,217.97919778262866
lt,2316,510.009706981,,0.0
lt,2840,448.357605709,0.19753812732441087,14.703730175541898
lt,608,495.781872378,,0.0
lt,2080,997.343352173,0.2022996109166855,213.55708546357997
lt,2764,505.136755226,,0.0
lt,2361,596.170617813,0.219034922715181,81.94140517290901
lt,325,497.430467055,,0.0
lt,4075,726.437951935,0.22855001571731645,127.91061550963158
lt,3093,292.041766259,,0.0
lt,2327,886.63260094,0.24186815869903744,426.0010175817153
lt,3893,563.669381135,0.20647267023609445,138.6752129947438
lt,1631,655.003739945,0.23955168178236919,165.26756166944318
lt,171,484.56842318,0.18294315040111542,7.099500947840073
lt,4180,497.684145965,0.22351916943987216,78.80399905934053
lt,3153,389.551679879,0.2926961728145399,205.35891026515588
lt,3597,1587.19602944,0.19903443681626917,1264.8090337715898
lt,542,444.35584172,0.17832879722118378,49.951560824525124
lt,2693,491.378200314,,0.0
lt,4198,901.155698291,0.22827007741320365,133.96968662037568
lt,178,482.806164887,,0.0
lt,1692,1157.41281667,0.21056636027120926,404.6199412626379
lt,2257,610.914990367,0.2066689339644483,83.78416053921569
lt,3782,507.267892857,0.23090399762277938,257.90587388580917
lt,3383,1602.85943395,,0.0
lt,3483,1231.10173139,,0.0
lt,108,520.533022734,,0.0
lt,1889,501.147912178,,0.0
lt,3884,683.842926518,0.202584460240144,170.71683636833637
lt,4064,724.000340526,0.2379113104230223,218.52396632175822
lt,3823,677.022171327,0.21413554270908877,238.20830936805874
lt,3582,1460.02500295,0.1887955324990409,27.57546817555147
lt,3433,1397.12827455,,0.0
lt,2025,565.783138738,0.21874967923109556,114.27201663746554
lt,3080,706.991758025,,0.0
lt,3302,1801.29870845,,0.0
lt,886,532.974347584,0.26662763185030947,262.5888517491958
lt,2140,595.883869634,0.22772419296373766,440.75718276079965
lt,3881,512.948678136,0.21368577100770889,117.1377025828642
lt,1238,538.336528586,0.2844624985122167,390.78861790077366
lt,2579,364.760301316,0.27909903029383404,120.00238946652881
lt,4092,933.648316209,,0.0
lt,662,429.271164327,,0.0
lt,323,473.345107875,0.18605518491188092,70.46526426427505
lt,1365,570.881551132,0.2762203863982496,137.16583251953125
lt,24,879.779596971,,0.0
lt,1314,595.589257037,0.2749418494956834,202.34663480870864
lt,2517,576.088339223,0.21824418099696197,291.22895062016505
lt,646,1420.72040739,0.2579156956452084,133.5442362168256
lt,1983,1199.34461683,0.2380604851557684,1124.885650395412
lt,4162,638.494758107,0.2885962390361872,174.67903840308097
lt,4081,691.363954133,0.24686700297058178,114.5162301456227
lt,1986,789.195492069,0.20473791461530896,273.7370294009938
lt,1977,555.949249774,0.22479564387977652,296.8557562734566
lt,145,505.57109265,,0.0
lt,2031,645.944796951,0.2534988160564828,140.8025801116345
lt,1169,442.62260866,0.3625880935327793,129.30127742991726
lt,227,450.986353418,,0.0
lt,139,488.334609016,,0.0
lt,1911,727.093921551,0.21663512166329718,365.4383221495386
lt,2626,429.102711425,,0.0
lt,1710,1242.17354174,0.21821114444924944,97.7398386338178
lt,252,431.846233824,,0.0
lt,661,431.966235545,,0.0
lt,3956,706.212897017,,0.0
lt,2636,458.252574734,,0.0
lt,3521,804.77780449,,0.0
lt,2868,557.038619659,,0.0
lt,320,467.812303186,,0.0
lt,1134,619.134750565,0.25193384014840786,609.7374000698912
lt,3193,1225.86748139,,0.0
lt,134,495.85926192,,0.0
lt,1408,489.852959354,0.26927221694462733,186.56384397020526
lt,34,433.948322606,0.20130735355980542,64.42449083515243
lt,2029,661.04200636,0.24148287358028547,323.63645390529257
lt,697,570.93924695,0.19567120863433973,68.08400247611252
lt,2857,807.941308211,,0.0
lt,825,519.361035973,0.2226846935058182,115.65904235839842
lt,2004,487.771814546,0.24264611044655682,356.47875527774585
lt,859,603.08073796,0.19674120843410492,6.308620318244485
lt,3837,1121.02478916,0.24125294690882718,99.27664121740004
lt,1377,696.987348323,0.29605030248294006,252.78288783653107
lt,454,624.252766484,0.18363305926322937,61.52193011115579
lt,3986,558.438837935,,0.0
lt,2662,308.538088022,,0.0
lt,1343,630.386561137,0.29539734200083995,266.45458338120403
lt,297,530.717012358,0.1863978015759896,190.62436361873853
lt,668,670.165525795,0.19242845175961937,92.79578282973345
lt,3244,780.639233387,,0.0
lt,439,540.741710982,0.1934405863285065,125.41030237534467
lt,3625,892.008886683,0.2329033859306287,834.3678524241727
lt,59,518.459298167,,0.0
lt,2012,519.00988986,0.2696913956432372,87.47722751393039
lt,2664,433.969931407,,0.0
lt,3376,548.029274524,,0.0
lt,367,580.938833109,,0.0
lt,452,709.499896762,0.1921504309400916,21.032994887408087
lt,1973,593.048166658,0.21566973753324173,308.94156413358803
lt,1038,709.108252662,0.1770750322189939,65.97109527587891
lt,302,471.49328577,,0.0
lt,1906,937.734534181,0.2151180801943678,128.2065850052179
lt,3001,962.828890568,,0.0
lt,1013,819.223779355,0.22966368011800586,237.60439141965378
lt,2369,1538.07063128,0.18687921299153018,93.75934777353322
lt,237,526.51391464,,0.0
lt,330,551.976215411,,0.0
lt,2014,634.35687469,0.26499936885144343,545.0894815183153
lt,1426,484.873642966,0.2190717342706202,215.99358107622936
lt,1366,576.704695916,0.2676738262513535,325.3084622551413
lt,652,399.026806439,0.18715152444959687,31.282886998793657
lt,1858,514.03586344,,0.0
lt,3206,1942.54088824,,0.0
lt,3254,511.927197862,,0.0
lt,631,451.410168844,0.22984468874431424,81.49470235787186
lt,1386,505.152473231,0.2647093078853662,287.46661379945044
lt,961,751.95403354,0.2580555133671675,495.73018152573536
lt,1391,753.049858789,0.23995822617231702,300.3408839506261
lt,2522,1510.33520361,0.2073846161365509,0.5252063227634803
lt,3626,581.842993334,0.24492474160091307,382.6468684177773
lt,1475,569.074121113,0.2526617214412501,452.4688940609203
lt,1193,543.592686098,0.2805090279143908,548.489180650898
lt,2184,699.698040779,0.21443167955832004,245.31944122314454
lt,1758,1017.26349117,0.20132871651649475,98.52694295247396
lt,4094,657.152860665,,0.0
lt,79,460.154629114,,0.0
lt,440,451.516001083,0.20375321798754814,174.8380916819853
lt,1638,520.309071839,0.2097087452611911,397.2735963709215
lt,1085,666.10274129,0.24230223515107124,392.6567463594324
lt,743,451.539375424,0.29864003806016154,242.88645881204042
lt,326,439.929381112,,0.0
lt,1822,981.351222504,0.2019495460811851,407.48874053955075
lt,1984,728.415867429,0.3254058926533429,696.6846810733571
lt,3186,702.690889328,0.19681363259217113,141.28392405790441
lt,290,539.95618322,,0.0
lt,3988,581.412016618,,0.0
lt,3771,2284.32455126,0.21715294112497732,928.6523178998161
lt,3885,665.610649594,0.20955340845324985,277.0865193385704
lt,3333,623.665066166,,0.0
lt,3152,573.295221256,0.3170258691987015,459.29994587617756
lt,1763,1247.69855315,0.22699463853369592,48.3435786228554
lt,308,485.648478601,0.2129130743022235,83.61103551528032
lt,1344,851.916544185,0.3243343759498024,236.23512354832067
lt,2529,1038.44593848,0.21323110571581835,90.07242255117379
lt,2109,940.018566235,0.20292921364307404,54.89869300991881
lt,169,402.748219714,,0.0
lt,2048,269.824171398,0.21418602179512528,135.80964888030405
lt,1139,600.748503368,0.2662839448902236,525.3731430951286
lt,925,529.323736068,,0.0
lt,650,497.205635438,,0.0
lt,1478,854.377178437,0.21326504175841668,326.081659115062
lt,2560,1065.66349592,0.2089778631925583,3.6762926288679534
lt,1265,243.940973977,0.3448255873648226,251.50252523983227
lt,2299,763.91317865,0.22833985920343025,232.4398897956399
lt,1191,555.933642178,0.2879216691047843,536.9240617639879
lt,2122,577.188318374,0.23965337114928145,547.151107488894
lt,1836,680.958456852,0.2170110433362424,210.17919203814338
lt,703,493.85011782,0.19918623566627502,8.148970330930224
lt,2675,521.50872368,,0.0
lt,1165,504.055969247,0.317086412853203,211.0356335509057
lt,503,557.901529073,0.18953224573586439,19.454918057310813
lt,3712,2157.87818729,0.19286731050637276,99.53841244566675
lt,3925,554.033635306,0.19791901712765506,61.19582866593903
lt,2878,413.339059107,0.22481074741637094,329.52483323041133
lt,2062,592.101776845,0.22365748092786147,369.8605805640127
lt,2886,1389.79713434,0.2124677300453186,37.02194967830883
lt,768,592.290836506,0.24134702787679782,44.68567956662646
lt,3257,1293.70226922,,0.0
lt,3638,1233.08987508,0.1893829878638772,44.64634076286765
lt,2404,503.176972504,0.21462852800183974,483.2334734150008
lt,2617,391.055507144,0.18951548635959625,57.76892389035693
lt,1179,626.116076672,0.34031410276581775,305.1203482235179
lt,3122,956.59806572,,0.0
lt,1190,355.54608088,0.28728695836668555,294.8745464549345
lt,3510,1113.32296826,,0.0
lt,1990,1345.12507291,0.30816916425332097,415.5939629349054
lt,68,508.501501158,,0.0
lt,4143,850.715593528,,0.0
lt,1523,804.81298017,0.23326450668923232,241.7377468931909
lt,1946,709.165666561,0.20354847982525826,25.219823859719668
lt,1812,781.043698353,0.19484459348983324,193.62915793026193
lt,2650,382.193969301,,0.0
lt,345,657.588356184,,0.0
lt,1308,761.567953801,,0.0
lt,3491,1420.07667423,0.19185023100306597,216.1513732910156
lt,691,483.978098657,,0.0
lt,2419,579.670484501,0.21555389510391185,159.9378890991211
lt,538,418.270328058,0.2248830079296921,223.72869394339767
lt,1264,488.89330184,0.31510300537395153,469.62964588240084
lt,3971,562.668714966,0.19402102201625154,28.365916083840766
lt,3054,1734.87089824,,0.0
lt,2936,797.964615784,,0.0
lt,2505,2214.05719185,0.24242441840698384,42.80490540149165
lt,1262,514.570810624,0.26608142401699847,299.85943331250957
lt,2608,848.156597069,0.22118854711327368,248.93143436207492
lt,3103,1480.28472095,,0.0
lt,817,313.677006062,0.22194436192512512,6.834385352041207
lt,1015,473.077830925,0.23936601675789934,190.55653037276923
lt,529,519.928847678,,0.0
lt,2698,539.047861761,,0.0
lt,4080,684.900606962,0.2252324297384643,122.3956044814166
lt,3794,425.126812485,0.23418183442787588,283.9040577607997
lt,2160,736.602134835,0.21309179424450575,218.2716168571921
lt,1060,1085.09260202,0.19501516222953796,21.026099111519606
lt,2379,470.359386616,0.22602883684185315,208.79239615646063
lt,710,502.765582695,0.2516310811042786,101.20443575989967
lt,499,522.528207757,0.2098674868789462,69.14391799627566
lt,2741,462.002050123,,0.0
lt,2214,1186.97831367,0.23966363275813127,242.42772952809057
lt,2479,507.293317933,0.23213053821376378,288.0895442887848
lt,4154,1168.69315436,,0.0
lt,3037,1247.41267121,,0.0
lt,189,533.618942168,,0.0
lt,3730,1338.84026775,0.23599933585798266,1338.3513910031786
lt,385,493.597288237,,0.0
lt,2315,574.270174372,,0.0
lt,2968,409.608405704,,0.0
lt,2934,762.847717298,,0.0
lt,2451,427.901361621,0.2284139689518626,335.63104041604436
lt,1048,783.030448636,0.21682809581829335,422.1055557250977
lt,3809,490.007137547,0.2678157795059996,377.66723127178113
lt,1510,872.551327717,0.18740365885148036,351.8389831842161
lt,2416,585.203617624,,0.0
lt,350,617.709104867,,0.0
lt,3717,2088.18779372,0.22069908072850297,1900.9208822811354
lt,1442,471.585764425,0.23563657105223096,308.2227082196404
lt,3379,780.479312026,,0.0
lt,1241,769.823307001,0.23216018264824156,523.2446814742742
lt,732,532.366976822,0.22406533950862434,525.4701869889801
lt,2790,405.60674202,,0.0
lt,3058,1112.92594405,,0.0
lt,3485,617.007775851,,0.0
lt,2821,274.121953585,,0.0
lt,3813,686.103400065,0.24045862056433207,66.18396606445312
lt,962,848.457900157,0.2950516742342012,385.8592295927159
lt,1263,538.283118779,0.2838233410623828,455.1761716954848
lt,1489,968.615481008,0.22855766939445818,415.4197890038584
lt,148,356.976902419,,0.0
lt,3549,2377.75194001,0.21822361600602364,815.9666738771925
lt,3219,1430.52058787,,0.0
lt,172,504.375122339,0.18609808416416249,25.242731071920954
lt,3399,1051.88341,0.21598157035970245,168.60297402774586
lt,2297,753.295234737,0.2633757218243297,370.59162645526953
lt,2813,300.208405382,,0.0
lt,2940,1800.32514117,,0.0
lt,3410,581.364073076,,0.0
lt,624,475.148540203,0.2207527945857299,124.87084811341529
lt,2618,420.549960807,0.1840415745973587,15.229935230928309
lt,3609,560.128335628,0.21936201021060656,536.2888543222465
lt,2174,809.480566322,0.2040010607507335,218.7922514672373
lt,1490,1239.45738278,0.23123500351716994,444.58690577488323
lt,1457,521.389924131,0.20363723758135713,163.701212235993
lt,3936,298.63151173,,0.0
lt,4027,596.001784715,0.2078721543153127,78.79408219281365
lt,1445,491.626412927,0.22208529933788718,314.2649866440717
lt,4171,2042.88990846,,0.0
lt,1789,990.025740413,0.20212591804781008,216.49080816530716
lt,1720,615.257240178,0.22793779228118788,128.48200650682637
lt,1375,566.351074231,0.2514427355701351,296.13994517606847
lt,4153,1053.25611941,,0.0
lt,1726,496.521531909,,0.0
lt,1650,895.351925385,0.215941076709474,253.02554949592144
lt,3401,604.461362756,0.1895556330932799,217.4509568158318
lt,994,766.449939622,0.2664363601876864,96.46275308646408
lt,3118,1386.82340638,,0.0
lt,3107,1384.32960006,,0.0
lt,4025,599.535921192,0.18298184211765015,91.92635689529718
lt,3662,2493.20953302,0.20933456067303227,159.1511930577895
lt,2278,282.360684044,0.2406523946553605,230.07758774102902
lt,23,541.815991928,0.18323519825935364,1.5777670467601104
lt,62,408.094024139,,0.0
lt,4070,585.819852163,0.22023919224739075,9.980688057693781
lt,539,580.258801874,0.2038422411733282,88.59768975949754
lt,224,457.913211807,,0.0
lt,264,538.794359079,0.15160523355007172,83.34953987271177
lt,2916,583.514534847,,0.0
lt,1755,506.60481064,0.2067134827375412,24.69747673483456
lt,2382,664.603966852,0.21504583828918028,512.920716678395
lt,222,503.663775322,0.18781061606562655,60.47611625521791
lt,377,444.669954466,,0.0
lt,3187,1956.93622168,0.20720720291137695,19.43313652487362
lt,431,525.285642044,0.18999165296554565,6.835864138135723
lt,3432,1114.96337945,0.2186252772808075,10.767730593213848
lt,639,677.707517773,0.2308622164946415,367.24829322964536
lt,2350,611.661692662,0.23449824847723752,357.9711172365674
lt,583,495.313569842,,0.0
lt,1853,387.633765976,0.21055487328206154,172.87204975801356
lt,3171,2963.66627525,0.23250654443534646,1214.552885018143
lt,3363,937.127971845,0.2328898481403788,592.4589472153608
lt,3981,631.720739947,,0.0
lt,4,599.944860407,,0.0
lt,3166,1294.08951555,0.3838770338083788,390.7607464360256
lt,1384,541.100224075,0.2964823250187916,187.09001811906404
lt,3747,738.398605052,0.23569852138177477,752.1742145014745
lt,3692,1169.85971148,0.21075323527299808,420.7375475116804
lt,281,532.760532819,0.199275000795681,190.8863592708812
lt,823,457.399237593,0.24018714169563332,106.72189564424403
lt,3143,551.291093632,0.31508266476349533,499.7411321901807
lt,3470,872.296489237,0.197216520604495,420.7398415060605
lt,738,653.461127828,0.24567841326008877,326.21559107163375
lt,2748,501.367802453,,0.0
lt,3584,1589.46628804,0.212873052259919,907.1039383832145
lt,386,525.728678457,,0.0
lt,1078,436.678280695,0.19267624616622925,1.576943790211397
lt,864,654.930041704,0.20314426720142365,2.36571242388557
lt,3938,628.351890845,,0.0
lt,3198,1842.72724223,,0.0
lt,1913,561.480324615,0.2258542590537427,253.78326667336862
lt,1502,1130.02108725,0.21750127024609936,416.21635616526885
lt,3337,1012.5365096,,0.0
lt,2819,532.449516944,0.2006909683869596,89.79900512695312
lt,3112,1415.20220919,,0.0
lt,1441,479.580291289,0.23780314244177878,283.26041822246475
lt,3159,2095.33726893,0.25347281097496915,180.1499938067268
lt,574,407.197372595,,0.0
lt,3476,796.658555172,0.1977160071007541,128.16609284644034
lt,3667,2176.08408262,0.23811893316993363,327.2321615780101
lt,3735,1904.28048239,0.24153993076229213,415.4745950736252
lt,434,537.382312262,0.20499187302786687,111.21381180707147
lt,912,748.840275724,0.2152128590057509,169.80180634143306
lt,2360,708.257831036,0.212971274899809,249.50135653626683
lt,1423,490.570825039,0.21685806731892449,215.20460797478174
lt,582,773.456178499,0.18054087996691257,150.3792048435585
lt,2880,665.32872988,0.19480336238356197,44.636854283949916
lt,3135,491.72923354,0.3880716881879761,487.66142578125
lt,597,469.444220027,0.18400709486446498,42.85186264935662
lt,1651,904.775092138,0.20500286589692238,220.97056699266622
lt,1274,1075.26775439,0.30186838892469253,1081.9454562318092
lt,1821,785.099562552,0.2550453313274755,182.33247492173138
lt,1888,513.277982003,,0.0
lt,1363,589.140227384,0.28038522053975606,269.0766632977654
lt,778,449.656105575,0.21766451001167297,0.7885599472943474
lt,3126,1077.13100443,,0.0
lt,3394,1316.58513345,,0.0
lt,594,570.782108121,,0.0
lt,3941,458.510386898,0.1962797019323353,130.53523508707684
lt,689,387.350602898,0.22507874083680074,38.90569589652267
lt,2074,1060.62212116,0.20376199592109792,372.4810954374426
lt,976,866.481915707,0.22183931653625238,214.47919625674976
lt,1340,496.042134822,0.29910510262319195,201.81245206945084
lt,1731,534.671056577,0.20214505376903688,57.015946182550174
lt,2985,595.933622112,,0.0
lt,2105,627.289255839,0.20972258321817414,427.89581986969597
lt,2310,448.613542515,,0.0
lt,2490,840.732241792,0.20509943725451726,573.8083585851334
lt,2654,394.526923198,,0.0
lt,54,455.877016501,,0.0
lt,1589,1377.47174874,0.2245662296811739,457.18928258559276
lt,1267,519.145971877,0.2693964800557251,83.57128735710593
lt,2512,467.07494811,0.21123699401167853,181.19788091322954
lt,1012,762.023446299,0.19433745930155552,143.50915356804342
lt,3046,1003.1228381,,0.0
lt,147,436.703558041,,0.0
lt,1535,1107.42166921,0.2530260336418336,487.93280379351444
lt,3871,617.306070467,0.21239036370945333,214.31193012910728
lt,517,607.893889089,,0.0
lt,3421,1245.99644876,0.22276553248556094,226.12009699204387
lt,4060,682.090205863,0.2614787617576456,281.0348993937174
lt,644,505.707458596,0.24659934336856257,170.61114181817746
lt,3910,776.925883331,0.217787504196167,3.151736629710478
lt,2770,497.109256202,0.19602836668491364,66.95793151855469
lt,3034,499.082701924,,0.0
lt,184,736.372362562,0.20877636969089508,34.44578561221852
lt,116,442.499910102,,0.0
lt,3029,1282.60971263,,0.0
lt,2791,400.389815835,,0.0
lt,1967,500.771238074,0.2511027185895429,335.4756116380878
lt,534,537.876203497,,0.0
lt,3242,980.314687538,,0.0
lt,3444,1216.10149664,,0.0
lt,3059,1342.88064293,,0.0
lt,136,533.409367707,,0.0
lt,4046,620.072240537,,0.0
lt,2000,977.726925804,0.24584672009968464,798.0745306576
lt,2247,476.473093873,0.21688213646411894,42.02361940870098
lt,2837,449.228410095,,0.0
lt,1993,936.816033453,0.24521987526435754,627.3286842794979
lt,2034,1086.77753956,0.22408797375540784,493.85797612807323
lt,835,614.170545433,,0.0
lt,2553,773.985734759,0.2536887047161539,217.95236370610255
lt,1156,268.006320711,0.3083773386352372,260.9716503367705
lt,3004,1288.12329741,,0.0
lt,4084,1028.57663046,0.21970631859519266,92.45364774816176
lt,3865,538.320021436,0.21731749936672193,294.1561072854435
lt,4085,1051.8850988,0.2030954360961914,74.85593638700598
lt,1838,601.130122455,0.19649698778354235,179.44099525002872
lt,3591,2793.04325576,0.2250220086469787,221.13199774050247
lt,3347,1220.1160658,0.20154850387029374,212.97921082739734
lt,617,534.882630706,0.19611792266368866,38.38152453852634
lt,736,577.719124569,0.2888553822329047,320.4330775541418
lt,1355,1038.29972017,0.3372659912485569,320.58309236414294
lt,2657,485.864560544,,0.0
lt,977,724.098324514,0.24028538805837293,214.7415751438515
lt,1414,479.425837709,0.2511223050103181,205.74539759018845
lt,3192,440.317351881,,0.0
lt,118,486.34381802,,0.0
lt,1409,481.103939475,0.2685167250709085,189.97980176140277
lt,2943,1286.37887967,,0.0
lt,4086,1054.55525328,,0.0
lt,3235,796.314721278,,0.0
lt,3469,751.799526469,0.20180333380081655,335.6458113726448
lt,504,575.290375015,0.1855705827474594,37.06950602811926
lt,3631,1063.26990118,0.24912160178868778,990.1033805099188
lt,4183,945.583751566,0.25662848000562466,104.28453808952779
lt,671,730.001340879,0.2059816972149494,279.7017459046607
lt,70,521.31080149,,0.0
lt,3441,3152.0617466,,0.0
lt,1295,845.795372474,0.23734108095154055,500.89023066501994
lt,833,513.310478125,,0.0
lt,2917,372.736490596,,0.0
lt,271,482.33111962,,0.0
lt,1553,578.030507354,0.23319648545159122,474.7809895534141
lt,3434,1153.72375176,,0.0
lt,4024,583.155341746,0.2108545618796209,44.91286603142234
lt,910,446.967535705,0.22063712875654057,172.4299653894761
lt,1582,616.271197552,0.20241453432115594,285.6121240354052
lt,322,466.81944419,0.18394867817491242,300.2663771685432
lt,784,622.337088471,,0.0
lt,3955,480.690422884,,0.0
lt,1885,579.552129398,,0.0
lt,3640,869.179252138,0.21023952600549814,201.95902790742764
lt,3334,1040.48852881,,0.0
lt,221,562.633024145,0.18324200083137396,112.27510830748315
lt,2556,1585.60878217,0.20929465850569165,306.1824201097675
lt,3789,617.094647119,0.22145889045838382,562.8225491392845
lt,2262,537.048747958,0.1918453500552811,312.02563117532173
lt,3234,1658.07088513,,0.0
lt,2374,618.26118865,0.22836241017528405,266.8344617656633
lt,310,491.38392345,0.19418066810993923,33.12890086454504
lt,2655,476.673563317,0.20699895356522233,208.23190804275814
lt,2753,444.31138274,,0.0
lt,3695,1369.24029699,0.23146624586896267,1096.490536139993
lt,2850,517.675596493,,0.0
lt,1851,497.401783188,0.22356731954878167,245.1200489717371
lt,4076,819.938973435,0.22914450350935786,151.5491819194719
lt,362,443.460558483,,0.0
lt,2098,768.82623819,0.2026682759260202,80.90357447605507
lt,3920,481.006544451,,0.0
lt,2972,1115.19874875,,0.0
lt,2780,323.971864623,,0.0
lt,589,506.804793444,0.18828575313091278,8.675589079015396
lt,1770,750.938300091,0.19748816396351215,141.8774387135225
lt,821,322.693624388,0.22173857624624294,67.03002570657169
lt,2585,340.543605565,0.20287910162184064,154.1378209132774
lt,750,343.798745084,0.21400914970424353,246.82638145895567
lt,2772,481.785138766,,0.0
lt,2021,648.066023726,0.21705721870378747,548.5060769772996
lt,2810,601.267998563,,0.0
lt,984,593.711927336,0.22283704714149452,185.30230449601717
lt,997,711.964837537,0.2139556946874667,156.3897536932253
lt,296,540.117197873,0.19307709328997158,129.0984380385455
lt,2823,505.179943656,,0.0
lt,2136,749.443565581,0.2298313361123531,719.7159013935163
lt,3309,1158.74661231,,0.0
lt,329,550.826511898,,0.0
lt,2215,1108.1066806,0.24636453932116126,265.0154192756204
lt,1036,559.893154242,0.1570536273977031,66.49708978989545
lt,1424,489.515524456,0.22238695607352757,276.95473288741766
lt,3914,754.918433832,0.21154331243955168,10.24314359777114
lt,3783,405.264434871,0.23531407774308039,134.73113582835478
lt,2424,841.316937814,0.2301845652384713,822.2808160220876
lt,1963,590.185582125,0.21467173126846206,272.1614766438802
lt,284,546.153026101,,0.0
lt,4188,1098.75319372,0.23569829121954114,238.51640427533317
lt,609,465.728337819,,0.0
lt,1863,862.95401436,0.21698825248777232,123.2176565731273
lt,1223,657.176096187,0.31232742145007153,541.9106284945619
lt,2784,440.11375466,,0.0
lt,627,335.750154354,0.22782102728984796,206.10259285721125
lt,1017,581.496836506,0.22213034948081148,255.47647022920492
lt,762,523.588515625,0.2504826706273691,414.52733803543396
lt,3539,1038.93293243,0.24917208798059068,516.0621374691234
lt,2280,371.991792354,0.21517316505128448,190.9440735461665
lt,3364,1164.71858984,0.23883144943012666,917.5760018442193
lt,3847,524.465940903,0.22105526237101572,84.30690908992992
lt,1225,732.021013693,0.32026768849614484,744.7954278983323
lt,3386,659.173957153,,0.0
lt,511,527.554914831,0.18505463004112244,82.81485389260686
lt,1253,521.503935893,0.25669804059832196,344.79683362175433
lt,4034,1199.14499557,,0.0
lt,381,526.064147363,0.18233102008148477,42.59452326157514
lt,1954,487.039197025,0.21827958397162978,135.5548478968003
lt,593,675.898478813,0.19576916098594666,36.279736148609835
lt,1261,570.200363357,0.22695446233517957,546.8965440937117
lt,3958,504.618409038,0.19374338340356695,139.99116590911265
lt,3535,1295.39743074,0.20719857254124122,405.23535195144956
lt,38,473.860502507,0.19929639995098114,29.71405148973652
lt,1747,1022.53540151,0.19476327300071716,66.21070915670956
lt,860,482.125872439,0.20069414839530605,102.51505683450138
lt,1405,502.822019292,0.26164861940139644,214.41691975313077
lt,2035,999.75568575,0.22017459355894545,495.9583044912301
lt,1891,676.320081038,,0.0
lt,695,638.235379247,,0.0
lt,1051,590.602832952,0.21218544258842903,194.75629532757927
lt,3903,477.951880882,0.21457308913798265,430.2109095853918
lt,937,889.643560332,0.21205768745370257,351.16152514289405
lt,1700,695.389966453,0.23990088988179908,487.11743173038263
lt,3976,524.658307055,,0.0
lt,2342,499.025645567,0.2227949855832366,116.61028837316177
lt,1706,836.666745701,0.2424136250229212,478.44872310862826
lt,2147,1601.41958688,0.22154256143532416,1485.1165382834045
lt,1043,792.811852881,0.21533961831384404,206.32358102237475
lt,88,300.841608587,,0.0
lt,3224,1269.03385997,,0.0
lt,4158,766.916868663,0.24969653790788865,211.19018093931908
lt,2957,638.328692935,,0.0
lt,1390,673.593350425,0.24120422137107728,434.87753684847956
lt,2802,454.897078627,,0.0
lt,4169,987.144327206,0.21882794340179393,95.87686546176087
lt,101,517.019648493,0.1713322103023529,1.051776123046875
lt,3467,1991.22216126,0.19012856585779997,332.7545081643497
lt,3400,993.563528206,0.2099730688886544,127.37145711861403
lt,2145,694.279934943,0.2177387787308885,358.5399358412798
lt,3533,2321.34661055,0.2120713106548275,251.3362331614775
lt,2620,506.700727955,,0.0
lt,739,446.043773228,0.24058808709452892,461.8536531336168
lt,700,546.309649358,0.2033700100904287,22.606904392616425
lt,530,533.141684334,,0.0
lt,2570,635.524069817,0.23732895537978038,134.44566611495674
lt,1361,514.671068094,0.2954559731448295,267.23789708754595
lt,66,434.473136018,,0.0
lt,1245,659.058851191,0.272655905045017,567.6577618468041
lt,3335,861.602936221,,0.0
lt,1750,927.308713203,0.20886342937399627,206.25023977242265
lt,2609,529.735672371,0.2074330233687829,171.4685972924326
lt,3726,583.230138234,0.25922962579801506,589.6042259066711
lt,4029,514.173985619,0.18889494240283966,26.002052307128906
lt,3085,632.442145789,,0.0
lt,2500,831.175960725,0.20037796014341816,60.92525060317095
lt,2344,606.591942755,0.2277598704303312,356.65844864190797
lt,2989,797.18347125,,0.0
lt,4161,605.668124876,0.2761996046483861,90.88568507175819
lt,2491,551.678303831,0.2055690040191015,126.0536611220416
lt,2858,906.522471649,,0.0
lt,3984,514.361153681,,0.0
lt,2642,1131.98397846,,0.0
lt,852,465.653175343,,0.0
lt,4192,872.160648693,0.25142932511844585,545.8575869391946
lt,3917,596.012635128,0.21359930220700551,141.3026174507889
lt,1531,1384.06727884,0.2544492560273271,774.6021838019876
lt,191,531.444511254,0.1923009604215622,39.1786605834961
lt,3880,647.939115025,0.20205059068818243,203.5462045108571
lt,1385,549.745716506,0.27575498482402494,321.8891903746362
lt,1079,586.62917111,0.2677432537078857,5.256452373429841
lt,2026,528.676787131,0.21819701936868982,251.9230158188764
lt,3269,1341.09527952,,0.0
lt,3113,1404.98270772,,0.0
lt,4099,727.721432211,,0.0
lt,2736,544.394759754,0.22601066682583246,51.20400507309857
lt,3097,1400.72329493,,0.0
lt,1105,483.467894644,0.27219355336580237,277.270819271312
lt,2649,317.265868264,,0.0
lt,3013,990.087002724,,0.0
lt,3134,352.642106306,0.2883773314834431,277.5753277647729
lt,3095,642.311533044,,0.0
lt,4073,707.901891955,0.22328831268064048,92.97814761891084
lt,1814,765.850432149,0.2141296326247479,162.62784423828123
lt,948,473.231134468,0.33326775097584993,71.75756970573875
lt,1778,592.851652861,0.2046169936656952,33.10467224121094
lt,3203,1481.18135113,,0.0
lt,495,552.513423626,,0.0
lt,4159,807.965094566,0.23531279324902304,322.30190199309703
lt,51,494.838634417,0.18041494488716125,6.573893977146523
lt,651,487.546595544,0.1903580278158188,8.412215647977941
lt,3072,1256.15946585,,0.0
lt,2558,487.700134843,0.21931627414364746,199.30766107895795
lt,2385,567.378667526,0.230239588611314,539.4432583678002
lt,3630,707.317372251,0.2674014612006047,491.8976691750919
lt,143,496.206854172,,0.0
lt,1618,1339.82334674,0.23889894314849644,172.09722032733995
lt,3040,881.39951599,,0.0
lt,2706,478.751958904,,0.0
lt,1243,541.433200034,0.2575648374614501,560.5635763729318
lt,3758,579.182880589,0.22149921792524832,531.8317478853113
lt,4194,520.07528991,0.23847855933765158,267.15016712861905
lt,674,288.348579214,0.23285957236788168,17.612893407485064
lt,2075,1016.81072196,0.22182711716534492,402.1638750263289
lt,3808,561.256802502,0.23053929659127284,344.8371896481982
lt,2007,478.419471891,0.25005051522713984,309.71861895392925
lt,1514,1002.37129232,0.2267365251959774,212.04869725844438
lt,1292,1043.55842163,0.21260254465440537,212.07589407528147
lt,451,638.23460294,0.1916540414094925,11.83105962416705
lt,2648,420.145427124,,0.0
lt,2499,653.482388975,0.19072769582271576,35.45222248750574
lt,1539,847.799540235,0.2016885635672408,177.09461583156212
lt,39,477.776755194,0.2007273860551693,7.099818510167739
lt,188,439.298199449,0.1975264996290207,1.3147201538085938
lt,3301,829.109388793,,0.0
lt,3048,1542.92155366,,0.0
lt,2156,544.838891228,0.2519322350550602,110.8436643114277
lt,2593,622.670499576,0.20097661936576935,74.5738976871266
lt,2039,863.883040109,0.21689288063298265,701.9040357402728
lt,565,523.493400618,0.1929369117407238,17.87745412190755
lt,2526,437.802796452,0.21474484591157114,216.38380581724877
lt,4148,930.234876403,,0.0
lt,1878,858.819478619,0.21981161599065743,133.98825252757354
lt,3810,668.903722473,0.19372426776308987,57.51691984288833
lt,3069,1586.69319075,,0.0
lt,2237,505.854652963,0.22335413863031756,488.26764795639934
lt,234,522.689399706,0.1907164454460144,0.7888103709501378
lt,175,457.324804956,0.18660652212111659,148.301952047909
lt,58,457.974660538,,0.0
lt,2974,895.684393746,,0.0
lt,2966,533.174566217,,0.0
lt,1334,518.283350755,0.27245461487367056,147.68195250268076
lt,2792,505.234493949,,0.0
lt,4097,541.685100907,,0.0
lt,623,568.683679872,0.2357706609371139,278.396737132353
lt,2604,472.359815227,0.22285298133098902,247.35583478142235
lt,1486,1357.12648645,0.2495272902438516,499.2371117086971
lt,1679,2169.99680221,0.1969955458990118,95.11269656910616
lt,94,493.272284802,,0.0
lt,3312,1381.94036856,,0.0
lt,2766,739.027279359,,0.0
lt,3998,672.318696839,0.21480380645377584,187.00464824601715
lt,268,496.217592431,,0.0
lt,2907,546.638554062,,0.0
lt,2427,442.032065284,0.24394894962289695,445.1496025534236
lt,1843,839.539954226,0.23800481181769148,209.65280016730813
lt,1866,358.218508017,0.22004716146737333,105.08923722809436
lt,4127,810.219858176,,0.0
lt,1266,679.846999125,0.19709867722493535,197.62870710784316
lt,586,581.09639487,0.2007501115552103,104.10729783002068
lt,721,496.518572373,,0.0
lt,4164,782.560261109,0.2325759319290796,141.3195296044443
lt,3860,469.033775407,0.23604673147201538,12.081387329101563
lt,2673,359.723401584,0.20087557474532758,65.38403015136718
lt,206,497.363302621,,0.0
lt,2208,524.123325909,0.28477171545384966,256.6133776496439
lt,2390,572.531221316,0.2093069144487381,98.48588741526885
lt,2661,357.973401,,0.0
lt,704,285.294759578,0.20808901190757753,70.97465245863971
lt,3762,974.49933289,0.22537151552693274,1079.937206582462
lt,1462,481.546818684,0.1982453710069173,212.57495841232003
lt,3255,564.316702378,,0.0
lt,521,621.212852278,0.220948445417553,128.03207472258924
lt,347,477.238847048,,0.0
lt,2958,904.029410406,,0.0
lt,2638,465.982973562,,0.0
lt,144,550.682804277,,0.0
lt,793,454.782456506,0.18947843333770492,91.47311006433824
lt,2822,260.604614005,,0.0
lt,2289,306.549108064,0.22174720792854477,275.5161283904431
lt,3512,876.691462249,,0.0
lt,3065,1927.60192604,,0.0
lt,1547,672.736424423,0.19629569901448854,157.38601711497589
lt,209,562.369527357,0.18945367454330705,108.85657240923715
lt,3784,635.446713476,,0.0
lt,2097,1006.5251429,0.19814959898665177,105.59483068129595
lt,1273,1573.80937203,0.2730631193575709,1550.7779278025905
lt,3466,1200.12457591,0.19366593489080897,417.0570063273113
lt,1606,1294.97459122,0.20171804939749216,372.05046144373273
lt,4193,1799.63217704,0.26370444394405906,1244.6016398710362
lt,3822,410.104712275,0.20614046734922073,84.83059156829235
lt,1908,1148.4329648,0.20604739194879168,245.90279023413564
lt,2202,682.256813336,0.22479973408726323,358.0016120761049
lt,2863,1093.72723923,,0.0
lt,353,564.140431638,,0.0
lt,975,907.16587918,0.22851360691815945,374.2878692028569
lt,1140,682.099103189,0.2901268613352376,675.9661080753101
lt,4139,646.757274408,,0.0
lt,1217,480.188549198,0.24165813528077296,489.6163328282973
lt,294,611.606427879,,0.0
lt,2621,503.59791276,,0.0
lt,4090,706.350593101,,0.0
lt,395,621.164943317,,0.0
lt,1103,826.881722425,0.25922137700038317,229.7010971069336
lt,2224,672.45015993,0.2245162077670605,569.6885863360236
lt,2434,441.77763134,0.26619588592885457,234.5216479133157
lt,2107,1519.42710746,0.19022924773860467,475.1789122637581
lt,4036,1254.98007874,,0.0
lt,1003,621.803255886,0.2170762206117312,23.655467313878678
lt,640,821.840923195,0.2638863662175373,148.5291145175111
lt,1509,598.983534756,0.19124269328781007,127.43974453795188
lt,2851,475.190785351,0.2116114621454815,69.57978431851255
lt,2194,484.271989606,0.21570384423848155,303.89587489109414
lt,882,629.038639823,0.21903287488708478,302.80671009736903
lt,3414,1305.38111264,,0.0
lt,3387,1234.16530293,,0.0
lt,1929,652.154840708,0.20578450481285684,221.20216836368337
lt,981,929.459830825,0.25300813108280223,330.91482256721054
lt,300,497.180971075,,0.0
lt,2751,378.893069855,,0.0
lt,664,515.360961494,0.20985837280750275,19.45304942411535
lt,3788,607.547469363,0.23830677531708555,399.72821086808744
lt,1416,424.972818542,0.2110522437129128,187.0886551501704
lt,2134,698.137962512,0.22362555371558013,695.552641625498
lt,2756,485.140387386,,0.0
lt,1976,1015.38703291,0.22130758442838255,185.73224517223883
lt,1007,1249.11207072,0.22929164847791414,510.6910278918697
lt,3576,1869.20781012,0.2186594710132948,578.2888233857997
lt,2950,838.703572012,,0.0
lt,1615,720.740174788,0.21921635559617964,248.0312676523246
lt,2887,823.494204971,,0.0
lt,3178,2408.85318467,0.2233497975864495,207.98503821877873
lt,2172,949.927169064,0.2174684682296621,334.6246501847809
lt,3253,1443.97538505,,0.0
lt,2906,497.701729984,,0.0
lt,2726,381.163203699,0.192836195230484,35.18592098460478
lt,1258,432.124351543,0.2843720672698026,405.2423031975241
lt,2527,277.098188992,0.218326292165062,107.14169491038604
lt,2576,591.745677354,0.20825040154159064,277.29188169591566
lt,156,535.038741739,,0.0
lt,3696,1082.40453587,0.233092445071846,841.215626376283
lt,3879,750.666477704,0.2220461690380546,276.29724408318015
lt,1743,1278.36206615,,0.0
lt,2710,524.048400289,,0.0
lt,2167,604.771954486,0.25353640960127083,249.26292458328547
lt,2683,740.452718075,,0.0
lt,1541,625.262570229,0.19779819777723037,122.44174047731886
lt,685,526.796606879,0.2104502686365383,33.385196610993034
lt,3251,815.121168,,0.0
lt,1564,749.346109108,0.2102888002022131,262.4859415390912
lt,4089,783.786117455,,0.0
lt,2276,262.834899458,0.27511529383268163,118.45301022997089
lt,4065,1154.65195414,0.2387368145255035,156.53884154675052
lt,1529,1387.55119211,0.2502311995119921,588.5732008990119
lt,2485,598.282011902,0.25310975160732524,238.7163578706629
lt,1373,545.639490896,0.25464488174578154,208.112823935116
lt,2198,431.122161773,0.23637970184331764,201.45898658902036
lt,3355,1252.20598702,0.2157843699220751,128.15567417518764
lt,620,493.910688634,,0.0
lt,114,504.640420576,,0.0
lt,1724,388.645451952,0.18863840047846137,76.45891930075253
lt,365,627.455203152,,0.0
lt,1152,578.542915076,0.25470075957985766,327.2021726720473
lt,3689,1556.54847509,0.23862239779885286,152.8521978041705
lt,1108,650.139723288,0.3211734642367265,179.76578449922448
lt,3495,762.239082409,0.20099889012007585,159.4206100463867
lt,1452,489.849688656,0.21449286009565066,117.1916784548292
lt,678,1048.71583276,0.2654838083121311,259.4606398040173
lt,3091,1085.55763327,,0.0
lt,1849,864.632958048,0.26289568173096467,178.65093126483993
lt,3792,398.467980403,0.2361253283814583,340.8963065652286
lt,1131,681.870195654,0.25269518623137366,277.2730205760283
lt,231,592.362123348,,0.0
lt,1895,723.13250501,,0.0
lt,2860,833.629426053,,0.0
lt,1512,817.356173966,0.20235753898525918,258.0326237697227
lt,318,464.85801913,0.19190153438751015,38.38771864947151
lt,1916,464.77041533,0.218069769100894,246.69029253791356
lt,3685,1013.88227948,0.23263819627026483,246.0858023250804
lt,1924,921.982014087,0.20049965468284964,162.6194638121362
lt,844,671.573997361,0.21454890599650436,183.47665477079505
lt,2319,556.063631399,0.21751946455369425,84.83282003963696
lt,3655,1323.13240124,0.20621510970530246,201.17149712057676
lt,1252,543.335492474,0.2417733182823391,482.76799540800204
lt,316,396.852856865,,0.0
lt,2804,488.30128749,,0.0
lt,1067,558.167648014,0.24683582187865347,134.30347221224918
lt,2872,483.100108751,0.20495630912454232,343.1769913617303
lt,490,363.214087843,0.20032894611358643,29.182679299747242
lt,3061,751.517969114,,0.0
lt,3290,1124.958683,,0.0
lt,2539,259.020124475,0.25786791714579993,243.95398146685432
lt,2475,622.897857197,0.21960633546363564,156.78234926111557
lt,2694,505.243198234,0.17839111387729645,8.402752565870099
lt,409,566.86810186,,0.0
lt,4178,969.537986994,0.2709499724524122,149.201940798292
lt,30,452.079451069,0.1923189827847102,132.53058444752412
lt,3465,741.69417189,0.21150646914790808,358.22796313715924
lt,950,831.015214842,0.290334891779236,436.3276331284467
lt,2103,604.07059887,0.21669880826164173,354.60927581787104
lt,1493,1009.70647713,0.2399876437764915,179.4648473103841
lt,1542,578.800811986,0.19766639573094635,241.73024824553846
lt,2941,355.205231751,,0.0
lt,2328,281.608829427,0.25525948284369593,278.39830645392925
lt,1482,713.955104066,0.20092849591342007,290.08337994743795
lt,2199,665.71658546,0.21393478974755367,70.65506902956496
lt,1436,512.818761648,0.26451153565303764,519.2271132824468
lt,4003,743.56957835,0.21743617131419127,176.49985818301928
lt,3551,1292.03643637,0.19794603282213208,787.8686768774893
lt,3612,509.908088527,0.250654649924472,131.84034570432178
lt,3273,637.777161999,,0.0
lt,2637,462.229285317,,0.0
lt,802,463.702588363,0.2715669679191878,27.862885030110675
lt,1255,419.518433675,0.238554152717304,376.33329943488627
lt,2495,942.101282199,0.19752541184425354,0.2626121969784007
lt,1500,775.083443567,0.23705226788457318,305.8551136690028
lt,2130,644.699702721,0.22668091281882785,588.6485851512235
lt,3184,1033.85059731,,0.0
lt,2078,675.11500072,0.21313000663087298,365.6487363029929
lt,83,623.649209486,,0.0
lt,3160,673.185511067,0.28580588025809056,434.61754156374457
lt,561,471.254588817,0.20916801691055298,6.309681611902573
lt,3286,945.50178005,,0.0
lt,380,494.961338418,0.1866568824679581,76.5126921709846
lt,1137,577.549594221,0.23592367267931713,572.156738131654
lt,2983,474.261650866,,0.0
lt,940,1022.24842047,0.2275802824099059,130.6348114013672
lt,2564,779.599257402,,0.0
lt,4177,757.351567452,0.2314546099967427,113.47734518612131
lt,1286,692.583963786,0.21327430905436007,411.01527464623547
lt,3644,1837.02191101,0.22566694841940144,237.9383446188534
lt,2795,436.655922032,,0.0
lt,734,557.130465827,0.24931497544930462,62.299181500603176
lt,4137,553.556796241,,0.0
lt,2212,1023.40605721,0.216113709819478,310.981713956945
lt,2128,646.955179763,0.22392411705037651,639.6090399050244
lt,3800,745.214280614,0.2026544954011308,477.72832013298483
lt,509,425.016045035,0.1865864039773299,167.99566964542163
lt,963,915.279475946,0.25663426533208494,530.4240567375631
lt,1741,792.560679784,0.19811154680477605,19.442960133272056
lt,605,521.884393208,,0.0
lt,1213,327.82838941,0.3939966917187348,314.5838754990521
lt,3798,545.429217034,0.22808121121949979,291.52047986797254
lt,633,672.502310852,,0.0
lt,3615,1411.28511634,0.2487653203266489,232.4284111471737
lt,1818,1311.4214068,0.23350892473111112,29.688213662540207
lt,752,490.988448493,,0.0
lt,2591,703.257210284,0.21154578716959804,235.27478269689223
lt,2965,581.178622914,,0.0
lt,3326,1598.14553839,0.1905986229984128,257.35541743858187
lt,1950,603.261073943,0.194852058238472,186.2575183344822
lt,832,534.879037141,0.20367437633066218,122.49216871074601
lt,2162,551.769826168,0.23878249058252787,162.3243455774644
lt,2460,508.874885206,0.2685417906359862,344.0316954968023
lt,1005,897.941784509,0.24475988822669562,71.22899487065334
lt,2740,369.871204908,,0.0
lt,1672,727.530615859,0.20807738608754844,237.52090124990423
lt,3962,1815.7046262,,0.0
lt,3574,1953.33883162,0.21786949010731915,324.07338792389515
lt,2044,513.845513023,0.2433315870853571,54.638956077426094
lt,1138,586.451299554,0.2532441904131418,488.0537638645546
lt,2370,817.252226674,0.20986533811323757,311.2188282985313
lt,207,542.483134093,,0.0
lt,3902,587.205970224,0.209648064115168,337.49686506682747
lt,1798,687.317740703,0.19515189092112917,216.22524811987785
lt,952,661.22286652,0.24325846964343986,344.0685137580423
lt,11,476.505362895,,0.0
lt,3332,506.594780153,,0.0
lt,3266,1273.83139093,,0.0
lt,1725,710.010002524,0.19417646527290344,107.20013427734375
lt,389,542.450303972,,0.0
lt,3237,2159.71589346,,0.0
lt,2801,502.911210564,,0.0
lt,949,521.782683641,0.3016282258214509,209.75302348417392
lt,2633,425.873157524,,0.0
lt,117,437.275555425,,0.0
lt,212,501.869353403,,0.0
lt,1166,641.636579629,0.30163351204833555,441.78107661826937
lt,2346,624.850306338,0.21847285325985755,363.22571195714613
lt,476,555.884578449,0.1879913939583686,40.75115338493796
lt,3256,517.84107866,,0.0
lt,2930,2508.31901241,,0.0
lt,2498,835.372115982,0.20565956830978394,0.26261040182674633
lt,2470,506.439845594,0.2107636208153948,287.3047956878064
lt,1123,407.434243827,0.34775464869113715,286.7366585825004
lt,3555,711.263328422,0.25191202739479646,251.06919905718632
lt,1447,489.672890913,0.22755077860269599,211.78673320097084
lt,432,529.867154398,0.18999165296554565,12.357139018937653
lt,2168,512.780490886,0.23552640950201084,202.77219223321651
lt,2805,504.167897204,,0.0
lt,941,858.568650737,0.21471763095434973,169.7990579044118
lt,2861,879.824242806,,0.0
lt,2747,481.928901055,,0.0
lt,508,524.378316684,,0.0
lt,818,562.677171245,0.2043102767004077,102.77914820652381
lt,3598,1183.72758961,0.21969069533546767,393.9413665472292
lt,726,544.296742264,0.20123485096978017,78.07152700985179
lt,1428,475.963436513,0.24259530243248428,161.3386127546722
lt,3278,1409.72842355,,0.0
lt,3843,450.036663563,0.20287452796391683,29.678089186724492
lt,3104,1166.02923396,,0.0
lt,3883,556.895444539,0.210644181250205,94.81342504164752
lt,1160,412.310255112,0.3001995384693146,67.54239881926893
lt,3436,629.90925028,,0.0
lt,2420,604.067385157,0.2145869627052769,447.5106811523437
lt,2582,388.481465314,0.24924201095426407,136.02010064218558
lt,2586,758.841062062,0.18500845479792444,72.4735906862745
lt,1469,511.713041673,0.24021481111897633,419.6275617113301
lt,2695,523.780942075,0.17886991171460406,39.91307468788297
lt,3824,885.500903626,0.21304987358251593,338.5336428773169
lt,621,431.646919441,,0.0
lt,3899,669.413050031,0.20125465429149933,292.84565480550134
lt,1894,689.427537451,,0.0
lt,1451,507.279634106,0.2047266486426332,303.7530306049421
lt,1145,914.564472893,0.24338028595572972,689.3637666889265
lt,1598,730.875355696,0.22187156927936216,670.0092664531634
lt,2594,403.514126659,0.19184215366840363,1.3129254509420956
lt,103,509.638585999,,0.0
lt,328,532.151436401,,0.0
lt,1481,678.882260679,0.19809343059426943,290.8716240377987
lt,2663,332.139403885,,0.0
lt,2573,489.410161043,0.2194479376457299,123.67884952320773
lt,2990,568.689474787,,0.0
lt,1499,781.528352002,0.23377362405595603,214.1510015749464
lt,867,479.473763509,0.18949011259107476,65.97765416164025
lt,74,638.693852269,,0.0
lt,1075,396.066314867,0.22652040367357507,322.7450923545687
lt,4062,696.71744698,0.2510297095811048,265.01271116967297
lt,880,644.716766623,0.20875977813187294,155.08342039818857
lt,104,479.132321333,,0.0
lt,1008,609.505207159,0.22045051682976405,568.5141465430165
lt,2717,867.809388343,,0.0
lt,3876,801.973112442,0.2207294649891161,347.20832887537335
lt,4010,707.566168982,0.18093492090702057,71.43998209635416
lt,1578,1053.85457914,0.2136464349993872,114.55993505739698
lt,2744,486.032017894,,0.0
lt,3602,588.512584293,0.25425159398625596,374.77053165809775
lt,2923,1305.81674357,,0.0
lt,1244,562.597285794,0.2744719966217075,513.7830050898533
lt,3182,1354.62187834,0.20764552056789398,28.624285948510263
lt,2961,438.146286853,,0.0
lt,1487,1319.2192365,0.2487109167837953,436.1762183694279
lt,2584,417.099846446,0.20745353123868224,162.54090875363818
lt,3056,1904.05446384,,0.0
lt,3338,1324.76556394,,0.0
lt,760,603.664347159,0.2657470810907805,519.6727706011604
lt,4037,1086.49013978,,0.0
lt,581,574.148813251,0.17886178195476532,50.739836599312575
lt,2915,1595.33669046,,0.0
lt,1567,814.692903184,,0.0
lt,2852,486.398189334,0.20850160410006843,78.7695671530331
lt,3021,1350.40246292,0.20342910788869323,163.07534206614775
lt,2085,670.354687328,,0.0
lt,2682,590.275666884,,0.0
lt,470,588.036852832,,0.0
lt,1335,522.210209421,0.28968967497348785,178.16405819163603
lt,3028,1348.11298761,,0.0
lt,3982,564.349446866,,0.0
lt,407,548.776025169,0.19554382667821996,156.43784586588544
lt,3461,748.492668284,0.20951118531570975,493.4831651874616
lt,1783,1078.49348213,0.1994447310024233,140.8255444096584
lt,1297,1784.88085934,0.2681740171171911,1353.9291455137964
lt,1871,625.299643372,0.22541688752654412,391.45573904000076
lt,75,687.392204869,,0.0
lt,1662,1473.38403331,0.23163457214832306,40.98849666819852
lt,4048,614.856267155,,0.0
lt,2472,596.446682271,0.21157203583202702,298.0703370337393
lt,2551,436.82522237,0.25294027124935,406.75801989985445
lt,484,568.307338493,,0.0
lt,2426,681.404000042,0.24409568959415842,639.7566438263539
lt,4057,629.173092267,0.29451264657137044,103.22131123262294
lt,3413,848.984964994,,0.0
lt,411,549.578352133,0.18883071839809418,45.48494358436734
lt,2116,1063.83306303,0.20046694415766372,265.0364122577742
lt,2406,579.884346484,0.21107861851013554,316.46444073845356
lt,591,484.641704218,,0.0
lt,4190,795.207018673,0.2342572196450814,496.4718759873335
lt,1554,593.586334377,0.2202238684495962,465.84801752427046
lt,978,630.057514905,0.2975729700748718,260.7384665395699
lt,2700,497.044589514,,0.0
lt,3743,1149.38677617,0.22916312779483128,1025.3034274232155
lt,2932,698.8757222,,0.0
lt,2252,433.665873137,,0.0
lt,223,499.636863554,0.18035592138767242,0.7888198852539062
lt,1687,919.555523065,0.16956531370147757,115.3442673028684
lt,1522,673.465624089,0.24717026247827,178.1505614336799
lt,3222,1329.26598876,,0.0
lt,2063,913.791736924,0.22731587091679514,583.9475260715858
lt,3690,658.557781471,0.23578211891956385,369.26119031719134
lt,834,653.308081546,0.18904514668079522,13.668795596852023
lt,19,497.236591598,0.18377855139119284,46.01820553050322
lt,3586,947.172063352,0.21152791687810185,413.10877048268037
lt,3654,1256.36764707,0.21703769528404787,237.67639653822954
lt,2592,671.571928615,0.21158747409665304,169.36645687327666
lt,3561,1043.2735567,0.21086078430793734,187.25102772432217
lt,1066,565.004241344,0.2452758029887551,124.84189037248198
lt,2843,541.656168367,0.20282445258872456,33.871013955508964
lt,3264,970.99941786,,0.0
lt,2563,929.863367447,,0.0
lt,1736,1197.41084426,,0.0
lt,2838,674.405746695,0.19368367059993355,64.85405369178922
lt,2251,415.254464593,0.22775917450586958,78.79384613037111
lt,3964,725.46320129,0.18922990560531616,39.92268401501225
lt,3737,2030.15817697,0.2490919215446398,321.4546490837546
lt,3565,1326.22910578,0.2033271145980771,899.218205500584
lt,1875,624.206761194,0.23234126558292925,229.6190393485275
lt,2058,570.563195511,0.2038287631930663,206.7337355071423
lt,399,560.863267541,,0.0
lt,205,507.990729609,,0.0
lt,2718,622.111024481,,0.0
lt,3691,1206.00807589,0.22050343670492478,314.37134578929226
lt,558,510.571727734,0.18803349027939892,28.656519571940102
lt,1056,782.928256687,0.23746840746472123,198.69708494298598
lt,4066,963.135702571,0.2575267546546578,184.64255987429152
lt,2596,278.088302316,0.21515363997576253,158.6016685934628
lt,3229,989.781315289,,0.0
lt,3360,678.271174035,0.22631975970207116,71.693981664321
lt,744,496.871968836,0.24349633757908323,254.9777639052447
lt,4130,535.326219281,0.2274640046129286,84.84125061035155
lt,1429,488.754957649,0.20059992760752218,212.05259578929227
lt,588,620.276418251,,0.0
lt,1106,544.76892209,0.26510437016115806,192.38075040929456
lt,2737,544.65981503,,0.0
lt,2082,1010.86270646,0.2206354164779387,389.0240438423904
lt,2325,739.469496306,0.22244498989513475,538.6763712565103
lt,2901,217.197600569,0.21028895676136017,41.223449437758504
lt,3463,529.607715955,0.21995345209584088,312.00545420927153
lt,2625,266.052743977,,0.0
lt,4071,680.560158587,,0.0
lt,3174,1483.97012443,0.247220227623487,87.44833472756778
lt,3308,1229.00771271,,0.0
lt,969,588.811805672,0.2853485642179297,348.7947349697936
lt,4105,775.461494918,,0.0
lt,215,594.863418191,,0.0
lt,861,485.89669992,0.19913761989785206,182.4235694137274
lt,566,615.542327919,0.18646435597363636,44.69365437825521
lt,2759,510.011442574,,0.0
lt,2745,488.292019685,,0.0
lt,1374,535.87626102,0.264685986067482,209.16374688241999
lt,1196,507.286552269,0.38207097927888556,262.2862953934015
lt,161,463.96224817,,0.0
lt,2873,445.511772102,0.2047697636122639,194.30105860093062
lt,1112,667.1703364,0.2768831316047272,251.77887268066405
lt,1855,645.938812398,0.19070200978568866,54.909397618910845
lt,580,491.367251572,,0.0
lt,801,811.395991429,0.28122970378888346,377.7259609446806
lt,3668,394.744761298,0.24517580603219113,145.49517373477713
lt,3064,1628.04911119,,0.0
lt,1834,615.739125842,0.23077016306834397,357.56628055946504
lt,1792,626.087554156,0.21002972481875595,293.73256132836434
lt,3807,797.583953358,0.21521258370283952,340.3720073924345
lt,1418,489.298885885,0.19970683934003322,110.6239996218214
lt,1072,337.274246225,0.2298423258657742,174.77706654866537
lt,354,594.438566178,,0.0
lt,1680,2507.87763381,0.20241923326304548,92.74789105583639
lt,2803,487.138699574,,0.0
lt,2179,574.656981808,0.23644346093374588,33.094429644416365
lt,1153,546.261206024,0.25612676514916727,311.1701671226351
lt,3719,1323.4732998,0.2258593704503635,1186.5649942435468
lt,2881,431.971981051,,0.0
lt,2530,2380.12766849,0.23067297048970622,207.1924873800839
lt,3569,1205.48860979,0.22313597930733822,762.6515441894531
lt,2125,541.791925945,0.2488587179814718,473.60162808287373
lt,3516,841.74868985,,0.0
lt,3147,371.444805865,0.31610543059748275,282.30179925058405
lt,1236,577.086711298,0.3440973912365735,327.97908085841755
lt,3992,588.694355957,,0.0
lt,698,564.626934914,0.19991588770539315,136.43065487730738
lt,2902,573.528150268,0.21893782885780047,70.10660032384536
lt,2268,708.230315544,0.2193915078825163,676.3182361079196
lt,1815,600.962715625,0.22473003722894896,256.9470049689798
lt,2975,1056.6277294,,0.0
lt,1356,584.285046158,0.33339733639309693,220.20343556123623
lt,3226,1309.55482603,,0.0
lt,779,409.339962925,,0.0
lt,2478,692.771042976,0.2411625135734857,152.57981357948455
lt,2028,682.556541895,0.23582757384342665,371.9725398344152
lt,711,628.832734719,0.22263099446456305,125.65103035721124
lt,2457,2604.92576427,0.23698089809821157,2168.205127461751
lt,2665,492.806934945,,0.0
lt,1161,421.26215428,0.34720251629518906,113.00855718874463
lt,1995,701.467113411,0.2521360642355098,624.1746208639705
lt,3284,1213.31770087,,0.0
lt,1656,752.457302629,0.23213602087854113,101.94577146043964
lt,921,512.626185023,0.18517178297042847,12.353872411391315
lt,1879,733.988947136,0.19091884791851044,5.779892566157322
lt,2987,601.31968073,,0.0
lt,2644,466.224317556,,0.0
lt,1515,944.377782414,0.2279987455249029,318.992267444087
lt,1329,846.209149798,0.31554216489941744,225.72925232531978
lt,4096,516.755173437,,0.0
lt,1781,559.18941288,0.18700966238975525,69.88752202052696
lt,3070,1281.55727674,,0.0
lt,747,672.078203698,0.214327656197356,130.64260074391086
lt,348,434.566478037,,0.0
lt,2306,362.265806044,0.19794753482264857,73.27762621711281
lt,3623,1382.29396571,0.25356047517641306,528.9316747029623
lt,3950,409.51394234,0.1746031790971756,17.860087076822918
lt,3987,588.058836168,,0.0
lt,65,443.892421801,,0.0
lt,3746,660.580259253,0.23234933891008341,658.6765303667853
lt,2480,521.587159371,0.21098026667518174,297.0182756311753
lt,4093,857.815552207,,0.0
lt,1958,670.316622579,0.22083891498223512,172.07026612524896
lt,2329,431.335514762,0.2145362790265043,217.72815111945658
lt,3099,961.139656076,,0.0
lt,1622,1712.76534657,0.2543137598389048,129.2697426291073
lt,544,503.588247298,0.1911357343196869,0.7887102014878217
lt,2467,676.401094955,0.21357171727168378,186.19603091969208
lt,3407,1194.07226167,0.20629104597574216,109.77661626479205
lt,3142,454.792815579,0.33947432477977735,394.17368573955457
lt,2830,488.486650183,,0.0
lt,1744,1226.29002143,,0.0
lt,201,496.95995727,0.19162642827723175,67.31316157322304
lt,415,475.061704706,,0.0
lt,2018,651.167096766,0.23076355861557452,348.59511177212585
lt,2381,506.618315047,0.2074269041409284,401.56503619025733
lt,3358,854.427567326,0.2245382605399487,217.44525487563192
lt,1905,1069.54869776,0.22643274031176033,72.77310330260033
lt,1571,743.753336435,0.21050119417555194,67.00147426829619
lt,3614,854.965515928,0.22787017373675345,125.80002815396178
lt,2234,529.047447746,0.2217658439760974,418.6646268657609
lt,892,527.098773547,0.2556467396732489,239.98314394483378
lt,1234,603.523307645,0.3098052244790843,130.61337567497702
lt,2967,482.797505475,,0.0
lt,4132,527.692029784,0.23696556901559235,42.02669749540441
lt,972,880.46071399,0.29342955438712104,379.0201114729338
lt,3931,633.314934849,0.189810004989071,177.5485154095818
lt,830,500.090860526,0.184953200609185,22.60596083098767
lt,2090,609.975547827,,0.0
lt,3016,2181.61020347,,0.0
lt,4146,555.037218325,,0.0
lt,1202,751.30368898,0.28135386496000314,180.28782827339924
lt,1729,741.420966104,0.17627841694014415,45.98060054405063
lt,1597,2001.59620621,0.22078312706263947,1063.3426752427044
lt,2590,574.672312534,0.2003898766069185,55.14255344166475
lt,1673,740.375936649,0.19865395017585705,285.3404424330767
lt,2157,694.457884101,0.25178724086163523,180.97446283078662
lt,1091,388.336935941,0.2697632980650056,263.34582564410044
lt,3416,1131.89114636,0.22310577063860665,508.96758090748506
lt,803,770.360738408,0.19827727014182053,145.35916849772136
lt,2466,605.598839508,0.19702684751531335,235.83125155579813
lt,3391,1079.84166423,,0.0
lt,44,461.652947181,0.19774539351590678,123.06348598704618
lt,1788,1038.93739851,0.1955704144125331,79.60777480181527
lt,2646,480.037053726,,0.0
lt,1827,518.734639583,0.20872720052366675,271.91971947165104
lt,1242,656.046184286,0.23500348802149718,603.401077479942
lt,3154,541.860081355,0.25843159371828117,212.44979197184247
lt,3313,1224.60595754,,0.0
lt,3859,623.14916735,0.23604673147201538,0.5252777099609375
lt,2924,1651.3728059,,0.0
lt,798,612.848256624,0.21350311849913076,195.30136805515664
lt,543,471.782291008,0.1885336899568164,82.81454243379481
lt,2998,762.871617175,,0.0
lt,2432,583.285503803,0.21518930847013898,368.1974963019876
lt,2962,640.995761151,,0.0
lt,418,510.097493293,,0.0
lt,1466,748.937865249,0.21286476644523003,321.6197742237764
lt,3447,739.520763864,0.188871415087889,152.32744927499806
lt,2239,472.327584301,0.2098369537621954,323.322268706677
lt,3650,1999.24462343,0.23028125105566924,72.74731265797334
lt,2598,425.969978993,0.2292602707942327,33.08583822811351
lt,3567,1019.31903216,0.22336078958060412,570.6771250406902
lt,444,510.576637312,0.2135447170585394,42.066254559685206
lt,3875,614.716773044,0.20825499217180968,425.9996716667625
lt,2233,628.910529239,0.21785238487036704,449.6580236397537
lt,3891,699.495276983,0.20296264129569105,172.81861584233303
lt,2826,434.147791392,0.19770371913909912,11.290518188476563
lt,3361,957.470998972,0.23620351720729194,573.8135769413967
lt,275,542.456822789,,0.0
lt,2859,2004.08835638,,0.0
lt,943,849.183945404,0.2175881438479652,356.1578440946691
lt,2603,2166.79710963,0.24463223797852907,219.52147581811045
lt,2418,606.322867825,0.21380530297756195,2.363615596995634
lt,2516,730.292647687,0.22887512112725272,230.04222932703354
lt,701,599.952310287,0.2074230198552947,170.34036829331342
lt,4016,567.536135575,0.18861874157274275,93.24002987730738
lt,871,633.117877225,0.20488309103089408,97.25720319560929
lt,170,472.485631286,0.18294315040111542,43.648783605238975
lt,915,531.05141501,0.21903812738496864,88.05481824687884
lt,1551,577.249338388,0.2102060069429114,432.2181534112669
lt,774,540.020885401,0.20231759918147119,114.34140194163602
lt,263,499.578972259,,0.0
lt,3220,1272.17729373,,0.0
lt,2171,1028.35528779,0.23122006350552005,292.0747294407265
lt,478,470.015886111,,0.0
lt,485,568.197929207,,0.0
lt,1644,917.940920807,0.20102221622843955,214.40109432444854
lt,1251,678.374782388,0.24955981069592706,431.52241390452673
lt,4113,942.379730058,,0.0
lt,1348,729.597471714,0.3324408893451846,192.6140728520412
lt,2696,542.672884637,,0.0
lt,2689,507.400929131,0.2079818928266897,373.13679959166285
lt,1023,600.67864832,0.20468997853309429,107.4988983154297
lt,1873,935.794183652,0.23294936963006396,397.76049026788445
lt,3874,699.913476513,0.20457091016436782,560.9946280984317
lt,3803,489.65033114,0.22039473164549547,254.22730018765319
lt,2721,258.260795828,0.19706767179617068,53.82920747644761
lt,1387,512.929574575,0.2512695713341236,262.76629115085973
lt,1440,483.891805829,0.2530210493224682,345.01081779330383
lt,3624,736.854132134,0.25320198157216495,510.2853936887255
lt,2059,571.229227296,0.20467382591246194,275.2941307815851
lt,1893,627.390885673,,0.0
lt,2846,515.3393819,,0.0
lt,559,509.469668906,0.19193978916539692,115.41478983561197
lt,3042,522.627955866,,0.0
lt,829,709.615928535,0.1760411411523819,36.27475262810202
lt,459,545.685219258,,0.0
lt,4134,608.515445131,0.21162751326515417,123.7161648021025
lt,1009,744.491566294,0.21306933517605614,356.1423229142731
lt,2204,806.602211181,0.2401093221255131,339.3516737694834
lt,336,481.256301048,,0.0
lt,1765,933.258479649,0.20865008010250236,113.23947676116344
lt,1158,744.422689247,0.2073260098695755,27.85800194833793
lt,3768,486.149678873,0.2343724657549387,384.75255928787533
lt,102,469.832889112,,0.0
lt,1663,1574.26174519,0.22380887743304753,67.00032761517693
lt,4069,676.477409814,0.23059592099177176,99.54423089120903
lt,959,650.951412958,0.2461646362722919,235.24944036147173
lt,1455,492.194901681,0.24674684198135405,263.8132333792892
lt,729,551.984727423,0.2263891288882613,118.55314513561773
lt,2885,1173.61261885,0.2124677300453186,29.67007314644608
lt,1923,772.650282133,0.20304391571954516,156.31426427504596
lt,3671,703.828482074,0.19295892119407654,16.282879997702207
lt,2783,530.170779829,,0.0
lt,1739,568.342831178,,0.0
lt,4041,651.067600341,,0.0
lt,3974,538.181364032,0.1884132496379165,64.87382028617111
lt,536,520.976296502,0.21509919420303591,130.92424235624426
lt,979,722.127131578,0.29213378005154395,202.91309186150048
lt,1719,818.962010279,0.22085165485508818,220.44238954431867
lt,1899,825.541810631,0.199480122667018,96.94323685589958
lt,1685,445.00712953,0.18614462084984512,70.15228899787455
lt,1665,1345.75921142,0.2098126676317822,292.9610543344535
lt,3043,947.306055705,,0.0
lt,1448,461.180328952,0.2291858677366736,412.5366813809263
lt,2725,239.645090344,0.19650826192723062,87.70231745102826
lt,3038,470.04029482,,0.0
lt,2482,780.915120597,0.2037871030558762,637.3696806963752
lt,1970,480.675736654,0.2649080107759041,261.6549524643842
lt,3820,704.418090452,0.21613654145768554,285.22081029555375
lt,965,729.235169755,0.20896662144046838,173.47787888470816
lt,1532,1384.23980533,0.270042092418828,637.4424684412338
lt,1479,797.809100466,0.21987901408703522,321.3519549201516
lt,3701,1301.81209874,0.21488783597495562,1007.4564424402575
lt,920,554.424162698,0.18517178297042847,27.59907666374655
lt,2892,656.719287211,,0.0
lt,4199,1106.82133948,0.22338336830337843,18.91337962431066
lt,3866,508.244953479,0.2212824344200845,252.39603388169232
lt,1117,466.263731434,0.35709782948782326,430.23507095037724
lt,3325,935.322714876,,0.0
lt,3919,510.067308419,0.20299226242726243,166.77879572849648
lt,1560,1172.12333352,0.19745001146483682,147.66372665704463
lt,416,558.174421638,,0.0
lt,1197,626.586822241,0.23528799065091904,515.3755716959636
lt,3194,1811.40829387,,0.0
lt,3341,684.512947525,,0.0
lt,4131,496.417844335,0.23338838106377746,97.44932134291705
lt,831,490.822522052,0.23329714653284656,24.183003264782474
lt,4138,592.686781198,,0.0
lt,140,481.180646031,,0.0
lt,2525,646.396586556,0.2071782528338107,300.41687535304646
lt,3488,1206.68566593,,0.0
lt,3496,718.518687683,0.19519992660093044,237.68578691669538
lt,1850,538.446273026,0.22333116575050185,293.9861575855929
lt,1658,393.507126908,0.23313549063244804,128.22042547487746
lt,2041,521.332535006,0.22771383933538555,424.50533324596927
lt,2996,552.148373696,0.18004827201366425,8.92809346516927
lt,2520,418.809146165,0.2185858501341555,197.7404053033567
lt,3673,736.018047199,0.21509918072842993,134.46504094740925
lt,3839,895.1870328,0.23653004313037343,107.9438935223748
lt,1518,777.169141948,0.24715279081165484,254.61468092974494
lt,858,810.896895488,,0.0
lt,3790,769.612298395,0.2215891817223315,488.7596516927084
lt,436,473.916162559,0.2314107021358278,236.62502558091106
lt,2788,506.933338918,,0.0
lt,398,555.747774631,,0.0
lt,7,510.860031803,,0.0
lt,895,893.688955565,0.27123674302452144,558.822429971134
lt,1901,691.425870398,0.19955406173213963,188.8953837974399
lt,2855,541.203968189,,0.0
lt,2910,467.704044506,0.21249127388000488,3.4133712469362743
lt,614,493.313195573,0.2411984144835859,213.99085744222006
lt,315,535.47480938,,0.0
lt,313,530.492659765,0.2067156285047531,53.90010384952321
lt,2146,711.67191912,0.21856148715932572,263.9795828426585
lt,219,491.908445913,,0.0
lt,1300,1746.65490327,0.3523574182228833,887.7165657492245
lt,1006,585.811789671,0.2443817608220422,241.81026967366535
lt,2687,405.641365187,0.1966811096282689,150.19928334554035
lt,690,503.354956934,0.2096587803327676,26.024756038890168
lt,993,720.403838025,0.24127039313316345,24.96995080686083
lt,496,803.351115009,0.19948815324596156,56.26166704963235
lt,3366,1789.0094185,0.2478225846755383,1518.175685747932
lt,1697,952.483393837,0.24187990288900213,880.4363463757086
lt,3151,785.341323703,0.36218861582660195,254.72838068943398
lt,513,504.801420015,0.2029660791158676,33.91461585549747
lt,383,492.044154263,,0.0
lt,3537,826.071901349,0.20910297096097955,534.1849875655828
lt,682,567.20559127,0.22612110926120574,138.7994991526884
lt,1579,1059.28684511,0.1990639043692202,82.24156661688113
lt,1779,506.704539064,0.18700966238975525,3.678290632659314
lt,82,624.192540581,,0.0
lt,2532,322.654056007,0.2702513629433995,225.57417955585558
lt,929,854.965973988,0.2099395154459136,459.98451457304105
lt,4051,636.874644253,0.24795190235849132,215.8968447516946
lt,463,1376.06459783,,0.0
lt,2538,2635.28232763,0.24828629329461,944.8295148064107
lt,3801,544.297719377,0.21770253365921355,418.3716448615579
lt,3852,642.32905858,0.21690137865315418,101.64072346406824
lt,3942,243.259448757,0.18783637782238044,86.93623411889169
lt,3599,1132.79129337,0.22291024363984807,447.7804905311734
lt,1116,590.904519759,0.25865555199661716,473.86269300872203
lt,1704,670.561408831,0.2468651039427833,399.36374484791475
lt,43,410.510073425,0.18041494488716125,12.095964917949601
lt,1989,1531.55071376,0.28067020694550393,384.85848266003177
lt,3218,1415.0255505,,0.0
lt,4088,1009.4169272,,0.0
lt,2577,419.472463278,0.23245076652452837,233.43981164670458
lt,31,476.536440557,0.22591743384948884,52.06552168902229
lt,2891,729.860410126,,0.0
lt,174,484.708344516,0.17602573033798943,70.20634074491613
lt,4116,1513.20828934,0.2167005539299494,109.0043130014457
lt,1600,805.161595342,0.23398320376873016,86.70730142032399
lt,73,517.940451655,,0.0
lt,3408,636.320533055,,0.0
lt,717,444.086477582,0.20844301920565192,205.56451574587354
lt,2296,852.18528226,0.2630493801991437,570.2011525472005
lt,3711,2733.10347403,0.20454462556125116,451.73276220583443
lt,2221,612.071447036,0.22479234963928893,229.03066244686352
lt,653,289.561732279,,0.0
lt,1411,483.782450633,0.23279039877388866,266.7073029162837
lt,563,576.333587484,0.20916801691055298,1.0516136019837623
lt,2272,230.669448626,0.254583218397074,229.55240975174246
lt,659,481.846317732,0.20985837280750275,3.6803066478056063
lt,654,363.375351176,0.221059509082274,144.58370971679688
lt,16,500.830040725,,0.0
lt,3658,1391.77344581,0.20684994567524304,202.22200864904067
lt,4002,1725.46075621,0.19423418538180176,131.58695535098803
lt,1592,646.881950869,0.19626344825778286,375.99689681109265
lt,3796,518.225425292,0.23421608542682845,386.330274215399
lt,1093,1146.8084876,0.23897943511512706,42.31396140304266
lt,3050,1289.87029706,,0.0
lt,2089,501.266050672,,0.0
lt,2481,483.347956596,0.21096434364564545,481.63765423344637
lt,3716,1144.50772492,0.2318914144944767,928.9283868527881
lt,419,527.589677731,,0.0
lt,2022,612.679097707,0.21520562387491005,550.6083256441004
lt,516,559.099099131,,0.0
lt,647,1128.08247652,0.2648635829161657,119.8742951337029
lt,1607,1381.64621625,0.20521144976060668,429.85436987783396
lt,2286,595.276741542,0.24244435603977665,397.6471920836205
lt,2674,547.863786989,,0.0
lt,3241,612.829961842,,0.0
lt,1686,711.686407357,0.19472718965128172,146.08553475772635
lt,1953,526.037833811,0.19025231897830963,27.321173873602174
lt,872,702.655574266,0.1944099138708314,163.23414109173942
lt,445,540.272313278,0.19989424731949687,186.66821737850415
lt,29,420.794748763,0.17863268679694128,49.96193530512791
lt,2738,448.18895314,,0.0
lt,1256,686.133448747,0.21441999560853042,612.0648119758158
lt,3246,1177.7166124,,0.0
lt,2228,481.432357138,0.26346838702402203,161.26770561068665
lt,47,503.465314585,0.18041494488716125,5.522070940803079
lt,1046,546.029868321,0.19290360339899046,147.9740633796243
lt,3500,957.988727903,0.20709699380003715,63.55764064414828
lt,3552,943.791863402,0.2073414919315791,656.2954362158682
lt,1338,613.991694464,0.289025805217184,180.26538163727406
lt,2336,964.992151326,,0.0
lt,3952,715.54637396,,0.0
lt,862,498.588308987,0.20227006181173052,295.45259896072685
lt,2084,999.563094138,0.18509546156834678,113.47598885928883
lt,2771,430.520488884,,0.0
lt,1657,771.939985186,0.2485515067632171,68.57690788717831
lt,577,506.547727305,,0.0
lt,1854,579.244441707,0.1845424105176481,62.00286569034352
lt,552,522.600281772,0.18655625671331139,85.7068011713963
lt,1503,1154.77027909,0.2214136263654387,573.3488380880917
lt,2574,490.528346801,0.23483863922829826,164.37971053777957
lt,1624,2010.25051024,0.2329660074324785,120.07379943249273
lt,3694,1395.48542103,0.21209604076047173,921.3154073079427
lt,2009,505.170941336,0.2030537405087664,289.22770062614893
lt,1513,849.701680383,0.21375479339024958,276.6883830350988
lt,3204,551.615759902,,0.0
lt,2303,489.299727556,0.19750198739246258,135.26248626708983
lt,1146,613.410254154,0.25598308815433457,525.1060435575597
lt,3315,1526.71424197,,0.0
lt,2521,491.54035239,0.2164313291440477,75.10450909184473
lt,1077,244.612427531,0.2536893563256377,154.5396997788373
lt,2550,788.851832777,0.24083142286660716,321.6780361100739
lt,2509,670.712507325,0.2153350103725779,345.5901516484279
lt,1694,736.243217205,0.22098434861624267,508.40065217859603
lt,61,570.594569692,,0.0
lt,1617,1659.41402082,0.23417221409518546,64.63503848805146
lt,749,536.124724595,0.21534238147111748,231.05521796731387
lt,1071,699.467898315,0.2288393414882292,218.14314778645831
lt,2359,585.398248757,0.20685863428808784,53.314531692804074
lt,2992,463.022333236,,0.0
lt,1477,607.06650078,0.24118216074892604,354.19662068684903
lt,2969,398.273563211,,0.0
lt,3529,653.433196743,0.26814034092268124,217.72030606737323
lt,396,815.199161591,,0.0
lt,2006,501.804262478,0.24207158816303817,523.0302451638615
lt,3990,539.731263109,,0.0
lt,1824,766.972639191,0.1877129818029825,190.21333205279183
lt,4100,722.557888975,,0.0
lt,3834,438.571717529,0.25183020242344034,256.5953341614966
lt,3201,2182.06307945,,0.0
lt,753,430.556075235,0.22570422291755676,15.771631577435661
lt,1218,553.619005576,0.2695717934442129,534.5555347218233
lt,2561,487.080566889,0.20953905828051517,47.79172249588312
lt,352,533.019308278,,0.0
lt,548,351.564070576,,0.0
lt,1974,889.392329286,0.21978870908657233,87.7435520546109
lt,1603,1356.53311707,0.21289688859689654,495.80741155287797
lt,443,499.70210332,0.21462304890155792,17.08942503087661
lt,936,825.523173356,0.21788853148290935,286.2390635172526
lt,3649,1143.00540519,0.25038893632517295,266.30195886948525
lt,2699,490.196995948,,0.0
lt,2042,537.673467714,0.23471313998427087,531.6816229726753
lt,458,628.007537275,0.1596933901309967,48.37630112591912
lt,1186,504.583649708,0.2835394117248289,515.6337843053482
lt,2760,457.416398098,,0.0
lt,3025,1293.93584801,0.18693692982196808,55.934377782485065
lt,471,615.810135773,,0.0
lt,3259,813.999426863,,0.0
lt,2580,528.603977956,0.27859155639358185,12.079018746170345
lt,2447,351.865678174,0.2317026024011065,348.76354762058634
lt,2013,780.898781499,0.2320385609653968,324.68880863563686
lt,1494,1157.08049879,0.2420865086958222,229.12665994681564
lt,3359,766.297245254,0.21234642365581413,237.9295951394474
lt,2313,462.033972137,,0.0
lt,1323,573.371409815,0.26585289331134837,242.02392916211895
lt,3066,587.761789807,,0.0
lt,3727,783.858592943,0.24916800222810392,773.706454737046
lt,3475,1048.8397886,0.19631922515524416,82.46739235672295
lt,2666,569.589045103,,0.0
lt,32,467.198482902,0.22653454542160034,0.7888713163488051
lt,848,377.718452665,,0.0
lt,3210,900.536636373,,0.0
lt,1347,886.570324625,0.3391613932710623,184.73081066655178
lt,392,501.668053163,,0.0
lt,518,680.993216218,,0.0
lt,2719,582.163583681,,0.0
lt,4012,549.524053683,0.22941899299621582,32.30552493824678
lt,1027,679.14816157,0.2049188113929144,144.29573965633617
lt,2686,462.525905743,,0.0
lt,3652,1100.20965314,0.21489400954456175,513.6952380012063
lt,2351,757.996543364,0.23065269369516492,542.0777104097256
lt,796,2048.24291496,0.20314002966662068,28.651109254126457
lt,1621,1569.94686682,0.2529320545096434,137.67756398518878
lt,3831,640.394608093,0.24857079058885573,302.03016453163303
lt,2153,691.669615699,0.2321999019888974,248.21726271685435
lt,2032,875.720925203,0.21348643516246069,245.87815345315374
lt,113,518.390486151,,0.0
lt,2735,375.859134315,0.23157414493604486,100.3071979298311
lt,486,538.297172996,,0.0
lt,2653,345.563215538,,0.0
lt,2397,791.432827057,0.23382992772217503,524.2079786712047
lt,266,469.824657567,,0.0
lt,2777,444.566256763,0.20383840799331665,21.26895365995519
lt,637,635.133348702,,0.0
lt,2692,552.212338613,,0.0
lt,1669,479.350835959,0.21795075398225053,256.1771864049575
lt,3195,1132.51398311,,0.0
lt,2796,414.370347518,,0.0
lt,1053,994.633789805,0.21776987885705792,168.9984806434781
lt,2400,481.414544649,0.24157399634900412,480.3479129267673
lt,358,642.160370325,,0.0
lt,1859,524.841333386,0.19899633526802063,1.0508986529181985
lt,3863,696.232963234,0.21128974125518665,37.557458585851336
lt,3417,1065.80318054,0.23210198074712882,117.13085488712088
lt,3245,949.193584073,,0.0
lt,3330,2630.13567588,,0.0
lt,3419,1912.45649595,,0.0
lt,3170,399.407419908,0.2525893379143387,222.6911279416552
lt,2714,405.539540049,,0.0
lt,891,501.28170758,0.29842491667521626,174.79577107149012
lt,2376,629.074788719,0.21793525713346928,359.5435009526271
lt,2871,519.584572905,0.2020032720296508,95.31225343592028
lt,3867,592.078547729,0.24221253990743946,204.3329569199506
lt,3887,651.977777215,0.21412070843577388,131.3209877163756
lt,2366,694.82889737,0.2068622725797288,85.0928435381721
lt,2102,760.027213741,0.21027580534036341,61.465478784897755
lt,3344,1342.62857111,0.18518517911434174,23.897709925034462
lt,2226,617.894579103,0.23269729342000284,273.4195080027861
lt,278,511.200881762,0.1953902542591095,53.111775117761944
lt,2799,374.414577196,,0.0
lt,3588,771.559750563,0.24894661950704508,277.85793483958525
lt,2854,542.627255181,,0.0
lt,2322,748.8100934,0.24383899988606572,8.404506309359682
lt,2684,213.591618228,,0.0
lt,2688,432.460945443,0.2188386345927167,270.7268879310758
lt,2575,1343.96655941,0.2177053124745017,280.4427707447726
lt,2377,684.895457404,0.21429878114086595,359.5429018806009
lt,1641,1669.48057512,0.19070391855284308,239.6232851813821
lt,176,451.127526983,0.18017199032363435,44.175065702550555
lt,3449,1911.40481922,0.20755383372306824,3.1516066607306983
lt,2566,634.230360109,0.20927733665420895,137.8598471248851
lt,2767,418.699682032,,0.0
lt,3687,2653.33680041,0.19074165016791778,660.784913665173
lt,1463,460.310616724,0.21138429674324172,288.2502238254921
lt,2952,1030.88895586,,0.0
lt,800,526.081114283,0.20875814467823756,100.93688773360907
lt,2339,433.014193996,0.20334751651973326,177.01678209491803
lt,3523,1054.18791804,,0.0
lt,1464,502.251426831,0.22869888484692658,218.88079696356078
lt,531,450.973581218,0.20609629154205322,1.0515937356387868
lt,1524,855.43264949,0.22346407063952262,257.2401667875402
lt,2242,572.448570915,0.206193591503922,143.1434679218367
lt,2176,1399.23574385,0.2153802124434562,74.33130430333755
lt,1543,590.632333972,0.1978766377416767,269.8441324271408
lt,1473,533.180215907,0.2383497857544394,470.0745039696788
lt,2023,510.336699516,0.23499672795196921,329.6799273920994
lt,241,531.341118305,,0.0
lt,2776,440.440766223,,0.0
lt,657,657.41804213,0.18619859849031156,27.33970085592831
lt,3764,570.764717797,0.22253398464700558,510.81641283222274
lt,406,498.617319043,0.181989386677742,0.7887671077952665
lt,3288,1067.28473348,,0.0
lt,1372,507.368061705,0.26686538262194115,173.69041218477133
lt,4124,667.538273188,0.2350976570601757,97.9736920225854
lt,187,549.07316485,,0.0
lt,2977,659.446251207,,0.0
lt,3162,915.639717842,0.2613626325134106,429.62792690501493
lt,2040,655.674457409,0.2359144686688891,324.9459376615636
lt,868,497.791665497,0.19718573010170165,170.3327082016889
lt,3270,1183.8266109,,0.0
lt,1421,474.468138776,0.20568181574344635,4.99253204944087
lt,106,504.108290935,,0.0
lt,1742,1176.05272031,0.19812172651290894,46.76820140165441
lt,1352,944.568530085,0.2909119348223816,376.2928136788163
lt,1555,620.165101323,0.23454730115882758,339.7294876996208
lt,865,773.495853527,,0.0
lt,1446,501.697248419,0.2236483040808711,340.2781116261201
lt,533,522.931281566,0.1925152987241745,12.619146369485295
lt,3628,692.835230849,0.23265047366952613,352.96915166518266
lt,311,494.464832685,0.19402985274791718,9.202472462373622
lt,1810,568.379700682,0.23763725517082085,201.5115431841682
lt,2345,493.129140342,0.25057117368352144,252.65526817172181
lt,2373,585.626029629,0.21656514509544197,371.88679447548066
lt,1948,584.907528307,0.1964528774190101,41.24484205058977
lt,111,517.811083626,,0.0
lt,4108,537.385173794,,0.0
lt,1044,950.043609012,0.20522421633320112,235.7604700425092
lt,2337,435.075768932,0.2108202427625656,1.8384594188017003
lt,3494,1238.27082619,0.20614927107637573,144.45047445858228
lt,1691,1204.79221385,0.1989223753223143,372.04136415369373
lt,467,645.987844575,,0.0
lt,1175,526.272769981,0.30642720935250894,354.0003920611213
lt,97,455.260529137,0.18243407318880273,71.78360595703126
lt,37,469.949957318,0.19929639995098114,24.45492733226103
lt,2088,542.192914107,,0.0
lt,3604,795.413745402,0.21091758386570067,400.7713460884843
lt,3477,791.044122273,0.1974838680831789,358.75983973484415
lt,986,515.266076102,0.2257828265428543,6.833857936485141
lt,390,643.283273972,0.18757852911949158,63.101907169117645
lt,3772,1550.57402891,0.2164340590934095,958.334782888375
lt,893,802.195892396,0.21111500508164707,153.5050832711014
lt,2101,642.143537497,0.2147850955891258,178.61799097996132
lt,1864,620.062348548,0.2168002475281151,154.4817007625804
lt,876,623.152458114,0.20561150233219333,58.353881746179916
lt,2503,1034.80253134,0.24112862963525075,115.80990259507124
lt,3385,491.277533783,,0.0
lt,2436,370.005533169,0.3152795808586648,161.51219895306758
lt,2623,544.469898821,0.19118201503386867,54.61741602280561
lt,1198,535.200753687,0.28720039262082947,539.5529345044903
lt,629,890.810000574,0.23175594210624695,0.26288625679764094
lt,3373,465.059236066,,0.0
lt,474,573.263831773,0.192587211728096,1.8403807696174173
lt,465,828.535579496,,0.0
lt,3231,1137.55182438,,0.0
lt,705,409.379880229,0.20459598168282203,78.5980479221718
lt,1345,1040.39647903,0.324615782118925,249.11103515624998
lt,722,515.794017272,,0.0
lt,1870,962.27405853,0.2411849840077788,512.5690371943455
lt,1403,411.560788876,0.25357580780982975,106.420067282284
lt,3647,1333.71770409,0.21029653483317737,371.8769378662109
lt,3669,1201.22556698,,0.0
lt,4068,698.635773803,0.2417521898559532,169.146281822055
lt,1325,597.903730956,0.28055121302604674,290.37524563658474
lt,1354,886.624637237,0.3200531116622777,275.3865539550781
lt,2612,387.232152754,0.21166070146580873,123.94097598206764
lt,3776,534.66398922,0.22922094888019134,176.22578397264667
lt,301,466.779897307,,0.0
lt,2338,385.403168857,0.19282985004511743,40.44605066636029
lt,303,522.300479573,0.19701655209064484,7.09909865435432
lt,99,423.503928442,0.1713322103023529,61.26595916748047
lt,3420,1030.57879787,,0.0
lt,2818,380.610751226,,0.0
lt,1484,663.911993548,0.233647317703452,314.2568636725931
lt,2739,370.087982845,,0.0
lt,1897,861.151112767,,0.0
lt,2708,507.76237977,,0.0
lt,2781,457.859085865,,0.0
lt,2552,962.528373519,0.2388366489999958,168.84777604645376
lt,1800,743.036874143,0.1892270185297897,120.06685324276192
lt,3786,678.791570214,0.21497610909274859,145.23672159232345
lt,584,473.294301066,,0.0
lt,3268,1735.48282301,,0.0
lt,3161,1420.96884499,0.28238672480620014,340.0786149268057
lt,3287,855.416368614,,0.0
lt,2729,472.215581145,,0.0
lt,1769,960.701452821,0.2038413475125523,77.5070088704427
lt,146,524.9929131,,0.0
lt,765,498.308316048,0.21767389158347455,259.4409343943876
lt,1868,766.720994644,0.2575112717287677,174.97301303639134
lt,2518,718.02132536,0.20806064964846374,176.73289064893538
lt,179,513.055965154,,0.0
lt,874,668.662040171,0.21968277671079542,104.61682781144684
lt,3217,1358.41847137,,0.0
lt,964,902.947950557,0.21280628809687546,384.2804837993548
lt,1316,638.967774938,0.3202780766066945,196.82745083079618
lt,2388,632.18679528,0.20659046288538765,95.59709089690563
lt,2702,545.136821343,,0.0
lt,1566,899.356183952,0.1927831619977951,29.690693066166894
lt,1877,861.274096731,0.2261241606015253,279.27346726959826
lt,1232,497.278220078,0.3261165359178095,269.9000680661669
lt,3209,989.033205617,,0.0
lt,2884,905.384139703,0.17890878021717072,37.54708371629902
lt,2645,510.618872665,,0.0
lt,1768,898.751965126,0.20471373507470794,86.70271301269531
lt,321,465.654897984,0.1864904390156635,85.71533023609834
lt,2301,436.527668681,0.19514263222684983,186.214917381137
lt,6,550.381693542,,0.0
lt,2046,309.168150316,0.24476659064074124,306.2937489827474
lt,4173,725.95315641,0.22488828646444184,63.30521156460631
lt,1019,637.847032787,0.19613365012606673,227.87798336253445
lt,1239,925.835779556,0.2787703247016047,357.93850965312885
lt,1398,503.385002019,0.2501608210137675,245.15962838565602
lt,3511,847.033623308,,0.0
lt,4013,542.940148635,0.22941899299621582,34.40669729195389
lt,28,519.009211105,,0.0
lt,135,458.264692545,,0.0
lt,1209,724.625283477,0.29846271329730856,727.9841434553557
lt,2997,581.546741073,0.18004827201366425,57.77001653933058
lt,1795,495.73737701,0.21800783750359465,381.7448145548502
lt,748,556.376057589,0.20671882461408606,154.82565657671762
lt,3472,730.542233691,0.19724055547868052,32.56665781058517
lt,493,474.265463358,0.19308413239731187,22.872944910386032
lt,3681,1046.55789633,0.22460120153595964,519.2194401460536
lt,1172,576.707436941,0.3164891528769232,528.7675260356827
lt,1432,475.799005165,0.2383732364007405,183.93708008410886
lt,2456,1363.56220451,0.21942738923079305,1312.850847072228
lt,1648,742.673971588,0.21605125639435008,173.15019959094477
lt,502,503.233096213,0.2038932740688324,3.9435644710765163
lt,954,747.4086778,0.27188877694757074,458.6696992761948
lt,1774,808.225966821,0.23179485028998317,96.9495646757238
lt,1278,807.70003945,0.23950915869706535,159.25726426068474
lt,1637,938.536522496,0.20777891172993138,206.7822062473671
lt,2209,679.219476464,0.2637538870853674,265.5435694077436
lt,931,662.431318051,0.21827586096827334,285.1890079273897
lt,3492,1195.46303666,0.19366203893262604,54.62870546228746
lt,3507,1737.93993891,0.20157319723173628,22.586630189185048
lt,2091,1029.36280988,,0.0
lt,2903,624.224636799,0.21028895676136017,7.614522507611443
lt,369,525.811638475,0.20867565274238586,24.97843798469095
lt,1962,681.094392378,0.21068982498134164,309.72757511512907
lt,2904,794.258501761,0.20051087146358829,132.33514978745404
lt,1549,791.145892781,0.20571541835488805,277.98669089523014
lt,1032,1120.01125661,,0.0
lt,1727,696.635048521,,0.0
lt,1294,1062.94594958,0.2203309170533127,403.6558380126953
lt,1548,707.062954311,0.19815535500054204,271.41808627259496
lt,3098,965.479624965,,0.0
lt,3610,612.422330814,0.23722480515473918,347.7217605890013
lt,2870,597.621020466,0.20134260423520473,50.15047777961282
lt,3249,926.962875025,,0.0
lt,3088,2020.6926555,,0.0
lt,3504,2126.50275269,0.18965194603836613,283.9073042626474
lt,1097,1051.25936602,0.30060982540335296,274.9075984281652
lt,1709,1277.81193003,0.21064759713752398,96.42592001522289
lt,3622,728.468188558,0.2502485305654457,590.1254051657284
lt,1107,491.333405611,0.3056667220712124,301.1864842134364
lt,2866,314.5778534,,0.0
lt,1212,473.524983931,0.3051438842973487,473.58458443435967
lt,909,390.043720813,0.2110499521189607,112.23700717103247
lt,2274,482.579186452,,0.0
lt,2486,801.206380226,0.2541029719600802,362.93247569963046
lt,3430,1184.83405932,,0.0
lt,1096,977.599917881,0.29172361107297645,339.0356889612534
lt,3425,1279.02500267,,0.0
lt,3002,1176.59273443,,0.0
lt,1698,688.115661159,0.2403764112504979,554.1157503015854
lt,789,249.380575821,,0.0
lt,3144,655.04687091,0.2844842633694635,558.8264386943742
lt,1320,578.452128763,0.2925197619244569,174.7521568747128
lt,1596,1146.50016601,0.220627575476008,534.9566141465131
lt,1922,666.075697614,0.20093425865374756,133.72119170544192
lt,2461,657.564686018,0.2662420579090645,56.98835598814722
lt,958,534.559368907,0.28173263027791273,223.68393707275388
lt,14,503.298337216,0.18820280096399677,85.98914417940028
lt,270,437.58170655,,0.0
lt,2808,1491.41676744,,0.0
lt,2634,433.763318235,0.1927676498889923,53.304773308249075
lt,482,536.631447059,0.20261589805120933,95.43656355913947
lt,1332,654.14195863,0.30658888240841814,167.91644520479088
lt,3728,931.515021678,0.2533463576154855,874.0294175391103
lt,273,544.29265497,,0.0
lt,3411,587.847967192,,0.0
lt,3225,1254.30983959,,0.0
lt,3067,1062.18907165,,0.0
lt,968,674.694883408,0.25080431827216343,558.0196522133024
lt,2547,1431.84756371,0.24845825476559535,1145.7082060870002
lt,1030,1165.82421243,0.1831020895527843,237.33941533705766
lt,2115,739.366428792,0.2247090693401254,30.20748841528799
lt,854,1187.33569485,,0.0
lt,446,585.658660549,0.20191278603299256,81.76576762479895
lt,2206,599.368220777,0.27451260201096195,364.56548043045353
lt,3573,1304.37020488,0.22448925841928127,417.04154974245563
lt,1620,1652.66311251,0.23209314133355935,133.47364567775355
lt,3580,1174.11411813,0.2060528002880715,213.7744067622166
lt,1228,850.432592501,0.3113387173166529,701.9551223156499
lt,3033,1172.33800291,,0.0
lt,89,540.116483944,,0.0
lt,2384,584.594520606,0.24426606058234904,466.1699830597523
lt,2249,534.540662705,0.2255923288757913,67.23759654923981
lt,3158,1640.24163493,0.2554854229242509,261.0335369932885
lt,3682,1187.28959199,0.21512800790625258,573.8472907870425
lt,274,591.911048555,,0.0
lt,1125,809.753525924,0.2606292823017375,791.8768987917433
lt,599,590.153430404,0.20055981570770998,151.95289109173945
lt,1430,458.335574813,0.23773129251988037,24.17457125794654
lt,1683,652.596546569,0.20695017758877046,472.4092756383559
lt,494,522.492760281,,0.0
lt,1115,703.823006389,0.24450382784656852,380.82393035888674
lt,3953,598.207551458,,0.0
lt,1031,210.575183975,,0.0
lt,81,433.209619788,,0.0
lt,719,517.968918201,0.22506998733918115,336.9980059754615
lt,2321,493.179252831,0.2532757794563199,74.58993611055263
lt,3709,708.938899708,0.23900524720872976,629.2723477831073
lt,1250,901.958313756,0.23598275534762925,514.0436554852655
lt,3129,963.258514478,0.2013823390007019,50.945541501512714
lt,3508,850.110466081,0.19666776061058044,40.708461387484675
lt,1221,410.083747506,0.5118378129257823,417.07797654095816
lt,3296,844.841828154,,0.0
lt,1419,489.778540873,0.19431293080689496,190.24163896149278
lt,595,532.986017369,,0.0
lt,2928,580.714720727,,0.0
lt,1688,950.954174267,0.19933294085492878,167.10373894186583
lt,228,606.756571084,,0.0
lt,638,712.932582481,0.21913036766829616,168.50852523504517
lt,879,648.239707493,0.20302641570344848,70.18194526223576
lt,1926,907.872493289,0.18707934641602017,53.06807322782629
lt,2431,369.090123615,0.24618760569359943,243.9773806403665
lt,2610,526.860602628,0.20267823025623333,100.04527498133041
lt,3382,1279.21406196,,0.0
lt,2754,425.996894841,,0.0
lt,3927,821.294080514,0.19315097929628203,198.0334176755419
lt,1527,1124.37569601,0.24954162292120183,377.3188305125517
lt,1562,1145.58214431,0.2141098119243529,261.171323409735
lt,4196,768.29060013,,0.0
lt,3448,858.097538815,0.20192698126689335,192.24830744126263
lt,2554,1190.18943076,0.23377640631007052,228.45573021383845
lt,138,422.962855139,,0.0
lt,319,456.608322423,0.19220288157463075,26.292965159696692
lt,783,581.672643909,0.20835773120908174,40.21657750746783
lt,3426,1369.59937968,,0.0
lt,1025,466.006726744,0.18967501393386296,123.26896676456226
lt,3778,570.565649039,0.22704973953425694,163.35739402023017
lt,3819,570.376941018,0.22112861077685458,413.124107689951
lt,1521,679.258715629,0.24278289939869538,231.22812054204005
lt,2019,1041.92187235,0.23393086038495844,575.2990100337009
lt,507,1256.46944529,,0.0
lt,3445,1153.48048719,,0.0
lt,576,591.091323612,,0.0
lt,1089,884.509400051,0.2329430991545063,596.8679073558134
lt,927,659.165467611,0.18419541854683946,21.553359985351562
lt,391,660.61009438,,0.0
lt,481,528.816509768,0.20477409560499818,187.45533770392925
lt,163,351.507501882,,0.0
lt,3840,496.664358463,0.21759934363534947,84.83190316592946
lt,3755,588.951833692,0.252136224005697,465.64696329154225
lt,888,440.775236299,0.28870132958273526,96.72917576210173
lt,3544,1464.02808166,0.22417693617771806,539.9569190530217
lt,1249,854.916381022,0.24529755160039715,589.2070190429688
lt,1708,1149.32331112,0.20556549936468138,362.31886623606954
lt,2132,660.334580071,0.22420873481256906,635.6657415651807
lt,4174,777.052447036,,0.0
lt,3857,436.035324958,0.2310905860549834,394.74552630256204
lt,1471,524.838888929,0.2524275020160507,237.53423554663567
lt,1324,611.611248912,0.2933202921993593,223.36593621945846
lt,253,467.260526709,,0.0
lt,50,575.100767078,,0.0
lt,2178,512.334318403,0.2174545208454675,115.30508090748506
lt,3653,1162.64878566,0.21934439907682707,283.89848148121547
lt,1200,870.987108357,0.24989338337459274,821.0222249348959
lt,967,764.511905609,0.2281914018472178,440.7911096610275
lt,766,478.550035233,0.26838805358689116,145.88586336023673
lt,2632,466.937217409,,0.0
lt,2597,321.070922554,0.2132887834410989,93.48061242197075
lt,488,644.216656845,,0.0
lt,3961,427.348511195,0.18213537335395813,4.465029398600261
lt,1504,1200.21082053,0.23051060435009577,696.8479521807501
lt,524,900.396053509,0.20609629154205322,11.830429525936351
lt,1674,951.387492893,0.20019358466818649,194.95636913823148
lt,3542,1108.94501836,0.21734264772712134,598.7875231574563
lt,4061,676.550777649,0.28345050637219704,260.5479106529086
lt,3949,605.239151819,,0.0
lt,3431,1276.10676262,0.2186252772808075,6.303061810661765
lt,1222,521.982338246,0.4551843866151752,515.8933655383539
lt,2195,581.174149603,0.2121127317965868,355.37760225183825
lt,2671,322.394998268,,0.0
lt,3799,858.141015027,0.20614386196256304,303.07765706380206
lt,2275,302.201325088,0.2538380295526786,64.08542546290977
lt,1248,645.108892061,0.25898088640787376,578.1694090001723
lt,1595,904.343110277,0.19112051285359555,83.81718576468674
lt,3240,631.746858496,,0.0
lt,1302,975.096724693,0.33732604740089334,663.0262625002395
lt,337,486.271029618,,0.0
lt,1957,1452.33685094,0.24205354158092451,117.9534943225337
lt,2768,450.548661482,,0.0
lt,2439,1074.75495408,0.2154887113332127,100.84621492273668
lt,1746,1093.80682848,0.18630763849145487,19.968174474379595
lt,4033,1025.68843385,0.19068901240825653,5.252948835784314
lt,3120,1498.56236353,,0.0
lt,216,528.423735577,0.20036298036575317,38.38877138624004
lt,4141,538.02456403,,0.0
lt,3571,1367.06554972,0.25166812026604063,363.46739095052084
lt,4172,742.813766201,0.20950328468373325,69.34668220071232
lt,3975,530.768947276,,0.0
lt,3705,1348.87620373,0.22010295358988882,1287.696629483092
lt,333,492.922245558,,0.0
lt,1176,569.043195443,0.3211413032812333,320.8873119578642
lt,3946,397.100793698,0.17433588564395902,13.132374782188268
lt,2779,690.482939959,0.24852544069290158,83.50019387637867
lt,4104,1110.16046514,,0.0
lt,1042,728.238960532,0.20508755246798197,175.83527742273668
lt,4014,557.332105454,0.18312894887342226,33.356240366019456
lt,262,496.248113453,,0.0
lt,1298,1963.12203529,0.2491546425976186,1258.7922316906502
lt,4110,573.15916327,,0.0
lt,2730,533.343644054,,0.0
lt,1676,692.266190074,0.20612606703684205,142.14404329786115
lt,2096,929.609050373,0.19519576795993407,42.81582940793505
lt,1832,1389.81778904,0.22340897221644265,364.6595463771446
lt,1635,885.859496692,0.21647097170352936,18.392305561140475
lt,1488,888.94950656,0.23456458414651288,435.38869413488055
lt,289,594.890782904,0.20619282126426697,28.396103802849264
lt,1307,561.609232517,,0.0
lt,2519,527.602666407,0.19364372260804133,91.1237424663469
lt,1326,569.288585013,0.287607084329086,266.98719225116804
lt,3827,1484.53240598,0.22306008610519235,236.89517089245368
lt,1629,645.072005789,0.20106818646783345,238.57314001345168
lt,3197,1107.80937232,,0.0
lt,1998,857.805538544,0.28001169851063196,547.2003160364487
lt,166,474.480288656,,0.0
lt,1586,1472.60870038,0.22712312385217467,88.02226957433363
lt,1801,754.344616057,0.1933832606603933,56.48669622084674
lt,1296,578.824532038,0.27403459143536946,369.7520087747013
lt,4021,562.982637098,0.19043336808681488,38.34665754729626
lt,569,320.764051255,0.17955707013607025,7.887115478515625
lt,2929,1491.25249349,,0.0
lt,3670,2424.49950958,,0.0
lt,4123,810.24843066,0.23912812250753793,190.16847010593787
lt,1830,551.655013411,0.2190593890935111,109.555676538804
lt,1170,506.555559583,0.32833135421510884,328.2462916056315
lt,794,598.911601991,0.20707893922026777,170.0666401283414
lt,541,460.549269051,,0.0
lt,755,748.739186554,0.21290424749328105,322.2659770591587
lt,896,783.363254741,0.29053008647293915,710.7503874236462
lt,602,532.56995836,,0.0
lt,269,456.948677702,,0.0
lt,797,956.65833562,0.1853978895284293,170.06696639715457
lt,92,566.491495362,,0.0
lt,1944,588.91754233,0.22067137521387326,265.33425080542474
lt,4165,946.425668014,0.2357696547752636,178.0942679910099
lt,3331,642.823765527,,0.0
lt,2746,505.4795331,,0.0
lt,2581,510.379633918,0.27377685053007944,45.95278870825675
lt,2988,574.055998046,,0.0
lt,1472,533.329786608,0.24747995420262034,388.3574586456898
lt,2378,591.799386085,0.21246007761824964,307.54151150572534
lt,1310,601.002019932,0.2282922732012887,162.92947268018537
lt,1540,750.654369101,0.19289230555295941,66.73877099729052
lt,4179,798.784076652,0.23096719896604898,199.37407468907972
lt,3937,732.188565964,,0.0
lt,3715,762.769592933,0.24750412773169372,672.8649285709157
lt,2220,603.357353667,0.2633497765894687,116.87936191932829
lt,630,476.103986754,0.23175594210624695,30.49480578852635
lt,3493,1139.18258747,0.20939834986110126,102.95394287109374
lt,951,823.363491717,0.2620346770367366,376.1355375402114
lt,1588,1216.49401541,0.23146467124270567,300.8519898657705
lt,1754,723.245107704,0.20354773770696438,82.23734274471508
lt,3390,1279.88485459,,0.0
lt,2067,1153.95631454,0.20542459376062117,519.323526539522
lt,2142,1552.06303857,0.21679354719324218,634.6061834896312
lt,1282,915.356934407,0.2344392352419741,223.37951929429
lt,3698,1815.19794116,0.1955498557323577,749.0348023657705
lt,235,513.313971398,,0.0
lt,1748,827.652975694,0.19476327300071716,0.26274090935202205
lt,2264,573.539996825,0.215394139820855,471.7169497620826
lt,213,495.69320866,,0.0
lt,1996,648.751202388,0.25138859789210016,527.5000699510762
lt,3372,914.414295197,0.19621817767620087,29.938615866268385
lt,4059,1407.33699167,0.26666182577059133,284.1871228685566
lt,3812,625.047028192,0.23474158393360373,259.74564535103593
lt,1313,581.543944446,0.23042506616442435,130.34298311121324
lt,4011,608.816378497,,0.0
lt,2763,510.006771421,,0.0
lt,684,534.886496895,0.23569243190423506,69.66237039005055
lt,714,580.656617051,0.2626950629548619,436.8870482500862
lt,2318,565.328683928,,0.0
lt,2410,663.731983494,0.23713306405327533,14.4443920359892
lt,1357,757.430576807,0.3342886928290333,306.918046839097
lt,3736,1656.47485255,0.2504367697630633,387.63635783475985
lt,3547,1870.47502487,0.21430298514629198,559.3876778097714
lt,1400,484.185434463,0.22602473539663548,185.2493497063132
lt,3688,1814.30583721,0.23790781993370555,80.89081396963083
lt,2227,661.772122909,0.23493819831281296,257.39776838714005
lt,1790,828.003623266,0.20217821687379472,291.8943106557809
lt,843,620.400576107,0.2192151042464659,307.2834694656671
lt,3501,1567.89708164,0.1915704095363617,39.3947421803194
lt,4004,619.894401238,0.2127816351905889,249.25328527712358
lt,78,604.936302469,,0.0
lt,2825,344.887798516,,0.0
lt,3357,1080.29768327,0.23061540641235334,278.10858965107036
lt,838,477.747452344,0.2145060023322003,269.1690020991307
lt,3281,1111.89049545,,0.0
lt,3787,742.272799357,0.22580632669355594,380.03149859858496
lt,1281,706.636619309,0.2685675368489318,675.9192982093961
lt,2787,447.074379601,,0.0
lt,3423,2271.24933505,0.2064083727225619,463.0086719288546
lt,3145,917.152540969,0.2550062026797813,222.95279765409583
lt,3384,590.991865964,,0.0
lt,2005,627.699496177,0.21839163847532195,458.66932549570123
lt,1841,732.57553308,0.21717772521124754,212.01777188170186
lt,122,547.378524672,0.19771665334701538,3.9440994262695312
lt,2587,472.751139229,0.19976115273678396,100.04491936178769
lt,2077,587.499845082,0.2273621578024041,422.9135319728477
lt,918,841.483935191,0.20478046748215897,365.09757501938765
lt,1837,1281.59924732,0.19470842491905646,125.31969712201285
lt,2602,509.45334099,0.24124141693480536,257.07121459362554
lt,3562,1602.82729335,0.20178453267169985,56.989398283116955
lt,2396,837.060024698,0.21929801945140076,600.6328647688324
lt,680,551.731029583,0.2144919433231865,73.60576450123507
lt,775,424.863872659,0.2048446536064148,3.154245174632353
lt,3480,1013.55414259,0.1986731162371416,108.4691483441521
lt,3618,1436.72139801,0.23845707807869906,717.5047320795993
lt,1835,691.702740106,0.20172749870689585,336.2880311853745
lt,1646,614.052451307,0.20549238607701326,189.1777801513672
lt,1610,1242.01820331,0.18715949245281036,161.85196446437465
lt,2,548.255240564,0.20567309979371332,133.8491792566636
lt,2894,1115.34930444,,0.0
lt,3815,934.627480235,0.23495171824905356,28.101935113645066
lt,4009,1132.83503524,0.1821788051043557,70.12676283892463
lt,2138,1797.39421466,0.2300573000969113,884.930737843233
lt,2701,486.884850142,,0.0
lt,611,487.472204903,0.18807629667021133,77.81538474887026
lt,917,753.483733363,0.20697278414542475,378.5035005457261
lt,2425,688.883973813,0.23414193730226637,617.9589933208391
lt,1640,865.822386532,0.18958720713853836,76.1966666427313
lt,1969,487.821500008,0.23674148727940453,271.37617749980853
lt,3995,822.686778565,0.1819225941618828,172.55798887365003
lt,3114,1396.04621542,,0.0
lt,3076,810.902786237,,0.0
lt,1534,1215.6489489,0.2405746327038542,504.2242638980641
lt,4095,517.571433926,,0.0
lt,515,500.338287916,0.20000000298023224,11.567729875153185
lt,1415,486.783241224,0.23881242387929294,199.43887840719785
lt,3951,502.270371005,0.1746031790971756,13.132416968252144
lt,1900,596.21150429,0.2054580544097147,140.2921600341797
lt,3084,949.771574343,,0.0
lt,1568,646.984596003,0.20490774924699073,100.63374457265816
lt,1055,640.090304616,0.2247795674563616,377.68264447380517
lt,1590,1006.68479652,0.22041704571820836,491.3463571585861
lt,2867,2284.87121735,,0.0
lt,2243,466.330048901,0.1900043698141769,154.43809778550093
lt,916,612.418178202,0.19805187942541164,193.45762619317748
lt,716,519.714522575,0.20113939910998355,243.41774971157895
lt,670,478.024720258,0.2072100885261118,241.32229138542624
lt,340,506.816501865,,0.0
lt,3422,996.260804613,0.20847567416526175,48.58561167997472
lt,816,283.939395871,0.28547416141158655,149.8311507281135
lt,1311,572.603184237,0.23663696076399013,149.00145371380975
lt,1109,532.785725137,0.34648747656804824,201.84257588106044
lt,1216,421.820885958,0.21961339241219116,365.57018902348534
lt,1164,548.76329621,0.33047479932599116,396.31656568938615
lt,1141,583.016911412,0.30139251577943454,561.3777832031249
lt,3911,926.045715294,,0.0
lt,884,619.599546455,0.21786262213953525,408.20987500957415
lt,186,455.357511482,0.1953964255957964,65.99902307846966
lt,4136,963.801954165,,0.0
lt,2445,312.260317925,0.2393107688562436,311.9954477646771
lt,4200,3178.63977901,,0.0
lt,1183,428.643248975,0.2921124451860939,382.38710021972656
lt,1506,1173.98096785,0.2126707739573865,476.9149724025352
lt,442,522.89469878,0.21436245491107309,9.4649123247932
lt,1142,596.00573295,0.27826241574997845,597.1203048706055
lt,519,1059.34423002,,0.0
lt,1431,473.000641848,0.22053605214063893,207.06040751139324
lt,692,466.123156776,,0.0
lt,1766,608.056407258,0.20342927434865166,89.33066035251991
lt,672,584.074691259,0.27349042936282997,375.38991600485406
lt,72,510.893182471,,0.0
lt,4049,602.37491758,,0.0
lt,2963,1002.82974341,,0.0
lt,3239,815.653596567,,0.0
lt,3036,2903.57372937,,0.0
lt,41,511.596965874,0.17319490015506744,7.09978126077091
lt,204,525.129078765,0.17615628242492676,17.09118502747779
lt,1230,802.981234646,0.29964383574150866,510.36776386335794
lt,1133,892.505940195,0.23177683030558108,873.3412609324738
lt,280,449.155199819,0.20614374629139193,222.17478628719556
lt,2533,770.739262936,0.18360873443860534,74.05334382898667
lt,4001,1554.02103231,0.20965545103191943,82.20885841519225
lt,1227,1374.87912866,0.29221514605998483,1247.0193990071616
lt,3583,1225.49292968,0.20135023264838464,511.85340163287
lt,3722,1161.88744931,0.23759517976947506,770.2942848355164
lt,3635,1373.96574629,0.1918262440594845,336.1618245442708
lt,3208,1271.70201625,,0.0
lt,3155,664.605012511,0.27864673018624353,463.50355158787147
lt,2164,668.477033433,0.22832072175398233,283.93510368197576
lt,420,598.460189648,,0.0
lt,492,441.219710937,0.19302647008940027,28.394007155474494
lt,806,561.366840603,0.253454458512617,70.18312548469095
lt,2054,607.664914915,0.22354368376967543,159.45112971885533
lt,2043,472.888225338,0.2633421791972017,36.51359489291321
lt,2523,861.534302401,0.20858934583505653,63.28729277966069
lt,3173,1373.02581754,0.2231157725299155,75.10579355277268
lt,3754,1110.10712385,0.225004920712414,1018.2248774210614
lt,2627,495.239998647,0.18405193462313163,149.4115840837067
lt,827,559.895215306,0.1933285351907998,224.74663768095127
lt,2493,2132.2683433,0.2057297782066765,171.74738859288834
lt,3940,512.450945728,0.19214349671310146,198.29799008836935
lt,2890,727.593916056,,0.0
lt,2496,1358.48322814,0.22571842770006378,464.55914270737594
lt,813,701.122930844,0.22044268250465393,6.8343386780981925
lt,3563,724.667292488,0.19517736723847523,146.01884370691636
lt,1394,551.726811032,0.2687667078088323,319.7844951255649
lt,4176,1026.99163165,,0.0
lt,2065,1040.29393351,0.20955035062810787,354.0973173253676
lt,945,767.600843259,0.2340686538751651,380.34094866584326
lt,1718,1204.92438544,0.20690488131362522,451.6558743345971
lt,3140,1571.36545749,0.2851342587510525,237.6605489394244
lt,4023,557.569023474,0.20666966587305066,36.770767511106
lt,2440,871.457920454,0.2562650567196337,145.4917916989794
lt,3519,1599.73110022,,0.0
lt,4101,1089.04947238,,0.0
lt,2616,361.506909983,0.19761656729444382,97.6821502685547
lt,3725,783.940891949,0.2462563165097472,768.4573557535805
lt,4022,571.310956649,0.199954616969282,72.22829332538679
lt,2979,465.12943064,,0.0
lt,3752,1277.23448738,0.22309294545412228,775.2890927782246
lt,2333,787.831384667,0.2223604836556465,287.58844039019414
lt,3428,1181.76771833,,0.0
lt,894,731.297341231,0.23777165324074376,419.7738982555913
lt,547,315.18016223,,0.0
lt,1920,782.25863144,0.2401023785150769,362.28299883674174
lt,1594,836.152921051,0.1874918368269955,116.13561883066214
lt,2393,707.614877041,0.20202463401511395,245.5575791901233
lt,2567,457.44356676,0.22405483649227065,168.32003266577627
lt,3619,1246.37212504,0.22986110469921717,1046.8393589393768
lt,1114,672.071720512,0.24848514098801416,491.995390589097
lt,3362,780.50610747,0.2309686916337596,365.03484733431947
lt,1550,668.093126984,0.20084860716164296,426.43826473460473
lt,194,561.918919223,,0.0
lt,4119,1316.9543026,0.23268410663415748,172.3061720305798
lt,52,444.062806023,0.18041494488716125,21.825328004126455
lt,1678,1374.22855667,0.195345466004973,351.28822895124847
lt,2076,574.816794076,0.2297153509976404,276.6015805412742
lt,3829,883.486878894,0.22905389677538132,406.29523524864044
lt,1740,543.209511671,0.18972980976104736,3.1529181985294117
lt,2248,544.687167573,0.21441362286586102,61.19682072658165
lt,3181,929.219826692,0.2057126288100616,152.83787931554457
lt,4140,529.393768567,,0.0
lt,908,1130.20552208,0.2517511016252089,128.79693041034773
lt,272,473.654732899,,0.0
lt,64,441.058335425,,0.0
lt,1632,719.0908002,0.24042144253210057,128.4831744923311
lt,2660,331.92524619,,0.0
lt,1337,563.699534654,0.2917897807673245,206.80627282834524
lt,2120,560.552595427,0.22065710236170588,335.96086590336813
lt,4145,512.444945313,,0.0
lt,2290,510.40960527,0.2403504789778681,8.667336407829735
lt,4175,934.035309579,,0.0
lt,2947,645.193172036,,0.0
lt,540,487.803445819,,0.0
lt,342,506.148516121,,0.0
lt,1882,693.415553719,,0.0
lt,628,654.820439605,0.21374775874239405,317.3044241811715
lt,2387,551.732262589,0.2200436220338866,178.85089353673598
lt,1728,597.157504868,0.18916289969102335,119.81217911664177
lt,2511,585.425472,0.2084294706583023,0.7878163057215073
lt,1886,536.702032512,,0.0
lt,3514,1958.91064686,,0.0
lt,1917,495.698594455,0.2185124618254499,285.04621543136295
lt,2230,550.744274665,0.25171546835790987,144.45822813744638
lt,2124,654.794949113,0.23471231177167567,583.6615834853228
lt,2750,413.643992658,,0.0
lt,555,510.127511365,,0.0
lt,4114,846.99587326,,0.0
lt,2349,561.031496214,0.2340987919049151,548.6447671030082
lt,3713,936.687855067,0.24807392715752782,310.6957019282322
lt,3039,1305.19339099,,0.0
lt,2053,568.41549057,0.20499835637482733,8.66867810417624
lt,4168,976.050390093,0.22951374824491808,101.39306868010877
lt,3191,2232.36703621,,0.0
lt,1149,632.350146133,0.21977188047694873,610.780436706543
lt,355,621.556905944,,0.0
lt,3546,1415.54355675,0.21008336998993,943.6066382913029
lt,1144,727.678203305,0.2520536897516086,679.9041573917165
lt,3389,1157.15147371,,0.0
lt,408,630.169563442,0.19371654152870177,144.60615165560853
lt,3651,1075.53915559,0.2336901299958566,245.29230095358457
lt,341,519.217125812,,0.0
lt,2312,415.668822095,,0.0
lt,1604,1363.13320267,0.20419720989798978,531.0150407978133
lt,2925,436.703783769,,0.0
lt,3024,1392.84781696,0.23271502817541254,141.28003632788565
lt,878,556.48617244,0.1976225863609995,147.19851295620788
lt,988,1293.93907047,0.20035555958747864,14.456287309235218
lt,3779,477.968438161,0.21404709261264243,179.90346227907668
lt,4182,973.489825003,0.22651207002521562,187.55435728185316
lt,3350,1627.55112698,,0.0
lt,3403,480.086015046,0.1919473190879107,140.24016140208528
lt,3454,609.46393942,0.1898926726279368,34.404982383578435
lt,3498,893.56178726,0.20198184722610682,549.4329865100337
lt,2778,612.491459918,0.21673338457051305,162.53673344032435
lt,3877,711.32757163,0.2289895444888122,248.719306676528
lt,3100,1683.33332423,,0.0
lt,3660,1239.76735667,0.19703074315739744,94.02003658519072
lt,2667,552.761075743,,0.0
lt,4039,889.502536019,,0.0
lt,2543,546.751027446,0.22495040537591396,244.4777246811811
lt,1696,1231.04870242,0.2274497245543735,585.3832753200157
lt,2937,683.730976217,,0.0
lt,3163,1484.8644979,0.27202976084142205,372.3794881184896
lt,115,487.266437459,,0.0
lt,2984,519.156946707,,0.0
lt,2119,598.599689359,0.21204442464869863,287.6280698290058
lt,1275,303.126882217,0.2683920482055363,240.19984328326058
lt,1456,495.291116493,0.21083886772728289,234.38425448548563
lt,928,832.659403415,0.1973162187244805,316.4681867711684
lt,2613,562.77373469,0.22080470621585846,22.05730088177849
lt,645,544.960225522,0.257188767147026,328.340594033634
lt,2258,789.89119916,,0.0
lt,2422,357.003084126,0.2597485416597983,360.5832398358513
lt,2497,1969.70206175,0.21529790766250628,54.623006214815035
lt,746,577.767736555,0.21655509530006287,252.08540110868563
lt,3985,522.58701696,,0.0
lt,2982,484.332850042,,0.0
lt,33,449.920321737,0.21390577833703223,61.7949197806564
lt,1997,738.20739351,0.2653568394667121,497.2886512008368
lt,2131,602.996351628,0.22317843386860597,491.45990723254636
lt,1037,644.073298305,0.1740448772907257,11.038986026539522
lt,3148,1256.17927773,0.3818482101314726,178.30949578378716
lt,3977,530.792709361,,0.0
lt,4120,1364.80574756,0.26268564218319723,211.4431319891238
lt,1059,729.820910841,0.20631135721533583,189.76015224082795
lt,3581,1505.57984103,0.22866642475128174,1.3131106507544423
lt,3929,615.522467997,0.20272814751542437,125.80648073682596
lt,3232,1381.05240586,,0.0
lt,1570,809.60946871,0.21084326642368914,57.27968456791896
lt,3189,526.912238056,,0.0
lt,728,544.851165109,0.22563486902862212,270.2275534835516
lt,3558,1058.26381988,0.23145102619877497,443.04770615521596
lt,1470,502.177245934,0.26662936763430023,199.1716501273361
lt,1435,479.127983072,0.2587276913970298,475.87138468424484
lt,1572,672.94393864,0.21619483624185837,91.96295195934819
lt,2285,545.879803325,0.25803473910931274,152.07254432229433
lt,1809,611.939871043,0.25568748452748663,249.85364595301013
lt,3277,1284.01873612,,0.0
lt,2155,1135.21306225,0.21789815042394892,732.8347048890357
lt,3916,417.76687773,0.20955184158045434,181.7500015857173
lt,3086,2720.32260457,,0.0
lt,3983,516.311536355,,0.0
lt,1233,811.586686956,0.2633763693842117,147.95858318852441
lt,4152,795.636298398,,0.0
lt,3637,1271.01200837,0.18927128059952048,391.31476784500427
lt,1591,734.686251117,0.2116101621595802,405.1630158368278
lt,2835,465.263730777,,0.0
lt,3089,1565.14505787,,0.0
lt,1526,905.637314829,0.25732355921002226,209.41747939165901
lt,2229,579.232383108,0.21634442090988162,39.397726619944855
lt,3172,848.655884969,0.257986120149201,401.78899069393384
lt,3870,443.701857977,0.22344671277893532,253.1825645895565
lt,938,649.87223039,0.22306289928635276,200.28869371601178
lt,1407,492.017005747,0.25086494118377967,194.44678078445733
lt,142,457.44785364,,0.0
lt,1370,564.594687385,0.31271384830980503,213.10576495002297
lt,3128,926.128433109,,0.0
lt,3370,1023.9472011,0.22191814348602176,406.5323920156442
lt,3928,909.533075241,0.20152810644855845,177.02210537779564
lt,2364,697.936682976,0.2134184299042889,324.6139458151425
lt,3886,504.227610475,0.20782762082519043,82.46950246773514
lt,2308,398.444621418,,0.0
lt,1260,594.045208007,0.23127707021027785,582.637425920075
lt,3915,716.111020478,0.21262820437550545,94.55209664737478
lt,3708,936.412260607,0.23848586977729183,912.3907845889821
lt,839,589.753787718,0.23197390942308088,252.608468059465
lt,780,568.70967678,,0.0
lt,356,650.316675426,,0.0
lt,4185,1223.62805138,,0.0
lt,527,504.885387654,,0.0
lt,3590,999.269916961,0.2633696370758116,193.29288258272058
lt,498,632.602137859,0.20643794083897074,62.30835885440602
lt,811,659.580927288,0.2272579594242105,113.81829732259115
lt,669,622.476940223,0.20910212417593732,313.087812535903
lt,2960,615.025633034,,0.0
lt,2357,677.571029658,0.2126282273846514,160.73167177088123
lt,2099,670.078288456,0.2120330119893576,201.73342581356272
lt,2161,761.374924283,0.22931119384335688,128.17861367019952
lt,2154,751.895540339,0.21685335284163212,609.3800677131204
lt,955,574.205129342,0.24619046799177785,343.80635878619023
lt,1092,798.930244897,0.24513480371473426,695.1571052700866
lt,3678,1306.14981785,0.2381124559693671,569.3795621684952
lt,361,538.438376229,,0.0
lt,2775,428.763058528,,0.0
lt,2877,408.68433776,0.21873795898810364,398.5812726189108
lt,1082,536.187499008,0.23059098707287728,401.593277276731
lt,3968,658.413744994,0.20686012007137564,197.51114863975374
lt,1090,1093.5510363,0.2767552804736706,208.6795462814032
lt,3047,1890.49201752,,0.0
lt,1194,742.464065995,0.22207761490779587,670.4365178426107
lt,1284,1027.37613779,0.2212621402220252,283.0339728860294
lt,2506,1883.28183408,0.23568008143803884,204.57041987998812
lt,1110,556.064995837,0.30767440509699395,291.463275864545
lt,1928,559.095358108,0.19902311351885993,167.6100933299345
lt,3320,1799.37835368,,0.0
lt,1910,753.104103093,0.22310995793564783,324.19222397149775
lt,1987,1664.71676207,0.222989935254903,339.4122979257621
lt,3424,1070.20204153,,0.0
lt,1959,529.922725394,0.22558150765189808,298.9555465997434
lt,665,543.801289719,0.2073003645494299,55.73031382841223
lt,3057,914.583757139,,0.0
lt,3825,734.597027334,0.22400922021755934,222.1873091753791
lt,1982,533.243003492,0.22865283733984265,526.1919091318167
lt,1785,867.024266143,0.19839059778555176,100.101411856857
lt,2755,490.133153013,,0.0
lt,334,427.063546615,,0.0
lt,1819,1531.33979731,0.22434345632791522,31.527282714843754
lt,1427,476.095620959,0.23722404299318325,237.2779374066521
lt,1777,920.198797792,0.2046169936656952,100.36495869954427
lt,3303,512.248350911,,0.0
lt,225,462.293975279,,0.0
lt,2324,544.720178143,0.22786259241871723,500.06887233958525
lt,374,620.205621999,,0.0
lt,3828,2304.33727594,0.21801483331013902,298.6145542817958
lt,3156,981.048362719,0.299184094557268,245.80160396800323
lt,3207,3553.44839714,,0.0
lt,2117,847.727313623,0.22285918879422517,325.97718152812877
lt,1235,429.823086144,0.37303648658276894,293.5517071593041
lt,351,521.015846328,,0.0
lt,3550,1312.56376558,0.20861208019166946,740.3324749516506
lt,430,524.068055274,0.19047924965844115,34.9681339338714
lt,366,579.185651753,,0.0
lt,2927,447.06041191,,0.0
lt,2002,626.590675881,0.2286262305827165,483.0984681073357
lt,663,457.07199872,0.17795367538928986,67.03404235839844
lt,1111,720.761997923,0.2712722117016514,249.41307355095358
lt,3393,1354.23969563,,0.0
lt,2476,669.045196969,0.20651842653751373,16.544824757295498
lt,3063,1893.9116969,,0.0
lt,307,474.688135705,0.21046597566925176,31.2884256699506
lt,3328,2165.68731556,0.1981726575217791,195.64072388293695
lt,666,527.729666837,0.2054985269452586,52.04998115090763
lt,1367,571.49658076,0.28703398512616074,308.4912257475012
lt,4032,899.298490231,0.19068901240825653,61.45950137867647
lt,3675,2683.38404262,0.25000818111957646,61.45488137637867
lt,2409,636.921526669,0.20725217767965015,112.40408190558938
lt,1653,950.022763835,,0.0
lt,487,566.357195557,,0.0
lt,2883,401.856160525,0.17890878021717072,29.144939108455883
lt,2049,650.190252432,0.22060319674430323,512.7690714518229
lt,2728,515.713569761,,0.0
lt,2469,616.995071942,0.20878979846807832,429.9072595932904
lt,3593,1427.69530608,0.21500455741012864,642.3871588613472
lt,1561,1338.22388774,0.20818686135952047,198.3742847816617
lt,3945,405.620527629,0.17428210377693176,7.87942325367647
lt,966,893.92958466,0.2186322872273721,345.11520945231115
lt,1420,485.747534478,0.18633465449748796,163.70237842634612
lt,3702,1721.43669155,0.21728718328190044,1544.009953756893
lt,2149,733.34231288,0.2286111437036761,488.2942906697591
lt,2942,1301.32391698,,0.0
lt,556,513.21454458,0.18914122879505157,8.1500332402248
lt,324,496.942281349,,0.0
lt,3045,500.50802329,,0.0
lt,2265,736.433662201,0.2393915019664097,626.9424962062461
lt,3007,1072.10494342,,0.0
lt,2455,834.493746926,0.2241626887454868,739.2824055989582
lt,3205,478.695695818,,0.0
lt,960,909.088310469,0.26500436835564106,184.51925120634192
lt,1955,444.513394999,0.22346568159345123,75.65844915053424
lt,1865,426.342422981,0.21044209241779283,178.38938320384307
lt,1802,591.226089868,0.20384471472717966,321.5804581286861
lt,1576,1582.90208552,0.20080122627593852,141.88660679237515
lt,585,586.280507297,0.20214022672735157,84.1273260677562
lt,196,483.549755003,0.20024224394611995,90.18916802499808
lt,387,554.839144469,,0.0
lt,1671,669.823601551,0.2123835085534225,91.17231226902382
lt,957,551.724471615,0.21978625253049602,208.43943292954387
lt,60,515.109048876,,0.0
lt,4163,799.062942722,0.2506895642331306,172.8405472400142
lt,1520,713.841464104,0.2321254934543643,253.3002581727271
lt,1938,883.536173482,0.18420739574679015,83.80440691779643
lt,3275,624.594228897,,0.0
lt,3324,447.464919018,,0.0
lt,1856,453.134243745,0.21204401052828079,41.51049679026884
lt,3213,637.556294321,,0.0
lt,1614,1114.49186106,0.1958379852394426,224.12177037257777
lt,214,544.777871373,,0.0
lt,2441,741.105673502,0.27374171920870016,276.80241471832875
lt,991,867.810706674,0.2355101959225028,197.65712103750195
lt,312,505.612767473,,0.0
lt,688,721.42724307,0.2100868970155716,65.7185199213963
lt,3215,1164.33496625,,0.0
lt,2166,825.29825683,0.2550279535289285,306.25997796152154
lt,1395,541.705610863,0.24330133420782588,435.6636570051605
lt,2093,1256.69319451,,0.0
lt,1317,548.423886168,0.2594723001341609,214.43381733613856
lt,1381,600.794917976,0.2528743571085138,371.8160109276865
lt,3575,1048.42796938,0.23485283474076957,413.3653470506855
lt,3741,1211.40698033,0.22651209669329034,1183.4011595782115
lt,604,537.327035911,,0.0
lt,2494,224.330014069,0.20682846156339488,162.81869192684397
lt,3262,857.606573299,,0.0
lt,3051,1136.60407607,,0.0
lt,3634,968.022620295,0.20707608392570362,515.272502674776
lt,3081,1141.16346542,,0.0
lt,3657,1392.60682796,0.21410817672200755,193.0300791123334
lt,435,532.636774259,0.2299368321291184,168.52961440740847
lt,3616,1849.69524095,0.26327357842083465,417.32043992584823
lt,3293,784.897257778,,0.0
lt,3035,1988.43598979,,0.0
lt,3032,1194.46411515,,0.0
lt,4102,1249.02508845,,0.0
lt,1127,616.403806456,0.2532317670190323,527.2145213407628
lt,137,643.70005317,,0.0
lt,372,532.302398955,,0.0
lt,4151,1082.54886121,,0.0
lt,2981,496.094548608,,0.0
lt,1934,526.732009472,0.20823035304417867,307.10952345904184
lt,3074,1955.83906184,,0.0
lt,3748,892.46090595,0.2326106555145541,875.8756832646387
lt,3830,863.11276112,0.23545386819063666,441.4889930874694
lt,1681,2389.06258469,0.20150005888394235,810.8166394402001
lt,3664,1137.15162982,0.21581637079178978,150.48474076214958
lt,1796,619.666827289,0.21652227589903877,225.94641615923712
lt,1625,1292.03336754,0.19888484547798602,387.02151085348686
lt,2709,471.332840869,,0.0
lt,2293,621.767445182,0.25773566906452183,164.15374094645182
lt,1098,853.435745337,0.31828291958859367,265.70858881333294
lt,725,501.285736325,,0.0
lt,1817,478.975564326,0.26628645759961334,122.69375780890971
lt,2488,984.975145513,0.2524510665958665,193.28332815731272
lt,2782,418.327448455,,0.0
lt,1585,1785.78559835,0.22848593392248812,30.479360543045345
lt,4181,769.016965517,0.21069097433608908,137.64466687370748
lt,3896,514.182260408,0.22775167180734993,407.8817331351485
lt,3900,545.555051801,0.20457718300096914,216.67999895881204
lt,298,540.156894198,0.17584452314298946,144.87472803452437
lt,2225,527.287508675,0.2272664179575854,380.8444627350451
lt,2471,804.580859039,0.2096841163266201,416.5125099032533
lt,3202,581.781803202,,0.0
lt,2148,1163.21443082,0.22045780320896746,1194.6035985610063
lt,3759,666.394543655,0.2382427278414711,651.0654653511796
lt,4186,1105.38801365,,0.0
lt,2304,257.169574013,0.21773269772529602,14.708154536228554
lt,2876,413.980771829,0.21252275480387303,109.22915119844325
lt,2641,1004.09245844,,0.0
lt,4133,579.190947065,0.23705614779306497,12.082675529928768
lt,4195,734.581441455,0.22741854190826416,5.253680060891544
lt,3429,1664.78898119,,0.0
lt,2659,354.200871928,0.18817442655563354,29.934857177734376
lt,2546,770.270643466,0.23571075276725578,478.71253823673027
lt,1767,746.809761007,0.20139134766125097,64.63326541676241
lt,3342,1428.95079688,0.188963554012097,96.90378085865694
lt,46,417.627828201,0.17961815510477339,27.61041932947495
lt,2605,452.769573465,0.20758559766931461,147.57338771446078
lt,2515,645.73708034,0.21738968739906947,55.14715082505171
lt,4160,653.358608492,0.2817884507717578,216.96956167782054
lt,2244,458.073622156,,0.0
lt,1627,807.719048541,0.2114872563749843,188.38792868221506
lt,2542,701.358075324,0.22455094861610053,175.67760934268728
lt,3316,1265.07852264,,0.0
lt,2844,588.859177311,0.20474786273084863,158.32706334731157
lt,1867,432.608303342,0.20435581734189048,218.58522048651002
lt,2568,1098.70206412,0.23495321805062502,60.39560669543696
lt,3999,541.435973523,0.22054302297826658,159.68964685178273
lt,2261,676.663163785,0.191946213272073,310.97458140055335
lt,2888,446.802966906,,0.0
lt,4117,1468.45097622,0.21639115159000671,183.86275182985793
lt,378,500.544238497,0.18224379420280457,4.995653489056756
lt,2572,548.001468764,0.22981463892787113,133.92007087258733
lt,1081,595.315494004,0.2217968319582217,433.65937263638364
lt,3096,603.952530298,,0.0
lt,1937,747.908713663,0.19138088738187578,218.5749221801758
lt,2430,381.605306807,0.2625167613596093,340.3599822100472
lt,4063,687.330250474,0.2237973945120084,241.3741402719535
lt,477,495.037060234,,0.0
lt,1492,818.056213016,0.24670952790546494,335.8064196418313
lt,1584,1007.86789277,0.22024515364787095,104.57569005629595
lt,1360,524.273924094,0.2822052331166229,259.6179109461167
lt,1178,623.374885956,0.3065196268689142,479.62448553945507
lt,404,537.747500955,,0.0
lt,182,437.285870695,0.20973210822637767,38.389959537281705
lt,820,414.29165123,0.20370430255684113,138.26613222009996
lt,4058,1246.15305386,0.26293166632034265,220.8885118073108
lt,553,465.251804413,0.18914122879505157,6.046798855650659
lt,1862,800.594341464,0.19362484462810367,46.76498466940487
lt,667,526.034129827,0.20985837280750275,28.653816043629366
lt,3872,531.796926537,0.1987757662714482,311.7504727531882
lt,1341,625.621941607,0.2560081303987688,216.52762196858725
lt,1100,1005.2685938,0.355246218016548,180.02961461684285
lt,3749,1383.41048043,0.22186995711763755,1009.8201826806162
lt,2008,475.914819613,0.2255094933649065,292.3808943804572
lt,177,469.721542656,,0.0
lt,758,603.589567461,0.24652571214859142,300.9740715774836
lt,3601,898.91305387,0.21755220246594761,201.43626409792432
lt,2001,986.73110509,0.22437599489833418,701.9253948436063
lt,193,521.724782341,,0.0
lt,3522,864.884530992,,0.0
lt,3858,310.589743782,0.2205917285038875,51.21454710118911
lt,990,1032.26242262,0.20670456730926684,271.2535912906422
lt,935,778.211654144,0.2128671328558785,283.0845823699353
lt,2331,598.789839611,0.24497367010060028,210.37344010296988
lt,3723,1076.2149859,0.254551551460766,413.9057788026099
lt,3343,1246.09553282,,0.0
lt,2697,603.387129481,,0.0
lt,2571,511.14723829,0.21423471202484717,164.38064222148822
lt,3933,610.361415744,0.1963868186396746,52.79174813663258
lt,1220,897.866434737,0.3606784128045924,901.1708390179801
lt,3686,846.190994348,0.21294601423715412,325.92670554366765
lt,1925,898.913113899,0.18393927536787227,183.1106732237573
lt,3817,534.579069941,0.2298682573191616,429.40793026194854
lt,1670,565.475095726,0.2094962384708491,81.1880672679228
lt,2507,585.617056043,0.23935278983129932,363.4474303002451
lt,1187,327.895078153,0.2832071681139099,250.19582175460516
lt,1820,1432.41357077,0.2157523127588323,79.08093414306641
lt,2207,504.617429,0.2725033108379294,334.0968676398782
lt,1807,812.820016964,0.21422790395731178,227.25936799890854
lt,3073,1131.27662685,,0.0
lt,3404,581.412354717,0.20252061787003864,314.62114542044844
lt,448,619.191355118,0.18909754707581466,18.929695398667278
lt,1132,657.472882962,0.24904872072514106,556.6481573665843
lt,3452,980.68258337,0.19037124514579773,31.516066607306986
lt,1362,496.27659537,0.3065766990346052,242.79993528478286
lt,464,1202.51901612,,0.0
lt,3367,1359.38050009,0.23247276086184543,217.18212160596659
lt,4056,621.665544787,0.28546414918990876,198.82564604516122
lt,1716,662.188119304,0.22068206512037367,320.0214945774452
lt,1224,617.382679827,0.2944223432688861,525.0896648631376
lt,4197,737.406070175,0.2248574505552991,34.41177302341835
lt,133,547.9564346,,0.0
lt,1020,636.679000403,0.19777464501772324,396.0918106079102
lt,1425,483.027619257,0.22488794361384173,210.4752217909869
lt,1664,753.208563762,0.2508957187230347,125.06722498875037
lt,2446,390.786925596,0.24002141462769477,247.39053335750805
lt,1438,485.912149381,0.23841209974702343,351.5810213874368
lt,1268,374.038199817,0.27682515011932685,265.69325588450715
lt,3851,514.908722127,0.22266696045021703,235.84868558995865
lt,1129,557.437732995,0.2763156744921745,345.08030099307786
lt,2899,556.741884164,0.21028895676136017,12.0782081155216
lt,822,436.040839052,0.2468795694031958,77.54441923253677
lt,1399,501.814002077,0.2413780194071916,254.6192036348231
lt,132,448.324657077,,0.0
lt,2158,817.427089804,0.2658728263087915,261.0861808028876
lt,741,510.492437912,0.2100429630546427,457.9115297205307
lt,2489,758.949097665,0.22225358664918543,662.047826460296
lt,3311,1397.30392942,,0.0
lt,3606,1475.80890897,0.20413900707346416,717.7625671685912
lt,3077,1653.66166438,,0.0
lt,3570,1618.28822354,0.22991836448258995,435.6880055147059
lt,2092,1164.89707549,,0.0
lt,3196,1132.38369396,,0.0
lt,1364,567.831993258,0.2743435534231502,214.15757796343635
lt,1538,835.828702688,0.22166779933913242,324.76149453555837
lt,3611,538.496922212,0.22915493272107892,271.2968753889495
lt,2011,478.283609717,0.2632278369904754,210.41853063246782
lt,2993,574.854512021,,0.0
lt,437,464.485072779,,0.0
lt,3267,790.635598085,,0.0
lt,826,483.47183646,0.1991412689915215,83.3273712158203
lt,1174,551.105006366,0.28196215909045996,341.9108622532265
lt,737,593.918791408,0.2754743840307631,345.93110531077673
lt,5,614.778509228,,0.0
lt,1972,553.162089115,0.2372550073743143,113.22610404818666
lt,782,528.610634018,0.21366977588883762,60.981969257429526
lt,233,521.463064315,,0.0
lt,3710,1285.90422027,0.20927910944504496,892.1730978273879
lt,2017,727.453339061,0.22040301717752617,270.311634796741
lt,1574,863.933069942,0.19899812821822094,125.33254053452436
lt,1556,698.390723285,0.23092451109268433,303.2076691272212
lt,461,484.950566586,,0.0
lt,1393,567.509363046,0.2609094164097187,333.4489312564626
lt,3960,558.074923752,0.1850913238876006,89.3005412980622
lt,3102,1321.02591606,,0.0
lt,2811,395.800215404,,0.0
lt,2182,498.961000725,0.20830892285653854,215.90190968233
lt,1168,512.831497256,0.30218800866218265,97.50166371663411
lt,3672,435.504074469,0.2005507983651358,101.89928795309629
lt,3236,818.34804083,,0.0
lt,151,532.762510994,,0.0
lt,3633,1002.71804918,0.2195673229081809,843.8195089003619
lt,1417,477.51464172,0.19732496394560883,85.39857452990962
lt,1454,486.722391974,0.23156318483727706,233.8584057677026
lt,514,486.319840006,0.20169478160460977,113.31127136828852
lt,863,701.434852404,0.19873725008117699,240.51444423899932
lt,1410,473.272662885,0.2602033571178175,193.39576718199484
lt,4118,1162.60889389,0.22064215079648045,162.5874454872281
lt,2380,509.232416938,0.2195206539624411,338.2708610684265
lt,2829,586.802461922,,0.0
lt,1793,552.501748724,0.22462404236262543,240.66048362582336
lt,131,504.923973365,,0.0
lt,3133,606.030229786,0.22189716481987168,89.2862034217984
lt,3000,938.690980054,0.19264279305934906,63.80993634392233
lt,1804,675.014481857,0.20712510705980564,111.13410414153455
lt,2341,549.487022137,0.25652014878061086,28.364653822954963
lt,2057,333.609288891,0.24629784664152665,180.99115938672833
lt,1102,1405.98391188,0.27743244583104937,211.04131532556875
lt,973,856.524403666,0.29366863082307104,482.5802112354952
lt,3676,2888.53886261,0.21899303785665375,474.8305293962067
lt,2679,313.715309258,,0.0
lt,84,558.298520686,,0.0
lt,3947,335.131326479,0.17497682049102392,101.90755567363664
lt,2948,625.063226713,,0.0
lt,2893,282.893569797,,0.0
lt,3732,1111.85915135,0.24783570086396925,1114.3255683150946
lt,4042,655.977770886,,0.0
lt,3105,1859.30568299,,0.0
lt,1941,766.131599676,0.21054870023357647,567.451352407418
lt,1507,981.144353143,0.20937886394013772,272.2220966713101
lt,2757,474.852980258,,0.0
lt,1351,945.021429975,0.31741179743945835,342.92058338838467
lt,723,514.76292942,,0.0
lt,3405,845.274174397,0.20951587999451313,385.79209558823527
lt,2428,673.06866633,0.2339958268406338,671.7938681209788
lt,3621,567.912161198,0.2506695027742008,557.8231392355526
lt,3757,481.627551291,0.22085965489801132,394.2123779296875
lt,1257,582.356768176,0.2469871513328122,396.306300982307
lt,2831,750.044741046,,0.0
lt,2386,561.854289721,0.22864670888388036,460.65320135378363
lt,1593,526.359472256,0.19400690168570692,255.91912045946307
lt,3458,874.182288085,0.19253348831089592,436.757135667988
lt,3577,1294.61525962,0.21691172489307994,703.2979123583026
lt,2978,519.736836901,,0.0
lt,3304,777.937844167,,0.0
lt,2918,1055.63892599,,0.0
lt,679,535.690962014,0.22926757336069975,192.42658787147673
lt,2652,431.913815796,,0.0
lt,550,491.550551994,0.18204227310284923,81.76309712727864
lt,244,546.227605545,0.18474270535420767,83.08875684551164
lt,2355,525.349720074,0.19589902645424953,103.7401143990311
lt,3167,1176.27589543,0.353170487372067,465.60312814151536
lt,2311,435.145413254,,0.0
lt,4157,776.157607145,0.23440005521498994,120.56739807128906
lt,1021,489.59352854,0.22661132294691083,152.18104203168085
lt,3907,592.630873119,,0.0
lt,154,501.606428141,,0.0
lt,3327,1353.45370048,0.18885972622921848,76.94392972459981
lt,4111,888.446167267,,0.0
lt,2429,413.914031717,0.2501339059730571,338.5223738726448
lt,2068,624.80786411,0.19398799141528686,278.9683584774242
lt,1601,1431.78366155,0.2363471026617517,178.14399817971622
lt,883,623.644637202,0.22048885000067553,367.46796201818125
lt,3646,1368.64424825,0.24941811122580199,219.29227088479436
lt,2253,437.533916023,0.2242182344198227,29.678954689175473
lt,1150,557.725037187,0.2385511844666378,515.3779487759458
lt,1136,539.750912363,0.2757860239665328,544.2971921733782
lt,3683,1330.80651778,0.21714613533151741,332.75313992967796
lt,1460,501.5578969,0.1998700735243884,43.35584348790786
lt,417,523.185421115,,0.0
lt,3862,360.351274131,0.23005899596910512,220.35422147863054
lt,1171,527.845807747,0.29964865439487975,260.96688097785506
lt,3164,1080.11432268,0.33284030382849644,367.38928186753213
lt,771,466.662957628,0.20194692823082905,45.21107907762715
lt,3323,599.780329934,,0.0
lt,249,546.693046447,0.18566196826854195,200.62219854616652
lt,1045,805.5755317,0.19631719959309274,279.39046945010915
lt,2450,224.404452949,0.25748689043261835,228.74419474882237
lt,4019,568.354682865,0.18908052155411387,43.599624334597124
lt,2935,797.440037741,,0.0
lt,3131,2878.48998075,,0.0
lt,1382,615.330960747,0.2688965698117831,377.3334176755419
lt,3146,531.099349212,0.2671005662801016,278.6254066317689
lt,3930,824.441022247,0.182804609714102,93.76438643511604
lt,3661,1127.40548673,0.19903727880839645,190.40381487678079
lt,2111,1198.52734129,0.1946262262926117,166.53553185556453
lt,2444,290.841766364,0.28460588019102,286.25787939931837
lt,1684,519.42447579,0.1913557167781677,370.20316413430606
lt,1358,735.857857218,0.32915827828656485,290.6257750567268
lt,153,356.250221406,,0.0
lt,1942,597.324657557,0.21817250056461085,309.4705833883846
lt,1573,728.070655817,0.20797474674861832,104.83782761517693
lt,2170,877.497667575,0.2509530996342739,305.20816186643117
lt,3892,635.632148107,0.20119645843139067,170.71750431434782
lt,2334,687.60366372,0.19927132442152418,319.36692370246436
lt,1715,545.114612693,0.2324725591578871,191.01441695269415
lt,1192,536.131073168,0.27065675581865645,528.2520904541016
lt,2953,670.136606583,,0.0
lt,2281,515.95897392,0.24019090057104484,342.7546081542968
lt,2383,1676.97297348,0.22450170311686046,300.45048409256276
lt,875,643.888408643,0.2137826581612724,71.23392040776271
lt,3502,601.832409513,,0.0
lt,1903,601.779973208,0.20687605193028083,85.38372997209137
lt,3538,871.394348783,0.23081874961093876,574.8915290383733
lt,4156,749.660784555,,0.0
lt,1303,1333.54788954,0.3028846120125934,320.60704055486934
lt,1557,1664.53524442,0.22389699153698173,142.6701354980469
lt,2789,434.847103421,,0.0
lt,2200,1421.77108048,0.22826041908036399,170.4648131725835
lt,13,513.558088737,0.1896745264530182,32.3445556640625
lt,3314,1346.131682,,0.0
lt,2535,527.933898303,0.22134289412448804,189.0718626134536
lt,787,542.935970993,0.18878021836280823,17.08555303835401
lt,934,1031.94634861,0.20890365509425893,111.709649329092
lt,2820,391.839691464,0.19770371913909912,28.882720947265625
lt,3918,542.234002864,0.20918232980471987,208.27653569240198
lt,3680,670.742484942,0.2445630983169404,204.32583836574184
lt,1732,665.901543496,0.22069478531678516,35.470753838034234
lt,180,534.767090815,0.17940734298283215,150.93011465633617
lt,332,505.818480078,,0.0
lt,1288,1787.67601381,0.24755584075238857,121.14934479956534
lt,3075,933.779804471,,0.0
lt,3280,761.777828191,,0.0
lt,20,452.801775842,0.18997389940475978,56.79961368336397
lt,1608,1155.23714873,0.21728458911668116,272.99410684622967
lt,4149,656.581981968,,0.0
lt,2615,504.409788761,0.200049473967367,27.04641367594401
lt,1151,648.987151077,0.23974135832170754,531.146371908749
lt,2828,461.423336961,,0.0
lt,570,277.778583957,,0.0
lt,2589,437.861118561,,0.0
lt,3321,1119.80619702,,0.0
lt,1088,513.081544055,0.252543702435793,397.38519466624535
lt,3388,1041.85412051,,0.0
lt,2879,537.996575188,0.20934825619825947,245.76504390940946
lt,413,477.727983001,,0.0
lt,757,526.312527591,0.23860842506224145,117.49818985882928
lt,1501,933.271418654,0.23209512113202888,402.8147191963944
lt,3636,1373.30634632,0.19460788983875457,205.63684662463618
lt,1927,702.596604131,0.2049589455127716,62.26274575626149
lt,12,508.065124376,,0.0
lt,3010,1387.39565579,,0.0
lt,3119,1253.87645557,,0.0
lt,236,509.246163714,,0.0
lt,1328,913.919457442,0.28233311551857765,323.22155178294463
lt,2240,530.937202437,0.21239153207876735,256.08336504767925
lt,3138,1755.91743969,0.3070292609260682,245.5390106500364
lt,1195,775.865245471,0.3373416680891958,297.76630210128485
lt,562,552.791752142,,0.0
lt,3589,767.389650036,0.2549725129922509,225.3330643597771
lt,141,473.850151163,,0.0
lt,1167,570.582989132,0.3228824007522066,286.723608637791
lt,3897,436.029516867,0.24276737756879904,265.79283650716144
lt,3904,461.325071499,0.22000114977158408,155.48539234236173
lt,2945,621.014494365,,0.0
lt,1201,674.991978854,0.25919745977108305,573.9784926470588
lt,3513,2210.31470023,,0.0
lt,3446,1335.4495707,0.1911385953426361,61.71875284232345
lt,2856,667.945915393,,0.0
lt,3864,946.531703329,0.2176974820211157,199.34353090174056
lt,3261,1613.68079183,,0.0
lt,2189,665.150564571,0.20174876472124692,170.72682154038372
lt,2462,1298.44591735,0.22411325573921204,22.847852011287916
lt,2305,248.373494683,0.19588976281304513,24.425875405704275
lt,2919,338.430856103,,0.0
lt,2889,333.955690692,,0.0
lt,2302,691.05130138,0.1940761750713389,245.57218992943857
lt,3381,2525.25058974,,0.0
lt,773,636.98644491,0.1930636938035324,95.41614182416131
lt,1583,2279.90489364,,0.0
lt,3115,1430.75596107,,0.0
lt,3846,505.314202433,0.22690992057323456,2.6263840619255516
lt,2875,515.021959813,0.19191297440767796,246.29049978817213
lt,1057,637.072603329,0.22668293675705165,62.55254746979358
lt,706,518.822391345,0.2559715509414673,0.7886059929342831
lt,673,313.423652679,0.29798807387334714,72.55449066162109
lt,841,586.366776092,0.2262397937721281,440.2903933057599
lt,1939,741.837633653,0.19757550071392746,147.117223851821
lt,2417,521.175221011,,0.0
lt,2294,627.646640001,0.24627509724701863,407.36319167193255
lt,3450,1645.05922767,0.20017224606690986,104.0034075568704
lt,1383,549.807316369,0.2671258982648489,215.20606159883386
lt,850,505.710687428,,0.0
lt,2213,1064.8805644,0.2167165731272754,266.3294626572553
lt,953,584.354454365,0.2555752003520192,248.91757875330308
lt,1070,1413.97935515,0.21931254460632463,227.34230654847389
lt,1076,520.016724331,0.2370275824995136,498.8363078996246
lt,2073,1085.51436863,0.20525118346496293,122.14639955408431
lt,2292,1473.93130833,0.24176318684349887,84.57217781216491
lt,2814,367.242584971,,0.0
lt,3440,540.475407108,,0.0
lt,742,464.598333888,0.22717894072834166,336.7297471887925
lt,554,484.55865796,,0.0
lt,397,664.331463064,,0.0
lt,2389,794.399516101,0.20975454151630402,0.525257843615962
lt,1577,1442.28617085,0.21008303864962527,75.67266875622319
lt,1331,970.319180744,0.34156956014794343,225.4656400792739
lt,2487,955.64988832,0.2764070389775542,145.7505173627068
lt,923,514.731140418,0.20248667895793915,54.40942248176126
lt,1211,504.7557351,0.3420068745589921,500.12776405484084
lt,1350,728.103207177,0.3288689745076733,248.84740633497051
lt,1413,489.413987356,0.23716754924121128,246.73691621668198
lt,2072,813.701736493,0.19487273807269861,68.55986328124999
lt,2081,995.646525061,0.21597610235384374,276.0738349166571
lt,1024,449.928049281,0.20114150677214968,115.64673928653492
lt,127,511.335946248,,0.0
lt,2443,254.194962639,0.31923965690131056,255.53085063859527
lt,2465,691.704575995,0.20747172940160208,294.39498805625766
lt,3006,1922.47355668,,0.0
lt,2922,268.88491586,,0.0
lt,2477,607.671862067,0.2134184852767621,119.22765640557981
lt,1563,816.905359332,0.22647486661179397,252.76383005777996
lt,3395,884.580679802,,0.0
lt,2413,842.187459901,0.1938724079015065,42.80778952205882
lt,69,501.355143238,,0.0
lt,1121,466.681739868,0.23046076491056777,271.4941956763174
lt,121,565.334063109,,0.0
lt,2191,593.467691834,0.2173345255447953,259.7679732977175
lt,1912,640.55118699,0.21108794793957777,265.86850687662763
lt,1599,436.88744946,0.20952499045111314,281.14217945173675
lt,1764,679.951308907,0.2226685919339144,145.29345520617915
lt,1931,764.241154982,0.1887630820274353,24.432091477338005
lt,1780,522.22380168,0.18700966238975525,60.16632534849877
lt,1753,1277.40075376,0.20474335131887905,131.63222117704504
lt,982,527.559140006,0.25946369782637924,278.8733990239162
lt,3557,1634.89307027,0.23679077139078647,235.83726546343632
lt,192,499.247444141,,0.0
lt,1029,331.18038633,0.1840521557612366,93.56902753044577
lt,1226,859.552118005,0.3345237162276213,768.709821364459
lt,1271,699.77230796,0.23462561079353658,417.85469100054576
lt,995,931.186261242,0.27051978850023156,192.6624765433517
lt,3666,1107.31729762,0.20567375421524048,7.353521010454963
lt,3378,721.119934239,,0.0
lt,267,484.294093492,,0.0
lt,2112,949.001723393,0.2012938102107703,122.4061746036305
lt,1545,657.315576649,0.20345607346911446,147.66488563687193
lt,528,558.218678135,,0.0
lt,745,603.351275231,0.22852241262003326,277.5837187823127
lt,162,279.121029516,,0.0
lt,2205,1073.62405671,0.27232956953565374,349.0694208481733
lt,1707,1108.06227873,0.2442008003851642,604.3015248915729
lt,2151,839.934631519,0.233318342234947,128.44295223460477
lt,699,560.341719767,0.20642270181475386,93.05653489056756
lt,95,362.477353771,,0.0
lt,1376,621.695125184,0.2805786546869356,192.34642710966222
lt,1058,679.337277582,0.20311234215454707,130.3614258410884
lt,656,458.022465473,0.20157831923707445,71.50358393052045
lt,3398,943.087837919,0.20379604706444693,76.42284150965074
lt,2217,1040.69992197,0.22832191312847797,99.5446347404929
lt,3497,569.176147733,0.2052393376005622,104.79171717026654
lt,2869,388.340359795,,0.0
lt,1240,634.675570099,0.2585522350511027,401.827135033701
lt,2260,654.634230758,0.18601209531209387,142.09195858824486
lt,632,574.66799782,0.22461752593517303,25.49992337694355
lt,1157,389.361807903,0.3304325926845724,289.092149921492
lt,403,547.940049321,,0.0
lt,855,1014.53351553,,0.0
lt,2449,982.953681307,0.23933095347042907,974.5967739329619
lt,3530,1579.77499194,0.20840760070636785,90.87000322528914
lt,2743,495.655923127,,0.0
lt,305,487.9409742,0.2052772565829483,46.27536908318015
lt,3517,1133.05592372,,0.0
lt,985,562.465603385,0.22891987349921863,163.48685260847503
lt,2458,1095.9990266,0.2696144505712261,848.0012528961782
lt,3926,552.742712838,0.18910663026683738,13.920110874550016
lt,2528,729.78483481,0.23651525758060754,26.785385131835938
lt,3106,1220.85345424,,0.0
lt,3967,864.736047338,0.19880485908852685,236.38345965217144
lt,587,555.887439299,0.19913731515407562,2.891867963005515
lt,3345,1358.33558836,0.18233248760029447,171.74862545237823
lt,2557,375.064563343,0.22185169165012994,252.61426726696536
lt,2920,849.913805607,,0.0
lt,3185,2184.42694049,0.1981458672026331,67.75314124612247
lt,819,406.614887521,0.19898542491502538,56.51554646211512
lt,1666,811.448624182,0.20889526143635354,563.588420643526
lt,3474,1211.18264523,0.1905136505762736,29.94035707361558
lt,4028,581.879892825,0.19435470127372212,104.79615020751953
lt,590,532.261447068,0.18828575313091278,14.196418492934283
lt,1892,664.138142588,,0.0
lt,2685,262.962910355,,0.0
lt,1,1735.69605789,0.21991198739726897,330.810474171358
lt,2681,471.486400396,,0.0
lt,285,513.021770561,0.22200940549373627,3.6809764188878678
lt,3579,1202.25470264,0.19866070417728815,636.0690426695579
lt,2716,1132.5944662,,0.0
lt,1406,510.262871879,0.22881081285930813,275.90407517377065
lt,3700,920.272260473,0.20592003461648845,718.5657423430799
lt,1752,1248.21364572,0.20665291184036247,187.06983226701328
lt,2183,526.964158549,0.20717141328486494,178.34248217414404
lt,3023,1339.69721738,0.2401764527196585,234.76614200367646
lt,3954,559.231241455,,0.0
lt,388,540.157684602,,0.0
lt,3108,1357.87036016,,0.0
lt,335,458.804171976,,0.0
lt,815,463.444964226,0.23808075269547901,204.76884894277535
lt,2317,494.435068888,,0.0
lt,2817,584.31497932,,0.0
lt,845,637.24583077,0.1861917102375092,82.01250382965686
lt,375,561.966659312,,0.0
lt,3838,1116.71083898,0.23854655315997178,191.19965748506436
lt,3392,1242.80430728,,0.0
lt,3706,1382.10978778,0.20917253682633863,1100.6935934328565
lt,2484,957.509221958,0.21425253890701443,896.3042220770145
lt,2352,785.590632061,0.2213208669346774,486.1355212940889
lt,1496,1064.82230506,0.23350651956682472,441.70049908207915
lt,3503,1596.57211632,0.1867632057108631,181.7423402075674
lt,202,527.568313214,0.1918095406869456,114.90554776659198
lt,3022,1526.9619103,0.23651796342649808,201.67802384320427
lt,363,515.287508999,,0.0
lt,3935,589.230436382,0.19411540031433105,3.6770453359566484
lt,606,476.520129279,,0.0
lt,3292,1332.63178562,,0.0
lt,2038,713.804288176,0.21099020957118944,472.84083667829924
lt,2403,957.505404439,0.21498243163954076,394.99104530484067
lt,4018,535.990246024,,0.0
lt,3906,353.125208989,,0.0
lt,287,468.690012044,0.20619282126426697,63.628306669347424
lt,483,583.422726973,0.18734335899353027,14.985906533633962
lt,1839,617.850782608,0.19313241488602245,192.8392085355871
lt,441,491.663719205,0.20771045041711703,44.9583335427677
lt,3380,2193.62752741,,0.0
lt,1898,804.500767046,,0.0
lt,2711,497.637135153,,0.0
lt,3227,1362.73394323,,0.0
lt,2433,308.441066574,0.2823233861352113,307.531164042155
lt,687,451.86025596,0.20841135084629062,1.3143721935795805
lt,2100,633.167319748,0.21120450817221817,225.89926700966032
lt,2914,1585.72057084,,0.0
lt,245,473.532877038,0.19741519552374642,82.82594658346738
lt,357,649.170214775,,0.0
lt,1035,483.754658104,0.16219157696815958,74.90778889375574
lt,4167,948.741347287,0.21131752964128486,152.08951326258043
lt,469,611.835723209,,0.0
lt,3963,1525.55974271,,0.0
lt,1319,530.191670778,0.24183478267520597,118.51631353041707
lt,1189,243.960303695,0.2662832333479107,196.05731913248698
lt,709,632.898985679,0.2579347471692669,88.06100254432828
lt,1874,836.069900424,0.23269127020810512,246.95867934881474
lt,901,598.809904004,0.24341034889221191,2.891376600078508
lt,2640,590.141424227,,0.0
lt,2045,289.216443919,0.2378402423978506,287.37978413899737
lt,1465,521.724769128,0.21476120559865441,340.27630854587926
lt,1999,772.174574041,0.26838831490898335,618.6533216588635
lt,1654,939.46307284,,0.0
lt,1737,790.104458246,,0.0
lt,1668,492.092046271,0.22261420604862261,451.6596944472369
lt,974,722.446531494,0.27935215264139046,298.5892276838714
lt,3760,802.628403816,0.22803575370953422,792.3607791077858
lt,3168,1251.69693204,0.2776318786507323,212.97498668595856
lt,1775,665.270501299,0.21474900431824273,91.6948440252566
lt,3739,1813.30506968,0.22411511287320757,1599.1311443852446
lt,1305,1238.03349222,0.260796302918628,179.7496743594899
lt,3761,854.16438386,0.2173479256945519,874.0387592988857
lt,999,666.029175912,0.24286445043981073,71.49223315669042
lt,1291,658.69639465,0.21144355888516259,71.21762773102405
lt,767,489.68207596,0.2597155889326876,208.1828961540671
lt,2353,533.167023149,0.22900800709354918,71.17366213331036
lt,3003,1361.92050613,,0.0
lt,2630,520.259155145,,0.0
lt,3339,1692.92454275,0.20226065814495087,1.8382759543026195
lt,1887,490.511143771,,0.0
lt,346,508.113962141,,0.0
lt,2411,487.58727863,0.23121146539941217,55.413915297564344
lt,601,552.153301148,,0.0
lt,1054,815.445265673,0.20944414279185047,159.0105692545573
lt,1177,562.737306337,0.3309746057936972,342.9637419756721
lt,71,490.044441864,,0.0
lt,3136,300.485836692,0.27373545761428664,123.16304551666857
lt,1315,624.481493028,0.2991546666018463,184.21398396211512
lt,2270,410.828345444,0.22064599796025441,357.9871091655656
lt,91,576.283025866,,0.0
lt,535,564.342965312,0.19577252864837646,16.036888421750536
lt,4112,1338.51294131,,0.0
lt,4015,535.944659188,0.19031527414917945,157.5886620914235
lt,1285,974.897718973,0.19853102706090972,597.6026584400852
lt,3850,403.547364166,0.23196637059277694,248.71836556827319
lt,1014,813.378403818,0.22562478214455473,334.3285223568187
lt,2774,432.449384505,,0.0
lt,293,428.339941233,,0.0
lt,472,502.379437227,,0.0
lt,592,557.933712349,,0.0
lt,4044,636.349119961,,0.0
lt,3336,1171.16716724,,0.0
lt,1714,576.546884619,0.22113178656214763,27.58803423713235
lt,2219,526.623694811,0.24141483707233563,305.9878830554439
lt,4078,859.911866299,0.23912662852414046,124.49654594870174
lt,1880,602.89960445,0.1956003856909526,174.9726163078757
lt,2273,568.307764214,0.20567992033598176,154.6983381383559
lt,2392,769.647602828,0.19017841007028305,18.384087356866573
lt,3970,480.982749839,0.20057735184224135,354.04816272212014
lt,317,578.101321214,0.19402985274791718,9.99125581629136
lt,200,504.821161711,0.19729010395857752,90.18929099288641
lt,2152,540.144021812,0.23130722882517848,130.80671000761143
lt,1645,855.872576475,0.20857262181345557,260.3819511263978
lt,2104,550.318471835,0.21418363545078412,423.69270339666633
lt,3856,604.13513007,0.2124338474740153,302.0335500380572
lt,1064,592.899087526,0.19822529037302036,74.37957159304152
lt,1101,657.107382411,0.2938524951892761,536.4093347886029
lt,3568,1422.22315554,0.21104377029211654,991.920455573587
lt,1018,664.215017602,0.19844261281710449,219.2047168806487
lt,4054,666.287123564,0.2593304734729545,298.3694802078546
lt,2256,533.530939856,0.21348232319080288,127.6460100959329
lt,2809,588.939190441,,0.0
lt,4121,1190.99509347,0.25906956345020515,220.37404473996634
lt,3541,1178.39944478,0.23080238834627517,900.5474321851543
lt,567,643.545142988,0.1858534812927246,6.5725962320963545
lt,1229,952.876857491,0.33052412851711827,553.9943406647328
lt,1437,488.528887043,0.257447352009075,446.4400965671914
lt,291,519.367788337,,0.0
lt,2797,447.572115247,,0.0
lt,1759,898.374075213,0.1960540379842986,96.68766841514437
lt,1231,583.60628804,0.2943406829088338,465.95283975040206
lt,2624,438.935547974,,0.0
lt,3012,1590.84760774,,0.0
lt,733,462.188198757,0.22862254980702668,247.8826929428998
lt,3966,966.172778284,0.2036946612269911,191.73353636498547
lt,3888,546.823660196,0.2118682434161504,106.3700346105239
lt,2343,628.666838371,0.21882907669953625,156.00555024988512
lt,4150,1217.03073953,,0.0
lt,423,664.504320831,0.18688801123069437,210.07292241115198
lt,2250,483.906081815,0.21958210586566024,117.14035871917126
lt,55,458.392037732,,0.0
lt,1173,517.632497598,0.33986763404956033,438.0988149904737
lt,2492,587.698112129,0.2078618550450025,94.27748924704159
lt,400,567.627939315,,0.0
lt,1113,642.274383896,0.2577186190902767,410.7841410019818
lt,2669,371.265676726,,0.0
lt,804,449.053615095,,0.0
lt,3484,1562.25439548,,0.0
lt,1613,1080.17561129,0.1817184699672546,219.6554652195351
lt,2864,617.907592219,,0.0
lt,1537,932.274407792,0.24433039010713659,411.20753733317065
lt,3110,1388.4515625,,0.0
lt,3795,981.518741706,0.2222607765490046,273.1355152504117
lt,3594,587.445124411,0.24073020054971522,460.1222185920267
lt,3087,1110.41011345,,0.0
lt,150,588.524713499,,0.0
lt,424,484.985571519,0.19775887018405514,256.6098102644378
lt,168,456.046930178,,0.0
lt,2862,974.199496202,,0.0
lt,3435,1178.58801614,,0.0
lt,1642,1027.20916013,0.19590574997576393,251.71090189615884
lt,1633,685.100840178,0.18474148213863373,7.356948194316789
lt,761,536.912507963,0.2788474325958066,467.36287378049366
lt,1647,563.869202795,0.20283108964712931,26.011974559110755
lt,453,748.694984821,,0.0
lt,873,692.225043497,0.20894989170337167,183.21102650960285
lt,1722,430.381843328,0.2141218873336143,127.43134412578507
lt,681,541.772731997,0.21979792416095734,28.916596356560202
lt,1049,977.070475481,0.22224260664085824,471.77977914249203
lt,1290,562.228672,0.21254491360930655,263.05891717648973
lt,3283,990.755465991,,0.0
lt,3263,577.673305504,,0.0
lt,2807,689.566164692,,0.0
lt,3082,1024.04701859,,0.0
lt,2282,496.848718937,0.22115708586906416,206.96621419869217
lt,480,467.539230324,0.19091645271604896,123.04217996036306
lt,1861,787.231708863,0.19561739514271415,70.93565907197839
lt,2232,627.836320372,0.24820344836926772,305.9881988226199
lt,2628,516.35325922,0.19381887190871772,118.16379636876724
lt,1782,1038.98161901,0.21858614683151245,42.82573921353209
lt,1979,698.168477911,0.23999756529475705,43.34606487797756
lt,635,1042.00134943,,0.0
lt,3526,562.454794661,0.20171407681335224,186.99353766347843
lt,370,492.44258792,0.20867565274238586,41.80601725858801
lt,1185,612.114340105,0.23406015460354793,486.98622307870903
lt,3291,1613.68000979,,0.0
lt,2848,506.746334539,0.19662171602249146,3.413347909964767
lt,1016,957.619395356,0.23283299478542743,190.29356225705615
lt,1988,1182.91393928,0.2719501053832493,447.90745170443665
lt,2356,731.447420943,0.2011069719967205,227.96602259617228
lt,4050,612.398705104,0.22032522158087972,140.51673410453049
lt,3924,609.434469052,0.2033344523372388,162.3132583618164
lt,1433,431.037296938,0.2496350034368488,111.41338695451324
lt,3679,515.36959832,0.24904543071626187,239.7805076449525
lt,3479,666.338746215,0.19369612533649405,175.17870483398437
lt,3882,518.14077736,0.2075905106707006,122.91592479032629
lt,3177,421.684181312,0.22062166737026334,185.6634936463599
lt,2129,632.12893182,0.2233689534537862,632.2532840803557
lt,3703,1682.1425895,0.21176849032200656,1623.0628708783318
lt,2882,471.847720803,,0.0
lt,2724,684.412753658,0.19814814627170563,10.503277946920957
lt,49,937.735908008,,0.0
lt,2269,610.056919156,0.21559740461235088,618.5344135060031
lt,2135,850.852623859,0.21984454520034158,778.8175114650353
lt,3869,459.225559794,0.2302819993525897,355.3491070018095
lt,3374,484.08531058,,0.0
lt,3744,941.704401176,0.22963799694724266,928.3951091392368
lt,3243,1208.39619347,,0.0
lt,1434,443.571139018,0.22596724755119726,334.50334514543124
lt,3230,1569.21947891,,0.0
lt,1135,938.758348569,0.2354954063498705,676.4961415907917
lt,4077,894.053785774,0.24231485602308495,160.21681003944548
lt,393,933.418021582,,0.0
lt,660,493.185563546,0.20985837280750275,21.030323701746326
lt,2187,621.136513516,0.20580666827915858,352.74595881443395
lt,2126,708.465209881,0.2287707986756508,691.6192104563993
lt,3282,788.067794097,,0.0
lt,1159,361.790959098,0.2387529109614064,52.036615079991954
lt,3396,1029.86742813,,0.0
lt,1219,1124.52450904,0.2784031268026581,1120.3549352907667
lt,1980,650.015871427,0.23910276405103914,239.05969313079234
lt,1304,1037.81748298,0.2977391382921615,499.04233389461746
lt,3997,961.975571908,0.20010478684044147,478.01620662913604
lt,3299,543.561918406,,0.0
lt,1401,501.622598092,0.2126028603070403,268.5458983776616
lt,2629,343.78905128,,0.0
lt,1884,731.547530491,0.18581609427928925,91.16435765285118
lt,2231,596.689128757,0.2575236764331322,92.97856119193283
lt,3553,783.999873213,0.23118992677225494,437.79401846492993
lt,1126,763.267572162,0.26910376947026354,612.6318644804114
lt,2375,657.088128983,0.2088221244290602,297.82442109351064
lt,2133,681.191706703,0.22132704907213158,665.0839834774242
lt,3545,1247.47975459,0.22561311871695094,532.6024380852195
lt,1519,756.972703758,0.2286264236329578,289.2984503353343
lt,870,565.414260117,0.2092906544183163,123.54309426101983
lt,720,499.734845963,0.20531249397520454,119.34253875134038
lt,243,620.054521838,0.19762780995098586,127.52549369662415
lt,2842,543.175880165,0.2165457159280777,29.93258900361903
lt,1660,490.897116262,0.24768254932030628,67.52592079312194
lt,2314,556.447212212,,0.0
lt,1828,519.148542618,0.20945178401568298,127.68391256893382
lt,384,760.243930711,,0.0
lt,2606,563.374432963,0.1903030431404086,269.67647923488244
lt,3130,939.104883923,0.22338014841079712,0.5252126656326593
lt,557,530.893309931,0.18843145783130938,10.25326089298024
lt,4055,569.30562444,0.26619890671318924,163.8932912489947
lt,3677,1630.67373477,0.22988545674673266,466.16518731210743
lt,2964,670.586767236,,0.0
lt,840,598.696003983,0.23101684546499623,324.3694101371018
lt,1034,447.436887279,0.1671535223722458,2.1026747759650735
lt,3943,619.151213579,0.19588092065491927,93.76465606689452
lt,1636,978.399614985,0.20139548125312767,109.56581019981235
lt,2513,454.040576444,0.23656161047824445,153.361732153799
lt,3878,535.247344823,0.2327791911374207,147.60341348087087
lt,3306,2253.64157789,,0.0
lt,3993,646.105731076,,0.0
lt,1558,1090.77582289,0.19451738868729546,46.50616140926586
lt,607,597.349437353,,0.0
lt,1122,344.02071752,0.32688701156489924,212.35890407188265
lt,382,586.322700837,0.18224379420280457,2.103433048023897
lt,3641,745.35735064,0.21593498926945684,195.13074852438533
lt,2363,671.746630792,0.21704512204115203,211.68181092505358
lt,1735,931.029457268,,0.0
lt,2599,566.975346304,0.2572588324546814,2.363274159150965
lt,2911,501.247378446,0.21249127388000488,62.75351753982843
lt,261,513.49579754,,0.0
lt,1207,676.104236022,0.2960503548320786,622.3338829788507
lt,2050,527.344112885,0.22867362702987634,283.17916107177734
lt,3117,1433.16253552,,0.0
lt,718,475.829031205,0.24535907108307356,267.0754627601773
lt,754,503.061059548,0.22499714982370994,113.02981088675705
lt,277,518.659780505,0.1953902542591095,9.991324032054228
lt,1259,740.869321194,0.22437776986120558,558.7215272492055
lt,2201,560.693947944,0.24501531772716528,370.8723606483609
lt,3802,607.32260089,0.22674297534586083,259.21708128686043
lt,2309,338.718205046,,0.0
lt,1702,637.498307157,0.23800704623548596,460.05580821317784
lt,2839,401.611232587,,0.0
lt,1028,648.920902526,0.1879043420703392,100.13981843836169
lt,255,533.926711735,0.17530864477157593,15.250255749272364
lt,610,467.892375432,,0.0
lt,3605,1207.57735756,0.20552990659221498,690.7126310161516
lt,947,465.785872304,0.267035153214877,149.56060791015625
lt,3132,1304.24903503,,0.0
lt,3973,555.504613442,0.193474052797841,193.3086019777784
lt,3753,1232.25471286,0.2230771888828941,923.9400066899319
lt,1184,590.075004503,0.30149017062300304,493.0307257558784
lt,1180,974.897836372,0.3204370612480891,280.6795000861673
lt,1203,1033.29653933,0.2963735125804769,190.53719135359222
lt,2241,587.827595361,0.19705921945985683,158.90260255103016
lt,491,429.163670831,0.20032894611358643,33.652098651960785
lt,246,397.579280787,0.19641635811510888,68.8901559867111
lt,3437,2835.20257578,0.17945855644951883,59.3545025395412
lt,3855,594.60799537,0.2124920348790466,444.1193977505553
lt,3455,772.131204604,0.19532083329700287,49.63772008559283
lt,460,512.767326237,,0.0
lt,3811,560.880908588,0.21157996501939938,252.916889145795
lt,1639,595.122609751,0.18766749245093164,228.06414690204693
lt,1956,1380.21374739,0.20460010980492205,88.00537707758885
lt,35,485.757727791,0.2091850716858468,148.30760551901423
lt,4147,598.712023974,,0.0
lt,897,596.29973965,0.2957482801465191,389.8093512441598
lt,4155,1113.56340403,,0.0
lt,2595,402.996330323,0.18298262357711792,57.24354966107536
lt,786,569.640326602,,0.0
lt,3766,562.677148314,0.22639260348212936,436.2282426422718
lt,2565,544.512681808,0.2126312479376793,69.32384571748622
lt,3781,563.857687629,0.22385574221895194,220.34905954996742
lt,473,552.559432343,,0.0
lt,1283,1710.65662056,0.2296672931923303,91.19117533365885
lt,3272,1213.41557861,,0.0
lt,2069,473.337632916,0.18907356183779866,34.936673960966225
lt,3980,572.42395889,,0.0
lt,2288,454.705432262,0.21144851974531073,271.83942862117993
lt,1565,699.010658115,0.19575552757753054,115.3468937294156
lt,2083,1143.43212475,0.20123638063452928,180.9838087493298
lt,230,1672.97943167,0.19041047990322113,2.1035196940104166
lt,1396,531.961102202,0.25378935808396863,290.09201067756203
lt,2423,265.498917291,0.29288852651341796,264.46279054529526
lt,428,530.638911791,,0.0
lt,3068,1959.86661512,,0.0
lt,3199,1298.34290612,,0.0
lt,1699,539.367243734,0.2456554932237503,414.3384295594459
lt,3005,1176.60883663,,0.0
lt,3031,1229.74363602,,0.0
lt,2973,428.064606917,,0.0
lt,427,500.887309366,0.1916218055429388,142.2393125047871
lt,532,540.431047179,0.1925152987241745,26.28988826976103
lt,27,475.525212868,,0.0
lt,3486,891.855838108,,0.0
lt,1840,712.445864075,0.20520199465558417,210.7043550379136
lt,2108,683.203115031,0.19481511180500846,118.99060686896829
lt,1322,576.122559321,0.28143551540661105,207.8624084472656
lt,2402,1997.3508266,0.2174812069237232,131.314084370931
lt,2703,537.044758426,,0.0
lt,120,475.877242074,0.19771665334701538,42.333333841959636
lt,911,621.049318723,0.22487176671563613,258.64538586186427
lt,1095,1062.41243798,0.3004736817975703,192.12054290771482
lt,394,840.372066675,,0.0
lt,1199,663.945183186,0.314617007091475,659.1305571612189
lt,3531,1038.0117421,0.20317966877310364,156.00210463579964
lt,3260,764.888723622,,0.0
lt,3456,1000.22365712,0.2045935446340776,79.05261640361711
lt,3044,3070.23238398,,0.0
lt,220,502.048335638,0.18576805293560028,26.556845481722963
lt,1616,646.273919072,0.23254524904030327,347.8736534866632
lt,837,601.145949782,0.19970047549793016,56.77794727998621
lt,3079,1157.49564322,,0.0
lt,338,472.363007611,,0.0
lt,777,475.73425639,0.21766451001167297,17.08546552471086
lt,849,584.974015434,,0.0
lt,522,590.438811825,0.22696375817881606,324.4175678327972
lt,2769,413.059361865,,0.0
lt,612,749.730907131,0.18820184333757922,66.51112093457989
lt,3459,1427.61866612,0.20101000426065166,190.6700660555971
lt,276,451.5421327,,0.0
lt,1569,858.942378802,0.21143986026828107,27.326097495883122
lt,3721,1413.25140746,0.2524307235761946,324.6119458366843
lt,2559,798.064510484,0.2089778631925583,47.52921184464997
lt,1163,471.247811512,0.331467660822817,146.38510314343023
lt,283,544.603414945,,0.0
lt,1371,467.505288081,0.29283258672741347,157.13597062054802
lt,824,480.955643627,0.21201162984102503,202.92920927159926
lt,2459,462.283422789,0.23073646376912416,341.40636548808976
lt,4142,721.634652644,,0.0
lt,2395,744.781455047,0.219645898582035,316.4668347227807
lt,3948,621.407220012,,0.0
lt,3833,729.010581379,0.2407807859767407,355.87135293997966
lt,1652,785.032280498,0.18796551888324436,85.91834528305951
lt,22,472.073268066,0.1890155507257282,86.51422639734605
lt,1907,965.894633472,0.2177329257242662,174.70718165378946
lt,1402,534.632515309,0.23176070142572172,253.04312753116383
lt,3482,528.971354358,,0.0
lt,158,453.213412498,,0.0
lt,3252,606.842983976,,0.0
lt,438,512.943747878,,0.0
lt,906,499.739228464,0.26564871285974867,269.6856601490694
lt,4030,589.561773778,,0.0
lt,1693,974.286629841,0.22094261005660082,449.8100479125978
lt,4191,675.213077482,0.2434697035869149,335.7094993740905
lt,2095,1447.30390567,0.198741152882576,21.276454252355236
lt,596,534.213951043,,0.0
lt,3180,611.479038906,0.194044642105247,173.3212661743164
lt,3844,691.542885644,0.2077935066043126,220.87852307487935
lt,2071,577.604647302,0.1982372579334667,83.53266386144301
lt,828,550.203094795,0.18471843805926585,44.94924923765893
lt,3285,992.728876443,,0.0
lt,2896,356.36091621,0.2077806529990078,71.94382916618795
lt,776,478.606716671,0.21305110689365506,34.69665877398323
lt,3994,625.79382246,,0.0
lt,2287,606.116572537,0.2349192874198375,302.0440872790766
lt,2169,716.510535162,0.24874623095491616,144.72455378513712
lt,3957,542.123822856,,0.0
lt,2181,579.880573901,0.22326222241395088,133.16568971521716
lt,1936,578.669329158,0.19992320934735885,266.9140459846048
lt,3250,887.505835384,,0.0
lt,545,558.841462371,,0.0
lt,546,645.719717798,,0.0
lt,1215,469.474729875,0.21111786083437445,402.62710529402193
lt,2905,534.518395266,0.1885790228843689,7.089383024327895
lt,1353,900.616456693,0.279583539683221,389.9565299239813
lt,2123,656.619786207,0.2352542876406753,594.1690961052391
lt,364,550.136035978,,0.0
lt,853,930.377355219,,0.0
lt,1813,902.928100424,0.21570993909955694,188.1120320039637
lt,4079,768.900144665,0.2297543611422908,172.29920842787797
lt,1991,769.349476141,0.30373431239642346,535.9104744406308
lt,1847,535.246704029,0.24597085780607825,216.2198393578623
lt,2836,457.100259977,,0.0
lt,2793,459.95877566,,0.0
lt,405,466.112120572,,0.0
lt,1805,819.433356229,0.2095602347870313,176.5528128231273
lt,2845,485.791969627,0.19662171602249146,19.167261340571383
lt,3157,1471.54484945,0.30169954792883413,250.528828310499
lt,3279,1868.34928694,,0.0
lt,3564,943.388327437,0.19972401848135068,169.39198707131777
lt,256,552.427178711,0.17530864477157593,51.00947612687653
lt,1412,471.847694226,0.22752937707703122,259.6124003391639
lt,1124,487.511867314,0.3067394357726951,430.76182080437155
lt,2087,571.129134079,,0.0
lt,1992,1089.2502537,0.2856448853764256,830.6589785407572
lt,3895,562.665665327,0.21767154463814026,195.93063949884154
lt,2483,2411.91243797,0.20829959489103814,753.1819299136891
lt,814,544.5219911,0.21532164752483368,19.7145731308881
lt,2347,585.012321047,0.23573634723060183,582.0018958596622
lt,3734,1669.27491145,0.2268066199849963,671.0098158593271
lt,1677,939.465104262,0.19997365118931557,117.97167101093366
lt,4007,714.101387434,0.19281046092510223,63.82343741024241
lt,2326,850.965071865,0.2225082287316939,546.5534843893611
lt,2024,523.931434144,0.24466665748095742,302.3615345674403
lt,887,492.543752931,0.2660239302103444,223.6863454781326
lt,2812,377.529874615,,0.0
lt,971,576.292272422,0.3020276758783414,403.4652766807407
lt,512,494.3212434,0.19115128849943477,78.87128942153034
lt,579,668.907798703,0.19824616611003876,0.5257959702435662
lt,4074,633.813550109,0.23617741765148026,100.59500151989508
lt,2223,643.375238677,0.20954663594689207,582.5584646187576
lt,2631,500.03888742,,0.0
lt,110,521.307016769,,0.0
lt,856,873.947639519,,0.0
lt,2832,537.051737293,,0.0
lt,2827,459.067241638,,0.0
lt,890,531.026088329,0.2802639624509424,71.23252701104856
lt,2320,350.6397504,0.24161934634980017,235.5884670481962
lt,3524,1221.82894999,0.19216646254062653,24.950048858044195
lt,618,535.796269238,0.19611792266368866,18.402100806142773
lt,2408,465.634259015,0.22027770502955527,251.59576640409583
lt,4053,610.325185657,0.2882202411118226,204.86619388355928
lt,520,573.941444747,0.21093620359897614,16.825587852328432
lt,2562,806.602331167,0.2102564126253128,27.57214759377872
lt,1280,877.296690306,0.3074260888693928,875.12165814568
lt,2335,208.147325515,0.21153387145416158,68.02304606718174
lt,3116,1462.58810773,,0.0
lt,56,482.355198051,,0.0
lt,1205,563.034884933,0.3665377292762104,245.2016886991613
lt,1536,1011.97181146,0.25545535289078053,455.0879370595895
lt,3608,746.5091633,0.2184109349226803,548.1070525823856
lt,2895,1106.39199759,0.20863552391529083,46.99974275476792
lt,2949,776.548283006,,0.0
lt,1935,544.400817255,0.2176422657495858,298.702970347685
lt,2173,865.408777691,0.21766862394794753,251.0994025436102
lt,1623,1588.13285323,0.23933035903156302,188.64976710899202
lt,881,618.578441862,0.19977749324739932,164.546216508454
lt,1745,1205.59221436,0.1877918420014558,7.0939560834099264
lt,1761,598.702641761,0.2103628554158338,138.19980600394456
lt,3873,645.154732232,0.20259029277004914,512.6684199613684
lt,1890,646.834974963,,0.0
lt,1667,525.125151426,0.22035305600923794,504.47140413172104
lt,1467,574.524594038,0.21841539285741798,362.0843619253121
lt,907,244.298238306,0.2386060018286063,171.90482581643502
lt,449,518.789113717,,0.0
lt,149,454.690767545,,0.0
lt,1505,1228.5219101,0.2358224899678126,604.3549403171912
lt,740,496.238374585,0.2111934027872527,488.6671644323012
lt,1734,786.293313144,0.19491548651123636,84.60417205212163
lt,1883,575.300724612,0.18581609427928925,42.82360316257851
lt,422,469.616411218,,0.0
lt,2464,662.410619303,0.23044144835222172,445.92574507769416
lt,526,455.215887394,0.20609629154205322,15.248109166762408
lt,3247,947.118100096,,0.0
lt,2139,988.915874358,0.26424297891758586,903.8408371869255
lt,3566,1189.98987205,0.20887168049388685,739.0177866318645
lt,3913,815.982301847,0.1736815483153531,70.65130872539446
lt,2704,519.092508537,,0.0
lt,2994,559.594394397,,0.0
lt,93,477.185349627,,0.0
lt,1119,641.156392708,0.21846627325360335,260.7175788131415
lt,2137,702.507148964,0.2469737767371996,498.28428422516464
lt,433,527.764994451,0.20200000703334808,7.361674708946079
lt,3053,881.282458577,,0.0
lt,3742,1235.22255305,0.22340561379346693,1271.3842431161916
lt,3738,1195.32989682,0.25112665268519435,615.5964149923885
lt,1787,1161.46074851,0.20969336613630635,30.739692508473116
lt,1508,768.657272637,0.1970897984866517,246.73365819594437
lt,1559,1567.35900598,0.19461919248697176,158.43620749080884
lt,523,1100.78769839,0.23174776389855525,126.98010424445657
lt,3274,1278.54809903,,0.0
lt,500,493.481453156,0.21828812989191898,142.75702822816137
lt,2015,746.62423306,0.23540366162582593,581.3415525847789
lt,1952,478.802168431,0.19318313359747355,100.61555899825751
lt,402,540.92646916,,0.0
lt,3620,488.921809376,0.267562119489309,496.3690445843865
lt,3733,1392.71986529,0.22822083517441452,1196.787708447026
lt,3353,1210.49768056,0.21591471393681105,47.0079086004519
lt,926,640.434132087,,0.0
lt,124,487.144364569,0.19771665334701538,7.8881988525390625
lt,1476,604.43778015,0.234170689123778,482.422805367264
lt,2954,585.933555409,,0.0
lt,3821,718.194951536,0.1986928351350829,122.91265976849725
lt,3212,1384.39116971,,0.0
lt,2448,669.130035698,0.23958303533720954,673.892524719238
lt,1945,650.927242779,0.21936611504274972,205.96201034246707
lt,2676,442.240314944,0.2032547891139984,2.8884511311848957
lt,1896,745.531691191,,0.0
lt,866,512.961359288,,0.0
lt,2177,1068.73177985,0.22669293297165855,98.23281214096967
lt,3221,1456.80636696,,0.0
lt,1869,915.937971867,0.2470768623756201,415.3627790563246
lt,112,492.231998552,,0.0
lt,2504,445.587894427,0.24779071936420363,147.32264547909008
lt,2405,552.032380177,0.20491862334479402,522.8895932066674
lt,1120,575.909358554,0.21896481523307773,419.72534030091526
lt,3912,950.764818785,0.19448580939580898,26.52707130581725
lt,4052,617.223620777,0.24561977935648857,223.77657811781938
lt,1397,546.966770554,0.26102312267478045,288.5154539220473
lt,2549,1820.49982113,0.23583331265546417,639.6821619669596
lt,10,509.145588693,0.20411600172519684,7.36300084731158
lt,3295,1845.91503662,,0.0
lt,3418,1389.4922181,,0.0
lt,1626,1309.35537272,0.20230617415875995,323.9634911032285
lt,282,522.665005706,0.18099678174043313,10.25423521154067
lt,3693,1380.55497805,0.212227175147664,556.2547317804075
lt,2986,749.38095136,,0.0
lt,4122,900.901507661,0.2541714051616526,196.73476789885876
lt,807,653.79293857,0.29492268854065945,124.8575943591548
lt,128,503.437615962,,0.0
lt,3094,516.506271018,,0.0
lt,1733,1006.0230984,0.20073456939273665,108.25136820475261
lt,2731,422.36924387,,0.0
lt,4184,1125.05222878,0.23417598009109497,33.09790164723116
lt,25,624.037607553,,0.0
lt,8,500.490494306,,0.0
lt,573,480.726594976,,0.0
lt,3238,558.663323432,,0.0
lt,980,2071.29174828,0.27979000473848253,147.97910338757086
lt,2970,573.266201702,,0.0
lt,4166,919.118100744,0.21140853929470463,190.96554122625614
