stream,Input_FID,Shape_Area_30,NDVI_veg23_30,Veg_area_veg23_30
lt,2898,417.673696884,0.2863823858517889,221.60845444623163
lt,2991,694.118425873,0.2972049991538906,83.76578695259843
lt,3627,771.079051827,0.3102081971811431,758.2017244825176
lt,90,933.418564604,0.32379734176757924,73.88672524246515
lt,1978,487.485154405,0.39669177164519887,479.9600751390644
lt,1069,676.169556843,0.24591110138890315,222.87469721775432
lt,1074,728.066147092,0.22747762506395883,151.91106250239352
lt,1369,803.925517127,0.19981631390311586,414.91095682779945
lt,1062,751.708687943,0.19447167466898432,80.16179417628868
lt,3375,500.468142241,0.24862318393740504,354.27317768171724
lt,331,888.945359672,0.2785852251972555,107.0114611457376
lt,3438,596.681377903,0.3171450008333767,407.3419538909313
lt,3791,658.353579695,0.3350366374389757,656.0550996069813
lt,3101,1447.25709579,,0.0
lt,3845,494.022397885,0.3587213928272964,57.25516985724955
lt,3848,692.642326634,0.3215508976228878,353.5112570369945
lt,616,709.897345306,0.2012830653360912,14.721702186734069
lt,2853,672.813824853,0.21409679909471335,68.79178032968558
lt,2913,918.684467591,0.32121456734161247,286.98506969377104
lt,2070,691.187459908,0.4130635634343722,70.13601262709673
lt,3909,488.433459083,0.2659244016013698,97.44126799340341
lt,1155,230.259753272,0.2330983309026814,151.64246132046569
lt,655,420.262132733,0.21005489300675112,221.08181376737707
lt,506,880.951055952,0.20043370127677917,28.91937405455346
lt,2678,281.398103236,0.3089862615458468,265.99942175173294
lt,1336,740.287332309,0.24549491406053647,138.22148317823223
lt,571,367.941244362,0.2557843462748675,59.678905412262566
lt,2806,608.933325617,0.21832670871939125,121.83446670233035
lt,676,579.094955796,0.2603960870891004,106.99155596564798
lt,3473,928.027462826,0.2980589357490876,134.20610590916053
lt,107,738.504619046,0.2435301476835705,250.8481295417337
lt,3559,1117.50606064,0.32530064773422646,1074.6616815305222
lt,3179,2924.8832912,0.2518172446892991,995.0146051743452
lt,125,686.93185222,0.2886455708907711,189.31627251120173
lt,648,647.578789567,0.231108558374062,223.7126408296473
lt,2332,296.550439803,0.43160526059085147,299.93276860854206
lt,4109,643.175562598,0.318568404458176,627.2318891637467
lt,1277,695.709783991,0.26542121171951294,21.812442196116727
lt,3939,605.098464446,0.31339456567287854,615.1178060793409
lt,2841,761.972990123,0.2668072857849284,251.5381778193455
lt,3572,1719.21695757,0.25871664698363517,1071.4881381165746
lt,181,499.518139657,0.25463301916342557,236.387630148495
lt,636,991.37199651,0.20344974100589752,53.10266125248928
lt,3499,1575.0762179,0.28337409198153324,598.280793911803
lt,1359,839.232562859,0.20282556479200356,266.7127164952895
lt,3008,1926.9861733,0.2173755588771412,83.5055123721852
lt,1811,800.882102592,0.3099756120535879,548.3109761855181
lt,2976,993.95484151,0.18707865511641072,480.2667912202723
lt,2399,542.665280443,0.37666805732156594,200.6479123882219
lt,2259,702.344025035,0.32177763818511035,727.5318219353171
lt,57,457.60107691,0.37236445306593347,454.3841292736577
lt,3137,4062.35225618,0.25192264783832535,2156.0244638480394
lt,2283,585.355834266,0.40737190497311904,312.81251525878906
lt,998,640.208477674,0.2209264151032827,68.07542889164944
lt,4035,1470.94704824,0.2547364758650462,886.4320587158202
lt,2939,1830.79094914,0.2214838950888403,191.94057506486482
lt,4125,822.004219428,0.25769486678834247,558.9501230576459
lt,2732,542.192738224,0.24884898863532995,68.53407978731043
lt,795,1315.35224755,,0.0
lt,1933,764.35844461,0.3715673592176832,457.64184229233683
lt,3109,1588.5467025,,0.0
lt,3965,1041.85502294,0.2563615988688304,1014.6161824245079
lt,2816,916.88888591,0.21827904880046844,67.21843596813726
lt,3271,1859.92121097,,0.0
lt,525,640.541929524,0.28577927666974356,109.10281865737018
lt,254,545.237106023,0.31529011543907093,175.64142273547603
lt,1378,889.735771665,0.18305163433406557,51.76502805223652
lt,2508,772.044740963,0.3285863924438741,455.621608210545
lt,339,685.374827352,0.2947096443476249,360.4754315544577
lt,2143,1936.93026282,0.24468299702120921,1384.255859375
lt,3442,1151.64279797,0.2732184937434831,213.25808234121286
lt,564,736.595065933,0.19171597063541412,6.572585012398514
lt,2284,599.50037708,0.4454928025937129,386.87871910544
lt,466,714.457956291,0.21873558836408188,159.32560137580424
lt,3078,1829.42020492,,0.0
lt,2055,1547.91739754,0.3337465003916307,524.5846305099187
lt,1468,857.743318572,0.22696945956775122,275.89847564697266
lt,1806,1010.39452706,0.30025531472424977,550.6772424436083
lt,2094,1013.30138437,0.27781416171598744,929.0768193263631
lt,376,574.468825092,0.22671158306235284,239.79230499267578
lt,3901,612.077006037,0.2622079459286254,604.0786789538813
lt,634,996.196668975,,0.0
lt,123,769.113359816,0.3792192499097597,184.58336127786075
lt,2955,655.257852475,,0.0
lt,851,683.442457896,,0.0
lt,919,825.70657009,0.20666740932842578,107.767931321088
lt,3468,1607.31981909,0.3121295276907652,868.7886084463083
lt,159,501.440071046,0.2920880924245628,126.7395191865809
lt,791,687.628570683,0.2483667198619152,58.09048360188802
lt,1379,870.804315767,0.1852067805507113,116.40593749401614
lt,2534,440.072275181,0.43128893838650517,308.81789846981275
lt,160,326.931224513,0.26826325270565926,314.74478571274705
lt,1915,916.734906406,0.29779672622680664,45.449803580489814
lt,707,869.520014452,0.24106988310813904,18.663675166111368
lt,2611,377.176498381,0.29035886826244656,222.1480182423311
lt,2524,1059.5990377,0.37222822645624865,540.9605840047201
lt,1825,778.616114365,0.3281487468505512,589.292685654584
lt,410,736.637462208,0.2719604201614857,126.20134824865005
lt,603,760.330237197,0.22246640377311497,72.82102505553003
lt,1730,908.662964816,0.2939757064891898,151.07921435786227
lt,3536,620.557725177,0.3863660450762874,616.388607937682
lt,3836,702.673141382,0.3000300999603531,637.9441850849225
lt,2946,1442.61177769,0.22198055866115457,331.89538936240996
lt,3849,535.258493295,0.2954014924544733,432.82798704259534
lt,1602,1753.09001834,0.2990649418622512,458.4978362438726
lt,295,542.813915582,0.22706902027130127,61.5253116383272
lt,792,757.246083804,0.23302396174964557,85.95290500416475
lt,119,483.312854359,0.22764944528125605,242.69423499013863
lt,903,615.981602453,0.260424589584356,92.26112877340879
lt,1649,1006.15831545,0.3651142098520542,586.1894936655082
lt,1270,374.291532145,0.28378165618772005,356.3593702428481
lt,3214,3159.11887848,,0.0
lt,2544,1234.62422717,0.2826671832183502,284.3919676836799
lt,1094,2166.15838905,0.23303982788923555,49.67279070685892
lt,2833,695.232358835,0.27931359484969576,220.03277435302732
lt,3805,1627.31252135,0.2897750425021658,1634.0907400393016
lt,3554,694.731977641,0.34402676446333225,682.2996606265799
lt,904,595.566202684,0.271269929215126,294.91966956643495
lt,327,333.808577973,0.23420292744197632,284.2254198859719
lt,288,2909.80223647,0.3537847035964632,69.14964539770986
lt,3720,1506.10862749,0.2886111009202978,553.3635686238608
lt,455,726.801502551,0.28419960235471775,46.53587682387408
lt,1711,1239.74045361,0.2802367090401442,604.305846270393
lt,900,835.527827307,0.23090070486068726,1.3142620909447764
lt,2468,613.991811116,0.34845027033251286,251.32517538631663
lt,257,644.870086799,0.28157545082637525,192.46847255931183
lt,4129,633.190537178,0.20934264489708562,177.56218073227825
lt,4026,805.389093156,0.23537192599803008,719.1264514698702
lt,1004,1215.81700973,,0.0
lt,18,672.335822131,0.32291017390216853,508.0420280007756
lt,1068,721.277104235,0.22615044442049806,176.61799935733572
lt,3307,523.266483665,0.1947793960571289,39.129623024136414
lt,2197,684.373318397,0.34872402485583637,221.68370498956418
lt,2794,551.896034739,0.2789318940931708,282.79311873492077
lt,3731,1503.72685091,0.25568750319876515,1495.6613983154296
lt,1634,949.748777568,0.29846731289332273,259.8574272604549
lt,2437,587.016443977,0.4461233194209327,158.88572094487208
lt,279,614.810959086,0.233241250657517,84.66321743235869
lt,2323,682.988551837,0.30067809605466467,664.2207296334061
lt,764,907.207423591,0.22051943838596344,38.902959367340685
lt,3052,1002.04464681,0.19519238602772035,109.50627935072956
lt,3890,749.261024692,0.2771030975278147,290.2198874080883
lt,2330,501.346458945,0.36625315910774653,373.7352136050954
lt,40,805.790519745,0.40099921511180364,193.79798470291436
lt,2163,748.955074071,0.29562517364932034,511.66223650165625
lt,2588,581.564811026,0.35407698430470974,195.62552912095015
lt,489,471.051408027,0.20960824191570282,63.886406034581796
lt,304,483.600419635,0.25228316332660833,139.6152509801528
lt,1339,774.517415934,0.30108132556848516,198.9222728355258
lt,2715,961.040607205,0.2698164048493867,81.66234842936198
lt,1130,832.579692363,0.25401913486355404,447.0547844381893
lt,1544,756.90618888,0.2702201469685214,347.61753136129937
lt,3775,398.442790587,0.3517773739111268,399.1990375892788
lt,3751,1379.72693458,0.30428139390011577,777.1278550989487
lt,1961,816.635699249,0.40354436179675635,464.98450356277766
lt,2279,390.270025255,0.49296059104234247,395.5448839374617
lt,1318,750.048266525,0.20472580194473267,63.85701195211971
lt,3322,1017.42124554,0.23392551111710538,242.651505503935
lt,1181,1205.66756185,0.25254370972020596,706.1687505086262
lt,1619,2030.91828783,0.3600337127718145,165.26560181262448
lt,3556,1077.70209425,0.29109858936894023,1084.6462714700135
lt,924,786.791057889,,0.0
lt,3659,1296.93655169,0.27201342652183974,681.514885786468
lt,3642,1395.05707373,0.2687613808117397,1384.831548204609
lt,3714,1222.70522798,0.33919346045959137,499.7914544199028
lt,3124,677.078293992,,0.0
lt,2010,636.238934068,0.38100614535795674,242.73017344755286
lt,3092,4236.71440495,,0.0
lt,229,1079.90231227,0.28101522151020264,326.04519533643537
lt,63,487.452416478,0.2787878047175334,411.7826756196863
lt,3509,1004.29945128,0.23701562091583922,409.4476456885244
lt,2874,192.159150146,0.3022151466483816,118.41870171042049
lt,724,708.282650584,,0.0
lt,2193,433.100582025,0.39309035774951423,384.5309193330653
lt,1630,658.004509563,0.34617017867479155,422.4955139160157
lt,3607,949.309980396,0.3377069762555118,885.3210307102579
lt,2742,575.383924487,0.21639034725152528,3.4135761036592367
lt,1966,627.554547985,0.284134958257399,517.004577367446
lt,2056,1387.86879552,0.3494474768976822,787.0064591950061
lt,2438,887.155389161,0.34490015020519954,171.7538247501149
lt,1985,441.31120223,0.4476620367785015,447.6455442241594
lt,2372,703.064646379,0.3193340394265798,231.64076493207145
lt,3991,662.123147491,0.2975210327100971,573.8829460592832
lt,3464,840.726609165,0.36677192749056214,320.9358843335918
lt,2865,1228.29793409,0.24274727158686693,22.318131989123774
lt,3460,1349.8611938,0.3146837345271741,668.1340394562368
lt,3814,4318.72398323,0.29009509661504007,2342.4596650067497
lt,3674,666.597982893,0.25768582006223006,431.7590165381338
lt,373,707.108067401,0.3094684811120622,117.00393946030559
lt,658,568.119734157,0.17386876046657562,28.128105971392465
lt,696,813.655336066,0.25674086604561575,216.34432100782203
lt,2668,532.233374555,0.24200993989744496,203.50305041144875
lt,1803,819.588862699,0.31143117850445556,406.96566000545727
lt,549,572.581994194,0.20047723939600545,58.62755839029948
lt,77,801.413501537,0.2982063030255059,201.41751062729782
lt,1080,621.145256931,,0.0
lt,693,666.810989991,0.3286835009694859,206.3560843374215
lt,2030,1021.73504455,0.2924078657056275,291.8503776699889
lt,3248,1423.07208675,0.20480038504879755,291.51571071849145
lt,2999,1275.02828993,0.2079777219880245,623.1316463694852
lt,3356,1234.07070985,0.22389140933655818,243.9701718199487
lt,3548,2101.59888878,0.2491645022453089,1163.415853762159
lt,759,912.508372501,0.23556067770325498,250.50456689572803
lt,2190,683.413448641,0.2981805801234912,499.57267384248615
lt,1342,776.128471602,0.2620939147230742,136.1180337045707
lt,3443,698.683923648,0.27980918477404326,521.3258968577665
lt,165,396.341136189,0.24576939662928302,248.4815475463867
lt,675,446.301150602,0.26911717653274536,4.206057559742647
lt,3453,1535.68775017,0.2551075282382879,436.7627809711531
lt,3724,1119.19751932,0.25779495296513505,799.7131724338905
lt,2037,1061.37283549,0.3018518104165314,441.58148618211925
lt,9,699.771873337,0.3383919226670362,193.80389126048365
lt,1609,1390.30080283,0.2642206811318035,1246.2051642922795
lt,450,760.238100695,,0.0
lt,3603,1748.52079637,0.2738182270431165,1700.7713924632355
lt,3223,2327.00109316,,0.0
lt,232,672.302316237,0.23190786396476482,102.28316626455269
lt,3894,775.930697742,0.2616600069643907,612.4805278404086
lt,2995,765.834821479,0.24655211288174075,508.37425707648777
lt,475,801.357910492,,0.0
lt,836,867.184820922,,0.0
lt,4103,1310.79655308,0.270248493645492,805.5702928730085
lt,379,693.429745648,0.28107525670266414,47.853178585276886
lt,258,720.595560868,0.3063630506965956,130.6786203421798
lt,501,806.432181765,0.3063914306531443,56.26141791250191
lt,2362,874.555021253,0.26327097039002345,690.4607380885705
lt,996,1055.16815932,0.20174763896608047,162.43556150548596
lt,3298,818.625789998,0.2288123518228531,54.624463369332105
lt,2401,1418.94412017,0.26047059498808306,193.2944282382142
lt,1301,588.105389943,0.29724240509831185,579.4595506555894
lt,1760,1159.22725222,0.27520936462354506,636.35162933948
lt,457,715.319840667,0.27968381964339095,125.93623136632581
lt,344,542.012392432,0.17969874308961312,83.87453595329734
lt,3365,955.693644839,0.26261544168585593,344.8158901139802
lt,421,507.21138911,0.21659442683060964,141.9756945441751
lt,2371,1327.85101832,0.318654312400317,582.515077867695
lt,3121,1010.95623853,,0.0
lt,2263,631.573092116,0.25300705709636473,636.3974836760875
lt,677,836.225486449,0.2464930676640226,109.35732466753791
lt,3055,2519.81034361,0.2033472924608074,38.34026249904259
lt,412,583.429711154,0.2973984036022146,236.100797885072
lt,641,1845.01958203,0.2542581806580226,36.27793004653033
lt,3816,573.760565559,0.3445124779183402,555.9993431240904
lt,1695,1102.92730555,0.33923370635154054,572.7727813720703
lt,1450,783.174989437,0.1938897489048013,501.0858220418294
lt,2639,787.313755737,0.3558032387687314,179.08143068201403
lt,805,571.999231548,,0.0
lt,2307,726.004054511,0.42496037167615824,708.0858055264341
lt,2537,702.832629371,0.36518714487733817,431.9763665591969
lt,922,660.946294761,0.17763353688152214,19.97646286908318
lt,3190,2318.81001275,0.25683895624358916,273.6407078462489
lt,1713,921.852780634,0.376711946709079,186.81015912224265
lt,2453,1288.92896277,0.30189206517095374,940.9766534543505
lt,1968,692.614422769,0.32692709361070843,159.19985997817093
lt,3340,2843.73907861,0.24182254376421888,359.51410998176124
lt,2944,1222.28334107,0.19994466090074148,122.09646067899817
lt,2036,1892.22022745,0.29940875274900275,824.3177929148954
lt,3643,913.543634384,0.26969118690733046,865.610439973719
lt,299,614.211435944,0.35599195066240286,150.39560878978057
lt,109,700.686918199,0.24925339133499963,287.9226891611136
lt,2185,692.511406208,0.28753539734679784,627.7456542370365
lt,2555,2309.90195222,0.30518637772315255,1372.562939812155
lt,568,445.081275698,0.19871475439490255,34.44016864253025
lt,4043,838.257282605,0.33471439982109635,829.7020126641967
lt,3451,2275.36438933,0.3173742297752079,989.6115501254212
lt,2348,763.12791005,0.3054851218511921,250.8168094111424
lt,1909,995.362646965,0.3401120940015479,484.9742585425284
lt,2635,806.067290818,0.23303254303478058,38.599876314051016
lt,85,665.879783918,0.3505076732715415,188.26792602539064
lt,3175,1132.8720939,0.280336997483878,766.286219368729
lt,1453,688.422462928,0.3010919067829643,229.65359877044077
lt,3639,1728.75953036,0.26937245208768323,1707.86626033409
lt,3632,1493.16106345,0.3033491010487091,1377.992573816636
lt,1349,928.022609934,0.19479912326267906,304.029730015175
lt,195,567.256181207,0.2537537186942989,337.35530183081534
lt,3793,982.679312256,0.26973317590836227,917.3701355279661
lt,1826,841.717862276,0.3424348478867458,426.9278196447036
lt,173,696.264948811,0.3035909742380665,148.56403485466453
lt,2061,775.254369364,0.24909322898299951,398.75723473044
lt,3439,1037.40458029,0.27243648503364104,715.4089911068188
lt,3083,906.45561383,,0.0
lt,1086,768.316972165,0.2607182204168698,367.1621912039962
lt,1483,804.154940861,0.22474362141525694,171.05475203570197
lt,309,660.016611168,0.23556540013591118,127.25690639720244
lt,1530,1597.13208223,0.22274036014697793,750.4298655790441
lt,2690,637.320259862,0.2435178232564955,172.51944176169002
lt,1206,756.68165955,0.27769185857284645,364.51772520775893
lt,2210,1140.90101477,0.28236077968306045,747.5141106100644
lt,1321,793.480519427,0.2194039406943558,211.80455789005055
lt,2159,961.732137033,0.30641958445599604,460.446027838015
lt,2196,570.403255787,0.30836608066650134,178.345119192086
lt,2086,695.163018462,0.38321980668131633,141.58186127905753
lt,306,488.150415976,0.25528855351793683,39.17629690731273
lt,712,594.256236856,0.229093332811368,262.0803599039713
lt,197,575.648689624,0.24174403899000502,127.79053987989238
lt,3478,873.378591154,0.27796058250510175,453.0475658641141
lt,2394,694.59546372,0.31861231133713597,684.1483233881931
lt,2255,701.74737578,0.40813960345542954,193.307160022212
lt,3397,1710.76114214,0.22062552975642793,392.3581146539426
lt,551,648.171439504,0.20040664325742163,111.73432668050131
lt,2106,2275.25913101,0.28557316886668044,801.9474766450769
lt,625,650.87772572,0.2055955329010276,77.28856757668888
lt,210,667.692876267,0.26699668982968394,184.84550553864122
lt,1061,786.247525434,,0.0
lt,2980,872.277745462,,0.0
lt,2656,1018.4086403,0.2525773048400879,15.23004108503753
lt,1808,937.359661674,0.31182652412831374,463.4514269361309
lt,4045,930.625848094,0.2918472903456477,950.7820212569891
lt,1299,1740.15324678,0.27872448865897387,382.6284037571328
lt,2727,696.436520615,0.323369770406103,159.12449574190026
lt,4115,1607.25048557,0.25991566956188894,859.9486658732097
lt,3745,650.568029379,0.2862791229173482,591.1793886371687
lt,1628,698.655215719,0.3182210427186404,679.9844249650544
lt,3019,1242.11098031,0.24582842574418962,340.85440057492724
lt,2912,638.359054846,0.3150777178882083,298.2758662205116
lt,3169,1571.26693731,0.3118896310340103,1144.7027004765532
lt,3141,542.472157403,0.32835354382817916,525.7414475684072
lt,1485,1312.05705389,0.2177174558720915,261.7055254767923
lt,3015,2447.02416725,0.2234670991698901,3.151188210880055
lt,1210,918.15600094,0.30261020173202274,269.11709579766966
lt,2358,741.722013937,0.35163431731509226,160.73086060168694
lt,1128,686.506312134,0.2940716252147734,150.3323596131568
lt,3297,863.535394761,0.24255946133194903,53.83668664670458
lt,944,1128.346977,0.18661774461772168,38.63851838953355
lt,3368,1353.01026011,0.2429557276952513,241.3452724980373
lt,2047,377.659744334,0.3493029835751085,373.80484514423443
lt,2267,734.587982696,0.2996953036972617,741.45162413354
lt,3481,885.974239095,0.3592949981657449,508.7291634054747
lt,3540,1392.17737157,0.39659945565588406,1388.248498206045
lt,4000,892.110372902,0.3010867182534809,913.7535345040114
lt,889,996.779182735,,0.0
lt,1309,806.560523914,,0.0
lt,790,931.464133949,,0.0
lt,2761,628.954448565,0.21554880679915192,99.25477779612822
lt,414,904.241586369,0.2507701814174652,14.98631753360524
lt,3317,2230.85417885,0.23005480383854565,305.9410649617513
lt,3908,749.107557951,,0.0
lt,3489,1270.83362186,0.3516035903022834,497.1758815989775
lt,2246,586.624181744,0.3401513125681313,177.55001801135492
lt,1605,1189.72732301,0.32439813339855367,776.9461206174362
lt,17,690.757246175,0.27890805244732825,327.6516294591567
lt,2680,331.154518382,0.26030669059358835,187.22327031154256
lt,3412,1742.51828292,0.2688937725794525,134.20169525146483
lt,2677,221.318245592,0.3012237999233462,220.57245276955996
lt,510,852.805208781,0.18469132788670364,61.51960305606618
lt,2773,424.183992907,0.2691551481301968,177.50362725351368
lt,3617,1992.94800777,0.32393035362573525,1236.4643527161838
lt,368,776.262603553,0.22834327865031456,73.3578545065487
lt,1143,693.480128916,0.28927628992654597,117.47889314539292
lt,1443,679.716744556,0.21839817252199525,155.0310236612956
lt,2921,385.395318494,0.23274387205217745,49.36294268439798
lt,1965,633.125613245,0.38559345964207714,545.1128273758234
lt,3861,622.311653466,0.31045523724428387,157.05831711713006
lt,2752,921.205609578,,0.0
lt,2643,970.652568398,0.34602984580644913,186.69591046501608
lt,1762,1356.26284352,0.2847234472059287,519.1711081710515
lt,3409,1111.64463542,0.27993433796980766,190.14038893755745
lt,3027,2036.39614343,0.20755885541439056,2.3634284524356617
lt,3595,775.683078475,0.3144375446913152,758.9907662485159
lt,694,601.094143588,0.2975017757368873,287.3209405038871
lt,3090,1568.24032655,,0.0
lt,3265,841.272650868,0.23424339592456814,217.98027666877297
lt,2938,731.836093536,0.21721929801736378,194.04060279995787
lt,2713,564.882524737,0.2845701112202943,202.44954558727787
lt,1010,620.267214959,0.23755714831811472,227.87959217744717
lt,3183,1178.19440015,0.295281628614955,580.8906591078814
lt,2271,273.15324731,0.4558889966157941,277.091817369648
lt,3629,870.202083636,0.33030848735391044,757.152340668323
lt,1449,679.382812794,0.21456239809874103,389.4132090849035
lt,1495,1808.39233233,0.24627938895833257,13.400776672363282
lt,2144,1862.19872747,0.255009661699894,1561.0255799237423
lt,1000,464.000496243,0.2263556052640681,143.5098509844612
lt,3188,1313.69049533,0.28363886319096754,477.6886076983284
lt,3020,1441.50167739,0.30019321858377784,619.7363686655082
lt,2407,499.264815424,0.4125749963625778,512.6451905194451
lt,1276,401.273955633,,0.0
lt,1188,300.789862745,0.3371812289024329,141.6550532920688
lt,2897,438.737195943,0.28186981510156867,342.6526722627528
lt,3127,2536.84597304,,0.0
lt,2222,721.55190491,0.28868778583272514,562.8588996438418
lt,53,505.593298863,0.27750380697896154,346.574498943254
lt,3889,730.982432163,0.3044195523041423,73.80252296597351
lt,1002,276.707948666,,0.0
lt,3520,1978.7615678,0.2612816315625259,343.7877118877337
lt,239,772.319971793,0.21028769371706413,143.30087669222962
lt,1182,582.831574025,0.30969530652633187,583.7007336485619
lt,3923,580.754941803,0.24290497270725683,523.7104827581667
lt,3030,1630.10846031,0.1998903381697164,651.5179066377527
lt,1162,577.792172999,0.30222175071231117,225.22833569096585
lt,1852,443.957720392,0.41742280273914917,438.22210567698767
lt,2815,320.422542617,0.2847980180581411,98.46450581270105
lt,1474,727.148091078,0.24007148605900996,451.1554784138998
lt,1552,795.491406111,0.2428014774200067,455.33867794859646
lt,1033,729.53728548,0.2960468530654907,11.039061422909008
lt,2545,873.24466123,0.34731987004276355,335.0726002412684
lt,3773,572.152742984,0.4087176445448611,575.9486004100127
lt,2463,1055.78167157,0.39550837712164927,458.26890602859805
lt,1491,1911.76677003,0.23601721496519473,360.505226613961
lt,2473,276.786636892,0.40896256983393287,276.79814168892653
lt,1388,661.96472903,0.18441486358642578,9.722332464479933
lt,4005,736.956747732,0.25252058308066455,743.8210054285386
lt,3969,689.571704506,0.2881373464669493,699.4296290079752
lt,3,770.242471096,0.34651229065782857,534.0813726088579
lt,3200,716.619093462,0.28119152840250183,630.0047805786132
lt,155,1028.26463022,,0.0
lt,1368,751.717736379,0.20850088793328006,184.4634332395067
lt,3922,1259.15057375,0.2536686753877536,627.7208150227865
lt,3009,1259.84201882,0.20775416625301935,397.5706124698415
lt,3818,526.723425368,0.33356979930508907,521.5913973639994
lt,808,754.827364753,0.2065577661352498,191.3607869166954
lt,1675,813.803983594,0.28347692433426125,583.8177325678806
lt,3841,727.028366046,0.30263625648220777,264.21327173569625
lt,600,834.749126198,0.18902438879013062,59.41382218903186
lt,3718,981.082203238,0.31519616592361654,486.39524081361066
lt,1099,1297.01037872,0.30200356264144945,81.99896338967716
lt,4107,696.07976051,0.2780443377699213,647.9804913090724
lt,3989,713.188064534,0.27616532631687196,709.6687293856751
lt,198,469.553549236,0.309453409910202,13.147132723939185
lt,1975,2391.17904343,0.4090668893557914,197.5543398090437
lt,987,406.334773781,0.20153976374073715,162.43583939496207
lt,2733,657.468925564,0.22493441375819123,101.09449409036075
lt,578,750.650695678,,0.0
lt,2651,566.308882835,0.3254342282607675,115.01237721162684
lt,1643,1219.8201727,0.33440427904343767,1219.404814566818
lt,3062,798.273641268,0.2109344955998114,189.59824161903532
lt,1721,1637.95608609,0.26032214082912625,840.2564177868413
lt,1738,845.730656038,0.2323644418156065,267.7367223103841
lt,167,479.381909721,0.20995135820574232,165.65462808048025
lt,2236,643.640853925,0.33600855366329024,452.8083809048522
lt,497,501.439349988,0.21353334245178526,227.93831269507314
lt,4067,1165.11045159,0.30324951633514163,922.9551564235314
lt,1981,745.194573202,0.3856618577492725,237.22056678323185
lt,2658,439.425163395,0.26034041520222617,134.96948505476408
lt,1404,686.210291491,0.18509197232723237,164.22849827186735
lt,1269,334.171077225,0.2959801908727482,236.25918202119718
lt,2849,700.359095154,0.2786989138504838,220.8164659986309
lt,1829,717.851026581,0.3474409675147354,312.6409093819412
lt,1026,721.362268395,0.19853329888772311,267.039225320255
lt,1001,486.447405773,0.2547925517852303,361.1394320319681
lt,4189,1238.47048216,0.2586605560182596,674.0446560728783
lt,3532,1371.50710722,0.28946745366829235,773.7080856323242
lt,3921,1034.89755746,0.26784062756025806,521.8749290316713
lt,218,661.01265328,0.23376076917459324,215.60923153746361
lt,314,724.635508225,0.22683990879418095,57.58116239659927
lt,360,641.886373213,0.2632513468903778,118.84551783543007
lt,956,643.576967317,0.2671103984722352,284.92720839556523
lt,45,457.788944695,0.25587918791367764,251.91276295979821
lt,1772,1240.77414217,0.30737109756663755,516.5387297387217
lt,429,727.670029738,0.23135392367839813,8.413371246936274
lt,2150,1200.8423826,0.30793052661301057,371.9330137664197
lt,2235,600.213531271,0.324192640052728,501.6617421468099
lt,3165,1497.51742525,0.2960084104931074,760.5158095415901
lt,1444,683.216187927,0.2022409382909115,278.7927000457165
lt,1498,1149.85944889,0.22254114836601202,266.7028246112898
lt,3704,1121.40029095,0.3068066939805158,752.7057648901847
lt,1148,726.407056214,0.3262129274790719,391.5934158624387
lt,615,663.797050146,0.19167149112008178,165.093449790805
lt,3329,3577.35901621,0.20844501634739868,1299.897335875268
lt,2121,733.378267944,0.3075411241955874,269.2409328385895
lt,3011,1546.66794748,0.2078663592167029,253.66899315329155
lt,3506,679.239233388,0.25638715781365773,82.99273418351716
lt,1751,1229.08993601,0.29292210888119535,493.1629419663373
lt,3767,711.334239187,0.37255025225904803,463.27903415455523
lt,3898,948.897960934,0.2505957976352317,944.7192570405849
lt,1749,1000.62796567,0.2871947259582274,673.9277590583353
lt,4008,911.069049964,0.23110125005147333,799.7611590516335
lt,3415,1541.96377521,0.24059168807447773,479.29221523509307
lt,3978,714.093458364,0.28980180503150316,723.0654325298235
lt,1272,2876.28660172,0.26914275383107283,1577.585708498487
lt,857,1038.91288908,,0.0
lt,1154,266.121818741,0.22097512363326302,88.56772915709251
lt,2412,722.619710767,0.3606238907829683,227.9583385691923
lt,2367,961.565097534,0.2551318860008112,443.3220189113243
lt,4047,927.695279246,0.28402681660945295,929.2461085600014
lt,2548,1142.62841234,0.4199757851578734,600.0303285785749
lt,946,1362.90152709,0.19550631940364838,12.353851318359375
lt,1701,1176.01333889,0.3020732808311948,937.194064061782
lt,2254,660.447844595,0.3554823515101224,191.46849263509117
lt,1516,1155.74485091,0.18695804517272224,202.8513188380821
lt,914,1940.05492766,0.1942989230688129,147.19649203431374
lt,1823,846.90053544,0.3699764432512255,830.4772892671473
lt,3123,1538.99922799,,0.0
lt,1659,1311.81555417,0.23255192463753355,333.1644441492418
lt,4126,1762.34721361,0.2541670026639683,781.1634900859758
lt,349,952.990386222,0.22755157622544628,177.21429892147287
lt,3665,831.414699572,0.29210891110239834,649.736773113176
lt,3750,1777.90739567,0.25286433821448656,1328.1340675503602
lt,2300,530.228279745,0.4366492094331911,527.1278413660386
lt,1254,714.222492517,0.246611457456242,361.35416277717144
lt,3596,997.707108481,0.32360041552445723,619.0119488286037
lt,3996,1768.35538782,0.29007446221722216,1750.529875841328
lt,713,618.35790791,0.20675420650003246,179.8021058026482
lt,1971,731.361264701,0.3850375143877158,148.16622484992533
lt,2614,849.141924939,0.22932578623294833,42.27649335674211
lt,238,713.685950666,0.24388056026322408,194.0478576660156
lt,2712,695.522858133,0.2516082290843216,224.5065689086914
lt,1293,526.491412871,0.282501674924442,526.3799535713945
lt,2266,604.290977072,0.29057783545713817,559.7024712656058
lt,1943,748.384941148,0.3803195481061212,432.15410628973274
lt,76,859.595735542,0.29622535970858754,227.44962310791016
lt,1581,959.041768873,0.3023518488089095,704.1782606237076
lt,930,928.32218873,0.20042927231389276,262.05804308723
lt,3427,1527.29518623,0.2500836768138951,467.74336948768763
lt,2622,971.174482322,0.2863016194579276,231.0738116993624
lt,4072,725.25394041,0.3040869728806845,214.58501769421147
lt,250,766.359076802,0.2707848379684386,56.26872860777612
lt,1439,689.76546591,0.26622727411103164,363.9307922662473
lt,622,666.676651166,0.20712510222204733,192.170074522729
lt,3518,2204.83316502,0.2826502709702211,997.7539324592141
lt,3346,1716.41586209,0.23593352713689247,678.0685325772155
lt,152,521.110497537,0.34411255000790003,229.02448236802044
lt,157,602.506785626,0.32464875043302344,72.57292004753562
lt,3258,859.695085982,0.24828925849032146,198.54556005141313
lt,3351,1593.27506841,0.23551769738037776,1514.7735432344323
lt,1947,736.797042639,0.39475471712760596,437.9305492924709
lt,1703,731.15928475,0.3368637348837566,257.74748391544114
lt,1816,608.574701834,0.3408687197127143,408.54148242426857
lt,686,654.3074572,0.2152635157108307,62.038706461588546
lt,1327,825.252872534,0.2503771637524328,203.65623982747397
lt,2175,593.706439961,0.34817296688535576,326.4806474872664
lt,4040,935.528252707,0.29733155661938243,803.6992345772538
lt,3835,635.214708786,0.2974766637558099,591.9810178569719
lt,3707,1327.18126558,0.2662191065396686,989.3420753927793
lt,2798,1095.91108044,0.2146432707386632,32.559373324525126
lt,2540,705.992530123,0.38017917403538315,290.1711021872128
lt,899,1800.31135699,,0.0
lt,2786,767.533652156,0.280561157737495,125.77408671659582
lt,1712,1165.00682935,0.3044763317441477,971.620572168687
lt,1773,725.675232083,0.3198067685871413,294.79017342960134
lt,3613,972.856329842,0.3079878856203979,165.98271762623506
lt,247,752.203154514,0.29422834515571594,35.496652490952435
lt,2900,833.152034479,0.2680290639400482,2.888267158059513
lt,3305,2606.12369102,,0.0
lt,1932,1107.72187569,0.3250191080478276,391.70279926973234
lt,3462,678.180716531,0.38744157558768294,388.16980387369784
lt,847,564.8051354,0.17374636232852936,1.3143003875134038
lt,203,606.465624044,0.32695275089501274,356.02242302988094
lt,87,558.431116271,0.2818676413276501,207.46224490894988
lt,1717,961.084201167,0.32851222865935575,465.3193678911995
lt,751,663.143238665,,0.0
lt,3233,2256.73429984,0.21780375639597574,200.90686798095703
lt,1063,719.690981796,0.21597744896025017,199.22175053615194
lt,2016,831.778856311,0.3699727067515222,644.9133615531174
lt,898,361.505053523,0.25541807996465804,197.6649071786918
lt,4106,768.496724641,0.2824895119373153,740.4349699730966
lt,2765,1178.81284115,0.2451578649896674,172.25118689443553
lt,3780,710.584711614,0.3484295761585236,308.5938777549594
lt,932,710.896448063,0.2107185207996048,93.83618523092831
lt,2452,675.752276659,0.3448884751158532,519.9916136498545
lt,842,758.120033892,0.2032999927754951,89.10941413430606
lt,3600,967.921438164,0.28059650646209405,785.524385729023
lt,683,738.681672391,0.22085884442696208,37.59144263174019
lt,1918,1045.78781903,0.28164488446891756,209.64634830250458
lt,1797,864.668915771,0.34734801988094316,508.6418232038909
lt,462,990.857040147,0.30254491881320356,24.976894603056067
lt,1083,691.824619904,0.2474285270713392,128.2574204089595
lt,1346,1321.34865103,0.18109226098624606,48.87605124080882
lt,3560,1123.67866344,0.3123263143573287,1067.045483817306
lt,1246,715.061961812,0.262751636274701,184.22582684685202
lt,199,395.847771163,0.30493200726413555,144.35549486945658
lt,2218,727.191810147,0.35944750987179425,304.9371581133674
lt,447,672.606433459,0.17169998586177826,1.3145666683421415
lt,479,351.860809879,,0.0
lt,1104,653.956862711,0.2496747381801038,393.4361196181353
lt,36,661.065157293,0.39407241973897505,122.01182855344288
lt,3656,1555.09935105,0.2545677299238035,830.9509627398323
lt,572,433.215611217,0.2566240349073104,90.17552663765701
lt,2391,981.06728806,0.3639304599308494,450.14511658911607
lt,3534,1387.27908626,0.278812404596104,1173.6873563579488
lt,3804,1998.37857939,0.24649665886733046,1553.4584694955868
lt,1784,1178.82682534,0.2725106305284397,950.3086014093137
lt,211,786.271534491,0.27833657369188886,137.25346984863282
lt,2762,539.780551369,0.21870921967012105,143.36782567641313
lt,80,718.961013087,0.25374442832904626,95.18646123549517
lt,809,801.696218602,,0.0
lt,3060,1515.829479,0.2299174192700196,277.30802199419804
lt,4017,758.205620513,0.23117319745491888,737.5128804225549
lt,1831,1092.34301827,0.36096396053027224,313.42844432756016
lt,649,611.552955036,0.21525297776335686,157.99181742948645
lt,259,820.390763307,0.3275341164401692,96.75989287133311
lt,3026,1421.75906807,0.20531945023553586,185.1351744707893
lt,3289,1343.70804362,0.21221624674137762,81.67526346842448
lt,2216,734.110344278,0.3346606272242367,354.05388381060425
lt,3348,921.655053898,0.24312485093306047,398.9112640680051
lt,96,543.125283126,0.29580579560643094,396.2551621979359
lt,185,601.406775351,0.32291901896372066,207.2004715863396
lt,1723,1049.63123756,0.2165476021266753,57.01575769162646
lt,2114,884.138717742,0.2413206990666062,172.05108394248813
lt,1040,780.135445237,0.25149403837682366,80.6899138506721
lt,1459,716.45205806,0.1714114546775818,4.992480319154029
lt,2734,303.801350396,0.24980962610728033,194.3116060144761
lt,1575,628.889194119,0.3656560991512379,538.1162890864354
lt,983,625.64208312,0.22399445064165363,244.17894191367958
lt,1050,859.946893347,,0.0
lt,260,719.361519395,0.3220997243763441,197.98949127197264
lt,3842,700.557820452,0.3139593800861107,246.61665739171647
lt,702,480.344754194,0.22283401670277056,255.77258635876225
lt,4135,776.065236787,0.2297496475188132,493.55140973259427
lt,4098,1373.23070514,0.2401465221373048,456.2321504480699
lt,468,818.573798806,0.2059246450662613,54.16005428538603
lt,105,710.4028104,0.2825304475424589,375.74644802317897
lt,3276,1530.11270403,0.22553663184677344,90.60603871065027
lt,1914,407.684124143,0.3872595378095825,276.11396442488126
lt,1052,724.246931989,,0.0
lt,869,702.07336698,0.2135600535498821,145.36038196040136
lt,42,636.258048824,0.31371836526671976,412.5765659107881
lt,4187,2353.28592089,0.24544341645721235,728.6836660946117
lt,1287,1839.45047932,0.2240162865705205,184.7463811238607
lt,2165,782.370831092,0.2932891014158146,702.3506434721105
lt,1389,705.655051129,0.17677381918197727,161.60116532269646
lt,3832,414.092755293,0.313888240141141,404.45784819359875
lt,770,767.941040411,,0.0
lt,785,768.084237159,,0.0
lt,2354,814.608120672,0.30436809531977915,128.16491881725835
lt,1047,747.53826712,,0.0
lt,788,982.563619265,,0.0
lt,3979,710.985415316,0.27447740706650586,710.9817731670306
lt,1118,266.569782178,0.33154543560799793,194.22379916321995
lt,3740,1856.46569059,0.24801275046888283,1364.3475108726357
lt,1757,774.493400376,0.2620767571431338,460.8447971717984
lt,2909,724.086895523,0.34721044477096386,232.3724921731388
lt,226,673.56486877,0.39495688014560276,68.62743189194623
lt,1860,1425.60582165,0.21193061164979424,441.3808203304515
lt,3457,1502.33904185,0.35944604812252795,1478.6168479769838
lt,1084,971.855218962,0.20215284584237517,182.6623805924958
lt,1776,1528.91666492,0.2874379110335124,1327.5977763157266
lt,2060,419.556459134,0.3180392906337569,365.39591016582415
lt,2180,842.856934704,0.28229675142552574,306.5166903327493
lt,2720,615.090350512,0.23820025705900347,128.1395861457376
lt,1214,579.619941702,0.29212161898612976,47.831500363817405
lt,1087,462.490117659,0.2682024492307497,418.67443533504706
lt,575,461.376105674,0.23452962548644452,177.45817924948298
lt,1904,1044.47571109,0.2990779936237797,516.2401809094
lt,2705,593.398299177,0.22191255202538163,138.11846448112937
lt,730,525.557299092,0.23245713144707283,235.26571897618908
lt,3934,1394.65130136,0.2578864153941547,1393.3236553715726
lt,902,802.95576429,0.2303270146250725,15.771145091337317
lt,2118,793.128980802,0.3132756797738202,318.35997544830917
lt,1794,690.583666014,0.3311823719916233,364.1429581586052
lt,3543,1926.17555588,0.25601892317956376,1422.9066839779125
lt,3125,936.643456602,,0.0
lt,2722,298.558130611,0.22559199147089082,60.1312240600586
lt,3310,1461.18938534,0.19337339273208745,179.10246504241343
lt,1147,903.825250822,0.27385117320219676,197.11121503044578
lt,3371,1379.65821981,0.20714476148584,299.1224217433555
lt,1204,1567.11437495,0.334573846134181,155.58352559407552
lt,3149,2304.07142198,0.29169210884165253,308.5616938273112
lt,3319,922.880509978,0.23618345292175513,446.43908646527467
lt,2052,869.770654612,0.2765842378139496,15.761257396024817
lt,130,663.948541605,0.2333576623895015,89.9251599480124
lt,2758,706.225187051,0.21877299920114546,50.1527120552811
lt,2707,705.420532973,0.22460568028490574,126.56471557617188
lt,1392,802.681216211,0.16886733642144386,133.74712913363587
lt,2583,400.100676398,0.3351170694688335,336.1109409706266
lt,3585,875.341556104,0.32294334460936724,874.8024709364948
lt,2033,1544.53273868,0.3061945244394866,483.8760534847484
lt,2600,618.146296769,0.22447277457206571,171.46891952215458
lt,4170,1298.45857716,0.271924294876366,209.87913824343215
lt,3525,1501.7480913,0.2715416303805069,994.5863885019342
lt,560,562.147573676,0.20847700819046833,108.0533218383789
lt,2398,550.490487023,0.36701087141048533,542.0640366498162
lt,4091,986.002987771,0.2621203815358358,676.3355670106178
lt,3176,916.722306216,0.2740405181206243,451.68589468563306
lt,3111,1598.34711988,,0.0
lt,2238,675.32332945,0.33567370450097417,274.4689619774912
lt,2541,803.482629275,0.4314396676338381,472.67585844152114
lt,2020,803.45409683,0.3119985550003743,797.2757971370924
lt,2414,2212.40068078,0.32431673643917874,38.08050626866957
lt,2800,647.686792654,0.2544665002073669,330.0568552353803
lt,3150,4074.80938778,0.2865446917800205,670.6959371828566
lt,359,736.58645399,0.2840055684360226,93.60389966777726
lt,3587,821.582912713,0.3457158733337936,827.0057224946862
lt,3211,949.53426184,0.22865914904389037,435.9390468223422
lt,2847,783.627295281,0.3182647662020168,171.1917594161688
lt,3049,966.897712575,0.20599546660018223,73.2669370763442
lt,4144,910.226617246,0.2643169435159839,216.17780827540977
lt,3216,765.115304666,0.24661633860220958,148.37799865124273
lt,3017,1611.54284236,0.2157985521097706,38.339485198376224
lt,1511,989.904108365,0.20885151507932573,184.45886652329386
lt,240,649.783144734,0.1912976301264489,45.75108056161918
lt,2951,1289.98949778,0.22430025681402926,199.81951003729128
lt,456,680.929439639,0.2725962501276156,121.99234870461856
lt,913,1517.16287921,0.20715327667579136,348.80321134679457
lt,1848,1072.1804425,0.33188452253739037,354.6737428552964
lt,2971,2758.3166155,0.22746196885047287,761.4899399701286
lt,1461,674.725176696,0.16824925848137795,104.57928194532208
lt,2415,725.357076612,0.35850373960778203,293.6135913624483
lt,756,428.2673306,0.2347921369057808,401.12450923545686
lt,2066,1238.2193803,0.3191064293919988,638.0576159308938
lt,769,858.792165005,0.22491349279880524,28.388500617532166
lt,812,828.975279555,,0.0
lt,715,442.778164494,0.2453961926808837,128.01730924120136
lt,799,692.82511552,,0.0
lt,1655,779.570508392,0.29865128878051284,559.9154251996209
lt,1846,724.494633226,0.3742581248044968,328.4021910125134
lt,2110,1437.56801877,0.31233444865810034,287.1018190570906
lt,3402,688.363923325,0.2505595224547604,316.98611156987215
lt,242,652.079194529,0.23856293987482785,231.38501778396903
lt,1786,1336.82598794,0.30337170125168067,702.8109998216817
lt,3797,647.443936015,0.34626627067360816,573.3245615342084
lt,939,767.847794133,0.20389314498274752,205.02047101189106
lt,989,1676.3099726,0.19179836896523025,366.9287432203106
lt,505,539.529168706,0.2261457877748632,215.84366487989237
lt,537,413.298632578,,0.0
lt,1039,715.198624885,0.22165016517612698,213.15812225341796
lt,1930,1016.54726077,0.30447583101786574,708.0050932940316
lt,2933,994.697132541,0.216227592118197,86.91058448342716
lt,3777,677.913455982,0.403993361201256,412.33227676690797
lt,1951,754.272310207,0.39210866691826063,109.54765077478744
lt,217,668.43492704,0.271276948899426,198.25505786970547
lt,1799,913.394113255,0.3226628095607181,720.4022790946213
lt,4082,917.531250576,0.27506436905007087,886.7165933048024
lt,3765,736.146703686,0.2905997381456647,673.645995644962
lt,1312,753.11646452,,0.0
lt,2691,458.205851304,0.26289580894668174,100.57062294155944
lt,1682,1542.30300052,0.3443843876697252,1099.3064330157115
lt,1528,1545.98183177,0.21878645999574167,430.65774769502525
lt,1876,845.82918555,0.32445081308110696,461.3406639847101
lt,251,541.580552628,0.27386066244038715,218.50120592304305
lt,1902,1023.35527622,0.293266407974218,663.1008691825119
lt,643,740.62142897,0.2466677576303482,16.03589740827972
lt,2749,737.81163308,0.21734613117638169,187.74494326722387
lt,2569,2454.73783517,0.262988598635478,84.55385658413755
lt,4128,1451.75703129,0.23328875839983548,687.3949470968807
lt,1497,1285.30501596,0.21905185924908344,261.97274110083487
lt,21,1071.75528478,0.30068796562651795,63.11070655373967
lt,2536,381.443198485,0.3402673839680723,260.2359050077551
lt,1580,1241.6802892,0.2956042361746723,691.0397596471449
lt,1422,692.172147677,0.17443444561869845,141.6300843481924
lt,3959,612.180684806,0.2929926786256039,619.849997875737
lt,3354,1864.93664595,0.21286090236483318,212.9815170587278
lt,2723,1177.25450446,0.23053589463233948,9.978114049574907
lt,2295,915.607528029,0.4186896728581571,617.215747010474
lt,3318,1067.42907269,0.24086150881005922,332.72728172751033
lt,3699,1776.38983413,0.23548688482291588,1349.4200811049516
lt,735,660.364144558,0.2616283986986298,127.4897793040556
lt,1919,1165.78387124,0.34120212486860435,416.1393745871152
lt,2186,747.081724922,0.2632779677555757,681.3285211301318
lt,1333,750.84142544,0.2778657970488885,134.80591062657973
lt,598,653.957819006,,0.0
lt,1690,1050.73759159,0.37060266583111034,785.3329990162571
lt,1771,1000.42924102,0.3037939367653883,483.43512698902805
lt,426,567.712514253,0.24445494081393204,133.8253600775027
lt,100,523.559042868,0.3966988545602263,58.110729980468754
lt,3471,434.707186806,0.3474839651226774,419.95154221478634
lt,2245,627.088474063,0.30646268974562163,96.1292922076057
lt,970,1136.00267698,0.2521481708752529,140.35881778492646
lt,1844,1161.10700645,0.308143622489279,429.28813515457455
lt,3369,1434.46623299,0.2345566362432711,188.82200449027266
lt,1857,625.412570804,0.25900987440092677,98.25916631362017
lt,3014,694.510601544,0.21631375494893482,282.03117657829733
lt,2607,598.213708036,0.26414965680349545,239.2161690805473
lt,613,733.631183637,0.1960065689099446,200.05799470789293
lt,2141,1338.55527492,0.21562570742943835,951.123798864028
lt,3377,546.571276335,0.23301565127387164,260.5183872297698
lt,401,773.753929031,0.2226408557988793,174.58063674627567
lt,292,511.409813716,0.20163767039775848,27.607370264389935
lt,48,819.467527835,0.3109895197712646,154.6184216667624
lt,3932,933.198526822,0.28020723867014713,919.7790925568225
lt,286,651.022015793,0.2688673731389936,215.3372287825042
lt,2647,527.221121772,0.23974262743160643,197.9880625107709
lt,1921,577.451651565,0.40624330078432985,535.6738758161957
lt,1689,873.713349253,0.3547870453950198,653.7011448579677
lt,2601,238.944374342,0.30630705874409103,236.06475719377107
lt,2365,809.417264935,0.2635970448795188,424.6758340274586
lt,2203,967.459861269,0.29807294111563626,636.6794631958007
lt,3300,623.243894982,0.23600682599300687,23.110191913679536
lt,1845,819.740284577,0.32285383416610625,381.2094953948377
lt,3228,1858.6900983,,0.0
lt,3697,1712.52755743,0.2719877239001992,1470.4942350200579
lt,3770,2320.76627202,0.2543882979579237,1690.535324006922
lt,905,1436.56815578,0.2193866999763431,17.348215619255516
lt,1940,986.497292728,0.36844815365993866,577.6967522714651
lt,4087,1270.50517632,0.26887823774629255,716.2569585463581
lt,3490,620.956133967,0.42494830230333247,523.1759542128618
lt,3527,3333.11076356,0.42045095186447434,3336.7164531034578
lt,183,955.204460037,0.23922686278820038,19.720903284409466
lt,2926,395.893104697,0.20494080262900397,124.98276977539062
lt,1380,791.680083756,0.1880339413057037,304.0225315467984
lt,885,781.157594366,0.21164442227427616,258.3837776333678
lt,3515,1879.30904074,0.23870022926107998,1026.9094886031808
lt,3774,732.320715639,0.41919041727508716,722.4984097349876
lt,3769,1376.67233058,0.26337337121367443,1225.9474511838428
lt,2113,1049.01523182,0.2705406725406647,154.97756805419922
lt,877,800.34989758,0.17731919490039078,115.13049953685086
lt,3528,1078.08498618,0.4603571490515606,1075.7316405651618
lt,2956,941.765008362,,0.0
lt,3684,1173.42790651,0.27948567320353374,1091.4958502077593
lt,3294,1013.86451016,,0.0
lt,2824,1219.57520512,0.21765189312131283,131.81091290642232
lt,3853,668.504850542,0.3160168616182584,654.7533006555893
lt,129,662.388170549,0.22871561348438263,90.97691620471431
lt,2340,741.75239554,0.28177648316185205,138.40900522867838
lt,1546,788.982984008,0.27135877608492665,514.9873833749808
lt,2619,661.176065283,0.27501417790423754,149.93606316061582
lt,2003,540.362755215,0.42392089492705676,532.7472915649413
lt,1611,1422.30253264,0.2652269121652255,617.979030833525
lt,781,581.29443456,0.20413361217605466,57.56477786793428
lt,1791,804.651173974,0.3220376672155886,545.1662720324946
lt,1279,409.131789219,0.2452255581042973,281.9847543155446
lt,1208,851.516063463,0.2804890153885691,390.27183054007736
lt,1949,712.660696025,0.44123130292869994,334.6861822988473
lt,26,719.564858635,0.28865463839348515,338.16588293337355
lt,2578,563.073994257,0.2364988196990017,70.11080376120175
lt,190,470.901808879,0.2763442488893924,274.5129912432502
lt,2079,1006.93154332,0.25835957358821177,313.9002498551912
lt,3663,990.385554092,0.30631824457111817,533.9177766687728
lt,731,743.26751002,0.23548242577030148,73.86553901223574
lt,126,677.210302176,0.23381158102514235,200.09680421118642
lt,708,1904.39156821,0.24106988310813904,27.86407841701134
lt,1833,456.829206078,0.4327675932579993,452.14809839585246
lt,1960,709.013975791,0.4299860516107875,502.0258190977807
lt,4038,1341.50067924,0.28118906534174243,864.8960903392118
lt,1587,2582.50983431,0.22850905926825174,503.17337440041933
lt,2277,231.083070748,0.41515496300656446,226.66283736883426
lt,425,641.533413314,0.2464707176078041,27.86933982699525
lt,164,410.049166382,0.21784767502069988,121.74287489348767
lt,642,785.193174377,0.2505633080424356,63.61781308043236
lt,3041,1581.27933071,,0.0
lt,2051,703.410718362,,0.0
lt,2298,1121.19570139,0.30305439591797256,1045.0581571092791
lt,1330,938.066004832,0.20268987472506536,453.29753292308135
lt,1994,930.177357334,0.36635975623006783,606.0484532973346
lt,1517,1049.72996255,0.18831972982296988,212.57325391582413
lt,1612,1213.29026211,0.2654524366803552,625.598222321155
lt,2834,425.382389847,0.2774372675087093,333.9872837739832
lt,2027,792.641864194,0.3216046173561595,343.3396008959004
lt,1533,1446.99525206,0.22258320328108108,564.9210622450886
lt,2442,604.565155328,0.4597844263596646,599.5639952715705
lt,2510,744.790474131,0.3924572232542728,203.25667239918428
lt,4083,1175.5614422,0.25712509114603455,1168.2836337818817
lt,2192,691.946015674,0.34460651209226817,328.84707788205617
lt,2435,727.416520274,0.3013752220700321,287.57083937701054
lt,3139,1671.52131221,0.29534822626140533,1010.7843979779411
lt,67,686.050672047,0.3602548950681052,225.34864292518765
lt,3785,808.13399554,0.2710552684341868,239.52270804012525
lt,1306,1502.12350708,,0.0
lt,1289,971.822881512,0.2783170766387056,322.1886016247319
lt,772,676.844771427,,0.0
lt,2959,1998.87165026,,0.0
lt,3756,2777.65545545,0.21898750418966467,57.77915745155484
lt,2127,990.119798526,0.279092580826526,681.6355159983916
lt,2501,760.243673498,0.3035406086982325,350.056903554879
lt,371,785.603769167,0.2917690843832298,32.07751823874081
lt,208,648.144209651,0.2786245949919385,210.87705048205805
lt,3592,2014.72044227,0.2527892870756754,811.2575023875517
lt,1661,769.316670879,0.3525369296380139,143.1971114513921
lt,1041,904.617022578,0.2690304928288168,64.39418388815487
lt,4031,907.136815733,0.21929548094507126,352.47220797071265
lt,2211,1303.13829681,0.3040585110584894,484.59593434053306
lt,1022,326.891568079,0.20760386379088386,155.07213906680835
lt,3349,2087.14302452,0.25254151289698384,1423.3743395337867
lt,3763,872.867927994,0.29626055428601117,868.5198866002701
lt,942,877.872775721,0.21088928804678075,111.70997619628906
lt,2454,711.18731873,0.3435332328992731,558.0705412920784
lt,1237,747.30832304,0.2654262723314206,163.20109345679188
lt,3729,1531.00630129,0.24902236505983283,1447.3453429278206
lt,2502,661.469584513,0.29836665761251385,342.44066317689186
lt,727,720.50423094,0.237273221169043,57.30507441501992
lt,3905,624.363721038,0.27250104297197997,91.66290914498124
lt,992,1700.98246269,0.18571736049353063,230.51367884617227
lt,2474,258.897852724,0.3882194071634045,251.06167536716833
lt,1525,1143.18891808,0.1833688171572705,63.324632412779565
lt,86,721.230142509,0.3179525500728238,203.78129757151885
lt,2514,930.759628206,0.31285282051820545,182.5111840939989
lt,1964,678.433843648,0.3160871471543428,675.6762111589021
lt,3018,1184.80883172,0.20678849544343578,210.34219300513175
lt,2670,355.475632142,0.25429272825731514,184.3349405924479
lt,2064,1166.45959667,0.34660536128461067,675.360703980689
lt,1881,1055.50881448,0.28551160040367773,626.3300424314012
lt,3505,932.761051122,0.23772117814611413,829.136401875814
lt,3854,548.437512221,0.3343096500484214,549.6992533665077
lt,1065,778.398744524,0.23304507772370084,21.55164881687538
lt,626,1095.91328347,0.18377969469371683,77.81406722723268
lt,3406,1451.29765284,0.2812646691952485,345.08721430161427
lt,1073,1817.03470768,0.2505381536156757,105.39173904119752
lt,2931,1525.58273719,,0.0
lt,2291,2538.65104811,0.3133888217940259,123.18138137518191
lt,3972,805.504105677,0.26681499042692347,807.9026265163047
lt,3487,1558.61431006,0.2664690903204124,242.15357809627758
lt,3578,2150.60943913,0.33808183258977437,342.7207515940947
lt,343,701.854777096,0.21382191455042038,107.01233897489661
lt,810,748.361180505,,0.0
lt,933,938.340281457,0.20878519777469573,82.53379956413718
lt,248,744.759576033,0.29422834515571594,20.246238828172874
lt,1011,451.924269444,0.2205135607301053,303.3140322217754
lt,3648,1326.88846659,0.29909941713157884,1134.0191436169198
lt,1247,732.027473937,0.2901364206433297,328.5045198328355
lt,1872,874.627755834,0.33963200628115414,731.6808787327186
lt,4006,795.986389558,0.24177641439335631,704.4227398143096
lt,3868,586.993284096,0.32830157663903287,586.7336227416993
lt,3826,923.237529683,0.2886592193103549,809.432763073491
lt,763,584.318925911,0.2416994940987639,139.57755898868336
lt,1842,701.682564895,0.3740499645024259,700.1571123310164
lt,98,413.9805011,0.25493957329663874,112.01415934843173
lt,2421,547.298244903,0.36715194691063874,546.5214130177218
lt,1458,683.48585781,0.18408060125458292,121.39612417782055
lt,3944,1184.09104643,0.20518612506955594,833.1177127314548
lt,1756,1177.61286262,0.24688310985230222,953.7405856562598
lt,1480,868.698927197,0.2062485268065979,225.44533197739543
lt,3071,746.571640882,,0.0
lt,15,638.604392599,0.3109783404239333,265.59173898135913
lt,265,646.79254213,0.22380912347920287,204.8245485791973
lt,2672,371.024640943,0.2732454861647316,117.63862119188497
lt,2785,698.905389636,0.2997874701395631,75.62212775735294
lt,2368,1369.10316919,0.26393502602693947,418.3718363144818
lt,3352,1467.51270238,0.22628803169257247,852.4529515285118
lt,619,620.450980484,0.19462123282931068,57.835047852759274
lt,2531,301.984530529,0.4659862142247086,276.78165241316253
lt,4020,769.351884363,0.23298102062837828,761.676704496496
lt,1705,876.544345121,0.2948157973965412,492.11155153162343
lt,2908,585.006269066,0.3308519270017405,196.66359118293315
lt,846,933.325019907,0.17374636232852936,65.4521592981675
lt,2188,775.378480508,0.28136596557431937,580.7319056791417
lt,3806,794.344409856,0.2782825428024108,785.0075497496364
lt,3645,861.907596278,0.32281354679615315,739.816558299345
lt,2316,691.751721059,0.3547289404038334,176.75762427834906
lt,2840,624.150471103,0.28680641739999857,181.43336178648707
lt,608,592.841460097,0.20468910762335074,120.14093140246823
lt,2080,1069.70568185,0.3305041152398846,851.3390937057195
lt,2764,725.174681483,0.2447483556643697,171.98862876144108
lt,2361,787.264012298,0.3347577445445552,330.9161887972963
lt,325,552.444723214,0.249787036273064,277.65247614243447
lt,4075,867.019208946,0.31299190592185816,604.6217255835438
lt,3093,292.041766259,,0.0
lt,2327,954.798003201,0.309896407854959,942.6114326028263
lt,3893,581.677044443,0.2778810775870559,485.1004645254098
lt,1631,655.003739945,0.3244028150221417,452.1865433337642
lt,171,690.843427355,0.29202506217089563,98.34138434914982
lt,4180,599.812138964,0.25889005518162295,571.591899168725
lt,3153,389.551679879,0.34845628888807556,393.3858321844363
lt,3597,1684.43631688,0.28369504642369836,1206.768234432445
lt,542,652.62817884,0.23958727478691672,54.1578743130553
lt,2693,745.121648096,0.22987314308347223,147.57359415690104
lt,4198,1005.66953156,0.26746475589885715,579.7457638310451
lt,178,635.436540888,0.2824150836019222,290.02866390452664
lt,1692,1157.75013724,0.3070085822078846,983.4375640869141
lt,2257,805.75347191,0.3611552448913006,452.8019571042529
lt,3782,543.289597398,0.40605262106599244,379.24273705575985
lt,3383,1897.54817021,0.24956517704449094,490.8392035091625
lt,3483,1453.9513104,0.34444611068618924,159.68426046932444
lt,108,727.474318506,0.2582902303872964,256.3697073842965
lt,1889,777.820179787,0.18596072031254593,63.316087311389396
lt,3884,863.22977302,0.27757162748030734,585.9520731608072
lt,4064,871.912919044,0.2984516971221525,613.5489619236367
lt,3823,871.687285188,0.2742852777051153,858.2832201191023
lt,3582,1707.76950116,0.39804362594719594,1687.6156903435206
lt,3433,1546.24224169,0.38686578021895507,203.5382392733705
lt,2025,866.755187812,0.28360636947584933,80.12151366589116
lt,3080,706.991758025,,0.0
lt,3302,2058.3308334,,0.0
lt,886,603.380014793,0.2176106139104709,330.40471146527454
lt,2140,595.883869634,0.2541155707605707,604.6621646656708
lt,3881,690.216826805,0.25127245969718254,694.6860493678672
lt,1238,774.298035732,0.2867741190292985,163.20122979856006
lt,2579,477.091907983,0.3673560984187073,119.47721473843444
lt,4092,1132.93843289,0.2674429901062345,828.4143464630727
lt,662,625.431694453,0.227711021900177,17.875775146484376
lt,323,624.630475684,0.2927017708446669,151.1841673009536
lt,1365,772.732875131,0.167703104236568,172.90183437571807
lt,24,1085.88980046,0.38989016481180594,296.0930862725949
lt,1314,767.682887009,0.20062315464019775,4.992960671817555
lt,2517,585.525550745,0.3948995248575437,412.0270334580366
lt,646,2101.32773488,0.2774488991096472,81.75644522274243
lt,1983,1613.66949505,0.34439279172844156,694.845110425762
lt,4162,777.454190152,0.21610947170040826,14.447102355957032
lt,4081,904.127857511,0.299218821070123,711.5252715166878
lt,1986,789.195492069,0.2447534256370766,674.8852147121055
lt,1977,555.949249774,0.3969591019480001,551.6790008544922
lt,145,576.079858695,0.2988181494503486,269.5154269349341
lt,2031,814.856255493,0.29680378647943395,476.2590907078163
lt,1169,632.396817546,0.3738444723600258,128.51285517075482
lt,227,615.28717076,0.3703284536326089,179.58817339130476
lt,139,632.001944062,0.3398935509275006,194.83842683679916
lt,1911,831.703302609,0.33064214686942767,602.1445694867302
lt,2626,429.102711425,0.23699194799576484,36.76191262637868
lt,1710,1547.7247244,0.24464236576036205,1099.0464485617244
lt,252,530.046158079,0.2566170013862709,348.9177136888691
lt,661,660.126467751,0.227711021900177,3.1545485552619486
lt,3956,901.966894294,0.2877730900834271,626.1546319699755
lt,2636,458.252574734,0.24712002162430363,282.5401837517233
lt,3521,804.77780449,0.25311088521253616,240.04728692746633
lt,2868,557.038619659,0.26751279418466384,298.8010499542835
lt,320,701.34173243,0.28082650945042115,52.05996569465188
lt,1134,619.134750565,0.23598886015822657,527.4756856581744
lt,3193,1270.69931307,0.2571502020118013,984.5239882525274
lt,134,651.832805994,0.2145126745349071,128.31420587277879
lt,1408,686.953955796,0.15796784669314726,152.66703449324066
lt,34,621.891336245,0.3662466625604085,124.11579595827591
lt,2029,661.04200636,0.3193381968480385,603.6661241419175
lt,697,777.179772641,0.23833925188788843,208.7206337723077
lt,2857,1185.01638252,0.2459484213158867,279.10581599216835
lt,825,555.824645752,,0.0
lt,2004,487.771814546,0.38730989788798087,457.091573378619
lt,859,737.520845618,,0.0
lt,3837,1121.02478916,0.2751229461835753,848.8440602919637
lt,1377,908.511790569,0.18487577885389328,2.102133118872549
lt,454,624.252766484,0.20882145961389895,197.71150638355928
lt,3986,876.320795567,0.28824273207571344,869.8904261869542
lt,2662,308.538088022,0.2692278198731882,223.98496255313648
lt,1343,865.40119184,0.2223653537213505,157.92833084405635
lt,297,751.55943254,0.3092910020558302,63.62886541029986
lt,668,955.384298414,0.20811701055818005,53.36436606014476
lt,3244,858.395305785,0.22445013078195708,183.83804141773896
lt,439,602.707241163,0.2163950353860855,41.80343412511489
lt,3625,980.77754968,0.3247532031972991,937.3169669955382
lt,59,845.128182124,0.25562564320000397,102.2889528162339
lt,2012,786.749189284,0.3369283521760007,233.0096771539426
lt,2664,449.639860829,0.30747689396797956,143.3709498685949
lt,3376,548.029274524,0.24503492818159217,267.8712463378907
lt,367,806.390633542,0.20565093356244107,24.715597175149355
lt,452,805.359551471,,0.0
lt,1973,593.048166658,0.4525163147903519,571.1214594523112
lt,1038,817.046873932,0.23719243821772662,289.1171982709099
lt,302,733.382165455,0.2753659056079003,40.75405031092027
lt,1906,1113.61398034,0.29182492120999776,445.568316411037
lt,3001,1174.75924362,0.2226759441453835,228.45567725686465
lt,1013,819.223779355,0.21739810138600862,138.25198178758808
lt,2369,1854.27209085,0.27133786543391236,524.9992732328526
lt,237,731.33889628,0.28647606931177966,218.2381543626972
lt,330,811.57603811,0.27043207435808797,118.5802827722886
lt,2014,742.905394227,0.434758396197052,501.745225465064
lt,1426,686.261380107,0.19361396261764438,238.8539592069738
lt,1366,780.710602314,0.19521376125164228,206.79874073103363
lt,652,399.026806439,,0.0
lt,1858,826.560179658,0.27271200376360316,24.17071030560662
lt,3206,2297.18991739,0.24923371551321452,1610.3261039285098
lt,3254,752.646242011,0.24429957389928142,162.04029397403494
lt,631,587.635087257,0.2009838157815565,81.75758816588159
lt,1386,693.756810594,0.2194151619718934,156.0829761280733
lt,961,1017.58032382,0.24833748937310302,238.40252371395334
lt,1391,1010.4928885,0.1934312137817017,151.87796894148286
lt,2522,1989.81783527,0.31125142176946,33.08799833409927
lt,3626,789.557097138,0.30432262337390414,788.6664669859643
lt,1475,766.431144105,0.2384952119209792,530.5077812344422
lt,1193,543.592686098,0.29023273214195205,506.4392227771236
lt,2184,700.636758194,0.30086350872009593,613.8236262601964
lt,1758,1195.93373249,0.2555505793973939,806.0804413739371
lt,4094,768.826427165,0.3139988516195027,457.8074180752624
lt,79,575.057301305,0.2812790298839574,190.8991040398093
lt,440,520.413928457,0.22657296739451518,58.36700197107652
lt,1638,520.309071839,0.35664318741623696,511.3060679716223
lt,1085,814.94708682,0.26909952630867834,243.1104461071538
lt,743,557.372159561,0.30028934127895546,185.3192004035501
lt,326,444.67154646,0.24069145908171002,257.93280657599956
lt,1822,981.351222504,0.35665189731551944,981.2841455796184
lt,1984,728.415867429,0.48214867165467107,723.2174092610676
lt,3186,702.690889328,0.2939790447749828,675.9564156027401
lt,290,938.103058642,0.23966561392460287,253.1985943962546
lt,3988,732.620826332,0.26928723023018813,710.9829889334885
lt,3771,2855.32518479,0.3764617324298788,2717.6726478726255
lt,3885,935.61412598,0.28782323842963836,537.101353634105
lt,3333,623.665066166,0.2514242462374814,298.585936422909
lt,3152,573.295221256,0.38449646702621565,577.4732951444737
lt,1763,1502.60015107,0.24876795663978113,658.9480923521753
lt,308,645.62786343,0.2194262079423809,120.68380916819854
lt,1344,1188.29402061,0.24185730776061184,66.48225082696652
lt,2529,1315.81383068,0.245640206909718,476.8857900582107
lt,2109,1469.50002583,0.27400956811158605,219.85672086827898
lt,169,402.748219714,0.22297261978766714,101.75940587660844
lt,2048,269.824171398,0.3070995334555341,250.86701456705725
lt,1139,776.079631171,0.27960647961572554,239.426808794807
lt,925,683.127236778,0.16929814475240995,35.22161999870749
lt,650,652.176158351,0.2155861577817372,5.520509787166819
lt,1478,1066.78860029,0.20302762088279444,407.7988791073071
lt,2560,1576.13735265,0.2571270200767016,174.62388595880245
lt,1265,243.940973977,0.30162638819765764,251.50252523983227
lt,2299,868.486849843,0.37819888307187116,867.5111868465648
lt,1191,555.933642178,0.28847965704927964,436.267146989411
lt,2122,738.142083616,0.3101160689626777,327.5543568929037
lt,1836,685.122027635,0.3194002839773951,688.6016632080078
lt,703,493.85011782,0.21820182511964098,250.5147737091663
lt,2675,869.605189098,,0.0
lt,1165,659.136594592,0.30100837724121743,172.66554011924595
lt,503,733.06649743,0.3052275889917559,241.87125232172943
lt,3712,2674.292706,0.25637975250774964,167.03531862146716
lt,3925,771.376533119,0.26231529467353004,430.7349895402498
lt,2878,492.666529252,0.38587526876378697,194.3011649636661
lt,2062,783.534069919,0.41644200115379965,184.93017539230047
lt,2886,1939.86916072,0.42604075657094226,142.83649327895222
lt,768,698.992566748,0.2370279029297787,150.61684480554916
lt,3257,1488.71326768,0.2778936596618448,78.52523354923025
lt,3638,1388.64263013,0.2898462918116193,1157.9161500220205
lt,2404,503.176972504,0.3913275112352409,461.69812508377373
lt,2617,391.055507144,0.2508359262078512,320.3548554065181
lt,1179,761.790937381,0.36479640725656604,259.3917656393612
lt,3122,956.59806572,,0.0
lt,1190,355.54608088,0.3158319795422682,156.10984838149128
lt,3510,1172.47143611,0.23156606599425394,401.5688426597446
lt,1990,1630.36199973,0.36199511627305814,414.28054680917774
lt,68,628.438060738,0.40050934528239535,456.2193296843883
lt,4143,962.899424872,0.2654363910967147,449.16591389973956
lt,1523,1040.87466552,0.22597985867506418,61.485398146685434
lt,1946,860.568277064,0.3336038507497796,502.8199719597312
lt,1812,990.577859397,0.30738582470651427,593.2375544828527
lt,2650,411.949984172,0.30455929905216933,191.9495757159065
lt,345,1024.56750156,,0.0
lt,1308,917.758821298,,0.0
lt,3491,1701.4071156,0.3561634376778798,526.8529843498679
lt,691,730.690164943,0.29444968002907773,49.42041135301777
lt,2419,735.67560418,0.30022148735185367,489.2682046329274
lt,538,418.270328058,0.24578146853110866,119.3571371938668
lt,1264,489.033303887,0.3173798867996702,382.9042276120653
lt,3971,746.587776995,0.2752544853128295,739.3514895270852
lt,3054,2112.28809724,0.20156631394763666,85.60907927868413
lt,2936,890.960559256,0.2349000020898828,230.53728736428653
lt,2505,3191.89256825,0.24488560030695755,289.9176642922794
lt,1262,713.923877799,0.24521730056799512,285.9307829314587
lt,2608,1171.47808055,0.2520636311356213,308.2759645649031
lt,3103,1612.51214317,,0.0
lt,817,313.677006062,,0.0
lt,1015,708.915040437,0.2130866241228731,124.58459418801701
lt,529,759.313299191,0.24498728343418663,88.33359509636375
lt,2698,726.151418755,0.2667728693534931,258.3830833883847
lt,4080,876.074746468,0.3030606948996659,715.2015067605413
lt,3794,468.937213479,0.3102283012454789,338.0061775357116
lt,2160,805.017696424,0.30146474556623387,520.5947629442402
lt,1060,1536.97183101,,0.0
lt,2379,541.851636516,0.3658571328191158,297.29900958491305
lt,710,629.654031705,0.26579150809975693,127.22847885431028
lt,499,754.291396187,0.303497129911417,87.54713125789867
lt,2741,602.468489462,0.21721812204546442,157.28712490306182
lt,2214,1352.1553474,0.29369524171733546,837.8606342988855
lt,2479,518.010829422,0.36854140001783464,429.1136654722924
lt,4154,1299.35325653,0.2210346534906105,338.0612721461876
lt,3037,1428.72705353,,0.0
lt,189,646.201508933,0.3250151917966734,87.2971959731158
lt,3730,1560.47616757,0.26468461040248137,1553.9683810664158
lt,385,682.130652837,,0.0
lt,2315,732.953616905,0.40231039234016275,226.1345301310221
lt,2968,528.045944944,,0.0
lt,2934,857.837760794,0.24512009913238086,172.24596548641432
lt,2451,427.901361621,0.42439559960938505,431.4881207036038
lt,1048,911.747051279,0.20370370149612427,39.42454618566177
lt,3809,490.007137547,0.38543300650989587,483.7712212057674
lt,1510,1009.96781457,0.22979029525509656,214.41371163760917
lt,2416,782.775189606,0.3676411063566695,287.83583786908315
lt,350,869.307497811,0.26526762512275726,155.12846778420842
lt,3717,2545.73358138,0.24163417521493807,2216.339287252987
lt,1442,670.815391146,0.2391345402400608,229.65638272154567
lt,3379,780.479312026,0.2497377379825621,190.66203065759996
lt,1241,770.301417575,0.23002416010801865,421.0129522884593
lt,732,690.37357211,0.22569551134810728,44.6872657327091
lt,2790,591.732803387,0.29975449420978395,121.57223621443205
lt,3058,1202.23617089,0.19893789431958828,208.76949983484604
lt,3485,877.754148325,0.30180437226553225,97.17646116368911
lt,2821,274.121953585,0.34353050172907645,270.44874309464996
lt,3813,858.703564214,0.3241125584694377,374.2553127513213
lt,962,1130.4127821,0.23467587785748836,357.9975698134478
lt,1263,635.973109062,0.2914795444574976,368.1878726734835
lt,1489,1195.01865389,0.1984409824908935,271.165831711713
lt,148,356.976902419,0.2642112745698501,241.381684217266
lt,3549,2957.76137484,0.2441948884737067,1361.6939863616344
lt,3219,1646.88141489,0.22201193869113922,3.676634006874234
lt,172,656.79397087,0.28753605586351805,127.52828306310317
lt,3399,1284.7474842,0.22657737900857672,471.67115930295455
lt,2297,821.498146901,0.33972352329706185,817.8738090963926
lt,2813,300.208405382,0.2762708276299993,148.87870887307562
lt,2940,2077.81843318,0.20287276334218637,123.14761220894609
lt,3410,685.733184551,0.24643700541978208,392.88700552547675
lt,624,684.436339205,0.21091508992354976,46.267990620930995
lt,2618,420.549960807,0.26917236641224235,201.4030384736903
lt,3609,560.128335628,0.3646188850690639,536.2888543222465
lt,2174,872.255754716,0.3249112284906313,431.01827590044803
lt,1490,1538.25736289,0.2265362086744026,301.38364123176126
lt,1457,729.026484431,0.19387153835817314,114.30162317612593
lt,3936,298.63151173,0.306110260072754,300.72866611854704
lt,4027,816.45953385,0.23614118388769312,693.387213942584
lt,1445,693.925325919,0.1982489315474906,280.10615940467983
lt,4171,2590.66001933,0.27461584991662297,112.42570714015586
lt,1789,1080.29672944,0.3346066018356675,571.4412482766544
lt,1720,640.997505727,0.28696263628518964,558.0689238305187
lt,1375,791.475382475,0.18230878823512314,213.89265474805643
lt,4153,1324.20289627,0.21790926089490442,73.81124668495328
lt,1726,716.665767139,0.3110396026396284,67.00018041274127
lt,1650,1058.7910567,0.3210755649920519,583.2999989827473
lt,3401,871.06303712,0.24299172689444826,359.7933990478516
lt,994,1044.75353009,0.20480751323919355,42.843112781001075
lt,3118,1540.2033433,,0.0
lt,3107,1571.31743308,0.19068579375743866,45.16658073874081
lt,4025,802.168051748,0.23346732596857483,762.461997058345
lt,3662,3109.3133182,0.27937009703412863,675.2090355368223
lt,2278,282.360684044,0.43759314757857787,270.26229843438836
lt,23,826.933979585,0.33745695557886085,388.9185627656825
lt,62,408.152746833,0.31718287110679516,402.05397380754056
lt,4070,763.471520998,0.33824196308976356,312.81652182784734
lt,539,584.276295947,0.2631470032243265,75.7156255385455
lt,224,575.714081438,0.3660584441613685,80.72266878614239
lt,264,865.216521519,0.2177021295074525,64.68156720329733
lt,2916,583.514534847,0.2426605356194808,110.01539605832568
lt,1755,798.361115503,0.28000374941206085,125.32674596449908
lt,2382,1180.1009137,0.2524414446191921,301.5015271953508
lt,222,549.887389569,0.3836122367307481,311.0576682296454
lt,377,669.698776199,0.2486864808627537,46.012667038861444
lt,3187,2323.70922147,0.27288004545056643,428.57983739516317
lt,431,726.095965978,,0.0
lt,3432,1286.05379571,0.3077563177556434,493.7436094097064
lt,639,677.707517773,0.21335820524498475,67.8239595301011
lt,2350,666.194437667,0.3522912099079313,570.4419181374943
lt,583,804.296978469,0.24819445438617102,29.70756207634421
lt,1853,387.633765976,0.3735946845537527,392.5089100557215
lt,3171,3696.26687907,0.2920992126931414,3457.462027785357
lt,3363,1059.44499244,0.2430489639723317,397.6013493855794
lt,3981,787.290046333,0.28864469142191035,781.1095031139896
lt,4,804.029283513,0.35019423954117185,656.3595363542144
lt,3166,1380.58963224,0.3013196991313072,827.2165387621113
lt,1384,735.391550473,0.209058440969152,124.02561570709827
lt,3747,738.398605052,0.3317750942181138,491.1190623863071
lt,3692,1169.85971148,0.29890125234823706,1170.28865218817
lt,281,700.904835241,0.27361604334369827,195.09300276812385
lt,823,618.087702347,,0.0
lt,3143,551.291093632,0.38310562481237004,541.233149988511
lt,3470,872.77453971,0.36698241601744575,526.3181884765626
lt,738,701.946657197,0.23766204389708506,286.7851832670324
lt,2748,761.207567577,0.2633883286110113,186.43202344109028
lt,3584,1735.46675041,0.2553032342763768,1633.5236569572899
lt,386,754.277528138,0.20011435449123383,23.926387562471277
lt,1078,436.678280695,0.24850207078529052,260.45821814443553
lt,864,654.930041704,,0.0
lt,3938,941.393194436,0.28217995008211766,950.2523551492129
lt,3198,2237.82041804,0.27243812160461656,289.3983677583582
lt,1913,638.232970978,0.37129591830601605,416.1418360093061
lt,1502,1389.57023215,0.20458650911994128,401.2392438402363
lt,3337,1012.5365096,0.23243773165391565,320.64705065558934
lt,2819,819.726328453,0.29830998664566827,198.76643563064877
lt,3112,1616.59270816,,0.0
lt,1441,676.050324158,0.24210792439864295,165.8047045240215
lt,3159,2588.47002755,0.28874336124250766,558.8347268497242
lt,574,407.197372595,0.2328972905467395,77.03003887101715
lt,3476,796.658555172,0.33841999312954785,505.04805866316246
lt,3667,2527.21998668,0.28492029163083915,1317.0677903119254
lt,3735,2331.51769529,0.2666492205691751,620.5847276276232
lt,434,742.049787737,0.17595782180978214,74.40549795113358
lt,912,748.840275724,0.21187379307516377,459.46375693526915
lt,2360,946.413394286,0.29151239538130863,708.3205964929917
lt,1423,689.476629071,0.1998429107965913,208.89789805692783
lt,582,816.852463071,0.23637053201595942,39.43483195585363
lt,2880,673.044137577,0.3110062133870731,237.6247123269474
lt,3135,491.72923354,0.39712163024392894,487.66142578125
lt,597,718.292992977,,0.0
lt,1651,985.417246564,0.303669737394833,607.2089330635819
lt,1274,1075.26775439,0.27324858549468517,1019.3988252826765
lt,1821,786.546291939,0.3492270713006761,675.9967665728401
lt,1888,782.539838438,0.19025260668534502,71.72319659064797
lt,1363,792.792309214,0.23014562512980774,134.53846785601445
lt,778,670.794115756,0.20228169858455658,18.399700688380822
lt,3126,1192.54415513,,0.0
lt,3394,1334.07585419,0.215255114501006,494.77930848364747
lt,594,795.247152471,0.21488711818268424,124.87529260971966
lt,3941,458.510386898,0.32889795563469043,454.3789379643458
lt,689,495.722241976,0.31289984963156964,8.67485943962546
lt,2074,1060.62212116,0.30850760850471104,1051.773863100538
lt,976,893.126334457,0.22895333722163816,279.92671742158785
lt,1340,700.265511349,0.27399804088532415,185.52033101998126
lt,1731,759.467980297,0.35671284077344123,56.753199857823994
lt,2985,657.314503116,0.1783130766767444,86.65316545075062
lt,2105,1022.81046071,0.23593573901314216,234.56702797085632
lt,2310,622.692220977,0.2914521098136902,9.71778818766276
lt,2490,1042.75974923,0.3436178396328436,328.0027964872472
lt,2654,556.028522376,0.2869765742828972,124.72857157389323
lt,54,622.777951388,0.34797565863719065,265.05805652094824
lt,1589,1544.89156701,0.32741299544024766,541.7956620758655
lt,1267,801.837954164,0.2323652764904165,84.35969561408548
lt,2512,518.00694459,0.3874365502010861,270.2210965324851
lt,1012,762.023446299,0.1974566881444386,292.2757253011068
lt,3046,1057.0895715,0.22009092177527834,65.91407689113242
lt,147,517.116597183,0.3090449000913573,190.10750373391545
lt,1535,1156.36700796,0.21721323696683828,366.01527653114465
lt,3871,1017.86458509,0.24220978021535605,908.9848762063417
lt,517,607.893889089,,0.0
lt,3421,1399.61667941,0.25497371662510304,421.25412106981463
lt,4060,774.54558585,0.337763661534172,758.5305183261046
lt,644,674.527518832,0.28756171321764784,120.40046679926853
lt,3910,1129.50258906,0.26881628389331114,182.80108983656936
lt,2770,831.209382565,0.22057792593800063,55.40421669155944
lt,3034,499.082701924,,0.0
lt,184,1067.55113175,0.32224732346832763,52.58898611629711
lt,116,683.281720903,0.292777897567924,28.660602584539674
lt,3029,1426.80176465,0.20381511747837067,1.313015806908701
lt,2791,600.77638823,0.30365404454069156,132.075067467783
lt,1967,628.37286578,0.2842860175855072,381.18625302782243
lt,534,603.422150988,0.19794708845812248,114.62410721124388
lt,3242,1324.93701745,0.24098875953091517,35.45447315889246
lt,3444,1414.85214561,0.2794897036637743,543.1256728527593
lt,3059,1559.47692111,0.21803383233204282,345.05996120677275
lt,136,773.670983598,0.27429906537585413,226.39035653507005
lt,4046,798.341671353,0.32797097461862174,780.589549375048
lt,2000,1117.2880359,0.3193685244284724,768.1269275440891
lt,2247,624.68601976,0.3476328037079723,182.80272943833293
lt,2837,571.329594163,0.28600088040592614,214.7802879483092
lt,1993,1032.28884175,0.3414975578194874,733.4584019081267
lt,2034,1187.88699945,0.2962918617361644,682.7318221148323
lt,835,808.002290888,,0.0
lt,2553,1030.83154617,0.37562299552912026,413.3217829386394
lt,1156,268.006320711,0.23963306428562597,260.9716503367705
lt,3004,1410.13454984,0.23395927467449443,66.69889762728822
lt,4084,1249.96422414,0.2537678105733482,1182.9926829319375
lt,3865,538.581190575,0.2948643009692128,541.3001166848575
lt,4085,1286.64217414,0.26318069639735053,994.1449213663739
lt,1838,929.101165684,0.28904281266925863,337.86385094137756
lt,3591,3315.47809019,0.24399700201111993,2874.9844311882466
lt,3347,1276.48628693,0.2385793859766442,604.2748723347983
lt,617,720.270134746,,0.0
lt,736,716.61181274,0.2624882912923602,206.87495709587543
lt,1355,1274.66880137,0.23641080371995826,246.7438617182713
lt,2657,734.806416796,0.2525773048400879,63.80862040800207
lt,977,802.417295274,0.22803577097071395,287.02305387609147
lt,1414,680.205484836,0.17140500626581556,178.68075142654718
lt,3192,440.317351881,0.3163562025712075,420.70189424402565
lt,118,723.162336038,0.2459616456820163,114.90515597474342
lt,1409,681.903080644,0.16326948775820535,191.81942360073913
lt,2943,1749.5350583,0.21580362812709555,99.2525198543773
lt,4086,1276.93840247,0.2624367768818802,830.2489502252316
lt,3235,805.729886142,,0.0
lt,3469,760.533798332,0.3848109070685942,424.9403833426681
lt,504,659.529682303,0.26938769485063163,347.55842425776467
lt,3631,1168.18667341,0.3207524492075246,961.7367763743681
lt,4183,1090.03137107,0.2570864781066104,495.67985112807327
lt,671,945.796172023,0.19678888578007248,273.6555670644723
lt,70,730.520689123,0.3044902300345313,230.60673292571423
lt,3441,3936.37263228,0.3159368932247162,23.636969173655793
lt,1295,845.795372474,0.2728990867709447,319.56079385794845
lt,833,649.0678549,,0.0
lt,2917,372.736490596,0.21526929295398822,18.64229861988741
lt,271,751.878074421,0.27216076850891113,28.133756360820698
lt,1553,818.037945475,0.23388979838103038,768.7924628164255
lt,3434,1354.09682674,0.34618184829880755,535.502409063601
lt,4024,784.935512971,0.23086367042519046,708.3583758185893
lt,910,678.946010139,0.2295422810248545,185.5726848527497
lt,1582,616.271197552,0.3312788456159637,603.8067867204256
lt,322,676.817979198,0.3012600256576797,58.10732673196232
lt,784,723.008868958,,0.0
lt,3955,672.388595504,0.286304259041641,668.9641615923714
lt,1885,765.279985317,0.2619206003623433,132.67472091375612
lt,3640,1274.95104388,0.2665559778559359,1165.0073422600242
lt,3334,1126.17716917,0.2451197542514021,407.8317968331132
lt,221,611.492932636,0.32792005261249124,292.9143113678577
lt,2556,1720.18082068,0.2597329814557556,466.3628216014189
lt,3789,619.97989891,0.38175182002777447,581.4694977704216
lt,2262,537.048747958,0.31642726805576465,548.6714128980449
lt,3234,2049.73397345,,0.0
lt,2374,810.83965071,0.35754443910208683,331.965590652765
lt,310,675.410545843,0.250227154009413,132.77830640007468
lt,2655,731.41474603,0.2580201149475379,32.035600520115274
lt,2753,662.154846411,0.24295197427272794,36.76128013461244
lt,3695,1484.13172676,0.28854840712181323,1433.7093911563652
lt,2850,759.150041059,0.2692014458633604,192.98457471062153
lt,1851,497.401783188,0.46324445921580004,492.6049793318207
lt,4076,1037.56903856,0.32689009424083504,794.5189866608264
lt,362,584.562270753,0.2750113626211388,95.18161914301854
lt,2098,1061.72652277,0.23874822155241568,645.3873178818646
lt,3920,513.112742057,0.2833720103877211,511.8924451641008
lt,2972,1260.76448196,0.20314994373278278,492.0805173088522
lt,2780,323.971864623,0.3045202980079804,326.9106795367073
lt,589,603.835252295,0.24680512179490577,160.10405300364778
lt,1770,1185.69152641,0.2949413393012704,474.23994170544194
lt,821,394.222403129,,0.0
lt,2585,340.543605565,0.29577442454382974,292.78308524337467
lt,750,343.798745084,0.23597036519005327,249.1921287985409
lt,2772,552.71664176,0.26097916484150635,115.2722802255668
lt,2021,794.367211405,0.28778785415647234,805.6842339609182
lt,2810,878.735335622,0.26483392751724677,129.44894789153454
lt,984,594.067613721,0.23937601732171102,60.453321808459705
lt,997,711.964837537,0.20693841962342335,103.55899017932369
lt,296,774.439003878,0.2841613909293865,30.499769771800324
lt,2823,558.791573966,0.22580252286663577,201.39286789239623
lt,2136,855.575220998,0.29942152596086186,597.3114438524433
lt,3309,1235.30883803,0.19080068171024323,62.23952322567211
lt,329,824.838334429,0.24378290262487204,59.158723270191864
lt,2215,1386.17170997,0.28245289367548665,815.7963976691753
lt,1036,691.716048437,0.27225571115058467,256.5263460047105
lt,1424,691.555861425,0.21908680669948663,266.4436974918141
lt,3914,969.762298517,0.2810434519988362,397.1192731071921
lt,3783,472.077890023,0.40431285165250314,189.09639695111443
lt,2424,1000.55260148,0.21596911013725262,496.62455884148085
lt,1963,590.185582125,0.44637833808347116,611.5752632589902
lt,284,574.626298928,0.27168880336070333,280.80674339743223
lt,4188,1216.1203763,0.24635782216315358,632.277548157935
lt,609,509.330014562,0.20619563079706513,53.10386511110792
lt,1863,936.769459015,0.261701054501659,598.7488388061524
lt,1223,657.176096187,0.28791141995303177,457.5492362826479
lt,2784,592.506322702,0.28003469796813263,128.66275308646408
lt,627,335.750154354,0.19573974207280173,149.05626840030445
lt,1017,581.496836506,0.20855147491192677,222.09633337282662
lt,762,654.902560584,0.2277417548027646,437.9216605392157
lt,3539,1038.93293243,0.35621193032504017,1059.701907528148
lt,2280,371.991792354,0.36155643082210714,372.9581434960458
lt,3364,1353.77687833,0.24772116979893902,386.83405151367185
lt,3847,696.031513205,0.30405028235662857,175.7052319694968
lt,1225,965.202883914,0.3050975351405323,279.6270942837584
lt,3386,659.173957153,0.2748712990369057,382.638586545458
lt,511,762.275290874,,0.0
lt,1253,704.454254011,0.24144015770027605,181.33409253288718
lt,4034,1452.28219599,0.2539114894494852,805.2750537348729
lt,381,685.676411461,0.30732250101794445,140.14123310762292
lt,1954,487.039197025,0.4803556302311278,419.0119495765835
lt,593,838.117508317,0.22968139485286096,180.08356206557332
lt,1261,895.131517055,0.2556043499682704,122.99228814816944
lt,3958,825.479086495,0.24275192043296318,817.3596260220397
lt,3535,1295.39743074,0.31066184374503786,1294.2304337445428
lt,38,692.546774838,0.35174448869276564,169.0806208591835
lt,1747,1250.59958778,0.2602167974196996,695.9984487196978
lt,860,651.671382732,,0.0
lt,1405,698.044349408,0.1994976180528725,136.90084940592448
lt,2035,1187.90815248,0.28760750569826776,785.441730334712
lt,1891,903.386326239,0.26280841961706536,173.13375256108304
lt,695,710.498900451,0.27574037691534325,289.68638177011525
lt,1051,742.007217231,,0.0
lt,3903,477.951880882,0.32225199818677525,471.70863653444786
lt,937,1143.56863532,0.20145777411373916,172.95300876393037
lt,1700,818.646175577,0.3135032445491165,681.2827695958755
lt,3976,725.067348836,0.2886306427840497,705.994071751015
lt,2342,627.778752741,0.37365162609555996,366.6386490466548
lt,1706,1045.38952654,0.3177527082431266,491.84920061896827
lt,2147,1773.75572651,0.3172735586085103,288.9324708826402
lt,1043,1000.25622817,0.20397503544528112,232.86960996740004
lt,88,300.841608587,0.26666538371744675,189.05588480631508
lt,3224,1459.22412143,,0.0
lt,4158,1209.35956763,0.20140606214510973,142.10718410716336
lt,2957,661.835458225,,0.0
lt,1390,870.148504803,0.1748121738413256,380.4844016879212
lt,2802,668.453576452,0.22612624827955588,160.17073133880015
lt,4169,1063.51935462,0.25969085057648617,434.2061243393842
lt,101,711.966657777,0.4491849172923525,77.56859723259421
lt,3467,2461.58294081,0.32494443660214667,1429.7668067782533
lt,3400,1112.80544229,0.2341009546258991,443.04552459716797
lt,2145,890.268726553,0.30194668381050144,733.1014393525966
lt,3533,2882.78736132,0.2371597854406694,2260.716593963025
lt,2620,988.372995178,0.31507973735690464,180.13309317196115
lt,739,470.678029539,0.27031307206835065,230.00634945140166
lt,700,640.267959205,0.23558488308831496,425.85068511962885
lt,530,828.153275256,0.25554821566997954,109.62829823213465
lt,2570,654.551748781,0.2662937661272383,260.48849125282436
lt,1361,692.550061274,0.22208583332444218,330.56506931080537
lt,66,607.055728625,0.3878665340741477,197.21315944896028
lt,1245,768.510760039,0.28655972453114736,427.58176152846386
lt,3335,863.532848476,0.22441543518811802,434.0935002046473
lt,1750,1174.54821049,0.2905759883382775,542.8207077026367
lt,2609,656.50857333,0.24310356685474735,263.8990456076229
lt,3726,583.230138234,0.3166435133556995,566.4927623075596
lt,4029,675.317560883,0.2374695358587079,505.8590006211225
lt,3085,653.328457234,,0.0
lt,2500,929.930804877,0.32047923392413924,250.26624540441176
lt,2344,651.139267071,0.4058319126095997,532.6234873154584
lt,2989,1166.9537427,0.22855619707903294,203.76837253944547
lt,4161,854.894144618,0.19065341680164796,218.02154570934817
lt,2491,551.678303831,0.37238416247837675,231.8862342385685
lt,2858,1046.57461636,0.28043149727990685,260.9888747869753
lt,3984,691.05821576,0.2968014195366848,683.9348929910099
lt,2642,1497.77192202,0.3991099490838893,142.84466400146485
lt,852,875.697421374,,0.0
lt,4192,923.086226639,0.29889975330296514,696.6375045177982
lt,3917,705.167085873,0.24741155842154947,691.2782493441712
lt,1531,1590.96818705,0.23193922213681872,730.1965216243971
lt,191,549.452293002,0.2374336339141193,199.83691501991422
lt,3880,784.94474144,0.27865636008987943,778.7291920680626
lt,1385,768.498020951,0.22174141202087547,284.3129285326191
lt,1079,586.62917111,0.21387026119292232,208.6824519437902
lt,2026,708.959727378,0.31636668396275386,213.04419929653992
lt,3269,1564.68844647,,0.0
lt,3113,1602.57454012,,0.0
lt,4099,868.560995661,0.2685141785538141,673.4495146807502
lt,2736,895.557498652,,0.0
lt,3097,1400.72329493,,0.0
lt,1105,543.408569525,0.2670626944094842,292.7770136216107
lt,2649,317.265868264,0.25202014871662665,162.80240631103516
lt,3013,990.087002724,0.20618272724871836,252.09456679400276
lt,3134,352.642106306,0.28803549655943317,345.3280385335287
lt,3095,642.311533044,,0.0
lt,4073,865.455666046,0.3460317265564563,844.1601436241001
lt,1814,950.79097999,0.28696337216127005,682.8286350025851
lt,948,673.977836253,0.29513414456956216,72.80896220487706
lt,1778,730.143841236,0.3190553277313611,318.96066574395877
lt,3203,1503.16547461,0.23701373349174074,463.2488314460306
lt,495,583.597086962,0.269191712141037,4.20650515088848
lt,4159,948.001159043,0.21599370643215365,278.43609957227517
lt,51,563.744238381,0.3641719003379761,527.488676482556
lt,651,577.811954383,,0.0
lt,3072,1256.22250823,,0.0
lt,2558,487.700134843,0.26536420572672964,205.34727436140471
lt,2385,567.378667526,0.4203722199142146,563.6052430395987
lt,3630,966.730681395,0.3200957974241496,1088.5795943316293
lt,143,548.119900961,0.22419044455966433,252.94975651759728
lt,1618,1566.69234692,0.3328218861030393,291.3827022477692
lt,3040,923.103069152,,0.0
lt,2706,776.72756791,0.23788765170004056,12.078790283203125
lt,1243,774.31414098,0.2513707030863198,249.13885875028723
lt,3758,791.112314784,0.3154580398046192,209.05529234643078
lt,4194,520.07528991,0.289529507569627,458.1208866792566
lt,674,288.348579214,0.26911717653274536,1.5772715849034926
lt,2075,1466.74485045,0.2556109378169853,1269.2735592112822
lt,3808,561.256802502,0.32264404719163414,513.9729806937424
lt,2007,572.579737638,0.4029298816370753,296.84616403018725
lt,1514,1260.82934614,0.189682719639988,368.9174013923197
lt,1292,1165.46922178,0.2877473625472409,481.44007409787645
lt,451,704.134930613,,0.0
lt,2648,422.050236922,0.23628640128480788,67.48406479779412
lt,2499,747.338078507,0.3010139509730074,358.7244068818934
lt,1539,995.020374479,0.2439819548629633,388.0840477139341
lt,39,593.088975963,0.353840686898818,295.03628764433023
lt,188,635.775543783,0.34075873123832273,159.34387126249425
lt,3301,1370.13383395,0.23686623442695431,263.6659981821098
lt,3048,1860.73514983,0.2138151290493274,143.12012197457108
lt,2156,974.942435508,0.359895273845155,138.42329858518113
lt,2593,882.898105847,0.33072039548970444,171.20493442311007
lt,2039,1258.58365103,0.31902606703025077,594.7266983331418
lt,565,523.493400618,0.19171597063541412,4.469357808430989
lt,2526,437.802796452,0.36618596717269863,386.5495701210171
lt,4148,1440.42855478,0.24762989543713962,699.7626320034851
lt,1878,1082.39656045,0.2992828858418704,644.456211164886
lt,3810,893.215273172,0.2438547620023957,209.31919558655983
lt,3069,1906.14644126,0.2067583054304123,6.564989276960784
lt,2237,713.642761116,0.32487057541727193,227.45500078388284
lt,234,728.598930077,0.266521323583197,273.71885851691746
lt,175,645.514557145,0.30023929533633315,144.6200247371898
lt,58,632.690507582,0.27971146725523566,575.080676837996
lt,2974,901.392384431,,0.0
lt,2966,649.633762171,,0.0
lt,1334,701.357787867,0.256870264904651,94.86329342711205
lt,2792,854.744686889,0.2727162861332451,127.3485481411803
lt,4097,809.55575745,0.29712029597991274,186.22224453196807
lt,623,659.293371954,0.20220593490292516,233.9690346811332
lt,2604,472.359815227,0.2820066962055438,300.13565619973576
lt,1486,1642.05541213,0.2055578458722916,363.39240058450133
lt,1679,2527.28253167,0.34736419861833445,106.67336973302505
lt,94,661.892611985,0.2797266355372858,453.5755296594957
lt,3312,1525.33477673,0.20401615320670943,194.5962029849782
lt,2766,1102.00296844,0.23370395824378928,297.5009544222963
lt,3998,687.419744319,0.26923437212211443,668.4366447598327
lt,268,655.450003958,0.2652801049692757,143.82411035275925
lt,2907,546.638554062,0.2505854672550938,433.5006041582893
lt,2427,670.204297,0.3372767757401507,184.3625560087316
lt,1843,839.539954226,0.3166134980024773,671.5187476363838
lt,1866,358.218508017,0.3892047983875289,355.20157015931375
lt,4127,1271.11425483,0.23900680366259766,726.5305800793218
lt,1266,1102.7756292,0.21753892065449196,46.253366537655104
lt,586,746.312565925,0.23832340643824082,100.42710885440603
lt,721,691.839503462,0.1933126976956492,30.229832667930452
lt,4164,976.589904573,0.23581236465913596,353.8265671673943
lt,3860,731.859729204,0.24755922434184532,99.01499508128447
lt,2673,391.981519916,0.29675560535454165,64.59627075195313
lt,206,691.165915991,0.2305215341018411,416.2340159995883
lt,2208,719.183843554,0.30164509456449323,465.9486872055952
lt,2390,870.332366157,0.412778641339829,257.11348781211706
lt,2661,357.973401,0.2718632759040542,272.8262102912454
lt,704,285.294759578,0.21809296833701652,106.19911361395144
lt,3762,1221.59468617,0.3004099986483537,1177.6354321648091
lt,1462,681.817497227,0.17158693065311736,79.35413573021982
lt,3255,665.399890723,0.24191935491912506,196.44422912597653
lt,521,621.212852278,0.22222354535891434,197.43767083859913
lt,347,590.650521681,0.22399607243541883,157.49499556597542
lt,2958,1177.95708078,,0.0
lt,2638,645.158013481,0.3365731127097944,211.6419652602252
lt,144,565.265272689,0.2591441858067084,248.47963624842026
lt,793,489.731074173,0.2300885021686554,56.77631620519301
lt,2822,260.604614005,0.27176076300729357,258.89609677183864
lt,2289,306.549108064,0.45240311302625913,302.83141745773014
lt,3512,952.841359208,0.2438995103313498,306.75886757046567
lt,3065,2346.6694126,0.20270263585685327,92.43536496629902
lt,1547,795.923368078,0.2802952949018092,486.0842132269167
lt,209,699.599215236,0.266595021294119,184.3199186736462
lt,3784,1030.48361591,0.2389016202040788,152.32806860231887
lt,2097,1357.29139563,0.2445015311527052,684.5255480897192
lt,1273,1639.44351724,0.26104332382034484,1244.3528694302427
lt,3466,1549.95391117,0.3488800153464696,774.49989157284
lt,1606,1308.96011236,0.31715819250731303,1091.9786229152305
lt,4193,2085.00466489,0.3664719959485131,1524.8872404809092
lt,3822,410.104712275,0.2660992290567233,402.8804413440181
lt,1908,1372.76932426,0.31631097886746706,553.8065926645318
lt,2202,736.841989315,0.34932888085038993,595.7060943603515
lt,2863,1201.20708215,0.22767628431320192,94.52346981272979
lt,353,693.999505584,0.2546558211660247,271.8700283274931
lt,975,971.234321411,0.22393191229695306,437.37002835741237
lt,1140,730.189133778,0.2637015295760406,513.8075310202206
lt,4139,949.785992378,0.22307436759225452,109.27003146900852
lt,1217,723.890735918,0.3099064584131594,56.76704056683708
lt,294,643.054210224,,0.0
lt,2621,822.583233981,0.31885126753112086,179.08239153693705
lt,4090,898.721128539,0.2736588422741209,514.8025767008463
lt,395,695.884188441,0.2602217663135102,176.1595132865158
lt,1103,1279.26723806,0.2786410887517946,146.1257510914522
lt,2224,769.983250959,0.31073447027424184,612.5000746783088
lt,2434,539.074368341,0.2936802823688716,437.79122212727856
lt,2107,1773.66815772,0.31047300744923134,1572.1096102247054
lt,4036,1461.7471257,0.2631521751495761,1045.333906465418
lt,1003,699.156409951,,0.0
lt,640,822.148033475,0.25960420858161276,148.00334783815867
lt,1509,811.644184552,0.24665137460813838,55.968319881663604
lt,2851,665.784144097,0.22968312418785222,154.38768068201404
lt,2194,638.447605011,0.29279403314554603,174.66774136412374
lt,882,833.324837386,0.2153179050128684,246.03057026582604
lt,3414,1445.24681471,0.2365389221189014,785.2560431686103
lt,3387,1370.12174389,0.27531092151744535,1120.6106592814126
lt,1929,964.397927704,0.3361560806875184,450.8120786779067
lt,981,1401.37674494,0.22582041620691687,151.65892687030865
lt,300,673.724939293,0.36801150696958135,131.72763016644646
lt,2751,512.54849408,0.24714883149794814,55.66708134669884
lt,664,676.713617324,0.22622382107949418,79.38943921257467
lt,3788,697.085040774,0.37201911683395966,509.5091878853592
lt,1416,618.928792391,0.19264416213218982,85.3989070817536
lt,2134,1025.41985346,0.30849089482638997,534.5352310479856
lt,2756,680.49541135,0.22601143503265012,123.67517583510454
lt,1976,1015.38703291,0.3034838510699565,744.5050954781326
lt,1007,1547.64567441,0.2630949221137497,75.69708637910732
lt,3576,2278.36947434,0.22952786992176938,1593.57223217534
lt,2950,838.703572012,0.21326828751118246,124.98565266927085
lt,1615,720.740174788,0.3063440126729931,632.9523539823645
lt,2887,839.453586936,0.3243798561290421,433.498503112793
lt,3178,2940.17897529,0.25110188061203614,1544.6436768774893
lt,2172,1030.73435108,0.3110471378582393,517.1711479037416
lt,3253,1695.31820877,0.24365607409153958,46.48483725155101
lt,2906,497.701729984,0.29380811864717143,491.5289649514591
lt,2726,401.897121054,0.26630329658964713,214.52906386431525
lt,1258,432.124351543,0.2760556287369899,414.9660382439108
lt,2527,277.098188992,0.3632026581327616,273.8942616780599
lt,2576,591.745677354,0.2592596081414488,457.163524163938
lt,156,857.314178217,0.32622089982032776,2.366508394129136
lt,3696,1150.92263044,0.32371103429761633,1053.950742714078
lt,3879,1035.78957356,0.2866439850882749,1018.5169141881606
lt,1743,1381.03071733,0.2988893827423453,1000.5224960327149
lt,2710,708.883566898,0.270755107264448,194.5728739121381
lt,2167,872.855381956,0.3066203483562059,597.8117250031117
lt,2683,758.050043303,0.2739476629761204,258.1212843951057
lt,1541,802.316483298,0.2742036365666813,358.1291506299786
lt,685,726.240401437,0.22046006984950958,101.73313724293428
lt,3251,980.155128827,0.21089618920099618,132.62623057645908
lt,1564,749.346109108,0.299732826903913,686.5623708388388
lt,4089,977.690064203,0.26707404578340027,592.2856836057177
lt,2276,262.834899458,0.373712352881364,241.37073878867955
lt,4065,1278.62537489,0.28001411907386603,1165.90652142693
lt,1529,1593.84973707,0.21773174396549191,595.4048541798311
lt,2485,615.629607446,0.33298145072985463,460.1002409991097
lt,1373,753.818834105,0.18337352818982097,100.64004717060163
lt,2198,532.696339334,0.3441788012344322,270.80076290953394
lt,3355,1274.50884538,0.21926315778341054,297.0184991275563
lt,620,776.559489007,0.22284545720397653,40.48447053198721
lt,114,580.52266063,0.2435913675252417,256.1050028483073
lt,1724,467.331650586,0.32705783049860404,87.75695337033738
lt,365,707.054413578,0.25733996829902284,364.4240897683536
lt,1152,659.06193762,0.24107975008306803,270.17169066784425
lt,3689,1868.98526618,0.23338477625038453,1571.6053959865192
lt,1108,1001.08780823,0.36129427746117826,65.44109317555147
lt,3495,762.239082409,0.32055366820719433,349.5696685791016
lt,1452,690.096797929,0.24116565794577524,218.3547139784869
lt,678,1125.8769549,0.219021053338167,215.82276817770565
lt,3091,1264.50395776,,0.0
lt,1849,921.286607796,0.34403285081016605,533.3247203452914
lt,3792,398.467980403,0.4021996257908316,395.5238697425991
lt,1131,922.297856984,0.2811905858843576,274.11921682918774
lt,231,600.998463398,0.22552904101884422,224.02412217084097
lt,1895,942.137298582,0.2898405003857795,207.02380221497776
lt,2860,1217.95322945,0.2570133142557929,274.64243382472625
lt,1512,981.041439992,0.22018508476122406,257.2441417320102
lt,318,500.446834535,0.23127619318059975,38.91344855813419
lt,1916,672.355985818,0.3567143347231262,58.58551584879558
lt,3685,1116.53193173,0.2611409002138618,1073.6390362907857
lt,1924,1163.42154873,0.29277603838329985,886.3937219956342
lt,844,905.113505071,,0.0
lt,2319,569.433040528,0.3928117186375761,402.36478217629826
lt,3655,1531.95983874,0.25364647544667024,926.5465869379979
lt,1252,869.695814186,0.22611360391290783,235.996834339815
lt,316,396.852856865,0.2342068368287863,222.9632976756376
lt,2804,715.849355605,0.2063368515622231,40.69907977534275
lt,1067,763.541359647,0.2206927375570809,67.5459452012006
lt,2872,657.672605862,0.3828629629681316,189.57445723589728
lt,490,363.214087843,0.24968319695170332,32.337563548368564
lt,3061,751.517969114,0.22301220565122493,326.15156241024243
lt,3290,1311.34346001,0.20101705193519592,20.484456140854782
lt,2539,259.020124475,0.4520130625665188,262.5984950346105
lt,2475,695.098896509,0.3237488885015078,273.6467020670573
lt,2694,663.877053945,0.2852022877519893,254.7085242177926
lt,409,629.594314625,0.2500331035882879,133.82614590513938
lt,4178,1037.06933081,0.24865885830396514,791.1902434405159
lt,30,510.400252746,0.3173049675542756,232.7175822538488
lt,3465,973.743426773,0.36013703506272826,398.1496605667414
lt,950,883.877824634,0.2736375077140257,378.2382799036362
lt,2103,757.283309891,0.24807007689919092,118.72795030182483
lt,1493,1009.70647713,0.22980704608205135,119.29291914397595
lt,1542,710.022140052,0.2807882123029055,352.08536065793504
lt,2941,355.205231751,0.21907158506841495,152.29213756486482
lt,2328,281.608829427,0.4756761094590402,278.39830645392925
lt,1482,837.201692049,0.2089720913792719,188.6594702327953
lt,2199,1152.97496045,0.304745921211717,100.33550319297642
lt,1436,692.500523073,0.21388800231832383,539.7230485205557
lt,4003,1045.33775242,0.2770651820654932,998.0689811257755
lt,3551,1346.49053029,0.35711081607820144,729.0425531424728
lt,3612,689.891779389,0.3166227669073007,270.7719985662722
lt,3273,848.316738085,0.22265379414671943,66.18191528320312
lt,2637,470.34131396,0.2948339918346116,303.2839593326344
lt,802,463.702588363,0.2241328012830806,27.862885030110675
lt,1255,432.095153885,0.2797031855325821,267.7963658949908
lt,2495,1180.55016825,0.28041245626607053,141.54738401525162
lt,1500,984.515077426,0.22113796912840214,243.84314201205385
lt,2130,924.260693628,0.2927067047290588,584.4451964135263
lt,3184,1151.32902873,0.28629216103799005,661.248764516793
lt,2078,787.079253177,0.36603412695370857,358.81896691415824
lt,83,915.788132521,0.29774953264487386,195.3680633544922
lt,3160,673.185511067,0.37233436826216015,583.779811664656
lt,561,689.009558286,0.21645799623085904,27.341953651577818
lt,3286,1134.45488666,0.2149475326663569,69.85761688830806
lt,380,703.905804729,0.2891969716135602,72.04267569149242
lt,1137,825.797746711,0.2874595561647803,96.9798370361328
lt,2983,679.773783357,,0.0
lt,940,1072.74025632,0.20298824342899024,100.9331023272346
lt,2564,1300.29307299,0.25745090300540013,231.86757531259573
lt,4177,993.628483529,0.26219380172913576,365.38629000794646
lt,1286,692.583963786,0.23262135205324388,349.78324561025585
lt,3644,2380.24997593,0.26359545716867194,1118.778755187988
lt,2795,436.664326,0.2185536580268814,283.84359618542237
lt,734,909.059300056,0.2296351279261746,20.766409391515396
lt,4137,959.202969807,0.23571208129131715,120.56466064453124
lt,2212,1452.79670038,0.30477300434659577,485.3827479642981
lt,2128,855.793891747,0.2945598325933206,496.188606860591
lt,3800,763.914376361,0.28801893778887894,632.4188874188593
lt,509,425.016045035,0.1920107700390175,238.71668437882963
lt,963,1184.64069558,0.22332569137848807,371.1394864250632
lt,1741,1152.9910761,0.28671473359404986,310.03653920491547
lt,605,722.818397303,0.22625335937171093,223.72036467907475
lt,1213,327.82838941,0.4168579105426427,218.92082495595892
lt,3798,546.215863104,0.3507827134226181,517.3837904088638
lt,633,818.663486087,0.18535731367918912,25.762779564950982
lt,3615,1867.63809735,0.3037135271345181,710.4187624763041
lt,1818,1938.86655479,0.2812994969043799,225.68347344491997
lt,752,844.418727554,,0.0
lt,2591,1035.45116832,0.2960239442145023,257.85702415915097
lt,2965,710.025380107,,0.0
lt,3326,1884.60057983,0.21867924166964497,811.1935752120673
lt,1950,610.274717365,0.4478058670957883,504.39275584501377
lt,832,822.774476393,,0.0
lt,2162,745.971287465,0.28892167621701254,386.8992931590362
lt,2460,508.874885206,0.43936720500688853,497.13905325496904
lt,1005,1138.50578957,0.21859297156333923,8.673638108197382
lt,2740,417.36253731,0.22783515309006117,217.41887584013097
lt,1672,727.530615859,0.31769846319061124,574.0977530385934
lt,3962,2606.15347855,0.2319925724607583,688.6697025972253
lt,3574,2392.74426685,0.23626575471512204,1523.1896100511742
lt,2044,589.387606529,0.26677713019307703,470.7347775926778
lt,1138,791.861262568,0.2703576394567952,200.5300422219669
lt,2370,995.153241228,0.2818873855050633,422.0482349769742
lt,207,698.693244355,0.23611990732970684,299.2251433129404
lt,3902,587.205970224,0.3068136879813028,555.2282727110619
lt,1798,793.203859255,0.37006165251787637,606.6401259478401
lt,952,789.444517416,0.22509954071826888,392.6951145845301
lt,11,701.251725358,0.31022557260674666,242.4516093534582
lt,3332,506.594780153,0.23386597701217735,288.3438610301298
lt,3266,1464.17386304,0.25556442660695694,98.74778478285846
lt,1725,752.635597974,0.27719206090753173,486.8669879389744
lt,389,758.662266627,0.2730138118378818,84.13645546109069
lt,3237,2394.14377438,0.2105067287420117,45.171397489659924
lt,2801,704.720091305,0.2466428981504248,209.00985595104743
lt,949,695.427615154,0.3132578789828772,130.89843660242417
lt,2633,569.5470085,0.24612706188219524,191.94919828527114
lt,117,586.951876109,0.2894797651840487,112.01297795912798
lt,212,769.324306322,0.2629051699996206,148.03372832653568
lt,1166,704.411239369,0.2890501606582416,371.61117368211933
lt,2346,858.352855818,0.2665935208991407,860.3977134854186
lt,476,638.760155817,,0.0
lt,3256,745.066880856,0.24845641010936645,223.49453286563647
lt,2930,3201.41001782,0.22656121850013733,32.29591261919807
lt,2498,845.510063039,0.32921235732697324,424.3773609834559
lt,2470,968.720417681,0.261111706458401,106.09754889993107
lt,1123,407.434243827,0.27479861552402796,286.7366585825004
lt,3555,711.263328422,0.3393639145877349,702.260461246266
lt,1447,686.86078855,0.22367214977741243,111.67429656982421
lt,432,730.388376087,0.17236210405826569,6.047089939491421
lt,2168,693.651571571,0.36533743763401494,290.2376281139897
lt,2805,766.41786166,0.20374351884088207,146.51660685819738
lt,941,973.787659541,0.22082553831773383,84.37388745476218
lt,2861,890.606556071,0.2571894359564947,264.4026485966701
lt,2747,698.487634932,0.2829575467448447,170.93994589412915
lt,508,524.378316684,,0.0
lt,818,1053.12929512,,0.0
lt,3598,1273.77514652,0.32035416177720205,642.6497018253101
lt,726,726.647938524,0.22124481201171875,39.69296501010072
lt,1428,672.352175659,0.1995493356407303,101.95323366651348
lt,3278,1660.78299506,,0.0
lt,3843,613.512263336,0.33092463067893324,30.466002161362592
lt,3104,1286.92139017,,0.0
lt,3883,712.566448792,0.26654076127966575,476.69433402267146
lt,1160,619.130407943,0.25771111249923706,67.54239881926893
lt,3436,629.90925028,0.32552299271278745,497.948137589997
lt,2420,633.852091396,0.3250155431640088,527.8736056159523
lt,2582,389.828189677,0.3479255259728755,135.7575132781384
lt,2586,780.122311113,0.34283329911951743,27.834043974034927
lt,1469,786.809582714,0.23854731687735686,364.18526288200826
lt,2695,553.407823875,0.2594077796592743,414.88539721919045
lt,3824,1469.46949324,0.2644910686652701,1473.890017789953
lt,621,619.321307384,0.21602937963898064,128.2883923399682
lt,3899,1019.59769628,0.2460635315705175,1011.9581208172967
lt,1894,1005.33906494,0.3032313537464214,70.40920272527956
lt,1451,703.516370183,0.19292961713253406,299.54841389375576
lt,1145,918.013082927,0.22927225838585572,488.8356468051088
lt,1598,730.875355696,0.38827136084409963,714.4138601265703
lt,2594,403.514126659,0.26638189040665805,303.5479051477769
lt,103,623.656403816,0.39525075573100454,249.00809855741613
lt,328,592.110614229,0.21218975468757212,115.42529745662914
lt,1481,834.420207324,0.19748821000094696,223.60595155603747
lt,2663,332.139403885,0.29067913324680045,233.43770401898547
lt,2573,754.871580013,0.2881836482910527,83.76556973924824
lt,2990,636.043586074,0.27395890325736205,255.76111312567016
lt,1499,1082.81745275,0.20961953784586485,147.40942167394303
lt,867,683.35636911,0.16860127449035645,10.251455508961397
lt,74,860.828170347,0.2595110057841153,224.29482610365923
lt,1075,396.066314867,0.23494895660312123,116.43016471114812
lt,4062,936.586909777,0.2821289462168119,725.9605090571384
lt,880,854.860630917,0.18425310918918023,34.17098939185049
lt,104,659.946502289,0.3226364086241596,169.0730615952436
lt,1008,1165.92516522,0.24728432779802995,80.42803156235638
lt,2717,1081.75856585,0.2621144613648733,186.95720059263937
lt,3876,934.782253906,0.2892548955506661,948.6509715360753
lt,4010,1096.98509528,0.25981945830432224,1086.0416261859968
lt,1578,1151.53310996,0.32337158802227467,630.344119232776
lt,2744,588.736054955,0.2431942897197157,164.37604136747473
lt,3602,608.434257942,0.36071595437498455,509.7616121479109
lt,2923,1747.59889171,,0.0
lt,1244,614.0936565,0.27732293048748313,433.8897698795094
lt,3182,1474.41626839,0.28854859432280927,629.4728423773074
lt,2961,764.740073306,,0.0
lt,1487,1598.50292734,0.20414812411598074,258.5530979829676
lt,2584,417.099846446,0.271674234024017,316.153900086646
lt,3056,2329.18098104,,0.0
lt,3338,1530.1920297,0.2305854064742411,333.515131782083
lt,760,832.4953926,0.23693303126437132,234.73282312131394
lt,4037,1417.91410533,0.2715613800402901,1109.9445060281196
lt,581,574.148813251,0.22213632298203614,68.35360089470359
lt,2915,1753.92796812,0.2853761052852361,1538.3732846428366
lt,1567,814.692903184,0.2872071673345862,802.439613611558
lt,2852,641.184709463,0.21242416551264612,95.04812364765242
lt,3021,1505.50202101,0.25564104256374104,729.24194799685
lt,2085,916.940674578,0.3463890370365986,295.2470632515701
lt,2682,990.112584421,0.2843879544734955,26.258509018841913
lt,470,777.145648036,,0.0
lt,1335,708.514834662,0.2336809933690702,155.039519665288
lt,3028,1497.84131983,0.19156826802941618,240.28132135727827
lt,3982,703.839630365,0.30335544990836627,705.7326618269378
lt,407,756.407955116,0.21462403237819672,33.3909091126685
lt,3461,1284.71230485,0.391548454607089,354.8158048741958
lt,1783,1239.35342127,0.27153164300608107,1030.9697718003217
lt,1297,1904.5711523,0.27668624595567165,1366.2808685302734
lt,1871,660.089860717,0.3744653727171905,576.674764476103
lt,75,879.205244219,0.27161167154531035,263.4737653844496
lt,1662,2100.78298004,0.2240085762754751,603.5314157822553
lt,4048,842.419610751,0.30756895212436786,839.9468069637526
lt,2472,719.82439084,0.3128564868390698,339.0385786467907
lt,2551,436.82522237,0.39879304378923397,441.42049880682254
lt,484,826.840633235,0.2167101800441742,6.309811580882353
lt,2426,1288.77381942,0.33285377128624616,255.272335396561
lt,4057,898.442222585,0.27786022375492786,588.6001132142311
lt,3413,848.984964994,0.2514272456185466,536.5436145558077
lt,411,555.875261744,0.3024205977130903,304.7230908861347
lt,2116,1365.3498232,0.2532463081731403,846.3301032571233
lt,2406,579.884346484,0.4025062979185949,562.5447414622587
lt,591,748.762634343,0.25455338711088354,69.40459415211397
lt,4190,966.508284403,0.26249870067436465,605.2220376407398
lt,1554,723.451972194,0.26050642426619297,639.5227924421721
lt,978,710.886066087,0.2229152397897583,372.70899580413214
lt,2700,695.276382945,0.27082165323838026,143.63333300422218
lt,3743,1173.89245318,0.28696582612586635,1010.3338212256339
lt,2932,1124.40037132,,0.0
lt,2252,738.558482027,0.23627234995365143,30.466891539330575
lt,223,747.158333171,0.37252668358301855,93.60662907619103
lt,1687,919.555523065,0.29665046463838207,902.2597367529776
lt,1522,883.401756764,0.1951885271979415,120.86903366388059
lt,3222,1536.71521834,,0.0
lt,2063,1232.57636703,0.31228476315736775,365.13136889887795
lt,3690,658.557781471,0.3472258309832962,657.1074816236309
lt,834,769.043829746,,0.0
lt,19,639.464578952,0.29054949379713235,437.04282908720126
lt,3586,947.172063352,0.33303409060670286,945.4474971995634
lt,3654,1473.4675413,0.26968530089521037,903.1720187318091
lt,2592,1187.18715827,0.3658075920775929,148.3598175048828
lt,3561,1055.59178951,0.3061142088437786,1038.1584611780506
lt,1066,757.391049129,0.22643183090258384,67.28316387101715
lt,2843,777.216921374,0.2803247967782252,227.38159290388518
lt,3264,1083.01855802,0.2405315941939615,191.7176284790039
lt,2563,962.072472723,0.26270429108589477,190.64115824979893
lt,1736,1568.65744227,0.2816086984957116,787.708455553242
lt,2838,904.848479944,0.2705580075751063,323.7452966428271
lt,2251,475.882428568,0.34337566546945764,195.67131697710826
lt,3964,1079.99547363,0.2527080768503524,1058.74328957352
lt,3737,2493.1919071,0.26881762862576963,1643.507859173943
lt,3565,1333.99188602,0.3026523037625619,625.8300333958045
lt,1875,849.384998921,0.32144043413957335,556.9716902788947
lt,2058,570.563195511,0.39050471197016795,580.7979750689339
lt,399,736.164741983,0.23049237772270487,85.18713845645681
lt,205,696.757994942,0.2562257779642866,427.0154080260034
lt,2718,806.457517133,0.2370370937894811,142.84383248721855
lt,3691,1340.07059037,0.26992949765968594,1207.8534398995191
lt,558,684.877379931,0.2508479935084125,81.76323670031977
lt,1056,894.870795345,,0.0
lt,4066,1187.04578111,0.28405472983192925,991.5064170089423
lt,2596,278.088302316,0.29274565400900665,141.79611606971892
lt,3229,989.781315289,,0.0
lt,3360,679.412458023,0.20142020880175918,234.77926357493683
lt,744,663.746775673,0.23980943235610835,168.49563024184283
lt,4130,684.973872387,0.2142456836214979,392.1608809527229
lt,1429,649.338991585,0.18728563999819917,273.0142879411286
lt,588,730.861871933,0.19198255240917206,12.356205300723806
lt,1106,861.167761322,0.2783313884907606,101.70958943086512
lt,2737,949.506641357,,0.0
lt,2082,1268.57089189,0.3045511792346018,699.2454318476659
lt,2325,1344.07766938,0.2952360381796084,368.22274663588587
lt,2901,217.197600569,0.34572729413829195,43.06143762925092
lt,3463,711.739993732,0.39111269395431003,346.14862263997395
lt,2625,266.052743977,0.26359036176645456,187.48557577694163
lt,4071,854.3716871,0.34890126159337137,561.8097995533662
lt,3174,1749.22605552,0.28706821366759466,264.1836857515223
lt,3308,1393.83318267,,0.0
lt,969,847.232013811,0.28622862228095614,194.76765513700596
lt,4105,998.331799017,0.2763797821764651,910.1109255622417
lt,215,846.419310483,0.33061256181957915,146.19313740449792
lt,861,717.613983373,,0.0
lt,566,615.542327919,,0.0
lt,2759,690.593202658,0.22477730177342892,100.83042279411765
lt,2745,641.590924376,0.25847788050509335,149.67128035601445
lt,1374,743.387620208,0.1800396029348239,223.61537945317286
lt,1196,529.475722757,0.31478838025407396,140.34141217400045
lt,161,635.114399976,0.22980818041878098,170.12523713953354
lt,2873,605.992549265,0.32986708765938166,99.25102305692785
lt,1112,667.1703364,0.24602091765355646,390.8091014188878
lt,1855,648.435011441,0.26335663849327445,280.5895790548886
lt,580,491.367251572,0.2024648091227738,51.002298003552006
lt,801,1080.74305947,0.2710441687443593,175.063135842716
lt,3668,394.744761298,0.31038486052916964,348.24320759492764
lt,3064,1976.98252236,0.20142248531358428,296.7390012554094
lt,1834,615.739125842,0.3804536958578057,613.4587776034487
lt,1792,741.804217785,0.3457579668761501,521.2569350597906
lt,3807,798.270448571,0.28212425657722723,804.9690487431545
lt,1418,689.751197946,0.20611567266177439,181.3081952263327
lt,1072,337.274246225,0.24066084706264992,151.12308292762907
lt,354,796.897922442,0.29280986597461084,203.7713461483226
lt,1680,3138.43394191,0.2562822647162218,399.1039883781882
lt,2803,698.444499706,0.21540906433444404,150.71804677925857
lt,2179,894.795203503,0.29058227653933977,194.88901376163258
lt,1153,548.212234025,0.21760383758215268,188.17388551001457
lt,3719,1491.12795986,0.2722524180282161,1077.8357055664062
lt,2881,431.971981051,0.2941522824368037,363.3945993760053
lt,2530,3041.35836928,0.2973006214670891,440.1202560125613
lt,3569,1338.89600559,0.319912146156033,611.3827976600796
lt,2125,729.072052039,0.3082750723547032,260.57231828278185
lt,3516,872.685951548,0.2328463068209499,653.9636151482079
lt,3147,371.444805865,0.3729740674112414,303.83544494030525
lt,1236,717.624095348,0.253105110473859,326.9278671563841
lt,3992,867.538941429,0.24736439153690098,538.6854927511777
lt,698,770.258770096,0.2462850202593887,209.7717385086359
lt,2902,1062.81601466,,0.0
lt,2268,796.970063211,0.2909810679147875,457.26950492110905
lt,1815,718.89993642,0.3090259882292248,555.9309776455748
lt,2975,1335.62617429,0.1877783592415865,248.14182146857766
lt,1356,770.198670114,0.20918144470196062,140.05770739387066
lt,3226,1395.14718515,,0.0
lt,779,559.553154164,0.2022970053884718,37.85081284466912
lt,2478,923.335766825,0.3712395900437812,406.2659601248947
lt,2028,711.829106554,0.3433674135532501,573.4575493606867
lt,711,812.845740835,0.254727603346401,134.3259651034486
lt,2457,3333.15841189,0.3565879474172204,1854.6355340097466
lt,2665,731.107070278,0.3249203941829422,169.89177919275622
lt,1161,577.494495912,0.2795283743371702,115.11104072122012
lt,1995,877.965531553,0.39836677232850626,445.27576132381665
lt,3284,1461.04662468,0.19885490744402914,60.66603043500115
lt,1656,827.877467423,0.28157128548702676,583.3006564271216
lt,921,694.890472612,0.18212063610553741,8.411147173713236
lt,1879,951.050890197,0.27043832445857985,684.9150431015911
lt,2987,780.533710504,0.2436024388180503,228.18789786544502
lt,2644,572.439808476,0.300624071654537,300.9196572696461
lt,1515,1237.16754483,0.1961697869110798,253.82756904153257
lt,1329,1033.08484597,0.2311702241912542,272.241368970684
lt,4096,773.167707463,0.2795625555024115,235.86370230282057
lt,1781,811.170123865,0.3291992711680681,220.9600065044328
lt,3070,1310.88191555,,0.0
lt,747,820.567334496,0.22286945670843125,157.7174233829274
lt,348,594.990472594,0.24020227644773906,210.60659655402688
lt,2306,362.265806044,0.42635035477578637,252.1380099128274
lt,3623,1486.74809895,0.3083417521452341,1500.9126987532072
lt,3950,529.469063069,0.27126482359435977,220.8877825269512
lt,3987,776.107077901,0.256296027100091,670.5389480590821
lt,65,713.166316039,0.39205420349652953,68.36731241263595
lt,3746,660.580259253,0.31259742963468795,485.6031517776789
lt,2480,521.587159371,0.35533788037854563,383.9437731873756
lt,4093,948.301360649,0.2896011518622126,699.7128795848173
lt,1958,1031.91549626,0.3559041014453302,386.9605287439683
lt,2329,431.335514762,0.384245740364166,427.5770593979779
lt,3099,961.139656076,,0.0
lt,1622,2069.51798131,0.30528300022395266,471.88562648997595
lt,544,656.95769406,0.27411873087115673,114.36274315329159
lt,2467,676.401094955,0.3029132816633976,526.5497967888327
lt,3407,1240.64446503,0.24711845265377952,582.2375178617589
lt,3142,454.792815579,0.38981678531618086,472.1682997460458
lt,2830,593.530020118,0.25624710203440654,179.07244307574103
lt,1744,1472.70247976,0.2780568936163326,981.8663437787226
lt,201,583.21036229,0.3445959848087736,221.66005724738625
lt,415,631.768039796,0.2724848379601132,144.60470251943553
lt,2018,651.50229163,0.32008450574806474,640.9739934285482
lt,2381,769.573754324,0.3036359221768881,137.35651583204083
lt,3358,1062.34161711,0.22194158583391713,320.9172763001685
lt,1905,1305.83107878,0.28181062302856547,593.2156472299612
lt,1571,743.753336435,0.25817817203054727,497.1240985945159
lt,3614,1093.16685145,0.2929617299941247,386.59377821380014
lt,2234,627.457882462,0.321841341648863,615.3892311544979
lt,892,597.326075405,0.2048366892310331,285.1935425702263
lt,1234,958.441670993,0.2853305252159343,44.67663197236902
lt,2967,579.248121472,,0.0
lt,4132,787.326783413,0.2230825942851861,128.96953923842486
lt,972,1160.80253725,0.26483772661004745,275.98558762494264
lt,3931,715.618696855,0.279681257851627,715.7075853534772
lt,830,622.589842624,,0.0
lt,2090,804.892457758,0.3939480311417765,271.07950143253106
lt,3016,2713.79713472,,0.0
lt,4146,844.762806833,0.2598285621329909,83.79212891821768
lt,1202,751.30368898,0.3557368908239447,60.446363860485604
lt,1729,1025.7619801,0.2566087036765238,111.93004114487593
lt,1597,2180.90244989,0.32735679666070183,2150.3258941650397
lt,2590,947.954961855,0.26501146463695485,161.226405693503
lt,1673,740.375936649,0.33856393915812183,492.64626222498265
lt,2157,915.577913986,0.3456129013163269,247.42813846363742
lt,1091,388.336935941,0.22653081632374963,249.94198653277232
lt,3416,1355.03539117,0.24134130726357103,394.72801753025425
lt,803,1035.01995072,,0.0
lt,2466,605.598839508,0.31177763521009016,590.8913399789847
lt,3391,1088.77515551,0.2222009261018362,617.6851313871497
lt,44,469.911340435,0.2774934840561757,418.6262766520182
lt,1788,1214.21352222,0.3383539297705189,488.1562563129501
lt,2646,668.076521894,0.30196179467089035,178.55661145378562
lt,1827,687.120615581,0.339395124892904,347.8470327040729
lt,1242,1281.89728222,0.24876937470828506,105.38460232603785
lt,3154,541.860081355,0.31810096311017544,522.064420303644
lt,3313,1318.28290799,0.20585215456955813,147.8510663200827
lt,3859,726.477386151,0.22259173701651652,105.58083226821003
lt,2924,2033.08928157,,0.0
lt,798,948.622060768,,0.0
lt,543,606.334730651,0.27159302754457604,113.0480780508004
lt,2998,1007.79809468,0.2243702022269084,468.98882183000154
lt,2432,615.526942021,0.2554478479647323,558.8616750380572
lt,2962,708.474112921,,0.0
lt,418,703.257023898,0.29303648172157953,189.8264540429209
lt,1466,996.88142804,0.19023646414279938,23.12302724800858
lt,3447,739.520763864,0.4037056569610022,741.9402464324353
lt,2239,660.330490141,0.35442813249728095,181.49085564706837
lt,3650,2471.51623309,0.2278796957006535,2079.2256227979474
lt,2598,427.934470433,0.29143038392066956,20.481709379308366
lt,3567,1026.33428874,0.33319993405638654,751.6257124059341
lt,444,694.951669738,0.21789145085982933,131.7196771060719
lt,3875,639.343426687,0.3102758114751474,625.3423005047968
lt,2233,742.977733602,0.34138824934810813,573.1031840006509
lt,3891,778.532061962,0.2874132899935863,377.15428583481736
lt,2826,453.689518784,0.2615713693567215,171.19629552504597
lt,3361,1220.12689203,0.20839967162057915,195.38665089326747
lt,275,625.590304233,0.18882017669739662,40.49149187873392
lt,2859,2998.52657114,0.30195156727966505,74.83079663444968
lt,943,1059.02043004,0.19727951332704344,105.66449513154872
lt,2603,2437.48510568,0.348888320260142,159.6520752551509
lt,2418,812.285743936,0.2682014964368345,448.82380631390737
lt,2516,1073.51013569,0.384887685352723,304.8846378999598
lt,701,815.265722446,0.24741429517482108,226.59440247778798
lt,4016,770.683073063,0.2231717509130199,775.5962943581975
lt,871,784.203839437,0.19172688937161111,120.12576021680644
lt,170,483.634482989,0.22844557274471627,216.9292221069336
lt,915,778.662303718,0.19472132933636505,75.70081374224495
lt,1551,685.442104041,0.272681118222208,480.82644384047563
lt,774,625.88201649,,0.0
lt,263,621.774133184,0.2457160651683807,107.01385279636757
lt,3220,1348.30435772,,0.0
lt,2171,1183.87890783,0.34371453131130314,445.7291605033127
lt,478,490.505025645,,0.0
lt,485,858.158487739,,0.0
lt,1644,932.430953732,0.33379692927893506,589.0790112663718
lt,1251,867.102737744,0.25184800904781485,437.3044279210707
lt,4113,1363.2276522,0.24414482482373273,1044.8675988590014
lt,1348,979.689383773,0.18876945851404314,145.57695901908124
lt,2696,561.953785451,0.2732151934755183,224.7730210248161
lt,2689,819.252076565,0.22718536911419082,95.05644357718674
lt,1023,1011.0480963,0.204807847738266,3.679674574908088
lt,1873,1063.56118812,0.290349671877815,927.4079240387562
lt,3874,880.865421008,0.28366075494776727,871.1695755902457
lt,3803,674.496949912,0.28232091526417974,504.5141682643516
lt,2721,258.260795828,0.20375383303885244,220.04318919462315
lt,1387,689.014826968,0.21601690282228544,106.68292951396867
lt,1440,683.914503838,0.26820463479526585,407.28642392626
lt,3624,1071.37367673,0.3178355020703344,1061.8001307468787
lt,2059,571.229227296,0.37800964958420624,560.0454656862746
lt,1893,833.700393273,0.2843275068379525,151.3273827047909
lt,2846,798.022054745,0.3292000420734322,108.43904206519034
lt,559,648.917586202,0.21835466501889406,56.787238625919116
lt,3042,522.627955866,,0.0
lt,829,872.209526569,,0.0
lt,459,757.446183104,0.2784868336536667,104.11432818244486
lt,4134,768.911508574,0.24084824258682283,277.11424659280215
lt,1009,1016.9363545,0.24888040236205114,95.40972658045152
lt,2204,863.098837915,0.2995649427046507,606.7356755873735
lt,336,646.427886519,0.33297162010984593,83.61132632984834
lt,1765,1114.20994894,0.2531545198429967,497.1000105016372
lt,1158,1021.08318847,,0.0
lt,3768,594.762413137,0.36249779458379927,511.8649691114239
lt,102,672.350229737,0.446315648117122,88.61224697337431
lt,1663,2109.80964262,0.22518599788884866,729.121165556066
lt,4069,882.009166388,0.32609677697303296,605.6716711306104
lt,959,960.783766938,0.2556829555501267,85.95127060834099
lt,1455,695.273909379,0.2615537003079462,177.62707244274662
lt,729,836.401394027,0.25635450885964495,71.23701623654833
lt,2885,1586.27301045,0.4264985589942555,146.2499210133272
lt,1923,980.17256333,0.2955685656234935,802.8524230657841
lt,3671,703.828482074,0.2392085407289018,421.51878084668925
lt,2783,711.416640799,0.24333445564596895,297.2378061331955
lt,1739,796.399052684,0.31786661851776843,219.65369789273132
lt,4041,853.68056779,0.3141611019039855,785.8400808296952
lt,3974,743.765598817,0.27451331734831574,718.601678646312
lt,536,529.858260822,,0.0
lt,979,1096.69133182,0.2363650039947185,144.82530359006395
lt,1719,959.186089369,0.3006003188098421,530.7430006438611
lt,1899,922.29618674,0.2649256376201145,658.636761564367
lt,1685,445.00712953,0.3308678409663342,448.2387319527421
lt,1665,1644.54928539,0.30381312990497733,972.6815396477193
lt,3043,956.78716349,0.23237068573122516,71.42859278660195
lt,1448,646.223748009,0.20197632793330064,278.00211729161884
lt,2725,239.645090344,0.26838820300558036,178.55566944795495
lt,3038,470.04029482,,0.0
lt,2482,1257.21673215,0.3220184819849007,282.57438997754866
lt,1970,558.160761061,0.40304695851797523,354.915794432397
lt,3820,781.78451103,0.2751437006992645,783.6981303794711
lt,965,729.235169755,0.18236025288701058,157.7081956452014
lt,1532,1530.82175985,0.23159059399756782,629.8225261912626
lt,1479,913.281667834,0.20908031499323748,252.246737760656
lt,3701,1414.90851792,0.25387661051517435,1237.5223709106447
lt,920,779.373468534,0.18212063610553741,2.628483491785386
lt,2892,763.387767631,0.27691357187106846,54.87683186250574
lt,4199,1210.39249003,0.2575870942429337,746.0271576526118
lt,3866,508.244953479,0.3152182561482569,508.2062584372128
lt,1117,466.263731434,0.32499212255663046,331.6777670168409
lt,3325,935.322714876,0.23211245314893603,231.35818224140243
lt,3919,702.342763305,0.2602466131132413,709.6619808122225
lt,1560,1305.03201455,0.28573968897128427,658.4434175678327
lt,416,842.045323693,0.2941243278000179,78.34940215466068
lt,1197,1163.45542327,,0.0
lt,3194,2203.4260367,0.2633389374283744,1553.3344590430168
lt,3341,684.512947525,0.25096012372591475,360.0401067397174
lt,4131,623.205713477,0.22057407304685184,385.59476641486674
lt,831,630.597131497,,0.0
lt,4138,662.300180633,0.2338039881119164,244.28164358700022
lt,140,616.403592413,0.3308200947592192,168.80764797435086
lt,2525,722.963525582,0.3826469922698676,492.1159489949544
lt,3488,1513.94821123,0.3240282123259614,373.99847717285155
lt,3496,718.518687683,0.30110795940644447,411.02598847033926
lt,1850,538.446273026,0.42016990420780537,530.1730740117093
lt,1658,393.507126908,0.34169487253659303,378.3560810463101
lt,2041,597.399624894,0.32614718106148016,347.53673625272864
lt,2996,777.481279359,0.24397750060225637,395.19870877733416
lt,2520,418.809146165,0.3390460979630051,345.0611162073472
lt,3673,736.018047199,0.2529588812092502,595.112757215313
lt,3839,1430.87320219,0.23657216946499637,580.6935066671932
lt,1518,1016.19759903,0.2031083248439245,134.53316396077474
lt,858,1000.74155177,,0.0
lt,3790,776.494105613,0.33200866211465885,707.0076432770373
lt,436,713.029586863,0.20004100340311648,112.26542801202513
lt,2788,583.940996072,0.24631430718157166,204.2839905084348
lt,398,790.868499125,,0.0
lt,7,733.816900063,0.29814738310771444,307.14127672980817
lt,895,937.408498586,0.2677548471317496,488.90355401132626
lt,1901,825.707871882,0.26672497543691365,643.9243799246993
lt,2855,790.032776357,0.22189186708285258,170.6666675642425
lt,2910,662.643106683,0.3213787981927795,273.857757508521
lt,614,493.313195573,0.19361814517303216,252.89842954149435
lt,315,583.139819918,0.2176124316836716,114.63652038574219
lt,313,732.398577286,0.23755207771274645,103.59341161391315
lt,2146,711.798508473,0.317392376402639,487.2459348790785
lt,219,661.851487044,0.23005422272465448,199.57019276338463
lt,1300,2116.34424056,0.2670754742697414,772.350319776348
lt,1006,607.790268992,0.24172990302789835,105.39783726112515
lt,2687,405.641365187,0.24288072393730628,361.3184774660597
lt,690,806.657701168,0.3157655596733093,3.9431179271024814
lt,993,1316.3876746,0.1935010977651713,55.72299682018804
lt,496,879.816120193,0.19048740330970648,26.027564763087852
lt,3366,2186.1933056,0.25256700225711537,284.1511592790192
lt,1697,1167.73368133,0.3427201589058772,497.36541694192334
lt,3151,785.341323703,0.3515497138127845,730.5720197490616
lt,513,727.886749718,0.22192555340930356,92.80471278171913
lt,383,672.189213168,0.2675669103422586,35.75830078125
lt,3537,826.071901349,0.3636607514350854,821.7623836143345
lt,682,769.679060147,0.22039859770425682,96.21306295955883
lt,1579,1133.60779511,0.29959326012039444,665.2899602553424
lt,1779,723.016606117,0.3160160268615999,101.67859398336972
lt,82,632.499413545,0.265370280796414,239.01725221521713
lt,2532,322.654056007,0.4227787188750196,323.5243217617858
lt,929,1137.97684314,0.2073143008246756,269.6812640919405
lt,4051,851.01176437,0.3332347048219356,833.3829923143574
lt,463,1762.39837865,0.30365520468342444,66.51737320843866
lt,2538,3397.44779382,0.37941397494028095,1136.0011861763746
lt,3801,554.266967115,0.33063223414853815,519.4845841052486
lt,3852,1318.80317513,0.28308054287986645,1316.8588366938575
lt,3942,243.259448757,0.3256100048055966,244.52452416513478
lt,3599,1283.21767825,0.3341619911569606,618.2259976256128
lt,1116,590.904519759,0.29677514649938397,181.60780540915098
lt,1704,813.791093847,0.3088205768920239,461.63394353529986
lt,43,410.510073425,0.30096125257046474,401.27039187562235
lt,1989,1835.20850443,0.30425388757099037,484.42341000426046
lt,3218,1589.86200042,0.22272914554923773,75.63359276266658
lt,4088,1232.4982326,0.2609694206254829,738.8464739930395
lt,2577,419.472463278,0.28479611650888875,175.6705915563247
lt,31,598.54389097,0.3382800833143369,130.16391529756433
lt,2891,1042.67077791,0.26107028126716614,26.519407923081342
lt,174,572.179460271,0.28829083182662024,276.3553014418658
lt,4116,1896.02021158,0.2521744722800117,1173.827492717668
lt,1600,805.161595342,0.25435524849195834,580.6786663579006
lt,73,769.216988297,0.269365645260122,280.3030696494907
lt,3408,636.320533055,0.27741045147334975,253.43255929385916
lt,717,668.429083259,0.2952929139137268,6.045979279162837
lt,2296,1084.7855854,0.3598701348399694,741.9704488118488
lt,3711,3444.42874306,0.2244485264918843,48.06251834046606
lt,2221,728.555270193,0.30278758147076146,445.71645750157967
lt,653,289.561732279,,0.0
lt,1411,687.290015906,0.17038546506585125,294.03542211196
lt,563,805.771397275,0.19171597063541412,1.0516136019837623
lt,2272,230.669448626,0.4687989238197798,229.55240975174246
lt,659,659.596203821,0.17602880398432413,55.20468767951516
lt,654,363.375351176,0.2140264314259993,163.77395190070658
lt,16,759.151660612,0.24922249439322902,196.9594545252183
lt,3658,1587.27845084,0.2593055557079133,851.1730017269359
lt,4002,2360.26237006,0.28997015076142385,2346.255052903119
lt,1592,646.881950869,0.2793679324738485,639.0109605078603
lt,3796,610.814324691,0.3562843139988974,437.8058344822304
lt,1093,1300.37669277,0.18273155391216278,14.980735778808594
lt,3050,1471.66503145,0.20213996023279113,115.28378607058058
lt,2089,697.099947885,0.3984259522479513,120.83008829752603
lt,2481,503.051828188,0.34961405891590014,248.17163534725415
lt,3716,1160.00357442,0.25808801497001377,1059.1941947787416
lt,419,614.304753449,0.2527672600315766,192.9817891438802
lt,2022,1015.13027052,0.2514212173672186,638.6113666908415
lt,516,580.361902067,,0.0
lt,647,1128.08247652,0.26317201857280015,104.89001042983111
lt,1607,1550.33407227,0.3153998784231929,1417.2560359281658
lt,2286,631.611036828,0.3978298601976135,545.2547219070732
lt,2674,944.968282128,,0.0
lt,3241,816.209330911,0.22719775895384767,97.43400394215303
lt,1686,711.686407357,0.3422734306500645,708.3555871701709
lt,1953,655.500199468,0.458475189451047,300.79568735758465
lt,872,895.109439629,0.181646459370163,159.29130320829503
lt,445,730.612821759,,0.0
lt,29,428.507457839,0.31582903801824785,247.44341442631742
lt,2738,698.624330576,0.2692277265578202,25.470623150993795
lt,1256,1367.33683654,0.2201736338146321,161.8862355849322
lt,3246,1231.95059933,0.20263727873313325,156.2627155079561
lt,2228,568.481471072,0.4105885053622747,252.67042999267582
lt,47,503.465314585,0.3149313231309255,119.11922768985525
lt,1046,789.571368637,,0.0
lt,3500,962.599873469,0.3858740389869923,928.1482068230126
lt,3552,943.791863402,0.3371067127986373,812.0325914270737
lt,1338,827.283610443,0.27463582263702585,203.9153903437596
lt,2336,1360.71856194,0.2627752498097596,256.3342918844784
lt,3952,869.459131582,0.26202301001307,841.7912886376474
lt,862,715.534938976,,0.0
lt,2084,1151.87681932,0.34683571918723505,509.5907523959291
lt,2771,536.246553615,0.21871274129837345,116.06001790364583
lt,1657,846.61436429,0.2615465330207698,608.5246423758713
lt,577,517.502148942,0.21061923202091964,83.33938209683288
lt,1854,579.244441707,0.29107411666651556,542.787561932732
lt,552,645.29022697,0.22353320122631484,90.43908715341605
lt,1503,1341.97145047,0.20329433641057337,477.7032485064338
lt,2574,735.951063128,0.28029538997741354,126.30453960942287
lt,1624,2399.25735595,0.29846848981116963,544.4036871517405
lt,3694,1593.39988154,0.29328618592680394,1514.0810668047739
lt,2009,801.302550314,0.30185001493765795,123.72949308507583
lt,1513,1042.03814248,0.20378107954535563,374.4359225104837
lt,3204,551.615759902,0.24442061363713236,317.2354769538431
lt,2303,489.299727556,0.335613260536246,480.6407263662301
lt,1146,613.410254154,0.23576297001243354,439.9535151762121
lt,3315,1820.45881759,0.21589023713350017,224.00751513312844
lt,2521,491.54035239,0.28269141415754956,216.6481737623028
lt,1077,244.612427531,0.23315151873975992,63.07745675479664
lt,2550,788.851832777,0.315229961261481,429.6044062595741
lt,2509,670.712507325,0.3636841634255599,446.9547774969363
lt,1694,986.602239341,0.34714170678915734,395.68628854190604
lt,61,826.210351246,0.3165440439399945,261.90056726792284
lt,1617,1961.64167822,0.2533651234670029,317.13171461516737
lt,749,536.646402778,0.21722496491799384,170.33412679036456
lt,1071,706.552505718,0.25789776500833933,131.93727051978018
lt,2359,730.909650903,0.33050441830263316,345.62406930362476
lt,2992,653.883474014,0.292417501652991,150.20088551839194
lt,1477,866.297337872,0.21507341366540006,463.5036617204255
lt,2969,584.427958971,0.20215550065040588,9.45295015222886
lt,3529,653.433196743,0.38306154990447805,647.1214294433594
lt,396,1141.48201997,0.25976300783573636,33.12848420984605
lt,2006,835.129728837,0.3468526702143194,271.1024519677256
lt,3990,738.835825463,0.25685340432062304,688.657994408701
lt,1824,766.972639191,0.31927739122790927,652.0851583144245
lt,4100,722.557888975,0.2681377679469217,652.9627457263423
lt,3834,438.571717529,0.30426135042153474,435.7125225291533
lt,3201,2546.77262075,0.2621512833484308,2233.75952612185
lt,753,632.703292624,0.24384276568889618,15.771631577435661
lt,1218,930.807938767,0.4682358095520422,29.96033917595358
lt,2561,487.080566889,0.23497148138867377,257.8652629777497
lt,352,642.398177956,0.2465557406724806,275.8136260088752
lt,548,351.564070576,,0.0
lt,1974,1316.41242141,0.33377400254387973,314.984019500134
lt,1603,1579.65213376,0.3015079968692543,599.8563610301298
lt,443,723.407376418,0.21910117979509286,130.9309626859777
lt,936,966.178027523,0.18645330089626044,206.8598960427677
lt,3649,1293.03653831,0.2675361302748344,1294.489173410453
lt,2699,668.580044357,0.2837803240536767,214.2685799991383
lt,2042,539.519080962,0.3461901524052251,362.77252954221234
lt,458,742.460319722,0.27753592663890375,221.9000918220071
lt,1186,504.583649708,0.301671631516849,283.572273015041
lt,2760,595.800234482,0.2062107109065567,29.408873314950984
lt,3025,1431.45056348,0.23016229179512537,355.8268151376762
lt,471,790.095772946,,0.0
lt,3259,980.615881714,0.253822645277549,204.84860409007354
lt,2580,1058.92364567,0.3515454630057017,11.816431382123163
lt,2447,351.865678174,0.40737721565784063,239.51211598714193
lt,2013,1161.59678119,0.29552687933752814,510.6754167444566
lt,1494,1157.08049879,0.23453206624593828,161.86011140112782
lt,3359,886.287360495,0.19958626059626763,259.4654263963886
lt,2313,586.306064629,0.43545748068633694,188.0518861359241
lt,1323,780.600801075,0.22519374584279406,150.83793768789255
lt,3066,587.761789807,0.20045568474701472,25.734854903875615
lt,3727,783.858592943,0.2925331799537247,773.706454737046
lt,3475,1086.34878161,0.3507451440122994,346.6784062105067
lt,2666,932.382132673,0.3093974510147253,145.47143940645108
lt,32,705.429371507,0.3227581665959469,45.228697982488896
lt,848,384.968794904,,0.0
lt,3210,966.439451602,0.23735076426747645,373.6990568273208
lt,1347,1177.73491962,0.1709849264186162,286.9494524787454
lt,392,503.845304756,0.2795512839941911,242.67993588915056
lt,518,680.993216218,0.24565087258815765,16.82564529718137
lt,2719,777.944306422,0.22563769021107036,171.99047836602904
lt,4012,766.466181182,0.24224603667440064,678.6800065582873
lt,1027,891.084170803,0.22399214054402633,265.9882137522978
lt,2686,470.352507089,0.24139921164628372,135.23191713819318
lt,3652,1468.53736524,0.29064246091783236,1074.9232527788945
lt,2351,994.794742652,0.32367085851308836,582.2602582146139
lt,796,2557.66841554,,0.0
lt,1621,1877.98251072,0.3760953695018117,269.3115661621094
lt,3831,697.791107726,0.3140803093586507,688.6297619688745
lt,2153,949.757834676,0.3343859999671369,413.43232478721467
lt,2032,1476.89841264,0.294835417646538,374.0716606888117
lt,113,715.151536863,0.2510181780780019,291.07672549977025
lt,2735,491.850486159,0.26980675711431573,68.79694088206573
lt,486,768.896154413,0.2167101800441742,10.77926145067402
lt,2653,416.713022225,0.2851591379869552,176.45787972842948
lt,2397,1448.95408237,0.29587428675023547,203.79992484298407
lt,266,600.969877133,0.24670349693201615,129.6257552502202
lt,2777,643.57085335,0.2643542262010796,45.16367265289905
lt,637,821.203739152,0.20344974100589752,13.669992005591299
lt,2692,951.201214275,0.267935574054718,4.201383463541666
lt,1669,479.350835959,0.385619249342577,483.71490583232804
lt,3195,1251.2867476,0.28513143800909246,1027.5916057811064
lt,2796,542.421430371,0.21184511967003342,10.502997753666897
lt,1053,1130.96531022,,0.0
lt,2400,618.030431516,0.3663853406214658,226.38548120236865
lt,358,760.569812357,0.27534694031103335,176.16447843663832
lt,1859,825.546101318,0.23874690717664257,106.66649241727941
lt,3863,1042.52880317,0.2333713971579556,585.6883755852195
lt,3417,1104.72965717,0.23888900748840192,452.2445827409333
lt,3245,1178.94332638,0.20180487695953775,160.9899633071002
lt,3330,3282.95209531,0.2082847366969199,1430.9415247000904
lt,3419,2376.85725391,0.23171225296880685,1789.5561020196649
lt,3170,399.407419908,0.32890840278361444,371.3274226768344
lt,2714,551.911821311,0.27816466063261036,210.0642110787186
lt,891,685.401586732,0.2195655522077375,165.33314924053118
lt,2376,863.86344571,0.3177611290833465,462.7562123616536
lt,2871,575.885846777,0.37208312058702425,246.81398324405444
lt,3867,592.132075049,0.3162284561275061,591.9872565774356
lt,3887,859.152804173,0.25176270360701836,508.99963283164834
lt,2366,967.842017719,0.2948863681803803,437.5436319388595
lt,2102,958.691216061,0.2524599228492113,391.11897577023973
lt,3344,1408.80606336,0.23892029621621552,581.9494493372299
lt,2226,774.00097096,0.3291398999540101,392.13745488185504
lt,278,674.049067653,0.249146976346498,119.63297361486099
lt,2799,381.316785269,0.2348250852704543,316.40307766783474
lt,3588,771.559750563,0.3438615884203529,753.7342847936292
lt,2854,744.175958416,0.21721492653212895,107.65136524275238
lt,2322,901.517191739,0.2890780300917755,909.2667505900066
lt,2684,213.591618228,0.30300230718924426,217.68335906384038
lt,2688,521.937106622,0.23937356025929662,164.9042767094631
lt,2575,1785.78578104,0.23924706084699165,1076.603108544443
lt,2377,778.686413159,0.3247023342117186,529.201743959913
lt,1641,1681.36386177,0.29297880349685207,775.3634977153704
lt,176,654.657331034,0.3223429865014236,148.56426508286418
lt,3449,2416.81910959,0.2918654573464456,1131.698044720818
lt,2566,820.185316393,0.3270938861075391,164.6440902709961
lt,2767,434.879062273,0.256244440815028,111.59579542571423
lt,3687,3341.63979201,0.2430657992254578,3327.30556900922
lt,1463,621.306964271,0.1838279265345949,86.71144507913029
lt,2952,1486.5138308,0.20884350206686822,121.30968618953929
lt,800,637.776241814,,0.0
lt,2339,433.014193996,0.39232573321649244,375.569775540221
lt,3523,1054.18791804,0.2220459986910826,416.0102858599495
lt,1464,835.72014962,0.19395406479420868,108.78358450496899
lt,531,463.957986417,0.2488036523448268,323.62760099523206
lt,1524,1105.91661165,0.20508560703621814,182.35410958084407
lt,2242,572.448570915,0.32597682535936984,542.3688010421454
lt,2176,1712.68679469,0.3488772350706552,179.65597067440257
lt,1543,727.409991357,0.2735625593357537,350.5083044912301
lt,1473,728.121015796,0.2340416803445718,383.6271356320849
lt,2023,510.336699516,0.34902288100615564,488.3468294629863
lt,241,573.339294257,0.20983120482536702,160.9176185757506
lt,2776,608.889148904,0.27326295658010213,108.70794453340417
lt,657,1049.93065603,,0.0
lt,3764,867.745297259,0.2882657555623089,841.2043208103554
lt,406,761.775360815,,0.0
lt,3288,1264.03662681,0.21863915415497512,145.75511438706343
lt,1372,688.830696825,0.1955193430185318,0.26276753743489584
lt,4124,852.150432863,0.2501130793337878,467.2794313617781
lt,187,863.064366093,0.3197718065490895,87.03445039636948
lt,2977,693.703317316,0.2008253037929535,44.376652706370635
lt,3162,924.30966475,0.34054449770766343,715.8708775239833
lt,2040,821.897981128,0.3235858251377085,571.3467335420495
lt,868,683.592666988,0.1795515802598769,40.74296420228247
lt,3270,1382.16289384,,0.0
lt,1421,666.729108046,,0.0
lt,106,704.700439648,0.22706167233743885,228.7611209644991
lt,1742,1364.32148018,0.29107844752715983,728.5842866187
lt,1352,1214.14254085,0.17448211187820645,285.6359339695351
lt,1555,827.625939592,0.25547273115551694,596.1691821229223
lt,865,1010.12300673,,0.0
lt,1446,705.931341808,0.21634159273470982,242.5306826124004
lt,533,642.957644156,0.20888871198634804,200.59187843472347
lt,3628,979.702908064,0.2883038264393006,978.2789194443649
lt,311,683.894474942,0.2598211967724341,177.47583411721624
lt,1810,788.168658013,0.2970169747614912,364.4022273344153
lt,2345,493.129140342,0.37908847075007385,492.17958837770954
lt,2373,764.94734117,0.3412897979111269,336.69295477773625
lt,1948,759.02117245,0.4399671420011236,273.47632365507235
lt,111,716.169889542,0.2913148369209296,231.91523051542396
lt,4108,708.794518906,0.29669675464868445,635.8992015763826
lt,1044,1293.61599076,0.21633844922631337,182.14266895967373
lt,2337,674.33892388,0.270444778604719,76.95263698802275
lt,3494,1240.5143475,0.2884494663729352,1029.5403850779812
lt,1691,1354.31044365,0.330737598291166,1002.0939647001379
lt,467,752.609152557,0.21932848577467814,119.09971816119025
lt,1175,733.308382785,0.42337362279593505,184.7531967462278
lt,97,513.867244255,0.32432262818602964,420.1838125490674
lt,37,680.348766865,0.3938406613347255,141.47041111366423
lt,2088,691.386262022,0.3871418888815518,190.438995959712
lt,3604,962.949241734,0.2807336308523617,919.9904907824945
lt,3477,791.044122273,0.3113170423969056,453.3094972498277
lt,986,515.266076102,0.20252798045619155,93.57137804218367
lt,390,852.33262324,0.2287366183243207,177.73778755337585
lt,3772,1713.82127203,0.3418663508182488,1112.7614743700215
lt,893,1023.23866566,0.19690778832726116,437.9098720176547
lt,2101,824.71189854,0.2391919220157668,455.21075454412727
lt,1864,620.062348548,0.31546076393760414,623.4436691284183
lt,876,812.119619076,0.17721300587487318,63.87387228573069
lt,2503,1470.81561534,0.37290109965125323,186.18876689836094
lt,3385,491.277533783,0.24828823678519416,483.2220204671224
lt,2436,433.49813798,0.4177318187588352,216.92527902640552
lt,2623,789.626574378,0.2605043975656922,237.90124395033888
lt,1198,792.141777351,0.3051944582751303,17.345557358685664
lt,629,1225.59257,0.20261229574680328,0.26288625679764094
lt,3373,465.059236066,0.2348827355646309,458.7949803969439
lt,474,793.760203331,,0.0
lt,465,1276.48092569,0.2297446395484557,84.6582612879136
lt,3231,1262.81452456,0.2108234009808964,14.181555983599495
lt,705,557.535532595,0.24237478269289617,19.18941339231005
lt,1345,1286.5748759,,0.0
lt,722,717.16263797,0.17212189733982086,0.26286776673560047
lt,1870,1302.67882414,0.29907124374067384,705.1439337636912
lt,1403,600.161647852,0.1562568706460297,84.08515511307061
lt,3647,1538.17093551,0.3086809434421991,1030.5436926449045
lt,3669,1282.6441892,0.2223215359698963,319.88046168907016
lt,4068,1004.46310391,0.3299365466639142,742.5133771709369
lt,1325,801.477709195,0.249200837955596,196.56171539905023
lt,1354,1120.06513703,0.23010982613628495,327.94123424455233
lt,2612,495.533087142,0.2659842074547459,124.20356289732689
lt,3776,534.66398922,0.3571178747618839,429.66504953421787
lt,301,637.046623103,0.3085389934851292,137.24915672751035
lt,2338,440.607674724,0.35529340223895023,182.26977706609986
lt,303,628.671926976,0.24319680271252908,48.11603097354665
lt,99,423.503928442,0.36159199347409104,252.4264575733858
lt,3420,1134.55266602,0.235982967409356,588.8127455468272
lt,2818,549.479856051,0.24504105280083355,195.35309433282592
lt,1484,854.32464767,0.2191213082399342,191.28699242086972
lt,2739,477.811044541,0.261728346316438,124.72722356459673
lt,1897,1061.16964322,0.30372638255357737,239.07511782178693
lt,2708,609.16771063,0.22697156959500156,138.1182284186868
lt,2781,532.100832875,0.24404718176519655,249.18711239683864
lt,2552,1061.41329557,0.3396886873001956,591.8867758059034
lt,1800,1025.91562089,0.25819967437744645,758.2357426961264
lt,3786,977.949783965,0.26408557112281494,455.9337335324755
lt,584,636.911726261,0.27011519634641734,76.50344426772173
lt,3268,2112.6937672,,0.0
lt,3161,1660.93145806,0.31322347734222566,671.230666545793
lt,3287,1022.54787269,0.21460630869722533,153.37132831648285
lt,2729,659.493728626,0.2613890255907707,190.89690165800204
lt,1769,1180.67906983,0.27379236349366476,476.3421956081016
lt,146,701.395575197,0.3298899380320852,231.3891163246304
lt,765,682.821737163,0.22051943838596344,48.628699209175856
lt,1868,766.720994644,0.28159862024202076,546.7242277556774
lt,2518,718.02132536,0.3741375994106115,567.7505208931716
lt,179,608.40369947,0.2651410767689169,504.59115995519295
lt,874,887.314892869,0.20177243649959564,39.165616592706414
lt,3217,1474.89683882,0.22452431899291264,174.9022823558134
lt,964,954.016830997,0.19843602035870533,186.8839524213006
lt,1316,847.223485877,0.21138557359944804,74.36872082878561
lt,2388,758.367455603,0.32410498223139717,212.46716170965456
lt,2702,758.648353767,0.22525384499892295,214.2677578196806
lt,1566,899.356183952,0.3058041316158094,541.7901885687136
lt,1877,1052.19398593,0.3035477883610771,661.5329506070005
lt,1232,522.978276456,0.2687949860565438,373.70783978630516
lt,3209,1116.05315453,0.236466106163943,415.4538312126609
lt,2884,905.384139703,0.33872253652931994,108.70282149969363
lt,2645,573.226169779,0.2865182608511674,268.6223051183364
lt,1768,1089.36829634,0.2561948537503331,581.4371700212067
lt,321,705.869216744,0.29486293026379173,29.44806267233456
lt,2301,436.527668681,0.41635480405990266,434.4142254399319
lt,6,751.332072792,0.3190291152150932,262.437726278866
lt,2046,309.168150316,0.4218529118272903,306.2937489827474
lt,4173,882.523968139,0.26906495424396787,175.731387239344
lt,1019,637.847032787,0.20190181979283242,481.5138734106924
lt,1239,1183.15558133,0.26894980145625647,200.51927418428306
lt,1398,693.445480764,0.2359622433353997,119.03218563304227
lt,3511,847.190140819,0.23392227333030266,334.3351892508712
lt,4013,743.79902509,0.23993935956422527,745.6543840894512
lt,28,519.009211105,0.2686280964242385,280.8394878611845
lt,135,472.76011161,0.2454319267411425,260.3096928316004
lt,1209,740.968364171,0.2829756507371355,534.0294393502029
lt,2997,898.521255937,0.24540228256052343,297.7781582103056
lt,1795,723.101507547,0.35944833679335997,201.5131633683747
lt,748,769.748058523,0.21692511428829647,74.65282655603745
lt,3472,730.542233691,0.25364427710401605,304.65498202454813
lt,493,683.12443962,0.25130170467423235,53.895883597579655
lt,3681,1046.55789633,0.32162830141482923,845.668438481349
lt,1172,653.398630954,0.3473627502567197,428.3756375780293
lt,1432,628.91093732,0.2071058452129364,21.284097828584557
lt,2456,1715.39416129,0.3645302840023513,1687.8776635861866
lt,1648,889.855136502,0.36577256068816555,426.9647744571461
lt,502,700.989042099,0.285166226294789,180.08897340063956
lt,954,747.4086778,0.25209755765660036,513.8674985100241
lt,1774,945.621087259,0.2808299375262426,475.2889219396254
lt,1278,1206.81237235,0.21526685744061952,67.80253116383271
lt,1637,1046.35436538,0.29298992254885514,653.4543145572438
lt,2209,802.331100072,0.32549783261607257,534.5014109892003
lt,931,863.873803847,0.20553192552379382,244.44726203469668
lt,3492,1376.32216502,0.2915707680257107,1061.5858147116267
lt,3507,1871.2185182,0.23227742587576414,262.11286878398823
lt,2091,1395.27469451,0.34212686536124076,176.5163861443015
lt,2903,911.318715432,0.3491915464401245,7.614522507611443
lt,369,590.964479061,0.23724327981472015,147.7672841689166
lt,1962,681.094392378,0.39593311734287756,653.080855186313
lt,2904,794.258501761,0.3491915464401245,72.73181843477137
lt,1549,849.531612644,0.25740583257201666,676.0494271671071
lt,1032,1422.93838322,0.22403515481128894,49.67586687873391
lt,1727,736.577951791,0.3148302996902304,433.79297219070736
lt,1294,1062.94594958,0.24524464971152088,438.6069736854703
lt,1548,811.840923762,0.2587455037183221,620.6105221019072
lt,3098,966.380264762,,0.0
lt,3610,704.002824916,0.38293315542631284,345.88335005816293
lt,2870,636.731819458,0.34425295753215124,204.01503322825712
lt,3249,1140.82080911,0.2144421889998351,82.46464538574219
lt,3088,2489.70544286,,0.0
lt,3504,2359.73864117,0.24085737549101768,1661.6786826937807
lt,1097,1217.37838242,0.26880280424439573,275.1704165290384
lt,1709,1436.46521103,0.24411948463694103,1046.497213386087
lt,3622,728.468188558,0.32122891267825815,731.1564903708066
lt,1107,617.152828825,0.30908325721461133,196.32331363453582
lt,2866,314.5778534,0.24489584762316485,170.66811176374847
lt,1212,543.413010533,0.32527332530946146,257.5538844688266
lt,909,605.731319601,0.2124108523658827,148.2478044098499
lt,2274,696.082825458,0.25250387243008543,183.32629131242342
lt,2486,849.718510942,0.329740890106836,451.6959325753007
lt,3430,1321.90448115,0.29373775772951743,388.6911408667471
lt,1096,1097.09732011,0.2534266773796415,338.51005275950706
lt,3425,1364.57377156,0.2521247986441938,481.39800929649203
lt,3002,1446.90577378,0.21557702192542505,205.87306668150657
lt,1698,917.591990207,0.3234061430161161,575.1361525591682
lt,789,249.380575821,,0.0
lt,3144,655.04687091,0.34462614224714483,604.2574953864603
lt,1320,775.42177446,0.2265169651925105,204.4469306497013
lt,1596,1146.50016601,0.2765520534291108,1036.2806667552275
lt,1922,683.511450262,0.31508059167743085,685.1580683988683
lt,2461,657.564686018,0.31387370267239983,280.7401983522901
lt,958,685.651209092,0.2455187537227935,186.35928524241726
lt,14,701.836382892,0.30721259376032384,278.4768486471737
lt,270,549.021588324,0.2579337563094877,162.75504503437116
lt,2808,2047.63869887,0.27013479918241506,31.5089111328125
lt,2634,672.095867224,0.25043402648163865,97.94399449965533
lt,482,736.187506061,0.2167101800441742,29.182878561580882
lt,1332,1007.3746936,0.2775760013507669,238.86698473762064
lt,3728,933.138039872,0.27605793610747675,926.0299440570905
lt,273,835.985217602,0.217951504858035,69.67689020493451
lt,3411,844.024169335,0.25562093233646355,135.51473684871897
lt,3225,1368.96674013,,0.0
lt,3067,1200.34609749,0.2067583054304123,42.80373008578431
lt,968,965.262849291,0.25452179280042453,309.36797356699026
lt,2547,1525.74964602,0.3812384667958656,507.33525767606847
lt,1030,1256.58836463,0.2531276451829537,400.5594976986156
lt,2115,977.630555251,0.2540458512509465,331.23044301949295
lt,854,1384.15575648,,0.0
lt,446,858.941718618,,0.0
lt,2206,733.785352972,0.2987127537858122,720.7259468826592
lt,3573,1508.06426171,0.26567092485089483,1208.3111356548234
lt,1620,1992.71847203,0.3864079473037567,165.52825185738357
lt,3580,1264.99907539,0.32243908783047365,759.5037069582472
lt,1228,850.432592501,0.2800772089104517,657.2782297171799
lt,3033,1312.49092355,,0.0
lt,89,712.139751301,0.2744574473160628,114.90578427782246
lt,2384,584.594520606,0.4125151641229406,585.9296115351658
lt,2249,646.507181289,0.3404398728561188,294.16447194417316
lt,3158,1992.57567658,0.2791803580341917,649.9608373006184
lt,3682,1187.28959199,0.29734612046421494,976.1970891615924
lt,274,742.217780688,0.21419754865756288,84.40104450899011
lt,1125,809.753525924,0.25714931502840666,481.4859357048484
lt,599,807.338426538,0.18902438879013062,7.0981115004595585
lt,1430,705.272462865,0.18510371446609497,0.5255332797181372
lt,1683,652.596546569,0.4031295769354877,669.9903537525852
lt,494,695.214700265,0.24705289227736962,97.27543161429611
lt,1115,703.823006389,0.2274940370934681,541.4058757108801
lt,3953,600.439422263,0.2991043138911314,599.625540789436
lt,1031,210.575183975,0.2369241241989642,158.4894105799058
lt,81,433.209619788,0.27082087434518126,284.2443754308364
lt,719,673.328472243,0.22753859463233306,272.0687067368451
lt,2321,493.179252831,0.3273872232437134,492.45285638547415
lt,3709,722.080216299,0.3120369940223152,475.89266121060234
lt,1250,945.752541797,0.25149312935321144,454.1239575554343
lt,3129,1034.34156248,0.22156810760498047,50.945541501512714
lt,3508,931.027226096,0.2569598190936466,195.66341100954543
lt,1221,410.083747506,0.42261066721082113,417.07797654095816
lt,3296,910.640214574,0.21970194554704378,66.70506648643345
lt,1419,688.309911107,0.20836349790510925,151.0901528152765
lt,595,714.750069907,0.21316291391849518,2.891848216337316
lt,2928,580.714720727,0.2093690186738968,2.1005507525275733
lt,1688,1060.38819106,0.27576873154389225,624.0130582622454
lt,228,1097.9677669,0.3410566578170768,170.38510553696577
lt,638,926.020365201,,0.0
lt,879,849.741713732,,0.0
lt,1926,1077.90421888,0.3431502733223754,778.680545163622
lt,2431,369.090123615,0.371498880828316,362.68320554845474
lt,2610,627.372066178,0.24756430964316092,203.50434232225604
lt,3382,1546.27288322,0.2661354687556906,278.37809992771525
lt,2754,505.86876755,0.22645664954772934,218.46693794400085
lt,3927,955.929212136,0.24781887980415798,652.1444523231655
lt,1527,1441.00149832,0.21926106030097922,228.86129841524013
lt,1562,1145.58214431,0.27822690303332015,591.9704587450216
lt,4196,1074.65932605,0.23692417175398983,562.4052253274357
lt,3448,887.750435273,0.3515218548705759,649.2329535091624
lt,2554,1692.54925435,0.3818242799268285,562.9982871859681
lt,138,551.585365707,0.29151686989719816,237.43427922865925
lt,319,593.84914312,0.260278618457366,128.83521764418657
lt,783,678.103525093,0.20134522020816803,1.3142643348843444
lt,3426,1577.86028479,0.2463276056071915,500.04606795965464
lt,1025,560.729715891,0.19594720452789982,167.42516892377068
lt,3778,772.942709147,0.41580410229932824,234.5307357189702
lt,3819,570.376941018,0.3213799718973891,573.3304928349514
lt,1521,882.076450566,0.21423070656443108,135.32088934206496
lt,2019,1088.70600909,0.3230087066504636,949.6355302698472
lt,507,1443.0009943,,0.0
lt,3445,1217.2059234,0.31011943890224425,826.7705273796529
lt,576,591.091323612,0.2294281881671128,220.57365926106772
lt,1089,1293.67269578,0.2260983035314915,226.02607382980045
lt,927,881.090785651,0.20449734152337842,96.46508430032169
lt,391,778.747913196,0.2398631943864112,126.99314467486212
lt,481,724.60442796,,0.0
lt,163,351.507501882,0.2489077926882162,117.53597681382124
lt,3840,708.799995931,0.33099168732395645,117.39890756046071
lt,3755,588.951833692,0.318522490285061,418.37265559177774
lt,888,584.787894776,0.22541600324940392,86.21515155867034
lt,3544,1741.01164884,0.23979987763533367,1324.1547568826113
lt,1249,985.46065889,0.26362857575357146,337.4394067203297
lt,1708,1278.71125013,0.29346530564698475,677.6085251752068
lt,2132,853.293678978,0.299765897653883,429.4680054608514
lt,4174,909.083079627,0.2759654550090389,269.77037278717637
lt,3857,436.035324958,0.32046509136451534,428.1005733714384
lt,1471,720.922643146,0.25225772579152206,116.40237872553809
lt,1324,808.943457521,0.24943348365706322,158.72116244446994
lt,253,582.226450182,0.2580652155649138,346.55052008535347
lt,50,878.443235145,0.32375770201314813,269.0039017621209
lt,2178,1068.65725965,0.318798139139458,99.28328758688534
lt,3653,1288.67612872,0.2699102495625919,1029.4964976890415
lt,1200,914.815593087,0.23817938816591708,353.480733684465
lt,967,977.293378912,0.22128684632984927,193.97929911893957
lt,766,620.393512528,0.25458911867017464,80.69723373113894
lt,2632,525.290921243,0.22767305694109094,171.2051045137293
lt,2597,321.070922554,0.2578549032708756,69.84786544500614
lt,488,718.587368924,0.2167101800441742,2.8919969745710783
lt,3961,632.017784302,0.2621071150905651,349.5863502352846
lt,1504,1355.51898593,0.2065450064511002,568.8824845557119
lt,524,1482.58368359,0.2670941852234505,48.63621027329389
lt,1674,951.387492893,0.2710099529135368,755.1285193948185
lt,3542,1245.05492463,0.34690781598950676,1223.8387511907838
lt,4061,891.426024304,0.3209273061452157,878.2967554728191
lt,3949,1021.31742134,0.236153740221161,154.96301389208028
lt,3431,1465.67539816,0.30661707891024187,354.0244476617551
lt,1222,521.982338246,0.3726098033857176,515.8933655383539
lt,2195,1036.05508885,0.24346007899881683,73.8070764579025
lt,2671,322.394998268,0.259571614532383,171.20596684474572
lt,3799,1189.52837497,0.251418092024,988.2871141919903
lt,2275,302.201325088,0.29207663408074624,204.863026787253
lt,1248,836.598504208,0.2890540311550595,213.65915102491192
lt,1595,904.343110277,0.22203294837862295,622.4538920982211
lt,3240,858.965602089,0.2510521242888971,82.20171086928424
lt,1302,1016.47947081,0.2780166326626858,720.3153752345668
lt,337,629.415821418,0.3200275671922348,185.10192242790671
lt,1957,1866.29372926,0.3394566292041226,309.4631771910424
lt,2768,612.49785564,0.22422318581929604,154.13363722258924
lt,2439,1717.65145131,0.3278476908616138,167.55166557162414
lt,1746,1371.98888795,0.27627272436761674,605.0915180879481
lt,4033,1301.20980897,0.2556274598591948,747.7556319891239
lt,3120,1530.50971296,,0.0
lt,216,711.884152767,0.26990864826821903,231.122013166839
lt,4141,734.020358543,0.21441683370219775,190.69771378461053
lt,3571,1582.92846989,0.3118762534651263,571.1999903959386
lt,4172,1116.13579628,0.2641794414138505,173.89228303198723
lt,3975,732.005005457,0.28250049718012415,740.4012645347445
lt,3705,1478.65897636,0.29490812248578424,784.2249663409063
lt,333,698.374687689,0.2678838186027591,636.2851768942442
lt,1176,774.921114086,0.44372669101825774,176.60641641055835
lt,3946,397.100793698,0.2945943586774357,397.6489408904431
lt,2779,997.455245105,0.2751031257500306,237.63394150079463
lt,4104,1217.99823988,0.26975986309758254,1043.8021489461264
lt,1042,869.125360655,0.21697437374488168,181.35477043600642
lt,4014,763.806608112,0.23057627033952777,774.2820055494121
lt,262,695.932471881,0.2896386170743877,153.81621551513672
lt,1298,2617.23883302,0.2430562521105862,1163.1360223807542
lt,4110,874.442220957,0.2875322004026365,883.3286528344249
lt,2730,635.324375663,0.23658402281359214,158.8620771520278
lt,1676,692.266190074,0.3113827711647483,412.5074919457529
lt,2096,1341.74307474,0.26605525719622775,945.6250462251552
lt,1832,1602.01476648,0.32775841540619555,666.7903111177333
lt,1635,1246.50135021,0.27082131663298703,316.6114420572917
lt,1488,1212.90023861,0.20255623821631222,239.37197014303766
lt,289,674.488464513,0.2931762224461143,247.41404520670574
lt,1307,809.858355902,,0.0
lt,2519,527.602666407,0.3120831800517034,522.3196607402726
lt,1326,776.282718971,0.21710752495228547,338.7270780974743
lt,3827,2069.04235303,0.24682640437488326,1761.4736657236137
lt,1629,645.072005789,0.37718620999008606,415.6634721942977
lt,3197,1173.89911806,0.2839257197882471,1084.8425297755819
lt,1998,1082.30017203,0.35083579519247843,573.99593556722
lt,166,538.681754236,0.21744618310294545,273.98717794979325
lt,1586,1758.41072639,0.29157627527270275,199.16702764174516
lt,1801,1083.58696783,0.2789482198368463,518.1004034902535
lt,1296,578.824532038,0.3426385653978409,476.7089308196423
lt,4021,764.550082303,0.22883716569257812,755.11205776439
lt,569,320.764051255,0.19510538910710534,11.304865519205729
lt,2929,2139.87041973,0.21279993307763254,126.81968739827474
lt,3670,2873.66061693,0.20839225657688015,886.9019523471009
lt,4123,947.37723474,0.24495413587554615,514.5576242783491
lt,1830,832.715315798,0.35161797768166825,303.18245179419426
lt,1170,619.045608788,0.33486062369281816,328.771907043457
lt,794,599.756452199,,0.0
lt,541,529.98482573,0.2581039380009581,172.46372237859987
lt,755,959.043863714,0.231089457397685,257.3397676954082
lt,896,783.363254741,0.27427060231398753,700.7619614245845
lt,602,746.831490616,0.19885286507861952,73.60983740114699
lt,269,647.44572562,0.27913077966411515,132.78094084496593
lt,797,1201.71511494,,0.0
lt,92,942.36702881,0.36842426039978987,61.52837111529182
lt,1944,727.811742551,0.3602982713795795,461.0511663100299
lt,4165,1116.90233874,0.23531313135142878,505.1281573127298
lt,3331,648.313934381,0.2182468376636505,328.25981888116576
lt,2746,702.985199763,0.27924516640211405,144.68207202986176
lt,2581,782.485819558,0.34200236470685846,46.477963436351104
lt,2988,683.477633129,0.2208335778972704,166.48030443378522
lt,1472,732.354358754,0.25533418435874566,274.32044614904066
lt,2378,647.43297415,0.3292245187802228,438.5943760292203
lt,1310,1068.29954293,,0.0
lt,1540,888.130728162,0.25703868874773084,337.89785634957116
lt,4179,926.227000256,0.2416986790505932,905.9822431676528
lt,3937,1251.84123221,0.2427776911944094,1235.21704825607
lt,3715,762.769592933,0.326964914883704,736.9473882039389
lt,2220,673.953272368,0.3185300741787731,313.60387914321
lt,630,696.397640926,0.20261229574680328,30.231919531728707
lt,3493,1257.36458006,0.30182122852818644,1224.682382740694
lt,951,904.057692014,0.22237906893832013,545.1465202780331
lt,1588,1399.89139788,0.3062724110731136,535.7533689611099
lt,1754,887.37239177,0.27151363478417234,368.623295323989
lt,3390,1455.24087723,0.23189804682315165,387.89236285639737
lt,2067,1226.1396998,0.30976189437158463,934.6246070413027
lt,2142,2095.05335003,0.22226284555048367,1633.2725295122932
lt,1282,1149.70109404,0.20765104987459157,312.9941399069393
lt,3698,2224.97349163,0.2344649728861723,1444.497878818886
lt,235,776.871602546,0.2810320095223019,287.39121479707603
lt,1748,1106.11034733,0.26470696609755484,730.1545793421128
lt,2264,581.074978149,0.27304900994764,512.42721527698
lt,213,687.840350319,0.2832243039603498,208.77215567196123
lt,1996,863.39989807,0.3754040488081131,393.26071382410385
lt,3372,914.414295197,0.21496218317144072,469.8254240746591
lt,4059,1536.50853189,0.2738933712830294,1535.4593305101582
lt,3812,757.124343268,0.3363111047000232,363.7491381776099
lt,1313,849.764053133,0.18044192082861552,30.746159003762635
lt,4011,810.346062814,0.2500861671074216,791.0922939524932
lt,2763,811.624602605,0.2502786223896039,81.92441693474264
lt,684,745.593746594,0.21263439757902117,32.07091148226869
lt,714,825.602706027,0.2660345322809079,374.8502907547296
lt,2318,676.872673203,0.37090009897075893,449.1160974839155
lt,2410,1143.65393279,0.2849904228323183,82.20178312413833
lt,1357,938.692185098,0.22296125941516315,323.99788576013907
lt,3736,1998.49740959,0.26977958322257306,638.9686552159925
lt,3547,2290.56417449,0.224783057806278,1566.5435666252583
lt,1400,682.17332864,0.20135560568678318,99.32489902271944
lt,3688,2232.71613954,0.218629150786991,2247.627703079523
lt,2227,765.757465181,0.3485155563450302,509.8050609214633
lt,1790,940.111415279,0.318702423802674,680.4736770929077
lt,843,833.670548445,,0.0
lt,3501,1839.08871728,0.4581661291783878,1836.067433046827
lt,4004,788.181130682,0.265224338718872,637.974432851754
lt,78,736.72981669,0.273483416127281,214.30163170309626
lt,2825,344.887798516,0.26138526618990127,307.2083861407112
lt,3357,1282.40394192,0.23772509741458692,299.11992471732344
lt,838,680.645863071,0.2096126342866583,73.33783641142004
lt,3281,1335.07884318,0.20865491672556227,83.77724681181067
lt,3787,1009.16423698,0.3345877487584948,420.2145732804841
lt,1281,706.636619309,0.265790834599993,675.9192844465667
lt,2787,555.985202222,0.29076362500105857,243.40826272403493
lt,3423,2830.98924037,0.2678824114453727,380.2845425175685
lt,3145,917.152540969,0.2981354592859079,399.4239544139189
lt,3384,590.991865964,0.25942292102166437,544.413956526214
lt,2005,995.36611471,0.267664441009348,358.05614202162803
lt,1841,732.57553308,0.3405050909452474,704.0989744597789
lt,122,823.861401015,0.31433747750325286,160.3930109061447
lt,2587,796.810663056,0.35889336006029665,119.73877060834099
lt,2077,776.627111759,0.32153822176095825,312.5882405898149
lt,918,853.806950015,0.19767932845400527,101.19695865406709
lt,1837,1715.87758828,0.2572607394326244,1383.5146616318646
lt,2602,509.45334099,0.3302481010345807,204.5541965559417
lt,3562,1602.82729335,0.2744696686396992,1604.9019057329963
lt,2396,879.248999722,0.30634483911806415,444.10550049426513
lt,680,772.052677115,0.192731738860601,101.73361720664829
lt,775,637.030451199,,0.0
lt,3480,1041.03314152,0.3494688393673227,567.0337312586167
lt,3618,1662.16181836,0.3752852873205856,1651.678750550513
lt,1835,695.274160719,0.28857066252969993,693.067884647145
lt,1646,775.28759404,0.35719931249197884,421.4469264610141
lt,1610,1368.10112063,0.25521137199368454,825.2861471737132
lt,2,754.991835688,0.3083043705643685,622.1751095640896
lt,2894,1226.42657055,0.273801491121974,299.32738725250846
lt,3815,934.627480235,0.30371543427557796,941.5514417162128
lt,4009,1245.17270214,0.2418367493282656,1252.0348487106025
lt,2138,2421.25150431,0.3264207967495209,459.1453470566693
lt,2701,700.668872836,0.2620483079165695,115.27406427720014
lt,611,693.462892812,0.1961586272716522,13.144448972215839
lt,917,958.067698976,0.19037893038529616,170.8522446576287
lt,2425,824.028012017,0.2639937173847745,215.35281808890545
lt,1640,865.822386532,0.2739614399050017,866.2734326231713
lt,1969,768.34733291,0.2955733760813167,155.25946888643153
lt,3995,1045.36611671,0.2714134836051122,1052.4186641019933
lt,3114,1553.14863548,,0.0
lt,3076,821.448905554,,0.0
lt,1534,1263.76567768,0.2150130113934581,379.9417732687557
lt,4095,539.014057771,0.3119646137397752,431.5419159234738
lt,515,593.265899668,0.2130347341299057,33.91442287669462
lt,1415,683.457376783,0.1849106107009192,153.45536896948718
lt,3951,590.461233452,0.2644988277331957,467.77776635861863
lt,1900,637.227789728,0.2661016811592812,460.54722963220934
lt,3084,1038.07751895,,0.0
lt,1568,646.984596003,0.3579834203958901,644.0014196956859
lt,1055,797.742366885,,0.0
lt,1590,1006.68479652,0.3056426293768281,629.0282689711626
lt,2867,2561.94388841,0.26252371580763295,80.87046009138518
lt,2243,693.989038841,0.23705725934331778,39.65996701109643
lt,916,857.503667399,0.19117891811949064,66.76383523380053
lt,716,797.33165323,0.20262114703655243,12.354890501732921
lt,670,483.758842437,0.19924038317468432,61.513633548512175
lt,340,701.985262915,0.2548016746262506,231.11480174345127
lt,3422,1074.78017152,0.2675660755179467,335.9007907343846
lt,816,283.939395871,,0.0
lt,1311,851.390638707,,0.0
lt,1109,749.657991565,0.3343075435366151,177.6635596780216
lt,1216,650.042362884,0.23763158446358099,81.47146666283702
lt,1164,562.916121709,0.3001061810373232,304.85888656915404
lt,1141,720.868434225,0.26618536775899265,301.71386126349955
lt,3911,1096.06556731,0.2694571007276722,318.3261845607384
lt,884,807.783045067,0.2180465000693129,233.1502084769455
lt,186,492.312108155,0.3244101232164266,286.08339762968177
lt,4136,1013.62553217,0.21231383150413488,408.44758471320654
lt,2445,312.260317925,0.46773407211519563,319.0862703211167
lt,4200,4840.80335833,0.24554039230844363,883.4144204532398
lt,1183,428.643248975,0.26678321657987086,397.104300884172
lt,1506,1390.77847139,0.19951983163093873,521.8472729252834
lt,442,794.273800372,0.24051405272380572,66.78010119269875
lt,1142,849.599772348,0.2793008035742769,107.22925468893612
lt,519,1072.15253101,0.2476902525306372,50.21402172013825
lt,1431,599.415804732,0.19470301928003528,100.63959568996054
lt,692,674.77007738,0.3030362462213901,111.98448270909928
lt,1766,784.16244239,0.27858195062429364,362.0519668279909
lt,672,662.560675115,0.21786076071613658,326.4942301432292
lt,72,732.324460564,0.26273560191045336,289.5066568412033
lt,4049,803.604977711,0.3359999569874835,808.4307632446289
lt,2963,1627.05980138,,0.0
lt,3239,1090.01922715,0.2531900667238011,167.55465608484604
lt,3036,3670.17584433,,0.0
lt,41,730.71543303,0.39740796230568154,272.6845207962335
lt,204,655.846097743,0.30607934485185523,298.43792245902273
lt,1230,851.935965838,0.25595081945320425,434.67969013288916
lt,1133,1011.18885709,0.2853628655980834,269.9140042473289
lt,280,632.200022131,0.24769779015810062,102.54230364631204
lt,2533,979.794642124,0.27451248432112024,179.61891443589153
lt,4001,1910.06351451,0.29102885247747146,1895.2786600150316
lt,1227,1382.08452065,0.25721207417212655,1133.7492739509134
lt,3583,1362.25724886,0.3447420768098134,1345.9459780524762
lt,3722,1171.70852189,0.2740220445812053,926.0346859801052
lt,3635,1630.19810703,0.2958286888188539,1600.9576608096854
lt,3208,1506.52489369,0.23124255653342718,320.9126100427964
lt,3155,664.605012511,0.3289857778035605,664.3991613949047
lt,2164,747.672776143,0.28861870767538744,591.5098433251475
lt,420,772.600566562,0.22577106952667236,0.7887562471277574
lt,492,693.146077818,0.2582233326107848,26.816516113281253
lt,806,605.812397477,0.24433398962020875,26.285781561159617
lt,2054,733.809152008,0.3578763620889917,308.9199829999138
lt,2043,652.15384564,0.26339620554276066,549.0164657293582
lt,2523,1205.59708434,0.30206336266007916,266.5417595657648
lt,3173,1526.12119128,0.2685883819224627,244.4880360921224
lt,3754,1144.75920677,0.3140792018034346,622.6992898080864
lt,2627,761.708543684,0.24801214426755905,52.51709415211397
lt,827,874.478292098,,0.0
lt,2493,2645.48406119,0.32543118597653803,347.433833582261
lt,3940,512.450945728,0.3259704383965571,494.5635719448913
lt,2890,734.836006913,,0.0
lt,2496,1808.85854366,0.28089987313965475,215.34067221248853
lt,813,838.388769205,,0.0
lt,3563,724.667292488,0.3234447081135038,714.3370092055377
lt,1394,807.288272647,0.2047789198966772,149.512649566052
lt,4176,1322.22181791,0.2708133527932809,89.83607429055606
lt,2065,1102.7050035,0.3299238718206489,885.769452083812
lt,945,818.159793267,0.18477377862465094,107.76753414378447
lt,1718,1368.1798331,0.2794714122735135,1136.8901854271983
lt,3140,1641.87253646,0.26307560659695456,1027.0656952801874
lt,4023,752.089477624,0.2512305196910575,748.543270664589
lt,2440,976.172979716,0.3927042792706795,229.53029889873432
lt,3519,1930.9900812,0.28194558569699607,192.77362727744907
lt,4101,1288.85854717,0.2789476696014404,984.9620280546301
lt,2616,361.506909983,0.2705453528604526,272.5646094827091
lt,3725,783.940891949,0.27824150744156956,460.9164917889763
lt,4022,771.271970266,0.24583450481295582,777.4355527092428
lt,2979,645.270800763,0.1831762176333812,14.967324559828816
lt,3752,1424.22621359,0.27985980860188797,841.2101745007085
lt,2333,799.636022418,0.33279063208409915,808.3995184505686
lt,3428,1314.95727282,0.26144492253862195,486.6521869135838
lt,894,731.731411922,0.21733287329616713,516.2402227065143
lt,547,315.18016223,0.26776593923568726,12.09353577856924
lt,1920,902.694596014,0.39664669482838233,553.0127662509096
lt,1594,836.152921051,0.2502097899378516,414.8830516740387
lt,2393,712.857045256,0.32593511353587096,569.378286443972
lt,2567,457.44356676,0.3339072946797717,363.9496944651885
lt,3619,1247.22901302,0.34024898183654073,1076.5166757321824
lt,1114,672.071720512,0.25973069768987206,499.3542215683881
lt,3362,841.211036805,0.21942024311375993,264.71759464039525
lt,1550,775.259880134,0.2544004454953194,658.7068577186734
lt,194,624.928073606,0.2220422724400523,487.4948861514821
lt,4119,1473.01418027,0.2615925789002488,572.3410068287568
lt,52,444.23261879,0.3551153714880619,432.8242697622262
lt,1678,1389.9488383,0.3195714540947649,174.72390292298562
lt,2076,841.631732506,0.2850155488638107,570.2777099908566
lt,3829,978.551313281,0.2857572723543474,977.2634803023991
lt,1740,816.231176072,0.29992948991607177,168.9440306121228
lt,2248,664.258153475,0.34640217030092196,285.7602524102903
lt,3181,977.329738622,0.30335281228917277,583.7776007857976
lt,4140,689.35238987,0.22000464555888655,207.77091872271367
lt,908,1531.94175312,0.21540325889846001,639.7788865033318
lt,272,638.266718162,0.21726985000944762,101.22876936968635
lt,64,661.33090887,0.33208578705787656,98.6067989573759
lt,1632,770.908411883,0.2939113893698651,402.79104479621435
lt,2660,331.92524619,0.26144482577024225,300.3981533574122
lt,1337,773.06872439,0.23643904638082178,180.52847179338042
lt,2120,743.190963792,0.30198658892064245,300.4992598589729
lt,4145,607.065201771,0.30511776126612306,259.78148890476604
lt,2290,844.293608816,0.27583606417245193,123.18146170821845
lt,4175,1250.89276447,0.2599705912483235,75.65130399816177
lt,2947,713.26081806,,0.0
lt,540,551.001635211,0.26484245902613585,124.87826253853592
lt,342,706.446774063,0.2226378224273719,106.22352285946116
lt,1882,806.282075762,0.3192441685419333,449.25540244906557
lt,628,654.820439605,0.18070025900423814,217.67041841394763
lt,2387,551.732262589,0.37765432257789433,333.27736331715306
lt,1728,687.628623743,0.34939542059989714,267.47543005849803
lt,2511,799.374712208,0.3701247239852237,241.33445826511758
lt,1886,608.316100727,0.22818738289764307,196.7785804598939
lt,3514,2417.16437778,0.2484672062772455,461.9778895658605
lt,1917,741.455243855,0.3298949008145608,63.57707328048407
lt,2230,614.070289443,0.4043101927908984,144.45822813744638
lt,2124,792.092647797,0.30187723685006373,414.2361111210841
lt,2750,420.556222921,0.21142038731651508,245.51273055731082
lt,555,748.096823278,0.29354234183988265,24.45014424043543
lt,4114,854.925867579,0.2787341119087317,758.3028019624596
lt,2349,688.665340358,0.3462454398344567,426.25662832821115
lt,3713,1046.50707503,0.32908683647890447,380.29368280148964
lt,3039,1305.19339099,0.19273484332332444,120.27245345770143
lt,2053,768.847429525,0.306358916418893,136.07213140749462
lt,4168,1181.56779406,0.2566221720410409,505.9172764497645
lt,3191,2663.61292203,0.2720237860612591,387.61449917063993
lt,1149,743.867521041,0.34418331605867286,347.7029162238627
lt,355,827.919705771,0.3052793707050907,213.2371224796071
lt,3546,1680.51691829,0.25879724615677563,731.9323402853574
lt,1144,1072.27213351,0.27962701429020276,57.819537443273205
lt,3389,1282.48278307,0.2433340127163537,800.7375087962432
lt,408,642.90968239,0.22466039449772424,88.6041031182981
lt,3651,1192.83971905,0.2760314235434546,955.1743745691637
lt,341,722.609697329,0.24325291014143396,198.77459357766543
lt,2312,571.310123735,0.40814188571279264,78.53011983235676
lt,1604,1565.33916204,0.31229673101425576,620.6125300987095
lt,2925,436.703783769,0.23796466856762985,18.11725024055032
lt,3024,1576.94192169,0.2533428171394524,506.2974953744926
lt,878,727.13142853,0.18336316014711676,68.34225389069202
lt,988,1293.93907047,0.19974897608195866,224.46701277190564
lt,3779,758.06760627,0.3797103247094539,195.39878315645106
lt,4182,1357.19302807,0.2644045734686822,294.99091312184055
lt,3350,1974.91869109,0.2512212002481254,1957.8042817957264
lt,3403,600.994236344,0.23645787324823847,391.57056986490886
lt,3454,609.46393942,0.3804881320039996,590.4002338783413
lt,3498,929.627026975,0.32950836208371403,188.5723202574487
lt,2778,975.195934861,0.24355900746125442,64.85706882850796
lt,3877,904.796544714,0.29223452400141,896.124955300724
lt,3100,1976.81988715,,0.0
lt,3660,1364.41804893,0.2639858313091535,786.0417392506318
lt,2667,733.709411645,0.2906687565952201,184.85929673138787
lt,4039,1218.93131695,0.29826260982492075,797.9211561913584
lt,2543,649.190511344,0.31015704769888275,419.62990605971385
lt,1696,1304.54630759,0.33343320736323223,938.7708232206456
lt,2937,780.295795414,0.22615257667376143,338.4544678332759
lt,3163,1762.00129213,0.3340167846566315,466.65619671391516
lt,115,737.85575441,0.28735631704330444,7.625297935336244
lt,2984,717.096753112,0.18039028346538544,0.5251701803768383
lt,2119,753.58316187,0.300682304586683,358.5494452083812
lt,1275,303.126882217,0.2591989940830639,147.16823084214155
lt,1456,696.457485442,0.20653574168682098,268.01746054256665
lt,928,856.030065431,0.2204611469258759,493.10224869671987
lt,2613,940.075851969,0.2584564983844757,22.319887797037758
lt,645,618.942215264,0.26826804469817794,311.25319154028796
lt,2258,798.345537995,0.33885362817869563,606.7131972369026
lt,2422,357.003084126,0.4024606734835845,365.0478623334099
lt,2497,2310.82238251,0.28382201030028525,438.0338473151712
lt,746,758.297491769,0.22286105529186148,137.47730192296646
lt,3985,739.298303456,0.26803875190708565,743.0312868006089
lt,2982,740.649737606,,0.0
lt,33,606.553844356,0.34483104974419615,181.70356496175128
lt,1997,920.758699588,0.3797057167775887,456.57053539799705
lt,2131,818.103923767,0.33391234383863555,312.5797300151751
lt,1037,764.964945937,0.28247209472594836,224.46031916001266
lt,3148,1256.17927773,0.3093534727507502,353.4673210892023
lt,3977,732.243296065,0.29458107481114526,739.8753200456207
lt,4120,1659.63155473,0.2539036627146556,645.6238928102978
lt,1059,731.588427465,,0.0
lt,3581,1776.10508632,0.33061801594546586,985.8848539464616
lt,3929,864.722235846,0.2482010918474258,837.3116025737686
lt,3232,1630.33040678,0.20539030366518296,195.12813813452627
lt,1570,809.60946871,0.33650805317825117,224.38892915015126
lt,3189,526.912238056,0.30604471377764725,519.4430373247931
lt,728,656.216207468,0.2360280231077072,224.75136835434859
lt,3558,1178.70539181,0.3155678984775784,1188.1200823017195
lt,1470,696.177097459,0.24415769938092968,136.63490325329352
lt,1435,604.149090613,0.2105270964963817,409.12872278550094
lt,1572,672.94393864,0.3256896467048573,326.3370481603286
lt,2285,725.087261024,0.34565099584770287,306.50932491526885
lt,1809,756.899498316,0.31265261703168,432.186511888691
lt,3277,1514.51059263,0.21625125408172607,6.565654979032629
lt,2155,1475.80620844,0.2625025333200832,523.2261569752413
lt,3916,417.76687773,0.29096582954499267,387.13823837579474
lt,3086,3429.10656846,,0.0
lt,3983,691.662053515,0.3102591501631844,689.9751576442345
lt,1233,1309.38440725,0.25679998736489906,115.63381658815871
lt,4152,1017.13217737,0.21842287002688215,407.6676697076535
lt,3637,1550.15319397,0.2780933205352506,1497.7632074991861
lt,1591,734.686251117,0.3146298083659853,749.6304506189684
lt,2835,655.392878855,0.26449264858160226,84.80955218146829
lt,3089,1876.53354652,,0.0
lt,1526,1202.22554429,0.20535432290350533,105.89118661319509
lt,2229,992.051915141,0.3539142326620601,39.13507510914522
lt,3172,885.900295674,0.2907752062251978,658.6174263449277
lt,3870,625.194208852,0.3033650753472338,620.3487032722023
lt,938,955.466804839,0.22401575023128142,122.22371359432445
lt,1407,688.982084031,0.16323675632894458,262.50344372917624
lt,142,619.940859601,0.2358704579734727,166.17872003293505
lt,1370,763.978652298,0.197788310376392,91.44326677509383
lt,3128,996.128331301,,0.0
lt,3370,1653.28668963,0.20036087377020406,270.23390398212507
lt,3928,1219.47471178,0.2560546107586583,541.3101635802027
lt,2364,862.078359326,0.2658066951423381,559.9316391290404
lt,3886,682.900100008,0.26991876297896467,235.32718221627027
lt,2308,398.444621418,0.37935708779649635,254.763796488444
lt,1260,934.686630288,0.2615342926497412,130.0879050759708
lt,3915,1018.69854907,0.2794545891196776,340.9132852591721
lt,3708,972.120756911,0.29923389174210263,765.5776250502641
lt,839,773.471035908,0.20619368518814968,148.25291451846851
lt,780,952.125795032,,0.0
lt,356,845.140489981,0.31071088473274283,115.16393953211167
lt,4185,1340.80017075,0.2644533642947533,883.6619689941407
lt,527,759.808531278,0.2423962257364217,89.3851780610926
lt,3590,999.269916961,0.300233651014887,957.7972129372989
lt,498,715.218599133,0.291882429528333,64.9374018351237
lt,811,727.308857665,0.2010928988456726,17.87436319986979
lt,669,685.366958673,0.20907418833059424,89.37884072696461
lt,2960,783.890916097,,0.0
lt,2357,819.246804679,0.31231606336087664,520.2757007972867
lt,2099,899.318912423,0.24544553166351785,385.60411191454114
lt,2161,1080.16568114,0.26527958173190946,369.56426526237937
lt,2154,753.295682939,0.324224871624557,598.6101421879787
lt,955,722.058782161,0.2669257647610089,198.97620795754824
lt,1092,798.930244897,0.2169242710718569,585.0358453488817
lt,3678,1400.55246965,0.28846311705117456,1379.3285576913872
lt,361,865.491343345,0.2652351777804525,4.995722273284313
lt,2775,664.299340833,0.2925191150261806,51.2030294081744
lt,2877,604.24834306,0.34918344530620077,39.91053251378676
lt,1082,602.60080245,0.22171792482787914,144.5521552889955
lt,3968,887.915951133,0.27456340135547747,880.9227483412799
lt,1090,1310.79109742,0.22454561370117157,244.16034040264054
lt,3047,2333.11538016,0.2241306733854568,95.06330309101179
lt,1194,742.464065995,0.26665908563284857,614.7206185135186
lt,1284,1095.27589819,0.2365281653027064,274.0989109413297
lt,2506,2188.94060563,0.30993443822015565,633.4055372350357
lt,1110,714.987710088,0.3147495878960497,244.41917733585137
lt,1928,702.170909608,0.38835197301062474,483.6520305857938
lt,3320,2039.85002473,0.21087842894211156,886.8395110186409
lt,1910,959.94329509,0.3290235951652565,606.6112952438057
lt,1987,1892.93808103,0.3073446773858515,205.69607738420075
lt,3424,1191.25096648,0.25854535119213845,487.6995290718827
lt,1959,666.293179843,0.449982125677096,351.23379256304565
lt,665,739.030807088,0.22880157790701797,104.0999766630285
lt,3057,981.574428238,,0.0
lt,3825,900.563755701,0.28912112127738265,895.5756952023975
lt,1982,816.259697451,0.30889035606995613,256.13470773135913
lt,1785,1301.76473309,0.2612187280737121,990.5049524643841
lt,2755,625.285714641,0.2215722848816707,168.3139512305166
lt,334,454.128589249,0.26775214669263764,277.38937018899355
lt,1819,2043.353769,0.30675033503816324,172.08665870217717
lt,1427,677.648229197,0.19670412295730058,254.09469448912375
lt,1777,979.331691221,0.3030239444459625,796.087152368882
lt,3303,512.248350911,0.1947793960571289,18.120429454130285
lt,225,545.41628859,0.41583851086535073,95.44732818603515
lt,2324,641.373280944,0.32315298478601917,434.14575691971123
lt,374,932.403586397,0.264063630080381,119.10721992043888
lt,3828,3348.67470589,0.2448770163321519,3353.037089538575
lt,3156,981.048362719,0.27888828609478733,791.2412476483513
lt,3207,4489.00287258,0.23049030018240996,1653.1324041029986
lt,2117,1006.18352256,0.2751226693561132,600.9946429981904
lt,1235,479.751088833,0.2680107125588165,257.28486723058364
lt,351,674.770820932,0.241875055371355,334.1837512745576
lt,3550,1542.10501682,0.31659760869418585,781.564102711397
lt,430,725.74551704,,0.0
lt,366,765.331015434,0.23742785537028097,145.92731344185623
lt,2927,447.06041191,0.20692137403953711,88.74826929428998
lt,2002,706.364920917,0.301115542115281,709.8049011230468
lt,663,715.473794489,0.227711021900177,2.6287904627182903
lt,1111,783.70708181,0.23985617501395085,447.0513083962834
lt,3393,1618.43634342,0.234429505689226,137.61386380663106
lt,2476,1073.3081267,0.27927499307597786,195.1237236172545
lt,3063,2036.52213182,0.2019865010346408,177.78095664230045
lt,307,583.404924565,0.25099793569485945,69.93879071403953
lt,3328,2684.83053365,0.2234400350713369,346.64077669031485
lt,666,741.068227636,0.22205587775171587,59.67346047794118
lt,1367,772.653443791,0.21916944610661473,213.3679931042241
lt,4032,1163.36333257,0.24281542325270075,588.0672187057196
lt,3675,3320.95518032,0.2327569307423891,2188.457811512667
lt,2409,703.541326546,0.23990154793926047,405.75813697366146
lt,1653,1178.45890181,0.2395583668821737,424.3378714767157
lt,487,820.108257448,0.2167101800441742,2.8919969745710783
lt,2883,401.856160525,0.3850529806769413,241.5622949039235
lt,2049,931.442702329,0.21867209985103023,94.04244962206073
lt,2728,681.332989761,0.2883448233371267,190.63431342629826
lt,2469,715.224898038,0.26666851142550463,212.19518929275807
lt,3593,1662.29765068,0.3289535790903913,528.6690209781423
lt,1561,1460.85879087,0.2838670216136916,597.2246061736461
lt,3945,431.081845865,0.25342014309427274,316.2281500124464
lt,966,953.603516234,0.18610722738352445,92.78418758616728
lt,1420,686.061182035,0.18126134828410367,92.4935385909735
lt,3702,2083.58125661,0.24606675405778894,1258.7918146769205
lt,2149,832.708210374,0.32670943475858494,658.5012565762389
lt,2942,1527.62828412,0.23305295760959854,116.3196362364526
lt,556,678.073637202,0.26676725589653905,119.88453369140625
lt,324,657.350415567,0.27983496625965465,165.38225600298713
lt,3045,500.50802329,0.22391128578458264,142.59477960923138
lt,2265,960.918619044,0.23561999331731695,891.4299326877966
lt,3007,1164.65793237,0.22961427649455285,123.15736092960134
lt,2455,884.943185477,0.3553661402582213,860.0884875428442
lt,3205,478.695695818,0.23945137103234734,445.65229734532977
lt,960,1227.55543385,0.24530833201137134,87.79114981258617
lt,1955,710.430599767,0.39240801699116634,125.57194288665173
lt,1865,426.342422981,0.34718497862034986,421.9339136460248
lt,1802,990.108579096,0.323343283786679,317.3758836933211
lt,1576,1596.80413824,0.2922452820531378,464.2846891216203
lt,585,927.372437864,0.2577477693557739,8.675648319019992
lt,196,489.855553126,0.2613031290580234,324.4713540170707
lt,387,675.874839047,0.2228444219259038,62.839599160587085
lt,1671,669.823601551,0.29905894585602794,452.44771755442895
lt,957,812.341101649,0.23598460019738585,70.96903632668888
lt,60,802.160741076,0.3036475605086277,154.87932320389095
lt,4163,953.214143384,0.20946151989054598,150.77610461665134
lt,1520,915.468447112,0.19761886431454376,253.56297721114814
lt,1938,1026.82542298,0.3780821914498144,598.7150729908662
lt,3275,857.823089491,0.22223515894507062,173.0707191018497
lt,3324,447.464919018,0.24424013397354355,271.2751435223748
lt,1856,718.330979413,0.2902781998617409,133.20141323313993
lt,3213,637.556294321,0.21002031862735748,32.826864953134574
lt,1614,1191.20388294,0.29655357587884756,475.0433409447764
lt,214,762.425249912,0.29274684327516376,246.37208736644072
lt,2441,741.105673502,0.3414158463594505,672.3084399653416
lt,991,963.918752997,0.20662883250839417,169.00702403947417
lt,312,696.857280347,0.2600869562818697,169.0621836045209
lt,688,816.270047544,0.2563697628382236,139.58636070700254
lt,3215,1345.02447082,0.24567399841422835,25.21110139734605
lt,2166,893.734388739,0.3324140182630844,661.6380883310356
lt,1395,717.603697283,0.21343635953320073,380.7454844755285
lt,2093,1499.29881475,0.25975513508673204,1164.423156259574
lt,1317,771.076112062,0.2030501812696457,67.01055908203125
lt,1381,801.210023681,0.19033517501737976,383.64064049814266
lt,3575,1149.40894808,0.2822900449901561,968.5422188852348
lt,3741,1360.14086953,0.26710055459505916,1163.9667508592793
lt,604,740.476391639,0.22960483172877888,224.50935519349338
lt,2494,224.330014069,0.4014823547332963,227.1584010404699
lt,3262,1004.53417713,0.2025273319444444,106.10128918816062
lt,3051,1136.98567524,0.19551100771801144,53.57147423239315
lt,3634,1304.31414616,0.29032785780266823,1294.4811500998105
lt,3081,1141.16346542,,0.0
lt,3657,1599.75129103,0.27649522220906186,652.8883715461283
lt,435,657.760835354,0.17950984517347465,81.24133605957032
lt,3616,2324.4060736,0.29185344909132516,794.7218335020776
lt,3293,959.049399177,0.20595967769622803,41.75656190759995
lt,3035,2442.15503508,,0.0
lt,3032,1307.00659026,0.18787004053592682,2.6260408887676165
lt,4102,1378.98071138,0.2572036498885353,1076.630541573319
lt,1127,616.403806456,0.2540731844999909,390.548914531633
lt,137,1054.62752835,0.271575166189428,168.01800276812386
lt,372,808.475132405,0.30971561620632804,25.241324032054226
lt,4151,1231.6904903,0.23163512165012237,797.2123686248182
lt,2981,516.599641224,0.18093457293807635,94.79310087316178
lt,1934,652.101964055,0.42908292105348095,300.2782833323759
lt,3074,2374.2282089,,0.0
lt,3748,892.46090595,0.32443745961048504,355.86495582730157
lt,3830,913.743508037,0.30209482097656487,916.0713734645469
lt,1681,2974.50074611,0.27459881879482545,1238.2958826401655
lt,3664,1140.93252567,0.24952642803966682,641.072018253102
lt,1796,942.22718482,0.30352871881829824,291.36577492508235
lt,1625,1357.36437747,0.31013451498550604,606.4124547920976
lt,2709,708.860494564,0.2512808536510851,123.93865778305951
lt,2293,860.640238843,0.34743529573555104,356.4104039210899
lt,1098,1016.30190369,0.28432372266836725,266.2342232199276
lt,725,703.025560902,,0.0
lt,1817,672.955325347,0.2958470135161293,460.0372178619983
lt,2488,1116.07252311,0.3416666393922694,376.06185051413144
lt,2782,508.841188315,0.2785596540966234,187.74333789301855
lt,1585,2188.66261767,0.3128932382663091,59.119499146704584
lt,4181,1184.37735381,0.2605719152254724,333.86685799991386
lt,3896,737.856283932,0.280975919758349,511.36246747783576
lt,3900,648.64169765,0.27827878716392174,663.4346917545095
lt,298,827.143752126,0.34273449845716986,56.00399286606733
lt,2225,707.820179448,0.3294518431227411,209.07005250220206
lt,2471,1265.60057013,0.24350695752632448,127.89477721569584
lt,3202,581.781803202,0.2581644634989179,482.9437490126666
lt,2148,1184.17334285,0.34838006368074187,602.554606897691
lt,3759,777.085858599,0.33074450333609834,516.0719516230564
lt,4186,1217.8674114,0.2667804779942387,630.9625924503101
lt,2304,257.169574013,0.2554225992855529,244.5224686865713
lt,2876,711.313292608,,0.0
lt,2641,1440.89678488,0.2909968005467768,95.84246287626378
lt,4133,898.556259825,0.234149514645752,151.2966629925896
lt,4195,1081.63782947,0.23521560148970005,385.0935560338637
lt,3429,2022.9852316,0.27534889352849334,231.37720082600913
lt,2659,354.200871928,0.2591158930814987,269.41345699534696
lt,2546,770.270643466,0.3445635911674284,560.3795266544117
lt,1767,897.061506019,0.25571813462079734,473.18968194699755
lt,3342,1647.30938819,0.22948235732669045,631.3187229829676
lt,46,417.627828201,0.28154107945050355,140.15589755189185
lt,2605,482.818101892,0.2523625013954101,194.05104687260643
lt,2515,1080.9765423,0.28163724867794326,175.42064705643
lt,4160,787.884579537,0.21352963481929368,314.4230763154871
lt,2244,698.940552045,0.2802074458669214,44.650264814788216
lt,1627,807.719048541,0.2970165896841186,820.8143582811542
lt,2542,883.953863269,0.3399157668547252,410.70221503762633
lt,3316,1454.13781187,0.21780957519791538,289.1347224516027
lt,2844,766.123726415,0.2543431830772574,350.26177478865077
lt,1867,432.608303342,0.37319727710714923,447.6791476081399
lt,2568,1461.71677845,0.32830428403873374,316.1586221732345
lt,3999,666.839676335,0.30173555653268536,657.6695779538624
lt,2261,676.663163785,0.35749975553577346,668.9624851002412
lt,2888,446.802966906,0.3043233529208418,411.706145402497
lt,4117,1732.90596784,0.27297161285401583,1586.4674856746894
lt,378,629.095447177,0.26735163565050035,156.70591421688306
lt,2572,594.215090734,0.27519341997611213,184.33710327148438
lt,1081,754.092812212,0.2091425210237503,11.038531135110293
lt,3096,603.952530298,,0.0
lt,1937,901.63108731,0.39072597294138894,492.0559268727022
lt,2430,381.605306807,0.4678595872171994,380.80399816176475
lt,4063,856.583588779,0.291035257719642,614.0733864877736
lt,477,667.928757838,,0.0
lt,1492,818.056213016,0.23193769295300756,220.7179749432732
lt,1584,1135.469886,0.34998652507151873,183.92727481617646
lt,1360,716.198206364,0.2189096957053009,299.558692483341
lt,1178,877.920507387,0.3406261958554618,425.4861062143363
lt,404,599.496540135,,0.0
lt,182,616.757302586,0.26207815964302855,131.73556841681983
lt,820,668.615709466,,0.0
lt,4058,1767.19030586,0.2529363357903823,1057.433901050044
lt,553,646.12605889,0.22024114695515962,53.10675389906939
lt,1862,1082.29965029,0.2507069529905924,451.624053326775
lt,667,709.34488551,0.20906270510820016,87.2757432825425
lt,3872,776.419096339,0.29841156285881193,782.6574677411247
lt,1341,800.99034816,0.26892645944211474,230.45486964805454
lt,1100,1238.29631474,0.3120084330439568,179.7667974135455
lt,3749,1453.19387864,0.2725587765460271,710.1577376421761
lt,2008,725.931439694,0.3210350666321865,115.84877642463235
lt,177,650.740891093,0.30329796898998235,227.7107697430779
lt,758,742.397173316,0.23983287671377568,120.38947613286038
lt,3601,1391.14900816,0.2495132929951553,1120.3793565637925
lt,2001,998.777549275,0.28132579287356513,968.8252173031077
lt,193,707.478354042,0.2077243278239296,141.46304488836552
lt,3522,864.884530992,0.21894347731079633,351.92859275668275
lt,3858,310.589743782,0.26848528274460226,287.0639610739315
lt,990,1227.79327727,0.19386800583778768,299.6403570736156
lt,935,980.054464227,0.19618055485990554,232.09352425967944
lt,2331,599.495787607,0.36887796391904976,452.263475485409
lt,3723,1115.6682148,0.2732366024542,950.4637580422793
lt,3343,1246.09553282,0.2334598765474767,403.8975356158088
lt,2697,647.150366202,0.2889955515330807,196.41344281364889
lt,2571,511.14723829,0.2645916013126888,355.5452929627662
lt,3933,636.070057651,0.29974459994493013,632.1852763456457
lt,1220,897.866434737,0.311300331996782,695.9175050324085
lt,3686,930.758239853,0.26275668526015233,921.3141675762103
lt,1925,1142.59008552,0.33886336823703817,640.4930629655427
lt,3817,534.579069941,0.3622541720907274,546.2808197619868
lt,1670,565.475095726,0.32755422918845245,527.330369388356
lt,2507,585.617056043,0.38317995670225063,452.47070156920194
lt,1187,327.895078153,0.2861482740586041,172.14104297114355
lt,1820,1874.28244886,0.28029155911407044,630.0207017786363
lt,2207,688.68017518,0.2844761865699154,636.6751536649817
lt,1807,1028.17974526,0.30943069092134917,455.8323673921473
lt,3073,1271.6615355,,0.0
lt,3404,884.881025935,0.23768211040621207,357.42944566315293
lt,448,758.907876769,0.17169998586177826,63.09920008042279
lt,1132,790.446376766,0.29535996639975837,367.41997184005436
lt,3452,1066.08840593,0.2935724968308582,644.2445801678825
lt,1362,668.488416437,0.2083691620631393,264.6093794878791
lt,464,1410.63584971,0.2633432062921264,154.06773277731503
lt,3367,1638.55607996,0.2336167457916728,342.71492946849145
lt,4056,735.331388739,0.30692728234938915,709.6807392793544
lt,1716,817.935949072,0.34642493679875236,400.68393408083443
lt,1224,823.567535294,0.3371058646527636,158.2102624930587
lt,4197,861.811394033,0.24892303984058536,364.0804865519206
lt,133,731.407907649,0.23517831777576853,89.13634275548598
lt,1020,876.275730114,0.22270888864601912,79.90173618092255
lt,1425,684.532518971,0.1968344509639223,208.11018245921417
lt,1664,1026.0414993,0.2985015851576405,523.3896426032571
lt,2446,390.786925596,0.3895752896871935,387.89389747170844
lt,1438,686.514436659,0.24377158831225504,295.61211081112134
lt,1268,378.277755542,0.2600173853050795,184.22456288057214
lt,3851,724.455604663,0.28800511518065103,731.1822348800362
lt,1129,851.47697597,0.30268128274932615,133.51191591749006
lt,2899,697.51123046,0.2835206581101873,63.2793077356675
lt,822,607.07987465,,0.0
lt,1399,698.009728577,0.23039105715984828,131.6448725980871
lt,132,620.298384826,0.23542702405327862,160.6556537702972
lt,2158,945.574127598,0.3599714536304548,473.5795254875632
lt,741,816.491255762,0.27340016795807526,31.280886840820312
lt,2489,898.731721554,0.3172024207918851,548.0734470741421
lt,3311,1585.62342712,0.1922054503998045,95.0661096909467
lt,3606,1601.66000471,0.31223472527900004,1597.8241087371227
lt,3077,1997.05416353,,0.0
lt,3570,1946.91883587,0.322328603316727,382.9011332792394
lt,2092,1409.28407455,0.2834856040115488,898.0752345066445
lt,3196,1154.82617747,0.2906424162097235,433.04540306540093
lt,1364,776.467737705,0.19068817831498422,126.39212754193474
lt,1538,885.094038107,0.2444908939928328,565.7050695381914
lt,3611,728.578965752,0.3506166124291588,299.3983531278722
lt,2011,583.380328146,0.40981156598681057,327.84293230842144
lt,2993,735.741403262,0.26868377736680976,402.81189273011455
lt,437,681.524267079,,0.0
lt,3267,906.281164593,0.23745115101337433,16.80813419117647
lt,826,734.821719685,,0.0
lt,1174,852.829768278,0.34688248917941134,162.94003400615614
lt,737,762.876056904,0.2716699139320509,192.6802406759823
lt,5,818.740433914,0.31363841610451126,560.9032726811428
lt,1972,745.10433631,0.3872697020915742,245.63000024533738
lt,782,655.905655506,0.2020266837668869,83.5872116986443
lt,233,726.684107528,0.23585489258597916,219.81654513489966
lt,3710,1529.81771263,0.23219340219773035,366.1139401304955
lt,2017,732.90765399,0.3388825801746142,609.187337957644
lt,1574,863.933069942,0.26036958449920233,680.7913361194087
lt,1556,1100.25199727,0.27082447546795896,581.7186804378734
lt,461,670.876790716,0.3206141796826527,79.40025491153493
lt,1393,739.263685707,0.20196703881606418,94.33294411453545
lt,3960,580.314383098,0.2886710137473697,544.7339093077417
lt,3102,1492.79184867,,0.0
lt,2811,395.800215404,0.2777218384921831,279.64092389275044
lt,2182,498.961000725,0.32841797970150133,413.4178083531996
lt,1168,779.893348933,0.3102788735701833,97.76447143554688
lt,3672,435.504074469,0.2732220096407124,413.37613722857316
lt,3236,818.34804083,,0.0
lt,151,737.266143726,0.35343050479888916,144.61915319106157
lt,3633,1393.32157386,0.29060796626023394,1196.5276558670344
lt,1417,669.845704273,0.19983595073769947,143.20733223709405
lt,1454,688.873315269,0.2822599601073275,242.26640816482845
lt,514,661.80032946,0.21430403679947957,92.54169942818436
lt,863,966.308007527,,0.0
lt,1410,671.69945672,0.1689201129999544,294.29853746002794
lt,4118,1259.36379495,0.2593084412539552,789.5598936791514
lt,2380,729.110334567,0.3326389604651579,161.2559886857575
lt,2829,594.016950831,0.2747005572000634,165.15655418844784
lt,1793,665.513774071,0.37018165962983945,424.30873003192977
lt,131,715.942777754,0.26264415453006695,101.23153970755783
lt,3133,606.030229786,0.2279278147268583,130.51556552064184
lt,3000,1189.26249943,0.21246535532951055,424.34993558397474
lt,1804,882.387414859,0.3083708774035498,375.9640614528282
lt,2341,881.405756599,0.43286656672134993,84.04332628437118
lt,2057,333.609288891,0.4455119493550916,326.25658255184396
lt,1102,1745.98320263,0.2908782597873118,101.1842866785386
lt,973,857.532420456,0.2413248374160358,606.3795400282917
lt,3676,3620.72898465,0.3647797773165106,2259.378310858034
lt,2679,313.715309258,0.30504102742424904,202.71610514322916
lt,84,724.300559818,0.34882183968211,193.52714457792393
lt,3947,335.131326479,0.2995998415421313,333.5635148590686
lt,2948,916.270419113,,0.0
lt,2893,282.893569797,0.3271189816839145,270.1830717198989
lt,3732,1249.25774004,0.24353653649664914,1068.3658258774703
lt,4042,857.978214418,0.32745367937023534,854.6522414263555
lt,3105,2264.04120649,,0.0
lt,1941,946.218230311,0.3701485675050918,527.5188319486731
lt,1507,1206.74685682,0.21226309184791417,248.8360459570791
lt,2757,664.451314139,0.22400497333448738,117.37311464197496
lt,1351,1204.39396234,0.1890813359213284,214.6862481509938
lt,723,716.820662659,0.17212189733982086,66.76841275084253
lt,3405,1200.38489572,0.25180646601131157,386.84363870059735
lt,2428,930.18088039,0.2903162745965851,269.4528193754308
lt,3621,567.912161198,0.34694775354409096,559.6615354051777
lt,3757,683.265237668,0.29428989882660395,153.90255273557176
lt,1257,582.356768176,0.2370589390233323,573.9604656443876
lt,2831,1105.21483808,0.24420919214424333,49.88822577981388
lt,2386,561.854289721,0.43117290819440307,539.1796407662185
lt,1593,526.359472256,0.2834130759484722,484.77530400893266
lt,3458,904.412080417,0.34928406769872644,916.3237407011146
lt,3577,1490.55520127,0.3214391007065256,545.463152956495
lt,2978,799.378402909,0.17521822163883927,50.15366650749656
lt,3304,777.937844167,0.1947793960571289,9.454137106502758
lt,2918,1055.63892599,0.19783464074134827,3.1508315142463235
lt,679,1119.66058206,0.19975428389792413,198.47258602965113
lt,2652,603.189342561,0.30440545854974094,126.56629671582988
lt,550,606.585040155,0.19681313818339075,106.21323948280484
lt,244,984.931390959,0.26582188929172557,125.94730999516506
lt,2355,638.889025871,0.41692022258529854,257.38038844688265
lt,3167,1180.36450704,0.3111883318019604,762.0885688332951
lt,2311,702.62199004,0.2914521098136902,13.132146199544271
lt,4157,981.972141512,0.22353505463001377,171.52641828948376
lt,1021,692.428662803,0.21902645986510794,119.32675673540902
lt,3907,1083.18633731,,0.0
lt,154,683.634984784,0.343937949740828,53.37783032585593
lt,3327,1614.15850269,0.2243484243208185,945.1205194211473
lt,4111,888.446167267,0.28621302616006905,860.7341641893574
lt,2429,413.914031717,0.4048544380047643,370.299851361443
lt,2068,819.024863727,0.34011735130167964,470.7264905144187
lt,1601,1575.11534125,0.27260314086680815,545.7321540084539
lt,883,822.802875649,0.22027903342482932,225.79052791221474
lt,3646,1535.39681829,0.3018922866937636,1082.8074017992208
lt,2253,685.600553164,0.32581476201710197,81.15743094051585
lt,1150,606.485889142,0.3090184309906799,396.5858305987189
lt,1136,828.484672926,0.27422160818325997,217.35030284208412
lt,3683,1477.28599211,0.2756107917505932,1205.4759629193472
lt,1460,698.089297821,0.17157244180688763,53.077938334147134
lt,417,758.181793141,0.3048603759719691,143.28994990330116
lt,3862,360.351274131,0.3196386940226294,326.723344152114
lt,1171,801.726826426,0.34311303031237833,227.32773395613125
lt,3164,1111.64878446,0.32988274087072106,603.7369579539578
lt,771,699.981687189,,0.0
lt,3323,599.780329934,0.24813158300441027,261.0338207469267
lt,249,908.451948781,0.29422834515571594,8.676959497788374
lt,1045,1003.13152195,,0.0
lt,2450,224.404452949,0.4987895344004428,228.74419474882237
lt,4019,771.79979807,0.232052258651803,778.2232747695026
lt,2935,797.440037741,0.2514947456451616,180.1233310475069
lt,3131,3635.75040579,,0.0
lt,1382,823.472488075,0.20342959404930355,233.5996354346182
lt,3146,531.099349212,0.36302967657966,358.195274921492
lt,3930,1037.51535512,0.2658883042566412,1049.5255084467872
lt,3661,1265.95759659,0.2612692478153734,640.5430383121267
lt,2111,1353.54124101,0.27702637862139706,310.2171860040403
lt,2444,290.841766364,0.4987386942456621,286.25787939931837
lt,1684,519.42447579,0.39298076487868033,513.6602652157054
lt,1358,949.996419232,0.21419728268525748,291.41362807329966
lt,153,356.380511186,0.36063371378758907,236.91323412726905
lt,1942,810.876203149,0.36379184225164174,481.01873369403916
lt,1573,728.070655817,0.2741015347846443,584.360237091663
lt,2170,964.527839965,0.4029053390581638,436.7995260201249
lt,3892,694.939620718,0.2719179397006031,600.9258520388136
lt,2334,687.60366372,0.35035958609986023,680.2302308924056
lt,1715,707.926968193,0.32684919573461924,308.1982042798809
lt,1192,536.131073168,0.2929318461769888,526.4124079386394
lt,2953,876.710365013,0.20171673595905304,21.793738032322306
lt,2281,529.259176401,0.31207802306980154,450.4396306954178
lt,2383,1922.57649526,0.31440232806868773,600.6380538641238
lt,875,851.100493108,0.17540322244167328,19.45131141812194
lt,3502,601.832409513,0.31511339517855047,471.42910422530827
lt,1903,967.810426803,0.2906946305855356,650.2266149483476
lt,3538,871.394348783,0.3686140491450502,865.35789753035
lt,4156,1106.1316218,0.24197551492572753,135.5398712158203
lt,1303,1390.04511472,0.26298750951378613,516.9136606253829
lt,1557,2075.05789448,0.2705949841109454,752.7655150469611
lt,2789,544.135374661,0.277364656711236,122.88528612922221
lt,2200,1934.06526291,0.25961322102611856,653.4923333859911
lt,13,711.219406559,0.2855334391239388,305.0362010282629
lt,3314,1555.4522806,0.21456817792152333,146.01216789694394
lt,2535,852.229715086,0.3575590093429683,187.49626653334676
lt,787,753.585018031,,0.0
lt,934,1300.50978461,0.1949395259521418,234.98482109518608
lt,2820,392.551252203,0.3430871733555606,267.82278903138405
lt,3918,838.736952087,0.24526618732317287,775.8478208354875
lt,3680,670.742484942,0.32472967255860574,630.3106532377352
lt,1732,1095.68043863,0.35589414834976196,36.258992812212774
lt,180,541.33705766,0.26626768485118785,240.5947624655331
lt,332,770.93926578,0.2490772124648304,299.2114486694336
lt,1288,2233.32938438,0.22410589816712295,229.4216636208927
lt,3075,933.779804471,,0.0
lt,3280,879.070441061,0.20356348156929016,29.413983513327207
lt,20,620.317450813,0.2802192491927046,308.98028609331914
lt,1608,1258.21427622,0.2886081847696341,916.1986322739543
lt,4149,656.581981968,0.2953643916854196,529.2830435060987
lt,2615,677.181996504,0.25027924721044575,92.43049813064873
lt,1151,791.500248852,0.2844935440736448,262.28767362108414
lt,2828,520.017087539,0.27198172612756516,278.58736473532286
lt,570,277.778583957,,0.0
lt,2589,592.459620855,0.33966869631497737,213.21832490808822
lt,3321,1119.80619702,0.23032718642168382,431.7315822825712
lt,1088,513.081544055,0.23866017569308498,314.07113587622547
lt,3388,1146.33279309,0.2613165499613717,1020.0266751158472
lt,2879,691.016192555,0.34692349030998104,329.78657944623166
lt,413,620.414121032,0.27787518304116243,103.32681301341339
lt,757,719.294166125,0.205038463754486,246.29985133152385
lt,1501,1122.31054395,0.21219422289428588,375.22465236888206
lt,3636,1579.18586619,0.2541739086529033,1227.245415092917
lt,1927,846.39796291,0.3778572213144107,613.1700775146486
lt,12,687.403263438,0.2939608612896197,291.099518181296
lt,3010,1529.41965079,0.21161817019050186,242.90196990966797
lt,3119,1357.62150488,,0.0
lt,236,778.976710938,0.27823368289690437,339.45258962593823
lt,1328,1267.67689916,0.24710439744477095,273.29298341040516
lt,2240,558.398344589,0.34182815029083613,379.79077731861787
lt,3138,2165.67302619,0.26742596325625256,1010.5214484121286
lt,1195,779.462938841,0.2662523650400153,229.69797970640892
lt,562,900.52460404,,0.0
lt,3589,767.389650036,0.33290471412892975,771.8564740349264
lt,141,563.495106068,0.29156202861272235,143.03967668121933
lt,1167,683.501693321,0.31471061247204424,286.46080047009036
lt,3897,503.65292999,0.30110954734791046,514.5144984824985
lt,3904,461.325071499,0.2745480787567247,268.1595873066023
lt,2945,621.014494365,0.19229523837566376,33.871963680491724
lt,1201,674.991978854,0.25708980719397834,349.53823373831955
lt,3513,2754.05979163,0.2298881186760417,168.87513565362667
lt,3446,1343.9332015,0.37247649763331675,1341.264528311935
lt,2856,872.982475135,0.2366907422221144,200.5990191590552
lt,3864,1336.46118796,0.2434970021186778,1025.0854645074583
lt,3261,1956.11220364,0.226148522478431,87.97992706298828
lt,2189,726.042008237,0.28936619647726414,567.5997585221833
lt,2462,1653.6505598,0.32457677770476306,222.70083190319585
lt,2305,248.373494683,0.30684432115881366,197.50852810728784
lt,2919,338.430856103,,0.0
lt,2889,333.955690692,0.32163154879950745,204.5404015933766
lt,2302,691.05130138,0.43756859948825216,688.3889658011642
lt,3381,3201.55810774,0.2281886473298073,131.31027027204925
lt,773,691.098580403,,0.0
lt,1583,2819.6314622,0.2110199150272778,459.8211795582491
lt,3115,1657.58041058,,0.0
lt,3846,833.130502713,0.35532488741657947,2.88902291690602
lt,2875,945.019885331,,0.0
lt,1057,786.5406558,,0.0
lt,706,881.003133473,0.24106988310813904,0.7886059929342831
lt,673,313.423652679,0.235731258392334,65.71964712703928
lt,841,789.415580497,0.20796917133646414,105.40671111462163
lt,1939,937.161436892,0.36514492759009454,513.5965668322993
lt,2417,522.417647106,0.33745568311064916,460.64287836411415
lt,2294,772.64155774,0.42283505973155044,519.2499752568262
lt,3450,2013.23539396,0.2781564695978479,1594.2035757625802
lt,1383,740.039543359,0.2131789139494663,107.73408134310853
lt,850,809.664241105,,0.0
lt,2213,1216.54625746,0.3232433999844303,436.2657207713407
lt,953,741.293941341,0.23692396193402332,253.12290640438306
lt,1070,1910.76138895,0.26698244498534635,46.25693885952819
lt,1076,520.016724331,0.21742640540807576,63.34011421951594
lt,2073,1198.35617608,0.3364172747171076,584.2009643255496
lt,2292,2155.48549181,0.3117423470641092,234.018185783835
lt,2814,404.949244928,0.32364939405367926,85.33600287343941
lt,3440,540.475407108,0.28282405673427913,273.66306660970054
lt,742,687.552306281,0.26064925369366193,101.72858402027803
lt,554,730.577413944,0.22447577118873596,11.830714955049402
lt,397,755.393412039,0.19499619125183357,124.10020560470282
lt,2389,1266.30195631,0.2509338304696493,198.28486244351257
lt,1577,1711.17924924,0.2995889517383136,525.2437409644033
lt,1331,1218.00862837,0.26143683168758347,270.4012227675494
lt,2487,1280.63166512,0.3446497184678105,295.9653606339997
lt,923,696.099258963,0.16900449991226196,5.2569580078125
lt,1211,588.611558543,0.3648526120837692,283.5716568292356
lt,1350,931.913301481,0.18815613095593284,221.25566286573223
lt,1413,690.512042697,0.16777165162424937,158.4479337804458
lt,2072,1082.18334976,0.3829336283921168,243.76808543485754
lt,2081,1200.26303574,0.31990590490459625,731.8193655874217
lt,1024,655.627472086,0.20327290892601013,3.154001393037684
lt,127,715.107399967,0.2278012518843716,104.38681117039101
lt,2443,254.194962639,0.5374813398378848,255.53085063859527
lt,2465,825.645940134,0.3512043975012674,578.0219338211358
lt,3006,2307.04453835,0.20368981086605611,535.4321269914217
lt,2922,268.88491586,0.2327431892764937,50.938355748793654
lt,2477,848.55768481,0.3463741318330847,270.75678366866765
lt,1563,816.905359332,0.27933288275906726,704.9538091921339
lt,3395,1166.83817259,0.21581287520368478,302.5409896252202
lt,2413,1172.19382115,0.2597893682809977,153.63528801413145
lt,69,689.768302028,0.35946633102084885,308.4404515883502
lt,1121,466.681739868,0.23598152585327625,63.077159208409924
lt,121,888.441794116,0.2735590726496225,65.47200649485869
lt,2191,593.467691834,0.3467117474562881,380.5897967170266
lt,1912,730.515564724,0.34653565336751985,461.85432425106274
lt,1599,436.88744946,0.3337341811523622,436.9531059414732
lt,1764,829.272520368,0.24607177914212341,443.764433557847
lt,1931,841.220401568,0.3292961906845564,662.5592042810777
lt,1780,700.174022999,0.32710808998700325,163.68401752546723
lt,1753,1448.36630977,0.2683980247135248,869.6652277628581
lt,982,711.480326608,0.22340078274234476,209.48392836626837
lt,3557,1781.39834253,0.27252960049158687,1784.5490267286116
lt,192,550.008981336,0.21272260207308535,54.955037225461474
lt,1029,331.18038633,0.24497052451884457,252.584171369964
lt,1226,973.984147632,0.2890392400275253,518.5182045132506
lt,1271,699.77230796,0.23497079083395636,575.2728153004366
lt,995,1166.48742136,0.20541575371594953,150.60789525649128
lt,3666,1279.18671701,0.2886837514001372,645.2715871474322
lt,3378,721.119934239,0.2437721301402365,183.83370672487743
lt,267,619.699231621,0.24722663357265687,159.86298304539102
lt,2112,1367.30219311,0.27751953446580846,363.5407719630821
lt,1545,782.793005951,0.2691860081256255,477.9406010945638
lt,528,854.312779063,0.23855425546624065,45.48127513212316
lt,745,692.012620486,0.2203878582250781,258.6575931324678
lt,162,279.121029516,0.24570890635904047,204.3077138564166
lt,2205,1182.71233205,0.29858409002217284,683.9554384717756
lt,1707,1456.25133224,0.3213058889844957,512.0805849860695
lt,2151,1094.93667419,0.3162682424088819,313.62112866569964
lt,699,752.327328639,0.24195861343144198,267.3401584400851
lt,95,384.050146368,0.2878574481508388,335.51485628614233
lt,1376,855.807701614,0.1744391918182373,58.59706076827704
lt,1058,870.814823196,,0.0
lt,656,466.332929631,0.19493170713002866,54.67895023121554
lt,3398,1086.71027558,0.22600420232580493,343.77360043993184
lt,2217,1526.47390176,0.2653854474868183,300.47219570384306
lt,3497,569.176147733,0.31938413557851814,437.8142723233092
lt,2869,388.340359795,0.2986647249841742,243.66234537760417
lt,1240,634.675570099,0.25305471681846226,521.9280224669213
lt,2260,654.634230758,0.32876691819110543,627.4643027810489
lt,632,752.660956971,0.19023345931957328,96.21618508731618
lt,1157,389.361807903,0.2779032959984237,284.88716849532784
lt,403,767.128309852,0.197238951921463,9.465205293543198
lt,855,1189.47205496,,0.0
lt,2449,1511.03866288,0.2868506672200604,394.4601283353918
lt,3530,1714.2543178,0.2775228907681569,923.4108925314509
lt,2743,555.840825639,0.2237340243593339,122.10060299144071
lt,305,487.9409742,0.26697438717619776,42.85733750287225
lt,3517,1287.36613063,0.24282101627057515,743.260512557684
lt,985,562.465603385,0.24029538118176993,369.0288769890281
lt,2458,1097.58672568,0.4365730901582666,889.232661198635
lt,3926,639.85429839,0.24075359422800444,619.0511288511985
lt,2528,729.78483481,0.28063701306070604,643.3768787758024
lt,3106,1355.18132949,0.19068579375743866,16.806169577205882
lt,3967,1105.82137501,0.27195741166037235,1115.470012739593
lt,587,555.887439299,0.2076881594809309,146.95999746883618
lt,3345,1513.15245777,0.24282674127640158,680.9554666556564
lt,2557,375.064563343,0.2651369820079835,315.3739415486654
lt,2920,849.913805607,0.23349723539182113,22.055590551039753
lt,3185,2593.86881826,0.2606970351539217,922.806630631989
lt,819,652.231444908,,0.0
lt,1666,811.448624182,0.39003186470585943,788.4972954544368
lt,3474,1211.18264523,0.3337557015415186,163.88414773380057
lt,4028,839.4931838,0.23454010786236942,728.8456495397231
lt,590,798.45135557,0.2468989101920541,66.775682516659
lt,1892,800.826556471,0.2914041117330392,236.44943506577437
lt,2685,262.962910355,0.27114285196119786,185.910791015625
lt,1,3004.66114118,0.3461529796743453,2964.1394571640913
lt,2681,691.048100823,0.2820687207706186,68.00953835880055
lt,285,633.900989088,0.28780305385589594,153.81248518999885
lt,3579,1338.77926299,0.34796802258903703,577.2428350112019
lt,2716,1584.67042412,0.2972048865088933,103.71911651012944
lt,1406,711.717370918,0.17052890576853522,231.49662074668734
lt,3700,920.272260473,0.2863433707907134,869.580419323491
lt,1752,1489.08915795,0.2739758757980604,691.0042895148782
lt,2183,526.964158549,0.30553121678841094,473.56619935877177
lt,3023,1490.18271839,0.26759959347907775,540.9601603489297
lt,3954,740.563005853,0.29956887030870116,734.3637726727654
lt,388,741.237178209,0.2754857976734638,52.58536257276348
lt,3108,1522.26886921,0.19068579375743866,4.726735193589154
lt,335,476.433807325,0.2725251728016547,72.83124497357537
lt,815,463.444964226,,0.0
lt,2317,767.602523286,0.36617829686025827,199.08177867216222
lt,2817,1072.39522281,0.27317578101580126,29.670599933699066
lt,845,778.896348385,,0.0
lt,375,610.12487002,0.23565386815619563,470.9073392082663
lt,3838,1216.14452836,0.2746339009860729,617.1986932193531
lt,3392,1360.74369077,0.22463537269093176,415.9922805786133
lt,3706,1481.39891933,0.2729280937568264,1469.1645126641965
lt,2484,1306.40046536,0.3175698249703212,991.3708988264497
lt,2352,882.203265403,0.34254453199036816,837.8023368985044
lt,1496,1067.99052739,0.2171827847625341,322.4071782729205
lt,3503,1910.97317767,0.41954628833518404,1662.9900491153496
lt,202,577.412866162,0.3403271892030173,339.72053584678497
lt,3022,1806.63874193,0.26732079380585405,549.3620473824295
lt,363,673.380291198,0.27369866015881145,146.4534360698625
lt,3935,667.239983915,0.28418957304880904,680.5117182413737
lt,606,558.378569681,0.21011459570558322,260.7876510919309
lt,3292,1547.35377087,0.20595967769622803,24.948889190075445
lt,2038,933.966767413,0.34775506191804684,410.3202846153109
lt,2403,958.53282119,0.2942371926466933,878.7507266474705
lt,4018,727.25222673,0.23487496681906328,738.3017430623372
lt,3906,446.098470708,0.25011926889419556,80.10663933847465
lt,287,644.524574823,0.3120825284678075,189.30713216744218
lt,483,840.206474591,0.2167101800441742,14.459984872855394
lt,1839,765.454067467,0.3421240249558723,440.5883706784716
lt,441,741.063703012,0.2357884977717657,38.91129635081572
lt,3380,2503.59520121,0.23582300376402188,95.85635540532131
lt,1898,922.375936074,0.2459025163765928,388.0364750282437
lt,2711,696.232555275,0.27181996104091105,207.96423420625575
lt,3227,1482.15574633,,0.0
lt,2433,308.441066574,0.46618076549392806,307.531164042155
lt,687,625.920624625,0.2152635157108307,4.994641621907552
lt,2100,826.112572029,0.2552578913726934,314.1560903810987
lt,2914,2230.08359513,0.28501040249379805,1099.6237628712372
lt,245,573.046595977,0.2899291998367517,192.73352532480277
lt,357,831.015093438,0.2554584817973645,114.90119350657744
lt,1035,591.769410151,0.3179006226812667,186.349721661736
lt,4167,1169.27277332,0.26939712149271766,563.1806704652076
lt,469,754.211683391,,0.0
lt,3963,1981.33563945,0.26138424336940724,1540.974127227185
lt,1319,715.661809849,0.2078036120126863,155.83187040441175
lt,1189,243.960303695,0.3147851286426423,82.78552201214958
lt,709,792.124281923,0.25969956935341676,88.06100254432828
lt,1874,947.747718276,0.3134528923729092,676.5102389167337
lt,901,843.159928682,0.23078208469918796,14.719735418581497
lt,2640,767.246704529,0.34033478976702625,178.03094267003678
lt,2045,289.216443919,0.4293637301575331,287.37978413899737
lt,1465,661.150471618,0.18495471218619683,104.05362261603861
lt,1999,826.48468216,0.3577825671487333,532.4884773703184
lt,1654,1070.00711981,0.2774801798472471,521.8169148164636
lt,1737,790.104458246,0.2927170268357446,582.2417653401693
lt,1668,492.092046271,0.44422282764116927,492.6479810826919
lt,974,1003.76036608,0.24442771136219302,318.30244233374503
lt,3760,943.638794596,0.3335054850223608,631.1040513281728
lt,3168,1361.12141966,0.2740038369132691,750.0107641481886
lt,1775,809.657205845,0.2964738820184459,349.9639423145967
lt,3739,2201.51288688,0.24272581717951577,1525.8563825420304
lt,1305,1377.71218775,0.24148969933313139,151.63093875062233
lt,3761,887.287679143,0.3352049162826783,642.659374700808
lt,999,666.029175912,0.20403243067549237,88.05108163871017
lt,1291,1308.9048121,0.24063471029240796,135.07694438859528
lt,767,595.060600273,0.24808493681506968,207.39432489731732
lt,2353,784.227967538,0.2960774555320866,316.99852794572416
lt,3003,1537.82441402,0.21322512856152445,117.64196729473039
lt,2630,620.419682841,0.23653651642497084,238.1645341162588
lt,3339,2046.82189129,0.25668391657803,324.0613063139074
lt,1887,494.217265809,0.23099426240741777,255.1028683232326
lt,346,509.529515374,0.19518484076413,47.59029298670152
lt,2411,683.013344582,0.3287885496488576,178.84776440788718
lt,601,769.538538056,0.19837469548059145,108.57463175455727
lt,1054,945.066194249,,0.0
lt,1177,815.15857891,0.4126948230521261,265.6984373204848
lt,71,679.818692699,0.2630612699004511,252.43127979951748
lt,3136,300.485836692,0.2549228000893164,248.16435825123503
lt,1315,813.490190073,0.20062315464019775,7.8836221133961395
lt,2270,413.399862336,0.37342257963286496,423.1233610265395
lt,91,892.000784468,0.3768100271656245,77.04194240196078
lt,535,596.9718425,,0.0
lt,4112,1460.03155583,0.266358224504894,1066.6590872072704
lt,4015,734.052303722,0.2210934917016965,725.4312748030121
lt,1285,974.897718973,0.22427124708488344,642.0153433107863
lt,3850,403.547364166,0.2864360672765397,392.9069748822381
lt,1014,1257.41902764,0.2307486074126285,145.08571911980124
lt,2774,643.521656902,0.283668460330554,79.5616190293256
lt,293,428.339941233,,0.0
lt,472,793.357506047,,0.0
lt,592,602.678941976,0.24861119205634746,264.9992010677562
lt,4044,857.396972182,0.30378997360753734,853.3397660498528
lt,3336,1237.9325911,0.22341293657742425,406.51988821590646
lt,1714,1031.92636554,0.3227016780642863,91.69740818996056
lt,2219,612.171884015,0.3596396784631423,356.6792791329178
lt,4078,1101.13685115,0.3163473868205388,627.4739951638614
lt,1880,798.637041261,0.25684032738436186,688.5930803485945
lt,2273,1011.70282362,0.2537465514006298,923.9867543837607
lt,2392,769.647602828,0.3279141145888889,533.9236048679726
lt,3970,669.331406255,0.2884963985953,663.1834355373007
lt,317,578.101321214,0.20463318167387023,99.64964473948758
lt,200,560.504065836,0.3445116315718291,135.1523421942019
lt,2152,820.519159988,0.3008882249021188,293.132810794606
lt,1645,1052.7791394,0.3707955513469775,580.6707829494103
lt,2104,744.330023125,0.2508995202668195,106.64507951923446
lt,3856,729.615247145,0.30925897486853693,746.9411709953756
lt,1064,657.539675126,0.23396249287403553,259.6712101655848
lt,1101,657.107382411,0.2760444636411494,536.4093347886029
lt,3568,1673.43497252,0.2853858531299288,613.7457329544368
lt,1018,664.215017602,0.1934301636981724,104.34571437461703
lt,4054,806.683668437,0.3334645860234364,806.5964493695425
lt,2256,717.755483271,0.37212618026468486,269.47464590633615
lt,2809,960.036670827,0.2623706870425531,75.8839609781901
lt,4121,1480.33855589,0.2585462963624298,507.20164528641044
lt,3541,1336.51608178,0.40152041926869686,1312.346464807847
lt,567,643.545142988,0.1986438193224453,71.24630991617839
lt,1229,1103.6883278,0.2875564418943588,465.1659501019646
lt,1437,688.793449568,0.22861141796589637,335.8157428517061
lt,291,701.891835467,0.21351609511353142,112.53286653406481
lt,2797,683.703161941,0.2320433259010315,2.6257515701593137
lt,1759,1213.89677206,0.24909951436581942,854.4238649555283
lt,1231,583.60628804,0.2575068617165994,518.7765629487878
lt,2624,439.522238785,0.25212743757333295,300.65932105569277
lt,3012,1830.22338341,0.20058986141960675,370.2630444694968
lt,733,593.484676543,0.22194002518057823,131.43308617086973
lt,3966,1179.3531345,0.26643956048991574,1126.766077378217
lt,3888,676.7682207,0.2694810595053199,312.28132452871284
lt,2343,825.542482351,0.36595176770915094,414.70079872280945
lt,4150,1348.63553829,0.2438408880590689,890.4625423954981
lt,423,774.102851078,,0.0
lt,2250,623.128524984,0.3367437709360491,218.25921496222998
lt,55,682.343838044,0.32088973890080974,329.7441339829389
lt,1173,608.9105637,0.35772853038832786,415.49752035701977
lt,2492,1058.33685606,0.35820182544343615,169.64696089800665
lt,400,758.287312623,0.23974194568500182,74.93308617086971
lt,1113,642.274383896,0.2558428553757959,381.87406688017
lt,2669,371.265676726,0.24559720694160123,218.73326119815604
lt,804,657.853076506,,0.0
lt,3484,2196.05211123,0.3063700321459874,60.14429779052735
lt,1613,1165.56446563,0.28169756866523904,627.9620062136182
lt,2864,617.907592219,,0.0
lt,1537,1000.06000283,0.2347028899907259,543.6348760268268
lt,3110,1584.32679567,,0.0
lt,3795,1759.76181595,0.26020843249273007,524.7358524995691
lt,3594,587.445124411,0.36378126477922434,505.0315879971373
lt,3087,1284.93689373,,0.0
lt,150,909.441496312,0.3698210320148752,123.84636439903109
lt,424,780.437108806,,0.0
lt,168,456.198705258,0.209388566225074,11.306593322753907
lt,2862,1139.24127788,0.2346382891951964,121.830133266075
lt,3435,1382.20434715,0.325562352807476,682.8381411982516
lt,1642,1027.20916013,0.31056231106708976,820.8200029560163
lt,1633,1428.77734232,0.22293831025714805,440.3647211112228
lt,761,735.562809859,0.235550267386968,412.68752932081037
lt,1647,810.316180986,0.3287982142270792,198.90013649136412
lt,453,892.004866866,0.1932125985622406,33.39010736802045
lt,873,917.988377625,0.2012269964670753,98.3083324955959
lt,1722,430.381843328,0.28237977755808197,326.59199553844974
lt,681,738.117811738,,0.0
lt,1049,1160.2065076,0.20370370149612427,27.597182329963236
lt,1290,755.453731831,0.27645850269829186,270.67999821083214
lt,3283,1194.0266558,0.24471635482041168,67.23173747343175
lt,3263,743.958391512,0.21883616568268954,194.34386803122126
lt,2807,813.847008662,0.24753623037305594,95.83959841260723
lt,3082,1087.94339249,,0.0
lt,2282,774.913804256,0.30324641331767554,312.81278542911303
lt,480,557.327989385,,0.0
lt,1861,998.91662049,0.24777881961733342,368.0780394610237
lt,2232,650.034898578,0.3950056371042285,387.410062752518
lt,2628,812.982078429,0.24518110915229174,163.5907491048177
lt,1782,1411.56889463,0.2701527935439262,453.21770387537345
lt,1979,698.168477911,0.3026169902977181,646.7766460343903
lt,635,1189.09239597,,0.0
lt,3526,562.454794661,0.33716059551581673,562.8193223541858
lt,370,662.175678224,0.26621754815374365,135.14641615923713
lt,1185,612.114340105,0.3134762507559049,79.63146326401656
lt,3291,1934.2604489,,0.0
lt,2848,653.696002437,0.3078153992362911,245.2350039912205
lt,1016,1201.15255983,0.23351110821829163,94.0953675513174
lt,1988,1362.35748166,0.29830636492648954,572.9547472486308
lt,2356,841.42990108,0.34564152946404636,537.8726443421606
lt,4050,821.119464013,0.32952626638734933,813.6836986167757
lt,3924,946.781296734,0.23037160235649645,500.5971636005477
lt,1433,657.924031805,0.18014612615108488,98.53817434871898
lt,3679,515.36959832,0.3090128918337341,533.9248511520087
lt,3479,666.338746215,0.3348632918987914,547.5977316463694
lt,3882,679.219772044,0.25650304100353144,671.8370355942671
lt,3177,421.684181312,0.31129324701377903,433.8279695697859
lt,2129,836.229815487,0.2813589509227966,609.1371922212487
lt,3703,2028.37290657,0.26591330931798834,971.7382215312882
lt,2882,471.847720803,0.27813821459409954,179.33384480195886
lt,2724,1004.91213925,0.23849309316600661,21.794301739860984
lt,49,1405.29819661,0.3326736333684658,133.58184290867226
lt,2269,626.10941784,0.3113124136840492,497.9789971744313
lt,2135,1152.04312503,0.29396381991500836,588.906823760388
lt,3869,564.204527792,0.32831684699152963,557.0544385124655
lt,3374,484.08531058,0.24025198662683964,450.6535108977674
lt,3744,963.886591348,0.3086303081914265,914.7383791755227
lt,3243,1557.12994026,0.2456572669139807,36.24235175637638
lt,1434,724.979787324,0.19285769449517676,401.5097172157437
lt,3230,1869.69536575,,0.0
lt,1135,1517.13403056,0.213876207160401,251.2545316808364
lt,4077,1107.35917946,0.3229938600992309,694.9746723549038
lt,393,1446.77131906,,0.0
lt,660,635.593017045,0.18793960431175777,55.467534413057216
lt,2187,803.86170113,0.2662197984918887,656.9011982637293
lt,2126,895.006413018,0.3022203309530794,543.4702491012274
lt,3282,954.499886487,0.23266331094843115,152.05952633128447
lt,1159,577.803968337,0.25771111249923706,17.608329653272442
lt,3396,1276.88140957,0.21164018849753805,235.04734856100643
lt,1219,1438.70358519,0.3642392704029297,152.69234101538564
lt,1980,650.015871427,0.3055392540205853,348.86970095166976
lt,1304,1086.60934495,0.26747743258798934,419.4163111967199
lt,3997,961.975571908,0.2611813129741545,1061.8789894552792
lt,3299,708.904369948,,0.0
lt,1401,712.817289453,0.17853549618529233,264.6039504406499
lt,2629,344.06765224,0.24510097007833528,297.50891753552
lt,1884,731.547530491,0.2503757613551104,628.6920761407589
lt,2231,670.731073899,0.3391807426105846,158.90408905627683
lt,3553,783.999873213,0.3572388947801792,771.0646977144125
lt,1126,763.267572162,0.25455941103504254,538.5168202119715
lt,2375,873.576980942,0.3226919147603038,546.0099975585937
lt,2133,902.478853937,0.2876993834485744,466.504129746381
lt,3545,1445.10014306,0.24267922567827666,1243.2632181504196
lt,1519,971.413018375,0.2047757107141936,294.02812275606044
lt,870,720.728282894,0.21054354322799013,122.75452031154259
lt,720,699.524794366,0.20553028881549837,162.9781913009344
lt,243,995.271597404,0.2570942332944297,205.61747699812346
lt,2842,731.541456316,0.28761629123621313,169.61737829470164
lt,1660,691.819833474,0.36900991905571484,172.36207236495673
lt,2314,665.125487205,0.45040875279324505,292.0579742132449
lt,1828,697.878396532,0.3400974897709907,348.37189456715305
lt,384,983.429251611,,0.0
lt,2606,882.871752963,0.23981815755965316,157.0266975253236
lt,3130,1053.06956784,0.23445753753185272,0.5252126656326593
lt,557,682.420532537,0.2384938756888472,188.23963012695313
lt,4055,773.632922958,0.29281890928513515,743.0378979851217
lt,3677,1975.05663446,0.27183235494412,1355.6884833541574
lt,2964,889.110498785,,0.0
lt,840,814.1952347,0.20927370935678485,52.57195626053156
lt,1034,593.962190861,0.30275503427817896,76.22208718692555
lt,3943,757.205554789,0.2498063494731029,848.3484392353133
lt,1636,1296.13450857,0.2822749214293358,473.7348975088083
lt,2513,702.159158025,0.3610565678656467,214.02379593194698
lt,3878,795.503661917,0.27796587362777003,793.6982598697439
lt,3306,2762.37814789,,0.0
lt,3993,868.311836599,0.24922401482551731,845.7173779655907
lt,1558,1191.96669695,0.2636610107185858,991.3395346847235
lt,607,959.640606418,0.2085204798191902,67.56281642539828
lt,1122,344.02071752,0.2889403985249056,126.67931201411228
lt,382,690.687736369,0.25373077539026884,214.02403483671299
lt,3641,1031.09632496,0.2633811509761268,1019.2462592330635
lt,2363,875.876986181,0.28095720498348015,450.9392018336875
lt,1735,1223.22732316,0.2865217781016026,523.3891229068531
lt,2599,896.84535182,0.29143038392066956,2.363274159150965
lt,2911,710.988912433,0.3092357668398631,265.1926122927198
lt,261,660.034041017,0.29143447392630234,291.3309294158337
lt,1207,792.541596049,0.2732928113609324,378.18385650036385
lt,2050,866.255772941,0.2695530652999878,0.2626880720549939
lt,3117,1664.39794235,,0.0
lt,718,596.78618075,0.2639223743850986,100.9415397195255
lt,754,785.604132419,0.2333896069752949,113.5555310417624
lt,277,690.796380287,0.24553817461675673,176.16311735265396
lt,1259,743.8657033,0.2452458351017525,253.86826521929572
lt,2201,600.511854463,0.38926529197889415,487.49216826195806
lt,3802,922.204490241,0.2879377154852182,404.7143526563457
lt,2309,338.718205046,0.3379435088032874,112.41119615143421
lt,1702,792.345819331,0.32025420621442763,415.39119208840765
lt,2839,577.741417265,0.3086541456958422,109.22774032891967
lt,1028,648.920902526,0.2428566395170396,507.00824516146787
lt,255,649.054894816,0.3215554209180894,193.7837583354875
lt,610,678.135784447,0.189839169383049,6.8351134655522365
lt,3605,1381.21304719,0.2950712508256145,1330.4719322054993
lt,947,616.602648102,0.25218281369460255,74.91167180678424
lt,3132,1495.19461267,,0.0
lt,3973,757.876158756,0.26538764493602796,770.343223033232
lt,3753,1439.28076872,0.29242579345858816,667.6097737630208
lt,1184,590.075004503,0.326762435802569,302.75678381826367
lt,1180,1009.79932204,0.3066659144720406,238.36738508635878
lt,1203,1033.29653933,0.35339699519280526,120.10421651204429
lt,2241,587.827595361,0.31908391645601736,537.116574754902
lt,491,437.876082502,0.25578385367639744,55.999195413028495
lt,246,444.734541923,0.33057694961175776,138.83130798339843
lt,3437,3503.12084097,0.3101256931261242,2598.462325870289
lt,3855,917.795102977,0.32683184535044996,896.1167474784105
lt,3455,772.131204604,0.33170981600734534,535.7721687765682
lt,460,686.367717349,0.28303640975001076,144.34028589585247
lt,3811,809.846018414,0.30008745689154165,252.6543118046779
lt,1639,595.122609751,0.3233463279101798,586.4505047368068
lt,1956,1936.96278183,0.34714004113889896,113.22481928806678
lt,35,585.985593929,0.3939664923917439,248.23118980258118
lt,4147,945.574284718,0.2720418667946106,81.95348627427045
lt,897,596.29973965,0.28216688344083685,385.6036981919233
lt,4155,1315.77037901,0.2196226766079255,248.75222568885954
lt,2595,402.996330323,0.25640374612977923,147.57278232948454
lt,786,651.710956988,,0.0
lt,3766,704.468336287,0.3453883647215402,445.1581039428711
lt,2565,897.348820968,0.3188664039823494,166.2197905596565
lt,3781,705.431641152,0.4002935379425806,344.83739160275934
lt,473,799.912055875,,0.0
lt,1283,2258.36846992,0.2097508661087611,227.58391050450945
lt,3272,1383.92572487,,0.0
lt,2069,684.636509943,0.3962711573535512,96.92958706126493
lt,3980,828.271298557,0.2737773870195052,821.8179690192728
lt,2288,457.042154739,0.3538539830201162,394.75803363276464
lt,1565,699.010658115,0.3007597020729276,669.485052909103
lt,2083,1247.19062706,0.3037648042603023,843.4529628678865
lt,230,1761.53400861,0.21968662934495678,166.17778251498353
lt,1396,737.267150895,0.23060555693793433,232.5463238884421
lt,2423,265.498917291,0.43806957757579545,264.46279054529526
lt,428,613.562813586,0.23112495826207072,158.01362873152192
lt,3068,2408.5844962,0.2067583054304123,84.5570618872549
lt,3199,1465.08081555,0.27342447630613514,594.5539300357594
lt,1699,759.960179198,0.2917820494346134,408.0331886141907
lt,3005,1345.63852746,0.22396582791574826,70.63792978922525
lt,3031,1244.23091941,0.19774945507585,358.97936859130857
lt,2973,428.064606917,0.19466575285357038,46.73980362836053
lt,427,726.207559723,0.22957205292114544,31.81306990081189
lt,532,690.640410351,0.23009306916110675,192.70457943187037
lt,27,617.137438856,0.26917998675019184,247.1815752515606
lt,3486,1321.42951648,0.2437241469154653,76.4280225865981
lt,1840,789.973237899,0.3492247144885951,584.2978561999752
lt,2108,781.803731885,0.24929921636261893,203.833885791255
lt,1322,780.035940094,0.2227798575880351,141.9035577213063
lt,2402,2338.29995981,0.25222171093013274,1060.7540490842332
lt,2703,749.895878879,0.21318615050752546,177.76844778621899
lt,120,573.871747603,0.2509737771916873,168.54457741531672
lt,911,635.439157278,0.2137130315719494,376.1393245323032
lt,1095,1218.07772841,0.24689391230850063,191.59490535960478
lt,394,1105.25735647,0.28764939308166504,32.86563274907131
lt,1199,663.945183186,0.2870144784431693,415.7670816458908
lt,3531,1145.73968587,0.31570071757014156,718.0309184654087
lt,3260,912.786578998,0.24270338147578624,156.52538838106042
lt,3456,1000.22365712,0.3276794885765016,993.5396252202052
lt,3044,3533.29769691,0.2216235729268121,206.6702594233494
lt,220,596.417939223,0.2814308614051016,260.04651590983076
lt,1616,646.273919072,0.3409572342622923,638.7316574395871
lt,837,787.358936113,0.20992690324783325,0.26285962871476715
lt,3079,1157.49564322,,0.0
lt,338,699.777760281,0.3537858640879727,46.80137993307675
lt,777,638.8112501,0.20228169858455658,1.5771172018612132
lt,849,940.190296799,,0.0
lt,522,590.438811825,0.21888994006223458,169.56993109011182
lt,2769,521.036451404,0.22790728436814528,123.93721606684666
lt,612,1163.20344587,0.20488549768924713,5.2577795888863355
lt,3459,1680.05601692,0.3320672607041603,1453.1361716476142
lt,276,667.116343429,0.21628113192016793,15.512871686150046
lt,1569,858.942378802,0.3536386141452448,271.15825329948876
lt,3721,1645.26250978,0.28477088973948067,494.00935013714957
lt,2559,1423.22205453,0.25155745763609655,70.37473518521178
lt,1163,661.182888358,0.30542629822550044,87.2528906728707
lt,283,712.861174437,0.2798288224598466,240.84199344410615
lt,1371,655.261353015,,0.0
lt,824,581.515649819,,0.0
lt,2459,462.283422789,0.3937346063184911,434.3739084281173
lt,4142,899.908834365,0.21544083233433542,260.0427982105928
lt,2395,744.791624017,0.30826763836389665,749.8057417925668
lt,3948,981.494147446,0.23976927852900604,301.52096093869676
lt,3833,746.053713589,0.3162780477431321,755.6034486658434
lt,1652,811.567598888,0.3002113281716418,462.960226021561
lt,22,588.433909881,0.3295370636482698,311.3456944185145
lt,1907,1113.28538565,0.31166931845146556,367.5410524555281
lt,1402,740.963904337,0.1688499498438057,177.10355828977097
lt,3482,528.971354358,0.34413382624666233,424.948443962546
lt,158,690.048461452,0.2885077586056481,93.3455945183249
lt,3252,754.294571751,0.23100049257278446,111.61613464355469
lt,438,673.426225343,,0.0
lt,906,499.739228464,0.22237834329399783,393.751789706361
lt,4030,761.974412002,0.24022745529708958,308.08467676499316
lt,1693,1422.06212734,0.2920847041258083,544.1343925027286
lt,4191,888.779766427,0.24213906482418257,675.6203410129923
lt,2095,1716.76855472,0.23309016943472477,854.7327388688631
lt,596,727.957114515,,0.0
lt,3180,611.479038906,0.32991965547658064,474.00824106253833
lt,3844,919.728137824,0.2948934428533677,797.6302792717429
lt,2071,823.780328397,0.43529864105339744,100.0816016702091
lt,828,550.499704462,,0.0
lt,3285,1196.82922851,0.21383288096297873,69.33249798943015
lt,2896,356.36091621,0.3290976424074911,356.30566289565144
lt,776,633.560600216,,0.0
lt,3994,746.471045545,0.2734119391437121,741.1873358633003
lt,2287,787.313589661,0.3743970755796082,399.7484578450521
lt,2169,1103.84092769,0.44826226659717355,143.93658031388824
lt,3957,601.19437389,0.29626964494638064,526.085417654
lt,2181,580.034577553,0.3146530829821571,346.70304646211514
lt,1936,802.328683475,0.38148555587307154,365.1675863826976
lt,3250,1105.30613199,0.20853960514068604,11.292926563936122
lt,545,760.559572508,0.27038344957050264,50.7402696796492
lt,546,853.237848593,0.26776593923568726,16.825788909313726
lt,1215,807.922678835,0.1805085275854383,36.79368980258119
lt,2905,534.518395266,0.3299015819710931,421.6862843232997
lt,1353,1187.01867301,0.19888531015620703,199.18252698112937
lt,2123,791.651076042,0.291688373352325,489.6239908554974
lt,364,778.138227313,0.2716201911285772,124.10420741660923
lt,853,1131.1415303,,0.0
lt,1813,923.338730666,0.30160721902949883,665.4869871850107
lt,4079,978.03594048,0.30821425081513365,657.6796997967888
lt,1991,1216.58829146,0.35143915547679466,545.6307200113934
lt,1847,746.331912972,0.3557800715796608,330.2408608829274
lt,2836,689.289726596,0.2848234374057218,103.4517390531652
lt,2793,702.922625037,0.28554843634138916,205.8583468568091
lt,405,680.267272232,,0.0
lt,1805,1024.49394674,0.2944351756562473,611.1048385021735
lt,2845,586.841660873,0.30281887513346384,237.35851491292317
lt,3157,1665.0911046,0.3253912581966734,453.5270315432081
lt,3279,2284.00704715,,0.0
lt,3564,943.388327437,0.32058165039487935,877.1623992919922
lt,256,636.305705848,0.3085191253844743,176.42966942880668
lt,1412,667.864586915,0.16885472315426772,89.07781820858226
lt,1124,487.511867314,0.2669134685471321,411.83872151094323
lt,2087,709.031970619,0.38080964089210023,203.31028568043433
lt,1992,1089.2502537,0.36700680965054067,979.3470914653703
lt,3895,730.697984409,0.26812008215220207,481.15969136555987
lt,2483,3091.62244455,0.30120649862857096,1830.9565943100872
lt,814,544.5219911,,0.0
lt,2347,1018.43439725,0.24713178166553942,490.34256358427155
lt,3734,2018.24672314,0.23734309890337604,1477.5280379949834
lt,1677,939.465104262,0.3115998799232741,286.12728415096507
lt,4007,887.540217518,0.24784623738056769,684.7245505837833
lt,2326,1304.35279523,0.2809865762200057,490.87364457074335
lt,2024,874.67399413,0.23385247975680112,84.85011611639284
lt,887,636.0373048,0.22577622511791093,167.43631361419082
lt,2812,377.529874615,0.24617752930856646,294.6070737053367
lt,971,643.427335571,0.2758446784668542,319.0924328373928
lt,512,668.537968471,0.22375053813060122,47.322529961081116
lt,579,878.848082126,,0.0
lt,4074,993.836078245,0.24694861062550733,302.310043185365
lt,2223,746.486600039,0.2673443955329299,727.8035479975682
lt,2631,694.91650805,0.2244980058010005,171.2052755019244
lt,110,723.988326963,0.2695786425871635,246.64030773686426
lt,856,1022.09305074,,0.0
lt,2832,874.892029289,0.31454061306252773,64.32947674919578
lt,2827,743.328022653,0.2891612707737433,131.81044203814338
lt,890,789.446998412,0.23009576694089542,12.87969533882889
lt,2320,350.6397504,0.41284951667749253,344.0592569687787
lt,3524,1221.82894999,0.22160769636712416,1015.3370457667932
lt,618,707.262698521,0.18405954539775848,24.97423703062768
lt,2408,465.634259015,0.2916443459859335,461.17163624483
lt,4053,800.234598014,0.33192444477226574,784.5335813036152
lt,520,573.941444747,0.24437834448421125,255.01317222445618
lt,2562,929.883266884,0.2770252011642598,159.13055518655216
lt,1280,877.296690306,0.27624577890197805,875.12165814568
lt,2335,208.147325515,0.3889074369811165,206.9583033842199
lt,3116,1707.65350566,,0.0
lt,56,602.538341143,0.32495191669671186,348.15041524849687
lt,1205,881.382171371,0.30148179467688213,247.04137121462352
lt,1536,1073.40367004,0.2062957122623141,602.7551578297333
lt,3608,750.842912935,0.3346703188224629,670.4916144875917
lt,2895,1354.01733084,0.28461947218890776,149.66398800120635
lt,2949,993.767725145,,0.0
lt,1935,829.571170934,0.3426550775766372,236.1771230361041
lt,2173,924.171675985,0.30395710542834214,540.8093584247664
lt,1623,1905.53824957,0.30714573845028986,558.5910602045994
lt,881,820.798082877,0.19090995638815678,209.7571959551643
lt,1745,1477.38681512,0.2695140893544022,750.6511751960305
lt,1761,775.220791772,0.2848381568179574,406.71888457653574
lt,3873,880.240919383,0.3035813156706996,883.248975955739
lt,1890,931.497978759,0.2120118822247563,91.16462019378065
lt,1667,525.125151426,0.44523429842517964,529.6948358872357
lt,1467,781.445358727,0.20921871361574892,123.23480380189186
lt,907,244.298238306,0.22800167144798653,215.53810373942062
lt,449,685.143852917,0.17169998586177826,2.366220003015855
lt,149,553.76417345,0.31799220967860453,187.74149828144147
lt,1505,1340.61016474,0.19893053061859578,708.6715130076688
lt,740,784.444680917,0.28766685485839844,19.714844647575827
lt,1734,844.018509058,0.3125643796787702,449.55792445762484
lt,1883,687.638507096,0.24601685685304292,671.2526746263692
lt,422,469.616411218,0.23290185328949703,46.799480782303156
lt,2464,828.875409527,0.3892651769646166,571.7193794699275
lt,526,565.094065932,0.2847726439512692,170.88365487491384
lt,3247,1103.48920438,0.2036235979587271,236.10130983240464
lt,2139,988.915874358,0.2792723663967995,587.0638759837432
lt,3566,1275.11733066,0.31883559626860847,728.5154475791782
lt,3913,944.554638448,0.2911737653891246,492.4597061456419
lt,2704,648.619881837,0.22001964960832088,212.42933502197263
lt,2994,779.303941949,0.25298221232916335,545.6611076504576
lt,93,733.925805655,0.27996007537726186,244.01005946140663
lt,1119,641.156392708,0.20601582314286918,137.98077886244832
lt,2137,874.170217096,0.33480413516646845,440.49691643808404
lt,433,729.775288183,0.1728617161381663,59.945065487132354
lt,3053,919.61985104,0.19947281509053472,13.392837703929228
lt,3742,1297.80304817,0.27936538752691553,1051.038923285989
lt,3738,1368.22895142,0.26482209092438713,1380.6229586133768
lt,1787,1390.62047606,0.3314630625394856,556.4675321691176
lt,1508,972.294152478,0.23132296235611047,252.25166141285615
lt,1559,1866.60510325,0.2733885350650243,1157.6578980988143
lt,523,1259.08835664,0.2541667395560755,93.06612683464499
lt,3274,1446.57192882,0.2096534830927849,131.3132755055147
lt,500,705.364575251,0.3002828992595358,95.4342202579274
lt,2015,847.45760589,0.4202993418147202,582.1297540702072
lt,1952,704.544116891,0.365551045968243,203.33272471708415
lt,402,745.143967773,0.20982494279584055,123.83643592385684
lt,3620,488.921809376,0.3792278891675688,496.3690445843865
lt,3733,1642.77324533,0.23026407935565885,1124.3014198153628
lt,3353,1329.52589291,0.22702452826634636,464.83045196533203
lt,926,764.530742748,0.22270124166235597,145.61781311035156
lt,124,585.648436546,0.30716314326182,271.6161349726658
lt,1476,963.719628045,0.22837566654896901,568.870230880438
lt,2954,707.283884811,,0.0
lt,3821,837.556981203,0.27371222987195215,835.9612587423886
lt,3212,1540.21559893,0.22564934685679008,637.6273643344057
lt,2448,1027.72864917,0.27778323894496965,232.68429161520567
lt,1945,656.870523447,0.3372683866923066,550.370470533184
lt,2676,459.806954364,0.23636668837324942,159.91515808105467
lt,1896,866.671041271,0.26481032444845465,480.5150508506625
lt,866,696.045438627,,0.0
lt,2177,1397.35224819,0.3494978027453848,164.9470651065602
lt,3221,1702.35779643,,0.0
lt,1869,1261.24072849,0.3225925863749393,448.4658162734088
lt,112,692.573171985,0.27199141434865454,225.86754362816905
lt,2504,534.734103239,0.45208866976586676,147.32264547909008
lt,2405,552.032380177,0.38297329109065154,565.1723632513308
lt,1120,575.909358554,0.23234795147732154,292.520076976103
lt,3912,1117.19683761,0.28407248507349575,449.64889666987403
lt,4052,819.243639626,0.3407155452750799,833.9101312674727
lt,1397,753.835032869,0.24277574360370638,295.6096110624426
lt,2549,2147.52724362,0.3327128314289793,525.452775334377
lt,10,686.60612163,0.29636972479207235,304.77406382841224
lt,3295,2140.96674972,0.20366865396499634,25.211379825367647
lt,3418,1648.05467515,0.2373078614311127,1206.2531938141465
lt,1626,1326.94914813,0.2837889462564887,866.7929931341428
lt,282,704.418338275,0.29371419579649166,191.67467633415671
lt,3693,1511.52319298,0.29613345181283773,1498.316680609011
lt,2986,1010.70018245,0.2004084305684546,242.62942953670728
lt,4122,1249.63625312,0.24795411957547278,397.4092083800073
lt,807,735.310931791,0.26083614924193727,96.73171102486404
lt,128,700.592448486,0.22202459703774974,165.12561786128026
lt,3094,516.506271018,,0.0
lt,1733,1244.67486076,0.3246875312426946,177.8791186762791
lt,2731,422.36924387,0.2410027480062932,200.35032707663146
lt,4184,1251.50605538,0.25834103672091935,731.8312202004824
lt,25,745.890918318,0.2968802337125761,455.70941362567976
lt,8,690.754888795,0.3183248471035514,293.9930187449736
lt,573,480.726594976,0.21342855289733123,75.97852579752605
lt,3238,558.663323432,0.21487352777929866,116.08003414378447
lt,980,2651.30700905,0.23305856635664948,79.64066919064989
lt,2970,1030.86022445,0.2011206877807668,336.89275054931636
lt,4166,1128.24459592,0.2539754204212416,702.3988656137503
