stream,Input_FID,Shape_Area_20,NDVI_veg19_20,Veg_area_veg19_20
WC,12876,391.301349147,0.36884234834419055,384.6129891788258
WC,12866,591.063539312,0.44811937502670546,595.7343575271907
WC,12865,740.617917433,0.3524829544858908,731.5691460403741
WC,12886,371.812684551,0.3477147072128494,369.0744140924192
WC,12821,1286.67667883,0.34127773427690283,1287.5213301714728
WC,12878,333.087099699,0.4099413096442703,339.59525972254147
WC,12877,359.593949802,0.3438606866349558,358.55023076674513
WC,12864,1010.436904,0.3337786581044364,1017.4545569326364
WC,12885,440.340652659,0.3794536485984885,443.31108401429424
WC,12875,345.509068629,0.41696405765664496,344.8620204551547
WC,12874,613.13640524,0.42886454326527146,619.699029570935
WC,12879,339.887719082,0.47241624302664587,327.2220324048809
WC,12873,892.416916236,0.4111719167658902,875.8442366656135
WC,12871,1258.46405838,0.3580367093725043,1247.816978005802
WC,12881,428.128790216,0.431302121545695,415.9363077201096
WC,12870,885.331951281,0.38041834530995144,883.7365627812404
WC,12869,966.796160981,0.39983092469077564,967.1857357847924
WC,12872,856.672327256,0.3664377116990962,869.5244632496552
WC,12882,388.473912418,0.4110635854700144,395.9286431106867
WC,12868,839.627244626,0.41975526794341955,838.1907479678887
WC,12880,385.066227138,0.4326360691043119,398.0360449697457
WC,12838,1974.11797117,0.388973697696259,1975.1596762264476
WC,12884,676.78198696,0.37106031789726335,682.6049997965494
WC,12883,577.113319829,0.3470892643592183,569.145958814434
WC,12861,579.217306221,0.46418038254018723,583.3595491895487
WC,12863,2030.51514803,0.31544715572839727,2023.3182838888729
WC,12854,1158.48881382,0.34763237409498715,1147.7549392101812
WC,12855,446.35098719,0.47524840957465614,439.3596338907878
WC,12860,625.730379007,0.4703726054458489,617.056435917873
WC,12887,2391.17574636,0.2987256959417501,2399.234402914609
WC,12862,549.210910361,0.42298831380670554,546.7668956382602
WC,12867,682.6178037,0.4489867297968145,674.1840717689663
WC,12859,2254.76969803,0.4636204500670425,2285.539283752441
WC,12851,381.209339418,0.44178694823619774,386.44524323706537
WC,12888,1428.87444441,0.3083292555342072,1428.113514021331
WC,12857,610.981583153,0.4344927522657683,620.4753574745329
WC,12856,566.88434621,0.4555106389617608,561.2434929941215
WC,12849,948.54062906,0.37547185563891794,924.5182631847905
WC,12889,920.182845694,0.3152312714631165,915.3087398753446
WC,12858,2587.33386937,0.4064249912940566,2565.100804138183
WC,12843,790.419278809,0.3844848096331237,795.2693736356847
WC,12837,1370.27789015,0.3760671555290494,1356.7832911771886
WC,12835,513.707202538,0.36501991506684617,524.9140165141986
WC,12785,536.120700001,0.4727870433328205,538.5741554709041
WC,12847,681.395465773,0.40756259688892477,672.5909121644263
WC,12820,683.79438708,0.38633952619886575,672.0577393475703
WC,12822,782.87940893,0.39599425984760395,758.930609400132
WC,12850,830.891286603,0.369532263275244,844.2278320013307
WC,12848,780.728412969,0.40292628416939397,796.0542325487326
WC,12841,948.795091056,0.40450846577215505,920.8406539916992
WC,12846,460.800984638,0.4399973695849595,452.51904395608346
WC,12823,610.456640165,0.41945395158839094,618.8856561997358
WC,12824,508.713484874,0.43238244586520735,521.2237259509517
WC,12826,523.438707822,0.4217709639986018,526.2261861464557
WC,12845,600.562038632,0.42148645148128144,614.4168401381548
WC,12844,725.720740009,0.39273314025892314,711.8191810458314
WC,12842,877.213971379,0.3955016924161519,873.4548067878274
WC,12825,503.871231721,0.4394533082890434,494.37267824060774
WC,12808,792.184035969,0.4293366425223932,797.3461289648917
WC,12819,526.49660132,0.38303575860665806,513.584888413373
WC,12817,998.187780447,0.35557037634933364,1003.4748408598058
WC,12827,587.386853551,0.40617724367527336,582.033741939769
WC,12816,1159.15353341,0.3555088416892921,1141.6743194580079
WC,12852,2421.25019347,0.3273151635954804,2416.055565089806
WC,12812,844.540112197,0.42296644451120247,831.8356184117935
WC,12814,1023.87958285,0.381183847383306,1015.5785029691809
WC,12829,611.51400513,0.36796375301897305,615.2006316540287
WC,12836,622.24223447,0.35880161828767104,623.1066910687616
WC,12853,2549.83880292,0.3248021153516978,2547.4240752874634
WC,12818,908.011784308,0.35252617464843383,927.9262479894302
WC,12815,1198.0918017,0.3634501030153136,1190.8984135347257
WC,12799,539.994979399,0.34721839563017004,540.1617139928481
WC,12802,537.29780825,0.44742919267611403,542.7944489123774
WC,12800,1125.98022879,0.34902518307597963,1122.4460923437978
WC,12796,539.995286996,0.3750640607966067,528.8393391627892
WC,12797,781.040668555,0.29306190474087784,714.9478752285828
WC,12798,671.21661316,0.34074257114297535,682.8346143236346
WC,12811,757.015095398,0.4313810559333066,768.130561918371
WC,12813,899.491345061,0.40438166155860866,905.280463992848
WC,12809,558.103670401,0.4596809591153409,554.3788942524029
WC,12810,637.169436331,0.4512187392707637,627.2967402738683
WC,12801,902.430553214,0.3693798764944778,896.0612248140222
WC,12806,774.688684603,0.4200000833344256,769.9648836921243
WC,12830,544.528389429,0.3385906802741915,539.9138552497416
WC,12794,583.103236128,0.40167544587858867,567.2690938313802
WC,12782,513.366596521,0.49582684471439703,498.2970386879117
WC,12803,490.701761915,0.44807579728450925,489.09346516927076
WC,12793,663.186013533,0.4210541354899375,675.7204521029604
WC,12791,519.424573323,0.5156016640357354,504.88398039574713
WC,12789,530.344028731,0.4959740175586705,528.3108183916877
WC,12804,443.603579215,0.4586976148642091,440.6575416116154
WC,12805,396.152723662,0.47927693315881054,399.5923901726218
WC,12786,523.554947229,0.4436350010201602,527.5194778442383
WC,12788,514.525076636,0.45696735759963736,512.7804611804438
WC,12787,488.177246083,0.46051262685350924,485.1396840413412
WC,12807,825.55310765,0.4328487761572492,826.8265160953296
WC,12790,524.019208965,0.4732588574039215,531.206828697055
WC,12783,677.420355754,0.4810708361273123,679.6643724628524
WC,12792,532.809355514,0.5079290491995625,530.9431611603381
WC,12671,477.489530243,0.38159869022300846,476.16686060288384
WC,12828,457.508220438,0.4266883895617054,456.7290138992609
WC,12839,1448.19283113,0.3431561392503942,1465.5072842467066
WC,12832,529.150595206,0.38477644438349834,522.8054947796991
WC,12840,1115.33381015,0.3821699189989577,1128.282825754203
WC,12834,517.905483893,0.3604612402594865,510.1714367137235
WC,12831,420.870219835,0.37505341480287285,421.71842444924744
WC,12784,553.193402384,0.5008212433943277,546.9967236986348
WC,12779,639.422257599,0.4780075828038609,641.2277336569393
WC,12781,550.762156359,0.4975060841892851,647.8119693232517
WC,12767,562.833013642,0.43670329718051787,562.2549665563248
WC,12777,382.908631607,0.5967840480422042,377.47230811025577
WC,12778,523.04528849,0.5143089856069426,517.5093726064645
WC,12795,581.108204756,0.38792876819390587,579.6423057107365
WC,12780,493.587561997,0.5438878471719859,505.9291730992935
WC,12771,311.188721194,0.6052826175845578,314.03256007175816
WC,12774,428.633704629,0.46069218134192025,419.5895155364392
WC,12775,643.540024225,0.42637944887651974,651.2337105844534
WC,12776,438.034218988,0.5229087537954092,444.5967287549786
WC,12773,674.070357471,0.46510445462595135,664.6551977419385
WC,12769,738.436613454,0.46109545594153883,742.8294644224878
WC,12770,520.777916088,0.5104493705277776,516.7181299845378
WC,12772,295.939459223,0.5056471942580321,295.34336233700026
WC,12766,551.633135253,0.4647317681707138,563.0439136280733
WC,12741,777.821038259,0.4349163933660297,769.136668665269
WC,12765,557.191244443,0.46614113909308524,555.1461991254022
WC,12768,486.636662301,0.44108078106989734,474.33678101184324
WC,12762,452.123815757,0.5005846635720168,443.0116935281192
WC,12759,457.877672216,0.4701891727039418,458.27681340236285
WC,12756,539.425177284,0.5531960234543665,535.9261146695006
WC,12763,512.664148749,0.49888193234425376,521.7158245909449
WC,12754,503.797504232,0.4893190143571823,506.4425994873046
WC,12761,419.543264381,0.5148217140151403,414.31914642932367
WC,12764,663.634589017,0.42974478090279344,654.3811443254061
WC,12755,502.408997598,0.5408533556802461,509.60260153377754
WC,12753,300.185270687,0.5301250216129014,292.70469291537415
WC,12757,516.946040217,0.5501824856721438,513.2893569048714
WC,12758,470.423538139,0.5014857591184,461.69789694991755
WC,12749,547.541026286,0.560551574999049,553.8231332816331
WC,12752,431.605971159,0.5513238749769798,436.95149027506505
WC,12748,544.912235974,0.5826303955242367,537.2394025615617
WC,12760,409.224963207,0.5055490278778747,411.9498781690411
WC,12745,990.68858706,0.5256821609264256,996.8241446999941
WC,12751,559.913386776,0.488185781223409,551.9783596263212
WC,12747,659.193512847,0.5366183955624187,666.2202432969037
WC,12744,1842.53593187,0.36887290959836433,1824.145832346
WC,12750,498.564252156,0.5596097628443394,498.54516999487794
WC,12740,737.074527084,0.4042007144269522,738.0761071597829
WC,12739,454.409956074,0.4775885625488871,453.53096528894764
WC,12738,477.987452781,0.5148846962249997,481.6947577981387
WC,12736,683.503872079,0.5518513256035491,699.3768011654124
WC,12743,969.980327593,0.5138001708427328,937.333911521762
WC,12730,397.76682873,0.5180761849629086,399.8314477359548
WC,12746,761.764920019,0.5610834726825307,760.7128969080308
WC,12732,390.179129026,0.49976251665112037,376.40332928825825
WC,11920,885.156577889,0.4025579138220165,738.3562807569317
WC,12737,431.080941312,0.5628395182105291,416.4152990902171
WC,12742,930.277348201,0.42645675411555883,957.8673482558307
WC,12735,829.771843658,0.5698346938259607,828.353465540269
WC,12727,630.836664689,0.4336255799376532,638.0441314697266
WC,12729,503.613727516,0.43950007986111644,503.01414678237023
WC,12726,504.307281778,0.47247696971081776,510.38236586626834
WC,12731,347.868341892,0.5364477003416036,343.2383175120634
WC,12728,700.442718519,0.42711971188069825,695.4281968060661
WC,12722,624.15837984,0.4785327353781048,622.2534533332375
WC,12711,503.096480722,0.40952992525743087,508.00951211966714
WC,12725,407.951601026,0.47062619602400085,403.2517127541935
WC,12720,668.956474124,0.4363209571714174,672.0031292186064
WC,12713,493.700174138,0.47236917595208755,485.1118305879481
WC,12721,555.639069817,0.40997562976110546,552.7636907240923
WC,12712,435.752595258,0.47218153308227795,432.9936825920554
WC,12719,743.076664835,0.4820291727569178,739.6504099228804
WC,12717,673.366362523,0.41739937069856725,666.475322229722
WC,12715,410.789164632,0.4617278076784343,412.7281281415154
WC,12718,727.630651553,0.49539913288066817,723.3310747034409
WC,12724,568.164018418,0.4079879116263552,574.3434180764591
WC,12723,538.716764816,0.4967712682744475,533.2821270213408
WC,12703,551.440152028,0.4394188010533952,553.8136999691235
WC,12692,497.054291417,0.36445231157012287,465.6292109171549
WC,12706,559.742947407,0.47021280833572715,558.0235546037263
WC,12709,237.616284474,0.48516202430257543,351.65875836540675
WC,12707,464.492664006,0.4890570356596862,468.7926518458946
WC,12714,402.720030279,0.4895446323387817,414.83320671530333
WC,12705,486.664251625,0.45334495853477813,481.1626070209577
WC,12708,360.877740724,0.5156246579231176,350.08005571552354
WC,12697,624.398262182,0.3867355331716179,629.0895347146426
WC,12716,587.562500109,0.403149442803628,582.5062083524816
WC,12700,281.37438464,0.42057430207556246,271.90528537525853
WC,12702,536.413842323,0.37968070449330776,549.0766023523668
WC,12673,381.983823173,0.43173819248165396,375.8780524758732
WC,12701,570.667139824,0.3897782181227567,567.2388346054976
WC,12675,374.076811136,0.38988357397681433,371.1385130040785
WC,12677,395.355694849,0.4317093155686818,414.56930317598227
WC,12698,313.419849957,0.40908798734650353,310.3341844446519
WC,12693,509.047122965,0.4250043166509094,471.42118018655214
WC,11918,779.193779467,0.38615679620028476,742.8274957993451
WC,12699,337.943303332,0.3980119931157234,342.4474380493164
WC,12704,345.590319371,0.44504490103572597,336.9195502786075
WC,12696,447.551188535,0.4156193812510798,442.2052331961837
WC,12513,1216.24699312,0.38121681101052074,1208.103267146092
WC,12488,470.175067762,0.30419481488763783,465.0715788598154
WC,12672,489.308738026,0.39920519693968765,492.22231023451866
WC,12670,589.169991612,0.37447237831700025,585.1415017520679
WC,12665,465.56626282,0.3782766472305968,473.53593076818134
WC,12669,186.420798725,0.4334632439559766,187.41334327248967
WC,12667,528.058833056,0.40201708538898046,526.7042892456055
WC,12666,387.580228325,0.37476001615021504,386.9357178631951
WC,12664,461.544018886,0.39573357922478264,444.05549684412347
WC,12676,379.757696795,0.4570171634632319,378.7725627225989
WC,12694,430.198425443,0.3983605358302805,370.8731544943417
WC,12668,490.142399298,0.4357864773505694,486.430886033002
WC,12678,451.372137236,0.4340447183770181,450.8926489138136
WC,12674,300.483994367,0.42798047630683234,302.70236071418316
WC,12833,490.64885012,0.35913640875939706,498.5876684151443
WC,12661,354.570939209,0.3534182185686908,352.4544326782227
WC,12663,444.71453048,0.3870581020876307,445.3716755586512
WC,12662,451.08595192,0.3956736338213986,457.7423215978286
WC,12660,689.123939876,0.31735087419034497,695.4335714901194
WC,12659,307.594532598,0.3304805383545712,298.75661333869493
WC,12658,480.132738006,0.401256642558358,474.8504812801585
WC,12653,448.984192051,0.3906355993794517,442.47376664105593
WC,12680,598.641304649,0.35668301713739964,596.980254947438
WC,12656,467.720340439,0.3856438838236072,465.6383459652172
WC,12652,507.375910774,0.40798470644433266,468.0049351411707
WC,12646,456.784385487,0.44853435469801073,450.8926339242973
WC,12681,416.48092819,0.409821296769839,410.62023342356963
WC,12683,355.354268926,0.3927358626009344,359.29198662252986
WC,12679,421.932492244,0.3935532442380473,408.5153057322783
WC,12639,461.329999797,0.3761360622484591,471.15646033193553
WC,12682,423.315719913,0.47378857942911184,421.41096813725494
WC,12638,417.427105684,0.3780296395575531,407.19426963656554
WC,12637,483.687310278,0.37978534347215415,478.78778369379984
WC,12689,443.329420696,0.4147549524380766,435.35856966504855
WC,12710,717.880300959,0.3634245000621569,719.6352890613033
WC,12691,605.238597702,0.3134534914588088,597.4989106421376
WC,12695,446.722437553,0.4132216646865573,439.3097482120291
WC,12690,452.45561042,0.36680686214031316,461.94277774586396
WC,12654,409.422077648,0.4621532800534744,415.09833679199227
WC,12657,505.586856507,0.42237155086119,514.8593714994543
WC,12685,414.356072852,0.38220752660602214,409.03820136575143
WC,12684,623.302844495,0.3763801979781509,621.9815598132565
WC,12641,487.695068781,0.3516988877446727,482.7400499830059
WC,12687,482.814625387,0.44279469952863804,469.8405470006606
WC,12640,392.140222227,0.35986429970579514,386.4015757542031
WC,12655,406.150821222,0.518801591110356,397.19914461023666
WC,12643,455.58145364,0.4881322252757243,458.2614811317594
WC,12634,338.121894808,0.40324272019389995,338.2320441451727
WC,12686,480.00100756,0.42776610221411726,486.9497863171148
WC,12605,582.786154385,0.3482163764717271,574.5988258212222
WC,12688,631.312755433,0.37310344479345625,635.6645673864028
WC,12589,379.126948935,0.408964420547304,387.4574997546626
WC,12621,260.497648853,0.3783670050341909,269.7997966093175
WC,12650,369.104049047,0.46621204274041317,362.97973668715525
WC,12620,296.851094787,0.36943147999389303,289.8050196928137
WC,12648,299.583878421,0.4378237350060878,297.43696010813994
WC,12651,527.164530165,0.43089775281753084,496.95913050034466
WC,12617,215.010440058,0.33681171344331473,222.947198935116
WC,12619,866.426844244,0.35232080495361107,872.0501397525562
WC,12616,295.475546601,0.3926100549858797,296.38501434326173
WC,12618,603.124420831,0.323555407599664,598.0371993120979
WC,12622,289.300756919,0.4508009734989958,287.43498292810784
WC,12612,310.898212146,0.391651603317577,317.4414812873391
WC,12649,285.395434822,0.43526256037790256,285.856121377384
WC,12647,357.981233383,0.4448364992632125,360.8722483017866
WC,12615,367.496430208,0.44384107429163044,356.6621654734891
WC,12623,358.657607889,0.48685472183987444,348.50117169548486
WC,12625,299.758382629,0.4227921000593314,301.9106561398974
WC,12606,417.444789797,0.4182887689903179,412.9858964807847
WC,12631,436.277836149,0.3939874405104225,428.7784860049978
WC,12642,452.004676367,0.46298684559923403,450.89098157695685
WC,12635,493.794587011,0.35704269433021535,493.52765610638784
WC,12633,420.402138169,0.43796997223698597,421.4089240878236
WC,12644,483.923773698,0.4632765053406302,484.05725791781555
WC,12629,434.668810736,0.4478354661518187,434.04467857211245
WC,12645,506.264885242,0.4538615917901156,498.0083081413717
WC,12632,454.958258328,0.4031848854969203,457.20569278492644
WC,12624,388.036070823,0.4730056506937942,384.56139726825785
WC,12630,464.321933855,0.41225150157580376,470.89398890476605
WC,12614,442.742961277,0.4128859431754948,443.26190311207495
WC,12613,725.397845478,0.38230573721876043,728.5906078563017
WC,12626,404.69990236,0.422669935714499,408.2501194374234
WC,12602,394.786423653,0.4150400021173848,385.611369563084
WC,12611,410.804971415,0.40638478940254247,402.98701665541716
WC,12627,444.328190905,0.37570353902638876,445.88880914426323
WC,12608,359.475950616,0.4789356603827816,351.3945572796991
WC,12566,474.611993475,0.4690053527589769,473.5180515364105
WC,12628,386.74832384,0.3959063527707397,381.66378081078625
WC,12607,288.195257962,0.4901419497394736,288.7484526989507
WC,12579,461.064435495,0.352004462794799,454.308117645862
WC,12580,491.383499707,0.44572102747760806,486.4214560116039
WC,12601,438.076797758,0.4158066406054198,435.8856886919807
WC,12603,345.603587185,0.3913588746700708,345.33889588000727
WC,12609,420.566599563,0.4091778185220911,419.3050749834846
WC,12610,442.881156811,0.3839140200226438,436.1519366993624
WC,12596,578.343793903,0.4862656927130619,574.3405040067785
WC,12597,580.804361069,0.4893183008653028,585.9217484418084
WC,12593,464.317261133,0.39952941151029403,468.7918978522805
WC,12599,633.572724447,0.4384741136404756,640.6689702052696
WC,12594,472.907584948,0.44286571363131744,461.15827110140924
WC,12598,630.507360878,0.47164326409928525,608.5575229420382
WC,12591,481.68301964,0.46006012344437297,489.3223348280963
WC,12584,448.204023145,0.45592430641963366,442.2042357500861
WC,12587,531.982161965,0.3706980933775715,522.751592838063
WC,12586,471.386992832,0.3645091750373729,455.366175513174
WC,12583,470.427736288,0.44708593812210723,486.424062571806
WC,12588,355.837838055,0.3589321861035144,349.0276912016027
WC,12585,260.115630671,0.37519426632616387,209.52101874258003
WC,12574,466.847066617,0.3757531888684076,475.8929147458544
WC,12595,556.92436629,0.5088396244854196,563.5484161376955
WC,12582,473.145476708,0.4016972559972019,456.9429067574295
WC,12590,428.201516444,0.4720247341122751,422.72831794888367
WC,12592,471.2212535,0.4043005609044177,462.4741957421396
WC,12581,420.584434302,0.4261791887283324,427.7253070906097
WC,12569,462.695012907,0.37612830754476184,459.56967333625346
WC,12636,535.193328395,0.3638782014541915,537.2206811942306
WC,12576,408.785474912,0.36207363620535377,406.93066816142965
WC,12600,464.108478304,0.4211216365132068,473.78960957246665
WC,12571,360.5167422,0.3786630216684652,348.2317654777976
WC,12577,343.126338062,0.4210616349484614,341.38905600753486
WC,12575,449.016945951,0.394298319637248,446.14926461612475
WC,12570,520.234439508,0.4155057150809492,529.8482519710765
WC,12573,483.95035384,0.37154567638814195,477.9981690051509
WC,12497,931.749118892,0.263990190669116,821.4386182298846
WC,12572,499.341065354,0.33943617743574706,498.5275333778531
WC,12578,553.21352739,0.3160776313287872,552.7493411793428
WC,12542,498.393355194,0.2983964352534703,489.8273221483418
WC,12547,479.889081345,0.4255089189010588,463.2474936690985
WC,12564,546.485731622,0.36739689391468755,541.1620391546511
WC,12552,423.481589533,0.4509845719476451,410.87201086306106
WC,12563,402.560456657,0.4154376815211389,407.97873897178505
WC,12561,411.533279668,0.5253476495765577,413.2436915378944
WC,12560,428.740735639,0.47966909774753574,432.72171298756314
WC,12559,374.827910733,0.414959057194653,371.65623710482726
WC,12558,388.759749891,0.3905933383300922,380.6055525835822
WC,12551,498.560737174,0.39650085684420455,507.20624877331306
WC,12562,432.119502678,0.4914380153261782,432.9841328041226
WC,12553,309.700957419,0.5127018640055652,307.16762210621556
WC,12544,417.304289868,0.3950003032854733,416.1312158921186
WC,12550,481.664589607,0.3604543877684552,484.3059726789886
WC,12554,242.254041677,0.44378863201926555,241.3647511500938
WC,12557,590.868119578,0.38652182305347893,590.6490362728345
WC,12535,422.948842599,0.4626524095147977,426.1358898088044
WC,12548,494.04125413,0.41610325919610225,503.78247321633734
WC,12565,411.202975605,0.4226298554585532,410.6097286747951
WC,12555,516.42997291,0.39155035421418327,519.5785435695275
WC,12556,564.827434781,0.374516082034346,566.4315005732518
WC,12530,375.253873353,0.39232108599283333,373.7570193421607
WC,12531,393.129052123,0.3267189988525966,391.6560472376206
WC,12532,602.110404554,0.3030056158831777,602.4886811499501
WC,12534,396.017957832,0.3713777890339363,388.7608303593655
WC,12529,446.308890204,0.4223689323045172,446.40202244777316
WC,12533,504.119961876,0.32176694015269464,506.41674317004635
WC,12549,473.809231813,0.3954038160464728,461.40601253135526
WC,12546,494.22827879,0.4267061030196544,502.4649708766563
WC,12545,461.695822206,0.42041386751065013,459.03487228692745
WC,12567,489.122170065,0.4536517767711377,486.4161975636202
WC,12568,470.304779838,0.43424607820040434,469.5708132874732
WC,12536,452.763583128,0.49142738811788494,453.50885093539364
WC,12538,455.71631308,0.44860105144649093,458.5082272398706
WC,12526,512.460933436,0.4134093153871047,517.2026290893555
WC,12524,505.765649409,0.3747920244932176,505.883037851371
WC,12527,511.414513212,0.45489272900554534,514.5714382096833
WC,12537,481.514414654,0.4895047985938808,474.56476601993336
WC,12519,2208.61431195,0.4135632226177785,2196.9633595485307
WC,12539,416.050015441,0.3997884563414096,416.3942042930454
WC,12528,508.406607478,0.4582485200512591,499.8326077629538
WC,12525,518.094919937,0.3895603046852279,513.5169260660807
WC,12514,1660.17230145,0.39198150386348607,1625.5489153992896
WC,12540,385.391576503,0.35153542826966083,385.86142808502797
WC,12523,511.794466614,0.38864226810013247,505.3558982400333
WC,12522,457.504407067,0.38370811995182436,462.71595414105593
WC,12541,1224.60620993,0.3106211296290575,1153.1037752936868
WC,12521,582.539345375,0.38997175374026727,577.4725351969402
WC,12520,663.344231182,0.3809600759249848,656.9596375409295
WC,12518,818.8395929,0.4617975921203459,759.0794613108916
WC,12507,2851.48715575,0.44588666350989237,2786.7788902731504
WC,12511,431.893023446,0.38462021390933976,434.54607391357416
WC,12515,439.842271708,0.44894611723422995,329.0038248997109
WC,12503,550.926999628,0.2430467796301155,191.87264655618108
WC,12516,599.131115668,0.45405501074124477,561.1488726148418
WC,12506,1410.52990658,0.368294099137442,1399.9626240449795
WC,12517,848.676491106,0.4335584133432424,764.3438999250825
WC,12509,324.942273739,0.4601019333138413,259.7798583086799
WC,12508,403.361053149,0.4887081661133553,407.6993372300092
WC,12504,320.81488762,0.3991412808407787,203.45346428366267
WC,12505,626.830840694,0.4231340431362884,620.3620255414178
WC,12495,642.182930838,0.3265553121436895,608.7723526898552
WC,12499,754.247398806,0.3730555109327413,745.9043501012467
WC,12543,381.982805952,0.34553606616408766,382.43995436126113
WC,12604,463.274385049,0.31805084105560144,469.04938803280095
WC,12492,282.77676797,0.4534577544575776,275.5677628760244
WC,12494,524.576369828,0.3288253177507002,513.7591913260665
WC,12460,414.527401626,0.3710253699311932,135.54488178327972
WC,12500,425.4986662,0.4994459388079412,422.69688191133383
WC,12498,824.510700573,0.3165704839038849,822.4933332854627
WC,12490,443.981203934,0.40724166057377553,447.6994854496975
WC,12502,447.434390837,0.3542548216572082,440.3324243882123
WC,12501,456.871883071,0.46004836612544764,456.6500311458812
WC,12491,430.460868088,0.45068168448276286,429.27609959022675
WC,12485,699.448475484,0.35730345075623215,489.0202492209042
WC,12510,509.121199402,0.2710472542307535,386.11615169749547
WC,12486,396.669059064,0.4059030125261666,406.11358603683175
WC,12482,394.695319605,0.3531235868368692,323.73150769401997
WC,12487,575.543525433,0.34174526013582174,568.7717887728821
WC,12461,572.222920063,0.23988457379432826,136.86108189003141
WC,12484,478.83244056,0.44617133230770234,480.86182352701826
WC,12512,475.298090352,0.36587916527712544,472.97419514375576
WC,12473,341.484827919,0.38130144475008804,333.47160082050397
WC,12474,674.177598,0.3197232195056542,674.0514490464154
WC,12476,358.090743352,0.43090745431214805,365.581690530216
WC,12475,438.000214167,0.35492172837257385,440.85718329934514
WC,12468,292.980219673,0.4403695242843409,228.98024929271023
WC,12479,337.046858848,0.4886730975294077,341.365554151348
WC,12481,493.643171807,0.32981655707663443,231.08607234580842
WC,12489,522.506147196,0.4038889315360243,501.9171298157935
WC,12483,357.184851237,0.4471416985050748,329.5224843941483
WC,12477,422.446737237,0.45370981680642963,410.0616155586991
WC,12465,361.969965072,0.4338924792822469,220.03033728506048
WC,12493,1274.67919721,0.304242943612621,903.816147329293
WC,12480,439.535452972,0.36306701535214125,372.1587357165767
WC,12469,364.802104465,0.5072894557276755,311.0977658440085
WC,12458,469.529191762,0.40026770363732517,277.142575342515
WC,12459,465.45538173,0.47734707475736227,152.65232864080693
WC,12463,325.365536129,0.48967030241151066,318.99210007611447
WC,12462,374.701200446,0.3823593115594337,354.7867872051164
WC,12457,484.705123811,0.4058981522164567,265.5618329814836
WC,12442,651.69296013,0.3306065386918831,647.7255419263653
WC,12478,281.170022658,0.510766630924339,281.3573831595627
WC,12472,279.552094998,0.4630076966247576,279.7785980224609
WC,12470,388.790946082,0.4166876394208455,368.2118412391813
WC,12466,339.308653597,0.4162329456883412,316.8867581236596
WC,12496,3157.75120748,0.2692590358154296,2510.0921555463
WC,12448,448.844562971,0.4229107953485895,449.5368504842122
WC,12467,479.186706151,0.3876455412517748,469.5410138597675
WC,12471,519.259460532,0.41459657928480687,524.5517263075884
WC,12446,367.340196096,0.4308468118363385,367.1565345315372
WC,12438,459.614194583,0.4056700979786061,461.37891214408126
WC,12464,247.687568458,0.481010862921758,220.5571648691215
WC,12450,356.847228363,0.4773409425151888,355.0484359142827
WC,12453,650.572286471,0.2614898300909121,459.0073510861864
WC,12433,912.060003353,0.2503229478464715,887.4806675929649
WC,12456,470.725332112,0.4143908348100125,301.88233118992224
WC,12451,167.223976791,0.47060045858883365,166.60141206629137
WC,12436,455.073764983,0.45330440074014694,452.4290068682502
WC,12454,382.532838326,0.4203629453903904,214.76532996682562
WC,12449,281.583774996,0.4285745398121293,279.77544857847926
WC,12435,257.729925191,0.39696037570635484,252.66502245734722
WC,12447,365.81456222,0.44080504964775963,367.94528817569505
WC,12437,353.18537762,0.46781229878371633,348.7315407547296
WC,12434,1012.56402658,0.2700985583964098,1015.9200606103038
WC,12452,636.761299332,0.3824294066936623,630.6103938682406
WC,12443,322.933241124,0.39276318047845254,324.5202299230239
WC,12444,379.581680017,0.42178835010596,372.15825237199374
WC,12430,507.099689657,0.38789968248056256,501.9095521216299
WC,12440,274.711551562,0.3769219877391027,267.14266848096656
WC,12445,454.85350856,0.4131622867163246,456.1172433591357
WC,12439,450.68760252,0.3997827735440485,457.95819091796886
WC,12429,438.843629157,0.43802552477879964,434.26796183866605
WC,12423,496.834212502,0.3498222707149435,363.7292583989162
WC,12431,200.617138218,0.4014799397251018,198.44730320350794
WC,12441,1670.84386609,0.3279076659611862,1672.0790160534427
WC,12425,411.704688462,0.4311659340472781,357.94039258769914
WC,12428,649.552314206,0.4435612071997564,665.8782202028762
WC,12427,1464.40825298,0.4082008146716705,1457.829123433431
WC,12417,690.954745105,0.4377859226311115,692.195775499531
WC,12432,579.830514058,0.3810082179896124,578.7583347395355
WC,12426,507.117690027,0.4734063997589674,484.80012925091916
WC,12416,1134.14202761,0.3957910526527346,1128.3076397166535
WC,12414,543.31051014,0.42133281194398375,541.1223282757928
WC,12415,329.539216712,0.434457405695418,333.2010738597196
WC,12413,380.268676814,0.49288637725566425,385.5747539744658
WC,12412,623.968253186,0.5005439271508778,630.340464633119
WC,12418,231.85604417,0.4271203410763272,227.66050780053234
WC,12394,472.665324131,0.3071283051053459,468.4727938782935
WC,12422,656.433594555,0.2753176834582388,350.83218216241573
WC,12424,485.359411772,0.40025279200219893,483.21869841930913
WC,12421,429.529844444,0.39719062476632333,426.1049631455366
WC,12411,427.216868366,0.4330514067594075,420.842360941569
WC,12409,251.790929132,0.43247025248719684,246.87241315654683
WC,12405,268.956401014,0.5257666820571536,265.2952941894531
WC,12396,379.367288417,0.4970958974158789,383.9911133111692
WC,12420,752.371785446,0.4056049927635702,760.0925532621496
WC,12407,685.341579489,0.44980806472874774,689.5548130110197
WC,12395,617.056497576,0.4107787989170184,608.4898904837814
WC,12092,528.137414159,0.503129115868117,524.7529002170936
WC,12408,806.112162976,0.4211513648511695,805.09612010881
WC,12455,506.152747595,0.40293431962429416,221.3451605104933
WC,12393,536.787442369,0.25092940736384617,414.51859328326054
WC,12410,537.448970342,0.40822692899657353,538.2254998001398
WC,12419,380.394513853,0.45235801280762966,373.46753067315797
WC,12404,356.267857403,0.44647005594298933,348.46397055831613
WC,12403,582.100207844,0.41524477998141957,573.229289036171
WC,12381,345.250242874,0.5035506759838088,350.3048811669443
WC,12401,277.117229049,0.4808238070171613,273.7169599346086
WC,12389,293.813134637,0.39863066360607446,294.50598539464613
WC,12406,333.962122121,0.524505475294049,336.35583208869485
WC,12397,285.861106569,0.43120002090711396,285.8217796774471
WC,12388,554.419067849,0.3249958944467294,556.3761368396237
WC,12371,2267.37024943,0.37287777660547133,2266.8157038071577
WC,12287,568.340006231,0.30838771422282313,570.3421197928634
WC,12402,466.882799002,0.4280656353395176,466.8992271273744
WC,12399,382.018210841,0.5192549238216332,386.09762905345247
WC,12380,539.182265578,0.42071542971012166,534.8021770103305
WC,12378,626.252855738,0.4254082227201353,616.1281365188897
WC,12376,419.964152932,0.42828391480977357,413.20682017008465
WC,12374,438.806228821,0.46053297266047055,432.94458172368064
WC,12379,394.04111394,0.442762874534929,402.1542350619447
WC,12385,447.811921586,0.39176219804889195,456.3672852460075
WC,12400,330.745371856,0.5345811140019795,327.4070874980852
WC,12382,326.059527875,0.4764138041185095,324.24850631414677
WC,12372,480.685960583,0.3978403920660819,473.4734798356598
WC,12346,547.857938407,0.38445279998002246,544.2681684007831
WC,12398,364.833178051,0.467532513431017,363.19969087488516
WC,12387,481.920974885,0.363990965936529,480.05289495131547
WC,12363,371.380722862,0.4735202316861403,375.04378733915433
WC,12373,432.991988636,0.43986242328062264,435.0492318546071
WC,12375,502.08162903,0.42017070714456906,499.7955393174116
WC,12391,524.011326299,0.3088019288797591,520.581438520843
WC,12383,345.613216351,0.40651139467954633,347.40876410989193
WC,12386,537.696962583,0.36861841468422263,535.8489301494524
WC,12384,442.434892006,0.3830580603889785,437.15495638379866
WC,12377,397.353050223,0.438141178484861,405.3117319742839
WC,12370,1165.36013056,0.39930284090680485,1163.807570244284
WC,12369,423.624962368,0.46580921208644166,424.52161673751533
WC,12368,385.421900647,0.44636581924079277,378.7266837325751
WC,12350,407.512428196,0.486205413085577,451.1037981220321
WC,12349,423.493588937,0.47242096054625066,397.1496621524585
WC,12347,362.816566405,0.4591635871356448,356.09126174029177
WC,12357,384.798999087,0.4333559512102751,380.57377286424827
WC,12359,542.503004235,0.42687098152285263,539.8037477381088
WC,12362,329.606055386,0.4320010611681434,323.7224112117992
WC,12360,548.88429057,0.4090740851684517,551.383275050743
WC,12352,360.554036823,0.4587104795074181,356.3573152729109
WC,12361,551.35146824,0.38388101698220517,551.1188945994656
WC,12358,390.771098396,0.456801943856462,396.8912654801911
WC,12353,379.55921723,0.4654389594282423,377.6761351940679
WC,12339,544.548958564,0.5203894156968065,541.3760738298004
WC,12365,385.596753775,0.521993038725186,376.3585300819547
WC,12364,410.333851401,0.5078084333164096,402.941185835296
WC,12390,491.614925364,0.33363923802370665,489.2629511814491
WC,12367,684.441441193,0.39650097471038237,685.0742855894799
WC,12366,425.967144293,0.4781167367770774,436.6273300170898
WC,12351,350.0537288,0.4844600576620837,342.1446262434417
WC,12344,404.823736266,0.43579255052161153,407.41146024816175
WC,12190,456.93951839,0.3725387078757311,449.77481177834903
WC,12348,382.827476211,0.48221642577813734,378.98912497127753
WC,12338,519.720376786,0.49980040979691037,513.2153948615579
WC,12343,464.757891315,0.5096947979299286,459.78701560824516
WC,12317,455.927639074,0.4508635685411106,459.5260136323817
WC,12191,504.284733419,0.3905769862378246,505.0438574398265
WC,12335,549.07039456,0.36622918090399564,545.8537227256625
WC,12337,519.674687433,0.45829972140964975,517.1637770708869
WC,12332,502.029232222,0.43154441427185897,502.690528570437
WC,12355,473.187085903,0.4112282520975949,477.68910621194277
WC,12354,397.716951508,0.45502582569917044,394.78380405201625
WC,12333,507.9079901,0.44988221257785266,505.05843269497745
WC,12336,502.765792408,0.3964521374977744,503.7420886769014
WC,12334,452.878509401,0.4050735412165523,454.7899334178251
WC,12356,803.438325104,0.3945976827775268,797.9937653186274
WC,12329,517.783355424,0.3904661051683788,519.7999284033682
WC,12319,541.723118666,0.48105163188474953,553.4854873657226
WC,12318,455.370709542,0.4496217070442414,450.31464828790405
WC,12326,758.667489679,0.32717736419193455,759.3074193019492
WC,12327,1015.99758205,0.3235218573995294,1010.3913923674938
WC,12322,402.973486403,0.42539060034137993,412.94505211325264
WC,12331,439.272321521,0.46201101959366153,433.99812277999587
WC,12330,450.238845965,0.44793259063187796,447.42174589867693
WC,12328,498.316459683,0.3645827197467761,609.8122766532151
WC,12313,426.925079749,0.38586572184929485,427.6823363958621
WC,12324,506.554130808,0.28552823206300015,491.1148119758157
WC,12321,455.292174196,0.48415340132168194,455.84425267238237
WC,12325,648.516731379,0.28663881387587165,650.8726366230087
WC,12315,407.753875094,0.47372143534928046,413.46868875540935
WC,12340,472.31310331,0.47051157175363706,471.6301763497146
WC,12320,381.436550853,0.5629399545864058,372.93898865942856
WC,12307,439.814351972,0.5075896577807494,432.1528809790518
WC,12309,349.694368537,0.49207783809247996,348.72368861179734
WC,12323,457.218496095,0.337481748617644,459.7938740449793
WC,12282,287.62811023,0.5469413739982704,287.66882913626876
WC,12294,495.473671737,0.4298770749816344,481.9035812976314
WC,12290,384.323486599,0.39688055182758125,375.05026424632354
WC,12292,418.757067704,0.4629124133765293,386.8926615995519
WC,12299,379.323600053,0.447351966383531,382.9403457641602
WC,12296,517.418917014,0.3790300160107378,509.2736574060776
WC,12295,510.924652265,0.3741322831551831,525.066077557732
WC,12281,409.892607036,0.5155199602758758,397.9452926037357
WC,12298,527.284773068,0.38921800603090034,517.1678386015051
WC,12312,664.597726354,0.3301691537838578,665.6062562830307
WC,12310,327.945763832,0.45304668847861856,323.98463433957573
WC,12314,386.137863155,0.4460344092669558,377.1494396134919
WC,12311,323.746667052,0.40571411565730436,325.03810538497635
WC,12300,468.846904032,0.4692375909167715,464.52835202684594
WC,12316,487.257908849,0.42477121905297194,482.4229550529928
WC,12308,465.380821937,0.5071159311545678,469.2626617730833
WC,12341,486.486361157,0.40483780570657835,481.8935631546319
WC,12302,283.77491222,0.4959577413917357,285.0326545266544
WC,12279,369.857372299,0.477965240428675,383.99551607019765
WC,12206,375.386773024,0.45703854689910534,369.51394150677856
WC,12201,596.101786138,0.41124255737786,589.7974136352541
WC,12301,425.926503895,0.4969308331348653,422.1542430802888
WC,12208,480.849146156,0.403722574832912,483.2113468843348
WC,12289,383.928999976,0.38502748068496495,395.3167234832165
WC,12286,480.434154049,0.33368566389597143,471.9063857433842
WC,12283,244.750604747,0.5050054389701877,240.2947697957357
WC,12280,577.38546901,0.4199169194359426,583.2327356974284
WC,12288,399.404692362,0.3384745203270055,396.6334163590974
WC,12303,332.347888271,0.45565706471831247,319.5094398648131
WC,12284,521.427176388,0.3482661563112303,514.541405023313
WC,12265,391.967550535,0.4902323408924202,395.83939870198566
WC,12293,467.662948248,0.4270054116174951,474.0086647183287
WC,12285,366.549647801,0.3698152649352035,372.1550955978094
WC,12277,563.105783097,0.4646166984298901,552.4364368812711
WC,12297,560.297602344,0.4267627484209896,564.0161780263863
WC,12258,460.939309432,0.46877273855665497,382.4205470964021
WC,12253,220.984440929,0.42325742723751647,214.50330337823607
WC,12263,519.170474207,0.4787338768383493,509.8026324403053
WC,12257,436.114266179,0.4028136840545726,425.0587218041514
WC,12261,490.496057039,0.4407529918029824,489.0123201856427
WC,12252,400.961469433,0.5635682916904083,405.8443909588982
WC,12262,492.068987811,0.4125867632360794,488.221861596201
WC,12260,523.515745439,0.4581656901572848,511.9103803447649
WC,12264,520.176263082,0.4588260192021833,521.6454067753812
WC,12266,473.058123705,0.4861918920762688,592.9684535905426
WC,12254,646.920744999,0.33484653518324997,647.1966912063898
WC,12256,409.709568553,0.3693227500482729,413.2155166326784
WC,12255,463.643566821,0.354324762582639,448.4843868480009
WC,12248,459.814325465,0.3559091059686659,461.1163591272691
WC,12250,368.548081133,0.5277719432047142,366.8916653203029
WC,12244,412.2405666,0.33380064575127233,401.8982863482307
WC,12245,391.680086566,0.4000726989665092,396.6341110827876
WC,12233,424.164035509,0.36975367927447733,424.2631207933614
WC,12238,500.772683671,0.43969306068009695,501.1175999660118
WC,12236,419.677921607,0.5715356130777679,423.73947577383007
WC,12247,460.566758578,0.43112521147974187,458.74730314366957
WC,12246,431.690639369,0.4278843523168856,429.00663009344373
WC,12234,394.52867353,0.39031833923336007,391.36512154971854
WC,12239,379.249692464,0.5365969950390846,331.8857870363721
WC,12249,425.197341178,0.4219184605925264,426.6373842725567
WC,12235,610.069506941,0.510516384553161,603.7618098838656
WC,12237,441.886901173,0.5170396241372263,438.7413594264611
WC,12231,488.265502724,0.4615950159794463,475.8477773628983
WC,12228,589.430191143,0.491198446598312,591.1243988635492
WC,12259,558.045330795,0.5273374324764575,524.0171483058555
WC,12241,410.123111849,0.45790776925752824,420.31948696959256
WC,12167,397.070800726,0.4566600845519747,374.7708063462201
WC,12278,537.932699648,0.46303321227357896,534.2767510806813
WC,12209,449.339379675,0.39201796823820023,450.8412729599897
WC,12210,492.213532475,0.3842188187555415,490.3199847053079
WC,12214,321.651971456,0.48337638340148315,330.2996977263806
WC,12291,376.247776196,0.444191070430967,330.0436394186581
WC,12304,387.462991626,0.49643122360632425,390.56976010191676
WC,12211,388.629532646,0.4508531458384273,390.04477350571574
WC,12276,527.494868254,0.4616576672993923,540.3291219075521
WC,12275,520.117945079,0.44964442226374823,522.1680775661096
WC,12274,465.965551058,0.47375015862230474,458.2131387448778
WC,12207,187.597176666,0.5524200784231591,189.23153019325403
WC,12272,477.984089661,0.4567007016228593,484.2671525244619
WC,12203,393.681478767,0.43138275846103474,389.25179236916927
WC,12213,407.300464985,0.5061572503950508,404.519266943838
WC,12212,401.626634947,0.4877879057109516,392.6762390435912
WC,12204,272.879227657,0.4901938279958525,278.1879030414657
WC,12202,470.9787356,0.4169222735390646,473.20733878939757
WC,12305,392.640598122,0.44895650283765,388.2006249521294
WC,12217,624.713356216,0.404315067190873,625.0673591763365
WC,12199,526.857229857,0.4481063276651328,514.261463060566
WC,12200,550.137557349,0.4201793497175963,549.7923292272231
WC,12216,408.516413739,0.42299973578117905,411.88660356110216
WC,12205,593.955980541,0.4103388988151751,596.9057534610524
WC,12197,463.520863768,0.40040530191689,453.2015715655158
WC,12198,515.30656002,0.43657128403139356,528.9989677877986
WC,12267,314.063014903,0.4610139883114894,319.2501763138116
WC,12273,345.454734992,0.4774807389251373,346.6203695858227
WC,12223,495.675391578,0.43497812528658186,497.1620533363493
WC,12221,531.061071282,0.3614980408500885,534.5332651474896
WC,12229,596.642007434,0.46986139010539113,594.81009832644
WC,12227,514.520516319,0.4631009671329184,519.2724128872741
WC,12225,435.593633324,0.4858847756094837,433.4723431755515
WC,12269,323.326312589,0.47526005828782214,320.3016365200865
WC,12270,312.799689359,0.5062557286034127,312.6690088608686
WC,12268,542.174864728,0.447625950609067,541.3819107654048
WC,12224,496.676676125,0.4567192466132433,485.8455859315162
WC,12232,454.674435175,0.4475002663368032,456.10907389322915
WC,12251,599.712326429,0.5444593680614767,601.1327890433519
WC,12215,401.950715451,0.46419009210428763,394.51755215513936
WC,12271,384.314189522,0.4921958876844124,382.9397125244141
WC,12219,414.727811247,0.5062690365654199,406.36198341519236
WC,12173,596.447119638,0.4297517948307707,603.2151613123275
WC,12220,328.767686931,0.4783170052491111,326.61596613865277
WC,12226,547.964243926,0.415120428301956,544.2738330018286
WC,12218,402.202422207,0.446146552566674,396.0963558122223
WC,12169,381.850011428,0.40622434106688793,389.2474716186524
WC,12170,1421.44697409,0.3946620989129816,1414.0871767530257
WC,12222,500.428596192,0.36661184841478384,504.53024130428537
WC,12172,597.705061587,0.4545091814501836,567.6864420273724
WC,12230,578.770018047,0.47937755513538965,577.4397015739889
WC,12171,1165.04717318,0.43682181455327995,1179.0647429522348
WC,12174,459.752787967,0.44588934521545287,463.99021570542277
WC,12193,432.276175882,0.46831945266889696,423.1963965023265
WC,12189,475.184772724,0.3774740646529132,477.6713889626895
WC,12306,493.611006473,0.4124167367292288,494.2642290900735
WC,12131,1513.75439869,0.4037958191444735,1492.999056737563
WC,12342,521.07395819,0.3869346280392987,523.2132289811677
WC,12182,565.578638534,0.4222552150935213,561.1054192038143
WC,12187,269.852690673,0.4769693796957294,274.2345045201919
WC,12195,291.661650314,0.4747149613318611,290.2902111277861
WC,12196,384.179428317,0.39232725089336956,378.71991738712086
WC,12185,431.308067912,0.42978906246515547,433.98587538775274
WC,12184,409.088973432,0.42589338558536605,405.0364860983456
WC,12180,602.39419476,0.3827440855865014,605.0530697093291
WC,12194,508.659309656,0.48551797123647555,520.3116336598116
WC,12192,407.394435135,0.45437691178694617,403.983377344468
WC,12186,257.404657541,0.47942975724552894,255.8123180613798
WC,12177,469.87567633,0.3977423044325601,467.1475865981158
WC,12183,377.854467128,0.45086665879935023,378.9823114731733
WC,12178,419.444326806,0.37125525821684013,421.61732285443475
WC,12145,296.626431607,0.4152517291027271,294.4991455975701
WC,12181,408.980099002,0.41191204994521546,416.6175597246956
WC,12148,417.427423988,0.522311343305027,411.87703704833984
WC,12139,459.065397064,0.5871251523665213,460.0353686164408
WC,12142,478.268147496,0.4420967786038508,481.61830363554105
WC,12179,481.438842671,0.37826389375112784,482.4106339398552
WC,12168,474.404312402,0.5080099547621589,418.4591378604665
WC,12146,353.763412868,0.42584243016784523,356.8734699922449
WC,12175,292.148443646,0.45287692024479054,285.2889885397518
WC,12176,269.528069733,0.4532619053342232,267.6554249482997
WC,12147,353.229503089,0.5050809398260698,358.71523751651534
WC,12164,1858.40728996,0.38550670153187,1858.861964117312
WC,12165,1055.48516323,0.4067537731496628,1050.6265755148493
WC,12163,541.784395556,0.3618059467695997,525.3104664522059
WC,12159,456.500932111,0.42324796996792063,466.35497041590065
WC,12143,435.745559152,0.49857359316878364,435.0360279756434
WC,12162,498.258353357,0.40224548182953723,508.72876533059514
WC,12240,465.285498353,0.4189170381217223,306.8824859020757
WC,12161,498.733275046,0.5569147418412751,500.56931556252874
WC,12160,386.286736558,0.5327786383078266,379.50551991182215
WC,12144,337.443251397,0.4585603761255362,330.5543126723346
WC,12149,520.850092999,0.49824406645401365,528.2020674761606
WC,12150,501.010695132,0.49414301474889116,493.4616667803596
WC,12138,493.279768914,0.5105948657676298,490.82709470262716
WC,12166,553.264896857,0.4397968990302186,560.3145232256721
WC,12151,473.69568802,0.5142784262107593,465.82712285658886
WC,12158,462.744289636,0.3923582155965074,450.3002475514132
WC,12154,355.118697583,0.5542049273090462,346.6064137178309
WC,12242,345.747008988,0.36145604714716667,340.3092704324161
WC,12188,652.601767717,0.3803193538508054,646.8968938490922
WC,12106,2180.85252749,0.475365180030031,2177.2119319840976
WC,12345,501.546052905,0.36167343589824386,511.89553010229974
WC,12132,890.867287883,0.5447704011335249,893.7493548224955
WC,12127,157.107380456,0.5459160318526391,157.11596850226906
WC,12107,1330.30315668,0.5054916019643697,1347.1776463826498
WC,12133,340.887772097,0.6042335653670445,343.4455315085018
WC,12140,743.90946688,0.49139900471772424,743.2150519875919
WC,12141,702.413299225,0.39999201410919205,700.0553844676299
WC,12134,224.959320146,0.610621791690059,222.3842816820332
WC,12136,252.427059188,0.5215427109045001,261.86116147508807
WC,12124,246.948910619,0.46638052376998207,242.91194775151274
WC,12135,151.717321689,0.5732103316800262,153.431965786803
WC,12153,366.717299335,0.47907432826829605,360.8175150553385
WC,12123,478.622939993,0.4506217866824707,478.7178887460746
WC,12120,311.156005113,0.47248647893829987,321.86563239004096
WC,12152,472.167458498,0.48019101314278917,486.3541091021369
WC,12155,331.509026804,0.5400230738297644,327.13095317167387
WC,12117,350.672833574,0.5297336229754872,355.0248499552409
WC,12119,388.752688742,0.406971457425764,385.8180524339863
WC,12113,689.06413081,0.4864872238153791,675.3059592452704
WC,12126,615.845098012,0.4453197591260088,603.7241571164599
WC,12125,434.917963106,0.44836479018541797,433.7136955410826
WC,12121,421.258690377,0.46736830731106427,413.18799357694746
WC,12137,359.556288409,0.44747652454098413,356.86866051169
WC,12122,508.642139802,0.46503684596147066,511.6155151666379
WC,12115,574.640237509,0.4863166894251055,573.7222575767368
WC,12112,716.358580506,0.49761852620917657,703.7276754641065
WC,12114,635.764833146,0.508664207729271,641.8840523214901
WC,12156,483.16378619,0.4290933642303825,480.5634811999752
WC,12109,780.509827337,0.5198004735433454,766.0959121404911
WC,12128,1422.79398694,0.4148619008345434,1428.2469432157627
WC,12110,1096.91045532,0.5338246940066185,1118.749247113396
WC,12111,773.14209691,0.5097260413860276,777.941528649424
WC,12129,706.624011781,0.40475549945467926,704.5179973527497
WC,12105,720.30369584,0.4843947291265081,718.7186888152477
WC,12108,522.030970135,0.4557941677274316,510.8175355799058
WC,12104,457.49731698,0.40556368661201647,456.60244170544195
WC,12103,512.692208121,0.3917965892799822,512.9203174965055
WC,12098,563.851792939,0.4556309920596109,570.8128873039693
WC,12101,412.618238826,0.5206234860956435,403.702714658251
WC,12097,794.781511067,0.43925027478214923,794.7679723103842
WC,12116,528.02472923,0.4991784127764647,524.5094696643307
WC,12118,582.211723673,0.3921909184269255,585.0422269933365
WC,12096,959.413441614,0.44411142070984166,1005.5640152575921
WC,12099,1082.61598216,0.4395848955188805,1072.9409098905676
WC,12095,999.953313401,0.45808793921528346,1000.2988608865177
WC,12093,690.934044875,0.48888344380795623,680.285193200205
WC,12094,1210.24696651,0.4195462875851129,1164.5128694422108
WC,12100,739.350035516,0.49980538673010283,726.0849741019455
WC,12090,461.915180407,0.4265834450534198,460.01227016074984
WC,12091,489.77606532,0.4913133353522818,490.2774083754596
WC,12130,495.857087309,0.38741539760872173,497.4010503432331
WC,12087,639.451945222,0.5887184422100977,636.071350037818
WC,12085,533.760444391,0.38171466297199375,451.85293070475257
WC,11921,980.756698369,0.3564673278878446,791.2472849827187
WC,12088,457.469478983,0.4327995587053686,452.64321663052425
WC,12073,722.995743592,0.42524760558915187,726.601561452828
WC,12079,634.991351944,0.581086911924872,632.1270564958162
WC,12069,473.201525941,0.4846827418513154,470.011193488626
WC,12067,447.083430251,0.4483971198634988,444.7460556030274
WC,12086,428.237779969,0.4786942408546091,433.958691256654
WC,12102,608.117095414,0.40294028850529284,614.2392205631031
WC,12075,459.257076958,0.4733266211720369,463.43674199721397
WC,12078,490.198221918,0.586636694839099,485.280600304697
WC,12076,467.042119531,0.3970463470991443,464.75364655139396
WC,12080,555.505339051,0.596807970852362,558.4389575135474
WC,12077,461.97277285,0.4803540344382154,457.9115789076861
WC,12082,463.99065797,0.5125150983694704,458.6972557516659
WC,12084,629.511153507,0.3563056790843508,635.8044829125499
WC,12081,549.77267064,0.5713198473060953,545.01651838714
WC,12068,505.078939278,0.4010969190481541,497.64218884636375
WC,12083,478.34248323,0.4519259673080698,476.8545455932616
WC,12074,507.380778203,0.4489836526460618,502.121852201574
WC,12064,730.105827465,0.4864965692215543,739.4896006266275
WC,12066,481.320650975,0.45158986600577794,489.2200193517348
WC,11994,851.742268137,0.2940796373128077,847.6222434847962
WC,12070,533.171229857,0.5108051499849903,537.3822234509038
WC,12071,650.701815997,0.4743439266892215,643.7016915714039
WC,12065,575.193040349,0.46817639406402856,578.6961617862477
WC,12060,582.052739158,0.4839137052273937,570.2733119291419
WC,12072,1067.58958675,0.40709892209573995,1060.820440105364
WC,12063,895.717245943,0.4793196072512605,867.3877560783835
WC,12157,515.506066814,0.3770889479345477,518.4622120576747
WC,12062,1026.5972006,0.4599187918420766,1029.23363533768
WC,12059,487.605962135,0.44370076836754085,480.7980002010571
WC,12058,593.703343563,0.47577882530935073,584.482742578843
WC,11993,785.189156607,0.3405850017758272,739.1997609456381
WC,12056,588.711140518,0.4590561576889235,586.8503130744485
WC,12048,643.564720717,0.5035122605532443,642.9057607314165
WC,12053,553.619814087,0.4626529307969322,558.9544832117416
WC,12054,563.790239946,0.4584060929167082,564.7444483139936
WC,12055,569.099361755,0.43675509690693326,575.5337597117705
WC,12052,500.098653082,0.4619268823018733,494.742790222168
WC,12031,550.741417791,0.5156574292549547,554.4806470085592
WC,12061,746.220483959,0.4941527985730365,748.6994978960826
WC,12039,327.064745219,0.4336326021340585,326.32381887996894
WC,12040,561.095458229,0.3472832339482896,552.9098502664006
WC,12041,587.274255782,0.31042680982168885,591.596011950923
WC,12038,404.954486093,0.4459937712447133,411.06210201487823
WC,12042,421.970428411,0.3342945927042302,420.8007704790901
WC,12036,434.767326692,0.46565913267939985,433.6924011230469
WC,12045,470.694865221,0.4483467533531548,474.4837304507985
WC,12049,535.030165071,0.4519039402308973,542.1131537942325
WC,12035,510.699707554,0.4426655928678279,516.8514379164751
WC,12037,477.595936556,0.43167888685226996,465.53632327809055
WC,12044,448.094156,0.3984873041396026,445.01018057430485
WC,12043,402.24753104,0.3590598929068805,402.1151876112994
WC,12046,443.555834054,0.4703070705018045,433.4292186063878
WC,12017,3092.90450955,0.5141226847779559,3076.3285855162376
WC,12034,575.514698936,0.401828954621771,569.7474858901079
WC,12047,598.337247925,0.4706386724540167,598.6951006721048
WC,12051,464.555364749,0.4114201599935667,457.3736149507411
WC,12032,522.963856191,0.5072408437300292,512.3756418564741
WC,12030,491.481155807,0.4818118814625212,493.68961540670955
WC,12028,464.852484816,0.46785219463118166,458.95128514906935
WC,12033,740.293741756,0.42479879585640073,742.9066403557274
WC,12027,795.448748951,0.44386526254203484,794.4816950180951
WC,12029,517.01008501,0.38406357216287634,515.7937204697553
WC,12025,594.691425424,0.43281234896177834,604.4768096325442
WC,12021,767.145523076,0.5313971477877069,771.5820929732977
WC,12022,567.489638045,0.5019743748324702,565.5280279122148
WC,12003,467.214825398,0.483851910044309,462.628639939252
WC,11998,568.732755817,0.4531600359137543,552.8907230751188
WC,12001,449.195998747,0.4275863910869367,448.15639687332447
WC,12026,617.306733388,0.4214803666940757,618.9517109590419
WC,12000,472.717704397,0.46910317504818394,479.2084162992589
WC,12024,619.932607724,0.44879756511553476,605.2657442579082
WC,12002,410.590373528,0.4476346821359007,409.47199063768574
WC,12023,702.499996599,0.48274330479425315,713.6872858384075
WC,12016,858.294591643,0.5541442954587487,863.4200218948664
WC,12020,748.192506907,0.5288341845772577,729.2129066317688
WC,11999,507.970722458,0.500587063069473,513.9444398767807
WC,12013,362.938209557,0.5164977310820725,371.3130105112113
WC,12012,458.635105185,0.3827475957270992,455.2593543856751
WC,12057,616.14876269,0.496290142604938,615.7975701724782
WC,11995,490.823160347,0.3858362501082213,490.25851332720583
WC,12050,481.196239392,0.41318147764703017,477.1113046982708
WC,11996,601.786584506,0.4021390996952083,597.8897156360104
WC,11997,569.569829442,0.4296484692286072,566.5747408100202
WC,11983,531.535745657,0.4544138076544391,538.1428116443111
WC,11992,628.178915513,0.47052294831716546,609.4642662497129
WC,11991,674.990661815,0.4819080456707433,663.9372404210709
WC,12004,504.508276501,0.48147955245495816,516.8380066217161
WC,12014,440.008174867,0.5119233984207989,429.47127954819626
WC,11989,628.532400351,0.4723783496094187,632.0933187447342
WC,12009,513.43499467,0.3490976468607852,512.8872637879615
WC,12010,629.016536094,0.29537951581242705,626.3073399861653
WC,12006,454.913262316,0.40915511231290724,457.36340553433286
WC,11986,558.493961652,0.4857376251050811,550.2504532757928
WC,11988,581.338641039,0.5183921391398583,588.1461483525294
WC,11987,596.550706621,0.5268135748665275,595.2502487182617
WC,11990,728.558161001,0.48220865606868796,718.6713595820409
WC,11985,531.312755441,0.4912244029332014,529.1975318160712
WC,12005,495.607617156,0.4021930068242746,481.57393735997823
WC,11980,590.002752574,0.5564762041524114,590.2459787406174
WC,11972,475.943256294,0.509079084319345,468.402255637973
WC,11970,554.019381352,0.5369607199329971,543.1349901087144
WC,12007,415.558677832,0.42104610200888054,411.83717735140937
WC,11984,567.46065018,0.4988633041012853,552.6172294766295
WC,11976,535.444550185,0.5185336714277339,522.3509724934896
WC,11978,501.851961295,0.48105053343918525,499.7224247651942
WC,11979,568.426134716,0.5310833861540561,569.9837618659525
WC,12018,1012.78097579,0.522675837965303,999.2150486665613
WC,12019,480.000759761,0.495572660959274,482.63112185609106
WC,12015,1472.02343958,0.4112409557493691,1477.6265445784027
WC,12008,373.642838842,0.4149908397843267,377.1003450580672
WC,11977,457.231952748,0.49409836812036023,451.56493772618904
WC,12011,491.037035538,0.3047198576827576,488.15298028085755
WC,11974,586.156842586,0.42896872138211484,573.6632512410483
WC,11975,593.618148669,0.46665191519588683,611.5575182447246
WC,11982,489.042847861,0.435272680030035,483.6698082119811
WC,11971,565.418112304,0.4953563195340527,570.5030879899567
WC,11981,591.25949326,0.47333784284970615,596.0336420395795
WC,11969,555.350938887,0.502431975927552,554.9757277544805
WC,12089,515.264171882,0.34788957093809364,483.43307674632354
WC,11973,580.096270579,0.44825061424780793,513.927844058766
WC,11962,807.124433294,0.508147251938312,807.0708597819012
WC,11927,1900.54230692,0.3458848135344735,1788.8060756010166
WC,11968,538.323835997,0.4420815755531324,533.1340581557331
WC,11960,459.846522404,0.4415377156727515,451.29531713747514
WC,11961,599.658811667,0.4915864530813912,594.4481287638345
WC,11958,567.31383947,0.46562570146336896,557.3412692200903
WC,11928,1233.66869221,0.41309239851371266,1160.1758502137427
WC,11954,840.403085432,0.49482773653405,840.7434037152459
WC,11957,637.238757547,0.4922292658172378,632.8627623015757
WC,11963,571.397173565,0.5208758779133067,559.1833994248334
WC,11964,481.107272012,0.4871917242560882,481.5558754715265
WC,11956,576.586059091,0.4454024939676972,573.9184399773093
WC,11966,555.206235227,0.47024594182983986,554.4482158586092
WC,11929,1198.98534459,0.4285427795227788,1178.5982365327723
WC,11955,854.925632556,0.43885448175522457,857.8511859669405
WC,11930,1973.19310267,0.4576325684451433,1969.8630966186518
WC,11950,913.828108174,0.5146548277761729,910.2110679177678
WC,11959,522.958447581,0.4467327821103834,540.5006782980525
WC,11942,402.28811254,0.3953811802568227,396.5579236198874
WC,11940,485.971981783,0.44152612042753664,480.2359942267922
WC,11943,566.690149789,0.3497353785068159,561.5504920510685
WC,11945,607.259382704,0.47772703763182034,603.1262767118566
WC,11944,616.090485476,0.4182642085585782,616.8108491785388
WC,11941,472.844926567,0.41265405754302437,482.86837678797104
WC,11947,526.391306418,0.5067622081859815,523.9174169203815
WC,11946,696.441580399,0.49057368851062544,707.8568245382868
WC,11952,1948.32407487,0.45583702833962986,1951.9839083503273
WC,11951,870.133892093,0.5269816660446157,858.3708584953756
WC,11949,802.995546617,0.5157527055557077,801.0048539105585
WC,11925,552.960736114,0.38256483287087295,552.8513059429094
WC,11965,487.761835582,0.4192982326200539,492.87065902410774
WC,11953,1176.29102337,0.4105291040813816,1178.8784184175381
WC,11931,825.78913965,0.4941517163936357,839.942654688218
WC,11932,692.133943581,0.515698334261601,676.2702210669426
WC,11933,654.339064029,0.5174174349178534,644.4309268727021
WC,11935,587.633164063,0.48869772959348834,581.5418274823356
WC,11948,632.984762598,0.5166129701129802,648.383928456026
WC,11904,627.405443401,0.2961396022682115,541.2746172138288
WC,11907,593.692848851,0.4294263311125365,595.7409495933383
WC,11926,560.920903202,0.3842691512076885,567.3251031613818
WC,11934,635.287965182,0.4983139599385841,629.6957322064569
WC,11908,543.29980429,0.3919463596871641,481.5389224781709
WC,11924,836.385817518,0.3814389105263568,829.669641382554
WC,11922,1165.6633915,0.345967317376465,1154.9026848288142
WC,11919,867.526458412,0.43727044331230186,826.2431971232097
WC,11923,790.337214248,0.3847024221548298,784.1462812236713
WC,12392,549.491977839,0.2528859214138591,541.6362329819624
WC,11967,578.524451028,0.4391860012478299,592.0785367180318
WC,10015,552.972020789,0.36763705930468354,550.3871679567824
WC,9940,587.70877651,0.26747840912978,282.94159548890354
WC,1743,665.466650306,0.3289809602194787,415.6996728934493
WC,11906,530.98501077,0.5043965894020408,428.91236084582755
WC,11454,667.619717128,0.44399483753439717,411.52429100485404
WC,11915,619.224151403,0.48836331283411827,524.1641271254596
WC,11828,1799.54286324,0.302139997711275,1763.7785583496095
WC,11937,496.493874194,0.4534509966154948,488.1277640847599
WC,11893,578.115104748,0.4682828030732844,569.1740292717428
WC,11894,1134.7615099,0.4010364601127457,1126.2457077923941
WC,11936,541.050742235,0.4731305132257536,552.3338293636546
WC,11939,492.674148832,0.4506425904026083,496.0235999612248
WC,11896,849.367384346,0.4638183113433586,788.8937433280199
WC,11895,741.427015139,0.45472734326930564,754.6875790764304
WC,11884,732.389759602,0.45415118757027256,664.1645406386431
WC,11890,567.611736372,0.42890613341715256,523.1241101433249
WC,11892,715.114102724,0.4512053306781079,655.7464691162108
WC,11888,472.816618546,0.3582645284494947,459.7083160400391
WC,11886,433.979250615,0.41249938624876525,355.2398762422449
WC,11887,474.559858422,0.3651834267704767,412.6056609209847
WC,11889,486.159005392,0.3809365970654802,481.8117264691521
WC,11880,777.346728561,0.38117602750485047,676.2636573641907
WC,11877,1074.7021227,0.40411809175467006,933.082079778933
WC,11938,528.924738002,0.3889778038391198,517.6000190286074
WC,11905,964.107818826,0.3626920413203366,870.4567187440161
WC,11882,1032.99964883,0.4189700609451234,830.728027493346
WC,11898,919.826961196,0.3781901633931491,800.4688456516637
WC,11883,899.823787534,0.4522938085711014,823.3625972972197
WC,11903,423.094108308,0.34087882601696506,302.60889410879093
WC,11902,632.064905433,0.3616380841016879,575.4834634219899
WC,11913,515.714947337,0.383483307362821,514.9537099202474
WC,11901,762.657962534,0.38168471063992104,678.1078183043237
WC,11900,661.734962607,0.3979735201970449,554.6953561221852
WC,11909,489.641238902,0.371855551514644,338.1291276520374
WC,11881,846.575207832,0.36963095586380945,704.420094359155
WC,11874,714.405396227,0.43642239532689836,595.4777532839308
WC,11897,917.816883822,0.4161873963347867,769.6829969518325
WC,11891,687.992368383,0.44510116740580524,603.6446048811371
WC,11879,933.889128309,0.4059242281943695,922.034433073156
WC,11899,684.052837233,0.3784375943191644,567.0630515304267
WC,11878,1154.2743014,0.4089156503897272,1074.1280281814875
WC,11863,1037.24300111,0.5394762496132162,979.4055816650392
WC,11875,983.357430884,0.4658217467425658,844.9334842756681
WC,11876,1094.72196062,0.4388879692563839,1004.9209585451613
WC,11910,485.509318859,0.335747319172664,414.9638383154775
WC,11912,487.017403982,0.323187802269997,474.43082293342155
WC,11911,478.499173507,0.30246803568156355,484.693613837747
WC,11859,732.752070156,0.4267216207748951,481.0209089092179
WC,11829,1690.93441785,0.3431278724873915,1680.105828857422
WC,11862,2170.97560296,0.35478270491161845,2090.1267822265618
WC,11864,854.777795677,0.5380508120129525,847.8341343898402
WC,11861,848.270499142,0.3184051834719073,699.9552598841051
WC,11866,736.532010786,0.4870744858919728,721.2616387161555
WC,11832,511.661822395,0.421453984775687,506.2729789883483
WC,11830,1344.3551022,0.35463521275768467,1334.8788461124193
WC,11872,555.698352349,0.4448515208092194,558.3755202947879
WC,11869,728.667924669,0.46581689790162184,723.6261649038279
WC,11853,940.618342434,0.5390271715827241,794.4225951250862
WC,11858,662.069895701,0.32828441204426323,535.7554560941809
WC,11856,458.401768152,0.2880343584819455,220.51256345861097
WC,11854,496.110807183,0.4677262733194315,281.56094494987934
WC,11857,515.333089192,0.28932344291395357,379.4498640172622
WC,11855,1878.60528482,0.3239817018997185,1832.2594511144302
WC,11860,722.480474953,0.39999664816380065,478.12635557885255
WC,11865,938.063097619,0.5069814802490218,960.1927859736425
WC,11851,882.584935339,0.536671451747456,814.1541227153706
WC,11840,640.560619927,0.5299150980917325,641.5285454544368
WC,11825,940.867733464,0.3746023896551059,859.1312585269706
WC,11867,776.143004269,0.5070702777903232,774.1502320532705
WC,11852,916.509250937,0.5249145855013901,902.5693791408163
WC,11834,1012.14386498,0.440160577466088,1008.6053218467562
WC,11850,722.013848678,0.5334671684025241,594.1683950386796
WC,11837,443.027326676,0.5079787032919353,439.96333642099415
WC,11868,791.208411441,0.5027992364219546,787.5701804067575
WC,11870,718.40231836,0.42411078839873495,720.2037022908529
WC,11831,678.22526967,0.4152154984832326,669.1519271252201
WC,11836,447.668599343,0.533983100847495,444.43774593577666
WC,11835,745.565386604,0.5311898976491439,752.3095788394704
WC,11833,536.521080737,0.4432926847246821,534.4298679127413
WC,11455,580.421129045,0.41761168786279285,351.7952397963581
WC,11873,732.104580595,0.47839905984433145,698.6286899342257
WC,11871,564.178335884,0.436504396824342,557.8494611253925
WC,11821,629.593314753,0.4839896743504512,633.6285394406787
WC,11846,2930.7405525,0.5392217582029831,2852.4494691736563
WC,11841,520.551303262,0.5231288169089117,499.9614699120615
WC,11847,604.001109464,0.5882129367868818,499.44036198036343
WC,11844,1152.83748347,0.48404811937811204,1134.6534171010935
WC,11822,789.839598871,0.39156503460858105,791.7711901197248
WC,11839,539.834237167,0.5179515364114871,545.48241110409
WC,11849,592.307726149,0.5682021517152807,363.3951658959482
WC,11824,843.321245664,0.3907916470710156,751.773729990043
WC,11826,916.801634213,0.3957205752123836,807.5570808261049
WC,11823,498.700478401,0.4883503479003905,493.3782110775219
WC,11838,441.265492441,0.5423727885308275,439.1743659225165
WC,11810,961.330214103,0.5499004790390366,936.5100692150642
WC,11816,673.708606822,0.5227060726416994,671.2614051968443
WC,11842,487.720910555,0.4853404673539904,509.4346700930128
WC,11818,642.982697215,0.5148247627796472,634.1567249672084
WC,11815,715.923659499,0.527494083128321,718.6256706387389
WC,11717,635.368854253,0.37917503305751343,605.2128213620653
WC,11698,1477.90441797,0.29195248156144255,1050.9513524074182
WC,11845,1459.81039049,0.5023303850088173,1277.017856463264
WC,11782,1318.22312554,0.47639024103757327,1202.555662716136
WC,11814,705.850723725,0.5280580771921655,711.5216505761239
WC,11817,683.031042944,0.5166379511811523,689.1532305549171
WC,11843,505.520600778,0.5014397576090984,489.69967576569195
WC,11809,983.582067151,0.555790671826094,915.7230495976466
WC,11808,715.288548234,0.5596207638167517,707.054072780235
WC,11792,727.226331202,0.518070611489999,723.1097772037281
WC,11848,421.922944776,0.5604979221911535,242.08826676911
WC,11801,1652.29702557,0.502611005570327,1645.164063756606
WC,11802,1216.47819347,0.49000031659097404,1215.711649277632
WC,11799,1700.14120251,0.36238442145185334,1699.6447330250458
WC,11800,1836.10770226,0.46627302018314637,1838.8441481646373
WC,11798,1656.19119238,0.44469358940916104,1665.9622279447667
WC,11805,734.796208368,0.54070455925439,758.6323884851794
WC,11794,596.262400204,0.547240264428339,597.592077995749
WC,11796,454.865956907,0.5735950329439427,453.13014930276313
WC,11803,521.787191719,0.5478925943685075,505.23021922392
WC,11795,414.384200939,0.5755505026750067,414.1840279971852
WC,11793,759.106112207,0.4704703440901907,763.8956969317265
WC,11811,826.03135704,0.5520056833094934,825.2006786870022
WC,11812,765.880067622,0.5436468274717151,744.9424746644263
WC,11783,1249.00469716,0.38889996363363644,892.3199199601717
WC,11804,552.124560616,0.5522105369668965,552.3314898322609
WC,11790,822.936302952,0.5532695346621028,819.6870974372413
WC,11806,814.405845607,0.4934268515602138,804.4164967854816
WC,11788,846.286847889,0.5394102958099362,874.6822898415961
WC,11807,585.549383553,0.5349908111651417,583.3785873113894
WC,11797,949.685630253,0.5388111630060253,932.051723614861
WC,11791,709.226061873,0.557684688718169,714.9539919684917
WC,11789,1048.18544751,0.5246884082946661,1033.6238274069392
WC,11772,724.551097689,0.4838916748066611,597.5939557243796
WC,11785,1234.25380334,0.43985910822958624,1209.143887688132
WC,11786,1180.26996901,0.47781277463110167,1175.9868368709785
WC,11721,1154.97890087,0.45758267116955165,1067.2834351483511
WC,11885,519.356270838,0.46530776219628533,447.8644574333639
WC,11774,684.267089142,0.5793663897341917,611.2792341344497
WC,11773,1747.62847338,0.5270591470543159,1651.997811351103
WC,11719,1471.15207233,0.3409887753491863,1451.4559445848652
WC,11781,1299.93257393,0.5243147911734615,1123.8771328196806
WC,11779,677.228118174,0.45491092664621063,594.1774593577667
WC,11777,1456.22889164,0.34633197620125244,1077.3143339867684
WC,11778,928.351486888,0.4371999849409816,561.0218024160347
WC,11776,832.753433905,0.5231322496293341,844.1637619018555
WC,11775,694.579502097,0.5825845249087729,628.1235148710365
WC,11784,1195.78538678,0.42395895111055193,1098.0964538275025
WC,11780,950.053478387,0.5239620937974477,820.2146502326517
WC,11756,477.015952269,0.5779120064153024,473.1361668605429
WC,11757,435.036270642,0.5730703832926574,426.2970383588005
WC,11763,1356.27323428,0.42246972282930306,1134.685239604875
WC,11761,1369.40985916,0.3709111256741451,1183.8984321145454
WC,11768,485.767456607,0.55975112356056,465.50009945140164
WC,11748,506.038095896,0.5593211932569757,495.4976636998794
WC,11722,1371.62740392,0.460238711341981,1237.2688775156062
WC,11755,513.262073186,0.5679385505950049,523.3960424385818
WC,11747,616.189474598,0.4366525694227341,509.1796314015108
WC,11746,602.16433145,0.39691736076051354,445.49814390294694
WC,11758,511.568512317,0.5546766292907017,508.66298364377485
WC,11765,746.978824026,0.5724698970978012,746.0145335477939
WC,11759,495.669734323,0.5255304970414348,504.7158122642368
WC,11760,900.516064058,0.4163808041692317,700.4971098357555
WC,11766,634.989566528,0.5713781033279749,617.3358169555664
WC,11764,1057.58386202,0.5146098654517007,998.8990304685108
WC,11753,570.71719595,0.5730115910788088,576.8127305872299
WC,11769,569.368349351,0.4534305078788713,383.66166336957144
WC,11767,556.12067357,0.5739040029660251,513.1299402573529
WC,11762,1367.12217844,0.4106458230411177,1306.5227079204487
WC,11749,519.608966491,0.5836282761227044,516.0237392649931
WC,11745,490.873864404,0.4479043894823182,479.9696882360122
WC,11770,545.11631638,0.4720866092352673,532.0731200274299
WC,11733,514.330989018,0.5870898828257665,519.4425603529986
WC,11740,745.041725993,0.5116974927447278,727.8501045675838
WC,11751,556.193381666,0.5914931782404844,637.5970738130458
WC,11752,767.019134425,0.5896239909083963,717.8567433974321
WC,11743,507.952114319,0.47333670568826874,504.4420205508962
WC,11727,1764.52228855,0.4251764297037571,1260.9593772738588
WC,11771,606.973059744,0.43042894567900575,388.3967645981732
WC,11750,555.390403994,0.5760178851532052,559.7060182459213
WC,11754,511.018251843,0.5550172426946207,505.7645585004021
WC,11737,734.373078172,0.521971237831901,709.4308289471795
WC,11739,841.119482056,0.5632069805327724,843.1102369420669
WC,11738,685.221464599,0.5343941857576993,704.4319430182964
WC,11741,690.988646899,0.4911396020779215,696.5357481115005
WC,11728,1169.08064809,0.4551444491704755,1117.8172584982478
WC,11675,1036.62198643,0.5565544977720681,988.351185278799
WC,11734,557.728366156,0.580770130961638,553.9145171221564
WC,11732,716.354264064,0.6057902363753072,708.3776998183306
WC,11730,622.112937198,0.5496681166249651,611.0124465942382
WC,11742,552.131539878,0.4874097205662841,549.9656951006721
WC,11736,730.31817089,0.567495373772603,736.0079165290384
WC,11735,626.46356318,0.5870585748590686,628.90947005328
WC,11813,722.463480701,0.5359912878961325,722.0482692344517
WC,11729,650.549266167,0.5608014521144685,602.3279412662281
WC,11724,702.284634161,0.5109476390110697,703.1063156127931
WC,11723,1642.72428083,0.47223918768806306,1631.713397306555
WC,11725,750.576526851,0.5252162458880848,754.946601299211
WC,11731,763.124805772,0.5615564076721523,760.7407995784986
WC,11744,544.891420144,0.3803594242329741,542.5965117510627
WC,11726,898.014075158,0.5135588123778666,827.8326447131586
WC,11708,837.679386327,0.5869349709417246,831.5132120169845
WC,11718,1189.07129695,0.3884456132699724,1137.8016157561656
WC,11787,783.407507651,0.5213361715431463,770.2152605842143
WC,11720,1307.53641314,0.44452837107296184,1209.3772461835074
WC,11716,558.484241021,0.3568927321353915,462.0665495629404
WC,11820,547.666311623,0.4854332961861454,542.3202743530273
WC,11819,602.880530443,0.4717651560486508,603.1049970739028
WC,11702,1042.0514734,0.48125534256810487,1022.8041788736983
WC,11699,1173.07898709,0.36191057867261145,1113.316378544826
WC,11715,781.791506965,0.46599676214469976,654.6845955942193
WC,11704,635.238922259,0.5650818447106277,630.99880547617
WC,11713,1174.65004976,0.4523923894845309,838.3543299955479
WC,11703,817.341311972,0.5173944707408441,814.139383802227
WC,11705,533.912848859,0.598391676182269,538.1131222294825
WC,11707,703.613668395,0.5916512737108949,706.2602393954406
WC,11706,548.986170154,0.6015785259261067,546.2718348783606
WC,11678,1618.8069978,0.5527309290761475,1616.1887190575699
WC,11711,1282.30759631,0.5045825072092505,1241.2146041570925
WC,11709,980.359956752,0.5788967227447913,977.2910757625802
WC,11645,1404.3919788,0.4078902870762636,838.6024367388557
WC,11712,1380.00476187,0.4394569221348353,1209.6384027219283
WC,11701,1162.18753842,0.46246777677503215,1147.529054828719
WC,11710,1184.12760315,0.5683868823414038,1202.5371301987593
WC,11697,486.640383654,0.35919384380890007,464.9555751127356
WC,11714,687.235082573,0.48222743874683505,508.90649494844325
WC,11700,744.477819078,0.49432462081843054,739.9332164689605
WC,11914,536.963081296,0.4118951851271072,498.6392802818148
WC,11677,1365.56864989,0.5853610778952868,1362.792261609844
WC,11681,589.173232497,0.5230723558573126,574.4263474707511
WC,11680,707.228197705,0.5001712074847532,720.4672114054362
WC,11691,973.774076893,0.40433511923470133,901.4974774828144
WC,11686,605.947168548,0.3882396053162003,611.2597410912606
WC,11694,612.270279279,0.425709651395826,478.37657632266786
WC,11695,610.388889388,0.463002351832171,516.0047981411802
WC,11690,957.621007747,0.4444752307441421,878.8694374234069
WC,11688,656.314691877,0.43889301539260805,632.5751950133081
WC,11693,821.288951855,0.4558436275800748,739.6695290060603
WC,11689,742.605391616,0.40276370472290196,712.8308181762694
WC,11676,1014.08116216,0.5566512174087757,929.1425843182733
WC,11670,538.809784006,0.575058592299917,528.9100932102577
WC,11673,623.097877147,0.5484412031404434,611.7980786791035
WC,11679,1100.59804821,0.5083749983094487,1073.5969839657052
WC,11674,791.91450728,0.5866391687310841,799.944169467103
WC,11663,622.069595625,0.5186563546853892,466.540413800408
WC,11684,549.149930637,0.5160161964845338,548.8994662714938
WC,11672,719.395127576,0.5406001587723075,732.0523302265242
WC,11682,791.533544801,0.5612448105685556,798.355359844133
WC,11666,860.158168064,0.5441850368984773,843.8830552942611
WC,11662,952.765669628,0.5151808065892108,744.6726327035941
WC,11661,816.706301583,0.501121469318767,785.4581209070543
WC,11687,570.052802701,0.37066415560718746,556.7914510988722
WC,11667,923.079515152,0.5410150210198283,925.1946972117705
WC,11669,502.295581552,0.5624733740669949,504.17479337804457
WC,11668,764.4465656,0.5689695813107548,765.4712665931852
WC,11664,635.478866774,0.530224469880904,571.0068607704312
WC,11671,636.680686767,0.5467871941986784,630.4810818840476
WC,11657,1312.94528069,0.5044989192005088,1324.6283090329634
WC,11685,592.856199954,0.47711958974306345,587.8419170005649
WC,11683,720.618069491,0.5654167830396424,715.9914698881262
WC,11665,734.527901323,0.5444294898702869,722.0487889308556
WC,11646,2199.1137664,0.33786432917914766,1595.3706986072018
WC,11659,818.425373771,0.4971527404433764,830.1936917772481
WC,11647,1564.58950656,0.4728941526042168,1436.4436515957698
WC,11658,1157.96152697,0.5022899747628135,1133.5883712768555
WC,11656,1318.32199186,0.516750548361233,1213.5856356751688
WC,11654,1434.0394362,0.5646958306989684,1447.7813155230351
WC,11624,1541.69267977,0.5842426274615593,1525.686522629682
WC,11626,1031.78083558,0.5340259466336864,886.5161311130896
WC,11648,710.012894073,0.5226421684611079,670.9918850169464
WC,11649,612.251444693,0.5232611873758709,613.1036128623813
WC,11652,1452.82209393,0.5517418119961606,1365.1548203113032
WC,11622,723.814649837,0.561887795424713,723.3763264375575
WC,11650,744.784392508,0.529051232911196,735.9895734599993
WC,11638,1003.48552495,0.4858697877130617,984.6502390842812
WC,11578,491.133927723,0.3772516333447991,489.44573705336626
WC,11655,1205.26294523,0.5322702133650137,1159.37940605014
WC,11651,1071.88509244,0.5120434158534298,982.287530487659
WC,11457,471.702414372,0.36330218834860517,152.08499845616956
WC,11653,1251.48279684,0.5598683948726912,1221.4814239202763
WC,11696,533.728596854,0.4487467118367019,382.06928773767805
WC,11660,572.477244608,0.500632750146399,566.5312884461646
WC,11635,345.867806468,0.4907108831949934,351.54964955647785
WC,11641,953.464311021,0.49811242015442847,905.4417144177006
WC,11640,1009.44351519,0.5113600795843688,924.6518198649089
WC,11581,868.226264303,0.36913300708128616,856.2661750344669
WC,11642,878.652545143,0.483980173337843,744.9289409861846
WC,11644,674.146913861,0.4518526939631817,575.9974067837584
WC,11613,1266.41902274,0.4349439868826901,1203.3634066413433
WC,11615,636.332295971,0.4063713206310461,612.3345286649816
WC,11609,753.065950028,0.2176966427817506,559.444611642875
WC,11617,1795.67383003,0.5123205887724035,1730.955071482939
WC,11623,1684.13317223,0.5471767043323954,1683.5783418543203
WC,11616,1408.36227658,0.4773565957293285,1398.8743373496857
WC,11610,354.613123188,0.2657157710629954,349.4554619284237
WC,11612,2421.29067512,0.40834176720233023,2433.051141566856
WC,11611,2012.77720569,0.289530597225062,2008.8599997127756
WC,11614,891.979299779,0.4329436098354232,827.5892512003579
WC,11601,763.198194397,0.22388166934779077,743.6424952787511
WC,11600,1051.11241792,0.23547591947595764,1023.3635743683458
WC,11636,727.808482005,0.5467416523873547,727.308526132621
WC,11618,477.985864889,0.498839998503385,407.08122423957377
WC,11628,1004.34575656,0.40027967051890695,1009.926201285568
WC,11621,839.107020197,0.4525441169738771,835.4713924632351
WC,11603,646.816126457,0.2432423021229975,475.50083869485286
WC,11619,944.114706235,0.3617857078887447,860.2114264993106
WC,11631,1456.06557934,0.5662674193700996,1393.576172024596
WC,11627,1078.37335528,0.4393371950932656,1053.8722311880076
WC,11630,696.375478808,0.543486750837226,657.0556278602749
WC,11629,962.459117951,0.3765768603197708,975.7156973446117
WC,11607,180.46618975,0.20414135473477726,166.8331709917854
WC,11632,467.882958119,0.37982285358742185,375.75986974379595
WC,11590,1214.09565565,0.37917563449086056,1231.7721758674177
WC,11637,915.617595579,0.5260803402986411,930.9737756766525
WC,11625,929.437263309,0.5720961595928078,810.732931219363
WC,11604,571.460899505,0.2517919066681791,493.65787613812614
WC,11605,451.878457668,0.25446665254305856,455.50220507453474
WC,11606,392.673784841,0.22438506984292125,389.71607630112584
WC,11620,1271.58460377,0.3521270692026034,1143.0848117603973
WC,11602,681.167793458,0.23184685895825025,512.3408305448644
WC,11598,1156.18600453,0.2406969320336462,953.3683674831016
WC,11599,1147.58210661,0.23519082278568562,1059.151485817105
WC,11596,1063.88889347,0.24377494723855078,840.4785746854893
WC,11597,1104.98628974,0.24796986063202764,837.0588178447649
WC,11608,443.983511008,0.20486462506828446,146.57071317784926
WC,11593,1032.80400608,0.31714247530628215,1022.5737293019013
WC,11594,908.841728043,0.2827646779198376,844.163245346967
WC,11592,1131.53350585,0.34937968446948064,1144.6715741625019
WC,11587,1096.16435071,0.42812853875651125,1096.5149011948529
WC,11591,1154.13630007,0.37176691276073015,1146.776846433153
WC,11595,1002.11538165,0.255172248293088,611.2819560331458
WC,11633,1194.17721176,0.2790079366286262,1128.0661284502817
WC,11588,1284.09822094,0.408358100632375,1273.611502823175
WC,11589,1285.31474335,0.39966536904309924,1270.1906848383885
WC,11584,998.583926388,0.34898550315096233,1007.844043597053
WC,11463,1933.00327195,0.3225101910254784,1841.8708729463463
WC,11464,1818.24863825,0.2737383133984883,1589.8045956779927
WC,11582,644.879754084,0.4773127211985543,639.1765767714556
WC,11556,615.564614718,0.34075630742819574,608.1267818675321
WC,11527,677.564660619,0.3489760396563409,681.5377924302045
WC,11458,825.798332686,0.4167242378178166,172.6087750603171
WC,11571,695.154899545,0.44886862942305084,696.5449042825137
WC,11570,1321.748578,0.35313948811996315,1332.0441706339518
WC,11569,894.696109676,0.3151535646909437,888.9085833979585
WC,11573,558.589743243,0.3814377176648044,579.9697326660156
WC,11583,1435.83157275,0.36853807297800595,1420.45659532734
WC,11565,1220.19119368,0.3580059470649941,1239.953761351342
WC,11558,519.947478761,0.39707901012995606,511.55477809532016
WC,11557,579.002940083,0.34021866354648006,592.6023928174785
WC,11568,1902.09253607,0.24782707771651477,1903.609107911353
WC,11559,510.998103835,0.4281933839223189,506.02968151616113
WC,11566,591.733167422,0.4086239250929847,577.8701439950979
WC,11561,403.129236909,0.4012625739793967,408.6674399581611
WC,11562,663.882370459,0.3535826413651259,648.9227020263671
WC,11564,1135.92807468,0.332114196034218,1132.3282354317462
WC,11563,1945.41514382,0.2833478309404637,1934.6722559910195
WC,11552,591.595999324,0.4219248026653529,533.39885708678
WC,11567,735.673855128,0.3873737981686225,711.5480554917277
WC,11560,405.980598248,0.42233214421335613,277.3564739750881
WC,11549,587.982309424,0.4031133530924166,578.3957801370059
WC,11574,511.124223652,0.3028679115236921,506.2883074592142
WC,11576,504.087752639,0.34046625456338975,495.49804561839386
WC,11553,355.460321692,0.4329684380655246,298.6706155814377
WC,11551,625.862844953,0.42412697661446264,605.5016792746151
WC,11550,551.296625091,0.4328260097783821,553.134644871132
WC,11554,391.565084071,0.4165590846771658,390.2446380016851
WC,11546,741.925735371,0.35972823532431414,695.4943704044118
WC,11548,573.161239958,0.365903304727829,581.026838055779
WC,11547,435.926386917,0.340406070232245,428.40167032877594
WC,11543,556.872441177,0.44358635222628007,552.6033172607422
WC,11540,396.310634092,0.36279651192865014,382.8728996725643
WC,11555,609.29653415,0.39822318185930666,605.232780277028
WC,11542,437.465821389,0.45538039517811296,445.2394722433651
WC,11534,745.447913706,0.4051853641558058,759.9637033799115
WC,11532,534.04403409,0.3973580565653374,543.6567336437748
WC,11544,372.083930094,0.4360168773123375,276.03876387652224
WC,11529,663.294793431,0.3607078189770002,549.9695932724896
WC,11538,451.32474688,0.3800443336068729,459.1848072725183
WC,11580,565.734015579,0.3961903481542757,560.7579244277057
WC,11545,372.895699547,0.438888021635879,240.77755961698642
WC,11530,602.817253018,0.3599938532539428,514.7093377506033
WC,11533,808.906519962,0.3881822917411194,787.3308395984125
WC,11531,670.576753463,0.3339173549081224,660.4928219065947
WC,11536,434.787011452,0.4240622088169131,435.7662279016831
WC,11535,394.801535202,0.4417290730249238,394.97989268583416
WC,11537,753.77356089,0.3437799458755814,734.168877994313
WC,11639,1341.56477385,0.4652060977898319,1314.3539091222426
WC,11634,1395.63856579,0.29505669295089015,1369.0919437782438
WC,11572,757.029482616,0.4207677838849919,738.3837937298943
WC,11586,1622.37414637,0.3947691734079907,1625.425964714499
WC,11575,522.263483681,0.3014854139600738,524.7072043026195
WC,11526,600.833743035,0.35815825818236946,597.5963764863856
WC,11541,761.019655067,0.3434287894892897,769.6935981301701
WC,11520,711.332344832,0.3430133629707768,709.1669320499196
WC,11502,2010.46152552,0.3461717423182678,1906.953190822227
WC,11525,739.010154967,0.3492924313209051,729.6942933924058
WC,11523,684.848620936,0.3694708145140483,672.5912899241727
WC,11522,707.746485853,0.3586927196351549,712.3253599279066
WC,11528,722.054247268,0.35997479950322375,654.435387914321
WC,11521,706.317539923,0.3516326321265018,717.061590306899
WC,11519,732.963151543,0.3410875005627598,737.3228292128617
WC,11518,749.953397598,0.33916317240964966,876.5225957533892
WC,11516,772.393418956,0.35563915062841345,760.7415872012868
WC,11514,770.426546213,0.3738815414682916,774.9482234281652
WC,11513,729.950617687,0.35142936462274016,726.5314489028034
WC,11507,590.474406663,0.37153375762272656,593.1136713962928
WC,11515,877.830946599,0.3527395681185964,864.9424803789923
WC,11498,665.269829871,0.34347434974113783,663.624792510388
WC,11501,886.612843261,0.40947749995433175,775.723569383808
WC,11539,537.014458191,0.3599853898032654,541.8107562794405
WC,11517,829.373619553,0.34536583737876664,1014.1443967033837
WC,11504,853.33229755,0.35513359183461907,810.7240039601045
WC,11503,753.755635925,0.38173565484349026,719.416743259804
WC,11500,616.526957441,0.40785396752033914,457.5921826830097
WC,11496,830.951331536,0.3607182383052702,809.1386328304518
WC,11472,895.251575864,0.32639342927149617,793.0622832653568
WC,11524,745.154756939,0.354370222915781,751.0085375617532
WC,11499,692.111792054,0.39281496890673046,662.8371593998928
WC,11469,1567.865722,0.30224203999221255,1551.4041301353307
WC,11467,1671.18299653,0.27461055431597425,1569.2953614478015
WC,11468,1765.49439976,0.2653861161796873,1698.7569877474914
WC,11497,757.080876281,0.35242207246394053,780.7204073737649
WC,11471,941.803067031,0.3481735954102377,915.4132376876531
WC,11473,1157.85953722,0.3327941596578967,1105.3960272396314
WC,11506,918.031154544,0.3786097130578253,916.2469552731982
WC,11462,769.641210535,0.39925755990610884,689.912230278464
WC,11579,605.506891606,0.41515727867945845,626.0176475076114
WC,11577,587.042414179,0.29734865498510293,579.1761970071232
WC,11465,1887.41026692,0.23437934535235655,1038.0346583347696
WC,11466,1239.22420648,0.26243551443942,1163.0222673902324
WC,11459,1056.94438299,0.3966464321608857,492.83030637853284
WC,11461,1007.27903605,0.3440496237290419,1009.0803029677447
WC,11470,724.306492946,0.37670664721256925,726.7561221253636
WC,11456,631.667717832,0.4271350769769578,386.79101607378794
WC,11643,2551.35084968,0.4167729114942358,1848.7651882695216
WC,11585,555.470968607,0.45993843784986316,554.4430940515854
WC,11460,1111.75747519,0.3379297298491801,881.7274722828583
WC,11827,1730.34372368,0.3108703861240178,1652.9991688747032
WC,11692,784.550198078,0.36907804997840726,664.4116324032054
WC,9369,529.135583795,0.4166805569698162,187.70450493307672
WC,12243,579.743100406,0.27417916128487146,579.8169726801854
WC,11512,1044.61642621,0.33317867021656883,1056.2473970001818
WC,11510,674.970507188,0.33219709321823104,587.0647817275104
WC,11505,898.118722657,0.3607743584448414,891.7731685264436
WC,11489,798.903695196,0.33744778947017934,775.4498674579695
WC,11492,1463.66082889,0.39265689024170686,1400.137299182368
WC,11508,481.0807831,0.3246643697000613,454.44012301575896
WC,11509,502.874352187,0.33830589226757485,404.18153291590073
WC,11493,1105.91641529,0.36578498615931526,1127.7915982414697
WC,11491,955.552592838,0.35171654495138466,836.5008345660042
WC,11490,850.653593636,0.3323294563056955,753.34780180688
WC,11488,968.345457954,0.33474298642159067,894.9112409404679
WC,11485,1131.37502607,0.33590837976259436,1038.311813025381
WC,11484,1167.14671282,0.3365561271586067,1078.8318963144343
WC,11495,852.427013626,0.3600164194110707,859.1334967519721
WC,11494,1007.45021202,0.3473963451958466,985.4374073103362
WC,11481,958.363582152,0.3586812963147557,883.0589011398013
WC,11478,973.860307749,0.3776646085808197,857.5322956160005
WC,11431,1179.54840261,0.36883255009773946,981.2006331499886
WC,11475,881.528690934,0.3620821942176773,881.210650694604
WC,11444,887.736873999,0.3549929489428647,833.5765531652115
WC,11441,582.283605604,0.3160218958551798,323.11573549158436
WC,11418,571.583843888,0.313709545583009,164.7167018217199
WC,11449,753.952173657,0.4311131262297524,540.4549541697781
WC,11034,455.284354389,0.3169272342601128,455.9609383975758
WC,10211,509.792367771,0.3202957413480107,362.66469047396794
WC,11453,765.524210581,0.43045229021213405,608.6032138600069
WC,11448,724.090118283,0.4103453208336093,548.8749220006607
WC,11450,752.112622929,0.46079850916693627,497.82884458654064
WC,11474,1113.98310912,0.34796903072370583,1084.6088779823453
WC,11482,1179.56007331,0.3353448089431314,1109.3510545917586
WC,11477,819.120552073,0.37825830468893296,769.1197227029238
WC,11480,1165.28941298,0.33306537427289307,1115.6606030632468
WC,11445,779.457244083,0.3837822224125842,578.0823096780216
WC,11443,864.395204386,0.35927405484749625,801.4766447179456
WC,11439,721.852135238,0.44928327087240705,420.7367844525505
WC,11442,940.031332041,0.3822695326641535,920.4099132762235
WC,11438,767.153838172,0.45731408471076307,507.04234825583063
WC,11446,539.203213917,0.39674716462477216,219.44452119715075
WC,11476,1021.39960243,0.3037997585151755,1010.6663511687635
WC,11479,961.923250853,0.34355267861459593,938.5741994222004
WC,11433,1141.56764915,0.42782866608856907,1047.2450709025065
WC,11423,1333.43584351,0.3347196802764695,951.7330312093097
WC,11422,1275.05291248,0.31964945173049,964.8881901460534
WC,11434,1026.7044147,0.38659180982125985,766.4856526692707
WC,11437,541.240993075,0.4809455080674246,164.19007954316982
WC,11440,524.385781355,0.4420029246681804,175.2407357608571
WC,11483,1243.52962256,0.32858884113970127,1240.6545698876475
WC,11424,1248.78166621,0.33557683870976174,1020.672396252202
WC,11430,1531.06659565,0.3388315082805681,1439.5756325815241
WC,11428,1396.106799,0.31342070104924247,1369.8478285546398
WC,11429,1252.33964118,0.3414619632581737,1218.5455919153546
WC,11427,1489.35548456,0.2978702057210361,1452.2089496088965
WC,11425,1448.25494845,0.30873783932419396,1338.2731500064626
WC,11419,677.033945215,0.33509508886045064,472.3109698426489
WC,11426,1390.23510291,0.32288268569516293,1200.131082751704
WC,11435,927.409494557,0.45359691154015697,489.94036395503025
WC,11432,1116.41917091,0.3680198456602119,954.36057027181
WC,11421,1162.95779878,0.31047145863981407,1084.611133081773
WC,11407,1251.63310177,0.35746694942247614,1156.4517557480756
WC,11417,491.851659857,0.38591600456865577,271.8093851426068
WC,11436,566.577728812,0.48283464883590915,188.13468843347886
WC,11413,1152.57023141,0.3337021633297633,1064.6153420541802
WC,11447,526.934522204,0.3951668769054348,234.70551856545842
WC,11412,705.865291238,0.3327086007324256,573.3546708350088
WC,11327,1383.93174735,0.3878722491178122,1211.4572861914542
WC,11420,793.225022357,0.3604646831557662,649.3965989056755
WC,11408,1682.35453685,0.32892885128352156,1543.2540287691008
WC,11409,935.75558902,0.3711856617142228,800.4359208050895
WC,11406,1400.68727374,0.34879620767981806,1271.4396768607346
WC,11331,1261.83689118,0.4251021533990715,1063.8404243618834
WC,11414,691.769168939,0.3600881442460385,598.6135520785461
WC,11334,2027.32145933,0.4148764759627067,1810.0735835355872
WC,11487,997.78911286,0.3425073274009895,943.3249911139993
WC,11486,1128.81929462,0.33454922753188626,1111.4639346852023
WC,11393,1399.70124365,0.363322541588285,766.5056398877912
WC,11395,1405.98746558,0.30982420630370433,1127.2631791357896
WC,11398,1398.15870842,0.3434175408310482,1265.137947142358
WC,11396,1406.03643424,0.3104917091826103,1266.1954089295632
WC,11336,1976.03522198,0.4508450128728305,1850.0799850164676
WC,11385,1412.73996693,0.3797466247760688,1207.2593968110925
WC,11384,1394.85755892,0.36090423347039446,1000.4383014454561
WC,11399,1409.61582649,0.34485725278034035,1274.0825189627853
WC,11335,1214.64438027,0.46831589410781166,1094.8897443584367
WC,11404,1385.17454893,0.3325096275657416,1191.4512447880766
WC,11410,1506.65699811,0.2971260524562228,1459.5644506716264
WC,11405,1412.77959248,0.34044080046717007,1333.0134371290017
WC,11403,1390.49920533,0.33268070183017034,1302.4935738058648
WC,11387,1407.91799993,0.33242363307429407,982.017397742178
WC,11386,1392.90771017,0.357701550731967,908.0767635270661
WC,11390,1085.20145571,0.31422599172872867,525.2170447555243
WC,11391,1350.85747524,0.3762766330791907,647.0443518245922
WC,11389,1161.15344463,0.24154044972455938,724.4130781585094
WC,11401,1389.13025306,0.3469680119944751,1196.7183819041534
WC,11394,1383.11392837,0.3520183155476427,885.4412390316232
WC,11392,1404.46035532,0.3621260746115307,719.9316939709232
WC,11388,1222.27166665,0.3295459178528658,786.7730302399281
WC,11337,1065.16412051,0.4339594837952853,925.4386327107748
WC,11383,1380.67432681,0.34974020575323417,921.7626628501743
WC,11402,1404.15861128,0.32782796924086416,1240.6563367656634
WC,11511,1787.42951417,0.35557890482743587,1776.2011633480297
WC,11371,1237.27471169,0.31665366934132333,1020.9789387422447
WC,11370,1219.46912647,0.3389691299301084,1009.1387052049824
WC,11367,1157.16232261,0.39716048576250806,876.7824971217735
WC,11369,1199.5470547,0.35692837576352243,968.0903128530464
WC,11342,1104.1565136,0.500679223936701,939.6582005818685
WC,11377,1118.22380834,0.3450123839537736,964.3966839659447
WC,11340,1923.23990266,0.40344926574365164,1807.9976830575984
WC,11339,1218.40627099,0.431471799595076,1109.108917236328
WC,11380,1290.86417413,0.3520313649533284,1125.170377544328
WC,11378,1238.20978142,0.34681282240281874,1041.4950132183003
WC,11376,1065.20780395,0.32129903256757075,922.0373002594591
WC,11374,1355.71022479,0.325156020638826,1204.1188920264146
WC,11338,1192.66554023,0.4340721571155639,1071.4795759014055
WC,11375,1295.64244299,0.32555487466815086,1193.5927734375005
WC,11372,1255.72779183,0.3226156744729431,1072.5510733211743
WC,11379,1370.50457872,0.3748657002888832,1229.6342170565738
WC,11373,1318.50020632,0.331171315901853,1192.0138343960634
WC,11343,986.087477727,0.5053681711607096,811.511479546042
WC,11341,1053.14392445,0.45324310124271167,939.1295263253007
WC,11382,1364.53174786,0.3585885352316476,1108.590667874205
WC,11361,1126.52441187,0.35106992498960543,915.9969093771543
WC,11358,1519.72916273,0.2820836078483526,1371.2358310475074
WC,11360,1601.53481197,0.3012737815114042,1459.6514339671419
WC,11352,977.804150192,0.3769995412086256,837.3060160019818
WC,11359,925.072454769,0.31564111938626077,721.7983412798712
WC,11356,1623.8658558,0.32549821347350116,1448.5962986665613
WC,11351,962.013047401,0.40192946806439095,954.4018943637025
WC,11363,1060.42128959,0.4189640492790431,824.6842257630593
WC,11357,1345.98261737,0.29887068115968485,1148.61616157083
WC,11364,1094.11135465,0.42502893127988434,900.994066844267
WC,11362,1021.55710105,0.3938320844145436,829.1585100061751
WC,11350,693.432691446,0.48041193909717317,642.5839713601505
WC,11354,2760.01144616,0.3877268001462187,2666.3907702876068
WC,11329,1352.4065817,0.44157388939610814,1200.4061071657668
WC,11346,1869.60006593,0.388879613532502,1685.9092257630593
WC,11366,1226.17076956,0.390180109956872,1038.0890640258792
WC,11368,1173.09975522,0.3860850373442528,906.5163834515739
WC,11365,1176.46656081,0.41051740076857784,957.3057635139018
WC,11344,951.074364999,0.5209691253627733,817.5649641448377
WC,11349,1029.86883767,0.43175801140004105,952.5580155615716
WC,11333,1310.7407256,0.3493721499903869,1072.7826097675397
WC,11400,1387.32792701,0.3510666280764437,1280.6590035532038
WC,11397,1381.02626782,0.3298201885008627,1222.5121792063994
WC,11345,948.235199781,0.4559495508311141,784.9343182432885
WC,11381,1313.53036053,0.3570673309291704,1013.8627329807655
WC,11411,653.317252637,0.2704344454981043,525.2011307959463
WC,11320,1147.34526411,0.34843852472759196,1022.787154792337
WC,11332,1142.24338755,0.4058259475729841,930.9583595425476
WC,11308,1406.92032912,0.3616258956997493,1419.3490663416248
WC,11271,1183.29832024,0.3943081677980618,1152.5350247551414
WC,11353,894.273262476,0.362366001101912,755.4706292245903
WC,11305,1334.92713763,0.380164147596825,1306.4711564007926
WC,11300,1312.38347871,0.3642647505287587,1320.4204740636485
WC,11307,1391.04995646,0.36243615240508,1376.7232724358062
WC,11348,1106.28779344,0.43927666605168997,989.1325916963465
WC,11311,1360.72486693,0.38558345832580876,1368.8199492809822
WC,11269,1720.33952251,0.3639011749357772,1712.4798159131817
WC,11313,1084.35123529,0.4055748409161775,1094.6314643710268
WC,11328,1399.92904604,0.4132359738380259,1261.1896023320216
WC,11314,1038.03287667,0.4071150439406262,1023.8462895711262
WC,11312,1319.67227574,0.39168888172800254,1333.032099166571
WC,11316,1616.91642844,0.40139646970876264,1615.6195150637159
WC,11325,1402.52503665,0.3686049095674356,1297.5007235957125
WC,11330,1304.38918398,0.43952999181732605,1184.3546117146811
WC,11347,1061.49472706,0.42181342902590757,955.1861724853517
WC,11326,1392.58849729,0.37836154320248905,1200.6685921463315
WC,11321,1218.17235615,0.34850241733700266,1069.3630086562216
WC,11415,543.817512391,0.3202541150568271,457.5762643552294
WC,11324,1386.10105302,0.35581199921207357,1260.9251086964327
WC,11323,1392.35530257,0.3496588794482592,1150.6735937380322
WC,11322,1343.44335494,0.34947918696521224,1124.3599488202262
WC,11318,983.1276219,0.4063771420311536,978.0543711942785
WC,11147,1321.29445351,0.2584337455539592,1135.8950609992532
WC,11146,1245.26469431,0.285530097085163,1115.8966990452188
WC,11268,3087.06508818,0.3289007535177929,2602.921923139984
WC,11355,2034.54982639,0.3608740583893515,1929.0867607565488
WC,11306,1420.12512502,0.38192876266323633,1402.2506809608612
WC,11302,1566.09730777,0.39188598359567833,1567.2518011654129
WC,11303,1301.9735228,0.4305720376181423,1319.3707389083565
WC,11273,1399.60985194,0.4351515717290838,1408.5706972608377
WC,11301,1415.81813083,0.37563452242051504,1395.4242945353194
WC,11304,1499.03722536,0.41427798393052856,1506.9859430649703
WC,11296,1249.34724855,0.4461999234299409,1210.9657161338662
WC,11298,1267.25452152,0.4142761779784471,1280.432775699391
WC,11292,1400.14562827,0.43839038592430307,1400.6980691647998
WC,11274,1664.96492018,0.4237316901464382,1638.2935814950974
WC,11295,1450.37856717,0.4384526862086151,1463.0462307200714
WC,11297,1656.99008677,0.41218661282858265,1662.781506916121
WC,11272,1011.52302228,0.42671079561982694,1015.9701129688937
WC,11289,1305.08306385,0.36901857345570305,1307.0204326854034
WC,11293,1396.37862442,0.448417589282438,1410.694312391094
WC,11286,1087.7532297,0.2499391406658049,1077.303098162483
WC,11290,1363.86087913,0.4083144405411511,1348.5969414206113
WC,11285,652.582841313,0.4331009988033737,634.4306266934262
WC,11291,1366.01325928,0.44623848495117674,1368.8541461720185
WC,11280,1620.75037595,0.30617451989044736,1609.897251443302
WC,11282,664.429327539,0.2884816175938696,661.537580871582
WC,11284,657.815039855,0.38530338933798725,671.271978670008
WC,11287,709.454934684,0.3269147706988686,722.8488922717523
WC,11288,955.919747808,0.3992862397438944,948.3557275211111
WC,11283,614.738899267,0.3702977790352813,590.4883860868567
WC,11278,1068.31252682,0.3866135424303669,1069.399455171473
WC,11294,1377.08692694,0.459822672080155,1391.2157550587374
WC,11275,980.299422065,0.4507970599447337,1000.7153625787474
WC,11279,1198.64799107,0.3508690897338941,1211.7608579747816
WC,11276,550.705281386,0.48790346603537543,540.2238893695906
WC,11247,1451.22214774,0.384700950378746,1453.8246997010476
WC,11309,1363.77028756,0.3455226987250372,1254.8867993822284
WC,11299,1398.51930921,0.38207779522009105,1367.787137199851
WC,11277,882.043283424,0.3845776296730059,878.0942378025428
WC,11270,1075.19029092,0.3804083377767763,1082.2759359023153
WC,11451,556.592672877,0.45226277797746717,199.70981364530675
WC,11310,1442.19028333,0.35252993502970564,1417.2367898080865
WC,11266,802.987395759,0.4229143266786952,787.8283659991097
WC,11261,909.681980927,0.4136436586703045,893.3483876247032
WC,11264,999.538454506,0.3796599723176953,999.134720177744
WC,11262,595.537873778,0.46168067013175235,589.9523465025658
WC,11265,407.526293503,0.4597553325343062,355.7609969494389
WC,11263,1149.58917933,0.3272469196434954,1136.4951874078488
WC,11258,1144.64351755,0.3591504325361738,1117.5488324632831
WC,11249,1367.62534222,0.4322733533343828,1381.9975216734645
WC,11256,1169.88070304,0.31588144461814943,1168.6007446588255
WC,11254,1262.5382136,0.3868789138499244,1227.272867599188
WC,11259,1117.44002337,0.37006172536413606,1128.3383560180662
WC,11246,1937.44919721,0.3656001361974242,1930.6234833960439
WC,11229,609.559697276,0.40001710167628,606.7970144234451
WC,11255,1224.4296279,0.34313214452278307,1244.385644471412
WC,11250,1279.2158429,0.43187116135410347,1266.2193441054403
WC,11253,1389.21747481,0.3780696068112549,1405.1626072902309
WC,11251,1464.14479918,0.3420552030932155,1462.7913601445216
WC,11248,1161.75581723,0.4168233822576061,1163.064718867283
WC,11252,1280.15515298,0.36373790209286944,1268.0640179204004
WC,11242,979.033633363,0.4288216993766432,948.877149364995
WC,11151,2446.92221633,0.2710623573610439,2236.803542731789
WC,11267,1668.32837767,0.4310273687537214,1560.651148178998
WC,11260,2116.5762737,0.33638125276834235,2136.3967277676447
WC,11257,1299.17068537,0.3761061177664756,1300.4198470770148
WC,11244,1142.08381317,0.4196250000929057,1116.2267295986999
WC,11236,1349.06263136,0.4775245418176449,1346.993113050274
WC,11239,851.781189959,0.31051847194619664,854.6763566559437
WC,11243,1088.27678417,0.42989840693410664,1112.8097593120501
WC,11240,1318.54006741,0.30314941269470014,1317.538807708142
WC,11241,887.679317192,0.4032500507321028,891.5145101809036
WC,11233,655.449816787,0.4262730725766982,644.1571125703699
WC,11245,1341.2173373,0.3939847422205166,1352.2553670546588
WC,11235,997.357177489,0.4477527431606657,1011.230832716998
WC,11238,1016.53277734,0.3187573796255404,1007.5581378712372
WC,11237,319.098109312,0.4615342254389306,309.4495373894187
WC,11208,1237.62842441,0.3820680028130473,1238.059035058115
WC,11232,2211.63585366,0.31110282494493446,2210.8661780263865
WC,11207,2483.0375848,0.25905887192339755,2226.124858183019
WC,11281,1347.23002374,0.29712822514853265,1338.6017872529874
WC,11220,384.238863962,0.497848596486749,389.71139050652
WC,11221,3259.9948945,0.43210660132007445,3247.1776374368105
WC,11219,389.49343378,0.48129037315399464,391.0258149090935
WC,11223,454.895648124,0.3541984616602479,453.12883839326753
WC,11222,1171.71722968,0.3162163036884249,1166.7719397152173
WC,11217,645.383355051,0.4331225884283426,661.0060420915192
WC,11231,1062.22055168,0.3519542525084706,1047.5485220516432
WC,11228,762.059860743,0.3755682198079399,760.4709455303117
WC,11226,764.715456445,0.36308605818522366,774.1573690676223
WC,11224,471.424200745,0.3751409293484303,471.81106217328244
WC,11227,858.220815481,0.3542789718661077,844.1511419558059
WC,11225,543.137551992,0.37784028076252735,546.2789784150965
WC,11216,1054.52208916,0.5546556981144921,1030.7219864190795
WC,11214,2069.60870968,0.5758854149753148,2078.0198924045935
WC,11209,582.657532636,0.41020502366653355,572.0608698527019
WC,11218,826.160643485,0.41037927044612715,814.4150749954522
WC,11215,1248.95958632,0.5672023127892026,1257.812457155714
WC,11212,622.933587586,0.4230967716307916,614.4278377458162
WC,11213,1429.61537784,0.4200950338182597,1422.7943379720052
WC,11211,986.411492773,0.3251713555032644,985.4531415453146
WC,11195,544.724848112,0.37378425363514994,538.1145040474686
WC,11189,953.28220736,0.31950433623223085,961.4937394086054
WC,11157,1387.82883822,0.28607753712662864,1304.054847388174
WC,11204,919.739177596,0.31239031482114105,912.5520239437329
WC,11206,1325.66273211,0.28466337173878675,1313.5687278298772
WC,11154,583.047932316,0.29961724802226747,564.6661853565889
WC,11210,717.235697429,0.3325307202728373,717.3129513310453
WC,11183,1410.06993354,0.2799710524331206,976.2223591823202
WC,11203,916.302998643,0.31742841930649623,923.3416876699413
WC,11230,729.057646829,0.40497432805102485,744.1536388023226
WC,11198,1270.63156403,0.3042834821789094,1293.3214022168927
WC,11201,1033.36812661,0.3265230043932013,987.0205245672486
WC,11200,922.570591094,0.31601244735051387,847.2992061540191
WC,11196,873.709408053,0.3457129146271714,863.8795004152785
WC,11199,963.636590765,0.3274945344954137,902.0331213558421
WC,11202,993.107921073,0.31955175209856557,993.863209443934
WC,11197,997.972016537,0.3195442461868737,984.9226090075923
WC,11184,1200.33015145,0.28972390459108976,1059.638542324889
WC,11179,960.023329374,0.2960235638929179,958.0597064448336
WC,11192,1507.53687439,0.30063437829995715,1521.4594288246305
WC,11205,2029.86746465,0.2579195380802515,2027.9755949132584
WC,11185,626.914414405,0.36015456641611293,573.8945195815143
WC,11187,639.719103481,0.32566708698716623,644.416193045822
WC,11153,490.27278295,0.3101150092200933,492.83198484532966
WC,11234,2859.27802859,0.41976805911148907,2856.592508503035
WC,11190,1092.66861425,0.32053260063656597,1078.0649358711987
WC,11182,3018.82167998,0.24305758327121868,2532.9002546123425
WC,11176,1121.43675003,0.3116077562540449,1124.6299905215992
WC,11194,1657.33549336,0.3157074294871239,1664.0867775412164
WC,11175,906.069923716,0.3144380173387167,891.2289791630762
WC,11186,680.202558858,0.3268397892351627,672.5705319572899
WC,11188,602.916821454,0.3435843997357185,599.9468742819392
WC,11177,740.628306597,0.3352787339640979,744.1367755366306
WC,11174,1535.65911288,0.25733914611392794,1520.6426359588022
WC,11191,2157.93106294,0.32425601860130465,2129.8243067124313
WC,11178,807.759656123,0.3122549762260755,810.7079169778262
WC,11173,965.99490978,0.29057513423472764,976.7434705248065
WC,11170,1240.7554797,0.29536021298563186,686.2426369461358
WC,11169,1156.88235876,0.2827987013635686,880.6940143959195
WC,11162,398.425668473,0.30536363020026785,405.4792020311543
WC,11180,1380.4921026,0.28505309365000914,1363.2795289881085
WC,11165,516.29640738,0.3263097346021698,366.2740564682905
WC,11150,964.932017073,0.29386905536694297,969.8688153435202
WC,11158,1511.93574172,0.2865496281545032,1479.827881158567
WC,11181,952.853620243,0.29368415051912306,829.652609133253
WC,11161,1447.9740075,0.29587609970012696,1430.6301170199526
WC,11160,1245.7211584,0.28145592050521034,1240.9125615737019
WC,11155,498.986697917,0.31184299889093803,492.30739063936124
WC,11156,407.530348464,0.2852596551317224,399.68781226663026
WC,11159,755.657183312,0.2953425641098544,754.3857866175034
WC,11152,690.565789696,0.2797185624317734,630.1813830207376
WC,11093,790.860372384,0.2939484365751465,810.1570864509133
WC,11167,879.476616002,0.28080886189456283,870.6919068280388
WC,11163,540.149034003,0.24188518334126125,453.89360207950364
WC,11172,1103.52047808,0.28285668183766965,1080.1525536331476
WC,11168,1331.4816256,0.24981242002839038,1196.7092504164752
WC,11137,413.934605052,0.3136870188226226,413.6310305427102
WC,11142,616.960536967,0.2932367812014675,561.5037230547737
WC,11141,494.110254669,0.28492475423701247,500.19822297937736
WC,11166,779.014933531,0.2835882653952412,490.9969000423656
WC,11164,436.38351559,0.30548419762443707,239.44591956045116
WC,11140,477.279104405,0.27928415514798455,465.20322938806873
WC,11136,464.184420178,0.3368115895169818,451.25743462057676
WC,11132,479.057481762,0.32566845928457394,479.14754988726446
WC,11135,484.052079201,0.3642722433482424,495.198528693704
WC,11171,1778.19487078,0.23731898024138862,1461.165636309455
WC,11130,473.679864646,0.30043875064648373,467.04390851189106
WC,11139,514.509363119,0.2971321406925569,516.5115273868337
WC,11117,457.478254878,0.27120951602158605,236.02193199606504
WC,11131,469.179937354,0.3258645444028744,457.57142360911655
WC,11134,428.243671566,0.25483972162264895,427.83975497975064
WC,11116,518.54134376,0.2619377446825223,462.835269613827
WC,11115,399.083238437,0.2880310716528165,394.94842313878684
WC,11128,432.825220426,0.31356644930546745,374.9504520191866
WC,11095,417.380858401,0.30769847325517125,346.7962568395278
WC,11193,2534.0797989,0.34621606225218887,2538.75793092017
WC,11317,2246.50037164,0.39961588436805473,2247.387916834214
WC,11149,498.95612529,0.3025866162871809,495.9876533957089
WC,11144,360.31459012,0.3308429272179186,360.4781637752758
WC,11148,796.95884514,0.2775738431663376,781.2097216437846
WC,11315,1574.80765185,0.3925490760543422,1569.5766609042303
WC,11138,585.123291216,0.32522938348849617,592.027140897863
WC,11118,428.42706006,0.2976826983011081,422.57620472627536
WC,11125,498.907432567,0.35014656637369274,500.45741828469664
WC,11143,525.475271099,0.3187584959995708,485.7245089362649
WC,11129,466.63627689,0.31226957651031134,403.8940205293543
WC,11133,477.310488159,0.31658453714170315,477.0428402171416
WC,11127,491.385033481,0.31915496267630883,496.77627769918996
WC,11114,487.241585857,0.25671158418462087,486.7784064797794
WC,11109,433.319793837,0.37834476852822324,433.36090868781594
WC,11047,472.580166502,0.33599186719122515,476.22923892152085
WC,11145,1149.05386624,0.3014335637523132,1093.5322958254349
WC,11119,458.108870267,0.3295316790906826,457.3075290455538
WC,11113,489.765272359,0.35551044126213327,491.24955498190474
WC,11122,450.122647153,0.3289634070096802,441.78126651539526
WC,11126,411.64183621,0.34241213200931336,405.99774600758263
WC,11111,491.22700173,0.265145643644405,487.3033821554745
WC,11121,466.687589218,0.3437490141078762,460.9896883796243
WC,11120,496.456426148,0.3450154066880544,493.35445269416357
WC,11112,422.045073985,0.32921396688830973,416.7859734030331
WC,11110,425.236861952,0.33261026296178364,424.6789635153377
WC,11123,468.828001567,0.28677573326413186,470.98710766960596
WC,11105,501.377858748,0.30057670342457754,506.5097485710592
WC,11103,482.600628217,0.3134564184131678,449.9390568452724
WC,11101,464.851182807,0.33226157673149825,417.04956682990576
WC,11098,483.319583192,0.3513500456333676,485.98719670912794
WC,11102,467.357485291,0.3462344759896409,348.1111044491039
WC,11092,780.614923865,0.3134852084343493,698.5920302447151
WC,11096,472.848767769,0.3059314542697916,438.889107019761
WC,11094,855.95322365,0.26772049601057474,579.6611712287455
WC,11097,497.187669788,0.32973052022573063,497.8279138004079
WC,11090,544.78645717,0.2614600413420179,408.89272074979897
WC,11091,668.253779889,0.3245231141949216,535.7178112254421
WC,11107,510.959640981,0.29014085334968026,508.61293640136716
WC,11106,456.457003843,0.30326081183956605,450.4646603752585
WC,11099,459.708236583,0.3752123150430368,468.3572356280158
WC,11104,500.685674756,0.3086414045981231,463.88426414938533
WC,11089,458.172598754,0.3170454350107042,459.41103731043205
WC,11072,476.357859607,0.29969590222597386,474.1375096339805
WC,11100,463.7417505,0.3617529192300626,456.5166572122013
WC,11086,882.241995879,0.2541802509289995,867.2511386646945
WC,11084,958.233647172,0.32808007788408977,956.7116711186428
WC,11048,527.12244997,0.37070399900747414,522.8010754155177
WC,11108,451.714481603,0.31252703316102065,452.04195161707264
WC,11050,539.172361164,0.3182723977994965,545.166224820006
WC,11043,448.226500548,0.3028382612905113,444.3906934850356
WC,11124,526.130499484,0.2901501101380963,524.6635898365695
WC,11049,629.39927605,0.3392491628921926,628.0465101952645
WC,11040,1098.36312478,0.3266504839802922,1096.3665982414693
WC,11081,2523.04719435,0.29485559998885075,2520.7040055218863
WC,11083,992.191669222,0.34114087678500016,988.2859543145873
WC,11082,838.08629718,0.3384059525734255,832.5171522851084
WC,11078,1089.8627952,0.33389059443633184,1094.3093205769856
WC,11085,771.63977212,0.33205465424477354,790.6769209618661
WC,11080,1188.75108315,0.32382156944201396,1194.8290978525197
WC,11077,348.15360432,0.39468184999579214,343.37111843333525
WC,11074,790.539647757,0.3321773564580528,787.5128560084921
WC,11076,560.301623111,0.36672612044119063,570.968880298091
WC,11088,485.726215431,0.3007776542012819,480.46030973546635
WC,11075,728.69649433,0.3375791142849305,719.3667138193168
WC,11079,2038.19625441,0.3341515535539276,2016.5453095679186
WC,11073,476.093524886,0.3503708151940381,480.7163407269646
WC,11070,621.643998367,0.30711964430308963,615.956456412521
WC,11071,414.658091272,0.331703342229892,410.4624171537511
WC,11087,661.962182743,0.31455507924724796,600.9681382721546
WC,11068,365.333494971,0.3449497432512826,377.83430097991345
WC,11069,480.54500428,0.3256120942574733,469.9255286422431
WC,11067,604.900882982,0.32165037227565785,599.9022840612076
WC,11065,454.508242246,0.32279997581970066,455.4521808100682
WC,11063,464.852574234,0.31985270731054233,465.44974179735357
WC,11064,501.381500969,0.3354893528426867,507.8113914040958
WC,11062,450.888842871,0.320302767251295,443.34758130241846
WC,11028,415.704230977,0.2724319558155227,405.1819309907802
WC,11057,454.819983443,0.3318793707579112,448.60706808052805
WC,11056,366.498126264,0.3016891606754995,364.14722140443087
WC,11051,502.204175048,0.3168793902326083,485.4397627886604
WC,11066,411.938930955,0.3257619497284895,403.6179304833505
WC,11053,506.701203707,0.3264679825560032,512.2770690020393
WC,11061,434.122336781,0.29666588450438225,431.24393295587276
WC,11044,451.238890374,0.2947065521707552,448.07510758942254
WC,11041,793.83284913,0.33476076338688543,789.3229304594151
WC,11052,521.93622549,0.3186134662958948,529.1160170910406
WC,11058,465.940827921,0.30825537980216594,459.92059754016356
WC,11060,410.064551639,0.29953705467827985,417.82428783341953
WC,11039,941.982655718,0.315140886606013,958.4969639497646
WC,11046,487.653783283,0.2941471816925281,483.59486817004625
WC,11042,485.961931755,0.3280039757169705,489.3813028971354
WC,11038,1377.22294587,0.30095314626469144,1083.7328630335192
WC,11319,1577.20979843,0.33936409624680514,1551.147462283864
WC,11037,698.773379183,0.3141485586551563,557.7843578563017
WC,11054,419.629187817,0.3044792030483754,406.7700424493528
WC,11045,360.159586044,0.32284720724705956,354.14527118159276
WC,11032,464.127082182,0.2662848492536105,467.53837136661303
WC,10212,503.127345674,0.36225450041334833,323.21674358891505
WC,11036,490.623829098,0.3016557334329795,442.5441127103917
WC,11035,485.751864524,0.28731740584087107,470.95894084257236
WC,10621,482.903802179,0.3198877600888458,455.6071295943915
WC,11033,517.408460321,0.3125270840662709,463.3276416554171
WC,11030,957.963371992,0.2656188155534804,590.6690301334157
WC,11021,506.569569642,0.35542733752690975,515.1617539349725
WC,11027,462.288057109,0.266071516085941,459.38276223575366
WC,11026,467.901453337,0.28800575032649517,477.2740047679228
WC,11055,553.041244239,0.27021503386951745,560.690363296808
WC,11020,519.442914793,0.3588635212493503,515.1616848216338
WC,11022,451.157408191,0.33060224260458354,434.6518123851103
WC,11023,488.488178708,0.29281230321634527,486.4845235487994
WC,11015,521.642428161,0.2854976453018429,522.2638495950139
WC,11024,468.659771067,0.3150950013776575,462.01444693172675
WC,11016,444.078441388,0.2888103950891137,448.33277534036074
WC,11019,485.427980838,0.34166474412858455,485.95651873420275
WC,11018,544.102867408,0.29000659122773736,541.9965654260972
WC,11025,481.632993705,0.30435851417248816,487.7984740313362
WC,11059,437.936273948,0.2934828365560788,440.71422696581067
WC,11013,512.092937389,0.31111036290596056,506.4779241225299
WC,11005,561.917040414,0.27204022892839613,557.2553392298081
WC,11017,422.996552046,0.3175046564103937,426.75768324908097
WC,11010,484.49085787,0.3452271779866818,481.48317763384654
WC,11012,499.129853446,0.3290439815025167,495.6906334372127
WC,11014,512.615351145,0.3123370225570991,503.3206836476046
WC,11006,555.707894,0.3346563144649305,550.4161551980413
WC,11007,659.170626974,0.361047366980602,657.5021214204676
WC,11008,491.489734571,0.37014807678419537,490.69294604133154
WC,11011,495.59306786,0.32336739293197997,499.1108209946577
WC,11003,641.220942791,0.32575200526818926,641.7133102416992
WC,11009,482.317793142,0.3496587323607257,492.27093820010913
WC,10996,533.7553887,0.27913587129921447,529.6270235847023
WC,11002,916.365198595,0.31816033995642745,906.6620644962085
WC,10997,538.471660339,0.2805759948233531,539.889192020192
WC,11000,1769.2879122,0.3126714026299458,1769.129024550494
WC,11001,923.922281106,0.32591508542148157,934.0259771908032
WC,10999,492.073138004,0.29398763626813884,489.3756224688362
WC,10994,481.343703531,0.2907180728134762,488.0566832598517
WC,11029,958.858956666,0.2512099487304607,780.6298415240118
WC,11004,495.620310949,0.28790824096929085,491.47918027990005
WC,10998,425.491769503,0.30972487470561877,419.12538506002994
WC,10995,479.345822289,0.26935174680527363,479.90075145048263
WC,10973,420.455255937,0.31854270187996386,422.536417314118
WC,10974,513.075129548,0.3110618972056854,515.1480674594056
WC,10984,434.599398107,0.3483677899170743,428.069231818704
WC,10977,496.005134478,0.29210523269220934,479.8952925738166
WC,10975,537.84111001,0.3061120583103069,534.3551575604607
WC,10990,511.50548079,0.32156041226465343,504.6311617682961
WC,10980,523.778982777,0.3262156636389709,524.6250970578662
WC,10986,665.915415528,0.3591761564624075,670.9148582009709
WC,10985,670.81469684,0.3794386368385603,661.706647536334
WC,10981,415.662257589,0.30251862872965596,418.59575338924634
WC,10983,384.772740261,0.2995196567020622,390.1818578383502
WC,10987,526.891112042,0.3650132579195969,520.4178215475645
WC,10982,433.520862426,0.27693387440796413,427.805373247932
WC,10979,517.614025051,0.33817984582902905,525.6765122357538
WC,10988,430.694067501,0.39969819496955844,442.27516135421456
WC,10991,508.175499899,0.30811479062098235,520.1543480368222
WC,10989,459.050546371,0.344656730585544,455.95612329221234
WC,10976,505.915780909,0.2974493941625122,515.1498684453029
WC,10929,3176.00762621,0.24710081177989737,2953.266815933527
WC,10993,487.634527523,0.30139465983389485,474.90131826961743
WC,10992,511.296209844,0.30053356627486505,497.0017085355871
WC,10966,497.898880525,0.29956207803192264,500.94226481119796
WC,10967,505.150133673,0.288340349079055,500.9417253681258
WC,10968,507.263816677,0.293535640077923,521.4629394830442
WC,10969,492.769495435,0.29117094833331986,477.52470846737134
WC,10971,385.861871069,0.25438829480310127,327.82027207916855
WC,10970,410.620204551,0.28237819646199036,416.2219563802084
WC,10952,575.727263702,0.27326374297853934,578.041742212632
WC,10955,523.615193232,0.26222127258571476,532.5216652365291
WC,10957,536.154728655,0.22242212403775014,496.21236644071695
WC,10959,499.731105022,0.2750085542572727,490.6856165568034
WC,10956,507.729417382,0.23311868047747533,470.95537881290204
WC,10934,808.400754612,0.23535991477640475,558.3004498350855
WC,10933,1030.08447085,0.2381434840228822,591.9763847799863
WC,10950,520.98504764,0.2921895949840545,526.2093932207894
WC,10932,1224.72961329,0.24449698298934217,566.4546681422813
WC,10930,1225.11776911,0.22699427067578493,598.5489117491478
WC,10965,489.01633109,0.3046559839059509,482.52563329958457
WC,10963,511.1128356,0.23800938511439415,512.5203468771542
WC,10978,496.701833967,0.3222424665755518,489.10456447227324
WC,10951,535.403747187,0.2921491695249051,530.1566117230583
WC,10953,508.587921904,0.26574822696923084,501.7398336073932
WC,10954,508.051033028,0.2828800387689518,436.2262160357308
WC,10948,823.782261019,0.2888886334456357,826.6747580135569
WC,10945,1032.00658408,0.2833911285166473,1017.6933854046991
WC,10943,1857.85149058,0.23766458398436804,979.2821071849148
WC,10944,1395.77266774,0.28738807021610197,1402.8827770457547
WC,10942,2138.1795479,0.2216090989223428,297.8344448313993
WC,10928,889.467082471,0.2640586635957921,797.7124996708887
WC,10946,881.353029847,0.28018484535240656,885.8754609051873
WC,10940,1003.66886493,0.29277613455074813,976.377316194422
WC,10935,645.295134559,0.2330668491204423,533.8330618465649
WC,10958,505.330904315,0.24514326822441238,505.42016556683717
WC,10949,650.50629296,0.2869031381514191,641.7115429148954
WC,10947,863.700389664,0.27513931441855705,863.2473947861614
WC,10936,848.25873438,0.25412030941621166,693.2746726241767
WC,10941,1269.57063001,0.23501622784098727,965.0660364487592
WC,10961,449.25502976,0.27547748231792396,427.27655546898933
WC,10960,491.614777686,0.28094023668481877,474.63556177475874
WC,10937,731.367407024,0.29644891432133214,457.79855669806994
WC,10962,431.53717325,0.2446700463105747,343.08372871548517
WC,10931,991.183316944,0.24463287065314449,536.4605762556488
WC,10964,493.42137374,0.27660074551305563,492.2608782899146
WC,10927,1030.53398321,0.25307247784936326,917.4235640282723
WC,10939,1111.33931332,0.2640816340002342,1052.938081629136
WC,10925,1098.76257348,0.24221121330454173,1111.8559584972907
WC,10926,1111.85332283,0.24306057666300307,1057.9196633432425
WC,10924,940.721729995,0.2385883662460588,876.6451527614217
WC,10921,576.215131507,0.2501218477033564,574.0822011311849
WC,10840,514.015911882,0.2518135324523816,379.11410247204356
WC,10915,598.067708596,0.27233433951709135,487.7892007865158
WC,10919,480.135853631,0.264754207692411,327.0323563220454
WC,10896,512.04941228,0.29685784523606357,510.15072889141015
WC,10841,613.790498713,0.251072715065333,604.8464954451018
WC,10922,597.749220331,0.23704093797398182,488.57510474709903
WC,10898,486.16372458,0.29518138465199784,485.9471780814377
WC,10918,597.60802377,0.25788390332545486,387.0199777640547
WC,10900,503.152390161,0.2766773400409632,429.64470720478135
WC,10913,501.46647489,0.24758611090828206,355.9766412174
WC,10902,509.738895309,0.29343940636310817,444.1167526245118
WC,10899,502.051612602,0.2862610184560985,498.3133320527919
WC,10938,935.162859217,0.23168145823605069,744.5792687509573
WC,10901,509.426382231,0.2979078191143264,425.9619662116556
WC,10909,503.106390525,0.31611887200890904,495.16059695973115
WC,10910,495.66713593,0.3091538735935765,473.0588432760798
WC,10906,442.983458603,0.3152825327806694,56.56710097369025
WC,10907,505.446254539,0.22881247401237484,267.05082208970015
WC,10904,482.787085013,0.2879236169322728,348.08580376120176
WC,10905,503.686723474,0.24828621881718513,218.11317129696118
WC,10908,514.409070972,0.28157600433267643,408.59967983470244
WC,10912,491.155320561,0.2507527016905037,400.9675409354415
WC,10911,492.522795116,0.2669050759216498,449.9051484650257
WC,10914,540.627927623,0.25516529312087527,379.6554087919347
WC,10897,514.459258581,0.28665900444470077,518.3079594630819
WC,10916,631.319739877,0.2752406645093676,586.9774117264093
WC,10894,500.508466056,0.2925858524712649,486.208653977338
WC,10895,506.938076002,0.3012071673485781,504.36239632999207
WC,10917,551.883928667,0.2622408579696308,390.70366937973927
WC,10893,500.709035144,0.2872026701392869,494.3644331688974
WC,10861,553.258260354,0.29297290934024534,548.292150848987
WC,10862,486.765085155,0.30419522603736177,490.9384687535903
WC,10903,495.583154725,0.2821657350980451,363.8712943581974
WC,10885,487.462238897,0.2627117231413431,471.7434961655561
WC,10880,519.160306405,0.30582998900702507,217.05927034265855
WC,10879,523.378654308,0.2946252427527294,272.3107887417662
WC,10882,480.168837025,0.2549727857271915,246.52748825970815
WC,10887,482.302926892,0.2762111406166332,411.7544016819374
WC,10876,509.358643952,0.33568843048246927,514.3640323414522
WC,10883,484.126546667,0.23189783781413034,398.86475506950825
WC,10886,494.634685258,0.26125265698650746,423.3315927842084
WC,10884,472.967508483,0.25926169708519686,475.16440806669345
WC,10877,509.116033814,0.31326156350676754,504.89278618307674
WC,10888,482.424498603,0.2781414080308034,427.5397153966567
WC,10881,511.866305155,0.29277191307578715,166.01760864257812
WC,10878,511.490053141,0.29644178711479086,472.7947409237132
WC,10890,501.638144585,0.2726472104183032,501.99567000445194
WC,10872,476.457582339,0.36806691310153233,477.0023364197975
WC,10873,510.519503608,0.32245493041839957,503.575444539388
WC,10870,482.76420814,0.34186569360982,487.78782043457034
WC,10865,522.525262545,0.3278685234380401,514.6199796788833
WC,10871,487.899518521,0.367572553816871,477.7906426523246
WC,10875,493.036608433,0.3134226763248442,493.31550975126373
WC,10874,494.877571597,0.30627736616298545,497.5246074601716
WC,10851,473.653441585,0.2779836589255625,467.5210761275946
WC,10891,539.121058741,0.27884620842294633,529.0939272413067
WC,10863,517.396017494,0.31492488725927575,517.2490413590973
WC,10858,506.938504693,0.31027862296085007,516.7201791800704
WC,10892,532.792011719,0.2762178187520759,541.9854721368528
WC,10860,551.115429514,0.3090879284078592,546.4494190290861
WC,10622,508.014264413,0.2929855402703197,387.47745863970584
WC,10889,492.249181229,0.25271483574344866,493.0509630390242
WC,10843,557.787871303,0.3021698248254144,486.19446456011605
WC,10842,608.891555609,0.27774213132963704,571.1721750296798
WC,10866,504.948389122,0.32116456538268323,505.93841409122246
WC,10868,496.217928842,0.3098111160049867,434.3768364102232
WC,10864,511.209077107,0.3216867168562684,517.7761373183307
WC,10853,495.164790465,0.31216160767796,482.5181762096929
WC,10844,518.166800583,0.30565658293641945,435.41843115114705
WC,10867,510.364225444,0.32075435038570804,506.20231436935137
WC,10869,493.690580979,0.28903274080539615,490.1545131010168
WC,10850,465.915414718,0.280868980031414,463.5742577047909
WC,10848,474.103031887,0.2892310226147395,477.7796917485256
WC,10854,513.754094788,0.3288844263223317,522.245108421176
WC,10849,506.150893947,0.2931245935792775,510.40422572715613
WC,10856,516.674043468,0.30430648907355273,513.8258740593405
WC,10855,515.907761332,0.31806912844903795,511.1951046513576
WC,10852,520.767196912,0.28700677861002033,527.5066777846392
WC,10857,514.487774088,0.29347510981264346,509.6161973541858
WC,10920,445.833685345,0.2514624656097722,442.268906507305
WC,10859,488.485045465,0.32005500422561906,479.88669972139246
WC,10820,545.157883891,0.2743209281581069,543.5401574527516
WC,10818,538.187881547,0.308319487349631,533.8050255270566
WC,10819,573.267685345,0.29397992557254576,576.6891127642463
WC,10823,525.125344989,0.2613097272731281,525.6521641749962
WC,10845,508.905956733,0.3095249812279495,476.9879142611633
WC,10821,540.989982346,0.27629678327346513,534.8587834676106
WC,10836,551.188679522,0.2876186410519207,547.4914963965323
WC,10846,509.891102315,0.30834340575444874,518.0313000248926
WC,10711,1189.53963755,0.27238317181566624,1175.1155844295727
WC,10847,503.672525024,0.306994789439296,490.6704008812998
WC,10830,499.28902975,0.31432788453447935,496.978671653598
WC,10822,537.838742069,0.26408995288744996,536.1751127056046
WC,10826,517.45572751,0.2855679161037151,474.61466285855164
WC,10825,523.160419999,0.2957032403323502,475.6662889368394
WC,10829,525.786433333,0.2938103845477045,522.7609255024031
WC,10824,511.657642802,0.27520061581554817,456.9864226098154
WC,10833,537.667254642,0.30235557941068386,533.2844781015434
WC,10832,528.254422516,0.2983986348539904,525.9180630852195
WC,10831,531.759031395,0.3141914613001708,544.8606173945408
WC,10834,519.797360867,0.33468500345568114,519.6036226160386
WC,10828,530.239581718,0.2996049026111488,535.6521322811351
WC,10717,637.824249479,0.3160228805068481,641.1005012063418
WC,10837,552.490822985,0.2749522230097031,554.0687552358589
WC,10835,530.109089559,0.32329673985245794,530.1274483774223
WC,10838,555.686151927,0.2614787943238254,481.98248682957075
WC,10816,549.034858465,0.31693641046363064,490.1328158210306
WC,10773,591.934876756,0.28445928261521486,542.9956748513615
WC,10827,485.182510432,0.2646159637128174,479.088150473202
WC,10799,589.810958057,0.2973190470087067,597.7360254624311
WC,10797,741.109296856,0.285837428987436,726.9092296824737
WC,10796,1386.8183424,0.3271181916333907,1261.232969486012
WC,10815,553.654044196,0.3590896820574246,416.73165812772856
WC,10798,635.766165504,0.31486409769639584,619.3082307703355
WC,10810,577.463959408,0.33211004574433156,569.8511572145948
WC,10800,566.93698784,0.2823864680834306,564.3248591703529
WC,10809,553.180778381,0.3327384174607971,573.7975570080329
WC,10801,499.299571582,0.2987720048173945,494.6072688383215
WC,10805,479.25394506,0.32637714867284817,478.03508707682295
WC,10806,519.036410208,0.3750135828920359,518.8136085959042
WC,10803,560.763971353,0.27589437073040063,467.7745580935011
WC,10804,477.86555796,0.27095306606148,411.7367420869715
WC,10808,562.365690819,0.3341355727249477,553.2768639658011
WC,10807,548.711172812,0.36572731635238537,540.3862316655177
WC,10778,1039.84498659,0.3387907629055451,1028.385908059513
WC,10811,557.958118629,0.31141747997673663,541.4363337797276
WC,10814,444.921413079,0.3269637600249387,266.5079549452838
WC,10812,491.250765248,0.3053972173092057,384.3717587639303
WC,10794,972.167851404,0.3202570270438589,705.596518393124
WC,10793,802.686988544,0.3429648785477141,660.3490564682905
WC,10802,402.811003702,0.293376052585515,361.74797509885303
WC,10790,839.903107619,0.3488661325812341,657.7146718642291
WC,10788,582.914756514,0.2544154508246316,274.66218575870295
WC,10789,689.65207096,0.31351026455430603,399.8911644430721
WC,10784,989.979902158,0.43347684259664454,999.4570299933938
WC,10776,306.186213775,0.5589738041799838,307.5417531032188
WC,10777,535.537370175,0.4967122149778836,528.794162974638
WC,10795,1722.20232074,0.36882703031964187,1357.7809155632472
WC,10792,1106.18103033,0.3241713511274554,897.3864839441636
WC,10779,701.396488959,0.33986842896342273,657.7057801788927
WC,10781,1045.39157793,0.35531491054033,915.2660908717738
WC,10791,1071.96292549,0.29369656366837293,957.105630493164
WC,10780,831.540562333,0.3823089518607423,784.5125680661669
WC,10775,609.896524305,0.3756150007247924,604.0330059874292
WC,10813,449.979424955,0.359666028001287,204.4193871890798
WC,10786,2107.70776858,0.3374543405367823,1757.67735191794
WC,10785,1615.10000677,0.4188548641099761,1590.8738661822156
WC,10783,1084.10305533,0.4106270655594429,1071.2774198644302
WC,10774,380.457316777,0.36568159956154295,382.25530715643185
WC,10768,677.028138811,0.4251790334350106,673.2236088472255
WC,10787,645.537540493,0.38052090562650287,179.1609630809111
WC,10782,1122.47675115,0.3733722680154658,1064.6984539555572
WC,10770,331.94399084,0.5916136787739391,330.9556779450062
WC,10767,545.468313997,0.4976530455458205,546.4172624176623
WC,10764,745.966849703,0.42311004553879866,764.5060160319009
WC,10771,181.188654244,0.5399542555254716,187.8391403198242
WC,10769,890.712764196,0.3743809219618433,813.4473484114104
WC,10772,638.469188053,0.33683447828377633,547.4675347122492
WC,10766,620.052553033,0.4716776192112042,617.1845161886775
WC,10761,1153.659169,0.42190988116574335,1141.2339381498446
WC,10763,700.477723056,0.4493526807670037,685.0556477266202
WC,10762,879.116709119,0.38767583004980743,891.3100611069624
WC,10759,661.716835646,0.44957114937226417,666.6367790371764
WC,10760,910.228914811,0.4942419504441373,911.3009558284984
WC,10765,654.274980694,0.4178527760763211,633.2316652784161
WC,10750,2396.68451216,0.49348351167664173,2396.6403992297605
WC,10756,662.28402562,0.5559204692097477,660.0592093374215
WC,10751,252.582471743,0.5986082459344834,243.8717735739315
WC,10754,493.39600214,0.4048297215795594,489.58340484020755
WC,10752,256.573871922,0.5789683884538157,261.49743727141737
WC,10749,656.718701844,0.36142127421753667,641.6443219652364
WC,10748,326.288127286,0.35682623796580887,329.8973245059743
WC,10740,432.339076611,0.38430632729762293,427.23078768861063
WC,10753,295.100695233,0.4770692133060394,293.85530389523973
WC,10744,301.60903959,0.4887550939004737,300.95742558498006
WC,10742,557.665274499,0.44340076583215254,556.4012617223402
WC,10758,934.397492942,0.5313965187699216,933.1360489489985
WC,10755,515.137101842,0.5084401836627417,510.6306368659524
WC,10741,476.549998211,0.425491390698244,475.1108860689051
WC,10735,659.62607497,0.40457974958057263,657.4160246007583
WC,10721,575.163534242,0.30171442414504074,571.653654569738
WC,10757,605.584317758,0.4677923196131217,604.2868630801931
WC,10720,492.56308564,0.32455591751693647,481.94557061288873
WC,10743,582.04584763,0.4212161228537887,575.0799768485275
WC,10737,485.859326133,0.5761760616938273,493.26122104420375
WC,10736,813.656487507,0.43650231641767534,808.6845722572476
WC,10745,627.007503333,0.36198782110978206,632.1675711239085
WC,10746,437.737681495,0.35705805865081625,429.601230247348
WC,10724,564.23680486,0.5639690753435047,559.549306084128
WC,10715,484.585662163,0.5091305427323263,475.8911735983455
WC,10839,529.856672827,0.2536438850081891,349.6474222519819
WC,10817,516.335550112,0.29808235504599506,452.5104661829331
WC,10719,490.434174261,0.4749155801777936,489.8362580243279
WC,10714,299.494961752,0.49909332289445435,305.68524807200714
WC,10716,464.129627313,0.3668543711052103,465.63185837689565
WC,10718,451.124133574,0.4091647665287194,449.5864986644072
WC,10725,685.668111518,0.5525698878892464,704.2387696509269
WC,10723,631.876380196,0.5376517767070706,615.5849124983246
WC,10738,759.124461374,0.5135473029959957,763.9602611766142
WC,10706,549.449587272,0.42354610837879436,554.8100480023553
WC,10726,636.074890045,0.5553977766757212,631.3679659675149
WC,10728,668.510598353,0.35468836602287607,677.9280005959903
WC,10709,141.238923667,0.4134749013473554,141.53005748075597
WC,10701,705.971386813,0.43818124347894366,711.8545293770586
WC,10713,457.420823984,0.32984581420328535,458.26398970660046
WC,10712,292.750948433,0.32072918024500896,292.26771482579846
WC,10707,663.494074827,0.5947454825846735,658.9861023846794
WC,10708,146.516978761,0.5152459216969353,147.31777998980354
WC,10704,276.421641768,0.36714988546752036,280.16583880256206
WC,10702,552.724478067,0.4404852973671878,557.1732504451976
WC,10703,328.67544361,0.4021781261250811,325.14982901180497
WC,10700,1132.2972898,0.3707504666580311,1127.4947080425188
WC,10710,342.778054809,0.3905191411491202,281.74399548698875
WC,10923,656.98029176,0.2301931228373468,561.4533308739756
WC,10698,483.094488244,0.3380692798594697,414.85171107871867
WC,10739,887.846135424,0.34810872578217295,885.7646626491171
WC,10722,638.434283296,0.371914215612605,648.470224537569
WC,10730,488.742331694,0.3610344703309746,483.2581415512982
WC,10727,411.032372223,0.606528764566802,411.4412704467773
WC,10687,565.383576638,0.3337811486871034,558.2295331169578
WC,10688,567.320697787,0.36183846747001636,577.9586142147289
WC,10729,553.907277401,0.321693714110248,545.8676304536708
WC,10734,524.737065673,0.4021647531421087,522.7220223221125
WC,10683,496.063991918,0.4203932201405545,494.30327938304225
WC,10685,522.41661578,0.41591720197340315,516.9257803524241
WC,10731,486.098864896,0.4216236153907067,489.0467176549575
WC,10681,409.584564373,0.3453685655778717,400.3882779289694
WC,10732,557.365709826,0.46191792114966834,553.2367337395162
WC,10733,518.554868861,0.4503603496760674,518.7751786175895
WC,10679,537.529114601,0.2052459921339433,365.6628067914177
WC,10747,620.126638294,0.27769061076384455,623.2255847407322
WC,10690,641.156792326,0.44060045308030593,653.7192625157974
WC,10705,630.47460008,0.32648454000619964,619.7856578153722
WC,10680,456.145818254,0.26058709997314594,438.0069108850816
WC,10686,512.720833603,0.32480312473356,451.686890186983
WC,10676,512.250763431,0.48128542665969215,499.29799056707645
WC,10677,428.998573213,0.42166031386010616,418.8005111993528
WC,10682,453.415939069,0.416759383104263,458.7892219992244
WC,10684,562.708173218,0.446293151501126,563.2251405603746
WC,10689,551.251840228,0.4288135273773533,538.2341365141028
WC,10668,585.248477045,0.3599674191298712,576.6331271302466
WC,10696,480.875296628,0.3595716066989634,473.5149993896485
WC,10664,606.298853902,0.34997745706133376,617.6671305338541
WC,10657,342.053370101,0.5280318434573025,343.02912750244144
WC,10663,579.053423481,0.36250989404903067,572.1564645206226
WC,10662,468.873386517,0.37273532096055734,467.9838821411133
WC,10697,509.992907665,0.3059237960855975,361.9756599276673
WC,10660,434.157856958,0.3672131480740718,433.2583525115368
WC,10659,495.027474733,0.32766514563604865,424.05015180999163
WC,10661,430.807727435,0.3974633792517196,422.99989525290096
WC,10691,532.256475244,0.368613079652932,533.7597050685508
WC,10694,530.952832836,0.3893363959487326,539.019193462297
WC,10693,584.693010308,0.42908072356095117,570.0619537054325
WC,10692,515.60331611,0.40330445336548937,512.4509798536113
WC,10671,509.883925419,0.37682131481676356,508.5027353324142
WC,10673,614.674392632,0.4467363561507519,623.462635384354
WC,10645,540.508070918,0.3493960065020493,545.3233119291419
WC,10670,521.787808398,0.36149414368476473,526.390014738195
WC,10695,519.356260725,0.40161715227258227,511.6601133159562
WC,10669,557.0339406,0.3584710194083153,556.6413518269857
WC,10678,519.164807409,0.28285388343067086,316.9944767671472
WC,10644,618.685884941,0.36321915866463045,619.5043652403589
WC,10665,628.344233639,0.36659539953431713,618.7201189826517
WC,10666,544.538108204,0.35576076872225776,535.3304148655312
WC,10648,594.992177103,0.38696003943694657,605.8259459850835
WC,10649,576.649901793,0.3822821815311219,567.419469945571
WC,10667,570.395338487,0.3553043957180206,577.4213946473365
WC,10672,652.819528521,0.40066533237876767,649.5052507886699
WC,10651,552.035545815,0.46345392258069834,508.493903425628
WC,10646,507.904916674,0.3584225496973853,495.8675591562308
WC,10674,523.713725692,0.4604540766050832,512.1864657233743
WC,10675,542.170791385,0.43420133220383667,548.7531064201804
WC,10643,689.774277775,0.3713050011319515,681.0593381395529
WC,10633,371.409953769,0.5228166440649639,364.59587402343755
WC,10655,358.687039407,0.4269607555456377,359.600605504653
WC,10699,643.060648139,0.3338094428579748,640.03500438017
WC,10652,413.668608952,0.3912703201978533,380.38223691454124
WC,10656,498.338453109,0.48242384707729785,491.1314232022154
WC,10653,562.943846428,0.3518508057132965,501.6509964587641
WC,10647,601.022734204,0.3804459599025106,608.4563703050801
WC,10650,591.019423741,0.3792072649185474,595.0402641745175
WC,10628,934.601767067,0.38306046417651796,934.1135869344076
WC,10631,353.894715754,0.5168253569466007,348.0224036721622
WC,10630,367.376483623,0.4821897897185112,373.8017143399108
WC,10614,447.469400429,0.3978983964315102,440.61550349815224
WC,10626,414.747903313,0.48836787849896307,406.15689694273703
WC,10654,639.678793719,0.314255492556155,629.2335506962796
WC,10625,623.933843331,0.40053510247703744,622.38813383813
WC,10629,830.018857789,0.43713873021318916,822.3153093225816
WC,10624,467.0247795,0.3789953979640735,472.4455387489469
WC,10627,551.588281168,0.4218636654797151,555.5736320046817
WC,10616,482.89918839,0.33455030664858554,481.6506242041493
WC,10572,615.495640631,0.2240323885157433,361.1627689436371
WC,10972,603.203539062,0.2544084480393576,556.1891336179248
WC,10623,408.039515471,0.37135477717650134,403.5245917226754
WC,10658,593.130260189,0.29963473362255705,528.4833511053348
WC,10620,500.490940319,0.3130991227329087,506.6387061623966
WC,10617,403.02175916,0.4854137443054734,402.47261541029985
WC,10618,316.060821675,0.4236520489826926,308.824489698223
WC,10641,563.85372296,0.38588815842558255,553.7378782683727
WC,10639,452.402370266,0.3286717584979768,441.1479355755974
WC,10642,623.482113672,0.38654642265529127,635.2865478814816
WC,10635,368.52626194,0.5084494529859789,375.381845780915
WC,10610,292.859694304,0.3665122100880053,301.1982934989181
WC,10634,560.509894559,0.5056482046898753,558.2063254262887
WC,10612,484.753588441,0.3609404993530357,470.6044853958429
WC,10608,589.308984328,0.3318432272482431,586.8751768822764
WC,10594,1224.78164519,0.4479640210885742,1183.4776554780847
WC,10632,370.762178793,0.5308425329843823,377.2221563900217
WC,10636,289.073875208,0.4463319393495718,290.4145068897921
WC,10613,425.996397436,0.38539082623542614,432.72430629356234
WC,10611,284.591651149,0.3984709821668938,285.15171942617377
WC,10637,490.574880753,0.2866510492026936,488.2331368539847
WC,10609,292.508352848,0.3206909596104257,288.3089314479454
WC,10640,507.555983994,0.37785490652965625,401.9527777279125
WC,10604,493.597806638,0.29557166471460344,508.22462894215306
WC,10600,594.813590121,0.4171382591631505,506.38118310068165
WC,10615,468.607991032,0.38160891935313485,465.6053023394417
WC,10638,457.224493882,0.3082134019260462,455.08925015318624
WC,10605,514.628729879,0.34994034021316717,505.0669438979205
WC,10602,520.223653872,0.2543385570440574,481.65651634066717
WC,10603,476.298742809,0.2917827798396741,479.81464170568125
WC,10606,867.508556025,0.38305141900099593,856.7689617082185
WC,10599,526.790561765,0.3805289512190619,457.4529385435815
WC,10598,518.302105126,0.3410378260374894,456.6635522879806
WC,10597,485.792375917,0.32199443167751757,412.99555550369564
WC,10591,418.246068022,0.3369113004793732,331.7092122695026
WC,10607,659.892167996,0.32711993962043934,666.317726613961
WC,10596,519.994520597,0.27662174490700786,297.25093273088044
WC,10595,259.024418307,0.5110151365260098,112.58701492010378
WC,10589,617.291009725,0.3310684135677456,588.4477892707375
WC,10590,580.479466263,0.31830325721256747,545.3083987965304
WC,10601,497.727931034,0.2844779187977883,440.88203660553575
WC,10588,762.249973622,0.3309776251563313,753.3797129911537
WC,10585,595.121542259,0.33590244533593644,487.43296284395103
WC,10586,601.916912111,0.35858655812879403,509.5299636840821
WC,10587,725.060022968,0.3502106831555907,708.9232200173769
WC,10552,1039.87120357,0.27701291608631684,912.2605982163373
WC,10550,522.420090612,0.3344313973387877,526.6260002585019
WC,10548,562.999359441,0.3997025915129534,487.4296095006606
WC,10584,574.227253798,0.2997581014923495,488.22146130730124
WC,10554,527.172158985,0.450544130947381,507.4218133365407
WC,10553,473.198698506,0.4007042908314339,336.4411848180434
WC,10551,426.574323171,0.2982772726319902,295.1426103479722
WC,10579,515.072290695,0.5700979558768816,412.1971080106847
WC,10575,1290.82158962,0.3909585477543437,1208.4457664938534
WC,10577,523.432753845,0.5499384976115573,436.6592777925379
WC,10567,516.077019576,0.3930147404445184,486.6342233396043
WC,10571,469.744421929,0.42405440431574115,72.6007739796358
WC,10516,535.560831017,0.3359062505965067,68.12757921405867
WC,10573,1406.01807601,0.29538321835736847,1218.4367095648074
WC,10576,481.20312228,0.5447287450053475,361.69049308627257
WC,10619,626.723903562,0.2888481316462519,567.1410045548981
WC,10574,1425.2863862,0.31729203238218207,1449.9227436140475
WC,10568,507.863038613,0.39634600169661804,398.7770638559379
WC,10592,534.571006721,0.3141028843435434,331.18239037008846
WC,10593,592.995267462,0.28727826847619303,389.31765124751064
WC,10580,1026.70161749,0.4957242818308917,951.9758985631607
WC,10582,378.975909221,0.5437703824402248,209.65040983312272
WC,10556,416.632692834,0.5072812767097942,335.65071482938885
WC,10581,534.475278865,0.5300347507191749,408.77879450180956
WC,10559,360.332656316,0.5796649849497229,228.32568862017462
WC,10557,388.9991037,0.49726456059565194,307.50383336684285
WC,10562,417.028171134,0.3186568002049295,401.4089214848537
WC,10560,387.230764804,0.579528178126265,303.81974445417814
WC,10563,483.04719364,0.38925023106583057,498.73558547076055
WC,10566,513.750391278,0.39641063213348393,511.6236744300991
WC,10578,509.711936873,0.5886325673116538,351.4320631139419
WC,10535,657.499765921,0.3249287970260133,565.5482844932405
WC,10561,580.224831925,0.3083146902014367,528.7245909148571
WC,10583,396.390540058,0.4725275749700111,224.9076192519244
WC,10546,569.853656922,0.39258363113096273,528.9898117963006
WC,10545,504.466765931,0.34596595089358234,502.6844443826115
WC,10555,654.750150632,0.4256567091115052,665.250326089298
WC,10537,535.88817985,0.5731957209728435,446.3905247706992
WC,10547,619.012011569,0.45965224390970927,455.8628047269933
WC,10539,368.221243091,0.4661758758992835,303.55534231148516
WC,10544,467.33892573,0.2819390941303278,435.60664520263674
WC,10543,477.094713264,0.3473634225674799,449.02122976265684
WC,10538,334.371816328,0.5042409522596885,227.2719794179879
WC,10534,397.473196936,0.3122003808931495,212.27717769847197
WC,10565,519.603157498,0.36690394592503667,516.6214916752834
WC,10536,697.253078092,0.39995420535767545,577.3878665400485
WC,10558,505.455189505,0.42104643406940895,395.62430105770335
WC,10533,306.194783246,0.31686479212708973,202.8077038035673
WC,10532,531.000397894,0.2881978927652201,326.9643484377394
WC,10564,512.875070196,0.3802892502096499,508.20474557315606
WC,10530,615.606367004,0.3508920032768213,561.8611916934742
WC,10531,619.809968257,0.32468820857916464,441.3879077387792
WC,10528,472.277700419,0.32410932279432925,411.6620796054017
WC,10540,507.033231363,0.23657353696065211,329.3326785517674
WC,10519,583.245854166,0.35675838859795966,444.01603079403145
WC,10549,527.260515603,0.3360974052487222,525.309929701861
WC,10517,446.021001649,0.41073464422765443,72.07323369044883
WC,10569,585.649512905,0.3445387892748999,363.0025787353515
WC,10518,572.445039585,0.24268244548349194,198.59703408035574
WC,10513,320.33059906,0.38214513016203067,240.68172320197613
WC,10570,545.358060898,0.46292617417727405,149.1471539665671
WC,10515,415.737157218,0.36165657634613846,320.64616307277305
WC,11031,1435.72367736,0.24991340040157145,1172.1260465734147
WC,10520,614.10161446,0.4049066923340942,548.9696632534851
WC,10522,281.073754865,0.3949793586257532,147.03992961808748
WC,10511,423.919746579,0.3261773555776485,417.7069475360945
WC,10510,779.976205053,0.27857787825563074,658.3861391254499
WC,10521,386.068377361,0.435006929853761,336.95640755447687
WC,10529,552.253553283,0.37670347135321025,538.1863331514247
WC,10500,634.303657566,0.2855821842838016,578.9523624794156
WC,10526,421.872868841,0.30609232631317185,367.20642418954895
WC,10482,475.801458103,0.30236089285222834,387.4577020981733
WC,10501,571.797026424,0.35502631803683476,538.7061431585572
WC,10542,434.087573019,0.2642419605541546,276.98784413057217
WC,10527,467.953576122,0.3236287881623429,382.7266890581917
WC,10490,630.908482514,0.4155775986453584,631.5603796267042
WC,10484,457.976563318,0.29139045981736456,392.71988657035075
WC,10486,541.606229228,0.23975921734355085,381.1479353063247
WC,10541,428.367116181,0.2484384101839215,268.83273255591297
WC,10487,425.283296096,0.2745092753124865,399.8231673895144
WC,10485,511.055195045,0.21985996066895655,374.30809502695115
WC,10488,451.094339287,0.3158532756547586,403.76801380830653
WC,10479,908.498309005,0.29532702726599125,841.1969186221854
WC,10449,665.931521151,0.4366511014473234,492.3909146776386
WC,10525,469.74117521,0.2968980926170683,404.8203725179036
WC,10444,439.503819516,0.3227870498692518,305.63725008497056
WC,10514,565.438760758,0.2881170180082697,333.5341285855162
WC,10524,532.255754973,0.368230907635862,441.64530343448416
WC,10502,643.721892384,0.4444815769263004,585.7899232153798
WC,10508,740.975823298,0.464953759372715,326.1686974319757
WC,10497,579.997182765,0.3709111631996746,319.3302615595798
WC,10498,486.987469031,0.3360765470812718,202.01429694680604
WC,10499,594.604658711,0.3024559942032706,508.72021696801283
WC,10523,332.257590689,0.39104069936931424,219.90231335209867
WC,10496,553.870550302,0.34686623540513,409.28898168825634
WC,10503,604.46457842,0.468174952388862,417.1806397980335
WC,10476,507.606454599,0.2968972161504793,254.09347650864547
WC,10494,472.012907159,0.351483889528223,457.4249697217754
WC,10492,534.540572396,0.38641811318195934,451.1123102225509
WC,10495,529.589112672,0.3348061199298125,525.0260262283624
WC,10509,886.383455901,0.3239037017976453,575.5282487158681
WC,10504,497.577457117,0.3268192341745296,355.8912716136259
WC,10506,500.991374284,0.37675596932184685,447.42848501766434
WC,10493,551.924172359,0.27266508034538817,445.3244195676317
WC,10477,594.092533763,0.2904151229074761,376.932811572505
WC,10481,694.312585964,0.2933864964624279,611.3033472996133
WC,10505,487.192895461,0.2852469171862331,340.37125579235607
WC,10447,1305.93251058,0.41745031636687147,1160.2226379394533
WC,10441,450.928921688,0.33240913645345344,322.207316828709
WC,10507,606.442084005,0.291592428568806,389.8223123887006
WC,10445,611.715257245,0.31746211881264325,493.96608213536894
WC,10512,388.589136003,0.3210509043262415,311.4390271055932
WC,10387,516.672715706,0.26540195048071025,363.49404060513353
WC,10489,537.702271835,0.34787851631186395,516.8748867558497
WC,10475,621.402865393,0.32204337900628033,535.2811686197919
WC,10491,616.060916702,0.42093883708368496,613.6722336413812
WC,10474,915.815778248,0.3171295411766271,744.1327224731447
WC,10480,972.462695204,0.2980934283936375,881.9694115732228
WC,10472,736.820896198,0.3211294317612588,632.076449136173
WC,10471,616.110269658,0.32422007444793927,593.934617884019
WC,10473,853.85887624,0.32851958824699656,641.5472077313591
WC,10468,541.412114626,0.32931254551190287,469.5162846883139
WC,10467,523.519422879,0.30256745215194586,485.5627259497549
WC,10465,494.940951411,0.2578276946496409,474.514567416322
WC,10466,450.982477967,0.2607033711065536,367.1968067243987
WC,10464,456.128048115,0.31242520774171995,461.3616376989028
WC,10469,522.040542218,0.3338699680848867,383.50483730540554
WC,10460,507.26355375,0.3582112217865311,421.11490415685313
WC,10458,534.812797961,0.387051255061144,356.14496020148783
WC,10456,534.203086388,0.35261137843063967,460.82981621237366
WC,10420,685.040727628,0.36866141471898917,520.7972169464709
WC,10451,597.795394921,0.3768726575222449,473.9793426214479
WC,10455,615.56199523,0.4016438241979564,586.8217150519876
WC,10478,576.370678481,0.3739539661067281,438.7476958330939
WC,10450,727.815880534,0.4539416316672715,573.1416540108476
WC,10454,578.619799462,0.3948066738786754,526.5881497551413
WC,10452,550.969008639,0.3396528254693422,395.0706879858877
WC,10470,527.427440019,0.3262062332881084,396.13094757678465
WC,10453,524.301941153,0.3606808614882237,393.4935770371381
WC,10422,638.847045265,0.36964711463355904,459.773262053845
WC,10424,571.149963924,0.44974860563678176,319.8409285302256
WC,10438,528.554850588,0.327967538454521,486.3383158665078
WC,10423,533.024535836,0.3810194937155856,328.5218557619581
WC,10446,1370.01188129,0.4151083843614742,1223.3468258128448
WC,10448,607.738315667,0.43449273076796285,422.6878685147154
WC,10434,535.679039405,0.34705899007942376,326.6781740076401
WC,10440,480.056401296,0.36006780913969216,376.9173597747204
WC,10437,530.982401253,0.2995434662265956,392.17432215073524
WC,10439,466.792731583,0.3646738345710656,314.8435806274414
WC,10436,593.964504885,0.3201127703107536,426.6308361577053
WC,10431,468.042127108,0.41489186324039445,350.61300333060467
WC,10442,511.891303263,0.28178316628979383,270.1275082457299
WC,10433,501.241529916,0.38706760458539785,379.54637747371896
WC,10435,488.776026044,0.3791532309126045,310.3717239978267
WC,10426,486.229428551,0.28250920323900897,290.9075929828719
WC,10432,507.367838899,0.32962447830224323,291.1688953175264
WC,10311,485.020652279,0.28767666271527603,493.1640023624196
WC,10457,610.815639169,0.4167327924885533,428.21533903234155
WC,10416,592.593755416,0.3839304399746721,489.23564770268456
WC,10417,482.885016056,0.3369593486836732,345.3587515737496
WC,10418,535.042311888,0.27980304434058373,351.1454710118911
WC,10459,493.019792163,0.3033137520977172,349.3060175278607
WC,10461,528.14790888,0.3602460406381975,462.9377073400161
WC,10462,498.706249729,0.34603753056595365,489.50457458496084
WC,10410,595.383388077,0.3761621524714677,386.9158216887829
WC,10419,542.988805328,0.3701506399010358,399.8046216777726
WC,10414,495.199646673,0.32823697801280327,395.3350670908011
WC,10463,476.341093959,0.3013447277346807,475.56443948184733
WC,10415,550.599395772,0.36630374912497726,448.9928064383713
WC,10413,490.295526128,0.25506803112649595,353.25037455839265
WC,10411,535.356338639,0.26848219425681336,203.32212497486788
WC,10409,674.7388819,0.38342245312464807,436.8905178593654
WC,10421,699.834865226,0.38430123145763695,543.680018047258
WC,10412,516.925414532,0.3907768595121315,209.3718234193091
WC,10406,669.174948933,0.3255111571068842,521.5831152523266
WC,10425,448.657211081,0.328433604114752,271.97005546420223
WC,10408,703.554938901,0.37374005471455296,494.49297272925287
WC,10428,498.866396674,0.27007545649767406,263.55127339082605
WC,10427,465.589654363,0.302803112310473,264.86717864391846
WC,10394,761.709915622,0.38781241746356276,744.8814752915326
WC,10429,457.968690623,0.35328429200287376,294.58816318885954
WC,10393,748.742102772,0.3513528713832923,733.5708615172143
WC,10389,551.316178941,0.341020787116091,498.4252468931909
WC,10390,571.373835224,0.2633645407147181,298.7928236718271
WC,10430,477.233683842,0.32323067948259193,317.4710235296511
WC,10407,774.877755441,0.33282066592548637,615.4842322854435
WC,10405,535.009037676,0.3113243565980335,443.2016223084693
WC,10404,520.97603067,0.32150709269051797,375.6029637953814
WC,10377,930.864659691,0.397730783347367,920.8390266867245
WC,10399,975.025921175,0.39154413230551194,826.4259014952418
WC,10400,462.297236675,0.32761527606248847,328.78168382831643
WC,10395,770.921089867,0.36599113474524675,744.6207509358725
WC,10396,585.486124929,0.3733064253848865,492.1182429594152
WC,10397,560.351747057,0.27800838606211165,436.8824875177121
WC,10398,456.179642654,0.2669910415225761,275.9127371694527
WC,10376,535.199679075,0.32955666321552607,428.72562842275585
WC,10401,569.122308042,0.3160202022968814,500.5379291908414
WC,10403,537.302722659,0.2775596236918774,392.17306913488045
WC,10402,516.847601819,0.3231437229711539,412.9511087455002
WC,10371,506.053991898,0.30697220580195195,504.7382556391697
WC,10369,470.10153261,0.272133985310455,463.9698394775391
WC,10370,495.985043444,0.29243151531205636,498.1624335195504
WC,10368,489.002982442,0.22102616853899199,399.52956088197
WC,10313,458.932475779,0.3265256492480689,443.4528698191924
WC,10384,435.1239039,0.486892247857162,135.9816416422526
WC,10352,852.458003871,0.29624414277292294,392.6815490722656
WC,10386,519.557877031,0.23591724609139708,200.42101278866042
WC,10391,559.315848154,0.3431131238447683,395.059177682914
WC,10383,557.567728424,0.3965597408361175,386.6398903341855
WC,10392,650.467753893,0.3409101570216784,477.9117826274797
WC,10388,475.938125156,0.3511273180329523,452.3958464977787
WC,10378,324.247942721,0.44829147975854206,260.39027674057905
WC,10381,601.86661517,0.39453619455540234,463.44198494705495
WC,10360,586.370741565,0.3080747249439042,569.697988323137
WC,10357,588.455851941,0.27475529576274876,531.03177912095
WC,10380,458.591507945,0.3919432714288706,254.34059388403801
WC,10379,680.932440657,0.31553113658755155,446.87055263145294
WC,10355,677.364198662,0.26243257285997035,521.8244023042568
WC,10320,588.714859799,0.3075428651034487,544.9729578953163
WC,10382,627.908903839,0.36825829430988144,634.1418437882966
WC,10385,448.687565679,0.39488183585080233,57.86446096382889
WC,10354,948.720159313,0.26105990963589415,629.9228793873507
WC,10361,633.118358385,0.3266273647868687,633.0860584333831
WC,10359,551.488803173,0.28658260125710383,562.5958685781442
WC,10350,724.465720133,0.35161549694090316,509.72165994083184
WC,10351,610.908575662,0.33986606791212753,379.5301100786994
WC,10353,876.902010495,0.26622940131201384,737.4954277487361
WC,10348,771.323754018,0.3369280171135197,326.6624060238109
WC,10349,710.336643289,0.3553839962953942,480.789202521829
WC,10265,494.481999136,0.2965457253631145,331.3843720379998
WC,10266,501.844369338,0.4036844851432649,356.633449419807
WC,10314,658.801144771,0.23276592957604794,637.8261995502547
WC,10312,474.711663253,0.267659471606373,412.9430764890185
WC,10317,431.298351299,0.2798877178448174,266.9648391125248
WC,10318,541.380388221,0.39940058656700156,508.15282431209783
WC,10372,553.466287536,0.3477682563967038,556.0269344255034
WC,10362,605.752396746,0.3064306555007036,602.8395299574909
WC,10356,567.221041297,0.27637353568293516,530.2417689005533
WC,10374,564.675592181,0.3971413310286228,556.5529489255418
WC,10373,589.624070287,0.40229101843870413,584.4330081416111
WC,10363,483.509951138,0.33654153036264595,474.22432672837203
WC,10365,463.719299717,0.2673263702620851,309.047981860591
WC,10366,435.390179137,0.2646409851531739,350.6059206195906
WC,10316,472.794665735,0.3248295963336622,253.28831446030563
WC,10364,493.835200088,0.2974273297537877,270.90968262915516
WC,10319,490.094400936,0.352692894248824,488.95159909117456
WC,10310,536.992664542,0.37183854590202203,533.9307768578623
WC,10326,576.638903335,0.4595160053194358,556.5419850068934
WC,10267,499.310818109,0.31830655904834704,485.76932558545883
WC,10358,594.299928614,0.2816279275986282,578.6387093039119
WC,10333,525.4956167,0.42983383715046375,442.1267305261948
WC,10335,614.305881531,0.3496133791479525,565.2158355712891
WC,10342,691.486936541,0.38402523113348386,694.8786229152304
WC,10341,593.578563389,0.38798623407712873,584.6759194766772
WC,10340,443.724200135,0.33325257290393945,430.02399824553834
WC,10367,593.332640924,0.23500619146750304,400.5807573804668
WC,10375,526.568900668,0.3468911874446028,444.2434888054342
WC,10315,527.615474091,0.30009215025188374,514.2049261354932
WC,10305,571.324135628,0.23298697726915488,295.36992370007084
WC,10309,583.426510789,0.3104113213429262,570.2273243324429
WC,10322,540.666151712,0.41059053974084786,544.1839027853573
WC,10308,561.789588778,0.38776250446126587,552.3406735588524
WC,10304,473.722828846,0.3389276483145375,293.79101762958607
WC,10324,545.687427306,0.3755178295966215,543.656062227137
WC,10307,516.858177402,0.420362474541821,527.0896932265339
WC,10306,490.039105225,0.32057088757878316,464.2282094020469
WC,10323,549.04389051,0.3366561912139143,549.9701005225087
WC,10325,564.858162625,0.4064525325321457,568.9047106574562
WC,10299,446.165152086,0.3369095428529399,235.39913446762984
WC,10321,582.307340354,0.428894479278182,548.1290254480698
WC,10301,423.592297239,0.3687610687592284,332.7162412755629
WC,10303,518.931392407,0.3273348978952731,521.3007116579543
WC,10329,345.788037895,0.3910441447910817,343.4974809534409
WC,10334,856.610488888,0.3733961891570006,848.4838597914752
WC,10300,376.148309572,0.39741712413920566,234.34752699908088
WC,10297,433.47337816,0.29243263807171344,415.0375527774586
WC,10298,449.055189083,0.31371835064104586,332.1883643655216
WC,10330,360.509819202,0.34073236811230756,359.80364002900956
WC,10327,576.55442604,0.480459917682118,527.6092771642349
WC,10291,506.356286352,0.33424580661132053,400.30474090576166
WC,10328,473.488649946,0.45922898233998855,472.3752522188075
WC,10295,476.251019185,0.3149302664442339,489.99518630083867
WC,10292,735.515554033,0.3028208780426769,669.8933922262756
WC,10294,585.150369729,0.29303431155652376,579.1560000251321
WC,10296,450.793094074,0.3125958772139117,433.973918690401
WC,10290,481.851036582,0.30936504056191316,387.15305337344904
WC,10332,474.595078793,0.3751594740433045,474.7398268755745
WC,10331,525.440043507,0.2948720025754203,520.5040924969841
WC,10293,804.178626069,0.2817210439646448,800.6121467141546
WC,10337,534.757997098,0.30497462259398567,532.5995760450177
WC,10288,799.673612314,0.35990115894435226,763.5223712995939
WC,10302,509.676650011,0.2586518049719935,441.0794691198013
WC,10286,544.436014069,0.2757677081784015,494.1966968910367
WC,10338,504.892489271,0.36406530919431285,503.40499303481164
WC,10276,468.715110362,0.31093393500216765,423.70671018712665
WC,10279,601.195180766,0.3020670195901508,521.547806593951
WC,10339,558.075199665,0.2520687186765293,497.0912390316234
WC,10344,718.915435356,0.35042849267997284,715.3940972421684
WC,10277,509.082383932,0.32148988210074636,502.08387205834487
WC,10336,594.886488359,0.3578522203129704,599.4063083424287
WC,10287,727.143225124,0.30081453759363325,678.305546539905
WC,10280,624.789263047,0.3803370892201709,489.9869146010455
WC,10289,589.917956062,0.3991785993178686,525.4967552933037
WC,10278,529.657396043,0.30887721554676745,429.49387949027255
WC,10283,485.761347937,0.36124583223602386,318.504388367896
WC,10343,756.788811006,0.3604985845659164,764.3144796334061
WC,10275,1134.64021416,0.2628172605113158,1017.8417448156022
WC,10270,588.783575911,0.34523256006891945,583.6098775527057
WC,10345,610.156259973,0.3298584211873792,405.56494299196726
WC,10271,618.857110116,0.34642229997290447,629.8999150893267
WC,10237,431.912507009,0.3348129659746222,324.5443234013577
WC,10214,558.035672882,0.39483054969077824,436.04169413248695
WC,10347,1241.33828456,0.2527004411244162,570.9991356344784
WC,10346,668.567312936,0.34775920085323553,460.00903410070083
WC,10224,661.359475258,0.3051174144232875,609.8880454568304
WC,10282,515.309952718,0.2927360172739965,393.7239353853113
WC,10250,588.421491669,0.31985093641475004,501.29063840379905
WC,10255,631.283086143,0.36702400997261797,609.9083662145277
WC,10281,549.350082953,0.35768677438280405,282.9978006101122
WC,10272,707.40417829,0.3312616750930146,660.6729083491306
WC,10273,561.055317702,0.3347022030881779,439.2217446121515
WC,10253,625.940813428,0.4167586644518504,560.9897550994275
WC,10246,467.554628581,0.39170480154717363,469.99014719046795
WC,10249,466.544725304,0.28030139163886897,365.5791810877183
WC,10257,548.169166061,0.4110215441067459,377.41137635474104
WC,10259,553.06228102,0.34098043713691467,360.31427465700637
WC,10269,558.624451857,0.35346569221713453,544.1580171472887
WC,10268,535.237785478,0.3646742068311914,484.9810163310931
WC,10258,558.614733783,0.37475277692994247,368.4681514066809
WC,10254,567.291131277,0.38116316029444886,507.5986755071902
WC,10256,756.883728748,0.37974054526869705,728.7872672885075
WC,10238,606.352594628,0.33058987532030787,530.4764664893056
WC,10240,485.789366553,0.24777503161909473,329.8046317605411
WC,10231,528.469660516,0.30943865130718495,524.6835717593923
WC,10236,556.178530298,0.3415375222373781,551.2510517494352
WC,10260,527.193564376,0.3979930991117053,368.99327712713506
WC,10261,502.069625051,0.35064948596114925,430.27222661037075
WC,10235,589.499185914,0.3461307764949261,594.9083060769473
WC,10228,603.97842694,0.31949049323837875,578.3333229513729
WC,10226,533.137279741,0.3391797684932101,453.6706529505112
WC,10229,636.01759728,0.3206086406861645,643.8213291841395
WC,10262,470.435439218,0.35405971092972344,463.93641833137065
WC,10233,476.796989249,0.3350730782621749,462.0914111567479
WC,10222,520.341082767,0.34255766892360034,428.684186150046
WC,10221,519.378635825,0.3075219556184455,419.21517459644997
WC,10263,530.237698933,0.3045630043633322,477.0864074407839
WC,10227,553.487193025,0.32190982307208194,575.1765583711511
WC,10225,482.795251863,0.31729770594606765,329.27228258918313
WC,10230,630.882392528,0.33574497728191416,633.5650507908242
WC,10220,641.956537552,0.3224927585060354,572.5404917099896
WC,10219,583.176771294,0.3141099663073315,501.5310746136834
WC,10223,390.799359506,0.37896891510277464,374.77019141702095
WC,10216,586.591911814,0.3657435461757382,516.5190296247895
WC,10218,542.422343284,0.30652882446088076,410.53414480171955
WC,10215,604.171866622,0.38733223393163857,594.364138584511
WC,10217,551.913180984,0.32497306080205524,419.21222908169614
WC,10264,454.560775393,0.37279725111341744,375.0425015019435
WC,10213,535.273849334,0.36558530359626934,395.01415722416897
WC,10284,494.413413804,0.26630674838390833,324.02722476136455
WC,10274,748.037541492,0.3313859695704972,603.8652935850853
WC,10285,544.804656978,0.2508859503765034,452.11388549804695
WC,10251,541.523824959,0.3515019196075398,359.00333060470285
WC,10248,519.58924033,0.3178406222114421,460.52411122041593
WC,10247,501.309065696,0.3420149384983002,497.08085599413107
WC,10244,529.198324237,0.3762150611024658,522.0633842617857
WC,10443,618.971282919,0.2866143598603797,371.39279635560274
WC,10245,488.654333878,0.3727163185558564,489.7146856569776
WC,10199,515.8760733,0.2891672712555003,496.7962923536114
WC,10242,523.958101611,0.29062665004418714,354.26521633372585
WC,10234,535.823605179,0.3063568893652372,537.5736786187863
WC,10252,628.539700692,0.3771171715952714,516.5431179869407
WC,10243,519.633950435,0.35148562136074074,488.13496018952014
WC,10198,512.522730103,0.2874639410406627,510.73380106009694
WC,10241,485.292784783,0.288495329821982,226.44529777975643
WC,10206,555.80009031,0.39794208456730024,381.3387659110275
WC,10193,553.086161409,0.35483940420900767,546.7587422090417
WC,10202,505.43515479,0.31372135649203015,501.00288540709255
WC,10196,516.184519801,0.3569977855835206,512.8356242460363
WC,10205,586.184443721,0.3523843434379727,449.1909114762849
WC,10239,577.596487309,0.3773276037140412,491.55327103558704
WC,10232,612.374343929,0.34261679335644374,619.6278307447246
WC,10203,560.162193602,0.38249992072749667,561.7536093319163
WC,10197,435.38171135,0.32852102873383165,444.72130408193556
WC,10195,567.996214011,0.3684527062599765,565.9591648475798
WC,10204,562.684154369,0.3786249050022564,540.7127688837986
WC,10200,482.503294979,0.290450046970282,399.22547745050167
WC,10201,453.431203039,0.3198269318197891,425.78701174866916
WC,10208,504.29075485,0.3036292212470757,315.32610108618644
WC,10177,573.764440687,0.27911560624553433,495.99073088402844
WC,11452,586.285505276,0.44796713033030106,350.7421873204849
WC,11416,532.918505959,0.2871546739933051,277.59753914627373
WC,10191,567.543729848,0.31761804316236986,555.1728192796894
WC,10207,484.782291993,0.3274402596855401,316.378867743997
WC,10190,566.93490197,0.30381918403193775,514.1456458895815
WC,10192,594.634771902,0.3283782721786007,590.9404892865349
WC,10187,636.893940807,0.3073895588591325,528.6073687684303
WC,10189,597.844968773,0.3103144916291775,592.77860436533
WC,10209,564.333928608,0.30926189183140085,448.3986050474877
WC,10194,629.884765441,0.3610373994589457,621.1864736818798
WC,10148,527.627697718,0.3207912532038659,418.1514473709405
WC,10147,773.310630008,0.28882800737040437,642.219388326009
WC,10185,555.317203486,0.35194126313617974,454.7063945994657
WC,10144,1068.99486803,0.4051532583202853,944.9227316463697
WC,10146,1593.23311644,0.338486515551795,1487.9987787284106
WC,10145,1576.66601206,0.39987050006330266,1447.237298673742
WC,10140,496.141937422,0.31829207002615384,375.28417573816637
WC,10141,638.704843719,0.28807000488217965,537.0234086578969
WC,10142,1403.06267357,0.2936169083800241,1402.0004885804417
WC,10149,534.457988718,0.3488541010894136,524.9235434438667
WC,10139,467.888786384,0.3251855171735739,268.7735908957089
WC,10143,1420.80645855,0.39211649439017654,1425.1447124705594
WC,10182,447.790900017,0.3056587115034357,376.0714453902899
WC,10186,680.126694209,0.3269683351151877,642.7433367860082
WC,10183,498.982221719,0.3820772029668371,337.67583420697383
WC,10179,449.56840048,0.5001521052390391,289.81120689242493
WC,10017,518.258375141,0.4016963141195616,531.7189383114087
WC,10175,477.822843154,0.34541785627264865,462.8525966569489
WC,10176,545.643440862,0.2960235878502524,534.3850396848193
WC,10210,585.273331626,0.2558408254650427,466.5449348599303
WC,10178,770.050782281,0.35217733643894167,714.2713060566023
WC,10180,447.917691038,0.45986925609208446,233.53173289579505
WC,10188,637.942563055,0.3038820513071131,512.0399485569374
WC,10173,472.562358132,0.42184379234396185,396.58068772858263
WC,10150,610.521800692,0.34999613616082825,527.8153435202206
WC,10161,660.26556979,0.48415989195429604,565.153222327139
WC,10170,534.867355863,0.33636603898733686,539.643767861759
WC,10121,483.607836145,0.31783001690131163,483.8863493975472
WC,10181,619.163337326,0.3486197657376133,556.4791639739392
WC,10162,424.188545228,0.419640313124761,240.36845816817936
WC,10167,541.295725516,0.367050449864762,434.71520726821
WC,10165,504.728910945,0.341121402860883,419.72591534782856
WC,10166,527.974147177,0.33347819337067885,411.5731664919385
WC,10164,500.215703843,0.3083799999011191,414.7294546389112
WC,10160,643.365567956,0.44222454975494574,585.9283614813113
WC,10168,595.115739281,0.4891238697991035,376.8567237106024
WC,10153,600.869555884,0.30538201598617126,420.5146435008329
WC,10163,554.776420633,0.3061423496126973,405.52466942282285
WC,10169,732.812465417,0.34855474079635895,613.8045030481675
WC,10184,459.988837502,0.26228013809846373,322.1604404823453
WC,10158,639.672827076,0.303396523973371,651.4094903983322
WC,10151,622.462189673,0.34011112338970984,416.30831475351374
WC,10155,450.988848736,0.3164984172360903,240.3683230830174
WC,10124,385.026001657,0.3072940281121369,231.95113731833067
WC,10152,522.680308944,0.3228376091930223,312.69088685278797
WC,10135,586.054400686,0.3120342558038743,580.1478009691426
WC,10137,671.595846963,0.3924431627922862,570.4186966839958
WC,10136,715.406938607,0.4021283296587816,665.618159275429
WC,10131,428.196041673,0.4156734431739402,386.3241888308058
WC,10154,573.455030181,0.3218052142862586,384.2218017578125
WC,10116,543.802061532,0.40303765756185866,554.3651101205863
WC,10122,568.811185444,0.2719682165837377,570.1456011304667
WC,10156,374.721267915,0.29202383855390823,222.22189211377912
WC,10127,371.91107399,0.4849811873874996,288.4937691782035
WC,10125,384.462992839,0.33648913981929673,248.2567817837584
WC,10126,758.471153563,0.3868064341177606,689.2829631730623
WC,10157,417.434358193,0.2763305375628848,272.9770786061007
WC,10159,820.785710709,0.3714223224206216,729.2528927672143
WC,10123,413.182548739,0.36389173978285794,356.6045694986979
WC,10128,450.248147577,0.4237075831542568,335.566551507688
WC,10118,505.380288839,0.3944209681564244,496.2459785012637
WC,10058,519.284242884,0.32217042560449277,425.75913708256735
WC,10171,518.841032483,0.34531424665483423,387.37542275821465
WC,10119,524.289135119,0.3712875487887935,412.8803612204159
WC,10133,530.71045721,0.332139114383373,520.9739041795917
WC,10129,466.889347783,0.44585808141365885,462.06200423895143
WC,10134,565.030608859,0.35416438028780495,569.6271658504711
WC,10106,516.784306849,0.3724793000918069,384.2202987670898
WC,10132,475.131536168,0.32828366335483494,467.32411134009266
WC,10109,378.563552538,0.3948298053705285,208.02010046267043
WC,10111,333.082339625,0.4179940994948657,139.11787091423486
WC,10138,555.722744907,0.3287661145899625,387.3804568122415
WC,10104,457.472837149,0.3389756814118416,331.36149911319507
WC,10102,538.04190387,0.22936780341310767,315.8461320166495
WC,10103,465.577808268,0.2771503284131354,381.0662258372588
WC,10101,499.754676395,0.3138533638463379,94.41164054122626
WC,10105,463.38478651,0.3848202849379822,407.88939891142
WC,10107,542.391696217,0.37224882051263,503.08856036616305
WC,10093,548.606563697,0.48979319489482764,541.4790754430435
WC,10108,508.940056963,0.38772108992703674,465.7441938811657
WC,10099,454.516847307,0.48784555648151773,206.96850526099115
WC,10081,534.467098099,0.5178226093615863,539.3721778420839
WC,10130,427.150515706,0.4315303347222073,405.5213973101447
WC,10115,538.343666215,0.3761690220510925,531.7485964307598
WC,10110,469.489742259,0.44464823143207965,313.2130194271312
WC,10091,506.379095725,0.3830653261155525,494.4040087531595
WC,10114,517.676310895,0.35008492138099073,505.18718791288484
WC,10090,532.776619831,0.3885180943884012,499.1368474623737
WC,10112,547.617266312,0.33485700706202143,416.82684972426466
WC,10113,467.042933815,0.3555593650949052,432.07871102725767
WC,10092,480.558755578,0.4611503452643799,485.46351336310886
WC,10083,372.661666682,0.5024877783834425,307.68621960808247
WC,10117,538.643878449,0.39509968812161916,534.6410515280331
WC,10089,513.834932215,0.3796429574982851,492.5613896089442
WC,10063,364.379223307,0.33278263943206005,176.4579845353669
WC,10064,395.951516045,0.3674916677822278,200.38921308330464
WC,10086,347.930974595,0.2906176080470571,190.92243221507354
WC,10060,514.602003341,0.3678608974884486,525.691982792873
WC,10084,254.275045002,0.44724689300481846,263.242191808364
WC,10087,498.498452354,0.33225146116479076,464.68363692339733
WC,10085,318.08381382,0.4686333662165063,265.0831428079044
WC,10061,313.089179755,0.35434948420652784,244.56930398380052
WC,10056,605.281426832,0.37947486641637057,599.5850794175092
WC,10057,543.61580512,0.347791352836583,522.5335710114124
WC,10088,501.243151348,0.34540930961174937,497.03096232694725
WC,10059,554.137976986,0.29514403372749737,464.15489989635984
WC,10062,334.404687616,0.36191821368348676,156.73457868987435
WC,10016,522.610516649,0.37876584566336996,494.3766862457874
WC,10052,636.14049195,0.3668116854373799,633.2435128903854
WC,10483,476.024617806,0.25955669791245256,381.93450263528257
WC,10094,603.292757376,0.4604548419735419,599.335833680396
WC,10095,626.246117159,0.40778206567107583,643.5174862730737
WC,10096,650.613154453,0.3227788000857005,603.0188626158471
WC,10097,528.773725531,0.3654886082789807,369.7543399287205
WC,10098,496.431248539,0.446125423321509,285.8632510316138
WC,10075,575.138724594,0.20910036643171864,449.6986389160157
WC,10100,448.855992156,0.4226505594623859,150.69012540929458
WC,10077,541.36106792,0.30087437897110264,435.2341811236213
WC,10076,444.214679511,0.2614001602734496,352.6583106545841
WC,10072,438.825434986,0.37272196209125596,421.2936711928424
WC,10074,435.083496292,0.24081082152283712,151.2140215705423
WC,10079,630.15888704,0.4549806564151731,613.2714086196003
WC,10078,663.967075868,0.3436940281033096,672.443045313218
WC,10073,539.956989274,0.22869460839193415,420.5053434484146
WC,10039,477.596777889,0.3721091270837841,480.9793981514725
WC,10053,728.630051393,0.39204443737983025,727.3898958093979
WC,10080,599.09228689,0.4937390348796761,602.2253355138441
WC,10065,354.725368274,0.49152988251261925,266.6603917439778
WC,10044,574.294464508,0.34788065726384676,564.0803357292624
WC,10066,596.611714546,0.42917230925093947,488.35019522274246
WC,10082,333.197273301,0.48773096840489977,323.99087892420147
WC,10042,493.234720379,0.34928582180764883,486.24026450362857
WC,10068,482.782987204,0.3435249916986374,474.93841445025265
WC,10069,493.322948889,0.39130797710649035,503.6041412353515
WC,10071,484.653161344,0.3596808421263052,489.9305149751551
WC,10041,494.71024705,0.3504545073340008,492.8142612532073
WC,10043,495.92213268,0.3408023039425824,493.60361483704816
WC,10070,492.411785717,0.33986812822626816,480.19944520838123
WC,10047,607.546970563,0.3861311346187558,597.4777413461724
WC,10067,521.206188079,0.3398445064387653,435.2283470901789
WC,10034,599.585315563,0.39310351346562655,608.2539629767923
WC,10045,662.304374414,0.35410721025698266,682.9426588469861
WC,9989,499.499362827,0.37630141957769475,508.3199149038278
WC,10048,492.029543106,0.36841762073183004,429.6987113803041
WC,10032,470.843146863,0.40523971931874353,480.7112022250306
WC,10040,556.060463722,0.38495803008415425,552.5083692363663
WC,10038,428.881320328,0.3802237493278336,432.3286594166475
WC,10036,491.216526127,0.3814166815783496,457.83539964264514
WC,10033,438.34679923,0.3694841773765323,422.3319521735697
WC,9995,460.70776297,0.39481620883328544,449.94237183215574
WC,9993,482.463182557,0.30780319576572784,401.2942490222407
WC,10035,610.320846586,0.4030411989815467,564.6015656714346
WC,10037,493.613343289,0.32780050620994466,491.75960017185594
WC,9991,413.553260069,0.3486031101063916,413.389460215849
WC,9992,426.704542189,0.32547163619878,417.5978673897538
WC,9994,458.250099789,0.3568705847300589,420.7532945520738
WC,10020,518.92107187,0.3832025043838388,512.5248770021925
WC,10054,579.215115832,0.36283730054077135,571.7080169976927
WC,10050,533.505652385,0.34808147208699913,540.6737525191961
WC,10021,505.920990723,0.3571317067559241,496.484469275381
WC,10018,544.07096798,0.3864986441185745,548.0239507039388
WC,10055,522.651914093,0.33339147005457825,529.3689443251667
WC,10051,552.995398527,0.35683924030278624,544.356491986443
WC,10019,542.924801925,0.3974998725470081,552.7582136864755
WC,10022,522.036085392,0.3525387259701877,520.4154638552199
WC,10174,487.61891091,0.3470446372327571,419.19676597445624
WC,10172,499.006584359,0.36856340326830356,356.6062913782456
WC,10120,611.28845277,0.32812596710107844,523.5953331442441
WC,10014,578.218691789,0.3577435918045514,586.9382875928692
WC,10013,522.704136131,0.3919989518543602,515.1492303586474
WC,10011,540.66085905,0.36546849649737195,542.4964929019704
WC,10024,437.512945348,0.3812550276536029,431.53321829403154
WC,10049,513.136765153,0.3517270990456386,373.15913112864774
WC,10023,521.049139655,0.35598409311269524,520.9421213785807
WC,10025,552.011028304,0.41057501675579783,549.8707830990063
WC,10031,499.942335488,0.41492765088788475,477.02915769090845
WC,10000,492.95680838,0.38160355787859285,493.3292224958831
WC,10028,517.450127916,0.38345326557347914,528.8316724291034
WC,10003,532.637173398,0.37366480571031574,525.9350502163757
WC,10007,554.253403792,0.41725127723337124,553.2806967940985
WC,10026,456.128696134,0.3849013450490998,459.4072069355086
WC,10027,545.045192535,0.42050034188086155,539.8767426733876
WC,10005,551.741697065,0.42827589659959187,551.4419863532572
WC,10006,534.478135609,0.4093113874533864,538.8182988783893
WC,9979,580.452119451,0.3288688644853387,407.3329229616652
WC,10046,559.77845183,0.3520076576678137,559.34573023179
WC,10029,530.088947457,0.4286726628868375,521.4700324563419
WC,9997,457.408477441,0.42886914546768024,457.30423177083344
WC,10030,505.619056355,0.4062574532926536,517.2630720849131
WC,9987,522.309321453,0.3485485810916222,528.5667509191177
WC,9998,491.42538794,0.4029439942166409,487.282076996448
WC,9996,481.535800252,0.4291573080435223,478.8682631548713
WC,9982,570.07559451,0.4041456089263991,508.3148938646504
WC,9999,468.162241008,0.37972833100534514,467.55893470913753
WC,10001,490.34319213,0.3807099683022281,487.27994256113084
WC,9984,571.464435621,0.3957698016594618,564.0651227165671
WC,10004,551.640229417,0.38261697235696396,553.5463020474303
WC,10002,529.319295511,0.39120370495612317,524.3581720389572
WC,9981,542.668413447,0.3392558329329185,540.658781822055
WC,9990,453.230864752,0.3612770617709441,447.0488430845971
WC,9988,498.50965174,0.35373891931574186,490.70013104607085
WC,9978,574.910660618,0.3396221819002767,477.28062283385043
WC,9969,504.903506192,0.30589597765258575,501.21393923291976
WC,9985,530.143946423,0.3681423809421693,531.983731916839
WC,9986,529.467011078,0.34836038159493943,524.8842784507601
WC,9966,552.517650501,0.37014372645378574,548.0217577765969
WC,9970,650.30390597,0.37155125590519134,652.9434668148265
WC,9964,481.042380738,0.2682905137643296,300.30856185613897
WC,9962,287.941411173,0.4122590560510934,109.13075660256779
WC,9963,538.789637871,0.2588784841798424,353.42727086684283
WC,9965,456.946176282,0.3677489793132134,372.09771498137826
WC,9869,518.820750017,0.31150809412953384,350.7739872651942
WC,10012,592.972883154,0.47701771295399253,581.9441305123123
WC,11916,597.082367091,0.3716716304936169,594.1566322177065
WC,10009,508.062882792,0.3728324175035318,507.7855784397498
WC,10008,508.234160098,0.37843873698568953,501.73824157714836
WC,9975,490.097011813,0.3811952047137897,378.9325449924844
WC,9983,523.62434367,0.3622698593694527,525.4077859317556
WC,9943,560.361249401,0.276484569223042,485.68454906987205
WC,9941,644.108392896,0.24696180546520288,371.0330300424614
WC,10010,502.917539691,0.4266501718854733,510.41544099695545
WC,9952,705.517657222,0.3877295198379846,583.5138310151941
WC,9976,468.018386707,0.40062922546178986,398.3918421726601
WC,9974,461.823801094,0.3813150946282218,245.6090075025371
WC,9973,530.783055977,0.4037291671658928,385.50643011354924
WC,9949,560.30798801,0.34673620946814726,447.82308609906363
WC,9950,626.419389584,0.36804240769214835,585.0901058421415
WC,9948,571.903845651,0.3246436687039199,465.96638704187734
WC,9936,582.620103373,0.3469573933463469,578.2418091717888
WC,9977,528.937174157,0.35911387694616226,525.1396911022711
WC,9944,579.399255265,0.2991010239488329,435.7230661429611
WC,9939,577.240133932,0.28954608653026176,408.3717788995481
WC,9942,547.696261039,0.27562432124652775,428.35878574146955
WC,9908,644.36808068,0.22467628512166296,321.85246653837316
WC,9938,610.125128759,0.293513495194529,499.35426465202784
WC,9980,552.033879621,0.34089725934826937,550.3872908049939
WC,9971,668.773440086,0.40523787326695915,590.3570811851351
WC,9959,547.389448461,0.36747658108240316,466.4995214125689
WC,9957,544.004016497,0.34944285546882653,530.6611109116498
WC,9968,587.765471176,0.3381489020878273,584.5734332514744
WC,9926,605.790629808,0.3847692597590141,494.8853285546396
WC,9972,618.931133229,0.42703723911014374,442.3072589350681
WC,9967,601.661625394,0.33928355199646115,604.0331924438476
WC,9953,728.956723588,0.4006255731726826,608.7592638801125
WC,9956,507.719711139,0.3287525597098762,459.65993733125583
WC,9954,708.913102435,0.4032124157161935,543.2826077629538
WC,9927,634.4845297,0.3973785302894457,552.2100852517522
WC,9920,501.885752893,0.3186155841668348,420.20453853233187
WC,9951,687.271214947,0.3702112897905974,663.9792444565717
WC,9937,572.866693794,0.29338171828092235,503.03600475834867
WC,9935,596.363395474,0.369040651171188,582.1863003899069
WC,9955,517.623763923,0.31058174730616256,395.2329434563132
WC,9934,613.32906397,0.37071373400936175,601.6454793892656
WC,9922,654.010775328,0.38209565822567254,552.2076761582318
WC,9909,811.782649985,0.2930386438300285,618.2010852290134
WC,9946,547.179705891,0.3384704885213073,398.6471667719822
WC,9945,549.832739221,0.31707953107478887,437.3015456854128
WC,9947,557.137152145,0.34185047714333777,424.6808738259707
WC,9928,640.066511702,0.3763066703043644,627.1529599358054
WC,9923,606.009038859,0.3674767953656548,540.1124705894321
WC,9929,649.015349665,0.35163225910880347,540.9031814874388
WC,9924,547.751791752,0.3692012709275218,557.731206108542
WC,9960,428.662394377,0.29314886920445754,295.57275040570426
WC,9958,630.460593149,0.3705563834274516,558.7992374195773
WC,9931,634.061836605,0.31757212242204014,498.0407931757909
WC,9932,613.348219578,0.3554138581024514,510.92538841097956
WC,9961,424.408130642,0.2804633788254163,191.96501853793276
WC,9921,644.854774966,0.36995900182614266,559.8332347495884
WC,9919,582.399855194,0.3626733692178388,504.3492841533586
WC,9912,633.27420579,0.4604386096621509,436.2408363791073
WC,9918,544.447750505,0.37151171915131076,460.69822378719556
WC,9916,453.983681144,0.3048710960630541,270.5807934929343
WC,9910,776.731282531,0.3788188503903426,535.8981657439587
WC,9930,659.621924182,0.30034202560350404,498.8299463309494
WC,9925,593.237847238,0.38319851603676525,505.92883136225674
WC,9911,1196.87126037,0.40171287464556227,1057.8625975066539
WC,9933,631.041813635,0.36045777159077785,572.4573084513346
WC,9881,654.390331159,0.2729289249019895,424.13429556453934
WC,6261,614.814215963,0.3496167383052399,194.50320353788484
WC,9896,499.237481008,0.3031412454655821,313.96545428107765
WC,9914,553.932754557,0.3431036103320218,388.6454985973882
WC,9903,529.038640607,0.34346611529790977,464.8999541637944
WC,9906,561.117486612,0.3370057615238679,361.2947604908663
WC,9913,423.18310597,0.4644501616616221,222.19612881529562
WC,9902,626.587568214,0.3552467018874533,523.8002230475931
WC,9917,490.102397701,0.3241513837342976,297.40285402185776
WC,9895,623.95087838,0.3401146438142207,491.4568878173828
WC,9904,589.478101993,0.3416510479874551,534.8434898825252
WC,9915,490.914505634,0.32667305984194317,414.15328632429527
WC,9894,655.034086866,0.34887399233257077,533.5285021015242
WC,9897,558.532203751,0.2961920371091109,476.73382993211925
WC,9898,566.609649264,0.31794057479622034,426.50942029766014
WC,9899,671.091856912,0.32655718210480994,481.99127951229326
WC,9900,640.273786874,0.31680042923040314,432.5548525043563
WC,9893,611.123319417,0.33815283020199965,494.0854070626053
WC,9886,425.560976407,0.49188086668459263,273.46765597474337
WC,9892,531.146661354,0.3105265838193133,395.47849097158394
WC,9889,462.682927511,0.31195404199237975,346.8314073151233
WC,9891,485.3098745,0.21432098819632225,267.1584970511642
WC,9888,532.381690478,0.32324076457927614,363.39627637676165
WC,9890,483.598787254,0.2598141929927234,388.1153414557961
WC,9802,567.937276241,0.3457483488866442,347.8759745878331
WC,9880,535.783117286,0.32445201428125614,255.32154944924744
WC,9905,575.241423091,0.3397677502598754,506.9699694165997
WC,9901,685.397920727,0.33527817777586005,520.9062012017941
WC,9882,541.664440072,0.37291377220876176,326.3187288172105
WC,9907,573.636923577,0.29355293716523645,199.57985256419462
WC,9884,619.597501835,0.4491804838897979,546.1460633520986
WC,9789,507.178654008,0.36162849310934203,461.19489776012944
WC,9790,518.330532438,0.31365767259777116,356.54573857924515
WC,9876,426.093791002,0.37694280184805395,273.4652768303366
WC,9885,430.548197783,0.38530847226610837,84.66943799187156
WC,9883,570.271597544,0.47376632919022194,459.3717428169998
WC,9793,546.33560359,0.36280411997176876,399.9329523423139
WC,9792,538.985766732,0.3792739561496149,465.9303248985141
WC,9887,494.849768065,0.3362727624762957,184.8529234343884
WC,9875,525.528637842,0.3391709335834907,308.1741101433249
WC,9794,582.39351147,0.36731543238561526,448.3148859061447
WC,9856,700.594161268,0.3080759326922726,580.8655824549058
WC,9855,615.070233402,0.30020692886319017,403.8981362436332
WC,9849,561.965594952,0.3494624820497266,398.11499591902185
WC,9848,617.924405052,0.4029129492925613,534.3247545728498
WC,9850,492.789521134,0.3363237626688956,399.9557773365693
WC,9851,522.718096566,0.2757123050405018,352.36144600662533
WC,9854,598.354037603,0.3345769594650522,413.10208659452553
WC,9852,521.569236728,0.33205377912650613,315.28393494849104
WC,9853,558.233709862,0.3399015037801254,452.02024156159047
WC,9858,718.440193602,0.31367991420747415,480.15307368858186
WC,9864,604.208154828,0.3010772779667178,329.47765131931675
WC,9841,568.177071988,0.3744680652337046,423.35384461645987
WC,9846,798.134879113,0.40005066672745254,581.3913080252853
WC,9859,703.40222826,0.3314086055591533,439.39461723776424
WC,9847,817.948385833,0.4365466810461216,688.4139373480107
WC,9857,774.937121181,0.30863166353888855,514.8632226981368
WC,9842,649.945741014,0.3579106393487766,525.643562227137
WC,9844,766.974769225,0.3922364122915425,642.1324184342925
WC,9860,639.340895915,0.3235784647456778,393.1140018537932
WC,9865,604.053324589,0.2940184955826586,379.4378661211799
WC,9867,602.721131258,0.3056130911625679,379.4368204453412
WC,9863,639.167119271,0.331672330215832,439.39191912482767
WC,9868,548.584959504,0.3235326640891325,409.67538114061534
WC,9866,616.428526636,0.31929095891171627,380.2263837028952
WC,9861,498.075420417,0.27605406722646453,288.45814717610676
WC,9843,691.965318561,0.3602206742005317,566.4017086253447
WC,9838,719.480040888,0.4133540797895856,709.9721947165096
WC,9862,658.257661329,0.3336838113492753,460.69165092917046
WC,9840,772.152013853,0.38467910090383495,672.8945714613973
WC,9827,842.472316601,0.41060273218656146,662.8965796377146
WC,9845,827.140298692,0.40478983542171926,756.7806911393711
WC,9828,1132.18117097,0.46735239802882933,949.250763687433
WC,9837,915.458659437,0.430042822018975,867.4787969851026
WC,9835,589.192930345,0.39808144024931463,410.2067130593693
WC,9832,756.763120441,0.4650272210491193,601.1082550946404
WC,9834,568.903362732,0.35242779077935954,469.37121492273667
WC,9819,731.454511221,0.38864408674683554,698.3983397839115
WC,9829,813.97090432,0.4977297857145951,607.9431060491822
WC,9831,630.602382615,0.42357732885152183,532.7406958486521
WC,9830,692.533302777,0.3247926982192251,546.6771367690142
WC,9839,858.890395241,0.39691958461662197,879.050271546607
WC,9836,824.821928567,0.4513645333655992,606.8934987984452
WC,9833,554.802915539,0.31353042153514826,405.73662677839695
WC,9870,516.38768101,0.29360060795188353,312.3825997446097
WC,9825,581.039001151,0.5682134156685036,503.8131381464939
WC,9809,589.187209582,0.4401003741997979,484.35007764030905
WC,9744,512.272206726,0.3770064426381051,329.74454561121325
WC,9820,546.443888997,0.5113010996373218,393.9001354741115
WC,9817,562.773023928,0.2728097830507033,472.2610154694203
WC,9748,598.106765823,0.36279324174850863,441.233753638174
WC,9751,590.394883758,0.3267332108892727,527.7423316506778
WC,9818,604.132522412,0.32852469961883596,545.0982705508962
WC,9816,543.556452266,0.25028893677272834,449.9095733941769
WC,9815,524.441791261,0.2765803506934119,496.7136956308402
WC,9747,550.978597328,0.3574211770526352,299.5030323402554
WC,9755,612.257827871,0.3430068167924349,471.2048054713829
WC,9750,600.316124882,0.32465406396998425,527.7431619083181
WC,9741,523.276922288,0.45655192557503205,335.26628956514253
WC,9806,593.013594715,0.37381965893310154,485.66230971392457
WC,9821,399.380609214,0.49759607448444504,188.0091439041437
WC,9811,595.40316549,0.4524585321310937,534.3115681068571
WC,9805,574.014104491,0.3675196278976072,526.6812015309054
WC,9810,497.71107209,0.44947482203794764,361.028227892109
WC,9812,448.826958815,0.5146472345949163,398.6309724097158
WC,9756,633.773082742,0.3784448844777297,500.1284061207491
WC,9824,599.525096932,0.369918015993331,381.80199267817477
WC,9822,501.761149971,0.446179798945605,436.4958456002029
WC,9823,543.254862843,0.4582536081685244,393.89779432708144
WC,9808,714.544169334,0.4165985737116501,641.8549397188076
WC,9795,543.39575487,0.4014768326078271,414.3961720784506
WC,9826,600.116458085,0.38618918866428714,415.1972409117455
WC,9804,542.027968355,0.35968862712030575,444.3783789242015
WC,9803,596.118456636,0.34055891115517406,520.8946489221909
WC,9799,558.375385577,0.3583875179258932,492.23040041456034
WC,9740,624.744538345,0.41423505023560964,535.374591214049
WC,9773,539.064154502,0.344582715218525,488.8123659320906
WC,9796,530.889765734,0.4135975023360046,398.0944864011278
WC,9871,509.906337846,0.3428570612694355,308.9641117170745
WC,9801,587.82283117,0.37414419595929455,497.75373867259304
WC,9791,515.40383101,0.4124564692277133,465.929582603305
WC,9873,502.028364026,0.33954166258158885,241.91179746740005
WC,9872,514.666702232,0.36372978667837647,273.9916745653339
WC,9877,667.470765781,0.2795967909991952,370.4908594468061
WC,9874,526.656928094,0.296388754380398,309.2256964290844
WC,9788,521.262463344,0.32015401776032276,404.3995532166724
WC,9673,814.817669597,0.35178976919915944,470.91469591926125
WC,9800,586.919639161,0.3607186436680618,570.3256799136892
WC,9777,589.640102886,0.33655300363898283,473.2956982780905
WC,9780,597.619969966,0.3928840340864965,512.734941370347
WC,9798,538.391070485,0.35647114489521387,413.3465557621975
WC,9778,557.623666124,0.3693833074312516,450.9452858719171
WC,9770,696.005635211,0.3709649724691446,640.0036711748907
WC,9782,473.039824379,0.47402933373963513,420.96773953905284
WC,9781,628.35065255,0.4163862143010832,547.1793044445561
WC,9797,543.166659941,0.3891851010265176,404.14283255782783
WC,9783,471.666974565,0.5270288672460162,435.4288445865407
WC,9779,620.277694127,0.3717109977670231,533.5078787111768
WC,9677,556.635069341,0.31521580645816727,447.5168670055912
WC,9675,621.170513269,0.4159962656890383,423.3257667691099
WC,9745,556.217517571,0.3412517962113204,367.8721776027306
WC,9743,572.942706106,0.36284439178454386,363.66678113750385
WC,9742,569.133333342,0.2924773147124708,439.6610723757276
WC,9746,604.855395299,0.4345038939479086,448.8608507044176
WC,9735,1100.73353482,0.3428542270622108,1006.8542485255821
WC,9739,538.508879436,0.3452024976771799,450.70435423009536
WC,9749,593.240391178,0.3460617707573935,413.09719666125716
WC,9737,698.162782374,0.36168114858467665,582.7060096890318
WC,9730,521.294380727,0.29965974111271565,454.6472568287569
WC,9734,997.264284998,0.3542807194564179,920.6040431003944
WC,9754,613.962045308,0.3306723321731934,467.26134036195043
WC,9807,716.10391991,0.3765053181462928,625.8139033598057
WC,9736,948.668589689,0.3082819163655271,870.6430641922295
WC,9738,653.780824414,0.37653793435470734,536.4261996400122
WC,9752,579.263461995,0.3294427029238035,505.3907531439089
WC,9733,793.840633089,0.31681280683570956,745.2120571959254
WC,9753,567.140327333,0.3304394231347421,398.6322992063035
WC,9760,628.034505603,0.43590516834570503,507.2250805125517
WC,9814,526.506316493,0.333180762347878,379.9625254612343
WC,9757,589.077249557,0.4098242557621122,416.2468125287224
WC,9813,560.985559167,0.3975542861650547,425.45187853644876
WC,9697,564.670582137,0.40413864958100026,572.1659785551184
WC,9763,500.647471857,0.362866113260449,323.6869983448702
WC,9767,522.248193111,0.38152596647441606,355.7639521879308
WC,9759,660.059263259,0.4085830238077244,426.23805874095245
WC,9694,558.385443734,0.38634990151914855,414.39723839853326
WC,9774,636.310788006,0.3814995336539102,481.44849557315604
WC,9761,600.740905173,0.4027658014992237,409.671204331342
WC,9729,618.930148552,0.33661298378954774,507.7628140019435
WC,9765,536.230731322,0.31272061819429453,432.01906343347883
WC,9762,610.485401517,0.4168111181794069,410.19607813218056
WC,9764,576.29046222,0.3223031846500694,466.20352244657624
WC,9766,497.755131395,0.38134959795092804,344.4578188727884
WC,9698,551.45201587,0.44342806776308363,556.915675084731
WC,9758,679.780090571,0.4015100237366887,567.7046993180817
WC,9696,551.281361377,0.3714368350894013,478.03111341887825
WC,9776,601.410780245,0.35367888208892617,473.295680775362
WC,9769,558.79861445,0.38420568050144444,566.118221208161
WC,9695,540.719054692,0.3257838612232135,409.40203704833976
WC,9771,557.727013407,0.3831098488123951,431.4915582694259
WC,9772,578.24783582,0.39192652873025957,509.58492910347735
WC,9768,535.176122777,0.3210249424648998,492.49366984647867
WC,9681,634.679320069,0.4572930192769463,528.5040825937308
WC,9785,551.636399909,0.3104611778553524,394.1450917262657
WC,9784,610.520135239,0.34017433743543196,491.4338536879596
WC,9775,591.694710033,0.36551292072893327,443.8471916348327
WC,9692,574.41236586,0.3883260648029395,596.6142082363954
WC,9786,572.132420409,0.3204091671133561,482.492088168275
WC,9676,564.392451942,0.3479542883045701,414.64916728898595
WC,9678,565.705720649,0.37646671605543897,476.96706207873774
WC,9679,647.862888747,0.44357901537748107,560.845309119131
WC,9787,530.72383619,0.34436298555434935,398.0888675764495
WC,9728,650.326928926,0.37228467983756014,500.3996364518708
WC,9706,571.181590436,0.41104166458984065,559.5507348453298
WC,9723,679.658420921,0.48327055095633387,505.130177785836
WC,9727,647.769131471,0.38383882469018543,511.18039069082226
WC,9703,551.586403126,0.412426082619431,533.2536735983456
WC,9700,530.748640872,0.4927670672125088,524.5750283633961
WC,9702,519.515894139,0.357150451531486,447.2694909488454
WC,9680,672.533394901,0.4682246952705557,547.9611072016697
WC,9693,560.48362351,0.3950189172010512,478.8172786039465
WC,9701,550.787064201,0.4290106977115978,361.54913644229674
WC,9699,539.162659871,0.4654522221015981,527.9926948996151
WC,9688,538.646501199,0.3802184859142706,509.5782050637638
WC,9704,546.806374813,0.4050026616781514,557.7083714204675
WC,9686,582.734720907,0.40343243705768894,582.4103668811274
WC,9689,555.833593742,0.4294981446621036,464.61605547736673
WC,9691,573.635189832,0.40419127220451,456.465801224054
WC,9684,559.317732177,0.4712856073862534,385.46772428026395
WC,9690,569.07950063,0.4713793202964444,405.98083265715957
WC,9724,627.26401687,0.33422504027961436,528.2718163583793
WC,9720,692.093564263,0.4246912415190299,581.9112859090168
WC,9731,616.893322595,0.3491743668935896,533.0069446339326
WC,9721,634.458327169,0.42670834289406834,585.3296852560605
WC,9722,620.635033911,0.4247975839807284,536.9462848139743
WC,9719,615.8796182,0.4023040403328933,506.18097163181676
WC,9710,525.871430767,0.4395491798453316,511.69802009732103
WC,9707,596.932951227,0.40705237883151824,591.3680912691003
WC,9713,534.081880842,0.3721746800907733,358.13581545960676
WC,9708,637.490175529,0.41671367064514203,643.4323889339671
WC,9732,679.523141051,0.3441988948126339,547.7318873087567
WC,9709,564.172260451,0.43324244856834415,565.3380145802216
WC,9711,609.653520925,0.43794018577418686,581.3803942512063
WC,9726,526.788897989,0.2978450189933259,357.3536757525276
WC,9725,496.831367862,0.28932325690885446,394.69266162947105
WC,9712,635.291824098,0.37632700434427824,420.19108509736895
WC,9718,532.827179859,0.35524054318486287,434.9210730459176
WC,9717,524.134421402,0.3460603911139955,385.48537531834023
WC,9564,525.394990081,0.38238420948117435,524.8171198527019
WC,9566,484.203584122,0.3561866780230042,484.06168398389633
WC,9705,516.977967586,0.3852664949767517,520.6335121603573
WC,9716,548.679011506,0.3417714113313465,366.5522746964997
WC,9559,669.302545616,0.4019625329545566,644.1868745392444
WC,9560,858.520365886,0.32836810378046394,865.0534489949545
WC,9563,506.252902113,0.4024001611310348,510.61847842347385
WC,9670,523.933807686,0.5173750672111854,526.6583335128485
WC,9672,664.51741077,0.43043607874093814,389.142536686916
WC,9370,521.430165784,0.473848573364336,211.89084978290632
WC,9668,627.346107156,0.4132528661218416,407.0216114717372
WC,9667,622.268457114,0.4477744326345238,336.0298844281365
WC,9669,471.625773506,0.4772700686378783,461.97535935944205
WC,9685,581.416293497,0.4367678435193917,474.07874899471517
WC,9664,580.501494544,0.3423282285743856,295.0117029526654
WC,9666,591.048879127,0.37587112897918346,419.6427483951344
WC,9665,567.795697556,0.35238502203324523,286.5979572370941
WC,9663,570.703432331,0.36899932668902696,252.15330457500383
WC,9671,791.0490329,0.3258027893136924,373.3656731399835
WC,9682,611.479224716,0.45386535044600185,516.4094949759689
WC,9654,639.486411735,0.4206641372663714,621.3110595703125
WC,9648,591.928544268,0.38598233358544753,590.5437075745825
WC,9645,776.587624693,0.4129736556972905,628.1403050142177
WC,9647,655.189746893,0.39629266926596696,648.6506572648591
WC,9683,564.473661662,0.37678522150031185,472.76212574079926
WC,9650,718.143120463,0.4322535768821299,584.7608893899356
WC,9657,488.195288961,0.36929705547481323,482.7465247659122
WC,9655,491.784987354,0.3813821772995336,500.36316046621283
WC,9687,528.400607515,0.37408931628405606,511.6804434682809
WC,9715,542.615995246,0.28298417427694755,364.1847915350222
WC,9658,617.288159724,0.3751698159587361,579.5045446956859
WC,9656,578.07713231,0.3936074448428747,574.2465006809608
WC,9652,535.11589268,0.4385387624447891,542.6941048715629
WC,9653,553.199834488,0.42952140697188007,551.8970251345168
WC,9651,527.363089987,0.4095161224288187,525.6029191858628
WC,9659,586.939750165,0.3461959644906468,382.83070053399774
WC,9662,577.619033268,0.35468309037729145,229.27796807382623
WC,9660,606.094898678,0.3849849515526478,147.50529004265283
WC,9642,574.08050864,0.40171787133155434,326.56022195255053
WC,9646,736.40016173,0.43109376935349836,748.3010999193377
WC,9628,486.148681399,0.35390306531859833,479.3155869427849
WC,9627,428.321553778,0.3908056288153799,380.1916137096929
WC,9649,675.184260754,0.4075631531777572,639.1871245440315
WC,9639,728.086530201,0.4414006469159406,506.6653455846449
WC,9641,562.644112038,0.310778096309058,426.47460757984834
WC,9636,504.348812589,0.4080653089687332,494.5719039019417
WC,9640,582.343348477,0.3909306511465858,471.1712695851046
WC,9632,636.625434445,0.4617164853478943,632.8692941104666
WC,9629,539.468745843,0.4386547697152295,541.104466157801
WC,9633,560.33982498,0.4474789415885047,561.0907740873449
WC,9635,475.927522611,0.3981908913795478,470.38192614387066
WC,9634,510.109754388,0.4197951041552116,507.19128373089956
WC,9630,633.528355189,0.4909888233382382,627.6087040620693
WC,9637,577.956931309,0.43087370321154606,586.8602568682502
WC,9623,405.4933609,0.5540370888814719,395.17903756534344
WC,9643,558.598188252,0.3788488253174773,413.852066040039
WC,9638,976.412966727,0.4855598956561784,909.9981173347023
WC,9631,707.143071785,0.46698087245563946,718.5828381706688
WC,9371,513.910288134,0.41554210024866883,335.9761121862075
WC,9661,551.019912289,0.36485714501180333,290.01535506902957
WC,9644,598.721122495,0.43147494356073335,443.0374962301815
WC,9608,486.764250977,0.5816521842060385,494.8234977871764
WC,9620,490.275559123,0.5159318996236679,494.3036423327876
WC,9624,463.497397709,0.38113011997679014,453.54684448242193
WC,9609,519.04369009,0.5692123135939466,517.9620166853363
WC,9617,472.129633836,0.4231216412164937,476.951063118729
WC,9619,458.603951473,0.483338555433489,448.81728467754294
WC,9587,476.00981588,0.38598041264609934,472.22576317880663
WC,9589,505.4281833,0.45939433951898484,438.3057789522059
WC,9618,522.536977024,0.515839875193471,523.4877453074737
WC,9616,503.916301501,0.4063228676347057,516.127195889342
WC,9614,568.903398974,0.3963819521220509,556.3544351615159
WC,9615,529.313450712,0.4680531742517838,524.8027804505591
WC,9613,436.779715391,0.3810111679800849,430.67422051523243
WC,9612,488.918859528,0.551903444826084,453.0217245363722
WC,9599,397.556881119,0.41023678851612916,400.4374271766812
WC,9611,359.844598249,0.460051877523967,284.485811959061
WC,9597,547.447635509,0.3856914261442524,537.6862841437844
WC,9600,336.525576767,0.47536115465643636,337.3341730753581
WC,9598,491.961587089,0.39922904940116827,501.1391932468789
WC,9603,448.126610469,0.38412633772896626,457.4895935058594
WC,9607,546.517547867,0.489316545758712,537.1531640445486
WC,9625,472.34534453,0.30857053626120856,367.56991568172685
WC,9622,463.729771482,0.500946190291888,479.84094516529757
WC,9610,454.985843743,0.5647627679936758,357.3155631570255
WC,9621,524.354282489,0.5087749227341919,515.598466760972
WC,9604,457.807710639,0.38682424706146695,445.1314316394283
WC,9553,477.322392584,0.4175619032969044,471.69727145924287
WC,9493,515.487066081,0.31824885622175586,523.7253918816061
WC,9582,494.065370512,0.4092838575085523,482.7460418701172
WC,9584,478.986699779,0.3062968039303871,585.552399339863
WC,9583,496.382316742,0.33073116048754614,499.3112961713005
WC,9580,495.297188991,0.3683355660466057,501.1518860162474
WC,9714,509.585659883,0.32011997777591056,251.64180890251606
WC,9581,502.987081358,0.4062255891774206,506.9361413095512
WC,9578,504.930096565,0.3711367076941102,517.717092297124
WC,9576,536.26080265,0.4225723170167301,522.9750328512753
WC,9574,487.478593508,0.5144064959752163,488.52860723757277
WC,9579,498.442247362,0.3857294622822922,481.957745810116
WC,9575,503.460761135,0.4270146585109268,518.5046303543389
WC,9572,455.257060103,0.37868506408257574,446.19600512934664
WC,9520,473.223439223,0.38380851335404964,468.00405584597115
WC,9577,531.158824344,0.43581450897278184,531.1260953417011
WC,9585,503.07378509,0.37289880969358624,502.99023503322223
WC,9588,514.291067086,0.4208151272235025,516.6601477230297
WC,9586,501.051998993,0.39248192272063814,491.42040518966377
WC,9592,504.385469532,0.419664088611054,497.725788340849
WC,9590,500.301360084,0.4079362234408907,438.5681605619542
WC,9591,494.930150239,0.39685380230600903,473.8000066420611
WC,9595,680.358163912,0.42957044809110567,662.579418406767
WC,9593,496.81688286,0.4161064169690636,510.3455415613512
WC,9573,461.770315569,0.43328658885666405,463.5498041788737
WC,9601,443.770125591,0.3354994263815678,372.30346033432903
WC,9674,691.51535342,0.39343986145425786,364.16436288871023
WC,9570,450.082886213,0.42843985041951177,442.2538690604416
WC,9596,608.881702584,0.411646472304377,551.0967689962948
WC,9521,469.689096163,0.40068715282612377,473.26337971406826
WC,9555,553.797784091,0.4401646871494767,548.4753034404681
WC,9569,495.132567223,0.411026822416641,505.3582481533873
WC,9567,496.840191554,0.36625676878237284,484.5870203653971
WC,9558,1697.04705872,0.3737386031596928,1693.2918433395087
WC,9557,839.36317683,0.4202457161826952,810.3583010505229
WC,9562,491.209409244,0.42516984720789586,488.5319442150639
WC,9568,493.162294748,0.3967986312104669,502.46609739415794
WC,9565,508.404691387,0.3748632544823758,509.3035032085343
WC,9594,535.868124987,0.40812876485723015,540.5813805075253
WC,9571,555.063691989,0.3841318743975178,551.895069436466
WC,9554,487.401504491,0.45781959260737953,490.1035008149989
WC,9522,476.8135538,0.41030322836139504,485.88463897705077
WC,9602,489.481483396,0.3257026049875436,491.9333663342046
WC,9556,720.742109732,0.41617334934336875,732.0030327292047
WC,9548,475.60466399,0.42123582773012663,479.84785775577325
WC,9547,480.199783067,0.4256184467387029,473.53820244284236
WC,9561,460.894049258,0.38801688368034154,461.97555368460854
WC,9542,524.526633418,0.4022784550678427,528.7532474293428
WC,9541,464.388537587,0.352332333849718,373.09921758315147
WC,9540,497.797766538,0.37854554890444764,384.40461730957026
WC,9535,426.614648498,0.3154116546288446,374.9379142312443
WC,9539,480.500726708,0.40392789011155045,404.38724742216226
WC,9537,544.430700383,0.28013523673537205,357.06061598833867
WC,9532,522.051674422,0.3873094034758973,533.4821997249828
WC,9543,486.651109878,0.3787734254491317,479.0597942576689
WC,9538,415.688125577,0.35447142889811223,283.7024563060087
WC,9517,547.26980016,0.4122128496625333,541.0950060676126
WC,9545,525.010801573,0.39792468715487894,510.34767375272855
WC,9544,523.318412953,0.3869809192765164,511.66241679472085
WC,9527,481.19926796,0.39418934480003687,477.7379243738512
WC,9523,486.390114204,0.41258226359082806,489.0405744664808
WC,9528,466.331748782,0.42390787567966354,467.7476528392118
WC,9529,485.225895393,0.4144161976575215,491.93750762939464
WC,9546,499.932479864,0.3691977720126646,458.5494815602022
WC,9550,482.338548658,0.4279909353841837,480.6360792272231
WC,9549,503.835056791,0.3943034377170063,496.4109685561237
WC,9524,482.263942348,0.39684335403884485,476.4210165584788
WC,9519,480.757472986,0.37788690848930456,486.40789959477434
WC,9552,486.183487374,0.41121301685540623,494.57207040225757
WC,9551,491.814293674,0.42640663755580804,494.0454877965591
WC,9605,568.19362204,0.32600153799428316,577.3811603321748
WC,9466,482.402908946,0.4528496297348256,480.86019101610367
WC,9515,746.76887894,0.39574779276514965,741.967012682148
WC,9511,525.460959529,0.39394509708166003,521.3727312275008
WC,9526,480.832533774,0.38224217683945205,478.26290016922286
WC,9513,737.303100837,0.41358810108786015,741.9654435400869
WC,9514,771.127207543,0.42703795902098174,765.1035322301528
WC,9531,503.87951279,0.3713568392855077,496.6713597914752
WC,9525,483.943216882,0.38511263313500776,483.7835928225049
WC,9530,484.784386194,0.4087643172513368,473.79618072509766
WC,9509,491.102228248,0.39278386551232386,501.3893142401003
WC,9510,480.504016997,0.4093244981332498,477.46427627264285
WC,9533,528.653297001,0.407817821436791,523.228630065918
WC,9534,483.154324035,0.3914709854029839,489.0487123377183
WC,9506,456.49148677,0.3888053854351388,465.8937816545075
WC,9507,489.303518283,0.4006408365440263,476.14790266448364
WC,9504,468.637788204,0.3764880567636767,463.000029260972
WC,9501,489.836706438,0.3824883722899642,497.1771643545114
WC,9505,486.511652372,0.40188477044732684,493.76223647173714
WC,9500,485.85022175,0.40615727547636793,485.87096566592936
WC,9508,492.813699185,0.38016377068001966,488.7685817643708
WC,9516,605.040116279,0.40107936920844706,601.8292462517232
WC,9512,540.917031693,0.37711562772405316,531.8893071791705
WC,9494,490.310400513,0.36626546338585947,487.9699888640759
WC,9495,492.545830204,0.40096194734935126,478.2431482651655
WC,9492,618.727831937,0.29136108860511334,511.6298638736501
WC,9491,516.551634341,0.36526476897058946,489.0192727481618
WC,9474,626.911061817,0.41602734127158775,637.2888810101675
WC,9497,497.580889647,0.4349151593640438,493.49316816142965
WC,9498,501.71508083,0.40011788880316035,498.7519778382544
WC,9518,485.813095176,0.3851418689208951,471.6834745519302
WC,9490,523.040920429,0.3570481261049065,532.6623619528377
WC,9496,497.232205721,0.42911551825988903,498.7508686439664
WC,9488,498.528823219,0.3728558676159019,501.11238178926357
WC,9487,485.397049776,0.39150628041880836,479.02739248836747
WC,9499,514.576703274,0.4034270590373968,516.8941726086188
WC,9502,446.564696914,0.3670359320071418,442.75372514911726
WC,9478,493.355544536,0.4359457053286601,507.15286563050506
WC,9483,493.700101597,0.40662327340443927,492.95973654354316
WC,9484,473.424433446,0.3990294543315441,471.9276832131778
WC,9481,495.218595254,0.3927207415663689,488.2260399313534
WC,9482,486.271837626,0.39431405757416665,487.1753268073587
WC,9485,482.935113459,0.40589982732038554,487.9655433205997
WC,9503,493.775315124,0.32895730441471316,487.7134294696882
WC,9486,492.198576423,0.40751411893833417,492.69830106847434
WC,9477,539.855404347,0.4325830819046627,532.6542693792605
WC,9480,502.453297884,0.39702524851245724,511.624197028665
WC,9469,426.204222316,0.48277947958615547,431.4328736249139
WC,9479,505.011598711,0.37706506068225076,489.53884869743797
WC,9423,507.574397294,0.3563629406032425,509.5063799689798
WC,9489,542.442714419,0.3537459871171416,526.6146578620462
WC,9382,536.669364817,0.3533479407241073,332.3014276841107
WC,9606,634.846580985,0.3268438568284106,627.3355703615675
WC,9476,611.046449152,0.4654211014770626,599.4322123808023
WC,9468,485.853965517,0.514652148469702,485.8548674639534
WC,9470,421.987017586,0.4803579374607566,398.8311778648226
WC,9475,564.74907339,0.4543229967745302,563.1498659021713
WC,9463,492.280937556,0.406997124709581,499.52828901702287
WC,9458,489.986891967,0.37727371119503833,488.75168932746436
WC,9433,495.846866927,0.3690956875960032,492.95192359475527
WC,9432,499.038418709,0.37496257736089056,497.1576052198224
WC,9452,506.268299495,0.38342360017766086,506.6328002032111
WC,9457,505.385585265,0.36145562793951963,500.8456883149988
WC,9453,492.49743932,0.3807451998667756,482.44427939022285
WC,9536,582.27755574,0.2827728610156066,478.2704862706801
WC,9448,547.854673855,0.30843425962414645,539.2368975471047
WC,9449,507.635038434,0.33125766388705513,481.13248892391425
WC,9444,491.492239514,0.38506482907252965,501.37373558493226
WC,9440,469.460820562,0.38496741981814153,480.60074050005755
WC,9451,488.036576349,0.3729349396796847,492.69898861155787
WC,9441,538.078757537,0.4268013840084056,534.4988553215476
WC,9455,498.431307189,0.3658947550837643,432.7528654210708
WC,9438,519.836427019,0.3828886782466875,511.0967947567211
WC,9436,501.318912092,0.3777805255685107,503.2079057581285
WC,9454,496.192709476,0.36958564821099676,490.59399360207937
WC,9456,504.438373949,0.3550921080353693,511.8886690027574
WC,9417,511.887127392,0.3545188844341445,455.86996818991264
WC,9431,498.031420357,0.38486849955413027,493.73896933162916
WC,9460,510.718838481,0.3596614311680281,516.0928513171626
WC,9437,514.432825484,0.3819901194786414,512.6734463261622
WC,9462,506.243670795,0.4002962160956635,503.73521692612593
WC,9461,501.734650286,0.38878901989011416,505.8389967376112
WC,9464,480.991580084,0.4156571374067309,470.8705890730317
WC,9435,508.143506583,0.3650593373993909,507.93938257554
WC,9459,499.938001434,0.3654140619200144,489.8027251000498
WC,9429,500.271735544,0.36111073213701367,507.1454825008617
WC,9465,493.674257731,0.4107914378835658,491.37649742575246
WC,9434,502.44877424,0.3616076303950374,500.31419890160646
WC,9426,502.157230309,0.35556419373066406,493.73473038018915
WC,9430,497.460405789,0.38289187907221456,494.26394638360716
WC,9471,430.959295937,0.4432677933844654,433.7971788294175
WC,9424,499.115985066,0.35725575816726174,495.5733488494275
WC,9467,475.97280608,0.49844171599129955,475.86468475940177
WC,9422,507.091968941,0.3647220114793034,495.04586672315406
WC,9383,576.253017657,0.34104417397274545,510.28414001464836
WC,9420,498.41542717,0.3276965057566052,458.2378513111788
WC,9421,517.84958232,0.36224620987651485,530.2739126168045
WC,9376,506.375242424,0.3788178512827929,358.3248967787799
WC,9419,548.272716039,0.2682192292339799,377.0001386754654
WC,9385,486.151888968,0.4237165876494658,480.8405238432043
WC,9443,483.656942728,0.3534400064506233,486.9126674876494
WC,9428,506.752644536,0.35065062045121637,505.8300861732634
WC,9418,486.162849088,0.4080449120353554,411.1778271245022
WC,9447,493.307456486,0.314008605566997,487.4423483455883
WC,9406,476.029267515,0.3892228792984585,481.37149975346586
WC,9450,487.521574051,0.3364239978074746,444.58675196030566
WC,9425,507.06308767,0.35741467334820576,503.1984118293312
WC,9427,500.015792322,0.35239325924411036,492.4210669723211
WC,9411,497.660451261,0.47377598949204536,485.3137748568665
WC,9412,472.480205614,0.48148792056511686,469.802739910051
WC,9415,502.234615998,0.3710139564128161,492.67473841648484
WC,9416,516.555630725,0.33724549402067355,514.4956398758234
WC,9384,439.803663933,0.3983974866905868,436.1475158691406
WC,9408,485.38150757,0.40374059173522964,484.7889576332242
WC,9407,492.482865357,0.39140591568516137,491.88729918236817
WC,9380,520.743055774,0.41077158500009525,387.5087632123162
WC,9414,467.512681624,0.3940207324819685,478.2151559567919
WC,9387,496.494113005,0.4221017337762393,495.5627369600184
WC,9386,506.677251274,0.43263441424760785,506.6049219168868
WC,9409,518.322705907,0.4446342654548743,522.1203725478227
WC,9381,483.940005949,0.4800393630165058,393.5561910292682
WC,9390,506.502435587,0.44555061146518454,517.1207849539962
WC,9413,437.904683943,0.41743002901785076,437.4652042164522
WC,9410,520.453545754,0.45965099927070635,509.2378671683517
WC,9312,473.472040672,0.4972452692085353,435.8829326854034
WC,9446,529.593558793,0.27179033519594975,526.0897763420554
WC,9439,530.07863278,0.3695357822570481,531.8672622381472
WC,9405,433.763866047,0.39006631096622146,424.84768601959826
WC,9404,424.358150889,0.2998877001584491,325.2085044711244
WC,9403,491.915882504,0.2673635014153134,268.42200051101986
WC,9399,507.816570576,0.3255125005849328,465.856553440468
WC,9395,534.147104534,0.4037131854693882,530.5289852366728
WC,9401,481.489408106,0.26368038431382607,307.85570331648285
WC,9397,494.373671131,0.39501029514290964,494.7750187892541
WC,9398,376.093608789,0.46042437549364773,387.77670662075866
WC,9310,473.032962504,0.444124149269165,345.44764278636256
WC,9402,511.195416872,0.2525018018855196,337.8274189070159
WC,9445,489.633564858,0.30361664823510437,491.64682276108687
WC,9442,431.924165928,0.33350834957623887,418.8176410450656
WC,9309,722.288433645,0.3604935619786258,601.2492932487937
WC,9302,457.862857602,0.5226745343149115,423.52728567684403
WC,9308,1717.87789418,0.35801346704771553,1690.9716056374943
WC,9305,520.250326745,0.26208456867409796,526.849334417605
WC,9306,593.091160778,0.23423889149859742,490.0448061774759
WC,9304,497.866493491,0.26779144919842857,498.45505730124086
WC,9299,466.466524985,0.41005126741570497,466.64060974121094
WC,9314,500.308668223,0.4024662451007512,502.91984459372134
WC,9303,509.656658092,0.3310836102226805,472.4271927777459
WC,9307,1296.75716927,0.3105374701253904,1078.1542020610734
WC,9301,488.749531333,0.39092227968337856,485.30779966466565
WC,9295,504.0961358,0.4402004036708369,498.18691926843974
WC,9377,514.408528721,0.38866244462138794,371.47020936853744
WC,9472,554.627903086,0.3351331149484394,556.57400264366
WC,9391,592.302284061,0.4194935688421223,594.6746000701305
WC,9375,512.955756331,0.3740247955958768,406.69671430400774
WC,9379,531.656125582,0.3913081517428998,383.03889608944166
WC,9372,515.925308428,0.38163648445238113,471.62912606632005
WC,9373,511.820438342,0.372915730338327,478.9908504411286
WC,9374,524.004147396,0.37257622866298873,442.186560716816
WC,9473,570.922164478,0.3413701897987457,563.6730316461301
WC,9879,612.104926541,0.2993675299717071,349.71863107120294
WC,9626,537.335253137,0.2621357896424443,454.8614935781441
WC,9160,478.789318694,0.3287174903456397,470.0097215540269
WC,9341,519.377095286,0.3740143769461176,507.90197547463805
WC,9367,481.156918911,0.4692856071703884,327.3001776302562
WC,9366,511.022615877,0.4518998812442034,440.86947335635915
WC,9361,507.612595444,0.4237288962785177,518.4227895100912
WC,9358,518.010764425,0.4105048312622466,530.77826053395
WC,9362,506.562241869,0.4061712755484783,494.2368790869619
WC,9378,512.486502498,0.39569527464140636,396.4458828196807
WC,9389,516.185938147,0.44977464606251555,508.44457576976095
WC,9392,523.282733744,0.4074591943378737,538.6772102206362
WC,9359,511.823629,0.4080142793965315,513.6905576518938
WC,9363,522.997105601,0.41077042920375934,528.4125747680664
WC,9393,533.07106627,0.40739062934210807,520.5376449285769
WC,9364,525.073240029,0.4102095999037405,503.96311250574456
WC,9360,502.217680031,0.4176324713078436,495.8143476000019
WC,9365,528.866208451,0.3365204754856326,521.575987034218
WC,9342,487.492351174,0.40324012993474384,436.66011714561307
WC,9355,514.12458222,0.4143877163175937,421.15241573558137
WC,9351,515.132129871,0.4101231325968321,517.6366786283605
WC,9394,527.579512465,0.41256987849773147,532.1054744645661
WC,9396,513.439729336,0.3895015551158467,499.770137831744
WC,9352,507.668067736,0.43452516465615,492.1350866878733
WC,9350,482.940993609,0.4198051397780796,478.4651647829543
WC,9349,483.967117584,0.37927663910875814,424.8351697435566
WC,9356,522.200092284,0.4090994380073804,528.9382688036152
WC,9357,533.058008897,0.37854538641836133,520.2621165855257
WC,9354,532.561946044,0.427034465183095,464.79284709855625
WC,9353,555.248312965,0.4492282363509838,510.2740937176873
WC,9343,479.932747495,0.47740827774910966,484.5069983688056
WC,9340,499.474579768,0.3958292922308278,486.08217937993066
WC,9348,529.410191152,0.32864639713729715,490.82083073036347
WC,9346,553.368751521,0.37210332617025865,398.01756487079695
WC,9344,538.735271163,0.4696878975688531,533.6683375040691
WC,9330,536.070852366,0.4563982225068669,420.097530260273
WC,9339,523.984305846,0.3753946376766806,408.7924548878389
WC,9338,506.75133015,0.388228709485824,493.9678226844937
WC,9345,513.834737332,0.46713438565636745,425.35795814663754
WC,9268,493.995345121,0.3215508323056358,322.03800003949334
WC,9336,561.173726989,0.38553533001133233,445.33255944345507
WC,9337,531.348047784,0.33714760689970263,491.0751790065392
WC,9267,545.212132636,0.3358031039152826,368.04255541633154
WC,9264,448.156717436,0.3259222862246042,367.25228385177314
WC,9224,498.55034659,0.32814138428248624,197.68666426714728
WC,9333,440.38227009,0.38308881533591077,316.7803643320121
WC,9400,566.328656897,0.2374252062551557,488.46656521067905
WC,9388,497.886853412,0.42750727710031067,493.98523730109724
WC,9311,492.099366627,0.4834870683535727,456.3896603752584
WC,9317,507.060143259,0.381963905295793,494.2419141881606
WC,9320,510.67631327,0.3702001099657152,408.01054995667704
WC,9321,470.716523837,0.3906328916806916,426.4124298394895
WC,9322,548.91785546,0.42568367316168193,537.8783704869888
WC,9347,565.079806818,0.33065569892985414,434.5607091567096
WC,9315,508.129779374,0.4051503172688524,511.06877827363854
WC,9313,495.986413101,0.45171104074511825,476.1052576401654
WC,9283,511.675595418,0.4229155909746674,513.6901698991365
WC,9318,510.566004122,0.33621516217072717,485.565604355756
WC,9300,539.162456796,0.5215715710973668,538.6742833754596
WC,9280,547.981096894,0.4185492964119472,551.2818955365349
WC,9323,445.791352169,0.31675063855107954,338.86793763403796
WC,9319,501.911170997,0.3237965790073524,397.7582606596106
WC,9276,505.640418986,0.39339001577458743,501.8582243676279
WC,9298,487.527242326,0.3959418775844369,485.8313759298885
WC,9316,518.179024057,0.4123317984796246,519.480665139591
WC,9277,495.456938171,0.4150437023225334,461.37365363625906
WC,9254,508.755495387,0.4278296572002243,437.1827125998105
WC,9228,471.858902496,0.38399095975805736,475.55551213283167
WC,9329,484.571589985,0.34673879717291356,408.2678686104569
WC,9270,473.218160368,0.3339821859789873,397.22553740856694
WC,9265,455.689238887,0.4149273853578207,326.7686556946998
WC,9331,462.261033555,0.43810290578872924,268.93551213881545
WC,9269,448.305665879,0.3198422279797103,369.6216744217218
WC,9324,482.191631274,0.33903925976416033,342.0220183727788
WC,9328,526.255420762,0.4377517476027757,451.90873843922327
WC,9327,495.320034784,0.37468034842790593,430.3520736993528
WC,9266,540.380767677,0.4417022958076917,427.1923740162569
WC,9271,517.055594196,0.3778243367379029,385.1327565511068
WC,9326,509.768157876,0.3768825548629197,497.9154008453968
WC,9325,511.646128309,0.40327011357403036,436.6625446394378
WC,9272,511.06936879,0.3749910051933783,383.555743557799
WC,9279,558.784533953,0.40174110012154784,549.7043368171244
WC,9278,540.997851126,0.42037572848923865,518.1577620562384
WC,9257,513.289772401,0.4483171013732373,512.8932534610524
WC,9273,499.171340511,0.36053308730267664,370.14878213919854
WC,9275,518.454674345,0.354219168577635,409.5833748910941
WC,9274,502.271402999,0.355240651401588,308.63281031589884
WC,9260,545.97560608,0.45138214580007313,426.40288355210254
WC,9258,515.724242363,0.47163254597041715,478.7178500904757
WC,9332,483.155263415,0.2701347081751264,334.130896026013
WC,9263,622.256538517,0.27388467433618213,620.6741650749655
WC,9335,479.588979893,0.3261130361237926,316.25392874923403
WC,9262,339.502461092,0.4490342689596051,328.34587046305336
WC,9261,530.155981998,0.4813948786362471,483.18739247041594
WC,9225,540.544265789,0.3052435757025429,386.9616918227252
WC,9334,454.222726402,0.27702581881355576,349.3776803708544
WC,9292,495.816168907,0.3671428486982389,493.9796162324793
WC,9293,487.242369926,0.3702714284388632,491.3516089046703
WC,9297,486.417157429,0.4004543614650958,475.8408508300781
WC,9291,487.495866215,0.3256720518908749,488.7216026754941
WC,9288,459.201292646,0.41773470381756755,375.9378658519072
WC,9285,507.063302389,0.38141581566486976,495.0259364707797
WC,9287,505.961180298,0.41618612091881896,460.06293299057904
WC,9294,503.452529311,0.4018122981296157,506.5994438620175
WC,9290,548.137076962,0.2896763978150109,525.000002782485
WC,9248,477.090801762,0.4096496127537619,476.88081135469326
WC,9249,504.062561524,0.3735870564730921,503.4322165395699
WC,9284,522.398391361,0.3941951758779205,525.2578087301815
WC,9286,516.551183671,0.3922152167030528,519.2129334094477
WC,9246,436.691496076,0.41995120642779465,437.70967805151844
WC,9251,507.23794419,0.4071190050643456,504.4834399952608
WC,9250,521.62559757,0.37842190484015126,520.257016619514
WC,9296,501.982345388,0.4543576801533688,498.45014621510234
WC,9281,537.459609506,0.3859828481394233,485.82207785213683
WC,9242,513.031133921,0.44167313133286407,505.0055588965322
WC,9253,501.204524982,0.43482702108958077,501.06610254025935
WC,9247,489.624671133,0.4518768588970518,486.08131621117684
WC,9282,517.878281028,0.4044487826553726,426.4095863192689
WC,9289,559.471936242,0.3336594196167692,444.0272877711875
WC,9244,479.54828336,0.4081696445986727,482.6618139827953
WC,9245,520.023600741,0.3622841792595056,454.2710418102788
WC,9252,480.296014324,0.42019984454531367,484.24078375124463
WC,9259,558.551637514,0.43151403677725936,501.5885244930491
WC,9233,523.178600237,0.4636411901641612,513.413315447639
WC,9231,463.518574354,0.4291102317709654,338.33209390079276
WC,9232,479.55215432,0.43986887203865366,481.0786788042854
WC,9241,510.359942605,0.4398888510851125,528.4015839520623
WC,9234,508.455267476,0.4707110676454024,467.93435205197795
WC,9220,513.914328151,0.41908633795945527,382.754390222886
WC,9223,500.323487789,0.4676094878551571,339.1169523351333
WC,9226,423.847858254,0.3830870539242719,401.42107696533196
WC,9227,473.377632792,0.3933070823509174,477.13183551863136
WC,9229,497.18589106,0.40626630972808525,466.61784114463654
WC,9162,730.510641124,0.40336524282207953,717.1094730451995
WC,9222,557.420383944,0.4820833568238029,349.8950753604664
WC,9255,563.265938673,0.39581873674036994,503.9552395689721
WC,9256,549.48105438,0.41517101877858975,478.1917311425303
WC,9243,511.608228754,0.41883878037528227,502.90331076827704
WC,9213,477.090874327,0.3937279882053736,390.37780492446
WC,9212,474.970856361,0.37495443014041424,445.84549416934743
WC,9237,504.717235172,0.37690229560428434,367.5126375983743
WC,9238,525.666772042,0.30285868393067195,515.2542732089174
WC,9239,527.849919636,0.40707495806337923,519.1988106521906
WC,9197,436.624493489,0.5389351349604926,428.75889156565944
WC,9230,485.5454969,0.41492458361444423,438.48990319943897
WC,9218,538.680777828,0.3996546398351464,522.3438306920668
WC,9179,486.156898635,0.3197267869885881,422.7027480181526
WC,9219,523.504194781,0.4561826994021735,429.81026817770567
WC,9236,483.668471906,0.37618592357571756,344.1156090530694
WC,9235,501.165013072,0.32780718055204,373.82076559627745
WC,9216,493.263703201,0.44488722490875615,483.70059204101557
WC,9217,516.560853508,0.422319071024508,528.3901815975414
WC,9180,477.569633449,0.39194919304118125,481.06194799086626
WC,9240,516.845927942,0.3654866408804285,510.26146015840425
WC,9209,464.003811122,0.39874271144487294,442.42827839570884
WC,9211,481.021151808,0.3902333516233687,477.3911991792566
WC,9214,480.985184698,0.403272416546691,470.5564898322609
WC,9210,473.829984278,0.42668864039157733,465.03570493810315
WC,9208,474.795510728,0.42060074863551183,470.0303444357479
WC,9203,498.491125922,0.41516780521940805,449.26168536017923
WC,9206,478.764079719,0.4410260430760257,483.9622023638557
WC,9201,467.066051774,0.4529840773630199,448.9998492970186
WC,9182,514.388571381,0.41856833047547487,463.188393237544
WC,9177,497.042362274,0.4163093449849107,477.9054157032686
WC,9205,485.861332363,0.41803525237554917,491.32242252125457
WC,9204,487.793265057,0.4292188834286792,427.705776349236
WC,9181,459.927085288,0.40799644505929905,459.7699239394244
WC,9207,469.277348219,0.46947587314749906,458.9888325410731
WC,9183,512.166490209,0.42116799192194954,498.9399691712623
WC,9215,489.553543699,0.40179913513781873,490.2725098553826
WC,9161,528.010059731,0.37175158708844597,530.4707090190813
WC,9195,502.851202538,0.3579438202924744,504.9948032154756
WC,9196,390.003363532,0.44486689109522315,398.5276517980239
WC,9194,518.627002064,0.3405442398079893,509.98867259306064
WC,9189,532.268106398,0.3922574221428882,475.54749414780565
WC,9187,494.56897386,0.3852638259481157,480.54075182746436
WC,9192,208.885298277,0.49868308038127673,180.33566885555496
WC,9191,426.451996168,0.468191256497633,393.267703965131
WC,9200,483.85861895,0.3957976321927674,447.68476652257584
WC,9198,463.460005006,0.5276699008556712,462.40703744327317
WC,9199,469.333102795,0.4975289726332195,376.70814971923824
WC,9188,481.928711857,0.4785914324368821,486.85093231201165
WC,9202,498.176405194,0.422574207721693,497.89496190688186
WC,9184,489.173834587,0.4197857388544327,462.9261217603496
WC,9163,937.808259715,0.34876525697437327,944.2313200408337
WC,9221,547.076057826,0.4905900252531975,242.11345780316518
WC,9185,520.270173176,0.31092520638486176,413.767933624866
WC,9175,512.872666045,0.424733442055917,514.4434447942996
WC,9171,491.21825752,0.32398931770592826,500.2488310570811
WC,9172,517.384931258,0.4007656016727022,508.3984898585899
WC,9186,527.896831499,0.3209271781109086,523.1258352242264
WC,9190,617.285256867,0.3427779436189128,605.1472211949965
WC,9193,802.592506566,0.2784828661382198,736.0633329503676
WC,9170,484.159671435,0.36064545288723304,473.9608643475701
WC,9173,519.340886627,0.440986320325248,459.50324638217097
WC,9169,508.030977678,0.34866504623920097,519.1745764040479
WC,9176,523.883555619,0.4184599998256853,521.5419941322477
WC,9174,485.548262789,0.4056891507117007,470.0173093010397
WC,9164,547.615266127,0.3921447589886786,550.7151303758809
WC,9159,491.17951241,0.40306394696235665,494.1939088410022
WC,9178,477.000848439,0.35268160204410864,410.3468283858953
WC,9158,498.313304522,0.39008676982855117,495.77073756199246
WC,9368,562.651089149,0.3903289999820459,128.55385401108686
WC,9152,458.022035256,0.42563100828690464,456.3399747661516
WC,9155,748.36612042,0.39017362043987125,744.9674420525046
WC,9084,495.393338352,0.3501105904309539,435.8142976349475
WC,9082,461.190427456,0.29987222749426407,402.9557774263271
WC,9166,501.800839095,0.39947527943959066,506.5536120246438
WC,9165,521.611960733,0.38386077353751774,513.6502441705442
WC,9151,729.307850547,0.3587396259105586,726.5664853563496
WC,9141,506.027997368,0.3756928282537743,503.91375699510763
WC,9167,504.540751395,0.38713386754194895,496.8282450358073
WC,9148,488.551636413,0.4509372586842975,482.62553746840535
WC,9154,917.541273052,0.3912477678917291,850.3763617122872
WC,9149,466.620738112,0.4135401591198071,476.3172729492187
WC,9168,489.543390825,0.33823708006849523,484.7370810415231
WC,9144,492.933897438,0.44847402309642453,498.657990698721
WC,9150,496.567420119,0.41758886447423493,487.357604711196
WC,9146,498.006354046,0.41816871513715625,503.65408851773134
WC,9143,497.459204737,0.39505976256245134,429.78679229137947
WC,9147,492.078195676,0.4371115695063599,488.40821676815244
WC,9145,495.368418382,0.3945969524981195,488.67045057708134
WC,9153,544.816321135,0.41164769198779344,549.6575913373161
WC,9139,485.949096324,0.4120795846050059,484.723951810949
WC,9142,500.053424116,0.3651942604336599,501.54869660022206
WC,9089,480.596876763,0.3694690751080459,252.6061787923177
WC,9136,478.128753861,0.40214175463117735,476.04805405560666
WC,9090,445.284139899,0.30697509201861223,205.29216144038182
WC,9137,479.20300439,0.39163100698058745,476.0486428653492
WC,9138,506.330579281,0.4056490833665195,499.4435770371381
WC,9135,481.282300775,0.42603638712460196,477.88741194781136
WC,9119,489.71101829,0.3455587635927102,432.1534481871362
WC,9115,507.495690967,0.37998894035358877,513.903680749033
WC,9121,496.55327908,0.41560650327870274,491.29649388930375
WC,9114,501.589567738,0.35909034789172045,500.4973277970856
WC,9133,490.933001108,0.41415585092273727,454.4916214886834
WC,9122,471.50653527,0.43791140179293864,482.6212585449219
WC,9120,476.603456544,0.39480733568664417,476.05132296693085
WC,9118,469.387868418,0.33942053323139965,367.4882793650908
WC,9116,501.547088875,0.299320292175439,503.1277449364755
WC,9113,510.021953763,0.3732346427013986,492.08540939630245
WC,9117,498.292973392,0.33293216951580806,447.66283389820774
WC,9110,483.03752707,0.26312548622107845,421.3729789285099
WC,9109,494.71525804,0.3746177128607405,498.9171908210305
WC,9112,518.35076593,0.3987977634000554,390.88145434809667
WC,9106,485.200077497,0.38110043430082713,484.72010884004493
WC,9111,507.779126265,0.265345115432141,364.5949690874885
WC,9108,525.187571524,0.40563304199899053,518.1054297952091
WC,9062,481.123534844,0.4272552864813128,481.55119419471896
WC,9140,472.231567794,0.4070962594123557,471.0544628367705
WC,9123,508.290488781,0.4397322869188263,501.0209759880514
WC,9128,468.607458244,0.28992095661257394,366.43078469669115
WC,9129,483.558765489,0.4144901744781001,407.4380825267118
WC,9094,488.047429037,0.39716364849842967,489.4444715911267
WC,9124,530.76042403,0.4353388758384595,468.95064131792856
WC,9097,480.850585618,0.4887520075983095,481.5600581748814
WC,9130,489.900340219,0.42417662963068137,482.3544517965878
WC,9132,487.172921476,0.3864118884503842,473.15450421501606
WC,9131,469.776658971,0.3867825330375519,453.17622815300444
WC,9091,496.998720138,0.3940276875496862,329.09885493259804
WC,9125,495.156997174,0.4011709318513411,371.6900369083181
WC,9127,534.600004885,0.280155473370992,441.6098825791302
WC,9104,487.483890337,0.45308778279430273,502.33041704963233
WC,9095,455.127331785,0.4550825857296192,447.1253369499655
WC,9126,450.766224428,0.38850040749363274,302.2932667451746
WC,9096,476.681052372,0.48675865758554954,486.028724490895
WC,9134,478.516834325,0.4345646091371192,484.7211756089155
WC,9093,486.195084086,0.38682767724011236,473.40956525615616
WC,9086,496.568643983,0.3748984715869117,410.5815161013136
WC,9088,511.728038752,0.37581995501572046,361.1658456241383
WC,9087,504.143812326,0.3867266508158189,384.29664204915366
WC,9156,760.878854005,0.3482045962579288,767.048322430779
WC,9085,492.278998811,0.36546089784455654,407.16370873544724
WC,9092,495.804984006,0.41263034699209067,468.940188628552
WC,9079,492.274370562,0.36940599581501793,466.3022049249388
WC,9157,510.651710188,0.3885340850974748,510.7534965664733
WC,9083,494.04873401,0.34646267340043996,454.47624577540967
WC,9068,457.500177728,0.345227184228287,458.1525543212891
WC,9080,498.114860599,0.3745041393558162,459.20600732541556
WC,9081,500.923486148,0.37293468685940606,489.9605628817689
WC,9061,484.939071991,0.4179344374128777,493.3803307925954
WC,9064,500.595229129,0.3704219231645245,489.17231618843823
WC,9031,473.085645062,0.32214841808724626,471.033293540805
WC,9067,508.061810614,0.48985201779376963,505.2041186762791
WC,9076,462.273918924,0.35788128023036464,383.50150714949064
WC,9078,472.250610672,0.3483760379189272,448.1644541422527
WC,9077,504.615874799,0.38846866846694367,513.8774276434207
WC,9878,526.518562761,0.30526919428446747,292.3961739932789
WC,9075,488.096413878,0.3272936708939264,465.7736336801566
WC,9074,453.974175724,0.3878977613144891,380.0834265017042
WC,9030,540.768014707,0.31777009124926636,477.0777336569394
WC,9026,479.837955718,0.38609316491596973,492.3225990145814
WC,8850,612.015781067,0.37303491023870616,597.9454700245577
WC,9029,496.076115491,0.3831101397773508,416.8848907171511
WC,9102,490.554848207,0.4324292585756872,506.0086908377853
WC,9103,483.788259072,0.45143352931486425,461.0601702521829
WC,9101,487.162356755,0.4269121477452155,470.7843712002624
WC,9052,470.376857707,0.4291583933640641,472.6217012891582
WC,9049,509.706468116,0.2687595520426823,420.84064346014287
WC,9105,485.113652032,0.4202326509085568,477.09635027717155
WC,9107,514.923738376,0.3352951196908811,447.65692973417384
WC,9050,440.435177724,0.32664026968940435,330.15285494935273
WC,9048,554.473317765,0.28889326591643133,422.15529285505704
WC,9057,486.128161676,0.45205410146924124,475.5092419792624
WC,9045,382.212477474,0.46916359925606993,316.220039547191
WC,9098,487.104485795,0.45242610296880625,478.14297985002105
WC,9100,492.782817929,0.4348370108918837,497.3326618867761
WC,9099,488.1923098,0.4355959089054124,482.8747228884229
WC,9044,477.096211406,0.45583410930924767,473.409347594018
WC,9038,493.151624971,0.3687852936359896,490.2274227665919
WC,9058,482.769245652,0.4350682598107481,479.7142488068225
WC,9060,489.164151044,0.4292205796535576,484.18127985935587
WC,9059,472.334602396,0.42708588650872037,475.7708432066674
WC,9069,452.64115935,0.3564643939719089,347.75367386761826
WC,9032,466.161001131,0.3643294795383277,467.0915255677466
WC,9065,483.79643209,0.28408556848491,429.7662398394416
WC,9063,510.249581263,0.4038703122815314,497.5844682581284
WC,9033,475.687178065,0.3686650272410356,464.9894830741134
WC,9035,487.612944826,0.3647070576135416,469.45959789799707
WC,9066,469.508200034,0.38966802232371167,480.2337353874655
WC,9070,457.110736028,0.4407025721089977,242.0867082483628
WC,9013,491.664181295,0.345178211561303,491.2720555024988
WC,9053,478.716821189,0.43809329101882016,466.0492690142463
WC,9047,510.862765966,0.2762041202867156,326.21045741660924
WC,9046,631.37856913,0.25734677123944755,557.5264909632066
WC,9041,493.636469237,0.41175034473105715,491.018508492264
WC,9056,488.443576523,0.462567813782697,488.3900486366422
WC,9051,451.678875695,0.4036210167470498,426.09594912061505
WC,9042,459.967466389,0.43501264217372987,471.5679070865407
WC,9054,497.436832451,0.4471759119758092,507.05451166489536
WC,9055,488.119781502,0.45576554416064524,486.55077038933257
WC,9017,495.521308111,0.34691561132064497,492.0606921925264
WC,9008,490.204973789,0.3283776963246925,492.5850915048636
WC,9022,501.97541932,0.3938499630288041,495.47695683498023
WC,9007,487.235338143,0.34004500312883346,481.0191197114832
WC,9037,503.320935745,0.36533604111139234,495.7465405632468
WC,6538,496.376598684,0.37907835841178894,46.20647164139093
WC,9028,521.009319285,0.38506274499469817,461.8326842962527
WC,9036,495.666334717,0.3985721279520783,433.44909656001073
WC,9027,503.641945088,0.40052697113875685,503.1002451279585
WC,9005,499.167451976,0.40246682542996265,487.5901152068494
WC,9004,493.257647108,0.41075667320964593,502.30977804146556
WC,9043,597.916766716,0.32864368799447696,586.4379929785634
WC,9024,495.59858876,0.36274135568562677,491.5343164182177
WC,9020,489.787981452,0.36026315093040473,483.6493681365368
WC,9021,480.145363331,0.37635423169309773,483.38647039076864
WC,9034,502.805162098,0.3775216013298653,519.664023814482
WC,9018,500.659521774,0.35005518649530853,506.78048729990047
WC,9015,493.010503441,0.34375536058381284,494.426270608341
WC,9040,493.649714199,0.372081665607903,491.80619518803616
WC,9039,505.285550797,0.34287812591809314,517.8281755634383
WC,9019,499.010686614,0.3479478101530192,496.2663169711244
WC,8962,504.239369569,0.4075778101790469,502.8362276563457
WC,9010,493.676783386,0.31705201642273206,493.3746975767846
WC,9016,498.555728262,0.3397365189219982,489.1692056394091
WC,9012,493.441723127,0.33739832241505513,506.7806991277957
WC,9011,492.284245238,0.33356422997066104,482.8604760861865
WC,9009,492.727770107,0.3248082798863223,490.2199407839307
WC,9001,488.174198268,0.38032434708549445,486.8019531549192
WC,9023,499.647726977,0.37671357234954345,509.67100357354855
WC,9006,496.14323867,0.39052492948698037,501.5215885835535
WC,9014,490.493744252,0.3442107644101526,491.27206627340877
WC,9025,500.46590565,0.3765071423305528,482.8600914749444
WC,8851,530.880475741,0.44641212566231414,465.4788521261776
WC,9072,457.451804362,0.29439986865315526,425.03003345564304
WC,8988,508.433523032,0.3222027948375611,369.04462908576517
WC,8998,491.874277174,0.3728781574954868,486.8021884095436
WC,9000,489.162566377,0.3810786710718348,494.42502701703233
WC,8999,502.226480656,0.38004686896120354,494.42488026338464
WC,8981,976.266366224,0.40487502986716756,959.6665603039312
WC,8995,495.223481093,0.33389821243299006,487.06508750167546
WC,8996,496.689087645,0.3385943700729742,503.0991213630227
WC,8992,500.026929859,0.334002918558866,497.8419572119618
WC,8994,483.084537978,0.3477557228676582,483.38516531551585
WC,8982,798.199295248,0.3860396259012763,755.1707124298694
WC,8997,496.187274917,0.3608763646523157,492.8477594712201
WC,8993,478.612631793,0.34495620271324196,477.86546020507814
WC,8980,808.703233406,0.38039125714153343,809.0535712447821
WC,8989,518.856719878,0.3274783724660813,493.1106109918333
WC,8987,503.217279845,0.3421339997041382,319.62837042715034
WC,8985,505.043353394,0.3433615873760548,420.3005775601256
WC,8986,494.721406241,0.339184044530152,397.4323823816636
WC,8984,629.718556619,0.3580110733612225,601.4043631759343
WC,8975,492.999790609,0.406080432555962,489.95457105449606
WC,8991,500.189398815,0.3340009010860081,493.63601020364206
WC,8990,506.821731902,0.3388884366597033,452.63135519588695
WC,8983,710.494327706,0.36296681109384615,703.9155236337699
WC,9003,490.431394758,0.40777090188601756,483.647368217917
WC,9002,508.118239192,0.3545557131318701,509.9318926942114
WC,8896,548.432886903,0.4301141976488243,552.7564835492302
WC,8968,516.519679517,0.48217061245171505,499.15314208385996
WC,8969,505.600533578,0.46494536219197047,393.750904786353
WC,8972,475.421156485,0.37090421992441575,475.7621407901539
WC,8973,454.132160685,0.41528020703673446,447.1113015567555
WC,8974,492.641692852,0.4254629628930954,494.16094255634385
WC,8971,483.604982188,0.32027850495798876,481.2821003334195
WC,8916,604.707807066,0.3415090846670072,607.9676244399128
WC,8898,560.365810748,0.4535070508293554,553.0211297128716
WC,8976,509.271610885,0.3712364725500787,497.31357296214384
WC,8970,496.416960334,0.3803611511948034,488.37847834568396
WC,8966,501.789917353,0.3856421118065462,511.77069310207
WC,8965,517.535472353,0.3646974056976757,445.00663547889854
WC,8949,553.37295079,0.4595929089016571,446.3232126572553
WC,8960,484.239834159,0.411024867601631,477.07850871366605
WC,8953,502.169072211,0.4104791163087867,514.1419585284066
WC,8952,505.325129104,0.4561892654045357,502.57553794711254
WC,8959,451.500698841,0.37026883279391043,438.4396888284122
WC,8961,478.724112323,0.4406374158708574,469.98076100068937
WC,8956,493.691097486,0.34623351539215763,381.66390443689687
WC,8957,485.096769851,0.3062222701491126,469.9827984978171
WC,8955,453.529674092,0.3008511153134432,404.7958583457797
WC,8954,478.073588414,0.36446760757046454,439.4920750636681
WC,8963,519.175752327,0.38327909205374217,461.3048881081974
WC,8958,505.750616748,0.360661067489143,507.5701265821271
WC,8937,507.984449566,0.2781598253690325,424.2504010368796
WC,8950,496.309266278,0.4216585628045745,451.0560322481044
WC,8933,426.70639127,0.39158599243809006,419.77969246658625
WC,8932,491.235172119,0.4080874980090173,501.0010434618183
WC,8939,478.005973772,0.48865224555134773,473.13962554931646
WC,8941,531.444863164,0.49927116226882223,514.9318693273208
WC,8917,542.087854535,0.41099475716742173,546.7254530962775
WC,8951,534.317875008,0.47465847318505383,466.8271903542911
WC,8934,441.63020471,0.2939252567706805,361.9524370081284
WC,8936,540.994196256,0.23589926135020534,464.4679837395163
WC,8935,418.990530578,0.24729623839703604,334.8790182076248
WC,8931,469.271388894,0.36376804405014324,416.3614953433766
WC,8943,450.065482343,0.38728512512720553,427.1368723850625
WC,8938,468.704162406,0.38608865453242275,381.40391352036426
WC,8942,471.829485507,0.4373503328351645,478.65713249655346
WC,8927,850.148690999,0.38086206991563193,756.7523076375325
WC,8925,516.262591328,0.4904583873926398,458.67697382908244
WC,8940,505.826539976,0.5110354443101117,504.15571947284764
WC,8930,663.064364157,0.3886596907514706,556.199256478104
WC,8912,515.476446858,0.44066208525377193,403.9965465770049
WC,8945,487.842125278,0.46099525256884544,435.81000363219016
WC,8922,463.899215202,0.3943916725510161,457.8858194388595
WC,8946,489.022344627,0.4627137398937462,489.43160433301733
WC,8944,466.55284117,0.3938802526048991,278.0983933991077
WC,8921,510.854678764,0.4793528157775156,502.3075435862822
WC,8926,686.269499445,0.3839616749771581,518.8700308407055
WC,8948,587.500262231,0.4495907642291143,597.9882541731292
WC,8918,540.641288094,0.4596492908196295,532.5327929328469
WC,8920,506.726450631,0.4906561367862946,506.77519716749
WC,8947,481.628597466,0.44437194105017386,484.43698203890926
WC,8919,530.21943387,0.48823179830171787,524.6481062945198
WC,8964,526.313184892,0.34801913544236757,458.6753101124483
WC,8967,533.586148075,0.3999316302285917,525.9635430429496
WC,8879,454.679651785,0.46047630309029164,456.5597974889418
WC,8913,515.99219443,0.4555099172958506,424.23612706801475
WC,8909,468.041512237,0.40184712715426313,474.439287073472
WC,8923,466.665376265,0.38573378104062356,465.50922612208944
WC,8906,483.498083234,0.42123076689990413,482.3225519516889
WC,8908,436.122814674,0.40237175052669766,427.91507047765396
WC,8910,495.982605407,0.4190813726807044,497.5700656666475
WC,8903,456.72073461,0.4093162185933491,383.75323785520067
WC,8914,503.775473553,0.42138529010406134,508.0846054974724
WC,8911,513.711437868,0.3882731408698765,507.5576432171991
WC,8977,518.287418478,0.3774840340127041,396.1157184077245
WC,8900,508.21563413,0.4843905538523066,502.82047158035573
WC,8979,633.487514004,0.3513890378999471,628.7383371390549
WC,8915,483.723623011,0.399287195232033,475.75475894703584
WC,8899,487.970770604,0.4456253317240121,486.26026722029127
WC,8928,1353.83427009,0.3465309569930356,1207.8079759186387
WC,8924,569.757830749,0.35296272891117725,587.998681969736
WC,8888,569.516874895,0.47880547851729277,560.6437727086684
WC,8905,477.136453321,0.4360300561845335,486.0015884698606
WC,8886,590.395919603,0.4227698136657911,596.3908214494293
WC,8907,424.750315559,0.388964184268515,419.2403573428883
WC,8904,440.636966511,0.39735170600681063,443.94539031982424
WC,8883,528.788364226,0.43011482476492685,540.669197471469
WC,8882,460.229532176,0.41034500040567956,452.88014855478326
WC,8864,543.308352749,0.40952096754013656,555.6423208199296
WC,8846,589.481322037,0.3808802614298783,462.32361387365006
WC,8978,508.736000813,0.37001136379095834,446.05781791537413
WC,8889,342.673619708,0.485330616033487,351.68300709443935
WC,8894,566.003097063,0.46775046405614235,464.70424643123846
WC,8902,467.541081998,0.40039103557288575,401.1001781089634
WC,8901,512.570556828,0.4354033053441994,511.49459581562115
WC,8890,572.370537753,0.27808969223659125,568.5261444989374
WC,8887,631.839577308,0.42761012034082596,627.4065923653396
WC,8862,549.350608016,0.3735875800901231,488.6172355801451
WC,8891,406.026213211,0.33336947804732275,401.8843463374119
WC,8863,531.405466724,0.3498090956352357,505.70323202095784
WC,8865,542.747231762,0.3918509528234795,525.1535424924365
WC,8858,525.44634637,0.3659227179190724,456.54820673325486
WC,8892,598.579239109,0.31696604108337556,536.7208383597579
WC,8855,498.101979228,0.4182024310630068,349.57151914110375
WC,8856,509.994162033,0.3995138308531305,443.40462900797525
WC,8893,539.011126847,0.40594392631829673,473.3769057030771
WC,8859,530.49864138,0.3887982767918405,463.3824458103554
WC,8861,529.215639989,0.3475819181058728,522.522838338216
WC,8895,550.634734776,0.42274646492183965,502.5532933553061
WC,8853,525.208948535,0.47987408327755493,416.59335740033316
WC,9071,408.016574733,0.4703027008150794,237.61790654799518
WC,8852,495.710506222,0.46688096093671844,422.6377928789924
WC,8897,501.915916944,0.45698524383081995,495.4579015993605
WC,8744,496.256101134,0.3846769218714129,499.1034040563247
WC,8771,593.734433007,0.3553647467993317,602.4088177849266
WC,8872,420.800871254,0.3727835039057026,282.0293639538334
WC,8877,479.007129237,0.45455044040879933,476.2724619248334
WC,8876,451.443697976,0.39055376978957523,418.18398416556556
WC,8817,1824.14107062,0.34091637936254154,1632.5228607776116
WC,8875,434.027285395,0.30845257738950843,284.6595489501953
WC,8873,454.231572802,0.3026979385420334,384.2753576540479
WC,8874,548.007913535,0.29904289374982407,480.7398776185278
WC,8819,550.453464885,0.3045501416875614,238.39778161142388
WC,8815,532.437953082,0.37376403274563696,272.82972124885106
WC,8885,628.324028554,0.4321507656191148,629.7728532978133
WC,8868,498.050479784,0.427915183698405,444.4637191772461
WC,8884,601.587018271,0.4324264633986685,586.6665775972253
WC,8881,489.406336068,0.4510860146903201,475.7470314175475
WC,8880,483.467799316,0.4566000135675553,488.8893692914179
WC,8822,568.473894993,0.39712524120416615,429.4808490229588
WC,8878,469.63998432,0.4838048174952727,478.112585957845
WC,8871,498.000516719,0.4250108106414057,347.4766948325961
WC,8870,470.799431412,0.40721411723349754,333.2824878468233
WC,8821,510.384057292,0.3564187016563061,396.1010363111309
WC,8820,536.844776772,0.34051896227566103,253.9046848970301
WC,8869,482.241438503,0.4304525417056288,425.0137679156136
WC,8827,527.269694228,0.462183612127436,417.6499777999579
WC,8826,495.487713257,0.42047751427425883,429.74123517204737
WC,8929,1779.53484574,0.3431261639864235,1492.2195616179822
WC,8825,453.698481011,0.37144208337064966,347.99922515270765
WC,8816,1295.71128079,0.3224201079357784,1240.8838017482383
WC,8809,486.729108745,0.3661929535076191,488.09730224609376
WC,8824,523.702108266,0.49953227863265987,355.88443462895407
WC,8818,767.049847896,0.32749188224807113,565.374691951976
WC,8814,1028.54441214,0.3337590154634747,967.787819596833
WC,8813,502.394879209,0.36449760768710937,501.5013938455021
WC,8812,804.73052689,0.34202068016095893,769.6028405582205
WC,8810,529.423464137,0.3337997464374221,473.6413120344573
WC,8808,503.216827154,0.39392598957059255,498.08500641467526
WC,8801,595.223950679,0.5380851079468653,520.6863308476467
WC,8807,468.964196219,0.36786084986149037,459.4474188711129
WC,8803,471.139574103,0.24691986734899574,231.56263370887902
WC,8798,457.959958587,0.3601666618630572,306.4697645000383
WC,8800,507.782490631,0.4220089237148195,340.64007577335127
WC,8797,497.338819837,0.4797435457416126,356.1459670721316
WC,8795,514.651536633,0.44924794435803206,518.5783807791917
WC,8811,620.612765912,0.3369337623371282,514.9078774844899
WC,8828,482.059270089,0.378640283696094,369.8128067016601
WC,8758,480.125903366,0.3823056647227767,474.1420799404967
WC,8845,548.014759236,0.3928854107720977,346.1518090640797
WC,8772,590.398947346,0.3663079649331179,581.6463898602656
WC,8854,495.082257514,0.443383085741096,350.6223597507851
WC,8839,493.587359989,0.325866725854006,343.7873549218271
WC,8823,505.109476746,0.4767787961856177,356.673494795257
WC,8840,494.599789982,0.35678153814622804,414.75323160208904
WC,8842,648.880329484,0.40459564617958604,540.6516037286497
WC,8867,509.364065669,0.40468553581512456,428.9556485643573
WC,8837,498.838467643,0.34553353716788515,332.74953709022674
WC,8775,560.70176892,0.3550497831476762,421.05878879322734
WC,8773,565.414907777,0.3826121209067915,560.6212442734662
WC,8866,484.512417932,0.38317814521589505,419.7553909301758
WC,8841,474.789466883,0.3712142783332858,444.1914353015375
WC,8844,479.389427241,0.37906274368055837,362.44756101720475
WC,8836,487.73646936,0.358617416363122,425.26796818153537
WC,8860,623.129739939,0.40079808534142963,576.403323723288
WC,8857,550.737502647,0.3988735166132547,487.0361790077359
WC,8834,482.772084505,0.35121170210584984,445.24398342955334
WC,8833,488.954665143,0.3727767545892308,367.7079151228362
WC,8830,460.49527935,0.3385742121669724,271.773018840715
WC,8780,486.273364687,0.3997483721937744,491.7640463137159
WC,8832,493.379515247,0.4155339821856072,432.3660855760761
WC,8831,506.34902994,0.4688555158319927,331.17430384018843
WC,8776,612.282285632,0.30596826442133496,493.60225246653846
WC,8778,495.173822534,0.39106979742215553,500.1734808828317
WC,8769,455.813913318,0.4423333836315963,456.27547356100644
WC,8838,503.717213447,0.3252811834092741,285.7016067804075
WC,8835,490.339008962,0.34785812652959847,494.65684332754097
WC,8777,516.765301962,0.35567364152993863,486.50608726950253
WC,8843,429.212753106,0.32075577381946635,341.1581539378447
WC,8774,526.340201428,0.41817121969962545,467.0537192849552
WC,8765,499.852373692,0.42982383387685463,489.38915752336084
WC,8768,481.105275814,0.42076926468274534,471.51885052849264
WC,8829,439.237909249,0.3427397978199293,323.5526741775812
WC,8781,488.226304707,0.4387584001932046,488.6095718682982
WC,8782,479.662687785,0.47688679301289383,474.153503148696
WC,8791,477.285382026,0.4785593018250567,447.87205945183246
WC,8790,443.332798507,0.46049381175664417,432.3642774095723
WC,8792,526.870082786,0.44001151453760273,345.892290242513
WC,8779,496.521028569,0.38226277116856955,498.59717317468983
WC,8796,497.569660818,0.4702260969045605,410.28990436628754
WC,8793,550.88910876,0.36209639004404104,381.90150643143
WC,8784,475.037236155,0.4232188440884689,463.1130853989545
WC,8794,514.038223286,0.4200772425143891,492.030980906767
WC,8802,422.198080643,0.4026975933441334,232.61367851706112
WC,8770,451.304987441,0.459327708206315,453.3844608980067
WC,8783,511.042069035,0.45576029254195644,516.2061968635111
WC,8847,565.19084334,0.3694333802698936,452.8613368314855
WC,8766,494.880524615,0.4452367609106803,502.7940326765472
WC,8767,460.805472185,0.4518207536939902,458.9024980432846
WC,8762,482.942894885,0.41184122551316166,480.1885973762064
WC,8763,501.830080216,0.42482850919140575,490.17642289703963
WC,8764,487.614093925,0.4367983441187853,497.536284532734
WC,8785,468.228317733,0.37666051536798484,273.34676091811235
WC,8786,470.197268666,0.30706485598972166,458.90705952363857
WC,8761,475.03030337,0.42746649224274547,482.02794276218776
WC,8760,476.397488362,0.4123074311598786,482.8159413655599
WC,8848,558.663928004,0.3063257355436321,455.75186794505396
WC,8665,506.841228818,0.26829916630367345,298.0495996213426
WC,8806,428.568029298,0.3154664811727248,399.5197213864794
WC,8805,447.581582891,0.2398279482232673,103.03402748855889
WC,8756,477.14619134,0.425564619728265,482.28900849585443
WC,8787,475.215977452,0.33631006390714313,483.877111457376
WC,8755,487.15099577,0.44388049128262885,471.51266551298255
WC,8757,480.415401017,0.3852768072833836,477.29571610993025
WC,8751,493.476240422,0.4172355013474348,438.13227999818093
WC,8748,499.314100234,0.39767991557341664,500.419915262858
WC,8752,489.530008564,0.41026498615298196,459.1590796676336
WC,8788,434.547898289,0.3583116824250626,426.31737904268164
WC,8789,422.825689075,0.4055452712865977,427.1067743937175
WC,8749,510.276792499,0.43059063781226825,467.0417826633827
WC,8753,492.94210668,0.42262381313628195,488.59598598106237
WC,8736,530.203159241,0.4294255620804592,528.2757724238376
WC,8746,493.4365779,0.3677886220062891,484.64929893344055
WC,8747,488.022259552,0.35571009536341536,494.9001306870404
WC,8754,494.885000527,0.47127969697613736,497.53212387982535
WC,8725,503.430369691,0.3131630810088832,321.42858090868185
WC,8745,496.66258293,0.3820937233221828,497.5271834429572
WC,8750,432.456037563,0.3555720611496227,352.71355130064717
WC,8740,438.145472715,0.3960919308937291,433.13347529991
WC,8743,509.984712484,0.3640668312298883,509.87847391764325
WC,8742,514.042171364,0.3978044396156229,529.0645958096374
WC,8759,506.538300742,0.3776656467042409,504.3672692990769
WC,8738,444.786911976,0.4484736916438539,449.16641929476873
WC,8739,512.173986774,0.47482834079747843,509.35417968151614
WC,8727,545.34112618,0.4797376712644362,542.7251244339287
WC,8730,501.602347796,0.38174168657319163,437.86192396575336
WC,8728,529.992142045,0.4516895715725552,436.8090281767004
WC,8735,592.262792587,0.42688274265325393,569.8021742577646
WC,8696,488.933319789,0.4150278867815028,462.5751507329007
WC,8729,509.385389501,0.4482359436062194,331.41830249861175
WC,8732,425.363520634,0.31301548422437525,430.76728087780515
WC,8731,461.335291869,0.3617674076142585,400.5418588974896
WC,8737,488.967997697,0.42510136363031,493.0573925242705
WC,8733,541.580101359,0.39418298725983264,483.0695066564224
WC,8734,590.792592721,0.42186022480507873,525.1215462778129
WC,8741,578.891136669,0.3016783640392199,499.6270201439951
WC,8726,513.970190008,0.4009009875074217,498.3073191923254
WC,8615,545.133288909,0.3428740627081186,382.6602754480698
WC,8723,525.131311251,0.26048764963360393,312.75460178150854
WC,8515,584.504666154,0.35803089155841267,475.6728071324965
WC,8718,526.239373531,0.35944544427302333,514.6038963467468
WC,8716,512.309534607,0.3138289722805961,411.8412631165747
WC,8721,509.773984876,0.3254536201005762,383.98012806013514
WC,8849,546.920676815,0.3265037867179605,481.5097120397231
WC,8715,507.871001407,0.3265979430043554,501.7264070697859
WC,8710,497.282884581,0.37023091970650124,499.0982073615579
WC,8717,520.81184493,0.31932966234212257,491.4755620021445
WC,8713,486.907322727,0.3683679950329176,477.2842369827569
WC,8714,515.263111022,0.330437732126619,514.3429949891333
WC,8719,554.396797887,0.3625675646541062,488.058011672076
WC,8804,477.770757873,0.19004422843288604,186.88015639361214
WC,8799,479.041566756,0.3858609477130716,276.24391706878066
WC,8692,428.339499574,0.21149036241876476,202.64028051039753
WC,8690,306.096570768,0.384542873047166,232.60166572122012
WC,8711,480.966643692,0.37283650787737094,477.0223698335535
WC,8691,344.581198107,0.24074438289476086,234.44214142444088
WC,8693,731.399398753,0.2219260933643442,581.1139389038085
WC,8695,477.527620492,0.2915603123404178,360.3364259607651
WC,8694,706.560590547,0.2612339121016022,592.4149465822707
WC,8689,414.238154911,0.33948892036596534,415.7919213388481
WC,8673,497.907726405,0.35568940943636856,448.1201043222465
WC,8675,466.174631356,0.4860094622844728,396.3417241115196
WC,8699,477.715029028,0.3840440752446955,464.93835506065216
WC,8672,503.607891704,0.3806342546995537,483.86532506007785
WC,8685,481.598756858,0.3819200392162235,483.3359952739641
WC,8667,511.904006444,0.4832448752596975,210.2631987029431
WC,8658,520.197495062,0.40879517269057275,486.75832103654443
WC,8659,554.377721278,0.5158345621302087,492.0151842005112
WC,8668,515.15544079,0.5027806199248581,245.21919214585247
WC,8669,505.939712179,0.4501704350952359,326.95861289828434
WC,8698,431.314368048,0.4334753244735288,432.87430294261253
WC,8697,434.734052308,0.4743940830408742,439.9712338615866
WC,8686,495.326186643,0.373084835077528,503.04853892606843
WC,8684,497.250938667,0.4052422142307513,494.6371200561524
WC,8683,482.436862019,0.4261376192039204,490.16821782729204
WC,8700,516.697988081,0.4034620932327068,485.4379808612898
WC,8702,525.184333916,0.4260956268238547,382.9348002415076
WC,8682,493.636951212,0.4411182652648785,481.75795832615273
WC,8712,488.596717551,0.3544083160867522,490.6884625004787
WC,8720,478.2000412,0.27195147213992377,376.8839753094842
WC,8701,502.049466189,0.42740553711900614,398.1793167712642
WC,8708,490.128715725,0.3850367295107806,484.11818201401655
WC,8616,546.590689128,0.4864403516712249,416.56473720774926
WC,8707,486.353591609,0.42114761147532315,490.42614656336167
WC,8674,533.264785583,0.40519272856425603,520.1341096167471
WC,8688,462.103923352,0.3577140556729358,398.9705165189855
WC,8706,468.160593492,0.3621299920459094,359.01508226581643
WC,8687,477.741094395,0.34130023143157434,462.83682448443244
WC,8704,499.749317229,0.39431883516262656,409.2157552382526
WC,8631,564.380938684,0.3222163754186179,522.7556838989258
WC,8705,478.127360531,0.3779958279318565,414.99713119806034
WC,8629,553.893943525,0.3585930224661646,478.0737226897595
WC,8617,574.24988661,0.505799487261545,413.9377095839556
WC,8613,529.669439884,0.2739787391135915,417.3507676068475
WC,8703,509.909796307,0.4157658933805109,377.67769533045146
WC,8709,487.189154721,0.38249933033258865,483.85530284806794
WC,8722,505.672863672,0.3452130741125166,314.33234178131704
WC,8666,519.461450956,0.5335765710004061,263.8804832009708
WC,8664,519.148000992,0.2892634962298406,368.7512400309245
WC,8662,524.099105755,0.21731485604563724,301.20411008947036
WC,8663,506.679482921,0.2629504023234391,367.4372610054764
WC,8661,468.331442519,0.2874113562669137,207.3728869269876
WC,8652,480.005820553,0.41127153199132804,470.98838049196735
WC,8671,493.685041305,0.38427482408610525,438.13394948921945
WC,8660,468.901693331,0.38945421197214025,434.7196118523093
WC,8638,539.951079431,0.440454531656124,436.5534988104128
WC,8657,515.110363729,0.37045577265131957,380.83761578728166
WC,8635,514.015715639,0.35039356326319515,382.40957635617724
WC,8656,515.078891706,0.326478916568821,270.44927107867073
WC,8637,530.790691095,0.3691286282214468,524.5990744198069
WC,8632,496.522588684,0.35702947027725623,428.928326326258
WC,8676,528.441112038,0.29132868921315225,354.81499570958755
WC,8670,509.043239698,0.37828938307727833,419.9996072507372
WC,8634,500.325924049,0.3786749267761849,443.38443660362094
WC,8636,527.197061581,0.34253550496767415,425.25068030263867
WC,8681,484.985813275,0.42791131000230276,412.63461019478586
WC,8678,462.439917353,0.32723222621907927,306.9791780359605
WC,8633,494.181310314,0.37384754660142994,372.4216994341682
WC,8677,437.801124114,0.34473034041085693,293.83866427552465
WC,8619,406.86347957,0.38212120916197084,320.9005937464097
WC,8641,461.545228318,0.39227823858557187,201.06142320819927
WC,8599,510.884530676,0.32541832133326676,444.9555527930165
WC,8627,446.295281481,0.402254837931463,434.96948077631924
WC,8628,502.829354269,0.3912182540191811,431.2907095516429
WC,8623,490.698966195,0.3604966124102949,460.4602019366096
WC,8630,529.858714765,0.41179092933459094,464.9334498386757
WC,8680,496.811123303,0.36898784049198863,381.8836141249713
WC,8601,526.527766391,0.35941538438648885,524.5888948627547
WC,8624,490.633103552,0.35853573936135963,498.3070449829102
WC,8625,503.695354752,0.35904536482899685,440.7501866957721
WC,8626,468.778925427,0.35567325203329925,458.6226736330519
WC,8598,498.755922571,0.36005057870832263,461.2505448285271
WC,8600,502.73496837,0.360746657340715,405.79452798880783
WC,8679,537.574732159,0.311041333903217,408.42857465557023
WC,8610,426.807280698,0.35535460196887,416.30157309139474
WC,8612,442.825336787,0.31689266132971555,334.82751078886145
WC,8618,444.968938088,0.4466136820000134,366.63071710923145
WC,8622,494.984460758,0.39156124927450814,422.8762307260551
WC,8571,533.14563048,0.3136872074399621,491.9924312815947
WC,8621,503.035417639,0.4341126682781088,357.9593125287225
WC,8607,478.037026838,0.3807469179082072,484.6355785594267
WC,8611,461.416232036,0.31124256375908105,462.29371616139133
WC,8620,490.529896048,0.4496603095265287,329.5742341883042
WC,8609,442.342337619,0.3886641379898397,449.94271455652574
WC,8570,533.631250802,0.40453402621254647,326.41756134033204
WC,8651,814.357441972,0.29398115195631785,769.3010674570123
WC,8649,547.88054328,0.2578051521226531,436.82114910050933
WC,8647,442.788266016,0.301897176973414,327.4827022477692
WC,8650,1179.18547013,0.27051967551043216,829.2273195154527
WC,8646,482.629886051,0.379819228765792,392.13769267961084
WC,8643,550.021760261,0.42877985502291927,428.1440849752987
WC,8654,466.31570237,0.41095198935423144,410.01229993034804
WC,8642,519.282133219,0.4340323187169672,308.5577114030427
WC,8653,467.473408606,0.39577117076870055,405.01852509741695
WC,8655,538.445990449,0.3496155175645996,345.6179142372281
WC,8586,562.063715785,0.25279468693556334,428.66476186116535
WC,8644,520.722012165,0.39568365625399066,398.9704886941349
WC,8594,486.866366534,0.3991934205809952,414.47015799728086
WC,8589,407.401235163,0.3873692552174942,354.2856722065046
WC,8591,472.175868541,0.40815272086882903,453.89404940137666
WC,8640,448.946605796,0.30495556310450217,242.06156463623046
WC,8648,534.365753731,0.2527446797046162,356.39455656163835
WC,8588,399.764540592,0.3445461322351327,320.9076232910157
WC,8587,635.760782617,0.28784649750418356,578.475383234959
WC,8645,522.878218346,0.26957484028997625,448.3814657173905
WC,8584,381.433550317,0.4070244972952131,246.7899668076459
WC,8583,437.073323598,0.4329438474137703,370.3157592474246
WC,8590,445.131868721,0.4351973943757237,454.1577902401195
WC,8551,493.298097904,0.34751244566438666,325.62788310331456
WC,8639,460.15116747,0.3327528989612273,200.27227594712198
WC,8602,486.799637454,0.3619594213462645,488.8442996155982
WC,8597,497.956699653,0.3373135453228347,481.4881427241307
WC,8595,489.160960771,0.38535204739070844,486.48259600471056
WC,8596,499.093445689,0.3465484185990962,508.8219908172009
WC,8576,526.156157809,0.4149195432584486,399.22163525749653
WC,8604,486.468686257,0.3471185833758848,447.0544843187519
WC,8603,470.623474866,0.3486676656623257,467.29227435542083
WC,8575,515.691252258,0.4387365345903437,328.7856973087087
WC,8574,489.828131601,0.39351333681398704,431.5470362046186
WC,8569,516.321046155,0.4421918030438564,314.0647277832031
WC,8606,483.984376915,0.3650030411563196,469.9183909696692
WC,8605,449.121906544,0.32266343674700615,429.18190980799056
WC,8572,499.882381902,0.39002089406140084,495.935533949908
WC,8608,473.848216827,0.3838105749506783,472.2826072244083
WC,8593,489.05729404,0.41610431174169155,487.00897545908015
WC,8592,490.022099238,0.3909353359311787,493.5795490040498
WC,8581,489.519546489,0.4201529407333047,484.3787319706936
WC,8563,539.29908643,0.3791533325814226,539.8206731758866
WC,8580,488.485897427,0.4013900717317241,479.64714259727333
WC,8585,370.96920979,0.27906242989607766,155.59088972503065
WC,8579,494.284622577,0.3944883495845007,426.0310595643287
WC,8565,564.015753728,0.42781207426787715,487.259302894742
WC,8573,489.623754442,0.3729385604969059,472.80842473647175
WC,8577,492.973698253,0.3949291244385735,413.9399178598441
WC,8554,497.114316096,0.36733307692769396,468.86181921865426
WC,8582,478.840408131,0.41300936013763134,491.21289017621217
WC,8564,480.069612612,0.4580154151826862,433.3820602716184
WC,8558,489.009179358,0.43848933938228457,501.1873241349763
WC,8578,466.670097224,0.3767898334153534,400.01108194986983
WC,8559,488.513869442,0.45977162687317563,488.04693660362096
WC,8560,488.754660843,0.44302999490985073,480.6876443301931
WC,8557,488.44079875,0.40942641961992843,479.37368313658476
WC,8538,501.535205566,0.43560901971164195,414.4525411568436
WC,8524,523.017670721,0.3134645312455954,330.609375927495
WC,8567,445.924747097,0.3968725764867318,310.9099966610179
WC,8533,510.377447288,0.3453221118386035,439.6805243398629
WC,8529,520.453483197,0.3164973239905721,400.51919385124654
WC,8532,509.892061408,0.345435713986419,419.706364141726
WC,8566,552.724979178,0.3665033737073642,434.6955982881434
WC,8562,543.280690113,0.31681121653013855,540.0826618568569
WC,8561,509.091253044,0.39592241238407366,502.76362828273386
WC,8531,508.344120984,0.33248575225585264,381.86094465068743
WC,8534,501.248977889,0.42170555959208494,495.133558325674
WC,8527,488.587522165,0.3516897577746865,429.9521800620883
WC,8530,518.916894466,0.30771665399685244,396.0520768109491
WC,8525,461.504584449,0.367153659883526,391.05546453139357
WC,8535,498.60441932,0.4034453819584106,456.76330449721394
WC,8540,580.212898292,0.2782017384319816,460.44311990176925
WC,8497,498.316965548,0.33790900378897637,480.4045953488818
WC,8517,567.440536376,0.5231977339066741,547.4206376917222
WC,8522,513.025977318,0.4983446878405798,296.9697855033126
WC,8518,483.743073971,0.5335525520710156,340.0688958859911
WC,8520,509.251162886,0.4252199664485032,362.4070413327685
WC,8521,465.847911862,0.3767240888009499,254.65738944259346
WC,8512,446.974775713,0.30906694063995455,255.18061218261718
WC,8724,482.997581765,0.26246766688581313,299.8767982034122
WC,8514,536.607799845,0.29236202595280664,335.07276602352374
WC,8519,516.353166096,0.4325896820808789,390.7897871129653
WC,8614,604.522492678,0.280258599726124,426.549375556497
WC,8516,501.296313951,0.4770007363603086,290.6604441025678
WC,8509,528.253331597,0.27011065452703875,226.79743876737706
WC,8511,531.391122921,0.3187301516193358,507.47139488669
WC,8528,533.049913512,0.3092120799632139,466.48326439950984
WC,8568,552.964479053,0.27836096638178204,291.98729415594363
WC,8508,538.773598746,0.23483587650534438,204.98428479362934
WC,6264,585.390346282,0.40872048719707704,127.83207971909468
WC,8510,483.511362121,0.28929163405835373,314.048069673426
WC,8480,515.630098163,0.5250246945294467,433.62329550350415
WC,7174,528.056559696,0.24805239945902852,340.66699140960094
WC,8506,524.004928536,0.4099978365804939,322.719459623449
WC,8523,493.960238237,0.3835428283286968,380.80494474523204
WC,8503,569.504553033,0.3596343240235722,509.0457381304573
WC,8504,532.962837817,0.384738481104774,391.57317845961626
WC,8496,510.233223153,0.36156285640197927,509.83850752886605
WC,8502,570.792565839,0.34894559867635144,435.72486482508043
WC,8500,533.046709043,0.3293168706798642,282.77504344267004
WC,8485,515.231508625,0.3929464508833424,407.3443350399242
WC,8552,509.962038682,0.37047724291183337,416.0361802045037
WC,8550,453.446731204,0.32349686953170453,267.2825561523438
WC,8548,483.976937293,0.25644069624945004,351.644099336512
WC,8555,488.428899982,0.3867932329569742,476.48308530321304
WC,8547,466.777108029,0.4445450342611812,270.1719603893804
WC,8545,551.425936721,0.4049580863882059,363.99519378063724
WC,8553,518.694886655,0.3949027657317441,409.2026734894398
WC,8556,494.772006991,0.41638469346291734,373.98533609427653
WC,8544,571.511423576,0.47338385671679567,466.2290798112458
WC,8539,486.605372821,0.41336721351921446,407.61941133386955
WC,8546,500.874796254,0.35343008365169315,316.1635637171128
WC,8549,574.785236827,0.2444825900983422,450.98888184790525
WC,8461,485.266983895,0.34651022615260535,396.5772894466625
WC,8464,497.066101974,0.28472973302504145,362.1503960403742
WC,8462,609.222488904,0.2967056265030133,422.3337577071844
WC,8543,515.120451078,0.33625585629972365,368.19885352639596
WC,8463,525.764979898,0.2965797673984162,293.8204715803558
WC,8460,523.906948599,0.2863984140942415,427.58806128408395
WC,8459,412.208680615,0.392634879082561,327.19460880055146
WC,8465,463.090603575,0.30269324123653163,379.75757524078966
WC,8541,514.015291976,0.39183504841611727,465.43806660970057
WC,8542,555.970050533,0.4030078514370807,452.03540054022096
WC,8466,465.065198698,0.3507716581014092,463.32949951770263
WC,8457,490.584423569,0.3395108608133623,489.0824340221928
WC,8458,477.041920396,0.3565959605957704,435.4703621658625
WC,8468,500.621259158,0.33505404985810533,419.17644470813224
WC,8467,486.003855897,0.3282493316958137,481.7252145206228
WC,8451,500.929444003,0.354832720103683,424.69062197816135
WC,8450,501.557287589,0.33578234472326246,499.06318377326517
WC,8526,503.04340544,0.3453521982041703,436.5216208663641
WC,8501,566.117421506,0.34339518210436615,422.0594865686753
WC,8498,515.575733472,0.32929881714196874,424.9522740083583
WC,8494,496.128988072,0.37895859592348047,500.11553272920503
WC,8536,493.801475909,0.3585817711907871,407.8805896534639
WC,8537,495.906355725,0.3889241625246226,451.2449299232632
WC,8486,561.798619958,0.4111937490026568,455.70045797310627
WC,8491,495.168156363,0.37011110920831325,402.3532085343904
WC,8492,482.869421776,0.3250105793158325,372.6567439060585
WC,8493,494.178459404,0.36988853883042994,393.6804301841586
WC,8487,487.149817473,0.35623715230294845,307.2178000955021
WC,8488,471.515531993,0.265086448796132,355.5746680166207
WC,8490,511.106188711,0.36366042196750653,415.23084196202893
WC,8484,508.08328159,0.3960947926008972,511.9403870526482
WC,8489,484.481102034,0.3190381765061496,386.32267031202133
WC,8495,499.514470506,0.37640622359104264,496.69873058842677
WC,8481,484.852392767,0.40560902741236904,418.38202433866616
WC,8499,516.724092595,0.3388513334995308,272.0007207533892
WC,8482,480.468349085,0.41254569689007325,490.9158633363013
WC,8444,1311.94488276,0.3385028194853375,1234.6326693964938
WC,8483,508.311372382,0.4206748432868469,494.3322497797948
WC,8456,504.524803247,0.35554364201704935,475.41572265625007
WC,8442,1139.95041766,0.3411391737194325,1087.4636138916017
WC,8453,501.318784204,0.3808355918163731,509.31509776395916
WC,8454,503.389234359,0.3584474209067109,384.4836442535999
WC,8452,495.509652826,0.366709081014323,480.93144133324705
WC,8448,499.828044575,0.3161130961654555,497.4847498276654
WC,8446,488.369164579,0.34589263682110866,423.3728020163144
WC,8473,559.69983346,0.37806538151551594,383.69427594951554
WC,8469,494.484764983,0.3390119794984253,360.5699455111635
WC,8455,449.626431752,0.31078032220686846,336.1282523061715
WC,8472,562.676300708,0.37331224498619514,436.2558484544942
WC,8470,497.606267763,0.3598556699866503,363.7230004104913
WC,8471,507.449490906,0.3715699368812999,368.71566491220517
WC,8410,1073.3985789,0.2853083635066821,968.9817852244657
WC,8424,559.918565344,0.2621783881359857,337.96842289344943
WC,8427,492.239731772,0.37320134965885504,428.8964101753982
WC,8428,488.56652804,0.41612143269747487,493.8081031948913
WC,8425,552.383024099,0.33975959378087206,342.1721898696002
WC,8423,515.66697899,0.32681798008737956,353.47394457050393
WC,8408,1909.61023698,0.2374763211442365,1296.1877847110522
WC,8422,523.566980969,0.40016485213333153,417.59833146637567
WC,8409,944.351597214,0.31696787372520163,786.855522514792
WC,8406,500.425439385,0.508956961742332,162.9426519356522
WC,8414,555.808748603,0.42617013550071575,352.16337735045187
WC,8392,528.662699737,0.34043720189107235,444.1459553438074
WC,8390,523.988425728,0.3327873426844912,453.86841984169155
WC,8418,518.872506315,0.3865935278173788,306.6955721686868
WC,8389,523.306127137,0.3083517784420146,365.5642651427026
WC,8388,548.671789067,0.38047053165858985,359.7824293547986
WC,8374,566.724809995,0.3177908884847294,483.5572378420362
WC,8373,534.579967099,0.3536168392816883,494.8568551456228
WC,8475,479.629044816,0.35071558457848945,305.3775247910443
WC,8474,534.792862474,0.3803445125795458,371.0789709951363
WC,8449,509.099746694,0.32199865810763145,504.8439557243797
WC,8447,500.706537276,0.32806737377426837,361.35263914220474
WC,8476,519.208474703,0.29268122265693103,302.48583194508274
WC,8443,946.15261172,0.35110862873378473,943.976765202541
WC,8478,501.144243483,0.5095958730235777,393.15179551068474
WC,8445,742.699249036,0.3473103843538304,731.1112014770507
WC,8477,572.731823735,0.34873586788941996,511.41274099910964
WC,8439,516.19467475,0.3962150375533605,274.36290779861747
WC,8479,532.740564808,0.48492407121822634,373.704789464614
WC,8426,525.028873499,0.3638460919101395,392.6299838196997
WC,8421,518.003728368,0.41550153766123904,379.75398448869294
WC,8440,561.227292385,0.39342775426380533,535.0612099142635
WC,8429,493.336416313,0.41057359672719906,366.87325708725876
WC,8430,512.123626556,0.354860920890718,428.6312464096967
WC,8434,511.739516386,0.4821145755463633,381.0619829963234
WC,8433,503.93080981,0.4483163702435507,358.46156472598807
WC,8386,543.460994565,0.3223589229377082,432.0529911714442
WC,8351,569.323740522,0.42121431223197237,471.7241266587202
WC,7729,410.54205844,0.1900680311949669,209.40556882970472
WC,8441,766.873125823,0.34187758508769456,750.0305665558459
WC,8432,503.264989427,0.3574744672265673,413.12450040929457
WC,8371,567.780309048,0.33727479181005093,460.16558272417853
WC,8407,1268.33541215,0.23950783334661607,361.1041712143842
WC,8405,524.349194393,0.5543763132487931,153.2186705346201
WC,8400,473.689136614,0.24890126929359324,139.8157881493662
WC,8402,429.793477097,0.49636736512184143,14.980246330710019
WC,8401,479.333763627,0.49636736512184143,17.082737043792125
WC,8398,307.903972358,0.39584487557796566,243.88828678505095
WC,8404,483.552903282,0.512861381252778,121.94443667542701
WC,8399,489.200063034,0.24500441026533956,387.38336456897207
WC,8395,546.750307372,0.31026283960443485,390.5353027942134
WC,8403,482.204305708,0.38131541168133826,101.44531558167701
WC,8412,447.192343426,0.31489433361976227,283.8343602797564
WC,8397,638.323417705,0.5664500659909742,571.6123814302332
WC,8383,499.993326592,0.35711086860578956,383.43422648111977
WC,8411,582.969319658,0.40989186582357984,398.94481419581996
WC,8396,438.207299875,0.44233816191491515,313.0065146951115
WC,8393,536.441038429,0.3515532946394336,325.88279475791785
WC,8413,464.240866047,0.31119131283823703,315.1079547657686
WC,8394,532.488666615,0.3564661400972819,320.6271971758675
WC,8416,522.249815108,0.38839358221752684,372.39829400754445
WC,8415,528.148074706,0.39946175164623476,301.44083820417814
WC,8419,466.727571432,0.37738314392670524,289.6125803629557
WC,8417,521.816825764,0.3703323749596612,449.40023399801817
WC,8391,519.995722634,0.3306056237480509,458.33704684388397
WC,8435,523.46434844,0.3929228990291234,376.0678766587202
WC,8431,501.92742351,0.40075736221658637,376.8585871976964
WC,8375,700.164775161,0.33721639688515,616.5370463352576
WC,8380,524.277499891,0.3199644060710212,385.53499495562386
WC,8384,517.12386181,0.38405233340947614,351.634621294807
WC,8382,523.774237837,0.335879150329225,349.0058525235045
WC,8381,493.492679133,0.29157168201446154,334.2886853386374
WC,8377,837.754091195,0.3019250672820672,746.6274031695197
WC,8379,529.215660696,0.3527046277490682,542.1661361395145
WC,8420,600.410752204,0.3670725801110553,440.46179788626876
WC,8376,890.530523657,0.324229139685826,802.6038831224627
WC,8378,692.236070558,0.32245673446393597,646.4994005988624
WC,8385,518.320525,0.33812980251025776,339.01947515151085
WC,8372,546.825417287,0.40247712475644754,542.4237812715419
WC,8387,562.495046441,0.3151028799558325,294.3426763497147
WC,8368,540.824556637,0.4161931222738874,330.34274552289173
WC,8347,489.311651901,0.3171016518126196,344.0017038382736
WC,8349,507.528077748,0.33172308919483895,416.79752343869677
WC,8436,525.279876616,0.3720190545383175,419.9547348920036
WC,8367,709.229220159,0.37546870826602036,627.8376039991191
WC,8366,538.34472817,0.40371346417945153,337.176272313735
WC,8362,511.780760032,0.3240044632855851,415.2287495332606
WC,8364,504.5775718,0.3255246235879828,398.9353554819145
WC,8363,506.823134519,0.31334189062346957,438.8813493018057
WC,8361,504.086867282,0.30777561521860664,417.06837005615233
WC,8369,501.755864381,0.33745592995257884,211.81822671329272
WC,8356,548.458571126,0.33267417167216595,407.0792310826919
WC,8360,512.81454572,0.3277332000912361,348.21355707505165
WC,8357,539.838987212,0.37295067819661376,413.64983439725984
WC,8350,462.937945035,0.3927658244860257,365.2899472105737
WC,8365,532.28867855,0.3661979620663428,324.2990888408586
WC,8352,463.425497772,0.5060180150335882,258.5947793399586
WC,8359,505.674817742,0.33520997697856947,384.2171809476964
WC,8370,571.382146778,0.3351807985975644,197.3639065910788
WC,8437,488.88328082,0.37706290095897727,266.74176922966456
WC,8348,512.943883432,0.41739592872201875,388.15262157963787
WC,8333,508.716057969,0.3257590308356572,502.2125555599438
WC,8354,556.265290865,0.39166392880091394,405.763676183364
WC,8355,529.379596792,0.3260273148400196,362.6649914909811
WC,8316,558.809489109,0.3166664687750112,443.8655725516526
WC,8317,548.235115051,0.3104351746659368,407.59959785611017
WC,8353,550.628627524,0.4167036147172185,332.9674192540786
WC,8340,491.616458983,0.383332095275972,438.08643122654337
WC,8344,499.316169268,0.3958512929430691,375.0130719951555
WC,8342,524.315427629,0.37037063269492454,357.40611871457565
WC,8318,522.578057392,0.26998470216661113,381.58248991124765
WC,8438,478.549474391,0.38090955982827895,305.3731154497932
WC,8337,504.920196608,0.3637157767181781,443.86930515064904
WC,8339,493.332173808,0.3812403975585957,411.80752419864433
WC,8338,504.523041249,0.36296966620947213,383.9506514605354
WC,8320,616.484831572,0.3414727518592082,466.46790143181295
WC,8335,530.454979652,0.310113860121842,525.3382593491498
WC,8336,506.908648891,0.3274814046555791,425.47373450784113
WC,8358,504.540300081,0.3623836682687352,347.9499797147863
WC,8330,496.722179997,0.3769026912465493,511.41137758142804
WC,8331,495.666732042,0.3524635377263971,495.6436450733858
WC,8319,509.892024235,0.30657093069225394,347.6825598324047
WC,8327,514.584295835,0.30633706520775816,266.2182348812328
WC,8329,564.143526103,0.3745162470255445,499.58513120763445
WC,8326,562.345522588,0.20164577176097692,172.13526916503906
WC,8325,534.957924514,0.31125425750783875,316.6753046372358
WC,8334,514.518038191,0.31463853871220965,526.1272945628447
WC,8332,510.590597206,0.3446215926499983,498.00821326760683
WC,8328,510.331830995,0.2997682775212167,300.9082152422737
WC,8323,499.867834854,0.350351474220384,222.59178062887756
WC,8308,508.462245154,0.30408104118113677,508.7755137424844
WC,8321,616.369785509,0.4330441249775238,463.5783774880802
WC,8322,509.253607656,0.2521872496756537,165.30085422291478
WC,8341,507.681261196,0.3003532182282924,398.92815997553805
WC,8315,466.347363795,0.2895843594769637,315.3565830006319
WC,8343,506.914420152,0.39645671749584965,346.63114782595164
WC,8324,500.158862311,0.23557639864358038,289.08088010900167
WC,8345,447.035454679,0.3910862119457783,329.0230434941311
WC,8312,538.125953429,0.34220757791173384,449.38362070719404
WC,8276,551.854358182,0.31783373023857153,449.36741081686586
WC,8313,556.982112665,0.3478943266229946,452.2749632293103
WC,8293,506.315345838,0.2782111109105986,331.645843446021
WC,8310,510.017256394,0.33062125302587675,408.6501997106216
WC,8311,510.219081886,0.336120846683691,408.91299258961396
WC,8302,486.098778526,0.32137484449647874,438.87092889523984
WC,8294,520.642172814,0.3088785297257357,354.5096860399433
WC,8305,633.413307105,0.28119770582495285,529.2748703002928
WC,8307,505.750187666,0.30475854157869303,441.49967100854013
WC,8306,508.845605615,0.28508941853198644,473.29837398155064
WC,8303,639.097630659,0.2793270132495362,595.4994236665613
WC,8304,649.896937375,0.31410676213417693,555.2915491141525
WC,8301,499.602027685,0.32990625345715147,381.5810385311351
WC,8299,558.193633847,0.26380645410245585,365.02501498951636
WC,8296,465.590407534,0.2769738041292461,224.1644593781116
WC,8300,550.338569754,0.330072047834217,293.54396700391584
WC,8298,528.928738448,0.28734585214785574,245.1891699398265
WC,8295,574.299591212,0.43513026551115475,356.34990288229545
WC,8297,644.254751605,0.23941205013252828,454.89999030618105
WC,8290,492.65400662,0.31375064897408395,413.3740726844937
WC,8309,512.668041997,0.3289226923898588,425.9946780634861
WC,8289,522.135568597,0.34457231641738545,373.4283985511929
WC,8288,513.332549982,0.3526163954835515,323.4973733640184
WC,8292,510.197343695,0.26437809235117976,433.08398925182877
WC,8291,530.583861956,0.2952179802084888,436.5000527475394
WC,8285,492.798639037,0.3598555432473683,434.39422284294574
WC,8286,473.565580078,0.32943067896650635,429.4022623997108
WC,8314,451.762214726,0.3152741394420662,318.5098872465246
WC,8284,497.198701507,0.40552828171260247,445.4310127707089
WC,8281,509.340941829,0.3403603550670945,434.39208840762865
WC,8279,457.5507902,0.3917982218795352,295.63753383860865
WC,8282,507.926539232,0.3852804317765552,423.880981056363
WC,8253,525.097177804,0.4634531806730756,335.05353187112246
WC,8287,513.930144971,0.3631323989655197,381.57399444580085
WC,8346,524.243931162,0.24190261423002923,294.5955046111462
WC,8275,568.804064844,0.22482034974050202,274.0869417078355
WC,8277,467.090019213,0.3966475260890182,326.909072487027
WC,8278,478.215173767,0.4709135694963157,330.0630831849341
WC,8249,494.023998054,0.25356674097074666,213.38205916460822
WC,8274,622.717879359,0.2849511137559946,244.91722887824562
WC,8251,521.771452899,0.4798309180671135,488.5203389784869
WC,8283,483.257586111,0.36357617424928995,478.0165872312059
WC,8280,502.274057242,0.3484710156917572,271.4616400625191
WC,8254,520.60004717,0.4712323840376254,289.5918015423943
WC,8269,505.22522875,0.35754888775512905,331.901509961895
WC,8264,496.406615469,0.37025595470689815,491.9418339149625
WC,8268,521.561744299,0.39387945638145344,312.9813079833985
WC,8266,509.519318672,0.36708915534926956,309.30243446499696
WC,8271,501.635757003,0.40731681395127695,307.1987409105488
WC,8255,558.81856764,0.39627623922647315,222.3188564524931
WC,8263,495.166318601,0.3205097959378795,381.83373730229397
WC,8261,479.487848922,0.305546893402521,284.339265052945
WC,8259,474.619942589,0.3335826827162004,353.9779978135052
WC,8260,439.721440324,0.2816235811612701,279.0836555032169
WC,8257,556.774742212,0.34408339087882744,327.4353383382162
WC,8210,494.939166781,0.3531993716503634,346.88372533461626
WC,8262,560.480277802,0.3666787439138182,403.3822696162206
WC,8239,498.747205971,0.3250832194326499,450.1590871474323
WC,8211,507.172289017,0.3750788225132285,378.944733354157
WC,8238,503.423725077,0.3166903321846173,382.6226830276789
WC,8232,537.285737048,0.25879305586068324,416.2635245528876
WC,8234,497.476111721,0.27759135138451746,361.86448902803306
WC,8240,507.017880827,0.311140311089464,407.06078117221017
WC,8243,532.625281673,0.38136834551223975,313.243348903282
WC,8212,498.018773436,0.42785667714583253,359.7614055259556
WC,8209,495.983156137,0.37384364532123393,443.06430170395794
WC,8207,501.349660066,0.3641549264340056,407.84941902908616
WC,8206,499.414134095,0.33721946124144714,435.70413231943166
WC,8252,536.758410455,0.4513545403570201,356.33925143971163
WC,8267,523.600591452,0.3850120967734641,376.83885115081193
WC,8265,511.194789196,0.3852010048264977,411.79068561628753
WC,8250,485.579075485,0.40734257545501984,386.5586467967314
WC,8270,516.077428248,0.36108398937891495,283.28512896369483
WC,8256,567.014933961,0.3133107289467773,383.67162807689
WC,8272,488.325894659,0.3518652503581151,362.64626357134654
WC,8245,436.844908404,0.43568854873134444,245.4434073055492
WC,8244,535.825903846,0.4187934279740546,340.8356706507066
WC,8119,526.112008904,0.28253190775563697,316.1235640581916
WC,8170,492.059390134,0.27313035665511404,186.05067461799175
WC,8242,537.423062717,0.3125891075799886,344.5156007355335
WC,8258,485.047060401,0.23956201683113895,266.9946234908759
WC,8228,705.610709536,0.2534577358005268,550.2912808287377
WC,8214,516.286687939,0.34332890917223735,317.1904044955384
WC,8229,1539.85792297,0.23373316619103188,1362.065964612774
WC,8227,571.078346655,0.2932281766505637,444.12205083510446
WC,8213,504.625780519,0.3676112848257544,304.05024069991765
WC,8230,1097.37252211,0.2512585209626267,930.0280088237689
WC,8216,540.638015087,0.48872159032808354,188.4226716883042
WC,8233,512.301486939,0.25297645576362854,393.9255419263652
WC,8223,509.573683637,0.30348340249735556,371.85478823792704
WC,8217,552.194932362,0.416881321421114,310.09659004959406
WC,8222,451.591150143,0.25747096168614575,263.58387502034503
WC,8220,521.633592492,0.23090666990454606,269.36526205025467
WC,8221,502.6079384,0.331621957568991,295.9071782430013
WC,8219,522.321749097,0.3937577076933601,124.30166386623007
WC,8218,505.923823175,0.27368403047518963,320.0834027458639
WC,8225,511.219834259,0.33044515513985145,346.62583630131735
WC,8224,506.487690699,0.28614745531986285,311.14919580197807
WC,8235,498.904858291,0.28820754267922305,469.0826510261087
WC,8231,890.254510022,0.24650467749726895,701.658069296444
WC,8226,514.050734794,0.34622449439753433,443.8592725566789
WC,8215,519.473467704,0.32865611914250203,388.144965616862
WC,8237,506.538339898,0.28468570157582335,361.59998094147335
WC,8236,502.055970193,0.28875423025371677,491.94483014275045
WC,8241,509.887855445,0.32508786719464744,369.2184361775717
WC,8247,546.643852881,0.19281962675820963,118.51638578527113
WC,8246,458.04520274,0.22302539923218984,157.14640835032745
WC,8201,538.104337038,0.3735623002186956,348.9843158198338
WC,8205,459.261676401,0.3556247144770488,328.2233119291418
WC,8203,477.832286978,0.3895037006376214,255.69341236189297
WC,8172,500.996564261,0.32866195362335865,402.8489589017981
WC,8195,498.041864408,0.30801757132465185,433.6061230827781
WC,8199,516.076667717,0.3570198530471453,391.0319984884822
WC,8198,524.352601745,0.38368391202801544,516.9091992247339
WC,8194,537.353143691,0.36367298290133465,446.74516760134225
WC,8208,490.611623197,0.382262185423799,489.84011395024316
WC,8189,807.238480704,0.31327017384513345,659.3442122814702
WC,8197,535.049246112,0.38328331702929685,524.0048741658529
WC,8192,466.881298418,0.2576675034006229,250.9664453244677
WC,8190,768.520627379,0.33692557992888444,549.4976593915154
WC,8193,560.713974563,0.38966257953195993,405.7497476615158
WC,8191,564.252230749,0.2669868082377679,426.24885448381013
WC,8196,504.170519545,0.3605201902763074,499.82893829345693
WC,8188,962.999060836,0.28044266869192536,791.791573229023
WC,8187,601.515890447,0.3295938496187006,434.1304076849246
WC,8173,510.884309848,0.41239231570523327,326.37937855440026
WC,8202,574.45505228,0.30335121193555586,399.9641954608992
WC,8174,564.215089706,0.40999891188236604,422.55937715418196
WC,8204,551.421044664,0.24766546168287282,265.94141890581915
WC,8150,521.272959914,0.32315281207909585,453.5716199089498
WC,8185,542.103338878,0.38620224454846896,396.54995880126955
WC,8184,531.783616502,0.3464480304595946,372.1100152408376
WC,8175,546.59204302,0.4129127267238183,389.71196953268606
WC,8186,554.654782607,0.36616410673900457,494.308462524414
WC,8183,526.5053437,0.3591682769374158,367.1163771087048
WC,8180,490.755027651,0.3859639840537133,365.01239273968866
WC,8177,550.412837409,0.39308173745347746,389.45009361715876
WC,8182,506.069571704,0.3985624278751377,376.8390978644876
WC,8179,529.14596968,0.2834549362569395,396.54595983168656
WC,8152,532.588055945,0.34494041374284923,479.5858356251436
WC,8168,562.351836568,0.3392709811775376,391.2848559809666
WC,8120,540.075769622,0.29432248392520394,337.9346257228477
WC,8171,481.19436035,0.3371485326123728,229.673596460679
WC,8165,535.331359815,0.35226865127593804,396.5405183081533
WC,8121,538.07207308,0.3393515106572045,295.62797501507936
WC,8273,510.794275999,0.3437912749021188,274.0868084178252
WC,8200,551.399253237,0.3529249537657869,350.0360588522518
WC,8123,526.733473768,0.2840391705347317,393.6461983774223
WC,8164,519.462305027,0.3425621153754099,359.4887872733322
WC,8178,539.730591841,0.3912497815140029,420.985014702292
WC,8176,550.91752038,0.37270835575906014,438.5905424230239
WC,8122,479.910730408,0.2842443134889132,281.9635692222446
WC,8163,532.317083797,0.31964373154512343,431.2280946320178
WC,8125,469.573564751,0.31363365318005276,353.17917013729317
WC,8144,454.52952302,0.3359774947944572,100.64842038622089
WC,8148,449.355288817,0.26944855153252123,253.85404519473806
WC,8145,525.705704074,0.18832007322746977,81.99053470387179
WC,8147,474.857755444,0.26130170174863093,325.59590621649056
WC,8143,680.76914836,0.23708485098473145,409.1643004473518
WC,8142,571.342476781,0.29796293788280037,346.3564885756549
WC,8181,517.179371054,0.269722186716511,313.24392652324605
WC,8153,522.105663966,0.3530492950601188,449.36483405618105
WC,8158,516.638899335,0.4926912673898546,271.71939194623167
WC,8139,535.354530239,0.36877259582185445,327.4337343103746
WC,8146,506.307924045,0.3244242725363341,209.44308800790822
WC,8149,530.742150305,0.33973938137113685,393.39381630093436
WC,8141,526.598962483,0.23769687238195805,352.92582122204357
WC,8136,515.790433638,0.3189615592161815,295.634926739861
WC,8132,532.199537857,0.33474389358113205,378.4101001515108
WC,8151,478.35579968,0.3173509786234754,402.8530128030216
WC,8156,514.017117966,0.40280389944611467,310.6121729233686
WC,8138,515.067862398,0.3298206939234187,373.4210749009076
WC,8154,540.016090933,0.35397632265764245,362.90767588895915
WC,8155,608.226837904,0.2709256816702933,391.2881096335018
WC,8157,526.364528101,0.3186517092021736,272.2447802375345
WC,8129,523.105118729,0.3386834549026256,471.17121136235255
WC,8159,509.006938844,0.42538668371816263,395.22736864276965
WC,8126,527.284104507,0.3019929061274945,357.6469863293218
WC,8128,518.745150001,0.35245237787485284,394.9636138018439
WC,8160,520.267767694,0.3147103187682099,371.57574073941095
WC,8161,475.907487523,0.3525890933818304,419.92819943895523
WC,8075,550.314327072,0.33614721808707315,274.60865550321694
WC,8135,508.588159395,0.29271093987900276,302.2040975234088
WC,8137,515.937413675,0.290094117801834,297.4750628303079
WC,8093,521.899208618,,0.0
WC,8091,498.668578291,0.5399644015466466,35.73828938802084
WC,8134,508.834204028,0.30027462364630503,293.5316276101505
WC,8133,522.529634793,0.3316137558861175,379.7247637580423
WC,8095,2495.79775503,0.21844641039292556,1611.3832062964348
WC,8140,514.01965127,0.30577421838029106,293.53470213646983
WC,8096,793.095362109,0.3031308226746946,583.6378870047776
WC,8092,815.352965135,0.1561027467250824,54.659033203125
WC,8094,580.940537085,0.5090681910514832,29.694313976811426
WC,8087,546.380871234,0.3795892670696667,362.9006200154622
WC,8079,536.910023839,0.38969338035865414,311.13386933569814
WC,8051,545.387247473,0.33396901502841847,269.3496639775295
WC,8053,585.648852666,0.3656936873069157,497.7076606900084
WC,8077,557.671637682,0.35071529392153017,336.3617655436198
WC,8052,506.847726762,0.3473337091726832,265.4083968517827
WC,8078,554.025802354,0.36729239347490794,308.5063891840916
WC,8071,515.541310076,0.42174115986563265,33.63644301470588
WC,8067,834.02114141,0.3431713879108429,24.43906160242417
WC,8064,539.192872667,0.36516374110025607,81.72617349063648
WC,8066,610.419909949,0.37048855499185696,52.03150383444394
WC,8073,581.507077557,0.3570167368950965,312.71330036836514
WC,8054,586.790022675,0.4036365703900385,309.29423654593666
WC,8063,569.274144695,0.4642103610121605,136.12253866756663
WC,8070,538.881098759,0.4202254158850858,129.5529213400448
WC,8076,535.957551949,0.2620274562010471,328.74116058349614
WC,7910,504.982024536,,0.0
WC,8058,675.840382162,0.48455640440401815,362.6412317612591
WC,8074,572.655918591,0.3864068934939092,347.400344878552
WC,8056,616.387441971,0.4896928234288486,203.13105552523746
WC,8097,696.239973219,0.3719709940433094,460.9178614298502
WC,8065,550.163399443,0.3431713879108429,6.044058676326976
WC,8072,540.402814136,0.4004708418720648,209.70199791403377
WC,8057,654.00287293,0.5072467285691455,253.32294488046685
WC,8068,554.031557677,0.45728259856675885,150.3130822574391
WC,8062,538.104541679,0.34088200330734253,20.759992173138787
WC,8059,602.628609205,0.5101075802511491,234.66596389471317
WC,8069,626.516538065,0.4295376742652236,269.88004141414865
WC,8061,537.122671613,0.4513768242599598,155.30563991771024
WC,7911,501.826321392,0.3372742235660553,27.591873168945312
WC,7909,489.714111341,0.3372742235660553,4.730035400390625
WC,7908,578.984120505,0.19590045293425298,41.25670171999464
WC,7864,552.423055768,0.25072139501571655,23.124893966375613
WC,7865,642.8097028,0.25072139501571655,33.8989922916188
WC,7859,561.705589861,0.2370449792400456,146.89520915910308
WC,7863,470.401793717,0.2502715691429744,55.447183556650195
WC,7912,475.094213849,0.3372742235660553,38.89140218098959
WC,7869,712.505029515,0.25531604112535794,502.1751555498908
WC,7861,469.779674561,0.25103521570103404,170.28399765912226
WC,7860,528.957504878,0.24582169011428762,202.34285745059745
WC,7866,676.87203398,0.2304225431690956,304.82801714130477
WC,7862,572.044209397,0.2565545640333935,141.90355996524585
WC,7857,498.876553669,0.21953396775584288,90.66013919605928
WC,7858,549.703698194,0.22784206304496848,82.25072198007621
WC,7855,446.91164815,0.22815443575382233,1.5766892377068014
WC,7856,552.662470628,0.2263431138141565,119.30286655800016
WC,7853,607.802613084,0.25682829860445583,289.3217709709616
WC,8507,563.417344005,0.3504895918345147,350.3133868946748
WC,12734,1488.15474265,0.41503664803349327,1492.1892371682559
WC,8117,533.560783418,0.3692745450494568,535.281628597484
WC,6791,519.005462327,0.2120131404637147,218.99659019919005
WC,8115,531.727006904,0.342455209333512,345.29218411913104
WC,8035,512.829236882,0.3448516198233837,396.262829320571
WC,8130,539.476202436,0.34570810834671134,450.1491450291054
WC,8118,552.27804903,0.3479449938474908,505.0623354145125
WC,8116,542.136152468,0.34326722495532597,484.5651277729109
WC,8127,526.165427842,0.32263825171182253,382.3491982852712
WC,8114,532.906574761,0.3046685653196654,408.62145203235104
WC,8113,540.921404779,0.3114734892499685,486.92924891453157
WC,7730,418.934664536,0.1880537306871077,260.11560408648324
WC,8131,518.281639079,0.35184674819342016,331.3711692361271
WC,8090,540.725733454,0.523500538065366,64.90697476256128
WC,8110,532.488503221,0.30871601346661065,446.7236755371094
WC,8111,524.109396463,0.31412271868362274,416.2415229946959
WC,8109,529.609213811,0.31193961654928065,424.6502368403416
WC,8107,536.854882015,0.3957657927279217,347.13072336234296
WC,8036,505.138736866,0.2777566793330138,301.92722975786995
WC,8089,531.198911781,0.4966672709271244,115.09809444651884
WC,8088,523.257320079,0.43097996098972924,140.58783692004636
WC,8100,396.853311688,0.46533335849066465,237.81612919826134
WC,8101,913.927442003,0.34399932356527063,626.2037872912838
WC,8099,467.560143298,0.5025228158950807,328.47549782547287
WC,8038,521.694114683,0.32741724905180125,380.2354868570963
WC,8098,508.038599247,0.5020226275848123,344.50523143095126
WC,8106,522.456489208,0.39373563664082856,370.78047655890975
WC,8039,495.410614697,0.24863190069887076,381.2871339386584
WC,8103,480.608085637,0.36845866320610615,221.78511642755245
WC,8102,587.301829697,0.22917181563244393,259.0995843924728
WC,8086,573.169712407,0.4125748698527996,341.6149378757851
WC,8085,563.971555107,0.40688278753657814,326.8983041501513
WC,8083,561.475364119,0.3032089753775791,282.7513501634785
WC,8040,490.526073002,0.304120602926945,362.1052990483303
WC,8082,566.800885256,0.3050162836882779,295.36523566152533
WC,8041,536.838836298,0.34885998326916295,337.1424684113147
WC,8043,603.764674902,0.4330680088728274,319.53740440817444
WC,8084,698.755334824,0.2868427940116463,363.94956775740076
WC,8105,540.661380897,0.38294506481939694,419.3941729377298
WC,8104,529.000603386,0.4270533997229143,387.073034099504
WC,8080,533.637606698,0.36612986150012344,318.2285100001915
WC,8042,582.787272142,0.38995654628438464,372.0923046336455
WC,8081,554.979553472,0.3730685164723444,339.2505614935183
WC,8050,562.098790999,0.35254240719998475,224.41394261378863
WC,8047,529.350162818,0.3697018067975439,117.46194799086625
WC,8049,551.146092084,0.37444781197840904,218.1068073347503
WC,8034,570.255273634,0.42895966129776547,420.70119551116346
WC,8108,539.37450635,0.3090042943488739,366.57585075228826
WC,8037,544.911936006,0.36675045787304544,398.10361435834096
WC,8112,524.173693372,0.3122676841933807,408.8836282169118
WC,7906,549.824181665,0.23129707682036096,259.36354675292966
WC,8025,594.492957202,0.35945499872154596,392.05900807100187
WC,8013,515.242721009,0.3673071121191181,172.9060417025697
WC,8046,548.747116286,0.37588062740903994,188.14921144971663
WC,8011,608.688624867,0.3017486046639181,260.67203123803233
WC,8014,543.629045558,0.36258340972225844,43.09513717352175
WC,8017,891.256591667,0.3680713919842931,282.2228777717141
WC,7913,657.831421085,,0.0
WC,8018,556.78205888,0.41671431431975064,379.4499225691253
WC,8016,592.142854289,,0.0
WC,8012,561.425509382,0.36980358303968097,193.6649646235447
WC,8010,623.958715679,0.2566948697141564,275.3868865368413
WC,8032,516.703424037,0.27608474814136263,373.1374213125191
WC,7999,575.789723391,0.18651015438543733,271.17699306712433
WC,8028,565.705097764,0.3523835099718788,361.31395344453705
WC,8029,578.602691332,0.37072272489989766,410.4528054330863
WC,8044,566.563007476,0.37679764134216115,259.88708735447307
WC,8026,524.223055184,0.2928640252600113,214.42296411850873
WC,8000,464.800226714,0.33112104071964155,192.08445470473345
WC,8001,559.998723568,0.38351567322233593,237.28125762939456
WC,8045,507.422117376,0.3482586623241122,109.31555836995443
WC,8007,632.586008498,0.3034561079673195,441.9833342608283
WC,8004,552.922476915,0.32890744760719154,361.57308600930605
WC,8006,609.446397271,0.3129305199736349,388.37719726562494
WC,8023,586.362006228,0.28670344406073356,358.160764985926
WC,8005,564.154633313,0.3258723958962763,355.0043613209444
WC,8024,585.701187669,0.342999266414287,465.63581076229315
WC,8027,557.154536827,0.34355621926814783,351.85394535438684
WC,8055,615.020772807,0.4541728454375781,280.3887348249847
WC,8048,559.97638057,0.362841918274945,233.08481744504442
WC,8019,570.989658964,0.4157536396560092,338.45605866675277
WC,8003,542.167056236,0.33935389125832693,316.11321617575254
WC,8021,496.490084901,0.4204356249674457,275.12583241182216
WC,8020,479.239108384,0.43777932419678095,253.57865965600107
WC,8022,514.820958064,0.3612381421929174,339.5049896838618
WC,7914,556.81491994,0.31311117959293455,23.124600907868032
WC,8015,452.260267881,,0.0
WC,7915,1039.80627291,0.305789093956025,288.0053272920497
WC,7907,541.745975106,0.23444285665826847,160.033569874483
WC,7916,915.375726541,0.3584444729341962,694.2592242970186
WC,8060,613.258694124,0.4940936459754176,240.18479371912338
WC,7919,611.175535865,0.28977405722253025,353.17406589283667
WC,7984,525.438026495,0.2258995113701656,30.481427360983453
WC,7922,606.582135927,0.3463079417873573,356.06291258568854
WC,7918,738.257941876,0.3507658611106932,421.2330360263002
WC,7920,655.298262761,0.3158038178986163,390.7505490172143
WC,7893,629.044442211,0.38163464382143303,398.11049472584443
WC,7904,575.977215315,0.22412407274562787,63.32981743906059
WC,7903,566.600015808,0.2528472146609934,64.64359633501839
WC,7921,630.337790567,0.3666309779485753,304.03340466069244
WC,7925,578.775324698,0.3264364969916642,294.3089602601294
WC,7924,581.630535167,0.29169925165801497,355.7991554110658
WC,7902,579.673578666,0.2687720090244258,83.82645215801165
WC,7901,579.572490504,0.26755229012605336,137.17107328527112
WC,7923,591.483818206,0.36836548842835115,317.4341926724303
WC,7927,549.830852399,0.32231319914556567,318.48312952378217
WC,7898,560.297708977,0.3157664339626785,267.24741300695086
WC,7886,632.659163473,0.28173627884489955,405.4661757226084
WC,7926,553.553098407,0.3347029288043238,207.3297462912167
WC,7944,545.941128374,0.3048746105379935,274.06619463153913
WC,7754,534.228169978,0.3936526590951102,411.46303549373846
WC,7998,480.724028639,0.27708762123993996,272.4909704769359
WC,8033,510.374986651,0.31183739819309936,332.4080736646465
WC,8030,583.780077541,0.39625982649614294,389.430845672009
WC,7997,566.379541249,0.3697384514799982,325.0451748717064
WC,7992,557.805492952,0.42432775810619744,423.5839933507583
WC,7994,425.445835744,0.35002896111262477,59.91121808220358
WC,7995,504.92577565,0.4158425518022529,121.92463459688074
WC,7989,551.916777809,0.23929901880798948,342.3871759452072
WC,7991,519.966263789,0.39312257087847846,289.3088843252145
WC,8009,751.314378431,0.22761662715712444,441.72172022800817
WC,8002,530.850181827,0.37464120202981716,233.60284289191748
WC,7990,615.67269123,0.33951886815343113,380.4896148980833
WC,7988,595.656109813,0.34649869788553717,389.4244214226217
WC,7980,554.859633391,0.3627102370810364,389.686300240311
WC,7986,552.428628821,0.2929808197310849,280.37590744916133
WC,8008,635.629953563,0.2747556163714482,409.92573646096616
WC,7987,641.609786271,0.34088612426729775,469.0444120519302
WC,7985,526.824103435,0.3746386704237565,90.65539057114545
WC,7982,495.687804435,0.2128964766539554,244.37660890467026
WC,7933,550.519932277,0.23055483377249228,232.55334248262295
WC,7979,549.154875479,0.3112960216495491,414.9119400024414
WC,7983,488.848684586,0.2666369674072878,155.56002448586855
WC,7981,463.705748378,0.2836653714006889,175.5301679723403
WC,7935,589.244671473,0.22631091541263,192.87407684326172
WC,7977,551.714171563,0.2787826754849592,365.2478132060929
WC,7975,545.348231755,0.28506756981036496,441.44930186552165
WC,7934,555.998357562,0.2321919788129446,215.47275184182558
WC,7978,545.936139882,0.3096781291559357,422.0062094894111
WC,7929,543.297291078,0.30447945139681803,325.05136129341867
WC,7917,768.974136426,0.3676766682916354,454.0804633047066
WC,7972,552.185599189,0.29499109739019297,375.4930575800877
WC,7974,534.639983711,0.3009760920298003,360.2536919986501
WC,7973,541.310916126,0.2676167826652527,295.6127759148093
WC,7971,595.970659891,0.33392734526771956,383.900810062184
WC,7969,597.75845303,0.3783755045624611,313.47851089776736
WC,7968,553.239952031,0.27429432497920025,275.64013674866914
WC,7965,701.539864519,0.41757363867315034,479.01737685858023
WC,7963,754.224100817,0.4341450952546218,591.4774137908338
WC,7970,581.621840193,0.33391260895536934,358.67477865780097
WC,7993,616.507387246,0.18194122654078576,103.53040750540939
WC,7964,618.154819705,0.4267430964387293,418.58107515222895
WC,7966,705.393706334,0.3994914719622539,400.9774368585325
WC,7976,551.624643409,0.27760098148122325,326.0949375526578
WC,7967,627.247665773,0.3787197641725462,323.1999628403608
WC,7953,546.469254302,0.29860299296647197,327.1405937045228
WC,7952,535.635416822,0.28413290021267346,308.74755745682063
WC,7948,537.17957312,0.3226450028986977,328.98234088374113
WC,7947,538.03034836,0.32116883055238094,326.8807494518804
WC,7797,447.2266782,0.2324914619750321,221.77083294438378
WC,7951,540.089379911,0.28637979275836845,317.4192031261967
WC,7946,540.688092686,0.3168045634055043,329.77170757218903
WC,7937,607.621907352,0.2512100732401591,271.17897347842944
WC,7958,543.168264761,0.2717835462228818,289.0382274552888
WC,7748,530.740962692,0.34281739826993846,318.9736109714882
WC,7749,534.968760844,0.3401073316696305,355.2328869688744
WC,7747,525.745694012,0.338890987211249,382.82041228051287
WC,7962,558.179037234,0.3033007429788289,295.08120874143117
WC,7736,517.606541107,0.344390626133107,379.66650899251306
WC,7765,435.420014682,0.2283041003353232,115.34805294859645
WC,7742,530.413306967,0.40494775117136705,451.92227292528344
WC,7708,506.067761736,0.33908044876576376,279.0299661075368
WC,7731,471.221265436,0.21471660422242209,211.50876243441712
WC,7996,546.395260797,0.403923341602801,296.1405253690832
WC,7732,509.362291576,0.24622705601319506,191.27770607144222
WC,7733,572.848036246,0.21205379826062298,209.40744078393075
WC,8169,518.252487729,0.29229877688663286,302.7263875026329
WC,8031,577.381416173,0.39069163038770194,443.29894445082726
WC,7738,710.961241127,0.31961874767754206,489.75600014480887
WC,7722,589.00093921,0.29072209659253573,405.1468057969037
WC,8248,522.382005423,0.22054846099642822,146.89694967830883
WC,7686,523.234916835,0.352452472043889,367.8243553311218
WC,7727,477.044544372,0.3569986051389397,251.97031881295
WC,7737,635.841633114,0.3857128809202417,519.1832815432082
WC,7723,723.489507284,0.2984724534807667,407.24929360782403
WC,7688,550.135216207,0.2764971676113884,423.52447850844436
WC,7726,665.626307848,0.33827329952651125,333.682923859241
WC,7734,642.755123775,0.3294768545188402,349.44993621227786
WC,7721,586.750579586,0.27168629779649545,354.4373686846565
WC,7735,628.295878558,0.294687912056935,456.12529455446725
WC,7691,517.763684573,0.3585251128592151,346.2827745026232
WC,7720,592.921426214,0.24348122270705025,275.6146111881032
WC,7724,681.602698585,0.3066157176072674,403.8340692856733
WC,7741,574.841471027,0.3179961074604078,397.5333196602616
WC,7744,582.788596608,0.36982515071938915,368.6318760292203
WC,7740,576.970872393,0.32927951892867025,369.41929820939606
WC,7717,589.7254415,0.2994421578071396,273.7751142614028
WC,7718,575.533005413,0.32454785128797625,201.25925607120288
WC,7743,567.31027686,0.37937928950835653,383.08275649126836
WC,7746,574.192616361,0.3136734596544497,414.6120636883904
WC,7739,596.684885357,0.3019762784843484,390.9639941944796
WC,7697,562.687420229,0.3430598242658575,554.3736479516123
WC,7696,542.71946944,0.3380117658254547,469.2462358063342
WC,7745,575.87270001,0.37719268887674406,363.1144872927199
WC,7716,603.307425823,0.31862374549550926,376.5067519244025
WC,7698,563.876776689,0.33253566063391377,552.5354195089901
WC,8124,522.012372956,0.2781857635151488,393.384084185432
WC,7899,554.497497553,0.27386084798810356,349.23477002312154
WC,7928,539.28745987,0.3519735972158316,363.9425633748372
WC,7900,573.970648594,0.26770391297447044,264.35662488750387
WC,7895,517.080144515,0.23296729769713861,263.3062387803022
WC,7872,701.086039197,0.3133732615642145,503.7493944055894
WC,7892,625.208541122,0.34756459942578677,422.54933465695854
WC,7897,568.572842105,0.3122595412000606,278.2842569687788
WC,7896,579.798310642,0.3158028714826651,280.3863670199525
WC,7894,578.581663956,0.2932975296354626,339.77472166173595
WC,7888,591.289538442,0.3024506383145809,370.78021078670724
WC,7890,523.541033214,0.27333545707787504,374.9861375098135
WC,7867,790.980337635,0.26376953192274744,606.5012941846661
WC,7868,701.085402095,0.2614194257385703,426.494733653349
WC,7871,609.478620951,0.29485645177524794,363.16267362108414
WC,7889,616.718583355,0.3007283655710965,376.82448021383846
WC,7891,611.883765673,0.32117436005501065,403.62897240133844
WC,7885,798.08060515,0.30579113486609716,566.2839328242284
WC,7870,598.750703928,0.2700406744166185,344.24304633047063
WC,7887,552.692860382,0.28990754431977334,427.27734446806073
WC,7930,543.634398177,0.26957472157457096,294.8318920359892
WC,7905,523.434525051,0.19870637218325823,186.04775345746208
WC,7880,541.811904945,0.3216052297308056,301.66849879844517
WC,7849,617.881687561,0.26037100173445993,270.13687585568897
WC,7850,610.651357312,0.27177878624188295,250.16609458175364
WC,7848,600.335598004,0.28378490073356705,272.50143893372774
WC,7847,570.417510854,0.31871490141585973,201.2881950228822
WC,7873,466.322576069,0.2610730231346692,290.8970954446232
WC,7874,484.44089993,0.2671207756857248,275.1297089520623
WC,7839,614.17227956,0.27425468065647945,248.5860551123526
WC,7879,549.771592001,0.3211037493602868,318.48660936542586
WC,7837,608.898181824,0.3113175453051277,120.87649566052006
WC,7835,678.461384827,0.3091044791226662,447.24114876541444
WC,7882,587.591331581,0.3315215121474585,483.2477644677256
WC,7881,582.896080761,0.34142711463293995,376.56042154349535
WC,7836,609.102353185,0.3221732428675927,261.19781910017423
WC,7842,618.224214436,0.2916146994314411,208.11972575468178
WC,7838,585.409638479,0.3057418645645858,135.06662627575443
WC,7878,555.477487169,0.33987586075067516,328.47270591586243
WC,7876,723.235828706,0.33643822930431544,456.4466711605296
WC,7877,571.084225298,0.27132144903095023,351.8593419392904
WC,7840,635.687506949,0.25531584600156004,173.43248120476215
WC,7875,637.033570023,0.28513192350251815,378.4011509614832
WC,7841,620.431238623,0.2591537008767516,400.99760469922825
WC,7834,644.574930127,0.3050112330029927,397.05064867805027
WC,7845,459.208716419,0.3760615922253707,38.10279831231809
WC,7932,551.320421778,0.21525286402782245,235.1814961152918
WC,7936,597.979925437,0.2407011775327127,251.73438307818245
WC,7931,547.023339137,0.22685584804769296,325.5757612938975
WC,7938,611.605417428,0.25831681832151365,271.1785161635455
WC,7827,527.614868322,0.27541037921991823,232.2893097821404
WC,7939,633.318711348,0.26321042894036406,293.5134416468004
WC,7808,540.735990482,0.31279736003282943,240.95552191640817
WC,7942,588.964584881,0.2983466277912478,285.8917502608954
WC,7949,547.477423582,0.28128306119446733,263.8159485162473
WC,7943,573.168474787,0.3056518921189094,233.86322365555108
WC,7945,544.6298471,0.3271697214563202,278.79551618987443
WC,7800,545.459862687,0.264076807991498,378.378400555779
WC,7940,608.887359356,0.29666802582537216,363.1467276180492
WC,7801,622.918391473,0.34921562583875077,521.8468956442441
WC,7802,697.420530216,0.3308351667120046,672.9356565886853
WC,7941,603.166210627,0.3034914170132309,400.72206301221655
WC,7805,605.65012237,0.33783462277225007,271.43542351816217
WC,7804,568.125452915,0.2630808413148165,262.23748180912986
WC,7883,608.397503347,0.3159510631104861,521.6133967081705
WC,7832,464.278054049,0.31155612996698895,212.84589978386373
WC,7831,686.276940768,0.2767823605669451,583.6174186856139
WC,7830,731.354828863,0.3011592443993529,528.4342099358054
WC,7829,602.209583041,0.2849602959784646,331.88077500287227
WC,7822,747.241618658,0.2640043824228316,389.94962939094097
WC,7884,583.216314493,0.31245891421111577,382.34095321356074
WC,7824,646.680004426,0.35165984549409585,410.9722002814798
WC,7828,607.749548443,0.2408034834849622,309.8078182444853
WC,7844,487.588251299,0.35145652885740625,70.1616813809264
WC,7843,559.534402124,0.33277965710646873,181.31659946815643
WC,7833,460.140339855,0.23294628234770226,206.01389456356273
WC,7820,478.44767276,,0.0
WC,7789,500.399550856,0.2695205360014758,307.6904489255419
WC,7815,620.208921505,0.2612872595660772,270.3875648947323
WC,7825,544.094982855,0.3040694092667621,302.1854032628676
WC,7821,630.49955967,0.24419871727991763,114.04149271647135
WC,7816,579.697535656,0.25311810972356424,305.5985874849207
WC,7809,544.966408799,0.30658368389478885,250.41527892468025
WC,7826,562.481450002,0.26026675950890404,392.57834131577437
WC,7814,656.545712237,0.2716975636108249,335.02829293643725
WC,7812,559.058283353,0.28991635290608886,181.30876294304343
WC,7823,781.01922971,0.31899569463965144,599.1152137307561
WC,7813,598.929337465,0.27165814128968985,284.83908248602177
WC,7817,465.720789703,0.2496797499115482,42.83117412492341
WC,7811,554.584132148,0.301966194508007,191.55642448874082
WC,7646,522.285196103,0.31943185233521737,525.7258537741268
WC,7957,565.125090341,0.27317454003152397,275.90066348805146
WC,7960,565.565299025,0.22874285948117926,237.01027128930184
WC,7792,794.276183414,0.34540898198372744,657.6900851380591
WC,7798,465.530509877,0.24400112867851362,189.45152007458256
WC,7799,542.580799134,0.2194611283494682,435.3980644674862
WC,7803,766.811186722,0.3000357578206044,658.483845280666
WC,7790,513.361157079,0.28623247414601327,242.52680786731196
WC,7793,564.358862334,0.33731550265318877,300.07226774926283
WC,7791,543.482454278,0.3088811891678164,346.05491656135115
WC,7810,550.116461636,0.31706648554514955,170.27214938893036
WC,7818,367.276260626,,0.0
WC,7794,568.189304036,0.2737198246960815,329.5011618221507
WC,7787,599.634077442,0.2562202650731004,333.7029325597427
WC,7786,585.184065518,0.32554758489131924,149.77180346320657
WC,7774,610.793782141,0.3527459589571788,289.5561858233284
WC,7773,578.218440323,0.3219142117957592,378.10421268238736
WC,7796,421.736798358,0.25673395459861126,248.57181946997548
WC,7775,617.554917491,0.36177495330797904,277.46961203182445
WC,7777,654.43872989,0.38041467172362353,203.11002681956572
WC,7778,606.423592249,0.3852857264941261,313.7303463206572
WC,7795,431.675692524,0.2523699396235102,214.41233430750228
WC,7955,535.246801859,0.29251282592698685,248.04820365157784
WC,7788,660.521295131,0.2488118409716784,397.81636547013824
WC,7783,587.576735853,0.3666202129652866,273.26724332921646
WC,7759,569.355433666,0.26245552681628226,178.14398606244256
WC,7782,589.328948031,0.38741555666506156,240.15965055577897
WC,7761,797.180597814,0.2400013994039155,671.3282330082912
WC,7779,540.172719236,0.39982792451753507,384.1494268978344
WC,7784,540.451089212,0.3633257348585248,104.84009022432215
WC,7950,539.878416906,0.280335656778757,316.3686033061906
WC,7959,625.84158027,0.25057724341200577,249.36029971253637
WC,7770,554.316963201,0.24553440271671206,96.4304209391276
WC,7768,445.434223777,,0.0
WC,7771,489.037635731,0.23283332673381996,287.71613724652457
WC,7954,520.592099472,0.267020822011345,133.48366046980317
WC,7956,552.530793987,0.2987178553678518,301.3888969271791
WC,7961,707.28654055,0.20915038099836833,439.07326112634996
WC,7767,545.150075657,0.2752679986134976,121.65445059982
WC,7769,517.341402632,0.27888320540151895,66.21366469439337
WC,7766,582.436369747,0.25983360025387336,256.70889168533625
WC,7780,601.155654494,0.3779192236664486,243.31236796659584
WC,7760,623.189727525,0.24356944835064004,179.72099600399238
WC,7758,580.27103214,0.4029127066409185,364.958796153349
WC,7757,581.091910667,0.41010090558801165,425.65324491613046
WC,7756,569.746193068,0.38128843571658855,524.9715310788623
WC,7762,570.136533513,0.31858348776635925,370.2163562849457
WC,7763,521.559915126,0.30024768312050953,289.55177896537043
WC,7776,658.320941698,0.362212076663971,262.755293004653
WC,7772,576.542667874,0.26083738238236304,368.1189940209482
WC,7707,536.438723092,0.3114640551353899,506.2999551212086
WC,7750,547.364147087,0.3425073886872516,372.3116758757946
WC,7753,532.546407886,0.39024415935839274,532.3261031206916
WC,7764,466.897343697,0.21441694251016566,159.752761332194
WC,7751,570.198931246,0.3269470529829826,467.1628881716261
WC,7705,554.306508142,0.27748676872289213,437.4619275261374
WC,7706,528.673916619,0.2550290957545751,493.1636932373047
WC,7752,537.637714659,0.39098316254681104,479.5132390938553
WC,7755,534.313352051,0.37785035406870754,479.7782044952991
WC,7709,521.626729353,0.3418434914704916,437.4621905158548
WC,7807,549.105490241,0.33224255129074054,252.25408172607422
WC,7806,568.037259437,0.3302502057907653,297.9747684254366
WC,7712,615.370266074,0.3218833365433527,366.2599197387696
WC,7704,560.602116469,0.2801374560764069,397.2621227488799
WC,7699,562.636037325,0.3313708343369545,477.91894447476255
WC,7714,616.748340438,0.35852379987324096,275.08930125517
WC,7713,625.294144347,0.349600749130196,331.3158109777114
WC,7710,542.337323097,0.3248453821782227,478.1868182911592
WC,7711,578.06729571,0.3027105682439176,463.21030551686
WC,7715,583.968673641,0.2989881312742727,344.9774160048541
WC,7671,563.726005321,0.2938826903456011,479.7543635050456
WC,7692,558.140776024,0.340197274020173,410.3906595865886
WC,7690,531.015221468,0.2980822592690729,525.7291693593942
WC,7695,549.379581163,0.35620319288496977,354.95549932741653
WC,7694,549.707701137,0.32613355598871085,347.8611132154278
WC,7676,586.002534321,0.344672018630164,413.80510936063877
WC,7719,577.513458494,0.25741137602354136,276.92802132999196
WC,7689,537.978821126,0.2908900776305595,524.9401328591739
WC,7693,555.792731467,0.3165407219001461,416.95973941578586
WC,7675,513.264844366,0.33818487588483725,490.78701480042696
WC,7674,543.457849524,0.2910239239010895,419.3237206851735
WC,7725,639.595763663,0.34161942532582323,236.2052512972963
WC,7687,559.456671308,0.33166459034191825,376.23230171951593
WC,7703,560.86190196,0.23263369584729382,349.1804299747243
WC,7665,540.153641138,0.2813517518341541,478.18270374372895
WC,7668,519.419940764,0.316775640544904,495.2581636017444
WC,7658,483.533425449,0.32293709364810913,217.2834145340265
WC,7702,580.785878054,0.24735838046132744,383.33541759416164
WC,7662,536.531287918,0.1754755921189936,136.8870507034601
WC,7781,539.245807574,0.36904210520681935,84.34475923426011
WC,7785,618.144441551,0.29202494284381036,54.39073118322036
WC,7663,499.084302035,0.24900552833290457,268.2558399275237
WC,7661,496.924319191,0.1963083746903701,274.29928196925744
WC,7659,468.845996509,0.2191076860289427,273.772473712996
WC,7666,555.184125161,0.32077248349460585,469.5111350265204
WC,7664,545.495012617,0.34855686470133357,352.59406495935775
WC,7650,550.352332182,0.3309612915682511,266.93709333831185
WC,7660,442.065810928,0.23497598046582294,178.39912656896254
WC,7649,537.681741035,0.30102672751669984,475.80924371457564
WC,7700,599.745421499,0.31487495023116374,465.8338260127049
WC,7652,520.410033172,0.27072865478372365,364.6751710181143
WC,7670,554.190991298,0.316762860372226,475.2885772705079
WC,7667,566.805413916,0.30675523590599224,559.3665208105948
WC,7701,591.627741262,0.3306928542492298,467.9366188498105
WC,7669,541.737404787,0.31641871025643153,480.2812881170534
WC,7653,576.946496563,0.3384735852331295,526.7831242879231
WC,7654,605.200123682,0.34269442855349913,488.42490722057863
WC,7651,532.632672229,0.31628107269301675,172.09068313299437
WC,7673,546.231706032,0.2919639535352923,374.13401411467913
WC,7672,546.119841634,0.30592764475538087,302.67058087517233
WC,7656,553.094522356,0.3455504328691851,345.76061287674247
WC,7678,516.013596389,0.3374094803186751,205.19397577023975
WC,7679,567.411528877,0.22296085748212788,401.9794939826516
WC,7854,503.368423747,0.24745907231208386,85.92942567713119
WC,8162,513.497365432,0.35763322169164025,424.65869092754286
WC,7625,570.435526808,0.25124679147497997,358.3556808471679
WC,8166,562.844274961,0.2941867914504043,442.7891693414426
WC,7211,517.535685545,0.2130866953725085,284.7330705530503
WC,7622,494.25462754,0.3279711029051167,399.33939394483383
WC,7626,558.393595162,0.28431266262724597,486.04049772374776
WC,7677,615.486693716,0.3266271571824335,293.9980411604339
WC,7644,544.127686091,0.2880488995966209,390.6803925158931
WC,7627,549.868401418,0.3282017279594094,495.49966224221623
WC,7645,558.059752438,0.2744634743638105,455.57557552562025
WC,7642,545.847789452,0.3257909751272081,516.2642283720129
WC,7680,528.684986786,0.32078669404399424,471.86576086306104
WC,7647,523.437886282,0.32938359047620364,516.2684003044577
WC,7638,513.597631195,0.2650830489864338,465.8191112443513
WC,7681,591.817418672,0.2769955287477638,518.8931434481751
WC,7643,556.837847102,0.3058164084159234,543.8514108096853
WC,7629,546.002296326,0.3693051358788266,482.8907202327952
WC,7640,546.405031679,0.33434429169792834,430.3507108800552
WC,7611,581.934390223,0.3036523978620155,229.6175843781116
WC,7683,554.160085996,0.3265384205673409,321.0572282080557
WC,7682,549.548006355,0.3200211465069823,352.3221735337201
WC,7641,577.995561302,0.3328056800922901,365.1934153238932
WC,7628,563.392515721,0.3553244333518179,549.0967407226564
WC,7624,505.10931832,0.32694513185889323,118.75129556094899
WC,7684,487.645153199,0.2929618194348244,323.4216535082051
WC,7630,556.359703037,0.35641366469566005,553.8275869930491
WC,7685,455.546145139,0.2859787452888687,316.59098741119976
WC,7648,526.679741724,0.31800817613037163,521.5239075305415
WC,7637,589.066968969,0.24897456941057422,320.52955558627264
WC,7636,902.957081143,0.20266564585477037,516.2617582433363
WC,7634,454.58966834,0.25571582433032364,399.345568039838
WC,7632,455.064513896,0.24907859976106295,391.9876093247358
WC,7617,478.458690469,0.23014574152145656,274.54533999573954
WC,7620,527.97555565,0.31754203814943227,433.7566098979875
WC,7615,553.980317895,0.29981717457816853,453.7203623453776
WC,7631,486.026731872,0.2973719488440605,397.7675577500287
WC,7633,490.571848112,0.2972145974920452,413.0069350298713
WC,7639,542.956451699,0.32719282690070867,442.6987062641218
WC,7616,511.91775622,0.2795557439523308,399.33760953417016
WC,7619,465.987208167,0.25375909593137663,329.1927039352118
WC,7604,549.01078022,0.35360672604527227,312.8996900670669
WC,7614,557.254646354,0.27911978042418045,385.6747509825463
WC,7618,486.116460651,0.28803955797123687,221.73805607814415
WC,7621,552.268409103,0.3349431590901482,449.2569596832874
WC,7613,556.554869783,0.2844792249974082,223.31281654507507
WC,7609,567.616659332,0.3052680307512268,177.86143254298784
WC,7610,570.731361921,0.30750296029402185,202.82008421654794
WC,7612,549.297333806,0.3010354184625137,261.4071478750192
WC,7585,561.426319734,0.35031458257300613,471.57465212952843
WC,7584,546.71971143,0.3273847409524532,481.031737503351
WC,7586,543.50056816,0.3293778510506835,482.87239035812075
WC,7474,521.566334086,0.4920482911797482,115.32541713340609
WC,7657,526.713704063,0.31529877800890743,308.7152825149835
WC,7554,1420.47953966,0.22513002055842862,849.6388471117207
WC,7601,576.078681613,0.27324330590040546,541.9928434783338
WC,7587,586.453628338,0.3325876652439735,487.60209607891017
WC,7598,538.939444334,0.3155790994572259,344.95185971727557
WC,7600,499.322555969,0.296762425882193,316.57818274404485
WC,7599,524.966951083,0.2677175257422707,288.99282328287757
WC,7602,496.729413553,0.3544684534400017,365.70611033720127
WC,7595,487.531294743,0.2982201126832811,347.5788821052103
WC,7596,490.999282294,0.25994584557267336,325.5109288832721
WC,7594,524.613586599,0.29934184260414415,326.2979215734145
WC,7593,524.218318669,0.2695882896700549,331.0263330796186
WC,7588,596.953442465,0.3841085451320538,405.89796582390284
WC,7597,550.467154806,0.3097602961732797,360.71500785678046
WC,7592,463.087067558,0.3005770767160824,183.9031831329944
WC,7590,536.417334234,0.35502980431581194,434.79821959850835
WC,7605,551.460604117,0.3449561329465808,327.3490427054611
WC,7603,491.335707082,0.32889006750136746,318.1532936844171
WC,7589,632.09214173,0.44132270248562344,495.2231710695753
WC,7607,575.665740466,0.31528767516770334,258.7791206509459
WC,7606,504.327647096,0.32679557954201677,223.8371047973633
WC,7581,502.645559942,0.35913778257553186,239.33284427418428
WC,7608,567.141969049,0.3057654262368196,80.39225724164179
WC,7583,557.682040234,0.2801463399181091,446.35247895483883
WC,7582,570.526875097,0.31029233143428453,354.92760883406095
WC,7635,650.841887525,0.23048656814838756,495.76747074501185
WC,7078,556.724084072,0.23107426071394915,453.31189916274127
WC,7537,549.538962937,0.3897634234182454,424.01860575956454
WC,7504,557.420031814,0.2480912205470856,494.6771420048732
WC,7573,633.698558075,0.26842601939960603,468.42134608848426
WC,7538,608.768802551,0.2820943520619319,324.4508435716816
WC,7570,577.399472824,0.30619663504845157,292.40329239789173
WC,7568,529.942326484,0.30570080950184986,524.9087680592257
WC,7567,546.636035636,0.2799519165962226,463.95907760320927
WC,7571,601.590791406,0.2813053068675702,393.8111517214307
WC,7574,653.499634414,0.2641552939277513,576.396692642511
WC,7575,647.245491497,0.2758677158014328,568.7772321214862
WC,7572,607.564643323,0.26602478864435886,458.96413011737894
WC,7591,592.102577677,0.23269588966532445,280.8455436556947
WC,7564,527.881518509,0.26525741410561104,307.3805501302083
WC,7563,533.013813326,0.3315708689406604,261.14200430477365
WC,7565,588.100657311,0.2467689324038009,347.57693098479626
WC,7566,538.32255321,0.2856236113925355,410.6278247010475
WC,7562,519.151221287,0.3326398850226626,307.1178469190411
WC,7560,561.666446129,0.328794676563681,341.0090226117302
WC,7558,552.691401555,0.29304522784744824,290.8298905615713
WC,7552,648.673442404,0.2587147610648623,556.963596239277
WC,7557,552.970456362,0.30074902228588096,240.65056283988204
WC,7819,589.239319216,,0.0
WC,7655,508.305152839,0.2924536516133706,289.27183586569396
WC,7551,566.308269918,0.31601887762692393,322.0923712337719
WC,7553,1396.67737863,0.22231005203655727,597.1619535259173
WC,7846,434.048101743,0.3836506512519476,19.445566035251993
WC,7548,434.895109663,0.2262216443609719,384.356178523045
WC,7559,550.705279267,0.3334863858488582,343.1106361239564
WC,7546,448.46358494,0.31481713046466736,271.3862701715208
WC,7549,508.086782036,0.35534120427357024,408.00075806262447
WC,7555,791.833138265,0.2540036603227838,303.4406370275161
WC,7550,581.162755957,0.317176600234418,435.84896099614167
WC,7544,598.713105664,0.40977578438791806,440.83760181501793
WC,7526,505.965263175,0.32054564857828444,271.90840068143956
WC,7539,551.649268532,0.3915475323977994,430.8508424945906
WC,7561,549.995349442,0.3121889564650658,346.0006425146963
WC,7542,522.912442469,0.3586633791555637,442.6748183007334
WC,7540,549.899894855,0.4679820758796662,393.5462657554477
WC,7577,547.113229179,0.27196197127236765,416.92654736088775
WC,7580,618.984151556,0.35127253992402035,36.25450693766276
WC,7503,548.060123887,0.2650799276266198,477.07473132563575
WC,7556,624.253417821,0.28069801869601846,319.99145759133734
WC,7535,570.231770898,0.3985446806332207,370.9498575547163
WC,7541,487.491451395,0.3177960900469653,390.91905338062963
WC,7543,591.059379815,0.41208618453570783,492.85432401170914
WC,7509,549.870306512,0.32736278033818467,390.12283166623587
WC,7533,554.547311735,0.33431279959111676,301.5927728091969
WC,7532,547.993114382,0.4297753737633488,348.88198071648094
WC,7505,538.297670234,0.31702375465388616,535.1349162382238
WC,7506,533.962991505,0.3189275302720417,524.6273876713772
WC,7242,549.64387934,0.29855492972169,383.76016791848576
WC,7578,540.062746016,0.26760681966240973,186.52651349235987
WC,7576,614.345701969,0.3003266283075943,562.208646886489
WC,7534,544.750079713,0.38692829284003033,352.29676513671876
WC,7214,521.680447827,0.192965241410419,235.87838550642422
WC,7536,568.262463068,0.3270121648079819,425.59394387637866
WC,7579,478.537401056,0.3517233090917223,222.51872334199794
WC,7241,539.388403311,0.35783728927419667,341.99528012743184
WC,7222,537.380440202,0.2593932885591957,462.2953643798828
WC,7623,635.174188222,0.2573873463002118,231.19619257309856
WC,7569,533.125463748,0.22790364528244195,375.68425675934435
WC,7213,661.625305597,0.22897910708048214,266.8731203864602
WC,7216,442.551757103,0.24322159127365772,109.53339053883272
WC,7212,474.774527873,0.2620762046167834,302.5953840068742
WC,7208,580.309898177,0.30925005604823436,472.8018628288717
WC,7215,465.431742132,0.18670746169135544,207.50976951449525
WC,7218,456.811860556,0.22419559367624134,223.0062842873966
WC,7209,430.053346172,0.35558797398215825,375.35296334659347
WC,7240,528.078987933,0.34498306040979015,395.84182389203244
WC,7189,508.950603964,0.2089126305570327,319.13443845861093
WC,7220,509.271363914,0.2529356896959088,287.09660420137294
WC,7221,518.330441192,0.2698062506973909,471.489018608542
WC,7207,621.577232298,0.28457879267800473,537.4173245598289
WC,7223,541.734117016,0.2645053320467763,377.4534477682675
WC,7204,674.615699784,0.26374299030104087,526.3829006419462
WC,7206,486.220342382,0.2886633011724262,398.4659406774185
WC,7205,456.176218914,0.2804395291216737,416.58917891558474
WC,7219,469.387822352,0.2670498088490768,192.27357087976793
WC,7217,458.150315133,0.2630305756423692,208.2968589034735
WC,7203,531.517247258,0.27347562702922673,450.99692589254937
WC,7224,514.246604353,0.28561885214753835,399.25469836066753
WC,7230,700.725851099,0.24002919987598767,446.0051069970225
WC,7500,506.426371141,0.2763095324213911,269.27262728822
WC,7199,485.980454194,0.2967873930743655,250.58134451473458
WC,7196,520.633108991,0.27280996805335184,448.3668340346393
WC,7227,560.692905803,0.29330932340543536,511.14890944536995
WC,7202,524.427323652,0.2631517679036669,451.52154894062124
WC,7225,581.931732572,0.2689948164993086,528.4856792674346
WC,7190,472.833515487,0.23046085137570546,287.0904881795247
WC,7229,533.464820138,0.2852592888982698,520.6034948012407
WC,7192,482.159762065,0.23796493557171047,269.49260496251725
WC,7193,515.734408412,0.2894470053377436,492.7564291262159
WC,7159,552.081240127,0.28151011012455834,454.6572723687864
WC,7198,494.555407552,0.28484230679421385,158.91141450171378
WC,7197,526.572410902,0.2823759309708359,417.3726754581227
WC,7195,504.907083397,0.2815983163677994,408.44179953780827
WC,7194,509.284089823,0.2979937296017742,493.544357359643
WC,7179,500.819251142,0.2828327738543516,475.15125250722843
WC,7077,572.113762248,0.22274661400677973,483.7766923493031
WC,7201,546.310021052,0.2707899172637987,484.8792280907725
WC,7178,518.637241242,0.25929711027674274,372.9765713261623
WC,7175,539.323684679,0.30896968745880504,277.36693519143495
WC,7210,623.074025769,0.24403057403406891,425.2596589929917
WC,7176,544.289338008,0.24919955193475113,360.36795370064533
WC,7200,524.641940378,0.262489570509519,396.6229788088331
WC,7728,548.937488058,0.19152258623104831,150.2880635878619
WC,8167,553.695537298,0.294018962603246,304.0399561564127
WC,7184,536.378248441,0.28348332775544516,456.50438579484523
WC,7171,555.323989564,0.33385467524068396,374.28584513944736
WC,7168,518.624835882,0.2767756247065134,529.5136510213216
WC,7169,485.565972978,0.3029209018173845,447.04081812839877
WC,7166,517.183638469,0.26739492916113206,353.53370738309974
WC,7170,492.753270529,0.31649912905323413,440.4750018849092
WC,7180,504.130914689,0.2951653789030512,494.5885256598978
WC,7177,523.398260387,0.278527148444574,358.52946158016425
WC,7098,627.644076879,0.2162130055421928,389.7617617139629
WC,7167,517.913674104,0.26591548981035457,384.00217766855286
WC,7161,534.472871427,0.27959780546542534,516.6420096303904
WC,6036,542.899170827,0.3393605890202564,148.81607154397403
WC,7130,544.932741723,0.28621238829760715,457.0180174883674
WC,7545,565.54037208,0.4040009312128006,413.25293528238933
WC,7547,411.138431091,0.24299221513350944,298.9722000421262
WC,7523,531.581432566,0.2372486441258038,219.6283769196155
WC,7525,656.663173217,0.24096380975374618,547.2337859509039
WC,7524,500.591225969,0.24129402641691053,279.0020327399759
WC,7527,529.600193411,0.38238389478270374,375.4174204807656
WC,7851,603.141998451,0.294814947704822,255.15935178270527
WC,7518,402.332387156,0.22967364043975558,240.11838073730465
WC,7520,452.811501524,0.2008450339777401,164.4582192813649
WC,7519,419.88355249,0.2064557525871405,211.22070483039408
WC,7515,541.646020283,0.3743188725704822,368.846162145278
WC,7521,531.535311108,0.3273962813836988,134.5087712904986
WC,7490,501.649700086,0.234107188425566,374.35622406005854
WC,7512,588.607558314,0.35219370962007435,516.750806202608
WC,7511,557.48184176,0.4032249642941227,491.5304934333352
WC,7529,492.662172419,0.3635152214874285,547.2292528040268
WC,7528,545.812020009,0.4125637553604901,429.2725718479531
WC,7508,545.559444872,0.3366587348813532,423.7490845624139
WC,7530,516.935586538,0.27718469108710636,405.62658727309287
WC,7517,412.550844724,0.2800094500449474,206.49078198601217
WC,7522,566.467467997,0.3446368040150679,376.7297199024874
WC,7493,466.637266751,0.3149232407124945,310.25646051145065
WC,7510,525.166069137,0.2934811935273126,396.42804774864044
WC,7531,521.249120703,0.4054094713842241,353.8733428057502
WC,7513,605.50482837,0.3692392090057163,548.539165541705
WC,7492,533.842650542,0.27442727820313906,452.38085470760564
WC,7514,591.059922462,0.36934441668573526,458.69275719137755
WC,7516,460.091109957,0.3346883079392698,277.94810782039866
WC,7494,510.598583138,0.35419121220181315,423.7453200695561
WC,7489,425.176225512,0.2650452925142879,279.25571115531176
WC,7460,512.517117896,0.23461190892528355,280.30062641816977
WC,7498,537.431220924,0.33154213500398544,533.5559879976162
WC,7496,483.709338699,0.32120708411984455,388.015577398562
WC,7507,547.177668036,0.3188654293781875,426.3753606758866
WC,7482,546.867128208,0.3162863837968707,409.29115687351606
WC,7485,475.844866456,0.2826832493207367,298.9571817435471
WC,7495,471.132122841,0.3480048463908633,347.55979264203233
WC,7487,516.604904362,0.23899366165652422,216.73053926954083
WC,7483,561.542479714,0.2883233732794386,508.8562972424076
WC,7491,440.793122066,0.24425301831533475,384.86483196183747
WC,7486,372.312287314,0.3146652372631414,290.55136533250993
WC,7475,534.512121726,0.46360160450336796,186.25469264610143
WC,7501,582.130062037,0.2751193162446088,401.6763336480833
WC,7476,518.131066272,0.4019677962509461,101.4025446873085
WC,7478,559.145541451,0.26283340958573903,480.4817176968443
WC,7226,658.397959251,0.2753146917978775,567.8845292035272
WC,7499,484.909011342,0.2817646673423878,352.55033063701563
WC,7497,548.946992564,0.29541509731429255,379.8712229111615
WC,7462,472.184498328,0.2996568137025794,316.02766657810594
WC,7480,518.089902239,0.33635506506239066,498.0838476742016
WC,7488,493.374695315,0.28171999884390203,296.8559909895355
WC,7484,583.547057595,0.2834047111658669,562.448271448472
WC,7471,511.107783308,0.4055115341789066,178.37306135589
WC,7459,556.034907062,0.22225813204690298,347.2885098625631
WC,7468,563.839756341,0.36140583635824186,562.440201254452
WC,7481,545.605676493,0.3387885061789552,530.1340517231063
WC,7477,566.888180233,0.3380317744296065,239.84607870064528
WC,7467,514.289179876,0.34686171102362706,485.9940109552121
WC,7479,516.252383476,0.30051505518349947,521.4637389837526
WC,7463,517.995539632,0.30938211621806233,513.3158857756969
WC,7465,559.16927274,0.3372906895533,402.7169495825674
WC,7461,478.426112853,0.2513345574481146,275.8347652958888
WC,7457,536.720663453,0.24350009039651757,386.69115313361664
WC,7452,552.436723968,0.30601517360284064,450.786849975586
WC,7464,498.257210191,0.3704360075679743,503.594702387791
WC,7454,574.931722482,0.302776010719915,417.42576554242305
WC,7444,513.535373443,0.2933683778497067,364.3546535417146
WC,7466,551.960481357,0.33930960824998124,339.93267442291864
WC,7453,564.525634824,0.3086487554954712,430.5601752786075
WC,7450,510.428459825,0.2993040591200254,506.73929416432105
WC,7455,563.973654923,0.3089454900174398,376.4455171472886
WC,7469,513.047675196,0.2365680621569544,455.51922616397627
WC,7451,514.8091156,0.2884874969690306,512.782158795525
WC,7448,510.847027179,0.32844611143713276,515.14379344267
WC,7449,511.481219638,0.3166569331714084,505.687655729406
WC,7447,511.796063727,0.31724044898399295,510.41441147748156
WC,7470,528.067832174,0.3563999951299056,340.98384357527186
WC,7414,594.208159517,0.35748943139454453,378.5266677856445
WC,7439,548.116653584,0.29318263275897666,545.608604670506
WC,7438,563.131300363,0.3209389015028515,557.6915469300513
WC,7472,472.318684127,0.3967582729368499,216.72723747702207
WC,7430,544.772232457,0.29446290840816863,350.6873137530158
WC,7429,554.24296981,0.26082459921054996,324.41817579082414
WC,7431,540.254769025,0.2723583935437815,362.2462742225797
WC,7441,553.401590545,0.2939880638591294,541.1444076837276
WC,7424,543.831378113,0.37886729850531825,361.7168500414082
WC,7426,558.495834917,0.2898716386014544,385.88466201483027
WC,7428,529.281926274,0.29738770708517764,411.8920278810987
WC,7425,572.886186396,0.26509132320610906,329.4064130296894
WC,7423,502.59827239,0.37563866309653543,524.0557351205863
WC,7473,544.668312239,0.4669936040745062,71.45435788023705
WC,7422,512.033230995,0.3515282347966723,464.9508391436408
WC,7418,539.151812206,0.3514528199193183,303.9236461863798
WC,7419,571.042772141,0.30777895658854254,375.8988754272461
WC,7369,521.135215767,0.2962961076960768,386.4045247695025
WC,7106,543.473321212,0.3370224075320879,537.3742490581437
WC,7093,429.305363284,0.3075225498250393,420.4907553878485
WC,7258,482.787355732,0.35520373240202485,43.866487989238664
WC,7260,555.41843526,0.38876589446599724,166.00946077832987
WC,7416,575.10759358,0.26109744102306753,402.95414249195767
WC,7256,506.687521699,0.3816459439568601,77.48867558498009
WC,7417,539.828963283,0.2916826684133694,342.27458208869484
WC,7259,518.787673903,0.42971844984604435,87.4701488719267
WC,7255,590.183909066,0.4019218908473932,239.8204537185968
WC,7246,515.651493649,0.3565922701498494,336.2191536099303
WC,7251,559.520597963,0.26819435571846756,350.4061985389859
WC,7420,536.508509457,0.329721200207509,405.58275209314684
WC,7262,533.849276839,0.29529801066948624,301.28663835712507
WC,7257,576.614776272,0.3980823587872384,238.50733917834714
WC,7239,523.13619343,0.3390263795517266,326.75965046602136
WC,7248,563.663797168,0.28379047394060253,419.225248000201
WC,7421,540.425087014,0.33505468328559584,356.4616172640931
WC,7247,566.519021672,0.30354610431787965,458.8877597883635
WC,7250,571.590998426,0.28336331583257346,453.37370644363705
WC,7244,577.678753706,0.3192827592682097,456.52152506510413
WC,7249,564.826212261,0.27455973561458163,448.3826383702895
WC,7252,558.070054814,0.2615971817066352,357.49856806736364
WC,7502,564.935350461,0.2726410086285704,514.9034730499866
WC,7427,583.380611193,0.29494579150935507,510.661155610926
WC,7245,579.873787711,0.30526331814808333,514.0473523607442
WC,7243,565.534609816,0.3501459063195131,428.6776123046876
WC,7139,507.596353047,0.33436924237463306,149.45240493475222
WC,7238,512.582941338,0.3918861891691045,390.5883125753964
WC,7237,501.581219885,0.3916189703636707,437.8680102180033
WC,7253,596.965281047,0.3400839015903831,313.893996145211
WC,7278,584.264044186,0.3104254585584538,195.68864901673564
WC,7269,545.42533893,0.31200234820398515,445.49163085339126
WC,7228,488.540965598,0.3112629388650258,492.4996391745174
WC,7234,436.868012125,0.2712088560278487,323.34276338465077
WC,7279,607.797205632,0.3666502625696242,330.9631811104569
WC,7191,510.983678103,0.22354678224073718,336.2093486411899
WC,7235,459.325255722,0.30403111190188165,334.90057776956
WC,7236,487.836976682,0.33190806959607777,347.24665796616506
WC,7266,548.401712632,0.27307691516015936,544.5204517140107
WC,7263,541.938193913,0.29975058304424507,358.2863928102979
WC,7146,495.359106469,0.23421088408040294,194.63180054309322
WC,7141,601.528279008,0.37260079686924563,371.9247709386488
WC,7148,554.313803413,0.4095368939845716,105.58893701889936
WC,7187,580.86329708,0.3249146164005453,144.4640221689262
WC,7188,575.593831723,0.22583173582744268,75.64656363094555
WC,7231,477.475985426,0.25524623891271253,282.89037804697074
WC,7232,688.578782355,0.24414458117027765,377.9749850703221
WC,7142,511.678096566,0.2847776792157101,293.65316446341717
WC,7143,480.676427175,0.14865655047359697,173.61831787707757
WC,7144,450.328376306,0.1830672340017454,196.73299922569126
WC,7233,553.336575095,0.24127960444497262,328.5951643999885
WC,7147,505.45289862,0.3751443913505749,138.94704242781097
WC,7280,582.812602679,0.3898565503635577,147.0945201200597
WC,7145,424.6371178,0.255317565731027,312.0407250797047
WC,7149,602.607152788,0.3280579035069041,202.77248394536036
WC,7261,548.177619908,0.26662511606252076,316.25947122012866
WC,7412,562.986244446,0.3152497160967227,349.89497710583254
WC,7183,519.048677238,0.2919964714439992,503.78299853754976
WC,7186,583.193600979,0.3186623047197789,298.38345869475717
WC,7154,515.304959218,0.27757248446025257,440.21401579613786
WC,7132,558.864614161,0.2895355447741479,558.667331979789
WC,7181,512.58541824,0.29927823930702097,396.0914299460018
WC,7151,620.918151042,0.2556331807728495,283.4080458397959
WC,7136,628.269175107,0.29001584304875316,445.72892444087006
WC,7153,509.644145192,0.2611360239927952,486.9676806281595
WC,7152,513.145651843,0.2537511088029642,232.9776045556162
WC,7150,605.2029954,0.2766270045904403,246.89890498741
WC,7281,561.026114529,0.4419763461197957,132.64776162540213
WC,7140,637.432220777,0.3371025980283647,337.77859054266236
WC,7287,608.939200149,0.43109463127232606,376.9285381541533
WC,7284,544.417944722,0.43989663405707946,138.42626827464386
WC,7185,604.184087667,0.3323553877037163,210.91695909687118
WC,7133,564.857883313,0.30784798418792386,407.90411993288524
WC,7129,515.306686868,0.2666521593600479,477.5044412949506
WC,7157,594.917764529,0.30252728770959747,569.7012455659753
WC,7156,545.332846151,0.28226214708683645,490.90500649844904
WC,7160,590.571812786,0.28424854267719757,570.2246423459519
WC,7158,592.069105996,0.2918966597493522,528.2010425941617
WC,7131,502.945939042,0.2874385037834684,503.24624158073874
WC,7134,538.470685575,0.2807372012356551,256.87749678667853
WC,7155,519.581990712,0.2799853888656676,439.1627342074525
WC,7182,517.675169324,0.2916370713074625,499.5799296958773
WC,7128,477.430017977,0.25847776641376313,470.9374821382411
WC,7135,590.012880458,0.2845628957317451,394.50994914933744
WC,7137,596.092711204,0.30730784232524067,257.6669359992532
WC,7126,500.128080144,0.2384217905474233,334.6193531709559
WC,7162,582.093359809,0.24386454653907932,428.6514169132008
WC,7121,540.689754817,0.3491718832525769,463.8406270644244
WC,7127,518.935469917,0.2636033795606039,512.698426100787
WC,7163,606.075837173,0.24501947020845755,338.2977793974035
WC,7120,581.576836679,0.3111972201674973,461.2135056140377
WC,7125,511.987882958,0.26108308946662906,384.5225518619313
WC,7118,577.630781886,0.20942196367276067,346.9590688967237
WC,7117,589.744266431,0.25836935970105435,315.9654716042911
WC,7101,513.498316525,0.2770046858137013,195.40705844654752
WC,7103,512.203969506,0.2683068898116799,442.5567108453489
WC,7115,535.152094659,0.32320757331722233,457.5335310393688
WC,7164,583.495493822,0.24686056167907672,222.46772263470817
WC,7119,546.867697113,0.2728955221715472,336.71661436791516
WC,7100,502.736717733,0.2294841625202786,288.9083625943053
WC,7095,504.8058924,0.3060740798612103,471.1805267034793
WC,7099,453.580363144,0.24913915572982082,249.5112705604703
WC,7096,573.352276801,0.27379707704671197,427.581017408184
WC,7102,514.093893879,0.24576877140336564,345.1150415757123
WC,7082,481.10082029,0.2770204851146561,427.8392144595876
WC,7097,599.144559921,0.2824347726675518,270.7838628731522
WC,7083,502.232173034,0.2935971628949161,340.90487787583294
WC,7075,424.658569034,0.2620234080353139,169.1378776699889
WC,7165,483.694995761,0.25802461664904563,357.210069843367
WC,7172,564.439588215,0.32577360730675764,289.18539150462425
WC,6013,494.750360881,0.27663819319243327,154.06004734413293
WC,7852,590.339990173,0.2867079322390696,250.1669674742455
WC,7456,525.295604895,0.301554840503638,316.2879988726448
WC,7445,510.59091124,0.28318106363118956,372.49876290115657
WC,7396,523.227942485,0.3052335806067549,301.3050508985333
WC,7386,493.831990844,0.15936795794650124,149.73300069173177
WC,7398,506.978807725,0.32571146340780355,24.430050060795804
WC,7395,507.026227287,0.3205384405237373,322.84575303021603
WC,7399,528.345183231,0.29689197613543095,157.08755101222619
WC,7458,525.196221666,0.2265909673554487,384.5906867831361
WC,7390,543.455816993,0.28681544127002845,203.58331373626112
WC,7400,532.128130074,0.27102263908631896,155.51121254715267
WC,7401,524.963460126,0.28105407525175596,167.33197338627832
WC,7442,551.760947323,0.29066835954801223,493.334946935317
WC,7443,538.7562135,0.30854467998327495,412.95202600815725
WC,7394,538.987060337,0.3124026561604196,408.21901044658586
WC,7436,546.549232018,0.33378632344829395,537.9880409988702
WC,7440,573.436161373,0.28071573052924287,575.5560499901865
WC,7402,516.83927356,0.27498365746619874,220.1320312799192
WC,7397,510.294021228,0.3096262662721103,310.7612278358609
WC,7446,509.164460959,0.28166800290783134,447.8924161125632
WC,7403,518.95721374,0.28954113448367397,446.56825271307247
WC,7388,487.32577963,0.2881898206571189,95.09319069058287
WC,7385,533.722107815,0.3100198154697324,53.06299055510877
WC,7389,505.22122852,0.28304092960972943,122.15007108800552
WC,7387,476.653626748,0.3041955021924751,56.47800640031404
WC,7382,559.569181727,0.29049976764054136,190.4484021055932
WC,7342,507.036048699,,0.0
WC,7408,546.128486749,0.3270405041139454,371.69973859599986
WC,7409,550.779988075,0.3315132711819994,403.48412861543545
WC,7406,529.436588018,0.3472916057104984,452.0828482833564
WC,7433,522.892737142,0.2610708547356158,493.06595285453045
WC,7410,536.966766649,0.28482414276162543,383.7817287968654
WC,7411,543.03797735,0.31929753088589874,355.41186625162766
WC,7413,578.373548651,0.3314020888677635,370.12126952526614
WC,7432,526.168668062,0.26661464748953156,448.93366426954077
WC,7435,520.391697105,0.3186596987992525,525.3781417547489
WC,7434,500.868886116,0.2886139716393596,451.2991379083371
WC,7405,519.638011113,0.3598787651763779,413.2058842677696
WC,7407,554.272660869,0.33051845335846625,385.3599846335018
WC,7404,515.225206784,0.33100250792309627,452.6095873963599
WC,7373,488.441796635,0.26323156682067245,204.10501933378333
WC,7375,526.423084858,0.23943394305948298,292.1049734975777
WC,7391,542.621055696,0.3249871511012316,273.1957416908414
WC,7437,564.721603532,0.3436455216901056,571.3504808014515
WC,7372,518.694624795,0.2620333163954335,344.9026598762063
WC,7376,572.390013147,0.2820911623581111,269.5147859461168
WC,7377,594.049168406,0.3180147021872188,286.32708052092914
WC,7374,588.689813337,0.24300415279536416,380.89119855095356
WC,7371,527.907760525,0.26997789932162974,394.2864028930664
WC,7392,534.158507353,0.32736879888377096,418.4633410883885
WC,7393,554.971245265,0.3128227646175389,449.7232321645698
WC,7379,565.902414011,0.33489348229609045,164.7041690602022
WC,7380,572.93013545,0.32088652521074146,236.6804885265874
WC,7381,573.457241252,0.3035524944635459,244.0361624923407
WC,7341,458.96270123,0.40013532340526575,2.1014482385971966
WC,7344,511.867401002,0.40247821108794507,21.277151579015392
WC,7383,498.228939934,0.2906585482159102,45.44498036702473
WC,7384,526.978780287,0.30838378984282516,123.20070579379212
WC,7339,536.710897964,0.39009359370259683,223.2787322998047
WC,7415,539.88172567,0.3133690689863173,369.59452801872703
WC,7368,524.581909723,0.32444220054525197,450.23546968347887
WC,7367,519.36945723,0.3134866452615488,510.91401672363276
WC,7352,495.230291438,0.3972249971845487,462.58027639950024
WC,7355,494.956904324,0.47817909176516454,435.52218762566065
WC,7362,530.278683949,0.4382217435818166,420.2860539754232
WC,7365,519.636434107,0.33880417820285347,491.2115081188726
WC,7324,512.772958778,0.27491081083378593,179.6710719389074
WC,7357,428.768115919,0.2520503570925969,99.0294595456591
WC,7321,513.566659568,0.31576750066297116,224.32556029675052
WC,7361,512.203026772,0.45346065294442195,396.11914998970786
WC,7319,490.242344866,0.3418221286884927,251.6437782437194
WC,7317,534.227303907,0.32732048797888114,379.3043894749062
WC,7359,482.569541616,0.44962051483385396,214.0825261134727
WC,7360,520.444871881,0.3285917852788745,336.75279511096426
WC,7358,392.53615193,0.4734060816584783,215.65881171133006
WC,7318,555.869286446,0.316180374246061,495.1450340420592
WC,7378,605.362785648,0.33273363701559866,218.29183340633614
WC,7370,527.183902996,0.2884821931817638,387.1933253568762
WC,7345,540.536975699,0.404136482754658,60.94195763083064
WC,7346,569.607298889,0.2652156352996826,9.719241692038144
WC,7353,493.429211687,0.37580455823553544,365.12490336100257
WC,7347,568.94591753,0.3203018580282037,341.7490965001723
WC,7343,488.519129847,0.36812015826051886,83.79530567842372
WC,7340,467.997722044,,0.0
WC,7292,409.225304959,0.35031325030834115,61.72713380701402
WC,7354,494.081312262,0.3786003229518731,441.3013609343884
WC,7327,517.639792381,0.2561409326324125,163.38585354674098
WC,7325,364.600049759,0.2699312268424843,247.9674405565449
WC,7351,465.211068023,0.3676234046582792,221.43930065678617
WC,7330,483.719269268,0.2761254609146745,227.74275575525618
WC,7326,513.345514351,0.26550587290958655,209.61683170094207
WC,7356,345.320259443,0.3634960974944328,208.5667483460669
WC,7328,514.874551322,0.25238201436237195,259.00088952756397
WC,7350,512.010154882,0.36520094075560894,381.41218997730937
WC,7338,573.124436746,0.4009258802331851,279.22933125215417
WC,7329,517.124369586,0.25743022802020976,229.05583481134155
WC,7331,500.00346033,0.3065668772571632,336.492311036353
WC,7348,601.395386998,0.3820074528540522,369.32987204159014
WC,7349,537.505555878,0.3437839530780911,420.2889754351448
WC,7332,558.698246781,0.3529673903476931,311.53791129916317
WC,7333,560.393638125,0.3824240151934952,344.1103439031862
WC,7045,510.631118978,0.23363356575167757,367.9479415295171
WC,7254,627.124662469,0.31898520167167727,370.89469386082067
WC,7268,528.597419093,0.303838963198401,456.26156302059394
WC,7306,606.739831,0.230541466706029,493.03702605004406
WC,7277,545.861939528,0.29752251028435905,324.6598540661381
WC,7122,486.502537043,0.3107868321309581,281.0361206952264
WC,7267,534.707280616,0.2916768775167508,412.92108333812047
WC,7274,446.187222186,0.2655881168484165,239.55619004193474
WC,7272,452.448524985,0.2741916602448478,253.47873253915827
WC,7309,544.833207073,0.2917471290113631,359.60114692239193
WC,7273,500.912826879,0.22701246764859545,159.9674175486845
WC,7307,534.898615242,0.2611540048147994,416.07495925005736
WC,7304,605.728756824,0.26633520891239215,262.4087044210995
WC,7276,552.920766688,0.3248028105009577,394.7933654785157
WC,7271,553.475332866,0.3264089745567779,363.01163318110446
WC,7300,551.60982663,0.28812019615288237,545.0434679517559
WC,7265,541.417777635,0.2666942119598389,374.3087544160731
WC,7270,568.233427106,0.31565428404580975,524.0294099695542
WC,7275,502.903822686,0.30453601092734234,370.36567284079155
WC,7264,535.614426545,0.28843969342112546,262.67295104382083
WC,7364,524.709532224,0.38205513963964627,375.3690675922469
WC,7310,527.583558457,0.34235727921884845,475.9662079156614
WC,7311,509.451548334,0.3601027960039203,510.3773849786497
WC,7363,532.917829446,0.3673809079033052,315.4774473900888
WC,7366,514.631126676,0.31086605810308376,509.86249802533314
WC,7313,541.782886546,0.2743504662748154,344.62862776214007
WC,7299,563.662286409,0.2775705546070713,559.4896630679859
WC,7302,502.202936346,0.35667815450622015,340.6863285139496
WC,7282,546.915519532,0.3933685331928488,321.769188376034
WC,7305,417.731742795,0.2906191069968179,218.8061901915307
WC,7308,533.363074288,0.28828620891208234,302.07504392137713
WC,7312,522.116872237,0.3290031550918865,448.64823692172183
WC,7303,544.15854638,0.3547513644744863,290.5152490653244
WC,7301,511.032574361,0.2837109442158933,358.54727083093985
WC,7322,514.332875283,0.29814260405225634,245.86528347239778
WC,7316,539.605728167,0.3576639910773523,311.53344938988783
WC,7314,550.549160528,0.32077878394025444,308.6432540893554
WC,7297,530.872108161,0.3560360799819943,373.51737374698416
WC,7315,522.786864441,0.32003952685236364,335.69888577928725
WC,7294,492.125392876,0.4173076726862642,32.04563060087316
WC,7320,491.225817886,0.3391527063143787,140.79416575712315
WC,7295,542.255627284,0.3767889897997786,86.15551210291247
WC,7285,579.047467631,0.4043193085837602,290.7738159179687
WC,7283,578.719901904,0.416972049494397,222.7428987390855
WC,7323,548.257392963,0.2934775170014829,128.71157537722118
WC,7293,476.785306473,0.4172527634702023,55.42317854937385
WC,7288,537.001078108,0.4242128200605609,201.46614756864662
WC,7334,442.920185592,0.4195219874382019,47.282323500689344
WC,7123,515.343423228,0.31703407599697064,303.6247452081418
WC,7286,619.8798336,0.4045943734933566,433.1396733003504
WC,7296,523.135578495,0.39648618310457096,134.48687271417356
WC,7298,538.004530639,0.2985745637952682,548.7194777843999
WC,7114,534.770345718,0.2820012455071722,459.63444623760154
WC,7079,504.148509204,0.2411957003163563,309.38739220114314
WC,7124,495.640907315,0.27956000075558934,297.8468671013327
WC,7138,528.993753599,0.33941476951752386,176.50604095458985
WC,7112,701.360352487,0.2375118480988593,364.8178212782916
WC,7111,1789.47174024,0.20613667164881438,681.0453811346316
WC,7109,575.307366971,0.32028662321860335,29.94170774572036
WC,7108,494.066658237,0.23127735518405157,221.4099996529373
WC,7092,462.471441804,0.3123402590668479,451.74498823577284
WC,7094,537.448912901,0.2907769370885051,545.7703808952781
WC,7113,472.97408751,0.24911898624384085,354.04965359556905
WC,7105,524.550463977,0.3216687251710437,523.4527499030619
WC,7089,482.482438056,0.23532199593899134,375.5766661400888
WC,7107,473.657152717,0.29613533010135557,364.28957654167624
WC,7104,505.167773961,0.312582475200147,500.86452056286385
WC,7091,506.474532772,0.2766577783558104,378.2039064893535
WC,7088,506.285067228,0.2499223388194075,455.1560361974379
WC,7090,508.541466911,0.2438683058691442,419.9635041479971
WC,7290,504.994185558,0.40703187645955985,223.005501870548
WC,7071,525.201769669,0.3006550460097191,482.7261766620711
WC,7081,486.075375404,0.2686970167463048,345.10744063433475
WC,7084,509.713783634,0.2731899794421937,394.2203150132123
WC,7072,518.606177185,0.29506714670296535,498.7469033933153
WC,7056,515.936767359,0.2945266637764188,429.1439737955729
WC,7054,544.755499859,0.2993759080186807,390.79798951990466
WC,7051,601.220209692,0.2606042804611362,563.6068277396408
WC,7116,452.178843309,0.3019654452800751,447.5533788344439
WC,7080,512.947766566,0.24476648680444035,347.99563733269184
WC,7063,482.187006293,0.2431110517964477,352.98421026491644
WC,7086,486.534358685,0.2627436655202334,482.9939641615924
WC,7085,505.080991065,0.2884058529047083,444.9109756469727
WC,7068,455.834696258,0.3099908479115017,372.41945717007513
WC,7055,526.274203145,0.31740907648494954,451.9923052918677
WC,7087,490.498216002,0.2366075443610366,404.72826125201055
WC,7066,499.34262835,0.24845424377017122,455.14961757285926
WC,7110,1234.49587909,0.20550010066188554,208.54151362998815
WC,7062,492.930347565,0.17700133974020882,239.26235028435204
WC,7060,441.457748451,0.21217483335728185,299.141578614478
WC,7065,508.613728385,0.2542913579807495,411.02670234231385
WC,7067,502.327703442,0.26499120613115695,413.91551076851636
WC,7064,491.383022352,0.262607678741097,392.37962598613666
WC,7059,439.191252898,0.28356798718258797,274.191316133387
WC,7289,498.738678755,0.4807206692113992,130.28337483125574
WC,7073,511.314162623,0.27282853210823876,459.61380639169727
WC,7070,504.231626267,0.3041608592338841,387.65137816784437
WC,7057,501.085081238,0.2779065255706889,316.21186403760726
WC,7069,491.276489126,0.3383427522891197,422.3200807459214
WC,7053,538.067871291,0.2652557812824565,293.36067555745444
WC,7058,530.257042147,0.2751468205713181,395.5281797521255
WC,7074,478.103493928,0.2564268435592284,402.35883316339226
WC,6974,499.119497623,0.2772598499790408,436.9944618673885
WC,7047,499.573371294,0.35617406160904963,451.46458982579856
WC,7049,559.775989169,0.31895705260324453,491.38338688869106
WC,7036,525.651949634,0.29765047910714826,520.7925290276021
WC,7052,563.870410263,0.23913142991353986,250.02542619892196
WC,7061,511.783170679,0.18790780137040028,408.92444805070465
WC,7046,508.365201454,0.2798663133062852,396.31225370519303
WC,7044,472.197176143,0.19760612281054024,200.1259293200923
WC,7039,561.522170966,0.3117202041209648,501.8857634600471
WC,7048,551.087440802,0.328604345134384,544.1722106036017
WC,7050,537.441806572,0.3014534242346931,487.96937809364454
WC,7037,515.941141268,0.3752319582805191,509.5005027920592
WC,7026,494.545924442,0.24871938382693493,254.48652762618718
WC,7041,428.973017678,0.20126510794098312,126.32537440879673
WC,7035,484.844288718,0.2618296478402812,413.37658867929497
WC,7042,454.755023682,0.3618843038191741,114.2443618774414
WC,7025,503.401326782,0.25927490398768455,407.0729752185298
WC,7031,447.954376146,0.3357611081090975,504.7717390471814
WC,7030,567.394061408,0.2895560347822291,443.8408147176106
WC,7043,494.822103929,0.2852714336587219,133.41673437380322
WC,7032,450.70198985,0.32306441008869474,357.43596541460823
WC,7040,496.6514069,0.2507795093425095,426.51142985026036
WC,7038,516.987086441,0.3573389870330229,440.16703604903876
WC,7010,531.371262011,0.25871506701819313,457.7524593577666
WC,7027,488.58656497,0.2326423813002749,328.8108694039139
WC,7024,508.642852654,0.25802783657699724,416.2649017333984
WC,7023,530.091317489,0.26635817530198624,490.06311062083523
WC,7019,421.898081754,0.2374469305078189,267.87983197978895
WC,7020,442.17918592,0.21719476241845473,318.83010750564875
WC,7291,410.323268225,0.3531428286238126,116.3621484195485
WC,7335,449.303787962,0.4378547810372852,16.54882785572725
WC,7021,519.961027795,0.3100911137982021,413.6380555695178
WC,7018,434.667734143,0.20154491369494326,258.68745467242076
WC,7016,444.042769082,0.2594658162901479,203.5349480124081
WC,7014,559.278735399,0.2866743840297675,477.7151076372932
WC,7022,530.737237432,0.28521252058484925,457.2344002218807
WC,7001,514.63722862,0.2930434062952537,503.1805416630764
WC,7011,520.607602418,0.290292536629829,498.4600107529584
WC,7028,536.443379976,0.27443366134701325,392.3660597857306
WC,7012,525.141202849,0.2749808743978158,419.9361823586857
WC,7029,560.951434248,0.28347893909491717,489.27505214915556
WC,7033,573.867838951,0.25205576517011813,386.5867960013596
WC,7009,527.601432971,0.262726102173112,361.63175695082714
WC,7007,523.071559005,0.2819979913246348,430.43733092663336
WC,7008,530.914250013,0.2717267372890523,359.2673530429017
WC,7015,545.508661709,0.31626797636435816,364.7867584228516
WC,7013,568.17828526,0.28673363126347806,406.8059055103975
WC,7003,473.3110646,0.3447728976442851,475.8699664845186
WC,7004,432.750960548,0.31507159416422065,377.9109717275582
WC,7002,468.39592069,0.31273049770413586,467.72724657245715
WC,6990,472.324897785,0.32774879615835223,481.11651925479674
WC,6992,446.089983412,0.31092073579643126,376.3318248673981
WC,6989,538.063779387,0.29532462937999365,620.5656249102424
WC,6991,426.828880515,0.3151157253173603,432.5320822921454
WC,7005,555.138717666,0.28057490060233625,333.26575443043424
WC,7006,506.927633006,0.2890654492619135,428.8610270481483
WC,6993,467.053876063,0.2679275916492214,461.94388248219207
WC,7000,479.972361528,0.2620515141349573,382.37488911946616
WC,6998,461.440246841,0.24294887531455525,283.3662751440908
WC,6997,486.250328167,0.28016386679962446,365.5652619305779
WC,6999,471.383676179,0.24244321629754362,324.86066729975676
WC,6995,485.320116769,0.27014885725988047,385.26066376929197
WC,6994,453.676778108,0.2796752566588249,444.8746057547774
WC,6978,514.486150898,0.2779791284022958,293.867366027832
WC,6979,482.798223571,0.30792865120450824,373.44036210004026
WC,6996,461.80010093,0.2602447490113217,374.7561039943321
WC,6976,511.950014921,0.28963232365763425,323.5438208785712
WC,6946,498.351615051,0.3665619585153304,498.9655347637102
WC,6924,528.303341703,0.31733435565855966,439.87545417336855
WC,7034,675.579657738,0.24372697442919342,366.8902440987381
WC,6926,559.682923399,0.22844854220806476,334.3070087806851
WC,6928,453.670036496,0.30067337938463845,458.5234745399624
WC,6925,527.161981566,0.26516274558626474,337.72007607852714
WC,6927,486.813572037,0.2528828631056793,246.0692237106024
WC,6987,561.097060537,0.2658906241491337,313.0388430726294
WC,6929,473.413608304,0.331873551485857,469.81593651865035
WC,6931,471.197201561,0.31031394330375,358.20394077675013
WC,6986,649.699085228,0.24319460275210686,400.7515131034103
WC,6988,600.34287952,0.24551247286029385,530.4868059345321
WC,6984,496.266149485,0.2978965765451023,491.8795508291207
WC,6983,551.454106753,0.2843441232897934,471.92001270967364
WC,6937,493.478826258,0.3310669701901639,333.25534470502066
WC,6940,492.748618528,0.296018559852956,484.78287895053046
WC,6936,487.378811267,0.3293939222777535,295.9641739789177
WC,6985,507.499201752,0.290486534448793,425.9630570056392
WC,6938,492.77247735,0.29463163033842854,476.1161687813553
WC,6980,516.750700977,0.3157865997892038,374.75252206839764
WC,6982,516.143996626,0.2807161514408826,389.7210316975912
WC,6944,514.840568644,0.3016591767886349,501.32787287095016
WC,6942,495.227963192,0.29398393398459993,395.4946293550379
WC,6981,496.582524826,0.31491192657014594,314.08796850466257
WC,6825,559.250569603,0.2851030046359794,283.8591714597216
WC,6921,576.585207957,0.2575206495660407,425.1665349623736
WC,6930,481.236778296,0.3337951308687299,457.4722202974207
WC,6917,507.502383358,0.2827135302326712,498.17166972440833
WC,6918,484.376779198,0.2807573990822523,457.2051175285788
WC,6919,453.726294594,0.293962837650395,412.56210004021136
WC,6920,495.197966822,0.32686210069457233,449.5901922786937
WC,6934,486.930326179,0.3054406269960254,368.707278621898
WC,6935,482.900436967,0.2851372674152844,345.59716743020454
WC,6913,478.580034136,0.3276300614828215,468.233638269761
WC,6914,525.793115946,0.2997885873533031,357.6736358642578
WC,6916,515.820556166,0.2857804944622989,464.8194216559915
WC,6912,472.169117383,0.3237515266630903,470.0718298519359
WC,6900,583.696610255,0.3337036777926624,497.63980491488593
WC,6891,476.549166942,0.2941083324617809,472.68669888365497
WC,6896,471.626082506,0.2530804264807552,459.8229347976984
WC,6932,461.312577777,0.3312014958075203,401.2722222421683
WC,6933,467.32999716,0.326647606414004,371.07139174517465
WC,6939,487.109517066,0.2997111451092385,490.03525028602746
WC,6941,490.367852288,0.2826776677316212,435.93669128417974
WC,6943,483.622653215,0.26074733360852803,444.0775478288239
WC,6910,537.321649245,0.25067566589552803,326.16128866158283
WC,6908,442.028396534,0.21371705402810887,217.96578440946692
WC,6907,429.762780818,0.23639232149358425,227.15654216093176
WC,6949,493.409204264,0.3629907981825834,300.1677185656977
WC,6904,549.524444206,0.3959163934547709,380.5184194228228
WC,6909,493.371143618,0.22572444503506023,267.86204528808594
WC,6903,402.497459726,0.42694001773308055,76.15608963311887
WC,6901,497.019060001,0.39005531641023783,130.2529318117628
WC,6898,512.115044331,0.29668261583660793,498.1625968185126
WC,6911,501.848893515,0.2857549519718059,428.0538679833506
WC,6871,477.608214487,0.22599709415693345,340.3253957411822
WC,6897,491.192197108,0.3077211399766851,491.07332805558747
WC,6894,523.358080801,0.23535269143815976,424.3702455707625
WC,6895,490.921212663,0.2544535698902482,424.63305071662444
WC,6893,524.636766663,0.23601020521977367,334.82094349580655
WC,6892,498.31896063,0.2790602922749299,454.8304138781977
WC,6887,495.487517041,0.25835947835352674,303.83045211492805
WC,6888,506.688993887,0.28445704430013746,357.92714900596474
WC,6890,490.838914748,0.2889381476049501,484.5030486162971
WC,6889,494.430371233,0.28246749666319093,499.2079994351255
WC,6885,515.471374115,0.2696249261680914,321.6862531175801
WC,6899,527.90409988,0.30406569578086157,470.59029125138824
WC,6915,513.735273465,0.29069308624870477,342.7053886862362
WC,6882,523.176162781,0.27402425646819983,411.231564690085
WC,6880,548.421906714,0.24620857834027557,496.31218743417776
WC,6922,536.938622836,0.33535105075578775,342.97036913703477
WC,6875,445.42908127,0.2920922552613106,446.1541072172277
WC,6884,508.16016125,0.3036842871040881,342.9566231521905
WC,6883,517.083911313,0.292340892516013,461.3888461543064
WC,6873,535.115555394,0.2337260272913646,202.7250344669118
WC,6877,530.754339816,0.2922996251548462,325.35850946762986
WC,6886,485.919868128,0.23905842022626525,190.64863092759074
WC,6947,505.635507748,0.3511874407437229,507.10661474489706
WC,6945,492.225881787,0.3441921437842739,499.49012089149625
WC,6853,667.007750363,0.2874726072042604,352.4005534153359
WC,6881,519.532731388,0.2675401476423251,342.42984972187116
WC,6858,502.516303864,0.3403902274275583,413.58638308655975
WC,6854,503.909797407,0.331280543737039,289.1151563756606
WC,6923,635.384242177,0.2565566548463972,496.59842179242304
WC,6852,1599.91740211,0.2640382783885783,659.3713352876551
WC,6857,475.470447732,0.262304772843321,231.87128394631782
WC,6876,498.944332107,0.2912300242970845,495.5220297420727
WC,6872,510.5274109,0.2395813103523678,230.82265759636377
WC,6860,514.62981298,0.31720148433689005,405.96976399141204
WC,6855,478.809902677,0.2921259700305878,82.71692612591912
WC,6856,470.773935884,0.3040666878223419,0.26259322820925246
WC,6874,541.860099048,0.26194272271830676,405.71302301743447
WC,6829,507.139281808,0.24605933602111463,301.71723031436693
WC,6878,534.82759291,0.31489080016140464,233.18760851691746
WC,6879,541.235132839,0.2643637115210555,300.93807821834787
WC,6902,494.299805472,0.40363362628892563,277.57576578177657
WC,6866,537.230672911,0.2887812060765136,514.9484202067057
WC,6870,448.345846734,0.24459755247090367,335.8607484705308
WC,6831,463.154040413,0.21506727678837792,222.15320551255172
WC,6869,438.555090474,0.24345350678426675,152.56826629638672
WC,6832,478.791894529,0.2060272723671947,265.743959643794
WC,6867,518.401984581,0.28710748558262295,408.07272048651004
WC,6868,450.708076274,0.28140137168702145,136.81215087292242
WC,6830,470.535990106,0.2286325705736681,242.10959658155255
WC,6863,500.058601469,0.2979464866627347,288.85278858858
WC,6862,543.487499887,0.3074630196128661,504.17991042791624
WC,6849,512.878848963,0.3925758940330894,389.6858886120366
WC,6850,1432.31137535,0.26730562655057427,1219.211419169108
WC,6859,504.344526302,0.3164763855359297,383.91160077861707
WC,6848,548.077073892,0.37992166689881873,438.7908851174748
WC,6861,554.288021229,0.32155448068331455,454.5499117682962
WC,6841,521.342928324,0.3010931076112564,372.0916347428864
WC,6839,518.309573559,0.29621186554431916,353.185998954025
WC,6864,479.352599072,0.3298482932492832,257.0796471689262
WC,7076,537.416353561,0.18470913182692794,179.11768493652343
WC,6838,506.210383116,0.2836672589840646,446.1434973024855
WC,6865,505.74922588,0.2741447357750861,502.60538967356956
WC,6833,476.497669951,0.2590301211335157,239.48444384406594
WC,6905,508.307257113,0.3129122956350387,465.07840974097155
WC,6834,528.592599347,0.2590261567791499,372.09321492513016
WC,6835,525.650167799,0.23668262533306797,339.0064771465226
WC,6836,501.97360898,0.25726377718824117,371.830107385972
WC,6826,572.419683679,0.28232528494787185,425.1330505969478
WC,6821,569.857059272,0.2896337466986524,509.4208191516352
WC,6756,436.82349519,0.29467521221673454,350.54897398107187
WC,7173,508.534085622,0.30615594586464373,215.1162213493796
WC,6793,482.928001543,0.20469046004056446,260.4861378090054
WC,6851,1294.96353589,0.28903611460762885,1139.3885924993774
WC,6837,496.526779448,0.2773370700855631,486.05725061753213
WC,6794,486.202420364,0.2583409211480924,214.5331409229952
WC,6846,558.621080723,0.27314170383536696,438.7892062018899
WC,6842,547.563377558,0.2580209234599802,396.2490304685107
WC,6844,534.818580707,0.2713553432343353,430.12401948816637
WC,6797,506.699875808,0.22156639999736497,203.2418255375881
WC,6843,528.991001743,0.2857720406863514,430.3866459566004
WC,6799,492.714599774,0.24043494636130258,343.4620930989583
WC,6801,518.114586271,0.2698662714119541,403.85607823390586
WC,6782,539.355867827,0.27778865120000495,535.4059248980354
WC,6781,518.728487245,0.2849645513059268,522.0134848201976
WC,6800,485.458524849,0.2608246842144471,431.95315288468896
WC,6796,494.808282479,0.24505744776693078,268.10070154526653
WC,6798,500.862573411,0.23424128318444276,256.0214230406518
WC,6783,519.903919072,0.2628974509858043,384.42157054227937
WC,6785,503.204063983,0.2946768530157101,405.4295446059284
WC,6795,485.539340984,0.2277796117320444,238.69127442603013
WC,6792,449.061365048,0.2690304713356314,225.03620413985905
WC,6786,515.217624874,0.30401273185200345,379.4337198594037
WC,6784,503.999551254,0.291679863688312,394.1383996402515
WC,6787,521.199851617,0.3139459965700772,392.82594137752756
WC,6802,511.995640795,0.26460076734727744,385.9999647252701
WC,6780,532.235415137,0.2777596893955841,524.3759517894072
WC,6675,552.401174227,0.2157018434646438,255.741368821088
WC,6847,610.596372518,0.32282043008832395,490.7831545661478
WC,6816,509.773247065,0.24900224758910647,306.4388991411994
WC,6804,519.967486501,0.286512753038749,211.90587083405137
WC,6817,510.613449104,0.2303210937406547,425.3916397094727
WC,6819,529.060780218,0.30554177786960796,529.1146335975797
WC,6814,536.488117362,0.30624498286211804,353.1780645333085
WC,6810,508.882917819,0.28477476202443835,59.60671359791475
WC,6815,527.457208318,0.27946049818311985,314.57844501570156
WC,6845,532.443628362,0.2867482710726164,425.9227447210573
WC,6803,517.196939347,0.271938971884083,336.10859802844476
WC,6840,520.124888496,0.29844835413564946,391.7865653243719
WC,6820,541.115701872,0.29831241269906356,535.6793378942153
WC,6818,505.99325439,0.2541104566328354,478.69773493748085
WC,6811,504.604415044,0.27500631620765104,168.57946858125575
WC,6760,514.882730375,0.28795289375146477,332.95393871232574
WC,6778,513.664952038,0.2832926467307053,445.3378376680262
WC,6812,514.375443478,0.24964072804685705,253.39466564702053
WC,6719,503.965322946,0.28973520200441377,132.6020289402382
WC,6806,537.934564926,0.2950476848653385,330.8565539191751
WC,6695,547.415457534,0.2275055328788965,301.96140498741
WC,6775,527.148176759,0.30529027770780903,417.7657309438668
WC,6770,507.119811714,0.35352551490894746,426.1697258743585
WC,6768,554.608041162,0.3192899850107735,347.39475737927006
WC,6697,551.333484877,0.1901271177307805,208.2231900981828
WC,6807,489.28145058,0.2841334433121755,237.37580090691063
WC,6773,502.444462824,0.30377335251381093,389.9319308112649
WC,6774,516.477533044,0.2827912978888924,320.87286670161234
WC,6772,576.099699215,0.32073863603881675,143.89393092136754
WC,6771,534.708771717,0.33408622710425173,382.8428930245193
WC,6776,530.745041341,0.2976031284067557,364.1993432736864
WC,6808,519.355652253,0.24160373871755034,243.93969349580652
WC,6805,521.472781653,0.30064733926971526,278.8651741775812
WC,6809,512.698501908,0.2556972675251239,112.6482156192555
WC,6769,535.434182266,0.33318882810287065,356.0601172054515
WC,6766,499.722866734,0.29686013959258434,479.47318611893
WC,6765,493.53421092,0.2826644083605477,422.23092268401496
WC,6700,478.887328437,0.19077629083113348,205.59776228362438
WC,6699,496.623354081,0.21153574436019182,221.3519837323357
WC,6767,531.01185795,0.27121943680976035,403.06122463450714
WC,6706,542.578642723,0.30507392585277565,253.38486046884572
WC,6698,511.104499413,0.2165618235269255,225.02785013236252
WC,6763,534.98133743,0.27039774205870026,415.40283879298795
WC,6703,516.511036922,0.2378966149441252,390.4500737508138
WC,6764,452.39559066,0.2934382313603087,373.39117623123474
WC,6693,512.16101589,0.2943047789058931,335.3075186935126
WC,6694,562.960319338,0.2392905635949605,262.0493730133655
WC,6779,528.032743339,0.27070191511675684,515.7100939582376
WC,6704,527.382575903,0.26238810851835015,362.09168734082994
WC,6702,501.293462259,0.22059544928881347,245.77114236869068
WC,6777,534.220570175,0.2835937604428741,356.8475039613013
WC,6701,506.726263114,0.20302176711226913,195.8818394380457
WC,6696,540.038105556,0.21664625917649252,275.44188920563346
WC,6687,479.164547915,0.24740088308440275,365.2378720451804
WC,6689,520.465176141,0.2780181620583259,377.8424223656748
WC,6705,542.447504477,0.2961781612403101,328.48185798794617
WC,6685,511.554206953,0.22381236731483878,209.79432534610527
WC,6688,506.452625271,0.26155193825016493,362.8752145206227
WC,6708,543.16701836,0.30859095171718,257.0614574955959
WC,6690,533.033032522,0.27178072993148555,233.1647777781767
WC,6679,521.470238971,0.2516737190926876,386.76447412827434
WC,6678,523.769035867,0.2600976724184545,422.4740631103515
WC,6671,538.652002908,0.29002864763373004,235.78515795539406
WC,6692,515.214772687,0.2856331547133462,324.80399047253184
WC,6691,537.520369616,0.30964678205409146,139.16404290292778
WC,6677,518.97810211,0.25325427617413293,395.95436033361096
WC,6686,513.166963029,0.2346495234404349,311.93500731225106
WC,6674,577.190041648,0.20849574209527766,308.51679648605045
WC,6789,517.358873935,0.44622444194771826,137.33191420611212
WC,6676,559.863759436,0.24261183400249964,104.50249418370863
WC,6673,528.487244426,0.24500561706259735,270.9694077734854
WC,6718,521.909828565,0.26523058051437454,403.3195123111501
WC,6681,529.56800406,0.2512067263255671,319.54683074951174
WC,6680,522.370615115,0.2533502356567419,275.4350046494428
WC,6667,519.956812248,0.23026295418764073,303.5262245327819
WC,6683,472.329078555,0.2622994948553559,39.12301581887638
WC,6682,518.821789755,0.2733884104451196,176.18461932014017
WC,6666,500.578044823,0.21591453100892086,181.17039759018843
WC,6664,512.306667087,0.24208967690018643,344.222840163287
WC,6709,537.07612945,0.246363645525618,235.004726933498
WC,6660,532.782347347,0.25465414343310183,304.3117619832357
WC,6663,496.811068507,0.2487894088269988,293.2852841246362
WC,6669,532.573587413,0.2741211540455284,306.94042738372207
WC,6661,519.884164518,0.23451538996337212,287.5077999339384
WC,6638,503.535272094,0.24071347084110842,392.2647276934456
WC,6665,519.482099921,0.2293873594866859,210.3146482579848
WC,6637,505.973714603,0.22754573486656166,328.98763433718216
WC,6640,528.42077763,0.248730891675667,275.16285385431024
WC,6634,515.814219211,0.22337468559532925,251.5319877474916
WC,6670,534.425854781,0.3000605585711715,192.46163389916515
WC,6668,515.788619824,0.25128668153414396,292.4988514918907
WC,6635,515.21385479,0.2408652478450011,241.29217855416093
WC,6662,515.109403666,0.2305340195171438,323.47954346899894
WC,6633,548.897697252,0.2192907282062389,357.60531203326053
WC,6672,530.930041216,0.3025560990549051,273.0701282276827
WC,6631,619.014897085,0.2506099049998176,207.1579455207376
WC,6642,546.258460222,0.26159953529494145,229.74056034462123
WC,6622,544.73408389,0.27306327693509747,396.46106516520183
WC,6628,463.634226082,0.2768716509727871,223.17353955437156
WC,6630,505.270948276,0.2602848067816177,369.6810854145125
WC,6590,409.615875545,0.2198396231979132,39.90840418198529
WC,6591,412.709092303,0.2519504750502929,171.9736229391659
WC,6629,532.185023911,0.2775210463083707,324.2584423588771
WC,6589,497.200400985,0.2135155390224186,276.99614266788257
WC,6636,527.724976278,0.23055062748349317,315.85967712402345
WC,6625,479.566042193,0.27939815946377305,366.26762569651885
WC,6626,425.169193666,0.21568740930246266,271.74602149514595
WC,6639,536.353366688,0.2403285734150677,248.3815532310336
WC,6624,537.988422205,0.2751223386124591,326.6210012996898
WC,6592,519.3829729,0.29960192247925194,391.20662734087784
WC,6588,537.291269806,0.2435556745954922,319.7918140186983
WC,6627,413.47737713,0.29333441671241123,194.02990408504712
WC,6594,510.291172322,0.2794401327199175,210.56859711291744
WC,6577,510.43497235,0.24100203776384418,503.5732202567306
WC,6573,491.371269821,0.2731400043160482,443.44613716275086
WC,6632,488.287978531,0.23041778372863217,314.80745676078044
WC,6584,538.36844789,0.23295581123295306,350.7717032937442
WC,6578,518.893535362,0.23701344071083905,378.86195588953353
WC,6593,553.952315087,0.2848552428162105,410.37248427447156
WC,6585,522.242140241,0.24222310832648106,365.47521069096587
WC,6587,517.977377846,0.24326697606034467,428.75165964762374
WC,6583,537.954280612,0.25742086168185746,319.527014429429
WC,6586,520.755918775,0.2468847513266933,459.7326280780867
WC,6582,504.973306175,0.30499391957151917,299.8347858503753
WC,6568,501.805864855,0.2822592884568371,499.6279814177868
WC,6575,509.150379946,0.24589669143167522,355.4933905807196
WC,6574,497.047638134,0.2662924024835505,354.7049842984069
WC,6576,507.134960303,0.25959284112698305,516.437481988645
WC,6580,503.326628755,0.2501021444941489,271.7413980820599
WC,6572,487.416706705,0.2841501076034455,379.9085624545228
WC,6596,504.996783082,0.2800708202944769,375.4526036580403
WC,6570,498.914162254,0.3281318776490444,497.26646399404495
WC,6569,490.608987239,0.32208268111298194,491.7521224377201
WC,6566,496.309647825,0.2782275447207798,488.8622493669098
WC,6565,503.616714649,0.2820078670795991,514.3285943424002
WC,6561,497.888926352,0.29770657649535803,467.33067211076326
WC,6559,494.906272349,0.29228185622688757,373.07596348781215
WC,6563,510.770025722,0.28905994121999706,458.9304979810528
WC,6562,513.687443137,0.276945825660052,478.09572924445655
WC,6556,516.064075761,0.2583561188854248,332.11802816951973
WC,6555,512.39647049,0.26795393090779873,357.84658427518957
WC,6552,515.438263528,0.2989803514552587,226.04874500947844
WC,6557,498.420164755,0.2740903838505689,398.01690102371515
WC,6549,516.937707545,0.34935163258216084,485.1759492761949
WC,6788,541.357057022,0.2808984787454681,330.85580309699566
WC,6581,503.902375587,0.24315395719683158,334.4916346232097
WC,6579,509.890725419,0.2248292215636731,330.02785141888785
WC,6790,510.070984929,0.3375873219301092,197.4640443091299
WC,6550,523.06777685,0.3323359742079895,517.2068566715016
WC,6554,514.178971264,0.25465164344498525,430.0454861809226
WC,6551,513.241950286,0.29668457112096525,417.70414141486674
WC,6548,526.702935019,0.3142457554305809,452.8826298433192
WC,6547,514.982180843,0.30760385666991785,423.4773427327474
WC,6545,494.906227631,0.3128252782997133,431.6146422442268
WC,6542,514.5452213,0.338192291277223,376.47984879437615
WC,6541,521.719927397,0.3381993972506875,242.58496345071228
WC,6564,500.680372201,0.27132193734204135,470.48262251311655
WC,6553,514.419456835,0.27232457920124653,249.41544790828928
WC,8505,586.015715418,0.3328363197492839,236.7828752405503
WC,6515,550.284320757,0.3395389704654614,126.0137046365177
WC,6534,460.493254944,0.31416111105928507,416.38236739214733
WC,6539,540.628215674,0.32146161605240936,61.95875776702283
WC,6540,514.729886635,0.28494642887986915,293.77933888154877
WC,6546,489.928281847,0.2838919412745798,373.0687565822227
WC,6543,519.792339986,0.3313259699936638,386.9819954965629
WC,6544,516.545064893,0.334454339125295,352.3274029600854
WC,6528,517.552766264,0.24827649422722847,370.960547503303
WC,6530,522.193480185,0.224551046601067,309.00393721636607
WC,6531,510.723448988,0.2459278939657283,386.71436764586207
WC,6560,486.0142368,0.30043802791897534,467.0672979915843
WC,6558,499.504887364,0.2822102846190642,482.55654572131584
WC,6529,488.449126987,0.21808389783856447,312.67883659811577
WC,6532,521.156954387,0.2465229984902288,406.4046398387236
WC,6456,532.950438702,0.31857820918530594,318.96176012824566
WC,6524,509.757355819,0.3060270523887941,319.76431902717144
WC,6535,614.200569307,0.30208119613462386,389.60274571437463
WC,6523,479.204477961,0.26706431523032603,407.7118549720914
WC,6527,514.22712527,0.2470969841758711,451.82039028990505
WC,6533,539.628269768,0.28390964515774963,423.7323568605909
WC,6517,526.361347344,0.32020169407744004,343.65092620849606
WC,6536,541.349880642,0.33782745899298255,255.97280159744565
WC,6519,522.726302908,0.3481740417159701,333.6759444292853
WC,6520,546.428231283,0.3770735635141258,419.52437438964836
WC,6537,549.529101972,0.36425264106856453,59.070704291848585
WC,6497,503.631009596,0.2748662575275968,409.0141004375383
WC,6511,531.6306488,0.3453529343387198,258.58961127786074
WC,6397,494.627452984,0.2992543496107788,256.99897870830466
WC,6521,497.606937656,0.30464891389051246,402.19731660730696
WC,6516,548.142475485,0.28080839645571826,258.3284734389361
WC,6518,489.661073159,0.3372201648489315,313.4605108822093
WC,6508,511.341082427,0.2912258181516847,306.6308439366958
WC,6510,519.232473125,0.32496075277648323,258.32673303940715
WC,6265,586.92332867,0.43038933313391514,69.03468053481157
WC,6512,545.682103765,0.34600140646817207,245.46329902200137
WC,6507,505.702167461,0.3002723110543545,297.1796324786017
WC,6522,542.213573581,0.31805818536529024,478.0697303023992
WC,6505,511.975528973,0.25630793876114155,437.3670993281346
WC,6506,517.53543303,0.2910630096906218,304.5299663169711
WC,6504,530.406345246,0.26453636942093,263.0502217909869
WC,6567,491.451146821,0.2622704603115718,492.27587441837085
WC,6500,521.8346824,0.31274171978972043,307.9417413150563
WC,6498,504.802836918,0.284983290340778,368.06007283528646
WC,6492,497.61089647,0.29174810423092407,288.7768248015759
WC,6495,511.563480627,0.2681378915362804,496.9588863597196
WC,6494,512.897587539,0.2747728146576221,483.30741696825226
WC,6496,512.174891814,0.2635662508611635,463.61854547238823
WC,6525,526.227563276,0.3021084861236727,317.4020758236156
WC,6526,519.766265547,0.27728636980580446,328.6915106679879
WC,6597,509.479526696,0.3068562594144153,311.1271911321902
WC,6488,535.426737196,0.2029535521524209,265.9378394033394
WC,6487,510.620071533,0.20839797680645436,379.08500183703853
WC,6493,529.842321852,0.2645827313005265,332.3551946303424
WC,6489,525.315023218,0.23606933267717328,231.2848949955959
WC,6481,522.759243675,0.2735253137245513,374.0945338828891
WC,6491,493.223581845,0.32523084129227536,295.34039351519414
WC,6490,505.26575125,0.3043357867479714,321.33080327651084
WC,6598,483.107400068,0.2802224785998436,284.08385003781785
WC,6502,523.83571929,0.3076110383311883,417.6769994997511
WC,6501,528.017431424,0.3079438810143743,394.3119233374502
WC,6474,474.821363161,0.24034381354352854,257.7949852737726
WC,6478,521.507429363,0.2811361700296403,301.3741907755534
WC,6503,538.820853493,0.2651115938360578,349.4202696257947
WC,6471,609.952296347,0.21656762297321316,309.50896597469557
WC,6472,628.453743842,0.19385264701261296,166.6997013466031
WC,6473,497.346568217,0.22179683829848373,268.03306241502946
WC,6475,515.162624751,0.23692731173978301,352.3029624789369
WC,6499,523.53276337,0.3266095241769222,249.1365769928577
WC,6482,534.99322847,0.2748647334437874,313.4517398909027
WC,6483,501.20337883,0.26064160086791904,284.5740681666954
WC,6458,527.10274795,0.315558205091435,301.8972305597043
WC,6428,494.32375326,0.28066430464535064,264.0875694424498
WC,6466,506.504504079,0.29765870443825587,270.39494398528456
WC,6469,522.574930878,0.29437536934336417,324.472910712747
WC,6476,522.576459285,0.2875844619466012,428.9589478137446
WC,6477,515.714182687,0.30113553739185306,391.68111297009034
WC,6479,547.557463504,0.2722655341039395,382.49384633980543
WC,6480,550.73138887,0.27197359001288285,422.3975867477118
WC,6467,548.329004657,0.2820483482183387,229.96648012049056
WC,6463,530.997489103,0.29724967424431026,339.69894118963504
WC,6434,589.857881623,0.2747088412517814,493.26481745102825
WC,6433,690.131269746,0.25800447240581575,534.7413240619735
WC,6402,481.332075288,0.26715261043048677,336.2798431097293
WC,6468,546.916707185,0.2536033423451949,304.2585003123564
WC,6462,543.655974726,0.25741076936833057,405.06528667375153
WC,6415,521.426807685,0.23999525345711098,259.3594418993183
WC,6509,514.617469245,0.32529797663550775,281.42875037099805
WC,6399,551.676310346,0.2017827587813018,129.68145692114737
WC,6400,484.803178778,0.2572072574780918,228.12408818263634
WC,6470,495.085076571,0.28989596082855607,229.178440767176
WC,6401,485.976895245,0.3161648554501929,275.3766524670171
WC,6404,474.773604271,0.29315374641679876,378.28071295046334
WC,6396,532.212253075,0.3058118845148039,319.7389750761144
WC,6403,449.837208937,0.2570973473863723,307.1405079860313
WC,6406,484.652049976,0.2893571992803113,444.9573884851792
WC,6408,509.928062338,0.2824147488522648,369.8784474391563
WC,6514,544.292877495,0.3572991562786923,122.07560236313763
WC,6391,553.094645146,0.27129937146302946,253.3216075523227
WC,6393,476.618666183,0.2827272149469655,383.52785267549405
WC,6394,481.481646612,0.3167004929864826,261.1985068227731
WC,6464,544.902988867,0.27601116289592154,202.66399871227787
WC,6465,512.038057113,0.29881527974538563,224.19130551207297
WC,6431,614.834284565,0.25717168365598425,398.7566475961723
WC,6407,507.796983598,0.2591240207188935,315.5383734609566
WC,6430,479.426095886,0.22856834873586138,269.337178847369
WC,6405,493.09296416,0.3204255288849074,482.23481092266013
WC,6432,520.867154862,0.2747786863719921,340.74242368211935
WC,6429,463.509251284,0.24901749340007692,307.40166622984646
WC,6413,540.946028604,0.2654618695024077,331.2869067622166
WC,6392,488.925514988,0.29475661455574687,247.80934487137142
WC,6351,538.21132449,0.25290854757256576,346.50657339657056
WC,6417,529.968533217,0.29030709162093044,299.2620405309341
WC,6595,513.342799261,0.2931550435519059,511.19431514366
WC,6411,562.694108365,0.2931674489864526,328.662596728755
WC,6410,545.272062924,0.2830603391268832,418.1790466308593
WC,6409,533.175018716,0.28452413903773666,374.86542196834785
WC,6388,489.061132354,0.24422641104970028,423.16305670644726
WC,6387,493.611014689,0.24980396871958604,357.797900241029
WC,6412,567.499350808,0.27333902565846857,219.98292385924094
WC,6386,485.919499571,0.26483781579402865,347.03452145445584
WC,6385,473.712679127,0.2804754330649714,410.2980125876034
WC,6390,523.68924853,0.24393787409127854,402.1637451471068
WC,6389,494.792791705,0.24330314500999134,474.6153730205461
WC,6350,531.481171069,0.27866383597972066,289.01854553222654
WC,6395,507.254310282,0.25366654621391765,269.0734893200444
WC,6398,536.143020548,0.2809187575526859,42.264486724255136
WC,6374,1269.94913925,0.31793049731739614,930.3040940527823
WC,6299,531.157481051,0.3198893752354414,303.97116061939914
WC,6379,502.197508923,0.2817133222845155,432.3443881764131
WC,6380,526.239389649,0.2774741875904578,382.7318188237209
WC,6381,484.166968141,0.2746488266563723,325.7687218759574
WC,6369,529.62138242,0.29393544606984395,407.66614559397976
WC,6382,495.462470965,0.27197096621442507,365.67010025323606
WC,6383,497.024238888,0.28054423330672473,355.170484565286
WC,6365,485.873260497,0.27807905283365136,289.80350979075706
WC,6384,478.099907981,0.2892525702530955,425.26026288200825
WC,6367,542.845681919,0.28384457275905733,376.16633991914637
WC,6304,537.465569264,0.22818927008854714,249.37451836081112
WC,6373,1064.90519419,0.2707439502749754,603.7522378061332
WC,6372,1055.46588809,0.27910616466757154,770.9641182992973
WC,6364,518.874141568,0.30277827866240964,363.5660970351275
WC,6371,503.339157649,0.30895760698917923,368.55254220401537
WC,6370,538.415904472,0.29251369643718644,419.4783152860753
WC,6302,749.65424847,0.245157198064746,594.8217702229819
WC,6307,498.931285782,0.2734052849576828,283.76177502800437
WC,6306,512.3540255,0.2518408962420545,310.0117067224839
WC,6368,544.353522978,0.2814517737848752,348.6034992891199
WC,6366,521.210927663,0.3113633695977869,326.5535219080307
WC,6303,579.948325893,0.2716295049262919,380.36074120016656
WC,6301,541.234678355,0.3132266134141463,332.05951989865764
WC,6311,531.759218471,0.2643837743610726,416.5855392456055
WC,6290,510.872665803,0.2704171772802656,329.1669857249541
WC,6308,506.032607213,0.2823589359547279,406.34870204551544
WC,6375,820.012930214,0.29844943135565966,666.4914276123047
WC,6376,525.59393211,0.2715437406099828,349.1286885878619
WC,6305,504.199545275,0.28820715185783996,279.03637841916554
WC,6296,531.805142287,0.29677687012326454,319.4568906896254
WC,6300,528.530429881,0.3231165195779079,256.7222112319049
WC,6310,515.417165558,0.27960811021877285,485.36051417332067
WC,6291,541.648753695,0.3006201133908197,357.77882154876113
WC,6362,560.969587896,0.33613018895266583,403.20323773552394
WC,6377,523.555348974,0.2878664327238601,378.2670755722944
WC,6271,540.787501627,0.27309374000642683,300.2898323807062
WC,6268,572.929223863,0.411880049612615,40.42342421587776
WC,6513,542.584815081,0.3606638509959461,147.27813568115235
WC,6378,532.939871904,0.27294135532606817,390.3431133494658
WC,6270,526.807419395,0.2882097723583381,132.29547379437614
WC,6269,555.262876774,0.3543779230475649,139.90709686279297
WC,6297,535.776464319,0.27509727787644145,229.42127888997396
WC,6295,532.91624133,0.30886545945121413,331.0061162312825
WC,6294,559.546636867,0.2841419680601489,359.61728772930064
WC,8513,566.950622042,0.27539512103512176,248.34742916331572
WC,6277,532.858365523,0.25644400823518976,334.15133433622475
WC,9073,477.178220309,0.3603817887498068,313.58130433325675
WC,6263,574.604283015,0.39385690797277967,235.71473200180952
WC,6262,581.748341205,0.4148021487938578,216.81521696202896
WC,12733,2107.93788253,0.3843932733656427,2096.0038046444165
WC,6274,518.91339997,0.2859434437725628,359.0880335190717
WC,6266,586.703659557,0.38577506589972593,150.66894037583296
WC,6257,564.427003512,0.39619360255985253,238.60104729147523
WC,6232,699.570324045,0.2877709643460134,430.73482719870174
WC,6273,530.321449079,0.293960531740501,284.54038053026386
WC,6233,603.367066124,0.33927848883949147,328.62978656245207
WC,1630,549.905023017,0.3664766311348968,157.93562131395527
WC,6267,570.147982417,0.38983159334646106,232.3033182480756
WC,6256,559.721654833,0.3930118123526859,223.37675565831802
WC,6272,537.387999492,0.2851660995374596,330.7388312844669
WC,6253,564.182835828,0.3491315554454128,246.2132137522978
WC,6298,531.108435824,0.32225234177092027,274.04612426757814
WC,6292,546.596452867,0.3294887602177459,309.2179680020202
WC,6280,552.18026234,0.29987605959053154,315.77643250110106
WC,6293,560.028072996,0.2891087426873697,308.6927608714384
WC,6281,574.266791888,0.23683753438594635,292.67611021154073
WC,6275,523.799581593,0.2876500218934074,407.91128638772403
WC,6276,506.969581698,0.2642235485036065,387.7001594693052
WC,6312,533.808404599,0.2538006176450839,389.80999037798716
WC,6288,513.623657919,0.25833177104635385,363.28972727457676
WC,6283,586.396560569,0.2631542323957049,176.65605567483342
WC,6289,521.45370603,0.26886227827018766,316.5665240119485
WC,6282,544.700544856,0.28701520125651303,323.6509729721967
WC,6284,565.0430013,0.29603150267511197,153.2949425790824
WC,6315,529.41140499,0.2818091315561778,383.24869905359606
WC,6313,529.217050736,0.27165618978605566,450.973039933747
WC,6248,553.578981411,0.27461562653667254,366.4333313586665
WC,6247,503.404411562,0.3041352943559387,261.17531187768077
WC,6252,554.34483363,0.3294378218448496,272.1994965497185
WC,6251,495.428242474,0.30230906471045305,180.0663012336282
WC,6278,537.255913275,0.2717111528950397,273.2533426920573
WC,6244,570.039844465,0.30957565098913153,356.45823738247736
WC,6245,502.206010369,0.2868329947373329,282.69952910180183
WC,6279,560.201566071,0.29096292661922685,327.3262369492475
WC,6246,621.615292094,0.2357012000428625,326.7987302892348
WC,6242,517.386146816,0.28716120606852863,399.24344045601634
WC,6241,531.437685675,0.26150552201843114,339.13344152113973
WC,6243,489.256339585,0.2781749346941157,325.74767085056675
WC,6235,553.35408255,0.3241085896116434,205.78826264026117
WC,6240,516.023263553,0.24979763085634896,305.0098372814702
WC,6285,548.351771398,0.24477801751993647,226.2672126919615
WC,6249,524.777342706,0.2925366318520756,350.1581113329121
WC,6963,441.085986806,0.19949380569383057,175.42954858518112
WC,7017,464.96291493,0.29026859174003367,262.88879349652456
WC,7336,481.060666107,0.4068549405592701,76.96522943833295
WC,6964,470.51831331,0.18908904717062358,113.4517468620749
WC,6967,456.93356954,0.44673652984726603,186.4593437045228
WC,6966,450.259995275,0.33851425039467375,166.50067979401234
WC,6953,494.317800043,0.3255123255755152,432.5269799625172
WC,6970,492.330229722,0.32176222773223584,486.6316870895087
WC,7337,521.200439916,0.3903509870819423,132.91611516615924
WC,6965,432.416030855,0.3037388179951639,175.95511013853783
WC,6952,471.855231502,0.3330732132818812,320.9151270548503
WC,6958,433.355120396,0.3867444999200424,427.8033186071059
WC,6968,455.896925287,0.4042998646395376,311.99092182832607
WC,6960,492.550998323,0.3966070963798071,507.11439544079343
WC,6973,485.605018116,0.31087920608266495,389.46163563447834
WC,6971,504.114564266,0.3548251849531751,500.55022427428
WC,6957,528.053083419,0.34699025900923114,513.9406487259209
WC,6959,481.570877334,0.39224517620463667,476.65018561868106
WC,6969,468.190047947,0.34579379447750336,320.6571543974035
WC,6956,505.141110616,0.3476404950511503,528.3837413713043
WC,6955,488.501437956,0.34057420095749824,470.8699874578739
WC,6954,478.303881501,0.3228247846114202,425.69954854927806
WC,6972,521.509331709,0.3605919138171066,524.9732549629961
WC,6733,524.329284784,0.33884140989937617,238.95145775290092
WC,6950,470.999991259,0.3943749241449912,193.284089421291
WC,6975,519.821539736,0.2986237037046116,392.0870933083927
WC,6951,478.155893466,0.36409074420949483,243.96883129045077
WC,6742,664.244037593,,0.0
WC,6948,501.791908002,0.3623296182598711,497.390438005036
WC,6961,500.546984371,0.2802477353184264,394.45177615296603
WC,6740,488.570694584,0.18863530457019806,16.805591299019607
WC,6824,488.48479211,0.2634222583486981,247.09612414790132
WC,6827,559.361745134,0.21587346949445918,500.2343632417567
WC,6745,509.111546615,0.27434645328097623,218.47218783509496
WC,6743,462.622283189,,0.0
WC,6828,546.868206974,0.2496692357795918,421.72062033858947
WC,6906,437.04058499,0.2353210200404012,338.7644085454006
WC,6739,513.179593265,0.30304513019151413,109.23578335631126
WC,6741,731.797389081,0.18863530457019806,0.5251747280943627
WC,6962,470.202472784,0.23860162618094433,209.3068124509325
WC,6749,521.789522632,0.23659263555267995,194.05038497027232
WC,6747,533.920935862,0.2789305324587867,168.58007615033318
WC,6753,546.973452476,0.2590979071313685,361.0530929565431
WC,6751,563.181901101,0.2531710964118697,305.6487825879863
WC,6813,484.158455787,0.25875026470806345,318.2537101895201
WC,6823,441.044266741,0.20997308893618252,225.038115976371
WC,6735,538.57866299,0.36299353566455933,244.99152248606958
WC,6748,510.4266426,0.252823275986357,217.42083635517196
WC,6744,492.591305361,0.3279494995802221,37.287273751053156
WC,6738,549.780674536,0.3307973452312803,249.1940450630936
WC,6736,554.28062633,0.37123495764857123,270.9877614040001
WC,6746,529.647263088,0.2707874757585758,225.56173565434474
WC,6611,424.984304696,0.16851884145952734,162.26160798914293
WC,6758,517.145009241,0.2998682350438574,301.9699666640338
WC,6977,505.323442196,0.2908688014531884,351.3808901618509
WC,6727,537.971315449,0.2837747986811224,205.07632060331457
WC,6724,514.228024367,0.22482616847314102,416.7151043461818
WC,6755,418.99057513,0.24948325756392584,246.04026964973005
WC,6822,494.196467286,0.2770608445836438,567.1908228257123
WC,6729,531.748935863,0.27342062192351624,186.9586732752183
WC,6730,535.152458399,0.29231789083092086,399.38857780905334
WC,6752,536.864752087,0.25658408603376115,422.2357842838063
WC,6750,492.678490204,0.2394663025212852,299.60925921271826
WC,6728,545.606877056,0.2719324841212059,203.76368103027343
WC,6731,575.359337425,0.33000133465138815,379.9582303215476
WC,6754,521.286274729,0.28776042832792703,328.4925866519703
WC,6714,519.185243905,0.2530187699430717,43.85021404191559
WC,6761,524.105529924,0.2833939087316857,295.9291868621228
WC,6759,427.228633066,0.22681647405045105,233.43512214211856
WC,6721,519.688432335,0.2505692167462204,364.98500614540256
WC,6720,524.031633679,0.24737028935351255,367.08500850901885
WC,6722,530.88712354,0.2297005670742958,367.34894531848386
WC,6762,522.549059651,0.28138969263339,418.29165164723116
WC,6726,506.95393613,0.25405859107373974,134.1789151060815
WC,6757,523.461413961,0.32323558321858514,261.5328218347886
WC,6723,515.619397432,0.22731049539040507,419.07775250603174
WC,6707,546.972532932,0.31259719658268337,321.1296652102003
WC,6725,518.96766534,0.23448456076686608,376.0157877304975
WC,6732,530.370348238,0.3356431016989447,213.48056891946234
WC,6712,489.086097573,0.26473107099533083,131.28790073768766
WC,6715,522.910686506,0.2476498475973157,289.8844710705327
WC,6684,495.451461279,0.22247162216999494,64.0672898236443
WC,6717,508.457740823,0.29282454665468516,312.46713466270296
WC,6716,516.981584711,0.2865198145792553,329.79667289584285
WC,6711,513.545306647,0.2740717814223051,105.8180279301662
WC,6653,587.207393079,0.2755086481750325,349.4729001512714
WC,6652,511.464024901,0.26724688480255987,124.98022302365771
WC,6309,490.555553909,0.2744124849226064,494.5486412497128
WC,6710,541.3973175,0.2739642066232274,116.8462065154431
WC,6713,505.567007937,0.2621983908689939,6.826976073021982
WC,6654,518.239017459,0.29056909995192787,423.7784815171185
WC,6734,545.47900701,0.354690101692232,325.3420161527746
WC,6658,524.972784771,0.26138917950035995,185.63195827708523
WC,6645,476.4633925,0.2752489717898395,199.0217143937653
WC,6644,531.200892248,0.26731250164183706,288.81762261484187
WC,6656,363.254144393,0.2741402862191406,152.02407714245365
WC,6655,503.021495643,0.3036540164059377,329.51790241914637
WC,6646,466.352588331,0.2738150141720664,161.21306023691216
WC,6657,396.4026043,0.25565389975601316,128.6557965147729
WC,6648,568.231718183,0.28183527990391377,124.71704939299937
WC,6651,630.943469208,0.23121023449030795,77.9814110251034
WC,6647,449.076813116,0.2874046558175575,184.84381414675244
WC,6612,555.236149059,0.1693309467603603,212.41085857316557
WC,6649,459.139983461,0.31119175625623324,88.74615532370177
WC,6650,534.94980623,0.2377401739358902,4.463570658365885
WC,6613,533.861646086,,0.0
WC,6616,464.059877311,0.300987641941439,262.29615125469127
WC,6643,564.531009111,0.2578730542525261,272.27566309910196
WC,6641,524.622328724,0.24581742382186703,319.5359883626302
WC,6605,489.968502633,0.26592522042822747,215.55911613913142
WC,6617,460.928631583,0.286713739910734,255.20677439371747
WC,6614,441.983551923,0.2889315604846528,98.7223928414139
WC,6615,521.086282497,0.3093032259174756,367.58320740344476
WC,6451,462.631698002,0.18517397920442297,103.17076353185317
WC,6603,477.805846276,0.28655296327825835,248.37816036448757
WC,6602,490.822976558,0.2859998170949656,315.5920104980469
WC,6601,490.109736499,0.28128830431881596,263.3431324678309
WC,6618,460.829755819,0.28403770214646445,243.91626781388823
WC,6600,522.327992951,0.32472313253861534,278.0461663638844
WC,6623,538.711495155,0.27710298120835686,335.8104050580193
WC,6604,472.463369863,0.27066256563951074,202.43105136646946
WC,6619,490.486309815,0.263963699549374,375.1946080525716
WC,6599,510.995751031,0.30425494523267554,282.77174446255555
WC,6620,520.948470638,0.26096390407967,463.67641990512027
WC,6621,539.691781213,0.25797419154408685,425.6047925163718
WC,6571,492.686149301,0.31394283608115353,464.97364080092484
WC,6486,497.43140778,0.23424880437244944,298.4890430226045
WC,6453,511.020952126,0.23292477335352996,342.8523260976754
WC,6608,490.358162863,0.3099231121030826,108.17381870045381
WC,6484,498.826552355,0.25349006009687974,299.0132902556775
WC,6485,460.32817965,0.23603612893593154,255.43481891108493
WC,6455,531.869578149,0.30872917544760115,383.279649771896
WC,6450,463.818566705,0.22963863482763028,15.226192728678386
WC,6606,477.377791172,0.2961637034302666,220.54796241311465
WC,6452,477.884797001,0.21474754883467786,171.1636676863128
WC,6449,481.736614988,0.34560516476631165,38.59031479779412
WC,6607,482.4314856,0.3206644928219114,172.2377341775333
WC,6446,506.665604632,0.2761443572504154,168.7993788176892
WC,6457,504.200612222,0.29193611061938884,205.28990394741882
WC,6444,505.369290376,0.29259863345432174,226.29038540709254
WC,6443,518.943516155,0.2806243503325591,229.44031799914794
WC,6454,513.234340221,0.26441774451207717,411.3698619468539
WC,6447,515.008820389,0.294228838598923,176.67515387441597
WC,6461,524.024947905,0.29336651923319207,321.06031254787075
WC,6459,521.275978553,0.3037691966404394,255.1686987484203
WC,6438,547.474153785,0.295442185597301,316.33088145536533
WC,6441,557.852877908,0.28794771185993445,266.19188492718865
WC,6439,555.777002189,0.2681678572967821,339.43264644847204
WC,6460,516.55564925,0.2994593504773849,299.53409956389777
WC,6659,532.055643783,0.287584805475237,234.46955530503217
WC,6436,556.5349688,0.2937819046699835,320.5302311317593
WC,6442,558.464234381,0.28535913400956464,287.9813635732613
WC,6424,440.283154224,0.24141132416243247,123.38043018415863
WC,6425,450.166010761,0.18606685306734713,34.38912904028799
WC,6437,508.646705067,0.2725359942668524,194.52326579374423
WC,6440,556.882143511,0.29213853409765345,278.00461784811574
WC,6427,520.675144119,0.26173215906732206,373.81754377776497
WC,6610,504.842919857,0.1575241982936859,22.05494851505055
WC,6416,531.853367849,0.28342994835354596,169.58172353108728
WC,6418,491.21512442,0.2924761012723592,326.56311199711814
WC,6426,524.891268641,0.260708021060113,317.3779023114373
WC,6341,503.013458824,0.18625969322739883,259.0949474559111
WC,6419,510.135279341,0.23957228075010706,164.33114854401234
WC,6420,497.591166811,0.28253697778867637,181.13223715389478
WC,6342,525.446900784,0.3367348937406426,110.25282646627986
WC,6345,526.663869241,0.17840999935628377,89.77782449161305
WC,6343,510.724993616,0.20899965554150238,264.3454439649395
WC,6421,457.228951873,0.22395559875661755,146.48074026668772
WC,6422,438.294379918,0.20250670156455705,243.08487821092794
WC,6347,524.335707466,0.175934844688412,70.61436719707415
WC,6348,515.42777737,0.30081433824973525,212.10511082667932
WC,6445,485.212391478,0.2707328945398331,187.7004451377719
WC,6423,441.531945563,0.2110688694744209,228.90999184402764
WC,6414,509.651759371,0.24427309503786945,240.45853121888405
WC,6349,538.734216995,0.2936236953049379,271.4310777252796
WC,6344,537.59675596,0.25392990673963844,238.881924199123
WC,6340,598.304850205,0.31714936041677483,243.08091284060006
WC,6435,545.353789356,0.28417230565231166,375.39571548162724
WC,6346,511.924259405,0.37556546799341844,98.43987633200251
WC,6336,495.785784607,0.27782216015786276,293.21833840164487
WC,6337,498.386812455,0.2871215608896025,195.56665338254442
WC,6338,476.961989352,0.2736737499125551,117.86521136713964
WC,6448,463.700201947,0.34560516476631165,27.564510569852942
WC,6339,585.031144965,0.28847086315393977,356.2208224427466
WC,6334,545.46806873,0.28520490905190254,337.3180223951153
WC,6352,542.937001105,0.28479552654254603,329.96826925838695
WC,6355,479.056656723,0.23790774798826025,397.6930326573989
WC,6330,575.571974594,0.33034142414310247,398.7414653104894
WC,6327,520.264035399,0.2582044391724156,384.0392669677734
WC,6363,514.469729091,0.3076044015086459,324.7154435101677
WC,6354,477.868818981,0.29540948369839326,228.90318944594438
WC,6353,550.843279132,0.28013546642021087,363.0431339937097
WC,6358,459.333682306,0.26653760838799356,322.8773561365465
WC,6328,522.303147769,0.2587734431279382,342.82709377513214
WC,6319,557.283752792,0.2930341326976483,321.82400216495296
WC,6335,547.279327049,0.29807121615141713,366.4566698261336
WC,6331,557.516330833,0.33804633339596946,282.4533405079561
WC,6356,425.922465092,0.2725660047612407,288.7532927569221
WC,6332,553.441492946,0.3066417392545615,328.65435808967146
WC,6329,546.450813959,0.2968094289733185,363.56538166719315
WC,6321,431.110121604,0.36376509512005767,310.01209130380664
WC,6325,440.326604795,0.26877679645475755,232.05040013930375
WC,6357,444.334840664,0.23611373245165376,369.34081869686355
WC,6333,500.913893988,0.23799534184836796,319.7296531228459
WC,6320,558.045811346,0.3164841024530021,320.5116537655101
WC,6326,520.571328772,0.25866767956439296,337.5760337380802
WC,6083,523.175948006,0.3219383694123531,90.54979571174172
WC,6238,457.910382264,0.21067025335238848,210.77688416125727
WC,6361,552.772268776,0.31274851812049737,336.00259713565595
WC,6360,577.584597561,0.288915227239691,405.302232540355
WC,6314,519.376857067,0.2821227435465201,424.19818587957644
WC,6359,553.110203219,0.2808862777598019,288.48908404181986
WC,6318,550.446880871,0.3072413279127529,343.8743206248564
WC,6220,523.537992276,0.2796132479029911,275.3488850313075
WC,6236,536.211684226,0.3108886420381742,181.377513182397
WC,6286,551.924254987,0.2392755341206081,294.77784782858464
WC,6210,531.246338777,0.3686595539660379,217.07621848910463
WC,6209,548.181693419,0.37117417695010524,200.5392344156901
WC,6208,558.99475885,0.3659376247766933,218.1254001393038
WC,6239,524.66834978,0.2802675468036242,198.96465289545995
WC,6234,555.54235379,0.3398575298944832,299.75738160376454
WC,6237,467.973871203,0.23941009434607213,253.56163680132693
WC,6196,534.28252853,0.29465240206835525,411.5694552851658
WC,6195,535.858606257,0.257751150223466,378.2337735643574
WC,6228,546.923333397,0.3142454245714832,359.34139284620096
WC,6227,552.065482662,0.30707213517636484,357.76658456839766
WC,6206,551.465958342,0.3593767452145129,197.91328463086893
WC,6316,529.609093823,0.2738500986064204,419.73637919706454
WC,6317,539.153996629,0.2814042800967568,454.911612626618
WC,6215,484.569750051,0.4154779219461235,75.33388339771943
WC,6216,513.799706392,0.30247004992134274,145.94338719985063
WC,6322,574.588008288,0.22254249423459138,221.02367502848307
WC,6214,464.37961222,0.42722975969314575,19.68654946719899
WC,6287,526.219771337,0.25408142130192996,323.390029518277
WC,6213,494.339223232,0.44654515935824474,68.24663756127451
WC,6218,534.621209245,0.41214310526847847,20.99896823658663
WC,6212,530.57009791,0.4094015976478314,175.07874348958336
WC,6219,560.526799543,0.2673059140243009,172.97932326372933
WC,6217,516.205351572,0.40189912882599516,143.84304226146023
WC,6323,490.525862231,0.2150085751626203,299.7739537257774
WC,6222,523.22913699,0.30005080197220557,456.72606793571924
WC,6211,483.287556986,0.375571396797215,57.48456504672182
WC,6139,576.251794163,0.3736943153198808,134.39055507884305
WC,6207,565.540905427,0.3599992043173707,174.81498116885916
WC,6223,517.01673576,0.30315677478305386,388.4789641137217
WC,6224,478.569776768,0.29160866315601863,269.3098205566406
WC,6225,511.111000146,0.3229660328229269,314.9817823522231
WC,6205,534.452028368,0.34898925331794906,329.67990528181485
WC,6221,531.087659826,0.28691159822819445,417.61632807114546
WC,6202,467.237121964,0.3819359266757965,19.68622589111328
WC,6204,462.7853753,0.3306287690191656,135.96663821351297
WC,6141,498.509684186,0.2904643922476542,137.80340007707184
WC,6142,484.837162186,0.19451090391596842,182.68831700343713
WC,6324,458.3711669,0.22420148078737584,342.5623476514629
WC,6198,514.007110548,0.24940291716884902,179.27466535381245
WC,6203,544.308462671,0.3420202741185439,434.147316308115
WC,6200,534.809533334,0.3473083255936044,197.91154120950137
WC,6229,541.617522797,0.2744970276169551,405.0127573050705
WC,6226,532.013759121,0.31695286229334246,384.27738476921525
WC,6197,537.722576443,0.32015385038322874,354.3495312859031
WC,6231,562.481637397,0.2453480580678353,293.45637847302004
WC,6230,538.091295393,0.23672717021644232,405.01223042805987
WC,6194,524.246423762,0.2554970880714214,393.1944949280982
WC,6192,533.150729795,0.24521982053091548,291.0890040678137
WC,6174,565.320920861,0.3013131947909883,385.05012763528265
WC,6153,516.0683267,0.24877131583607798,271.92748915728396
WC,6185,608.273092643,0.24041262026801316,456.9757344264611
WC,6189,513.737324741,0.2665574710167462,263.790436927945
WC,6182,537.882003312,0.24432661788759746,251.45347511441102
WC,6184,511.959757369,0.2448100448002882,224.6814604516123
WC,6199,518.466561518,0.34453158103009707,122.05400668873506
WC,6187,523.980858365,0.262804316257797,217.3318894031001
WC,6186,519.553163067,0.26144125442142074,313.9240389057235
WC,6183,593.945474257,0.19516213113169587,218.90719676298255
WC,6157,535.320895858,0.2271915492710334,326.2586927526137
WC,6155,521.583754015,0.24354284230451995,268.25211989458865
WC,6201,517.508469957,0.3576938011577531,172.97601052078548
WC,6151,520.427066958,0.2824110371638117,178.22330406039367
WC,6149,519.320216131,0.3268553812581279,145.41384938557943
WC,6135,548.346188164,0.32003269145186514,74.54440807267731
WC,6136,513.017577375,0.35010191372462685,51.44622033811083
WC,6144,543.996909805,0.3419478257716287,321.2774619607365
WC,6146,513.111880098,0.2553156817514381,270.6182850258023
WC,6145,517.140106958,0.27575260555992515,264.58153647628484
WC,6138,548.966394778,0.39177256761264406,63.78289552576402
WC,6143,515.887001707,0.3214064004124132,254.87009250416475
WC,6140,554.209385629,0.2214868046927529,244.37148913215185
WC,6148,525.349505314,0.3407109741218094,192.39799780752142
WC,6137,510.543209579,0.3527950346469879,41.20947493010876
WC,6150,537.079497934,0.2943484190991571,202.3716718785903
WC,6132,550.785872809,0.37528589269307655,166.6746769325406
WC,6133,475.150299719,0.3651007852384022,18.373613993326824
WC,6134,531.385214465,0.3584596475990641,147.51387789857154
WC,6128,536.819710974,0.3749556441515714,266.94059463201785
WC,6152,526.643273284,0.2647164094325013,177.96057110954735
WC,6131,538.204550069,0.368586536644263,192.397408100203
WC,6125,538.105814863,0.2671561512724588,286.88727811925554
WC,6126,556.044018369,0.31003865974372147,353.81958474551925
WC,6147,544.399064304,0.3184653783291706,307.8898340561811
WC,6127,549.223998846,0.35726201957959963,271.40223388671876
WC,6609,456.019266701,0.31105986576188693,80.86785888671875
WC,6160,576.39752083,0.30475672235989604,377.43954126694626
WC,6181,558.528883833,0.250426129866807,258.8023487764246
WC,6176,543.526276988,0.3044968066370394,333.34377468333525
WC,6255,543.500366137,0.3862131631674886,156.17996081183938
WC,6175,551.765800174,0.3045415058901236,346.7296051922967
WC,6158,518.671156119,0.2721882004729729,269.563137996898
WC,6180,518.288203142,0.19184927919971628,207.09427427404069
WC,6159,544.150503147,0.2879028625028917,333.0817616182215
WC,6178,530.876523506,0.25785745106387936,219.42974395751952
WC,6116,544.842010788,0.26315551529589454,398.959462962431
WC,6115,544.294931084,0.23393106244589912,251.71139852486402
WC,6179,527.189988826,0.21163862299934139,208.40591349882237
WC,6164,551.217442849,0.3382343231728583,86.61649884990618
WC,6057,525.910472145,0.2810438336538417,382.15048241708797
WC,6191,525.762151287,0.2653288906925029,292.401119965198
WC,6177,544.468593469,0.2656345717796472,229.40341509650736
WC,6166,556.136855663,0.3526079988733852,221.52781120749083
WC,6056,557.379224871,0.27888664922829287,293.69997367110903
WC,6170,563.7177562,0.36299857285504783,144.0978801353305
WC,6168,528.707001801,0.26415988204902724,239.37459420596852
WC,6055,563.299069471,0.29136893063046104,286.35008808210785
WC,6169,555.711936501,0.3704603932444367,149.34728991938576
WC,6154,481.978545747,0.23914568267964034,242.7919348623238
WC,6065,546.375529672,0.2576223525095536,295.7979566686294
WC,6193,507.841031682,0.25045410156645065,316.81217331231807
WC,6190,495.450526493,0.2387913587009347,312.87332772647636
WC,6042,546.72457798,0.35391724793546236,70.34035393210019
WC,6039,528.243445549,0.36779445157125334,151.7038169412052
WC,6043,533.063603846,0.35426189324960533,101.57367086971509
WC,6254,548.157954268,0.3749865247653082,194.50313253963697
WC,6188,603.881281913,0.22794521166317502,87.9297441669539
WC,6040,527.912538999,0.39613533863884576,73.22733279957491
WC,6045,515.84228349,0.2601632642302107,172.70210753796147
WC,6173,572.050744262,0.3034009957808821,366.41335087196495
WC,6171,596.159291187,0.2627070440574554,253.02390405991503
WC,6046,519.060076372,0.2565474185457936,177.16415079154223
WC,6041,534.830955756,0.3319839671390866,143.0427412145278
WC,6050,538.55882566,0.25952043688584187,338.0554829915364
WC,6172,582.790928861,0.2502093777508664,349.0897122252221
WC,6049,532.048300086,0.259823597826119,317.84546161726405
WC,6053,537.911176149,0.29793030903684153,386.6120631498449
WC,6061,518.512968211,0.3088084524768649,216.27187009325215
WC,6054,574.11485381,0.2919247721599942,402.62298239913633
WC,6060,514.979712516,0.2791056702315099,309.18460280474494
WC,6058,532.34647822,0.2786638520749035,300.78620847814227
WC,6059,488.211917756,0.2801099240090008,283.4634972366632
WC,6167,564.413075377,0.3162170838094452,54.069394309847965
WC,6062,515.65016584,0.2935125271067624,240.6810142666686
WC,6113,578.774018964,0.28298649692453665,267.9838017781576
WC,6114,576.571098305,0.26794184625623707,131.76107524797027
WC,6051,542.046816417,0.28091723931306173,372.43820046817564
WC,6064,542.70243066,0.27367363307592846,182.1509839226218
WC,6156,537.171436984,0.22717452570494373,324.1594036326689
WC,6121,537.900332897,0.36118020663452677,189.76981461468867
WC,6120,530.635512437,0.3680263346665865,202.10582912669463
WC,6124,534.300806301,0.2728097380440311,215.75565499698413
WC,6161,554.706430761,0.27299733220851025,345.15446696561924
WC,6162,540.964192244,0.2250592138658003,295.02106080896715
WC,6163,539.620475319,0.3364728394567657,253.28766730813422
WC,6117,530.312894844,0.2931375667527692,365.62586149327893
WC,6129,536.917162614,0.3874667736852593,265.6286567538392
WC,6108,542.377552626,0.2517101761505995,332.81383463541664
WC,6118,535.908257647,0.3118087305029964,285.57188735662726
WC,6119,540.27095428,0.36086629637690826,164.57168516271253
WC,6098,550.132864736,0.276381876283479,189.23983480416092
WC,6100,555.282810255,0.3427959882348225,184.51613572064568
WC,6105,526.607397427,0.213606956070648,231.49967364142924
WC,6122,514.4212462,0.33661889034073533,107.61511365105123
WC,6123,488.924224571,0.3209861747423808,39.37143213608686
WC,6106,541.024844122,0.2447256755326443,137.00996524586398
WC,6104,529.595835804,0.22140625746626602,29.921761725930608
WC,6102,494.22292334,0.21615099475956429,26.771995903463925
WC,6130,477.612723283,0.355895468449973,98.69222477931602
WC,6737,562.334451664,0.4026255459454707,181.70914186963847
WC,6103,533.722387161,0.26473079428076746,144.3587428074257
WC,6099,576.541590072,0.3103603670940274,240.68416834812538
WC,6107,551.063494716,0.24101335962006099,240.4240084180645
WC,6070,536.479886811,0.23995185056419086,225.19478257123163
WC,6074,554.839407878,0.3082689862538761,281.88613011977253
WC,6258,541.589074757,0.3941260262768311,161.95470069436467
WC,6111,569.59817237,0.27482870694393763,305.7792148964078
WC,6073,547.626753065,0.2708536455407739,293.9597800759708
WC,6071,527.36410885,0.21791274013071943,250.3915304146561
WC,6112,590.265429502,0.2957594675221006,257.22213595521214
WC,6069,554.783548923,0.24143172732395368,172.17686734667012
WC,6072,567.34879687,0.23677299192547804,262.46465660544
WC,6076,563.245112489,0.31923531158770047,213.64521807502297
WC,6165,543.718916719,0.33537218253803,190.55619108910653
WC,6101,481.996250976,0.3221385390200513,24.67217072131587
WC,6109,546.731436419,0.2805622669848061,352.49915352615653
WC,6096,514.886484402,0.25244108972977486,135.95830102060356
WC,6086,506.266718286,0.27478382421297665,107.34777849982767
WC,6097,537.888453432,0.2586165564762881,179.00325131883807
WC,6095,526.771622219,0.276391006745014,127.29667947806566
WC,6110,601.392903004,0.2885498290316442,233.59905183081534
WC,6090,549.927397917,0.31573323697968103,322.3081431070963
WC,6092,564.833853742,0.3427570450886563,172.44052617690144
WC,6087,521.407497165,0.24405154861606557,161.67797788732193
WC,6089,526.954094269,0.2556309438167827,345.92948766970164
WC,6091,562.835393577,0.35282651828266587,284.25103984159585
WC,6250,637.466884708,0.22159546585413661,359.6064162310433
WC,6259,528.656125333,0.3251476502678927,108.14474038516774
WC,6037,541.506571511,0.34511807146857576,153.0156980626723
WC,6038,531.923618056,0.3492336225125097,203.4087977689855
WC,6035,533.437146786,0.3631559196585481,217.58085381002985
WC,6034,548.976429727,0.37105185117203593,246.45123084573183
WC,6048,529.992004254,0.2735596405971167,323.35729355157594
WC,6026,585.082133982,0.24178669488817983,443.55561529421334
WC,6031,571.904098032,0.3186910653114319,255.89884942746627
WC,6015,549.103803125,0.26716003701335095,32.019344973096665
WC,6033,561.622897585,0.34928390281054905,266.6603400735295
WC,6030,590.747724323,0.3227047607117647,274.79564056396487
WC,6066,547.048029368,0.28363644831189505,140.15636303471584
WC,6068,561.718639204,0.27932296214009783,119.94634689630246
WC,6047,538.316887051,0.27044313928229075,339.36759332395064
WC,6025,557.585063897,0.24371216495607054,348.01960045309636
WC,6024,533.237797833,0.2510394565440864,366.39107896393415
WC,6027,593.455512319,0.2679129827298865,396.3129816990272
WC,6023,556.181422102,0.2621343149430362,425.70562343223423
WC,6014,479.710586811,0.2682888926686467,48.553896885292204
WC,6028,577.773308587,0.30511109332563024,408.1237193088906
WC,6016,577.866264521,0.2702988205295753,198.94011541628367
WC,6029,577.949252078,0.32549601433446895,169.54883015950523
WC,6032,544.889784605,0.3356313417878067,104.72182892444087
WC,6063,532.198774323,0.2922142951401196,207.8727466358858
WC,1744,571.771789633,0.33185002627581905,367.2416405172909
WC,6012,571.991056506,0.29065277581584864,319.66773600858795
WC,1860,580.994380829,0.49556999630294746,33.53305373846316
WC,6010,548.20677619,0.3074416707803481,240.93111407710057
WC,6018,540.705104628,0.28200326574717627,385.28420574711816
WC,6004,514.353688291,0.2988607865237521,261.9258989221909
WC,5444,516.75823323,0.32954904437065125,33.58891314338236
WC,6007,521.605758877,0.30495723375845235,271.3746452780331
WC,6020,564.308098329,0.2831949004338817,411.2685119628906
WC,6008,530.148862757,0.2996648272645775,197.10126989028032
WC,5916,590.889166624,0.236895966378532,118.88689006730623
WC,6005,520.416069523,0.30959424532793617,225.18295970243565
WC,6022,549.85992753,0.2550954964647096,341.7186485140931
WC,5998,543.442013504,0.3151873624582085,255.36462456198302
WC,5997,576.358538348,0.3300866732169624,236.99305778952206
WC,5960,559.675002349,0.376220798729179,224.65536187863813
WC,6019,552.561234938,0.29977969396532633,373.99923975327437
WC,6021,529.041336573,0.2503103647765667,348.2793593163584
WC,5962,505.132627926,0.29265489550595425,254.574175935633
WC,5999,529.522119489,0.30237324872757104,233.3187348309685
WC,5957,536.62310557,0.29673632211155365,413.353954629337
WC,5992,517.808483427,0.29542133787043023,459.81487878537644
WC,5963,539.596312949,0.23087718786768358,359.29155692306216
WC,5995,588.765171614,0.2775207628086156,365.5932761697208
WC,5996,604.913375275,0.3142922134233881,243.81662418141082
WC,5991,496.270152697,0.2477889395996443,346.69690318388103
WC,5993,526.530781074,0.30377662562171337,301.2935697667739
WC,6017,566.769399271,0.26074342937672695,218.6246691236309
WC,5990,514.850611936,0.31624766899693396,406.7992359535367
WC,6052,542.19403718,0.2894351626373535,334.3812041338752
WC,6044,544.82358166,0.3312821008144317,178.21325611787682
WC,6078,556.238425329,0.31375022477561154,274.53632875330305
WC,6088,587.565203798,0.2297174317161899,317.58259699204393
WC,6080,559.494013715,0.3260732302764823,227.29294119442213
WC,5975,467.674748425,0.27529505550549294,50.128497912837005
WC,6075,537.020144914,0.323599235172321,152.49129468132466
WC,5979,514.431552952,0.3777412048290516,190.27807587268302
WC,6077,567.31595497,0.31607065746678925,285.29744819192325
WC,5977,499.181148713,0.3580368025803272,106.2933021994198
WC,6079,577.631609201,0.3439259941903701,84.51300730985754
WC,6081,558.667373457,0.31374808198937754,196.58476230396946
WC,5974,522.897073172,0.29127412220153004,285.2861122879328
WC,5976,468.457557736,0.30061349272727966,18.634143664790134
WC,5972,519.48892839,0.27944639935949533,307.33115001005285
WC,5988,517.653404159,0.316328531193829,522.5404451856427
WC,5985,511.68859049,0.3379103356354103,369.2697787714939
WC,5987,526.780451246,0.30735457142826866,494.4589271994197
WC,6067,557.82295529,0.28210789652636453,179.78852679682714
WC,5986,505.402650305,0.30868613570591685,348.2735927506989
WC,5983,521.872521644,0.30820139606000196,519.1312024584004
WC,5973,487.34810868,0.2270242082287415,253.00431850657745
WC,5978,552.376144346,0.3754693371209146,134.1132422652899
WC,5945,520.625616789,0.21209526654557898,312.84104147518383
WC,5965,542.041960164,0.2804411288964095,492.6173072366153
WC,5982,507.941188703,0.29913598805634695,500.2350549436083
WC,5980,506.327832312,0.3549446472879386,260.8778648526061
WC,5968,592.35484091,0.28202041123140853,423.59485832663154
WC,5981,512.393126674,0.3148524411901326,324.91651518578624
WC,5984,512.87934147,0.30426605923568234,484.74951456107345
WC,5966,604.700090381,0.30908914963635026,542.4838677798999
WC,5961,552.756132109,0.3426952956516123,294.99138533648323
WC,5994,590.161761278,0.2764773048790254,349.8459576775046
WC,5964,501.005410234,0.29073494915225606,430.67841985365925
WC,5989,532.389717351,0.3112957095432533,447.7419424617992
WC,6000,516.550880142,0.3109773583998083,169.805598898495
WC,5967,552.793655228,0.27297381870103865,425.43111123477706
WC,5958,533.879939318,0.3060976411876094,342.49371589211853
WC,5959,558.556366424,0.3282501316657572,346.43090913062
WC,5918,468.59302236,0.22819154104010314,176.62512177112055
WC,5956,535.367309319,0.29037058978928526,408.89168644325406
WC,6002,517.985479686,0.3006736893625654,177.41668494729436
WC,5954,525.884491243,0.330551365629607,259.5602776920094
WC,5970,586.922487785,0.308127948830281,502.068964879653
WC,6001,509.283278608,0.3044173837770712,161.93207451315487
WC,5971,540.062607396,0.25513542172691184,330.6885375976563
WC,5946,759.907190124,0.263862676405961,576.0782116160673
WC,5943,532.013257618,0.2873778413843226,318.87612241857187
WC,5944,540.828738169,0.24060517569633347,291.58265344956345
WC,5969,608.265383713,0.28424981455466247,546.4224695542279
WC,5948,606.708566747,0.32160380987032827,493.92876335592825
WC,5951,551.130510035,0.2894825677411833,350.3671398686427
WC,5941,530.709537761,0.2936519737641016,196.8365020751953
WC,5938,533.363869478,0.28802373069338494,167.96744223201978
WC,5942,473.227338098,0.24863100400353805,150.38365406709556
WC,5949,558.84082755,0.28982646241835025,383.96178481158097
WC,5937,525.956879248,0.30038575789349226,232.26706246768725
WC,5935,522.159060093,0.3260296859079972,201.56032382740696
WC,5924,506.479483757,0.3148513229210395,430.150173112458
WC,5939,470.051439511,0.319431297155592,222.29392876718558
WC,6085,524.758510663,0.2877856810285588,129.9195224537569
WC,5846,526.628820007,0.2718692201457612,19.158948651482078
WC,5848,545.10185702,0.41196978092193604,4.1992144416360295
WC,5934,463.890294365,0.3052941157194219,147.49598532284006
WC,5932,441.227834994,0.3623865246772766,17.846478271484376
WC,5851,520.73811887,0.34802040471459317,284.75846728156597
WC,5936,489.01023605,0.2915990162273137,140.9349956736845
WC,5850,516.44229088,0.3189523067658877,172.95467987060545
WC,5933,478.499109785,0.3292702973381547,31.756245960908775
WC,5849,467.617902227,0.36906345259787426,175.84191041834214
WC,6084,529.612471367,0.2887649599225509,152.49128480799058
WC,6082,555.381441356,0.30211421772391495,219.15662832821118
WC,5814,581.738725397,0.2379458132076652,128.866738652248
WC,5815,581.853444559,0.28697895458700123,134.90290793624578
WC,5840,495.6932807,0.21225023959228337,197.36454321169387
WC,5844,519.280792218,0.40212980816032906,135.9497216018976
WC,5816,563.364138461,0.41191998253697926,36.21902453852635
WC,5839,450.313798964,0.37235089160469426,60.101311537798715
WC,5838,595.421670435,0.3567082403048773,352.4712556726792
WC,5847,487.106169517,0.36808612925368683,135.42476851519416
WC,5841,427.364019508,0.22161671462453017,247.75537761613435
WC,5818,522.032783533,0.3533493029591818,264.2930378334195
WC,5842,518.440360143,0.37383398164117165,164.5570244882621
WC,5843,483.278660547,0.2865762083877063,148.0228758868049
WC,5845,482.781878319,0.2962884962824838,176.36760597976985
WC,5852,526.498378714,0.29388550040956785,407.5842541862936
WC,5856,493.061406552,0.26665630059601586,477.1319796992283
WC,5853,516.566303392,0.29832939206759146,492.0922600241269
WC,5820,502.535742232,0.2898253954356285,410.47953386493754
WC,5855,515.629971775,0.31686795232887555,523.5853120392445
WC,5858,503.383602117,0.2778987988713198,403.12010127048865
WC,5836,524.5913855,0.2504651664912756,282.65970249550014
WC,5859,503.665853649,0.29107372175165264,382.12360531676046
WC,5860,486.059108315,0.2617680053265649,313.3623047772575
WC,5835,510.639305481,0.22768659306915875,277.1479705212162
WC,5834,499.535604623,0.2502698324206241,386.8525927076153
WC,5857,496.932498712,0.28527142395691,430.15277623195277
WC,5872,505.587754336,0.31505083770538156,327.79092233695235
WC,5950,557.594775848,0.2895234621873857,302.6022525562959
WC,5940,668.598623384,0.2888717451895142,561.1144898358514
WC,5917,445.181620958,0.27513203446621526,280.02775729310275
WC,5947,523.765835266,0.30280900478643696,445.9013257194968
WC,5953,542.437792718,0.3015210211444437,467.1558090808344
WC,5952,545.321829104,0.29415497595670165,402.5941237505744
WC,5920,504.768908374,0.2531619375222839,320.9711508657418
WC,5923,516.317504217,0.2989547627943533,425.16352081298834
WC,5911,520.898309785,0.3242276505413119,236.46207218544154
WC,6003,529.05560433,0.30368138849735266,204.71157163732192
WC,5955,507.189301364,0.2835007318108013,310.2118584726372
WC,5922,528.955883824,0.2850643857883343,499.959986967199
WC,5919,498.963952713,0.25558646821350645,350.3639970667222
WC,5915,497.167534141,0.3247654847004891,257.98247905058014
WC,5887,510.29915525,0.3303621665534387,157.9897566552256
WC,5914,533.99988363,0.25380881318811394,264.01796518961584
WC,5921,549.987495389,0.2777668469001787,416.238940369849
WC,5931,445.175309995,0.3585240588738367,64.82461736342486
WC,5900,493.589963436,0.3422237121007021,89.2312717811734
WC,5888,508.428250651,0.30560137856083863,121.51054717419194
WC,5912,544.371784866,0.298955226362265,335.1407509598077
WC,5910,519.195171621,0.3232164452451866,243.02313962450216
WC,5906,537.153261368,0.2876344769079562,386.3176647709865
WC,5927,528.124239124,0.30445425132612597,122.56251466040518
WC,5907,533.520931357,0.26849850999184166,269.7918290979722
WC,5908,558.035393639,0.29872091302867604,305.22204407336665
WC,5930,490.476738725,0.37866631941294965,85.03306489832262
WC,5925,545.159184996,0.31622364305118084,382.9096721574371
WC,5929,511.979692595,0.41234301845618426,162.1925116146312
WC,5899,446.817965505,0.35871431163766176,138.57087079216453
WC,5890,541.166253835,0.31276718587601554,374.76821666044344
WC,5904,536.423747483,0.2842602061570113,370.04693064970127
WC,5928,553.724118442,0.3217250852125834,378.9734292123833
WC,5926,518.830441437,0.2921748610713673,264.8084282968559
WC,5898,549.045598334,0.16422102451324463,22.307866414388023
WC,5897,439.77969314,0.2067153965880389,154.58033453249465
WC,5893,533.280307941,0.318653715546279,338.55204599417897
WC,5902,524.256742763,0.2898118331404619,282.12824982287833
WC,5895,523.005169608,0.23908408139136603,286.32643695906097
WC,5884,514.658402966,0.28412169411959975,473.9678733376895
WC,5889,602.237892233,0.2331239094031524,333.0389643949621
WC,5905,542.644573323,0.2873297586299406,397.60314483642577
WC,5903,522.82350732,0.27393863452519307,370.57230990540745
WC,5901,524.880856795,0.30902851372957224,253.5218398150276
WC,5909,548.293750992,0.2702374400329905,318.3439767276539
WC,5891,530.843544073,0.3065727325821156,430.1440335142847
WC,5913,565.13205269,0.2969441747381574,319.65658030790445
WC,5886,565.265019944,0.2505455727160874,401.2712086995442
WC,5861,524.753341563,0.30920707452334206,338.2939325968424
WC,5854,517.818283233,0.325108815020951,510.4632589602003
WC,5880,510.359275617,0.30626645677209713,500.4751167446959
WC,5882,524.214538349,0.2835664844827429,527.244391377767
WC,5894,520.608080523,0.29479827226363664,230.16295884076285
WC,5883,542.504793979,0.27104017925509255,545.0897570740943
WC,5733,594.597771105,0.3637961447238922,31.755194390988816
WC,5881,518.4603183,0.2983046298976031,521.208100532083
WC,5892,525.619199987,0.30357907643700766,381.06737907260066
WC,5896,500.105958166,0.20690665444690176,301.2864903468711
WC,5878,497.326264794,0.3237709892681237,498.3756522683536
WC,5879,509.577734293,0.3215825377532324,499.425097057866
WC,5876,502.184037383,0.28333319442727434,428.8288191552256
WC,5734,584.934530439,0.34831263754283376,96.31536545098997
WC,5875,508.04461716,0.2722754341070769,400.2234917434992
WC,5874,507.02491429,0.2817655135782397,462.94745743695427
WC,5810,511.471301592,0.2904595927426628,267.70666426116344
WC,5812,519.092771825,0.25431545502601227,205.7667995378083
WC,5811,493.720388555,0.17425920270293593,217.84067161410465
WC,5817,534.029049742,0.4174642922452917,223.61282809388408
WC,6094,530.28133586,0.2762170720009502,120.47237485997817
WC,6093,547.061105483,0.29187109492923136,162.9917723711799
WC,5813,629.633147231,0.15172292999779394,271.9067443548464
WC,5805,519.587576797,0.34039690088525293,241.1971125284831
WC,5803,557.162223114,0.3804272232871306,359.0387180103975
WC,5808,539.805975331,0.356167597225622,199.46728395948224
WC,5804,549.269450586,0.3721141570453162,270.0668690400965
WC,5819,503.245984183,0.2737692144240886,324.6571948182349
WC,5809,536.62961725,0.3026279585143721,336.2077996347465
WC,5821,510.220400289,0.29033548843706086,445.3854567284678
WC,5822,498.825572653,0.3124838578385337,500.4999959309896
WC,5806,412.00790123,0.35524578866633505,17.322116986443014
WC,5823,527.665742271,0.315372554063797,373.9963248757755
WC,5807,502.057117389,0.4348644918816932,142.7762301575904
WC,5802,520.280682993,0.3430649402645299,330.4305646709367
WC,5825,525.60449098,0.2888227154275035,267.440308305329
WC,5799,482.162265706,0.23498633191699073,82.6730032528148
WC,5801,507.34298356,0.35059602837229875,282.13854157690906
WC,5797,464.100033909,0.31215348683279853,439.871038160137
WC,5827,477.826741632,0.2607883197069168,314.94342310288374
WC,5826,512.469101404,0.2706511708285538,298.93444937911687
WC,5796,508.371430059,0.29508903659880165,377.93194828407434
WC,5833,513.972856539,0.2700029194681243,407.58652310838886
WC,5837,499.903083506,0.3061662181295623,162.19429297353705
WC,5824,498.695199362,0.24033818073723828,306.546543824439
WC,5832,501.155276848,0.2536618906065701,322.81419552073766
WC,5800,472.151267985,0.3714945099282924,123.61585899801815
WC,5798,451.721315989,0.3243864756948242,286.33672697777837
WC,5830,516.122148462,0.24747297618958838,320.71561473771635
WC,5829,478.455177713,0.28039589660323194,120.72782718434055
WC,5795,505.507240872,0.3497582542857692,324.3911016426834
WC,5793,477.742494754,0.24758500141593118,341.1876616833257
WC,5792,505.54558253,0.27098934312957296,317.30382744284236
WC,5794,515.162787498,0.3349485377556929,423.07270076976096
WC,5788,545.430679337,0.3929712399535003,256.1516649134019
WC,5831,506.334919407,0.25894503118056567,313.10386998793655
WC,5787,549.291235122,0.3746672861825783,260.61309195125807
WC,5786,535.186111721,0.36863834968828996,449.3142281924977
WC,5828,487.008218989,0.23666101434867676,383.18060491225293
WC,5758,468.391986708,0.1871439455474009,64.03710817823223
WC,5784,541.536928031,0.21295361108127775,298.40450906192564
WC,5783,491.574958662,0.24232383601986393,249.58831849939685
WC,5780,508.646203845,0.267303871114123,281.6058421714633
WC,5790,478.847740324,0.40053314556606673,109.4419990090763
WC,5776,507.969456804,0.272391858730313,398.3931296853458
WC,5867,536.900113807,0.29272793675035375,232.00089293835208
WC,5865,503.186867131,0.35076378890124377,152.74314341825595
WC,5777,505.901479776,0.25994849804108244,436.71074257644955
WC,5775,469.189935575,0.26852020792443565,436.4477877149395
WC,5779,523.510373662,0.2963251831070816,337.5069309309417
WC,5868,531.019445759,0.33471729111970716,313.6206249162263
WC,5863,539.037332158,0.29020885174701877,319.1343268600164
WC,5864,503.722166983,0.26606363987476567,252.47288812375535
WC,5870,505.960383444,0.32478556321944047,384.2168812770469
WC,5871,506.449276663,0.3430577871375059,250.63309867709293
WC,5736,530.842545708,0.3149466217688795,69.54661904129327
WC,5862,549.200433571,0.3643789551103977,345.11660243015666
WC,5781,521.118816164,0.268101561040694,271.63315495509727
WC,5782,511.577376149,0.2667434033856057,239.3523276833927
WC,5866,547.154763884,0.34527294183489865,245.9107891905541
WC,5778,509.290023369,0.26533161849299114,379.23520600562006
WC,5774,504.115964481,0.2852836141161609,488.4109776814778
WC,5773,515.639036369,0.250303928861026,384.7444483439128
WC,5772,511.642537384,0.271500066270683,258.5079553641525
WC,5873,506.189845518,0.28997694603049484,445.36444250368606
WC,5791,483.34808501,0.20574084054700414,224.92052046831918
WC,5785,533.992885848,0.279120492753208,455.611864157284
WC,5769,538.852518228,0.24641905466986075,134.89591061461203
WC,5770,524.535021805,0.27543458007425675,261.3943078732958
WC,5789,478.51433261,0.35193015541881323,67.18732694738051
WC,5765,489.609972667,0.2864125062556315,251.94683837890625
WC,5762,505.350011415,0.2423820139005962,387.8946774052639
WC,5763,538.396260951,0.27497233680419647,476.0755169438381
WC,5869,520.082481858,0.3311569125428278,226.22635611739813
WC,5771,511.036079777,0.29046789521810207,442.218437015309
WC,5740,468.379114394,0.2711168038188864,257.4557026582606
WC,5738,596.533257643,0.19104226492345333,285.53632181205
WC,5739,582.30504691,0.2198804415012958,266.1161604039809
WC,5766,481.097519167,0.2872773141844441,246.1727898990407
WC,5741,480.597398797,0.2762192882597446,257.1923690496706
WC,5768,483.497352218,0.24442107646359015,259.0315367455576
WC,5764,516.094195404,0.28263099154571375,368.9975683174881
WC,5767,510.063231815,0.25135251532510383,254.56997575946883
WC,5748,473.004841385,0.3239236931255505,376.3438435274012
WC,5759,455.237668107,0.3662170790503378,58.52534365186504
WC,5757,566.644866225,0.26355160297109537,272.9447370042988
WC,5756,532.451083541,0.2541927055185064,319.6593215044807
WC,5761,506.927261551,0.28707572205163684,245.1239163267846
WC,5755,479.361487021,0.2841748459423606,162.97853626924402
WC,5700,528.001784926,0.3082696566459282,406.268138661104
WC,5703,517.282091913,0.24776491710537163,362.43759259990617
WC,5686,515.6798405,0.27207617988725274,184.76101220822798
WC,5716,530.795397414,0.31677258720334905,327.5257051355699
WC,5683,541.308436255,0.2815047169717423,339.60159376555794
WC,5682,563.467931601,0.2500978629099855,247.483619630103
WC,5751,511.874869751,0.23435746986010822,376.08108179429
WC,5713,548.880158778,0.29008961743259226,361.3823579676011
WC,5712,564.00671576,0.27430604498301236,367.4193377027325
WC,5752,497.448190875,0.32057941306304666,276.6160952399758
WC,5754,524.451197533,0.219096425659301,359.0245316449334
WC,5760,496.821179714,0.3132189764049802,143.82005474614164
WC,5710,519.564630621,0.2504595056272947,404.16233326033046
WC,5753,500.61297735,0.29384471387380645,286.589313731474
WC,5707,511.595358428,0.2740306505081727,460.32700733858
WC,5711,518.69063255,0.25632343850140976,362.95842632218904
WC,5747,485.300034033,0.2841659358907916,379.75448916566137
WC,5750,485.62480799,0.31490050316169543,300.2354222017176
WC,5749,504.473689373,0.3197080212537019,286.8506942449832
WC,5709,511.084976437,0.24801714908822717,394.1900359209846
WC,5745,512.362568081,0.2694468964134284,341.9616014667586
WC,5708,517.232532862,0.25102149709341637,468.7245504341873
WC,5714,553.887439731,0.30014298360289426,354.03337533988196
WC,5687,511.069937008,0.2763577805613156,218.87907230152803
WC,5746,505.336145384,0.27453370710270497,368.993749700808
WC,5699,556.347260773,0.25310046858186186,413.0929318297143
WC,5698,525.617853983,0.24896183319422838,177.6772264368394
WC,5691,547.840370181,0.37258871893922824,156.15580584956152
WC,5689,533.011257586,0.31296940161994985,304.6995755363913
WC,5702,512.048259329,0.263794147842534,329.63238555309823
WC,5695,508.897510692,0.23618207486827725,93.43156863941866
WC,5696,530.141290671,0.18454916549806274,133.5864812514361
WC,5692,507.819156013,0.3778774435237302,46.45310659969554
WC,5694,530.270811873,0.3146249128338892,67.44903244317746
WC,5693,491.376381858,0.36042600870132446,10.760338577569701
WC,5701,535.988484427,0.2643590263555582,330.94525969262213
WC,5697,515.112311032,0.3660119527254623,82.14597874061734
WC,5676,517.375792712,0.22916652697610013,312.5715749404009
WC,5705,521.226774793,0.2616120713552421,358.76217097862093
WC,5706,521.294387195,0.2759045412296139,340.65289471196195
WC,5688,518.888812756,0.284057641782054,281.6038803399778
WC,5704,511.02370614,0.23307527304775477,289.73947233312276
WC,5685,516.501134384,0.2822173241859939,231.2135237151501
WC,5690,534.879502069,0.3366902093054465,136.73450634526273
WC,5715,546.186412044,0.30430070693922223,342.4853888118968
WC,5684,522.800364029,0.2695733819177543,283.96468248554305
WC,5718,540.28548587,0.3361394229138318,320.4388532750746
WC,5678,525.27439922,0.2748354074706458,74.27163017123353
WC,5661,520.556851182,0.2590014414306273,239.35369101131667
WC,5669,516.8705004,0.29324169971650693,282.65572767070694
WC,5665,505.936512585,0.22702050415232006,350.89343327540973
WC,5657,490.442240412,0.3561687171459198,8.135950155819163
WC,5658,519.530228173,0.32896209646345625,151.43358647963578
WC,5654,593.026636792,0.20325614162930497,58.264244438620175
WC,5655,454.440689288,0.38669469952583313,31.494000603170957
WC,5653,490.183602261,0.22541063614384668,300.76865001005285
WC,5652,523.950449823,0.2681919275783003,352.7331038531135
WC,5659,510.518866914,0.29324014908186496,182.9276009952321
WC,5660,521.930424033,0.2945913641095752,212.05913507798138
WC,5656,514.807231823,0.37823672040359124,75.06068932028379
WC,5663,518.58917895,0.23593999676218955,333.83437502991916
WC,5648,545.981799779,0.3346124090306409,225.18080821317784
WC,5649,551.544440353,0.32899045039921765,198.93632247027227
WC,5662,523.002819067,0.23070212308565782,295.25517856373506
WC,5645,522.862400168,0.3140676657493963,231.47838457892922
WC,5674,519.014418159,0.25432093079486423,389.99418026793234
WC,5672,511.810963938,0.30002096996114064,97.10497523289101
WC,5675,552.318644133,0.26221976646579304,349.05191638422946
WC,5673,522.388223376,0.24843549959380384,311.523307650697
WC,5640,497.868285037,0.3081327887426918,380.0206921147365
WC,5641,522.46462688,0.3044938790568738,299.9754064223346
WC,5671,532.162025206,0.3329635898923613,240.13835144042966
WC,5667,516.810658052,0.28321413383087196,313.8869032317517
WC,5664,522.450987121,0.2327210331371326,356.4049857046091
WC,5668,523.507881059,0.29359291743653027,324.12236004997703
WC,5639,520.159372781,0.2842157636628007,294.4630355834961
WC,5666,515.131624026,0.2579544738849118,367.9514701095282
WC,5638,516.999060652,0.2889828275130231,253.78371713675705
WC,5644,526.618952626,0.3319612328748445,242.7632443297143
WC,5642,525.938809701,0.3355349766141246,202.34599752987128
WC,5633,531.371918807,0.2980999315173428,338.2882128248027
WC,5670,525.760836718,0.31946067421532165,306.80016850490193
WC,5677,499.378105097,0.1830274052533907,25.457046089920343
WC,5634,514.428032595,0.27803807807966363,244.59670012230967
WC,5635,522.185082426,0.29312990358798074,246.9591909969554
WC,5627,531.257350112,0.24898057661845654,260.8655265658509
WC,5679,506.534830482,0.2634983414019163,334.8778511496151
WC,5629,495.092427864,0.24590148037910065,315.45420636943743
WC,4750,480.612242403,0.3894647850202277,217.51355474135457
WC,5731,505.828578523,0.2816669354442006,291.04536671358
WC,5589,523.971151012,0.23899922727180611,218.86816235710594
WC,5445,654.478268253,0.32954904437065125,24.92927147360409
WC,5742,499.191722109,0.2915528440972601,302.07008807612397
WC,5728,522.630456478,0.31426328540708526,436.4364621031518
WC,5737,528.869726158,0.2586524959609903,201.29189683502796
WC,5724,531.227525085,0.3425558451120189,419.37664337158196
WC,5730,495.23245673,0.2794858064860274,325.16233682071464
WC,5744,530.046308787,0.2630126461000473,243.02072454714312
WC,5725,513.765440519,0.31316493429695835,410.71671477673107
WC,5727,525.059721449,0.31311942233208906,485.2499495861577
WC,5726,498.937444304,0.3051176911067781,414.39166923971743
WC,5732,526.034265907,0.27861642176108453,151.9522669773476
WC,5729,501.294423823,0.3016856703028646,445.0969143736596
WC,5743,506.477723255,0.3148747549271073,159.30202343510643
WC,5681,535.729453732,0.25340107983980487,213.6285275926777
WC,5719,518.787423567,0.26440974714593124,211.26338940788722
WC,5596,511.353467702,0.24692451925731676,180.55530739578546
WC,5590,537.113459417,0.26518349572034394,358.4826458800073
WC,5591,548.859166395,0.27472293422919764,408.0830281575521
WC,5597,561.704796567,0.24265937858917674,160.08576292150158
WC,5598,546.565563911,0.28152633520030784,263.22306389902155
WC,5594,555.456815665,0.30288431878527144,303.37380852792774
WC,5720,549.759437214,0.2854533177364916,207.06432043337352
WC,5680,674.688946994,0.2281356570430291,143.29353203866995
WC,5599,523.90431544,0.20415698283044623,366.6240536858054
WC,5603,523.373721094,0.25197574119396815,292.6158393411075
WC,5593,543.508493343,0.2954971414953923,345.3626872642367
WC,5595,556.772364233,0.32396547064144243,286.840961561016
WC,5601,520.252056719,0.22359792934272193,186.59211964326747
WC,5717,518.669547461,0.2967480021687697,284.7473572375727
WC,5721,583.526962598,0.3111337166529871,132.79411698883655
WC,5735,531.25330471,0.32384937211691617,65.34754782284008
WC,5602,519.177154852,0.2350693209924632,188.95388390036192
WC,5625,590.016405165,0.23769906934356405,172.42223732144225
WC,5624,528.799504412,0.25801912580613445,220.18586662142883
WC,5600,496.520488174,0.20583558863392187,339.0681517657112
WC,5631,513.053646385,0.2671400771081985,349.57215172262755
WC,5606,528.77424372,0.30662074934524547,181.86834653966565
WC,5626,518.704979521,0.30187981875409003,165.0745713776233
WC,5622,572.037399611,0.28506539751769955,305.21553425508387
WC,5632,514.666073128,0.2845819201418963,347.2105469647576
WC,5643,529.67772537,0.38147945085793367,85.03262867647058
WC,5619,506.803660427,0.2721584371607872,283.1707062665154
WC,5608,529.635942685,0.28241656421398637,321.4838196399164
WC,5630,517.341734586,0.26737267026184913,292.62188960056676
WC,5628,518.948009609,0.2505110063640553,324.638981030034
WC,5623,577.1183745,0.2971279625945561,348.780841513241
WC,5620,534.415825982,0.28897655651187815,309.93931184656475
WC,5618,553.806514468,0.24748182785463047,391.29511808507584
WC,5617,539.207010178,0.2245380667763688,306.2645444982192
WC,5592,520.922794584,0.26932519716875897,284.7398702584061
WC,5621,538.220869341,0.270491572082161,264.53749470430256
WC,5614,589.540193648,0.23203642308878267,376.33256132836436
WC,5613,549.720936978,0.29351263733934224,236.45476313572306
WC,5568,504.658538083,0.2921820627813486,101.82311242795458
WC,5588,548.217926561,0.32497185795956296,259.2830369537952
WC,5455,616.380357505,0.31790108981261167,155.61378700405942
WC,5877,512.164671244,0.3379558909112862,432.7653933057598
WC,5581,545.148699402,0.3041725797362106,338.53532370773013
WC,5456,566.38958893,0.3292049633132087,61.40578900505515
WC,5587,533.052848125,0.3258579668899377,283.42642481186806
WC,5607,530.747562156,0.2639292581568528,291.56618113798254
WC,5604,516.457382383,0.26062918103687654,327.2578925039254
WC,5578,595.754694539,0.2580892280233603,143.81143706078623
WC,5584,569.645163551,0.33702483943285816,319.64135410084447
WC,5605,518.411283982,0.2737292248123097,333.81888957304113
WC,5583,522.001600676,0.27364169055733617,358.7441539689607
WC,5612,569.810647637,0.3374295421590695,45.40143115473729
WC,5609,528.464113831,0.3068250900334014,235.14261555391198
WC,5561,554.015940659,0.2777157372129815,293.9214694752412
WC,5464,511.508562865,0.5323820114135742,25.717089245366118
WC,5574,553.091950542,0.2834057538058814,266.6286171109068
WC,5579,572.158893137,0.2802138412114673,323.8382183598537
WC,5610,537.081607364,0.30058743126669435,280.0191275802313
WC,5582,526.677147472,0.2568076076813123,363.46703886144303
WC,5611,539.746656807,0.32476265581479624,135.67950816434973
WC,5572,563.225437233,0.26449866478691747,417.78878658519073
WC,5518,627.69518613,0.27537398518872086,287.6175151151769
WC,5567,559.172117327,0.31237579262957116,250.09639739990234
WC,5580,489.937790597,0.2970588313681739,411.49103626924403
WC,5577,503.457921413,0.2876864332513711,127.2785192751417
WC,5560,621.958219796,0.24040558811997545,348.7682919670554
WC,5573,559.336203067,0.281057232269993,303.10688063677617
WC,5575,522.793181079,0.2832763314812998,82.92778242522594
WC,5585,539.673349954,0.365553055006342,163.7574037439683
WC,5562,556.533129126,0.2913392839206529,227.78929817349302
WC,5576,698.238562709,0.2840466797351837,13.121482998717065
WC,5461,579.753432286,0.3591242781724811,127.01080220540364
WC,5462,552.700079727,0.4182178158251965,80.03783715939988
WC,5458,550.063244915,0.32586704110551723,125.69847513834637
WC,5460,576.239078307,0.3511637951694014,141.18127626905255
WC,5723,542.278152704,0.3199635838047288,411.2406867232977
WC,5586,526.264533111,0.3443440632764684,56.42277332380707
WC,5463,561.94855082,0.42895564001842135,179.7570717007506
WC,5459,580.536786635,0.37797811627388,12.858522632075292
WC,5457,549.307659512,0.3132892798247009,60.88103362438726
WC,5452,636.532768134,0.31320132859169486,115.72567264332491
WC,5454,609.122961537,0.303999695644482,290.75861011579923
WC,5439,561.11270598,0.39400564210320066,277.1084923239315
WC,5449,636.762015747,0.31342778663393317,320.6715321559532
WC,5722,556.987083729,0.27066534314107193,232.7827092189415
WC,5451,896.269002961,0.2802714800425604,133.8320474063649
WC,5466,580.354635106,0.38758539792198365,365.81238469142534
WC,5447,551.80948082,0.33878812716666484,264.7759958005419
WC,5450,756.629809057,0.2680490603366853,394.4103979671703
WC,5468,589.610756987,0.30358722882277994,348.4925143971163
WC,5453,575.392773655,0.31892396793664285,201.01135382558786
WC,5448,635.502207551,0.3344286270342864,202.05942729875153
WC,3280,530.135673996,0.4693844141726642,203.44133537142883
WC,5885,513.402267513,0.27947603648075947,371.6155093024758
WC,5446,578.251860112,0.32935159049655033,207.5692643408682
WC,5413,685.096112179,0.3279973461347468,4.460981750488282
WC,5350,536.659514237,0.346348292092658,88.95280070585362
WC,5441,512.608836075,0.3862669271910751,195.49783094817516
WC,5636,515.692174434,0.2641210098222055,323.06800034466903
WC,5647,535.080859731,0.32967026220302514,222.2934829711914
WC,5616,611.034576454,0.23201736489058417,358.2259835635915
WC,5571,551.710911837,0.2536980772397192,313.8665143480488
WC,5564,510.769500661,0.342455897527405,103.65987994624118
WC,5550,501.23769796,0.30023449209947434,264.531640625
WC,5565,516.270773685,0.15846615538001063,209.94557249779797
WC,5566,522.830209354,0.2847810225642246,235.4005159864239
WC,5563,498.496711846,0.3444140920873548,80.04115579642502
WC,5615,538.635658265,0.2718761110300484,294.97812464096967
WC,5549,629.377194428,0.23652660238151335,206.27213098862592
WC,5569,517.878899853,0.2798177191948557,150.11010233561197
WC,5546,559.294761801,0.2956932058205476,9.709981551824832
WC,5553,529.764461146,0.27251208011961536,294.1850384581323
WC,5552,565.247339108,0.2922679724682579,408.60558884564574
WC,5547,545.331068043,0.28327229619026184,5.248638676662071
WC,5543,563.036207727,0.30116666860696745,107.59690393186082
WC,5548,561.173609665,,0.0
WC,5551,572.190887667,0.3049681756056115,366.61716787300867
WC,5545,524.121511976,0.29809725284576416,33.59128753063725
WC,5637,520.347705958,0.2726086992459993,251.94616986443017
WC,5650,556.612087236,0.33861670528058485,110.49120303883272
WC,5542,536.343821128,0.25194872374723687,211.78260381362017
WC,5544,564.015267572,0.29404993933074325,51.43658677643421
WC,5540,530.53735871,0.287894735688513,86.60229453292547
WC,5541,549.214524727,0.24324182196268965,264.5314602122587
WC,5536,550.627003074,0.3037012278436477,275.0266983331419
WC,5507,490.942946226,0.22738238290438187,289.7157654107786
WC,5570,536.496896494,0.2546594718546042,319.90257266175513
WC,5524,561.923000955,0.2918568230097928,358.9987680771772
WC,5558,557.157551026,0.2853309526540976,211.7810853247549
WC,5556,520.467226187,0.3092829647774254,192.09889526367186
WC,5522,531.385799761,0.30493724041027764,264.0006496055454
WC,5555,532.605291615,0.3025880400675869,192.3615499459061
WC,5527,544.483621344,0.2976053113020744,266.88754185695274
WC,5506,529.378835279,0.27785810092127466,239.59218797870713
WC,5517,523.966016858,0.24690511817660651,232.77026322308706
WC,5559,583.002579383,0.23090156940874912,167.16755697212966
WC,5519,615.822411383,0.2903853074186108,399.4115802540499
WC,5465,537.872858953,0.47949283839486445,154.56483806535311
WC,5521,552.230630676,0.28744553970453335,392.3268978642483
WC,5557,646.347806644,0.31118190453629446,90.0133908739277
WC,5520,586.388553361,0.279255878888868,429.06640448476753
WC,5526,548.927071044,0.28228208116551706,203.11763380462048
WC,5512,557.783729734,0.26635564295317343,265.57279211306104
WC,5525,576.639493654,0.2936021273172545,369.4960347194298
WC,5530,554.626606949,0.33677764732327,199.70747453278187
WC,5490,536.926877691,0.27936260822905673,387.5916130514706
WC,5467,589.85794021,0.3119345965911921,427.2187017403396
WC,5472,554.388901766,0.2835565553587409,193.92747009875728
WC,5516,677.762050994,0.3199999928474426,24.667836806353403
WC,5515,517.595018105,0.31817141373784713,155.61717942181755
WC,5514,543.046436013,0.2665488438280386,224.6340862797756
WC,5471,561.103890055,0.2849030286255591,257.95782401888977
WC,5474,532.223803154,0.2665537281260814,425.1186279596067
WC,5513,553.461704,0.2738940457512637,270.558879627901
WC,5476,505.97448075,0.27639026258190097,416.4579927930645
WC,5475,541.362983548,0.27101962629003806,362.13757300283396
WC,5523,545.791616527,0.29512962260593983,314.91118385464546
WC,5511,567.419511185,0.24527662878078738,266.6219824996649
WC,5470,548.482767675,0.28865246416783535,418.2956872379078
WC,5469,542.397178448,0.2902670387121348,341.1442251467237
WC,5480,562.827573852,0.2754081365500771,270.8142504523782
WC,5484,537.380111638,0.2823936272167501,275.27423909505205
WC,5415,625.273481948,0.3145318553833452,358.4524557674632
WC,5477,545.420256577,0.27775491811286135,399.3999642465629
WC,5436,546.849146651,0.44054133966963555,196.28538830327054
WC,5440,564.541179596,0.3675834181041041,273.4346785302256
WC,5478,542.218228386,0.2911771201392504,319.6245987536861
WC,5433,547.958562104,0.3654714030124647,337.7260169534122
WC,5414,511.588316995,0.2716960559288661,223.57365175134998
WC,5435,537.638620027,0.4248830660857182,195.23574936810658
WC,5438,553.717698654,0.4041667480311023,273.69712530397896
WC,5473,538.264744979,0.2732659285158137,394.4156930063285
WC,5481,524.115715047,0.31538630147449304,240.1114174337948
WC,5479,549.24515451,0.2865479578103484,304.40396671669157
WC,5432,556.350725348,0.32097801216717425,456.59899250105315
WC,5434,536.937074523,0.4147024686847414,209.40610884124158
WC,5431,548.865526513,0.3094219945983129,402.54226059259156
WC,5430,551.654118638,0.2952983189728101,466.83372204350485
WC,5417,551.663505086,0.3200154868146341,318.56752920711745
WC,5419,564.467166206,0.296169019883064,321.7176050522748
WC,5424,487.934807582,0.21591504276834111,317.25898108388867
WC,5423,535.23310258,0.2208659893880456,139.34198515648936
WC,5426,565.718756519,0.24126933445574003,382.60012775495943
WC,5482,545.653938849,0.2237669498590399,127.00909848680685
WC,5422,514.35884941,0.19830551613642516,234.86075295840993
WC,5483,450.987260748,0.29906630614735435,158.4994051166609
WC,5421,545.930227212,0.2830020791857782,215.70369714475146
WC,5425,515.963582538,0.23860063263743436,333.528512842515
WC,5486,529.257877568,0.2855401430243805,277.6367613549326
WC,5485,549.519275425,0.2949241500328552,405.17090522915714
WC,5418,540.484474972,0.31758878634685406,332.4759147195255
WC,5420,535.614689644,0.2222972313441585,321.9808747534658
WC,5488,542.861732529,0.2719547781396867,353.7385896869734
WC,5416,552.081264201,0.3435966727140007,320.40388659308934
WC,5428,496.339102657,0.30200666889570643,350.0588665532131
WC,5427,543.312231053,0.3056750213347224,411.46474887623503
WC,5429,512.732203081,0.29220688578453496,332.2147171618891
WC,5535,539.461012118,0.30782622756859873,280.5372472725663
WC,5537,519.251376437,0.25751479701356444,241.69854682473576
WC,5533,554.799266673,0.3035351255853029,342.9943619372798
WC,5532,560.827427395,0.313222578649164,312.02731604482614
WC,5539,546.344349567,0.24515582506610856,218.60518326104858
WC,5503,531.166729783,0.3636965079045077,114.41595590628829
WC,5529,539.704108156,0.3438541095597404,91.84954804065181
WC,5531,548.682169504,0.35557572415298233,149.32150534835517
WC,5554,528.302647171,0.21467554755108328,122.03004096536075
WC,5528,550.665322808,0.3293503010590401,221.75086230109721
WC,5534,530.349295226,0.2897542792535017,264.52856768439796
WC,5502,565.20054123,0.3639596998691559,17.319850068933825
WC,5501,552.602291976,0.33813070668459716,80.56347545548982
WC,5498,531.260697472,0.3159746530934842,215.71010149787452
WC,5505,540.716338234,0.34948922003860833,170.04959932215073
WC,5500,559.497744434,0.33113346735636395,78.7264565860524
WC,5504,543.176939157,0.37017716765403746,52.484394148284316
WC,5497,565.038152336,0.3044312134944777,223.5823728673598
WC,5496,551.857732847,0.32241995930671685,183.6941812552658
WC,5508,525.978496929,0.25441606065012384,347.7108494777305
WC,5494,554.603908758,0.3114452403654223,301.78249015060123
WC,5493,550.327107677,0.32175325054456205,231.97863245945354
WC,5510,545.710456221,0.25251017837989626,268.9839610679477
WC,5491,542.792216716,0.2915069161202102,428.26687478458183
WC,5509,531.881214909,0.2575235096903458,294.9637200748219
WC,5401,505.616660597,0.18760295649734107,143.01548611510034
WC,5398,529.553834597,0.26710211409597984,218.58948848948762
WC,5487,522.427971155,0.2654418188409553,267.4027409871419
WC,5492,529.278786856,0.29222509405612945,328.023235724954
WC,5495,518.778692866,0.3549718215413715,120.7131519691617
WC,5489,542.963825525,0.2860561549105068,308.078508085363
WC,5404,530.589568905,0.2748312047184116,259.7887477799958
WC,5399,536.29804332,0.22899338975548741,74.52530005959903
WC,5407,560.985942897,0.3163979441034324,366.06402767405797
WC,5402,534.272019203,0.29604290014406515,221.47635243733725
WC,5405,553.319379658,0.27804888800988076,315.6821474860696
WC,5403,543.106888922,0.21746904688670224,314.1091361849916
WC,5406,540.883939958,0.299111705292252,414.61120425953584
WC,5499,593.691821474,0.3124806582927704,33.06505521886489
WC,5380,539.447914717,0.2770775290028367,371.30365561690985
WC,5379,538.174255688,0.2961864228629824,206.77516099518417
WC,5442,500.033974902,0.39955711364746094,24.404402968462776
WC,5408,489.84082572,0.28887307227280185,226.19821822222542
WC,5386,549.389451591,0.40612280243493515,143.53716059666053
WC,5411,574.014634603,0.31303132279124674,261.886241867963
WC,5400,547.988715232,0.40007114850472075,140.39038244509229
WC,5409,479.442971996,0.377185195684433,28.340403119255516
WC,5397,571.796633488,0.2897406225147926,331.9509398516487
WC,5396,564.672535429,0.2841850004758046,247.1916089226218
WC,5390,552.280884273,0.3254698532273431,223.31049149457144
WC,5387,557.701866757,0.38563120521292715,175.2887949625651
WC,5395,559.584058282,0.318376287110825,304.13424242805036
WC,5384,544.257829558,0.31811532042710916,279.7260534548292
WC,5289,559.818507806,0.4044659888877301,141.1717690561332
WC,5392,517.786230365,0.29916089885382485,372.88507798138784
WC,5389,532.805949234,0.24446346070369085,196.8071738747989
WC,5388,537.725717197,0.36137782581474476,150.8850704417509
WC,5394,566.760906892,0.33512107875550007,336.14738275864545
WC,5393,520.117749073,0.28604754408535626,311.2189221849629
WC,5385,541.329003796,0.3249795862867788,213.8621420766793
WC,5381,550.002417165,0.29535245798119664,402.00575950472967
WC,5382,539.858841901,0.31137259910213916,332.4688012216605
WC,5412,468.81221132,0.31508162740158707,134.09194623161764
WC,5410,511.33573797,0.35605350739500496,46.70917932846967
WC,5353,565.298602311,0.25903146488954554,117.2922696281882
WC,5437,551.265586566,0.4223916286058974,219.37767684038948
WC,5377,507.129867016,0.2809902966627615,155.08092498779297
WC,5374,579.981119399,0.2704787680350847,331.1531988405714
WC,5378,524.112630499,0.24290729979866216,217.00826323266122
WC,5364,551.458889238,0.40164543002518405,168.20026053634348
WC,5371,540.972269486,0.3048253479194007,315.93515538234334
WC,5369,533.357789595,0.3817148983678561,78.19619376986634
WC,5383,540.233649018,0.30449515151160594,291.0090454400754
WC,5367,535.436634161,0.4451254638956814,86.06828966327743
WC,5370,543.764050612,0.31443676788892067,293.89289033179193
WC,5391,517.317685107,0.21059667259620599,282.87873577043126
WC,5368,549.804338376,0.40173413485495585,151.1442978802849
WC,5366,560.973082259,0.4252362119082875,169.77485357546337
WC,5309,523.390236007,0.29358936322443374,163.47687455719594
WC,5363,541.072872081,0.3188395619176436,181.05794839298022
WC,5314,536.475859723,0.32064010433065215,258.2023724724265
WC,5302,461.653119365,0.4405154287815094,12.07053809072457
WC,5312,546.046963734,0.3055514496491077,190.76598432952284
WC,5297,585.914909671,0.38193380314679376,220.4183259851792
WC,5311,504.875187725,0.3183695208803516,28.07699734556909
WC,5293,583.471240892,0.383951610106704,458.4157695396273
WC,5365,548.917389225,0.4395818007381066,24.141076181449144
WC,5295,556.549073593,0.4173426718371255,183.68162835813035
WC,5301,520.212766487,0.3673917377296225,150.61933883966185
WC,5299,500.595639163,0.42617183643699497,39.09803921568627
WC,5300,544.473899231,0.3811010166977292,154.0305092007506
WC,5298,579.794777386,0.3897630537316303,156.39207563213273
WC,5303,589.453103327,0.416729794380832,183.41957137163948
WC,5296,559.25793683,0.42658099504231295,168.20007473814724
WC,5291,515.296583876,0.325566378939483,472.32372017654717
WC,5292,520.097920743,0.34041840407338325,418.26877276850684
WC,5538,528.232989147,0.23458718138497053,268.9919316310509
WC,5361,572.501403847,0.3258762139469978,290.2166224460976
WC,5349,556.615209222,0.31697192688664605,220.1517079970416
WC,5352,575.726312962,0.3094296346213163,173.70777273739085
WC,5375,524.386652459,0.321628200262785,20.992348764456956
WC,5373,596.875303244,0.2835360353728576,366.57731149710867
WC,5354,572.326935161,0.2763724625110626,219.8905261769014
WC,5372,570.137396833,0.30027797299261677,328.5297948799881
WC,5376,555.855388467,0.20382132405234923,8.134486329321767
WC,5351,539.922851216,0.33503788992829986,173.9699145148782
WC,5355,591.094721532,0.33288325187785034,385.46524379954616
WC,5322,556.954849666,0.29441275028429753,297.5586222031537
WC,5323,557.265648771,0.29085103739267104,251.1138551899031
WC,5338,542.017886712,0.2853724255236154,305.42728235581336
WC,3508,540.479904302,0.40098681014635684,378.100665731991
WC,5348,582.932037347,0.3257937911515454,276.0420949898514
WC,5356,578.266203035,0.3386819444241979,363.6865614049575
WC,5343,551.885583936,0.29435021772081404,404.35249768425433
WC,5342,540.982559283,0.3018467699457305,424.55653536927474
WC,5357,529.66725731,0.2859201638043678,249.8049321791705
WC,5344,562.81143299,0.2870736487369289,343.2151853673598
WC,5358,547.273124136,0.3744192198602431,143.00844035429114
WC,5339,548.502354131,0.3031130688197922,335.34074518540325
WC,5340,546.342996368,0.31088155051531824,363.15526227764053
WC,5341,544.149580467,0.3026052176860663,426.39325340121405
WC,5346,598.611312053,0.31631920332751007,254.00035394406785
WC,5345,597.995617035,0.30711905102939646,280.24002981746895
WC,5336,532.250150987,0.30403135845306345,301.49092227711395
WC,5337,537.040050509,0.28961338276682996,350.8212626139323
WC,5313,525.84328804,0.3538547895429893,154.02950505275354
WC,5305,561.105432041,0.30856627180891216,278.147429821538
WC,5360,574.217050941,0.24417880514120482,174.23460238587623
WC,5318,540.154415253,0.25160328136534543,336.13329701143147
WC,5359,564.412559528,0.36626269616880214,174.7592395258885
WC,5321,551.050536041,0.2912655137540077,321.699762950224
WC,5333,570.319996621,0.3114303684602188,374.4361197677313
WC,5256,563.148244729,0.28977441089227796,193.11979606478826
WC,5262,533.07385557,0.27715481345912935,214.6373145907533
WC,5257,539.82493326,0.2716396098935997,358.16380579331343
WC,5334,555.030739533,0.2928975654839509,325.63049977620443
WC,5325,590.701498827,0.3037177903044235,275.77817918366077
WC,5320,570.581812417,0.26052070400173083,418.0004792157341
WC,5264,532.519832324,0.2836413524536035,299.65400698792695
WC,5324,590.423383981,0.2757430556994765,175.8055907903933
WC,5263,575.50560268,0.3322466017035142,320.64514372582533
WC,5330,583.183018343,0.33848069809276654,350.03392184388406
WC,5310,533.242359474,0.31664522136289047,206.24813304227942
WC,5362,547.414541764,0.24361877555570463,300.7132837632123
WC,5286,538.009893464,0.37125586028452273,56.67851643281824
WC,5287,508.196646292,0.39509938256892474,94.7265905941234
WC,5283,486.831101281,0.4138954253630205,72.16005661908318
WC,5281,597.323215258,0.3531352953460174,248.4924164715935
WC,5288,561.897783487,0.38542294342365063,176.07082429773666
WC,5290,547.592256667,0.31471538900377904,295.9890611536362
WC,5280,611.923031984,0.3601208652159379,260.3001117481905
WC,5282,570.210781904,0.3642941035026878,231.96146321016195
WC,5276,543.561532637,0.3125415839195105,425.3478275074678
WC,5270,558.497441294,0.28555378551994054,422.4580777635761
WC,5307,551.772144733,0.29386581987199656,273.94873944450825
WC,5315,535.433828646,0.2661877924881295,367.09829640107995
WC,5316,534.274744144,0.2567039573488157,317.50404088637407
WC,5308,552.450574456,0.28244741041718324,226.45374447691677
WC,5294,549.812117541,0.3850273697603968,251.38118953330843
WC,5275,537.163115897,0.2750525152796459,359.22250093946275
WC,5277,595.317796515,0.3392472661326213,404.619117826574
WC,5278,514.891383459,0.35627226331905737,113.61866975672105
WC,5319,567.360603922,0.2480332546782295,378.90371856689455
WC,5317,533.641488964,0.27575802301777247,257.4139196059283
WC,5304,589.935452056,0.39561182682578633,242.72257127948833
WC,5267,599.79839413,0.25424822201473696,348.1987900378657
WC,5306,545.529193805,0.30762773993714104,228.29064133588003
WC,5266,590.386995665,0.22256022210524723,218.57520844702626
WC,5268,544.42954994,0.27142094203912887,329.30687055400773
WC,5269,525.560093991,0.2905944892617928,315.6628088857613
WC,5326,536.601918639,0.21078328166161134,236.94328379911533
WC,5238,594.572153775,0.40106117725372314,15.743501551011029
WC,5261,589.195945625,0.3016547402552405,342.68531784356804
WC,5329,582.549993349,0.30859481758921065,366.3021004770317
WC,5328,549.850153907,0.322690789547882,293.8820663152956
WC,5271,551.804606861,0.2858183168667762,249.01466363645068
WC,5265,602.150041861,0.2712871919471573,217.2626605763155
WC,5258,539.141869505,0.3132225484538784,327.7272629980947
WC,5260,561.75676472,0.3137530326530259,349.76950710521027
WC,5252,556.345474248,0.31383087220445777,219.35916502709483
WC,5255,566.775533917,0.28922741053814643,261.603639610141
WC,5332,566.805505314,0.30018038823861454,345.8347377403109
WC,5331,567.414585305,0.2999808378374458,341.37415657791433
WC,5259,545.194110908,0.32715867144873795,379.9439285876704
WC,5224,540.350267392,0.25822123228350924,325.6224376005285
WC,5179,589.094986829,0.29982625893450904,100.49163929060393
WC,5253,566.705987533,0.28624899613127613,330.0875347661037
WC,5327,508.700479179,0.2889535635522327,208.60408827837776
WC,5225,551.834915893,0.2735466214616376,363.40706993551817
WC,5251,555.931256222,0.301976104740968,262.916009611242
WC,5273,551.231572243,0.2916214680224257,195.7484815410539
WC,5272,558.811809724,0.26679528258913554,294.4093926822438
WC,5247,557.790868575,0.31676798183470967,209.91319469377106
WC,5249,538.160684384,0.3019907315586799,177.37683620078892
WC,5274,543.240286053,0.2752557711789361,271.05671730789487
WC,5242,542.702698531,0.2956389514598642,317.757962066052
WC,5235,583.339965099,0.31158987664559984,284.17059568517345
WC,5240,544.109996768,0.27008387446403503,13.119653439989277
WC,5279,527.604429882,0.4029359338304545,59.56456900203929
WC,5284,574.327853486,0.40279361605644226,6.822407262465533
WC,5241,511.847527559,0.2841756104844288,135.13241262996897
WC,5239,562.598405262,0.3738797249778217,39.62114557004442
WC,5237,564.184286214,0.2518080705549659,64.54865749583524
WC,5236,584.40950756,0.19580076475454086,247.69908866134344
WC,5234,552.697610514,0.2492930429412963,86.32695928835402
WC,5231,608.621702867,0.39924937830757845,127.25947585760377
WC,5244,545.712600447,0.323007378272894,258.1938300338446
WC,5227,577.028751137,0.28510351420259805,385.7114638384651
WC,5243,543.68328834,0.3390708923961225,327.2035864138136
WC,5246,527.150037026,0.3076734413779261,274.4607943964939
WC,5245,557.915462075,0.3302819681108295,263.7038273530848
WC,5213,547.403108949,0.31782238281500924,305.1556769875919
WC,5223,575.129522199,0.3042198432666654,307.51746135038485
WC,5250,539.896679581,0.2675748409636049,217.78463131773705
WC,5248,550.069013171,0.3232445553176761,202.56656030393114
WC,5178,648.127467484,0.3202501511544857,216.20118833055682
WC,5226,560.580480944,0.2954125604980606,349.23875669591564
WC,5221,1481.1206724,0.25336926798646936,1124.5810858633001
WC,5254,610.564530112,0.21194432607269717,233.78951299330765
WC,5219,1051.63062013,0.33374639188490274,710.2759858673694
WC,5180,579.200619921,0.2811813070753301,120.43263513901655
WC,5228,593.723747696,0.33606558905039463,364.19639458749805
WC,5230,611.289438041,0.39883950264396717,186.03470829982382
WC,5181,571.999635644,0.28421323542456023,270.2522557576497
WC,5229,612.725847904,0.3778135546229102,251.10706140854782
WC,5218,723.465165304,0.31544374885118526,434.51085785510503
WC,5215,579.031052527,0.289373528978063,377.8362350463867
WC,5209,546.020873416,0.32050859194305065,313.2901075475356
WC,5203,512.110353969,0.33025986046697997,362.8836099961224
WC,5207,567.486423366,0.3270548033615215,299.9084935805377
WC,5196,639.936037539,0.35762613991351977,95.7711711210363
WC,5232,576.156458722,0.39995210759999744,92.09919191248277
WC,5197,564.934870407,0.3974197712582601,93.14743894689224
WC,5202,498.448710409,0.2848782599437217,319.5898972455193
WC,5200,560.760973883,0.37300167104901644,44.34349849925321
WC,5285,489.28111066,0.40304638835776774,71.1104756972369
WC,5201,538.09478496,0.30623795897919737,244.5460817524031
WC,5199,513.482268986,0.3923419648233582,53.52700742833755
WC,5214,565.808511253,0.30330616496420515,353.9593297621783
WC,5210,558.278558703,0.3158689612608689,341.1026965870577
WC,5189,577.275408327,0.3373706530786919,267.1071013207529
WC,5143,532.456350119,0.3132484999203597,368.64718777525655
WC,5205,655.576484241,0.3172424829335837,464.95028273638565
WC,5233,581.841058964,0.4096528181433678,131.19562186446845
WC,5191,706.548299597,0.30337238042506354,255.56336499382468
WC,5190,705.725905982,0.34228354586269577,338.73895568847655
WC,5206,572.890964112,0.29735773715598524,285.7396741081687
WC,5188,568.497153801,0.256222093298027,288.0972088084502
WC,5208,548.612103504,0.3191737891086992,278.13029031192553
WC,5192,643.193085613,0.27193911870320636,314.07541871912343
WC,5029,493.066495952,0.15355464816093445,37.25974779316024
WC,5195,620.235608569,0.3562469172325951,113.35103508444394
WC,5141,525.854715788,0.35601386330821966,342.40981965906474
WC,5204,576.797080937,0.33971474566608345,361.8333518832338
WC,5135,541.341416282,0.3060613857121783,373.6354120291916
WC,5142,533.180805573,0.3172480737049024,432.40653064204196
WC,5139,536.867855682,0.3207488604786443,385.96626922009034
WC,5133,564.181915561,0.2825563530244251,356.31802445953974
WC,5140,541.980038281,0.35380475921831894,354.7420585482729
WC,5122,645.650150488,0.1840021806703487,186.29618889303768
WC,5137,538.919896171,0.3364091894983017,305.4149551690794
WC,5134,533.445870629,0.2821901475119624,376.25994175929645
WC,5136,531.386405696,0.30388223097968137,334.277729587929
WC,5124,542.734754768,0.3081998994587681,106.79147733800552
WC,5116,603.171229718,0.3633958564677709,186.29385061825025
WC,5115,655.581349982,0.33841880237949745,117.54857554716222
WC,5127,538.70129474,0.2949081436961735,302.79387916116156
WC,5118,664.952774523,0.3731085802136312,142.21349101347084
WC,5117,669.014860684,0.3512656160865921,130.66833280675553
WC,5113,579.045722803,0.3377088558046441,249.26528439989272
WC,5198,599.045928952,,0.0
WC,5123,536.572028912,0.25397578548914773,152.97210337320965
WC,5121,564.519361023,0.32485774600947354,28.33783006855086
WC,5119,712.534457022,0.38298535346984863,23.090031881893385
WC,5126,549.24773212,0.27697141106684287,374.95048819149235
WC,5120,642.156902448,0.3809959274566102,43.81858143525965
WC,5033,591.542891622,0.3007668211840201,90.5246644861558
WC,5128,548.718599478,0.3071804412988475,348.4485353357652
WC,5031,653.46485834,0.20546875697490835,161.10838476442822
WC,5125,538.123231048,0.29543889433058895,180.5220400641946
WC,5114,656.95156522,0.3272545571345597,102.06773448270911
WC,5110,573.135619975,0.29085543846714906,288.0978191001742
WC,5112,601.539842864,0.34186449213776476,45.13005335190717
WC,5111,506.343648831,0.24632339725666993,57.98701312495213
WC,5028,453.792061927,,0.0
WC,5030,558.102470259,0.15355464816093445,66.12293270335478
WC,5032,572.111649718,0.2849770091526897,184.9855104334214
WC,5107,531.9194428,0.2733252962227422,334.01370478611375
WC,5130,536.320230403,0.2853983380176403,354.22004328709016
WC,5129,526.563971777,0.3057760636620134,325.6201119815602
WC,5035,602.297474714,0.32548886764639484,334.02190351299214
WC,5109,575.07433053,0.30610123873336204,269.99272068996055
WC,5105,532.418542433,0.35155743134320244,335.32442474365234
WC,5036,622.052150234,0.32714390243261554,371.5435420915192
WC,5037,612.44611331,0.3323945669497122,356.0618784586589
WC,5106,527.012327556,0.3309155386986078,271.3036147472905
WC,5025,543.747500221,0.2619579588844828,107.84275674258961
WC,5027,445.900516586,,0.0
WC,5001,576.444747548,0.29072570008831433,375.22525368484804
WC,5005,477.499198064,0.2848222380930401,174.22923150156058
WC,5026,550.672099775,0.2541367856467643,53.79018432018804
WC,5024,452.092064955,0.2653118073940277,13.906735917633654
WC,5003,528.735462857,0.30503840934089566,249.5370434929343
WC,5034,613.721840785,0.30953180293722976,271.0488366818896
WC,5023,524.170665884,0.1679894531498084,97.08527030196845
WC,5018,546.843716626,0.4051159374546586,104.69375080781823
WC,4998,522.782605104,0.24443549857858352,356.8596817315793
WC,4992,586.171802802,0.44692027352130076,249.01426119336898
WC,5017,530.602526101,0.26066473361860387,368.66047967648973
WC,4999,587.249237722,0.28967994149764476,397.7926835602405
WC,4989,591.230401867,0.41547395496933687,137.233257039388
WC,5004,550.2478262,0.30125508949080887,245.3383042578604
WC,5002,552.155204833,0.2679812152291739,296.24380005481197
WC,4997,545.220088003,0.2931454168428638,292.3103532080557
WC,5007,421.937133832,0.28984976795723116,291.78125810810167
WC,5011,504.696373532,0.28900950570529865,280.7583875469133
WC,4988,605.17741894,0.36426490374275894,192.07407211602901
WC,5020,561.950082079,0.31279364754171934,133.81943063174975
WC,5015,598.151072564,0.3908890346299317,323.5268807803883
WC,5047,524.506548704,0.31710088351270643,191.01700735653148
WC,5051,534.528523666,0.29793985116070715,304.36583694757195
WC,5058,602.104147978,0.3490086875641884,383.60236777511295
WC,5021,648.039430661,0.3412366724866529,297.28812306722006
WC,5022,755.705439738,0.29275191199786826,427.434433073156
WC,5016,542.95086252,0.366580217400405,346.88054474475337
WC,5044,500.381284718,0.2831890269996149,265.5361161175896
WC,5019,609.482445146,0.39350421358773746,170.02885185690488
WC,5041,535.613167779,0.3649721778821876,364.19514432420925
WC,5043,512.751113977,0.33123328624172504,299.64689941406255
WC,5050,539.724936829,0.30197676374053317,311.71308135986334
WC,5014,700.322606685,0.36325204387414367,364.72110912846586
WC,5042,541.152176734,0.3622817573087958,423.4942138971067
WC,5045,494.471260114,0.28444587361573914,249.00519319422108
WC,5046,452.580790114,0.2801141538470983,209.90923399083752
WC,5013,775.919854784,0.2970096123907405,535.7991521199544
WC,5039,616.19522151,0.3396560475476436,396.994174822639
WC,5040,551.726887334,0.3380681211080289,352.3877468333525
WC,4973,560.931239568,0.26389214071317973,334.2856775321212
WC,5055,546.857643853,0.3018734149437855,337.424259260589
WC,5049,552.033939698,0.30342852134623366,261.86042704862706
WC,5053,554.541826414,0.28527771122057743,421.38808898925777
WC,5052,533.543888982,0.28725642213352237,375.99624690635534
WC,5038,612.033805976,0.32886743148575065,384.13726642085055
WC,5056,633.504366138,0.3341106125779857,394.09851822198607
WC,5054,571.742164208,0.289108139702252,385.7033498427448
WC,5062,524.348299815,0.3469981367293841,163.7255361220416
WC,4996,561.948616202,0.31615225282390563,296.5089512245328
WC,4994,493.870453205,0.25309123982345805,281.02822421204814
WC,4991,544.572521988,0.447900559462554,36.99792354808134
WC,4995,519.983383059,0.28327373891083035,309.36695209577977
WC,4993,471.644962707,0.17591419194391866,131.46166097603594
WC,4990,581.934309082,0.32507531017660013,144.58086203780832
WC,4985,545.610584777,0.2908382666200988,225.92282424627564
WC,5000,597.706614698,0.3239221081746855,404.3518290201822
WC,5008,451.578097012,0.26800409253996216,183.1500166649912
WC,5006,626.999915614,0.275302639982057,330.61474929510376
WC,4987,582.68628756,0.3094922127301019,247.17731658337166
WC,4975,550.794306513,0.3140900042600123,324.8410544601142
WC,4974,539.072207014,0.28173270232430586,362.3623722151214
WC,4978,527.920774525,0.3281141711764123,318.54503260593793
WC,4984,442.665694862,0.2507232539446394,215.68955338421986
WC,4986,575.337620344,0.3484806813800536,249.8007044474284
WC,4983,475.905162827,0.2692719981088378,278.4014250213025
WC,4981,510.652521084,0.28330418184736605,266.85500308766086
WC,4976,543.841724543,0.28132639496372297,341.1101897295784
WC,4979,527.946198895,0.3643149216151989,325.10593584846043
WC,5009,499.878514689,0.2666029866426755,256.6192808263442
WC,4977,488.202723952,0.3132829038993172,211.22570112639787
WC,4980,550.277896092,0.30152320489532297,399.10135390337774
WC,4965,559.051904372,0.30596763776432134,437.6687875186696
WC,5010,532.021005044,0.27958604831144634,329.30120700013407
WC,4972,537.314162441,0.3096103099978747,326.1523877611348
WC,5012,531.894276286,0.28916690305278103,194.1687282487458
WC,4982,519.826760698,0.2749076297735436,358.9560697667739
WC,4964,513.641962463,0.29060566486194245,321.16788222369024
WC,4962,531.854882906,0.2543049567207998,295.71552492029525
WC,4952,540.461328977,0.3267801689112155,396.7322098675897
WC,4947,541.779013079,0.33667884923114966,465.99887013154876
WC,4946,524.957895387,0.30298478818302305,362.3553957770852
WC,5048,471.93641251,0.2910870319285227,166.35234680175782
WC,4948,518.374220563,0.33293118893587836,457.8656952801873
WC,4966,559.110453865,0.33874113369003966,392.79934494916125
WC,4968,557.516541289,0.30365500640680443,381.25383447385303
WC,4967,566.760004635,0.3115143446602683,362.0993217019474
WC,4950,559.674277815,0.369302505970162,389.1218686571308
WC,4969,560.008885345,0.3356636682522425,342.68241678873693
WC,4970,560.351171574,0.32819882666205497,349.5045532226563
WC,4971,568.735168366,0.2960323109377107,328.2503270766314
WC,5651,548.538453299,0.23732963081487674,305.4914768892176
WC,4960,519.675467254,0.2224443312115359,347.40729133755553
WC,4957,495.89067008,0.19303849672630713,302.7995877135034
WC,4959,508.003578649,0.22071280942184512,310.9346210255343
WC,4933,515.360821119,0.2955757899257447,441.6005839628332
WC,4963,536.160372524,0.25958053805262865,416.15332979688463
WC,4961,561.055542379,0.3173822772077563,272.1000119676777
WC,4931,521.143767493,0.2843245256330964,362.6224358652152
WC,4932,538.20201904,0.2985856370021232,331.92244484097347
WC,4954,474.346911255,0.3004012686865671,275.50918309828813
WC,4956,498.893383457,0.24347152213255566,271.574338127585
WC,4929,499.560598788,0.27887817098827433,339.79414430506085
WC,4928,494.975631034,0.2870909168610666,376.7904984717275
WC,4914,521.303680176,0.312298375602538,453.6611212936102
WC,4912,567.02118841,0.3155072329330909,484.6206340415805
WC,4645,602.951997702,0.1991459237487983,147.1848575367647
WC,4949,519.811416491,0.3310832601373256,443.6975539263557
WC,4940,574.652018375,0.311408107154712,445.5316728479721
WC,4917,528.457198272,0.31013462155154253,346.34759285122743
WC,4955,437.176871148,0.2407371399883905,267.1131044574812
WC,4945,586.184738748,0.28212454130097786,303.84231531479776
WC,4935,555.080807074,0.31726755762117764,356.58534716437845
WC,4924,504.203227042,0.31948750186578684,367.8670918184169
WC,4921,508.285734962,0.3010372826843947,339.52764291202317
WC,4923,554.062201367,0.33797396052851125,391.21885968376614
WC,4951,535.688218144,0.3523915450702342,338.4813363168754
WC,4930,550.556363279,0.2992219312213085,354.22536540311927
WC,4934,521.667891075,0.2903995810058427,457.3433834898705
WC,4953,647.053310547,0.37900785816089844,451.57251655728214
WC,4936,538.120861881,0.30051255185765574,329.2962933708639
WC,4926,422.700792731,0.25079606815845973,347.1400062411439
WC,4937,540.620055782,0.32562998563390855,368.3914487950942
WC,4925,479.820657408,0.30123383226232237,408.2755021039177
WC,4920,515.753545478,0.2832473788609487,274.9802727194393
WC,4927,501.224060079,0.29106950057213177,350.55123314950976
WC,4938,488.070816416,0.2959179883021374,310.4031197940603
WC,4922,542.014739797,0.33131077401054054,375.9996118882123
WC,4939,493.759935713,0.29276360677035207,355.27075581270105
WC,4919,495.837803172,0.28605504862766346,296.49549461813535
WC,4918,449.125079971,0.27223097381692274,273.93019534840306
WC,4942,515.001326489,0.3411182582494803,268.6829351986156
WC,4916,522.095578182,0.31481409008408656,424.53755391438807
WC,4892,576.054326867,0.33414831411174656,325.0961378209732
WC,4911,501.604116491,0.29913782246242643,395.148291643928
WC,4915,502.52715218,0.3285370598700931,421.12615123075597
WC,4913,489.029100711,0.3164748853256918,365.7622782389323
WC,4909,533.614281816,0.3547589665090819,228.7974636601467
WC,4910,516.346676717,0.3223885484881406,220.66368701411224
WC,4941,550.783164257,0.2847433979850412,370.75084022073185
WC,4709,618.812185254,0.1839405745267868,14.167980059455422
WC,4943,513.888173249,0.3526785294473948,261.5982499066521
WC,4903,527.041836149,0.34294897364567645,318.2698756199257
WC,4904,531.171173634,0.31583293923982836,401.70701524323107
WC,4850,514.445909824,0.29204729692851356,399.35850851021553
WC,4891,524.834479952,0.3100874194959058,344.5135000789866
WC,4890,527.707368751,0.31379257274051303,431.1018740485696
WC,4886,522.384382247,0.30900595687485743,325.8859359142827
WC,4902,524.556553268,0.3244135630329591,369.69687547870717
WC,4893,502.048075307,0.34163454655678044,292.8224345487707
WC,4882,507.327061039,0.35233812953057075,295.7109276266659
WC,4896,506.117556961,0.3317273781104114,292.8208157408471
WC,4885,522.499632003,0.3257417066040955,322.2124354044596
WC,4876,510.062678763,0.305798257689376,375.2133102416992
WC,4894,519.09438021,0.3111499286518142,335.59062266630286
WC,4900,519.528312338,0.3097731863910502,412.72822226730045
WC,4888,512.389108165,0.277425252233855,387.80948333740236
WC,4889,537.455782721,0.2967161849908032,474.1340945973117
WC,4884,527.788296884,0.3383618479337149,322.73705546061194
WC,4895,530.52684941,0.33409334824006676,294.65806902717145
WC,4887,500.970782051,0.2907274434199699,310.40518071791706
WC,4883,506.950915501,0.33039677473130974,315.12794051824835
WC,4880,506.684408627,0.3127344903663941,346.08951475854013
WC,4878,529.794033955,0.31487155962719143,300.4335196999943
WC,4881,509.427730741,0.36670273691789257,314.07774272245524
WC,4879,511.05766826,0.2824878574960186,395.4183223051183
WC,4897,438.495488586,0.26985953318242406,263.6957303215476
WC,4866,535.291398883,0.3302953098103538,465.99763013054337
WC,4870,507.105083776,0.2770664337872391,293.0868188297047
WC,4873,503.207049455,0.31130390367933514,388.0712152817669
WC,4867,512.347708611,0.3421266262347882,378.62383548512184
WC,4868,524.900776939,0.32548475155641826,391.48114094453695
WC,4871,459.354053627,0.2717586232355905,368.65518682143266
WC,4874,509.989720581,0.3133698047535255,318.01377859676586
WC,4869,499.669951789,0.2693576210981467,300.95844259823076
WC,4875,508.724704784,0.3073036349706543,398.56641280230355
WC,4872,497.494721398,0.3171707057515107,371.54079096177054
WC,4898,490.793531224,0.33960196706633744,248.21475773231657
WC,4899,485.770022247,0.2696213936421179,406.693421606924
WC,4877,527.085130089,0.3214946520832467,359.99488103529984
WC,4854,515.267226627,0.28215655695496467,461.0183163511987
WC,4856,558.594739553,0.3473173737751716,346.3528505512312
WC,4853,508.961067538,0.2912379760893039,425.07139742982156
WC,4855,536.601721106,0.32734780967546356,452.8835410323797
WC,4852,506.793308668,0.3065614789467042,516.6458582560222
WC,4710,688.80923005,0.21645284998570388,305.6622271070293
WC,4800,534.225649364,0.2804658039727405,433.1950182447247
WC,4801,533.582994697,0.2663629876942485,315.3854856004902
WC,4958,525.417852381,0.19184679033384983,279.70983683268224
WC,4851,498.547528574,0.29621523907713093,416.67579115325316
WC,4849,493.309069163,0.3128595377839923,329.0379684448242
WC,4844,505.877243643,0.3389480176943028,396.21151718438836
WC,4847,510.040188615,0.3293820698577238,326.676711138557
WC,4841,490.46288607,0.3025615198847505,380.2067527920592
WC,4845,502.226149047,0.3247260494864548,378.89384544222963
WC,4828,521.798504733,0.3563599242235568,238.51552124023436
WC,4832,499.030344134,0.29407082023945724,288.63377939860027
WC,5646,529.098092972,0.31727712982070355,216.7816993862975
WC,4833,518.874933612,0.3121089084062747,306.7385949826708
WC,4830,460.332089883,0.29154273359136706,354.49435323079433
WC,4825,575.385345901,0.38217693583674944,357.64040243111396
WC,4838,504.433566177,0.306233169230131,341.11067998549515
WC,4824,556.925748996,0.3691434620669548,308.31008028516584
WC,4834,517.838185846,0.3092558399371222,369.97532525156055
WC,4837,492.94679811,0.2927177813893931,271.5771427229339
WC,4823,549.875539447,0.36809344508044717,349.50494995117185
WC,4839,503.625998739,0.3043930973673535,430.061700110342
WC,4857,514.827128791,0.3101357292594775,333.75751710779525
WC,4848,497.030852746,0.3214781298896306,289.94169063194124
WC,4810,528.61879931,0.3465148309569825,351.33660466811233
WC,4804,508.933813457,0.3276359688031441,283.11365401324105
WC,4859,545.760922099,0.3095558270336348,353.43551851160385
WC,4858,504.092367517,0.28700856721297097,300.43370504940253
WC,4808,510.618803848,0.323144001226586,420.0814601225011
WC,4846,509.196518306,0.33500734377440405,387.2894474702723
WC,4843,502.95921023,0.3286198246379993,347.4066960353477
WC,4807,504.310877503,0.33030201318004176,382.8218040915097
WC,4840,506.966065674,0.3115771741946538,491.9858789182177
WC,4842,506.934368131,0.3306173126731306,333.50020060819736
WC,4806,512.353130932,0.3389413555808329,377.5735180125517
WC,4862,524.648261966,0.3101283013032748,396.98960077622354
WC,4861,528.469082739,0.2910994397318232,355.5329652674058
WC,4802,527.686709734,0.3057204412312996,353.69425910500917
WC,4905,513.683816385,0.30628933818567367,275.50078941794004
WC,4812,525.604814574,0.3596372859159798,271.30889784869026
WC,4860,528.814251637,0.31345835740415795,378.3616556504194
WC,4803,496.188262144,0.3404088295885885,389.9036915498622
WC,4805,506.078266425,0.3376887998883686,330.60592292336855
WC,4793,513.483607431,0.31835286119148976,402.4954898310642
WC,4811,498.11024769,0.3251190937478164,284.42777144488167
WC,4809,508.678339018,0.3250272954619208,451.30545806884766
WC,4791,503.422791353,0.3275666388499476,359.46521385043275
WC,4831,486.712632461,0.33772497303188437,269.21626434326174
WC,4827,432.066567014,0.37928322730720915,90.52548504997701
WC,4822,506.648889156,0.33087791737947897,323.7900973450903
WC,4835,517.275647041,0.3215990861473441,300.96548102883736
WC,4836,503.165783726,0.32264247300951804,386.5054495119581
WC,4821,523.686597248,0.3320538792127347,386.7632086660348
WC,4819,499.767705664,0.39670657441509116,239.8240520402497
WC,4829,466.220965151,0.2587657620651381,275.5136619418276
WC,4778,510.726638791,0.2839999772319116,317.7501527674058
WC,4820,442.670331486,0.25677090115389045,308.5703985775218
WC,4773,498.168644698,0.2261677128174668,318.8020877912933
WC,4772,529.477164888,0.24820250124301552,347.6642896166035
WC,4766,522.386544463,0.4001360121767531,194.42773365693935
WC,4818,410.68526167,0.25390246599065547,101.54439416025198
WC,4768,502.460514223,0.3241454719173301,242.18263074089498
WC,4774,485.279515287,0.21890939530344672,367.0814212275486
WC,4826,445.454814599,0.3162164313684811,288.63176380232267
WC,4777,502.274384049,0.2843213373437038,216.9940606509938
WC,4775,494.273480865,0.23825867352602273,193.11754850499773
WC,4770,468.662920443,0.2244481007632149,299.6465659646427
WC,4776,516.800512765,0.31409310763950515,265.273521602855
WC,4769,453.389470713,0.2800923868254492,164.77898999382467
WC,4771,553.762069479,0.2871029686339466,324.31107393152575
WC,4767,505.481845348,0.36062355773604426,241.39507248822383
WC,4817,467.02825489,0.3700225017036833,221.19374874339383
WC,4815,505.369095433,0.4647948065306991,167.92876643760533
WC,4813,526.626405651,0.4039103252101319,250.58058031867532
WC,4785,520.203667521,0.32489158889253805,411.1553868013269
WC,4814,536.338172369,0.43629036798371507,284.1666692097982
WC,4765,525.467636664,0.385436776797251,304.1042851167566
WC,4754,565.719789012,0.4207567059082495,418.76125963996435
WC,4789,498.317985412,0.30225060340914106,370.4846369425455
WC,4786,513.91583653,0.30017764213430975,343.7221165675743
WC,4752,503.919429573,0.3816857976773868,277.86157181683706
WC,4779,515.329000951,0.3201704645794094,402.5003727632411
WC,4816,522.999685366,0.4689816699320118,237.72433941411037
WC,4781,518.819358227,0.3393042480393932,362.879054888557
WC,4764,493.080968998,0.31566801617542894,322.7331807753619
WC,4763,519.462149676,0.3350875052371217,403.0222105736826
WC,4784,515.555474502,0.30901010298077314,408.00732356052777
WC,4780,542.709732483,0.3136153496339956,486.72584758085367
WC,4762,513.004538743,0.3350770756398415,421.9131990320542
WC,4760,520.665404341,0.38158323704739394,239.55576384301278
WC,4783,504.944824563,0.3100276068081519,342.14949436561733
WC,4753,507.438733855,0.3906716492074805,327.45188544778256
WC,4782,531.170761563,0.33371884964520737,325.0950243781595
WC,4758,518.377954145,0.4103186768132287,242.70373370600683
WC,3192,537.79050921,0.4730438755417391,432.2857188505285
WC,5216,588.468890419,0.2894987825241835,234.83539087632124
WC,5212,558.105015413,0.30004846459929874,299.6455795288086
WC,5211,552.455422738,0.3055522429622582,351.33577351289637
WC,5182,579.934797519,0.3382668871125946,360.2497696222044
WC,5220,993.64511411,0.33246053097453027,674.5925202014399
WC,5217,643.346498128,0.2931166646106047,374.1624991024242
WC,5175,611.423267997,0.3200811855857437,242.70101420084632
WC,5222,661.701907383,0.2752670874614784,294.1346808938419
WC,5185,616.676394887,0.31909312709929444,396.7220346787397
WC,5183,601.000355209,0.33503805116566643,449.7221981871362
WC,5184,607.130413562,0.323601279577071,369.43380482991535
WC,5172,641.259449677,0.2916019879702318,78.97612729540057
WC,5174,586.265949448,0.3012922273139761,259.7555366964901
WC,5159,1046.36045838,0.3267375027923454,685.3266710169174
WC,5173,602.811601528,0.2984816904995493,219.87380508722043
WC,5169,605.038210759,0.2584749802704355,402.7502406999177
WC,5168,583.800484909,0.2628765347850534,237.1898898255591
WC,5186,602.064833644,0.3186159363898242,374.6826167387121
WC,5170,572.510662294,0.2599993523940151,360.24583441042427
WC,5171,629.721287741,0.25731569460068626,251.09625073601217
WC,5187,580.007751259,0.28864351764469837,394.8864780500823
WC,5165,578.241283197,0.3172931829331837,234.30347538368375
WC,5167,569.300879877,0.29775410043119815,55.36178152046951
WC,5164,606.321111173,0.33246339613231285,195.20915419634647
WC,4629,506.030375145,0.28188992547292774,431.31467186422907
WC,5145,595.349532582,0.3129358861493586,470.44975669711243
WC,5147,519.090234149,0.2891901207084839,354.73940013810704
WC,5149,627.638895728,0.3141098743376197,348.17851727055574
WC,5152,490.373984601,0.28844550435359656,358.1482618444106
WC,5153,570.682633876,0.29641302234986255,446.04440995758654
WC,5093,576.00682332,0.3791968495887349,120.4312557444853
WC,5092,546.118547145,0.4389141548908394,206.22842075123506
WC,5151,553.568839742,0.30907577147391607,230.63197736553118
WC,5154,564.119848332,0.33648419446711025,117.54560154933554
WC,5157,546.871773233,0.3705470758491961,288.090463885139
WC,5090,602.56887281,0.26202487306935446,22.039531872319237
WC,5160,1457.08778852,0.32592313848547244,1141.0687565822232
WC,5193,583.588912288,0.2751346782639327,158.48099140840418
WC,5144,540.490082796,0.29534766983889693,390.161740770527
WC,5155,575.721827629,0.3854631879273252,221.70966847737628
WC,5146,595.170480828,0.3234202249895955,377.56667303945505
WC,5194,529.400380319,0.18121429365712965,117.02403815774356
WC,5095,590.012228711,0.26834152698347036,184.18955060173485
WC,5150,661.169152269,0.2801587909248704,221.97301842184626
WC,5148,632.25362148,0.31568154499831186,462.3144833733054
WC,5094,575.685110049,0.3213205021784311,123.57990426456227
WC,5131,547.615988745,0.2818223978198901,346.6103545544194
WC,5138,545.275896745,0.32629691447243536,311.44952745624613
WC,5132,546.422722382,0.2807305206763495,426.6371118283739
WC,5096,586.239515103,0.2996451505420582,311.1814401364794
WC,5089,524.207008672,0.5072041754942059,62.70795159433403
WC,5156,517.757920293,0.3227488073603353,212.00098125981353
WC,5091,533.127751029,0.4865474670319945,242.69854362338197
WC,5158,1046.79114277,0.3192910012521233,699.7569721895104
WC,4792,498.313058134,0.31325534313801495,405.6442365459368
WC,5098,558.230864447,0.3734664190535578,390.9453724281461
WC,5099,519.466900824,0.361541288163589,308.55833330341414
WC,5102,529.529488862,0.3519511594327156,337.9465266209022
WC,5083,576.682600471,0.34011690111979387,213.83759322820924
WC,5085,552.803222306,0.4355866430412094,167.1339137657016
WC,4641,539.260034965,0.2832856323014154,283.08681308521943
WC,5161,762.065969779,0.307612957939166,472.0150265562768
WC,5097,566.532536106,0.35733927520670633,372.3161259370691
WC,5082,589.456293723,0.32767738460453316,180.25329778334674
WC,5084,606.20585002,0.37508803303690913,398.2884125653435
WC,5086,494.508669727,0.4602088075599925,39.618829285864734
WC,5079,548.491246491,0.362814752040086,127.51555211684284
WC,5101,520.654280619,0.34153891082385873,395.4072725483016
WC,5076,633.514691463,0.2961884437703937,334.00636363309974
WC,5080,587.423864132,0.3445009648377168,295.96189647001376
WC,5068,562.07189693,0.2838290901638048,180.51679295558554
WC,5081,586.435052655,0.32914157975104547,203.3425278009153
WC,5100,469.268442964,0.3366097156269894,313.80631507424744
WC,5073,541.037066575,0.31283144160643367,347.1263947430779
WC,5075,587.619660011,0.2939975275760921,344.5020658306047
WC,5074,557.354603487,0.30917006638339967,278.38305705949375
WC,5103,510.831886211,0.3463054145069279,318.79320705638213
WC,5069,535.948271428,0.2811437531791884,350.0133881213618
WC,5072,534.79912596,0.3022642369593442,327.1858437631645
WC,5104,557.434421375,0.3491019226164312,341.6210134169635
WC,5077,557.123344507,0.27967347632594824,284.15405779071887
WC,5108,528.567118278,0.28110580224354803,320.6325851141238
WC,5071,542.237461729,0.3019573233875574,334.5326170079848
WC,4642,541.399444567,0.3089926548574755,172.10856000114887
WC,5063,560.675400808,0.3539712225432655,221.97380888695815
WC,5067,560.510400397,0.31692254395218367,168.97226747999005
WC,5065,549.888173651,0.32796683344752237,197.30951313691983
WC,4908,529.538350766,0.28324608998101886,270.25271307253365
WC,5070,522.693119046,0.2833647232050495,363.13224974987554
WC,4907,509.67554312,0.286151224558886,386.4877593096565
WC,5064,554.017064647,0.3321653520471827,270.77610772824755
WC,5060,514.532357551,0.3733785325196297,186.02827603209246
WC,5061,561.857323764,0.3427613590260131,241.9153008554496
WC,5059,585.027465712,0.36678789199981016,237.1930117139629
WC,4906,499.765642083,0.2809673542337579,310.92198181152344
WC,4901,511.194027136,0.27227476285458774,431.09401508406097
WC,4713,432.108624588,0.3314012525495419,285.72283064898323
WC,4711,638.510181122,0.258538601137548,326.6524707569796
WC,4864,531.46306544,0.2988323249265316,348.1861270680146
WC,4712,598.751692257,0.3106727619183659,499.81836553835404
WC,4714,367.169389497,0.3538532913782541,193.3679195628447
WC,4715,310.659715471,0.35855738609009363,138.00743940764787
WC,4716,301.81063161,0.3288761911665061,96.29017681047027
WC,4646,544.617256456,0.362481440938831,54.83361681769876
WC,4944,580.460723724,0.30744491920277883,232.9979006598978
WC,4703,409.9636117,0.26861384953585793,228.78609478520417
WC,4705,372.92888217,0.2507172018751618,169.228110369514
WC,4707,543.274137659,0.23589961163459283,244.00325146843406
WC,4643,541.6020067,0.3328686725285093,216.71020418054917
WC,4788,503.169817767,0.3052070597929457,384.91594884535846
WC,4787,508.086061695,0.3159765563715864,361.301643371582
WC,4723,522.211779577,0.2903385820421013,388.3134904749254
WC,4721,547.213450439,0.30137662469379367,325.3427496517406
WC,4722,541.250240212,0.2903312507816981,381.4912853465361
WC,4727,525.472741945,0.2982094735006096,395.1359128166647
WC,4720,529.101771453,0.3252933564888912,336.8864291920381
WC,4798,519.69671457,0.30231890750962725,260.8084130380668
WC,4733,520.272022428,0.31542536096886775,418.4908537621591
WC,4738,507.906323203,0.3122179651855447,320.62612998812807
WC,4726,532.46142145,0.3214138523085725,400.6458091287052
WC,4865,533.959536984,0.29445061985760523,363.9292390711167
WC,4799,585.076840719,0.24069442442440797,301.4775866340188
WC,4731,524.810165461,0.3126000042434211,378.6083099664426
WC,4736,513.813276908,0.3142519522211693,376.51217950559135
WC,4735,516.078898224,0.29830848355995154,336.8929849063649
WC,4863,527.023095807,0.31405497107066616,279.17824222340306
WC,4795,539.287349519,0.32850897500840875,364.7118482402726
WC,4734,525.709857705,0.32907004238912524,414.0309568517348
WC,4737,508.112406751,0.3174293607647655,403.7999341179343
WC,4794,523.979413345,0.31147328731320884,315.121130251417
WC,4797,532.304845451,0.25305587500333787,299.1154053631951
WC,4742,504.061511658,0.32079882441700125,350.01406983020263
WC,4732,518.709317501,0.31456305822721115,349.4851429359585
WC,4796,537.607628492,0.2804644801584518,369.696538438984
WC,4741,507.920666193,0.30591046667841476,379.13739387661803
WC,4790,503.258324747,0.3115889297875552,366.81148259779985
WC,4743,516.082806326,0.3034175020275694,406.950740440219
WC,4747,509.280300408,0.3417547553572364,266.57816778444777
WC,4702,478.233641035,0.270824695956123,364.16919756122667
WC,4708,611.926715084,0.25849586269921726,18.890598341997933
WC,4717,476.144313935,0.32746197867005583,209.6345649868834
WC,4706,462.252333962,0.2608968082062171,286.7695697260838
WC,4701,496.638814267,0.2773430032591578,320.61559696571504
WC,4719,508.997972364,0.34027907549912795,370.46942276300166
WC,4718,520.228403966,0.33289742091245816,373.87954789703974
WC,4700,489.750588696,0.29440186290919956,370.46533708759375
WC,4696,508.896904399,0.2827766939025218,398.0128328510359
WC,4740,505.240244397,0.29874831326243045,311.18082843855314
WC,4724,528.337821262,0.3078562075199787,411.6651700188132
WC,4698,509.365213262,0.28634193701462934,338.19336149926283
WC,4728,515.455670446,0.2790316719055912,340.0373738008387
WC,4729,532.465430538,0.31161995758839706,425.310051502901
WC,4691,509.360381602,0.302848568373713,380.43242908552577
WC,4725,524.766199822,0.31690840170905227,423.20992305980013
WC,4730,491.003410911,0.292600741490851,332.42930980009186
WC,4739,524.895200875,0.30744624016161015,318.00252945843863
WC,4687,499.382097169,0.2815702393240701,390.6636694814645
WC,4746,516.589367233,0.3392885424385772,403.278283811083
WC,4680,520.018216329,0.27581865782184267,293.8492138432522
WC,4704,321.581812951,0.2305318350512064,176.5747428146063
WC,4699,535.765806469,0.2891105904334842,381.48365720861096
WC,4647,611.630223277,0.35446852445602417,15.216988058651195
WC,4648,460.104590088,0.315967411653552,142.46268328498394
WC,4697,512.881946436,0.2809318782752042,405.09694201899504
WC,4695,510.838886846,0.2874891576396317,374.6616557102577
WC,4694,516.716205817,0.2780463091305212,396.96239133348644
WC,4689,512.029542083,0.2837153378024751,435.0041257970473
WC,4688,510.653593824,0.2940226771045833,414.80152776381556
WC,4650,513.287146284,0.33182052567198467,194.14790837904988
WC,4693,510.942940132,0.2730730761557732,366.2653800515568
WC,4692,507.213773891,0.2885791828805531,388.3039697086111
WC,4690,508.103899641,0.2869924359256401,369.41313506481697
WC,4686,507.295807199,0.2793870254779238,348.68473483814915
WC,4655,503.991018253,0.28620973534532557,352.3521917006549
WC,4660,502.031173,0.30391397730517145,406.13601864085473
WC,4685,491.848622924,0.29071817230164143,326.90828797583487
WC,4684,520.353866949,0.2889273981563747,377.80649252498847
WC,4682,548.23943189,0.2729249609353607,383.05276953005324
WC,4668,519.198608424,0.26827705637529975,335.298069673426
WC,4666,468.468539543,0.2875565306157679,194.14711940989775
WC,4658,508.626046903,0.28063771987027125,332.93711942784927
WC,4683,532.330090544,0.28443786142648464,301.45767508114085
WC,4644,516.535580611,0.3617515171501624,138.26445545869714
WC,4670,529.560432577,0.27667349064211605,406.3992282643038
WC,4620,492.736449056,0.26274903387705845,348.6718443328259
WC,4640,537.705697944,0.2974212244307279,253.43986780503218
WC,5078,559.071500078,0.2408977597951889,36.207935467888326
WC,5066,515.367553022,0.30722778558483244,126.20440506280636
WC,4653,500.903707404,0.30705331186552276,369.40582499784585
WC,4651,481.718549242,0.2548132493847284,303.55375372194777
WC,4639,535.849121035,0.315846285323705,258.6867477716184
WC,4652,501.596870927,0.30927833854063846,373.6037835513844
WC,4662,569.008651741,0.28616439908201047,360.74574593936694
WC,4638,519.026273289,0.30414933013801854,328.7364486395144
WC,4654,492.954789462,0.2831662742543843,381.9994731229894
WC,4634,515.123722563,0.30803985417455054,248.7158125933479
WC,4636,501.947369682,0.3216221626672445,300.6635374779795
WC,4661,546.276221718,0.2952164844974228,362.0584582160501
WC,4656,497.085010489,0.27630182356174876,367.0446404849781
WC,4635,489.877619886,0.31799584035419753,253.7010820874981
WC,4632,506.135895123,0.2810050576159289,438.92438483144724
WC,4657,506.189507555,0.2846173156969861,393.28051982206466
WC,4659,510.636983474,0.2906731381407137,374.65236394545616
WC,4633,509.014907587,0.27738138853610683,350.2479476928711
WC,5087,507.351443614,0.5095201162191538,34.10892785764208
WC,4663,513.027490618,0.2835338588281824,335.0344942878274
WC,4649,507.423393131,0.306596076338546,250.29371194278497
WC,4022,492.755521389,0.30572462124893307,327.33244377585015
WC,5088,530.186432551,0.508971002968875,57.722810034658394
WC,4631,500.180619623,0.2847135881724559,441.5475687363568
WC,4614,517.199027687,0.3170608956845004,320.85983216528797
WC,4611,546.892142864,0.3185706390159113,375.16587126488787
WC,4630,512.591122379,0.29109048268419374,407.9655511893478
WC,4619,497.860668497,0.2665789499232029,332.4054256663603
WC,4665,507.363242215,0.2659503496280685,383.3084525613224
WC,4624,528.049234758,0.33483424922491084,307.7440701054592
WC,4617,516.767959009,0.30109188254045244,339.7505239748487
WC,4664,561.488811701,0.23613720999255203,305.6490090463676
WC,4616,518.475514483,0.33214655251228503,391.9588025560565
WC,5057,451.713475771,0.2999934768720085,252.6735696231618
WC,4744,508.284391638,0.30475071555913535,389.8960376215916
WC,4745,512.221468536,0.347325452101668,450.5070180556354
WC,4749,537.049850364,0.38628365643034684,427.94276667576213
WC,4667,512.043524849,0.28054211448660354,399.5762023925781
WC,4756,521.202409971,0.45928922194354943,278.1248973771638
WC,4748,483.124762839,0.3893418967973239,125.41787860346776
WC,4751,520.223639814,0.3917622506479021,336.3722930609011
WC,4677,522.609970134,0.22799050924824735,374.6571027867934
WC,4676,513.243381036,0.22463266213924302,357.86481786989697
WC,4679,523.234847058,0.2533657781048384,328.74388281130325
WC,4681,521.795827051,0.2772929612298807,393.5480198579675
WC,4669,513.221096591,0.2653830021251867,318.7698292451746
WC,4671,559.416806664,0.295864732871645,447.85306935029877
WC,4572,492.913461785,0.24922845290382567,384.35601028741576
WC,4672,545.434310208,0.2745013917174637,410.3354079601811
WC,4675,516.46464891,0.2371478185091227,349.2058090808345
WC,4571,489.687468729,0.25872468665242193,393.53866792566635
WC,4678,538.763542748,0.2358750448038804,325.8576363058652
WC,4755,501.777208945,0.39933928570933835,234.8315803677428
WC,4570,482.69992493,0.2546730925226892,404.2958772846297
WC,4568,474.794656769,0.3639078948181123,100.7454943488626
WC,4566,511.166785776,0.39304316002747114,190.20915341844744
WC,4574,510.333895302,0.32577293610520114,356.0199277690813
WC,4573,510.383161074,0.28501320525912177,383.8307471481024
WC,4514,519.744414596,0.32301374912261954,321.38725564994064
WC,4621,511.537916333,0.2994834804599901,336.8656890569948
WC,4622,516.781752345,0.29997669577636255,415.0476132561178
WC,4618,486.626086387,0.28025043871005373,393.5341685575597
WC,4673,517.057892223,0.24908838644333856,269.708737152698
WC,4623,530.089509309,0.33976899120380016,320.3372591504864
WC,4615,522.87834969,0.32453456953091103,407.1750731823491
WC,4575,524.652331425,0.29400707854874886,372.02327435063387
WC,4567,533.708625614,0.40475984003641097,186.5362273272346
WC,4564,477.050320494,0.47393507701082804,144.55867150998583
WC,4613,529.4991305,0.3213812174735131,404.02587196499695
WC,4579,464.871550671,0.3022602673850294,411.6367368810317
WC,4569,516.39155061,0.3009481001791992,399.83446140663295
WC,4561,524.756210599,0.416711604812822,222.7401039572323
WC,4559,510.599800957,0.43636480402994837,258.6820519540824
WC,4563,529.67810369,0.47154098239775905,236.38327920951093
WC,4581,490.916917302,0.3289603266235281,257.632783089432
WC,4565,442.019105921,0.4667720447394474,63.49046678730086
WC,4516,504.412561569,0.31340737016006864,344.7359804938822
WC,4560,497.23381402,0.44075309005650615,216.44327236998316
WC,4562,499.965778371,0.44713628448938064,124.61916097005208
WC,4527,538.143369714,0.3646898204452829,308.78721855013976
WC,4377,518.905265104,0.2952291153166953,315.6015931073357
WC,5163,582.296036605,0.33980055118100877,88.68370690439261
WC,4625,507.815081642,0.28283198013331723,240.05586335425284
WC,4612,525.954395631,0.32114118809420433,402.7137632183
WC,4607,532.541984966,0.30165034828037446,370.44416213690073
WC,4601,587.384150092,0.3226827174624992,352.0781272738588
WC,4539,517.702893618,0.27135641260204124,460.6832623650046
WC,4608,535.897357505,0.32369771664356667,338.961572415221
WC,4606,539.096529109,0.2582368857951628,453.3484470442229
WC,4604,524.870754504,0.270778240924029,330.8288231045592
WC,4583,513.667914255,0.3190862685058907,306.1674344231101
WC,4605,538.791665815,0.26442351353483723,377.00346557018804
WC,4603,504.739134425,0.24790009780573552,392.7447444242589
WC,4602,520.239413725,0.28348038400649356,376.21538355210254
WC,4598,527.42139604,0.29444409365094126,393.2675898533241
WC,4600,585.134155527,0.3049963237957618,468.56326422597857
WC,4577,505.594260665,0.3249690310514024,377.26881414675245
WC,4599,510.185263925,0.2794145891812599,415.0436415130017
WC,4593,503.097355373,0.26984797735849325,424.4859979367723
WC,4597,492.359064548,0.28150344516696596,380.4121339087393
WC,4578,515.455317275,0.33701712617285684,412.42399157355806
WC,4592,491.992077229,0.26444146137629615,373.32746878231274
WC,4596,500.013402032,0.27842298978128444,388.54481350767844
WC,4594,497.295346055,0.2858894246409117,379.88665992886405
WC,4580,520.709319431,0.3512757328119171,350.24449023078466
WC,4595,497.705350266,0.28268319517247864,309.83881312351605
WC,4543,510.857986196,0.29922728240489965,374.37166577507475
WC,4582,489.721723159,0.32896698546818715,275.21009024825753
WC,4591,502.538596869,0.2755157478898277,401.6613200168984
WC,4547,540.745275775,0.29696387654160433,392.47581203685087
WC,4674,538.450676246,0.24578672124057252,312.2118679570217
WC,4587,516.834608899,0.2965092149050834,340.53359219420184
WC,4550,543.815958932,0.32448015422568,316.39540518966373
WC,4588,524.106613318,0.25200701408509674,273.63281707763673
WC,4586,510.62184941,0.3179021818899014,296.98349271288106
WC,4552,547.190784344,0.33157683599535775,329.776747490378
WC,4521,504.84701581,0.32687133774848753,369.65658709956153
WC,4584,500.180980159,0.3075611003997809,305.3798598345589
WC,4554,524.790053579,0.3600885943315997,397.46484105727245
WC,4555,499.870102782,0.31619322961535445,374.6403115665212
WC,4548,541.710893268,0.2966990122161961,379.3588142843808
WC,4549,553.654088527,0.31195114221955295,369.6521012250115
WC,4551,586.673113474,0.30985899701930175,380.6721716787301
WC,4553,530.649616887,0.33177230754856535,412.6806570015701
WC,4585,499.129269331,0.3249380582466267,283.603980958228
WC,4589,492.173902548,0.25909448000532187,295.6702197504979
WC,4576,523.7909372,0.31261470992314183,338.96543339748007
WC,4546,543.394334483,0.3127322315980518,413.2010188383215
WC,4544,515.148979298,0.3029634346433171,376.7336061365464
WC,4545,539.011586959,0.3036598496708924,370.4375289916992
WC,4523,501.507342171,0.32844464082507724,363.0965286554075
WC,4520,508.984846982,0.3344689295785656,362.3112850712795
WC,4518,501.253746328,0.3501927955506959,368.60908885282635
WC,4590,508.022611789,0.2872823366774848,263.6637887692919
WC,4541,504.658795973,0.3001892014593334,435.7608695535099
WC,4540,509.4728053,0.2947681347986585,398.7695088106043
WC,4542,483.543538646,0.3084456130094136,381.7179372450885
WC,4525,518.663482387,0.3443795165130803,414.25394011852785
WC,4522,515.746713842,0.32898785172801304,358.1123275756836
WC,4609,524.131949477,0.26991534780619125,351.2911868226294
WC,4524,490.668760416,0.3266881890094615,429.73357149011946
WC,4218,523.652469445,0.29312594659494934,326.844367053462
WC,4505,517.439294301,0.3914748005124332,180.2417243508731
WC,4496,524.606698879,0.30784251215761216,325.85341105741617
WC,4494,496.69858609,0.27465224558271123,390.65629936667045
WC,4498,506.98039907,0.44649559953837714,81.06967522116268
WC,4508,503.03939017,0.3274707280642996,489.03793314017497
WC,4486,526.852089449,0.40523573029276805,345.2631258197859
WC,4511,523.132681107,0.3802964038708631,160.56309204101566
WC,4512,538.267056973,0.38123433641765425,150.8555529725318
WC,4517,502.17218846,0.32971292662534213,398.51831491507727
WC,4510,515.840723436,0.36933449787931055,338.7048451741536
WC,4484,504.399499076,0.39922913237505975,369.1364809821634
WC,4502,498.874393495,0.46357952698139143,92.87593033734491
WC,4757,515.850365558,0.4557110766076153,211.21769056133198
WC,4503,514.791227901,0.3494649277158615,168.43611055261948
WC,4501,467.730327923,0.4859726130962372,13.642793543198529
WC,4499,478.775933979,0.458560585975647,9.18264950022978
WC,4759,518.548778918,0.45204630995277867,234.0454147937251
WC,4761,513.605246555,0.325131913384271,422.1748263789158
WC,4504,520.139830772,0.4690183008167586,194.40947813146255
WC,4500,487.201136419,0.4687671918184199,24.661972943474268
WC,4497,507.967732211,0.33926956210430564,242.42225243063535
WC,4507,488.371002263,0.31774408478038046,415.3155971751494
WC,4495,501.898063801,0.27846791673062454,386.72127353443824
WC,4493,470.485041008,0.2830893680218431,299.6164685417624
WC,4506,499.778548982,0.34378836600279267,277.0524224674
WC,4489,521.452716159,0.3656249277949332,327.94924819048714
WC,4492,491.026485268,0.3845786526363495,269.1819592644187
WC,4483,574.458750871,0.3282371925334703,395.3710836672316
WC,4461,504.865749746,0.3425570245167352,370.4404816272212
WC,4519,498.252293089,0.356430232313772,314.8257383458755
WC,4558,494.837210326,0.43535022919365207,227.19910320207183
WC,4556,491.518770963,0.3500442820386654,183.38511648739086
WC,4557,502.322880161,0.43902817093831603,227.72342289943322
WC,4515,506.445126047,0.32074359760624105,388.5501203050801
WC,4526,516.163792872,0.3449245988734149,332.13721047195736
WC,4528,462.793303449,0.2596157926084108,250.80763385249116
WC,4456,536.198264147,0.282657166809908,293.8314119226792
WC,4454,543.968177602,0.29432169934641883,394.83580869786886
WC,4451,513.204291699,0.2774141842490238,374.3712730856502
WC,4450,525.360619081,0.2769849143940909,420.8071079029757
WC,4531,498.864118533,0.33417570692252035,416.8734248441809
WC,4458,531.366823218,0.2514388830140904,291.2092621747185
WC,4457,585.503760238,0.2375076931033333,277.5662017822265
WC,4529,483.217459345,0.2931082570214377,332.6604642980239
WC,4532,528.452740954,0.3645155303102518,452.81469672707954
WC,4530,525.795618154,0.33263324301297165,460.4243383968577
WC,4459,529.507546553,0.2724569143710122,338.95788690903606
WC,4533,519.805444349,0.3388859452590203,436.5483363432043
WC,4432,440.520564189,0.30557208127060603,315.8688669541303
WC,4487,458.232081032,0.42911831397434763,76.08393979540058
WC,4488,547.405723297,0.4185697370680611,377.53444360471235
WC,4491,504.120101374,0.3515439188615842,288.59629013959096
WC,4485,510.854109406,0.40280806304643285,367.03824648389633
WC,4460,502.428702945,0.3078154458036763,448.88401564055795
WC,4477,525.12688332,0.2502916521066195,343.4243449192421
WC,4513,514.308491935,0.3424661779089978,119.63487270579618
WC,4509,493.139985192,0.33278171337577955,475.65653725418395
WC,4490,464.587408468,0.29253696889684316,320.8660287296071
WC,4476,508.860489897,0.24893206892265457,315.3518449371936
WC,4474,504.714483597,0.24021372360359766,407.17537090825095
WC,4472,522.416082426,0.2839141302606177,294.8859643973556
WC,4421,495.09443979,0.3674535272393641,333.18950279086243
WC,4475,509.474331922,0.278874230653316,291.2145630182004
WC,4473,512.276019914,0.2818781478718279,307.47962670419736
WC,4479,552.301999016,0.30123051545832863,370.18472445618875
WC,4478,551.026264542,0.276581906917499,370.184872526281
WC,4480,540.552388365,0.2814534468783273,306.95599628523286
WC,4455,550.22102849,0.27656649386138343,319.27900498334094
WC,4482,544.918472289,0.31188302440162313,270.48914373061234
WC,4462,511.361142803,0.3530494530026505,322.6931514964384
WC,4464,520.0184058,0.34416057030850483,318.7579774145986
WC,4534,498.574612537,0.3030807045588931,329.2468324549058
WC,4453,524.688798648,0.28464962349320017,407.6908179788028
WC,4463,511.706089307,0.3638483379217569,350.2407076368145
WC,4481,564.743738962,0.3136106534032805,284.39367080389286
WC,4445,525.403312714,0.30267819585330663,375.68395215202776
WC,4466,521.98184431,0.37871328078545846,308.7888589597216
WC,4465,517.526963716,0.34170270596455404,289.6368386362113
WC,4437,543.272100382,0.3465043577298748,398.5075697954963
WC,4380,536.026891438,0.33268962731816254,409.78523278329885
WC,4535,519.981802652,0.3145424391827579,328.7219600602692
WC,4452,522.795569308,0.2930344392433071,338.95498773911424
WC,4378,520.03244354,0.28929339102128665,268.9044394399606
WC,4292,620.20873099,0.2881336431841989,469.0477101344688
WC,4471,519.425022871,0.32161931428581086,274.4220044902726
WC,4467,515.921176157,0.3319881881515568,218.27684897628487
WC,4439,534.764768665,0.2839058692266767,384.8663359698128
WC,4444,515.108629824,0.2683844129216083,367.0270844403436
WC,4442,502.816475481,0.2506273632781964,302.7517943438361
WC,4468,530.037164299,0.37423285903284514,305.90329721488206
WC,4469,516.333048929,0.3192808283264177,299.08232161578013
WC,4443,513.396330742,0.26775345804419404,407.16642788157736
WC,4441,499.306435492,0.2552786552851353,314.55768055635343
WC,4420,600.177628867,0.3654778924093668,391.9575077730067
WC,4470,506.28712469,0.30166234577319107,283.86616100236483
WC,4446,533.251800869,0.3160435146652964,304.58686819637524
WC,4438,527.291608103,0.30987919568239414,302.2260372386259
WC,4440,524.78382854,0.28079557190394017,330.2979557710535
WC,4383,544.986892684,0.25735725612419397,362.30210508458754
WC,4382,597.021772096,0.24980246778699663,360.2022681441961
WC,4381,520.667134132,0.3205276314093142,334.2297756718654
WC,4417,2001.99098936,0.3022939905604344,1757.2681384217506
WC,4418,997.332953982,0.2722882070451509,789.9540999169445
WC,4419,651.742865638,0.2772694433051394,440.49439978506047
WC,4415,2112.7211321,0.32553859158605336,1049.4325629140817
WC,4416,1015.2430536,0.339041814396653,829.0492621328316
WC,4422,496.067090037,0.33807861053291155,354.7026316624062
WC,4413,492.519431763,0.40084832996603037,165.28360697428386
WC,4414,469.00859993,0.3908880181298964,137.99872358733532
WC,4409,513.990569524,0.39363125879403105,342.6337261723537
WC,4423,503.641474359,0.3662732643691613,411.1079389085957
WC,4424,504.012629897,0.3671493066583713,354.438843162387
WC,4407,503.587004275,0.36008578524336654,375.9518719542261
WC,4406,516.729217505,0.39233459908593815,385.395920308431
WC,4405,526.367195507,0.3788801937404264,394.839812484442
WC,4411,513.869150636,0.39245845807793095,133.53832879159964
WC,4412,501.679275819,0.4227297883205131,124.09370778401691
WC,4410,506.50303357,0.37620096761537225,239.2668835808249
WC,4425,505.934771849,0.348707274363396,369.91706399356616
WC,4408,492.953358324,0.26612936463404857,345.7820076736749
WC,4403,530.745362128,0.34138956086819827,342.89279617608764
WC,4426,520.618676389,0.320165044033248,347.09183663760916
WC,4429,530.81466386,0.2910018717497587,367.29088502771714
WC,4430,533.163434053,0.29362329906337187,363.0928417430205
WC,4431,462.809675088,0.29601755895833864,228.24441662956684
WC,4404,511.112580362,0.34884098241633965,394.0520947624655
WC,4427,517.199056353,0.30153349881156005,309.3125881718654
WC,4428,527.778946285,0.31018431287447945,382.5080165489048
WC,4402,531.933747649,0.34099223063542294,419.4992080987668
WC,4391,512.810093351,0.32059990131870547,402.44264050652
WC,4389,513.081382475,0.31965224591104313,310.09606107823987
WC,4401,521.059568022,0.36085333561111826,382.2454308304132
WC,4434,524.527097307,0.29969365533271214,293.0435484044692
WC,4433,467.231055048,0.30392024789537697,321.3779759126551
WC,4384,441.309797996,0.29231906338063984,237.94993034811583
WC,4387,484.875827182,0.31897092538367544,395.0974133659811
WC,4388,505.017536083,0.3336875331702284,385.12811387005974
WC,4627,513.089004886,0.3433785346634498,206.7374238257315
WC,4537,515.203306599,0.2969020628610497,417.1325869092754
WC,4385,414.83334078,0.29779843401272815,304.84937851849725
WC,4386,499.764804885,0.29404612638332217,354.17137908935547
WC,4379,523.657035729,0.32409872133482953,394.5689164404775
WC,4219,511.923757458,0.3243552889556639,264.413809742647
WC,4390,521.130492245,0.315765796174107,407.6893432617187
WC,4374,512.942550069,0.34190523118438465,309.0438747929591
WC,4372,519.14825232,0.3095447300244566,463.3035871617934
WC,4536,523.557543251,0.3259030623535467,342.626478845933
WC,4376,532.735834069,0.2816543964435565,428.93471347584443
WC,4393,471.286580283,0.3602432884290051,276.5160159840303
WC,4400,486.693772501,0.38544053259230215,385.39397642846205
WC,4398,477.496078943,0.28214181435862407,298.5547383925493
WC,4369,485.464908632,0.3394749260767667,404.80130055745445
WC,4399,480.082629526,0.35155915211044825,410.0544288186466
WC,4371,513.72048585,0.31710004247404416,457.27007156072875
WC,4316,524.893453815,0.2941655250348423,273.35829551547187
WC,4392,507.928537553,0.32150944318065705,365.18965669519764
WC,4394,381.029466283,0.3333184760972042,210.92859748391544
WC,4395,346.901527,0.39534884691238403,9.969269875919117
WC,4365,522.22234902,0.40342410930251593,106.77526460535385
WC,4368,412.881531988,0.30377759465482085,335.8046504600376
WC,4366,448.404205353,0.36178294720755977,94.18268369786881
WC,4396,455.563920189,0.33588768811452957,27.546704011804916
WC,4397,503.611346519,0.26712577295850737,102.84119576846851
WC,4363,517.806724237,0.39461226181992043,154.5225185020297
WC,4367,391.727443522,0.30529636497400237,192.82544032078164
WC,4364,511.996605862,0.39614813230975504,134.05943711224725
WC,4362,512.965695049,0.39271173681494453,120.15503671683518
WC,4361,514.251176083,0.4047197698354721,131.17361845128676
WC,4358,515.434572499,0.33949296192082384,224.83192422904222
WC,4370,489.240653698,0.3360867950328783,366.2360546934838
WC,4347,525.408883907,0.29775904143728854,268.908717435949
WC,4348,503.138701742,0.32247650147234125,417.1365194881664
WC,4344,530.052171624,0.3555088925176481,219.58663742963006
WC,4345,504.315221597,0.4412855731277931,53.78159197639017
WC,4340,540.720224649,0.3253340885140697,320.59022683536307
WC,4341,488.81574334,0.2621764418950608,180.49636679256665
WC,4342,482.720604767,0.35490074675334127,39.877092069738055
WC,4339,503.868746842,0.25868184950561207,313.50641362807335
WC,4346,518.283635679,0.4482945636018044,113.59715647977941
WC,4343,511.020340944,0.35328498738775305,143.50516357421873
WC,4338,530.73600788,0.2935327856664164,329.24667448156026
WC,4349,514.845905359,0.3769007042500308,443.1080614875344
WC,4334,547.249267917,0.36139474499781254,247.65523541020414
WC,4350,512.557767397,0.3363680518523494,448.8793262257296
WC,4333,520.337568771,0.3625000884906944,250.01603827383005
WC,4335,534.417057679,0.38183640043726086,265.49521310843676
WC,4351,522.834014759,0.31145922498836415,431.30115697524127
WC,4317,563.743572058,0.24387863876740812,373.04861180922563
WC,4318,501.601292962,0.35571335152744843,389.57620822682105
WC,4315,577.976579118,0.26078852407616193,324.51371863870065
WC,4373,515.502808469,0.328551423569857,386.9609179926854
WC,4360,518.779009412,0.4078666537818385,172.09977069929536
WC,4319,492.27060524,0.37402624380152594,373.0494402717141
WC,4375,537.386591132,0.2554268731796674,368.33271502326517
WC,4313,547.107997475,0.3464839680623636,301.952422766592
WC,4305,499.262208644,0.3064603513103796,503.94852923224965
WC,4356,505.049599545,0.30860421232277,434.9725593716491
WC,4322,508.182410866,0.33155143481258503,413.4508243635589
WC,4359,521.828194923,0.4153118420530249,106.25055254767922
WC,4355,507.163161692,0.3003640144871951,490.06598785998773
WC,4320,503.561134073,0.3761819089177318,431.0270436604817
WC,4321,496.582729825,0.3620785031901593,488.74222385182105
WC,4310,513.968971841,0.30950375709543093,399.01647697897516
WC,4294,543.54750756,0.3729315327286563,398.2204781027402
WC,4312,537.671517218,0.34928448167557513,390.0980269787358
WC,4354,525.345911355,0.3011009581138137,471.17697433770866
WC,4330,521.055565976,0.2970129069627426,414.24293335559315
WC,4357,516.607368973,0.32882014059215536,450.7129601572074
WC,4328,525.875085165,0.3268727732960783,532.8213229011087
WC,4325,500.341587845,0.3192199393408809,420.0109890507716
WC,4327,513.133873727,0.33000693299745804,458.5770801618988
WC,4331,529.804638578,0.31974986685848117,405.84818333644495
WC,4306,483.188118897,0.30157059002967274,472.9936603321749
WC,4309,510.642398748,0.29061535594711174,365.96128934972427
WC,4307,496.633932283,0.31115099738467134,428.6591538373161
WC,4311,526.84512784,0.31142170168179323,348.9101016773897
WC,4323,506.781901347,0.3506442273483975,422.89593996534165
WC,4324,513.849101829,0.32396087043303917,438.37436424704157
WC,4449,522.042064507,0.2714238445215343,404.5410894954906
WC,4352,509.189987148,0.34762632615153455,445.4677323285271
WC,4353,512.357393933,0.3298720620906863,508.69330112232876
WC,4329,515.11035321,0.3236826840567046,473.00734495275157
WC,4326,505.872845202,0.3177910895235297,434.44054505591305
WC,4302,479.135712718,0.266421496641623,241.6111434637331
WC,4304,506.018737352,0.3149320525793652,498.43866684857534
WC,4301,507.044321802,0.30801834039275783,376.18850722967414
WC,4300,457.637564647,0.3041605576291883,269.1555031570733
WC,4303,514.537291298,0.3042835977646887,410.81788533528646
WC,4337,519.291637277,0.35116806661381444,66.8986749088063
WC,4308,515.900404467,0.29187415202035977,369.8957052791819
WC,4314,525.007554538,0.2842194861583342,278.60400378657323
WC,4295,533.59071974,0.32835448950082224,454.88514924890853
WC,4283,498.174620404,0.3201618950363643,375.3965677597944
WC,4299,511.567468434,0.24003394769092884,229.01780009550208
WC,4332,534.019314019,0.28041004140803305,353.6415587182139
WC,4336,535.240475829,0.3800902740752443,123.30329401352827
WC,4279,499.829952393,0.2907691661632775,332.63735884124156
WC,4275,517.72199914,0.2197613313585363,299.58347547942515
WC,4290,540.907580694,0.2841150671648223,405.82566642013256
WC,4257,526.159777347,0.33407805356450465,302.7230703017291
WC,4296,530.295801337,0.3203047742591286,359.3962894514495
WC,4298,518.670175045,0.3965236415221755,235.05129774505016
WC,4293,510.626873002,0.33209712961426885,289.3519072887945
WC,4287,509.017703469,0.3032498631491032,411.597636682847
WC,4286,502.544148265,0.31512772194367517,388.7751356536267
WC,4261,485.729022877,0.3568483198328961,434.9376559388404
WC,4297,524.395864017,0.33325423943941995,287.25518484676587
WC,4262,499.220707266,0.32787779916305937,385.6206393971163
WC,4288,529.099021587,0.2841455319593119,360.9671899234547
WC,4291,553.113108077,0.2762598697841168,288.56358388264977
WC,4289,534.087473804,0.3057727895550502,432.3215796975528
WC,4259,484.897233496,0.3489957659659493,432.5755151187672
WC,4278,501.835311707,0.30993888770386935,305.3548044541303
WC,4267,494.797331849,0.3468391672476575,418.93876929189645
WC,4280,501.701662823,0.3088028461294591,437.8321223240273
WC,4276,468.388704104,0.2549164177752642,261.2832162296071
WC,4271,531.884905587,0.3678646361847565,475.8671992283241
WC,4268,495.368384931,0.35660412000741704,403.4621702007219
WC,4277,466.490441866,0.24351204309302069,251.8394919002757
WC,4285,507.743981992,0.3122752412150329,315.58481992833754
WC,4281,498.424219945,0.30608319358369274,496.0696458105948
WC,4269,505.033395795,0.3539378110629817,402.93824310302733
WC,4282,491.546772287,0.31432335845364323,479.80483835257735
WC,4284,508.184149313,0.313252631382437,396.120515501733
WC,4272,537.045595903,0.3662539967033858,400.5785574520336
WC,4222,538.658631326,0.3331548835813385,254.44712724872662
WC,4256,507.370903193,0.2996263960219469,264.6854362936581
WC,4258,509.984587916,0.33312522372927533,395.58692133286434
WC,4254,499.290369399,0.29279447976056927,300.0984203563017
WC,4265,514.702590038,0.32334586136679294,371.7185082229914
WC,4244,500.15422407,0.29000148344663224,401.3561953974705
WC,4264,503.442429706,0.28877192896146053,409.23025473800357
WC,4250,529.716861922,0.32372577598363894,430.21066819733267
WC,4263,506.858436668,0.3067337718465565,400.835880055147
WC,4260,485.998378493,0.3551239445548456,380.11082021675867
WC,4252,528.663993518,0.3078503881012853,422.60330756692326
WC,4266,497.773638217,0.32994312433146156,432.31686583874273
WC,4270,521.062783797,0.35121926010971194,415.7927222158395
WC,4273,540.01707878,0.33198349406450384,283.84189234714887
WC,4246,497.605441995,0.3116435245981495,405.29053775562954
WC,4243,523.47495349,0.26849644398785205,391.1253708783318
WC,4241,515.988994206,0.389314948690647,361.4813217163086
WC,4274,587.574684654,0.24746025030637955,150.05365352256624
WC,4242,542.080686436,0.3463171935557984,374.07333511651734
WC,4240,525.723235673,0.39686886461837145,406.8623749676873
WC,4239,546.067264061,0.3871554797279404,341.8056704951268
WC,4245,502.763258573,0.3148732917609984,396.63368153291583
WC,4237,527.493916185,0.3147148810139301,426.7966265210918
WC,4247,507.43161774,0.3507492804298034,341.0213433658376
WC,4253,522.867743356,0.30121620827138307,385.353431671741
WC,4251,544.617602908,0.2820721948610655,428.1115113202264
WC,4227,512.554991386,0.2891881776653278,411.84085744222006
WC,4228,498.112531808,0.330397838963845,502.6029043758616
WC,4249,514.822128646,0.33153732122867463,416.57000442205685
WC,4248,520.945910757,0.31580282504518303,419.4555240107518
WC,4229,530.41994507,0.3319575505922118,522.5394797530829
WC,4230,519.033291683,0.3080454238163408,507.58753647149774
WC,4255,531.644778825,0.25704212295984047,249.99455539478976
WC,4223,528.885187357,0.30933987214495007,258.1199369542739
WC,4224,539.810707004,0.32323095066551166,330.7823173373353
WC,4226,492.649746399,0.3291382669875051,444.62923410453055
WC,4448,525.985777922,0.28670517328286055,384.8653571633731
WC,4221,534.111684661,0.434446731650522,193.32708270503028
WC,4225,527.705516355,0.3201427422799103,437.2841221828087
WC,4206,512.127199393,0.3288418240943496,397.6692213469861
WC,4436,562.41491371,0.31855876034381353,334.4938103170956
WC,4447,528.786349536,0.32347122731287614,317.44212475944965
WC,4214,515.41058038,0.267450032165249,428.62007715561805
WC,4220,525.591106223,0.3877948272457258,259.4302797803692
WC,4210,541.131559809,0.30184913443613653,518.0701767566158
WC,4211,530.569757429,0.3090279125155009,441.7371626012465
WC,4208,525.717937346,0.3504260868920728,438.85255539838005
WC,4209,515.923543935,0.34564475577288106,428.097522391525
WC,4231,527.553534428,0.31605580924526994,397.9383037193149
WC,4212,541.188251026,0.29566959307228396,415.2425576004328
WC,4233,531.144466973,0.2978106437005414,407.9071321973613
WC,4232,515.892417603,0.3095193528251289,382.9862844429764
WC,4235,520.383286589,0.2813485241860187,434.92678728290633
WC,4197,498.329339788,0.3460520899683514,366.9827773449468
WC,4187,526.79595605,0.33097987535050877,269.66161487055757
WC,4194,524.595139047,0.24230509256279417,238.18579427681718
WC,4190,530.902751065,0.34707869939465347,240.02075925340841
WC,4204,511.073155703,0.3399934925216624,327.1070177863626
WC,4180,557.898926065,0.3066992003152236,377.46894962086407
WC,4205,501.228857039,0.35622843739672594,440.4272062713025
WC,4234,529.724006747,0.3096886386992324,457.48603701123994
WC,4181,485.108807709,0.35793511997081334,395.83207873176127
WC,4202,513.807564415,0.3453944938611463,456.69203198002833
WC,4195,511.693369122,0.22179736540942893,400.0364915735582
WC,4236,523.847692412,0.31400939763083074,350.46058669744747
WC,4238,490.321988399,0.29817499008757115,310.3263730815812
WC,4196,500.352699222,0.3012743112602921,346.2601249545228
WC,4193,553.762802999,0.1976814646239445,312.42261723537075
WC,4191,511.633259435,0.24880115316851148,254.9739277259976
WC,4198,518.319469194,0.36915800356455436,412.3629568660961
WC,4192,520.723321854,0.2490640828066101,207.75670118144916
WC,4189,504.21364146,0.2137677563189891,219.82245432535805
WC,4185,545.453515321,0.3900330638982721,209.06580511354932
WC,4200,509.19258611,0.3487109371940862,386.39221900491145
WC,4183,524.808752698,0.35853726062847285,447.77189764883
WC,4201,516.763722823,0.3394855339124978,326.5835629631492
WC,4182,505.766785462,0.36191646971886365,496.8238473331228
WC,4199,514.265997532,0.3480539003445668,417.0838434555951
WC,4203,518.347664158,0.33172132756538736,438.06674933340037
WC,4207,523.941287249,0.3275246036795033,358.0593432856541
WC,4172,488.655682692,0.30627169587956465,481.3465236289828
WC,4188,527.516227841,0.33690738273588444,318.97762220794084
WC,4169,605.64524884,0.2151954611310182,264.1511865653244
WC,4186,523.240120463,0.39851900212579044,104.40185328464884
WC,4168,485.527073611,0.24925121730935257,118.56604461669923
WC,4167,573.109334149,0.25107058554999817,279.1018105899587
WC,4178,576.846503798,0.27550627962559937,315.56202231014476
WC,4160,504.579407055,0.3661933212802408,361.72641640457454
WC,4177,617.52964063,0.23698581472242114,346.77675018310555
WC,4170,471.605832982,0.2807767966539243,271.7576162300858
WC,4184,520.569415629,0.29430236982462515,302.7118241852405
WC,4173,509.888925482,0.34076106361306646,397.14320977902884
WC,4166,532.331522748,0.2668693281108007,269.3955681295956
WC,4171,513.535098826,0.2970957590987076,499.4457957847445
WC,4163,535.393279231,0.3732993955159709,323.43048795812274
WC,4176,538.360164032,0.29620178467734304,331.0391721837661
WC,4175,537.559439076,0.3124409939226865,417.07830496395337
WC,4159,547.580778402,0.37811855339729405,409.9906416051528
WC,4174,526.358304613,0.3174748638059279,414.71775728113505
WC,4154,515.424556489,0.29776695677574644,308.21151359408515
WC,4161,539.542262659,0.3723826191624005,393.4663164026597
WC,4158,566.502875478,0.3701569983672067,437.7947690776751
WC,4152,523.558425488,0.35387943326886295,347.0330793193742
WC,4162,521.366239344,0.3611103025349704,450.12626028621895
WC,4157,499.394501811,0.3108976691725698,331.8211681889553
WC,4164,548.917473238,0.37163617809524924,294.05206397561466
WC,4165,518.542975582,0.23792177936836578,186.76659545898437
WC,4150,516.535006284,0.3276624534509879,474.25154529646335
WC,4147,514.240890599,0.3482101571720999,194.10639199649586
WC,4146,520.673668075,0.3865840435028076,4.19689271216299
WC,4144,552.232612903,0.3191052492655499,130.36562757305072
WC,4148,513.970600567,0.2978062960241511,408.6736135445389
WC,4179,548.091448017,0.2998402156158836,481.8690618178424
WC,4156,489.662417618,0.29802686141227325,352.54281176398786
WC,4135,506.417009157,0.40215833444756105,435.68456705130785
WC,4133,484.212928987,0.3255657403309599,347.02627333098764
WC,4132,515.50251865,0.2924687613685439,363.8130404304056
WC,4155,486.721709301,0.33255415192981935,367.75617394540825
WC,4153,532.16807795,0.33593294158315834,417.593904951507
WC,4149,503.202754511,0.29557870255801794,446.70875459558823
WC,4138,515.842848403,0.3376464011411356,474.24483113008387
WC,4151,530.908911844,0.3439879235908544,402.90446980794275
WC,4127,528.376780847,0.34050805094816666,327.61276693905097
WC,4213,527.837341841,0.2995846027104897,353.5987635294596
WC,4130,548.339580201,0.29794020665357196,347.8114700317383
WC,4126,524.258594411,0.32429014959430474,341.7762949326459
WC,4136,507.453708155,0.3820231580948768,510.1792651008157
WC,4119,541.12040526,0.31154752670778457,332.59344620050166
WC,4122,545.431908146,0.3033044048573296,354.88859686758
WC,4128,521.181036714,0.29051374387848605,232.66032723819507
WC,4121,553.670529717,0.332498476100029,204.8546312519148
WC,4143,552.010098058,0.38141722340885936,95.21659860049978
WC,4131,517.728693235,0.2767087110724204,306.89324340820315
WC,4106,506.989400766,0.374687189313774,340.46441204594635
WC,4140,526.580707838,0.31335800207086967,367.2249061734069
WC,4141,525.288386284,0.3300676894897507,275.41928639131436
WC,4142,539.088730877,0.35463822863988353,254.69766851686964
WC,4101,565.525665971,0.2953937550966735,134.55884432325178
WC,4103,540.771239705,0.19329507648944855,7.606684965245864
WC,4104,617.346335431,0.2533970560695304,96.00155101102942
WC,4145,500.448517787,0.4649285427266104,42.75577135273055
WC,4105,474.173643875,0.27994771460669304,228.72494832955152
WC,4102,604.285800002,0.19868346525444872,88.13243776209214
WC,4107,512.39279255,0.37689770831578023,271.47889793246406
WC,4099,534.170007042,0.3766730549623415,286.6908722522212
WC,4042,474.195824005,0.30182339943814696,358.8145530251895
WC,4120,534.272751707,0.3384756739732473,299.5442485435336
WC,4117,521.30411147,0.2974037600900666,416.26625746184703
WC,4123,521.971168641,0.3537205668621593,354.1022715549843
WC,4044,505.580512074,0.32396643170576056,310.81421122831455
WC,4134,482.882699269,0.37990623010254215,479.7515630983838
WC,4114,498.746194546,0.3441612485282584,496.5290439381319
WC,4116,506.223795816,0.3097241311550011,480.79115130854586
WC,4090,515.958474062,0.3471678859657711,481.5708008710076
WC,4139,537.971229034,0.33214100800525426,469.26114080092486
WC,4118,528.497672974,0.2951534355576471,414.6925747740503
WC,4137,519.666819898,0.3471989151562341,523.8194339826996
WC,4115,502.704693182,0.3267466093526638,507.5453744028129
WC,4113,502.123129733,0.343635491341493,444.85659718232995
WC,4112,508.295544795,0.317572057346752,313.9699183744543
WC,4108,521.963415268,0.33749446153242063,313.70833521824255
WC,4097,526.447661361,0.30418743881964905,309.24731956930725
WC,4095,534.736342903,0.34145715681228855,237.37743407604742
WC,4094,524.491039994,0.31944747510126076,379.5408583397959
WC,4093,519.71331184,0.3201497047316304,332.3272460339116
WC,4110,521.998844533,0.3222810511228245,305.05245370303885
WC,4092,543.251768471,0.3200724589474061,392.3918271831438
WC,4091,475.650062993,0.3452860794673955,401.0470583747415
WC,4109,516.173429957,0.3278133929849563,385.84019431319894
WC,4111,517.258415194,0.32689169851226024,295.3471916049134
WC,4088,514.785269005,0.35041687916638276,449.5695937511968
WC,4041,549.569992495,0.2327033584402507,379.0122920017616
WC,4031,489.016242443,0.3163993147356668,313.9608514523974
WC,4033,508.970005914,0.30913082818481474,393.69806395885996
WC,4032,513.828836656,0.34308023073837557,372.9764584709617
WC,4125,519.173467304,0.3318606834236931,386.6288344439338
WC,4215,539.542325632,0.3323344254423796,268.34716781915404
WC,4129,517.330102216,0.2527001740176276,235.2838570089901
WC,4030,484.684332622,0.30195077466770004,289.0429151647231
WC,4035,518.967303033,0.3488430111420611,404.1905756632487
WC,4124,494.978185262,0.3059365027197061,312.39757178811465
WC,4034,509.906943798,0.33373460708370983,335.46993563782934
WC,4038,516.591623041,0.3349713701785095,322.61894899256095
WC,4036,513.678153566,0.35507118321093784,387.9288707359164
WC,4046,517.255137245,0.33974252899715435,320.51780862247244
WC,4027,506.472645526,0.33491548709332253,408.64462073831
WC,4028,502.738573575,0.32401752542468293,360.1219870174633
WC,4026,507.48931794,0.3253990632599828,416.2503036499023
WC,4051,500.151955488,0.33293205320761354,423.8564524033491
WC,4029,502.077181139,0.31202693001882864,353.8276323206284
WC,4050,505.02474347,0.32561544256035835,351.2034168019014
WC,4052,481.223994557,0.3133388039870905,381.88975695441746
WC,4435,562.324369018,0.2852718193599812,341.052593904383
WC,4023,515.888209675,0.3858525908176587,375.33159595564297
WC,4049,487.759868143,0.32926381674248384,335.9914433198817
WC,4089,470.80636838,0.32292554883892827,429.37329179352406
WC,4037,526.519695197,0.35349716123613756,411.5351430855545
WC,4085,487.432940791,0.2794839831363875,311.6018975650563
WC,4045,501.226065598,0.3060748725866571,445.8929340437347
WC,4040,483.54882829,0.31191057586857734,283.01295163023707
WC,4080,493.938794451,0.34062346170662317,452.97312146355125
WC,4039,514.726769381,0.3001945226809233,339.66824041628365
WC,4070,489.396821325,0.3263424400040092,434.6084766163545
WC,4047,509.165327454,0.3641846545158296,431.727899349437
WC,4082,513.161563063,0.32060642193833144,437.4995856191598
WC,4067,497.86073907,0.3457409329603782,359.8551775464824
WC,4066,514.616044755,0.38308068996384026,468.17800768683935
WC,4057,526.235178678,0.32519815638116095,394.2140409581802
WC,4021,511.081754749,0.35220282775351547,299.5299289778167
WC,4048,521.355910329,0.356607643921991,466.0870359532973
WC,4069,510.157509195,0.3297482273180762,402.34668770584403
WC,4071,504.219639408,0.3281394170653904,447.9854538562252
WC,4087,501.035888524,0.3062283266348742,375.33992507036993
WC,4043,526.030425272,0.25715311779407324,261.7666464113721
WC,4086,516.525823662,0.2833523730135095,379.79843989353554
WC,4072,515.484585177,0.33598715633984205,442.4778418746649
WC,4096,535.843815019,0.3031007181173891,338.09937379126455
WC,4083,511.251904638,0.2952696382528609,332.0596519021427
WC,4079,509.093742425,0.3269178140399206,450.8740998212029
WC,4084,501.112518938,0.2852057270381762,349.8959737141927
WC,4081,502.726003164,0.32804366928026063,429.6302047729491
WC,4098,521.008508179,0.3281032423148877,353.5759636972465
WC,4100,577.799031765,0.32578067659201015,193.57562516156364
WC,4078,523.926925156,0.31088328297596934,428.05426860136146
WC,4076,562.729043865,0.28167895070564075,366.93957567401964
WC,4025,511.255065344,0.33111662560114546,322.3508535048541
WC,4216,547.641252304,0.3167504238868986,234.50894730511834
WC,3990,613.241854258,0.22295014171421215,450.3423323388194
WC,3988,514.934513161,0.28302505191184213,122.48628698610791
WC,3985,535.792155948,0.3992399894748916,303.9846189910291
WC,3992,535.60165357,0.292263407891213,401.0325480143229
WC,3987,547.289743842,0.35092806816101074,1.5736936681410845
WC,4637,504.588081999,0.33563913084842534,106.25549720315372
WC,3984,522.970660923,0.3343201498652614,338.3429089714499
WC,3986,501.188598278,0.4066073022428013,220.31711276185277
WC,3996,519.790092315,0.367618366229487,397.09531285903034
WC,3994,513.971929403,0.3175873391013196,394.4738983154296
WC,3993,504.34467306,0.311397840400537,393.42520500631895
WC,3982,510.964884765,0.31991497930483326,397.61722504858875
WC,3997,505.581784635,0.37127180856159214,397.0945775050743
WC,3991,465.906374168,0.30518305503757176,321.03615282844095
WC,4024,509.74861906,0.33605375715437835,394.21669796214377
WC,3995,514.648248732,0.3509330716224267,349.8851133159563
WC,3989,465.771137126,0.24100474031064548,127.73213785208908
WC,4019,510.960361435,0.36065806501746034,410.73743905460134
WC,4003,508.4547668,0.33097221844955643,317.8833488015568
WC,4017,514.86340756,0.34440065476598775,452.7015146292893
WC,4020,502.600319223,0.34681482899422733,334.4131734511431
WC,4056,527.329643763,0.36040106757986395,367.7241458369236
WC,4055,516.114969576,0.3500066826726648,365.6263734106924
WC,4018,502.861394368,0.35394047655640765,493.09401957194007
WC,3979,515.196738894,0.4160551483735482,197.75874807320386
WC,4015,503.818365543,0.3329363289975644,446.92976137049055
WC,4016,503.628313304,0.3389329978714586,444.3077295041552
WC,4009,521.109515245,0.3098376112237098,394.4697084613875
WC,4053,512.039082432,0.3507119960657038,371.66017333386
WC,4013,518.634512186,0.3710231595523826,287.19857653449566
WC,4012,538.900798472,0.3241631031164973,243.13479030833525
WC,4058,527.708304418,0.3170283177185815,364.05075381409887
WC,4014,511.197548828,0.3231523731072624,348.3109269684436
WC,4060,567.469223868,0.2524748635597719,388.70379495059734
WC,4054,504.977970073,0.33258542334606417,358.8074462890625
WC,4011,536.964253056,0.3223550560016431,361.16082404641537
WC,4061,544.640666566,0.2763561007697532,308.1827005722943
WC,4059,521.538319299,0.3138903846608858,353.29672097598814
WC,4065,521.659305405,0.3786097174054654,441.68647493848607
WC,4064,519.439838647,0.31439245597672977,454.01299034567444
WC,4068,510.774975403,0.36336659805390603,345.16763892080274
WC,3977,518.401413521,0.35390653842832986,258.08229971492995
WC,3966,499.791947918,0.32059442941952304,355.1192645802217
WC,3965,509.209512542,0.35014774589097664,229.7517548504998
WC,3973,515.605758143,0.3373091811197427,397.35006309958067
WC,3999,527.536936623,0.35135356977686183,375.0623906453451
WC,3975,523.817369019,0.33968960451075675,292.70227876551013
WC,4000,508.485296748,0.3379897048404228,388.9624883614335
WC,4002,516.062570802,0.33794852800607367,391.3221779617608
WC,4063,601.035407763,0.30078212506934626,363.26171839096963
WC,4001,530.035540908,0.3228893657402658,403.38745221904685
WC,4006,520.841935344,0.3381522614688775,407.32034945020496
WC,3972,544.155323714,0.23307548633312453,404.69347103343284
WC,3971,508.176719275,0.29732214534781365,263.3254885505227
WC,3974,533.908014909,0.3316360287398139,392.89174957275395
WC,4010,515.583656037,0.3077271338699899,231.5937794704063
WC,3964,517.863851935,0.3512323502098582,254.92964818617875
WC,3978,530.374653334,0.4046881661096512,239.4609292722216
WC,3976,524.47317099,0.36597925313044044,301.3579199996649
WC,3961,514.58884666,0.3437403505687089,384.75305552763103
WC,3967,513.628103556,0.3325757243928265,438.78542321897015
WC,3957,513.74487419,0.36408196155436817,433.79487355550134
WC,3968,514.033644413,0.3268606104271512,372.430612003102
WC,3962,511.022336171,0.3410810313353142,321.54596928615194
WC,3960,506.70867565,0.3353981097868408,435.3707828895718
WC,4007,516.224290672,0.28847401819798524,463.4479594511144
WC,3969,516.207900631,0.3000820434103223,320.76285588881547
WC,3956,513.890968095,0.3383058670895202,450.579506518794
WC,3981,505.516944833,0.3701780011515482,221.36441563624965
WC,3959,511.081702155,0.35725744757383915,503.29820631438605
WC,4008,516.83575164,0.3361389409437856,440.3682925654391
WC,4004,493.38909379,0.3129401184902676,350.66808334051393
WC,3998,528.549184985,0.36087057320334076,364.5714518229166
WC,3955,508.734756786,0.33331979339369305,408.35337766759534
WC,3953,506.694655378,0.3348340795112964,420.6785621792664
WC,3958,513.875274664,0.3701205281831295,462.38315058689494
WC,3952,510.123616878,0.33255510482526784,483.3598951751111
WC,3951,504.666343898,0.3162561343263553,420.4149394615023
WC,4005,509.927035278,0.3395415003224235,401.81264555687994
WC,3954,494.379069644,0.3318464374542236,367.17646939146744
WC,3934,508.987005515,0.34333150906684673,410.4439674826229
WC,3915,559.6580892,0.4182438838467435,216.10620862175435
WC,3923,531.157152924,0.3856663811408867,386.8415769689223
WC,3920,563.477983842,0.47813600301742554,21.76796641630285
WC,3970,527.449563876,0.28860884142114457,276.1765099918141
WC,3916,516.818875745,0.2749462139242553,158.93283143884997
WC,3917,557.637876318,0.1499869706116707,129.5595822502585
WC,4062,605.11483148,0.2609156759417788,398.40727757472615
WC,4073,538.482872841,0.30662552667859533,376.6433059991575
WC,3919,534.509604638,0.507547473307136,36.45478713091682
WC,3918,464.98738301,0.14485850930213928,9.96612512925092
WC,4074,538.53303196,0.3461856280284888,155.01145303763596
WC,4075,557.309074028,0.33697403388664615,252.58243988635493
WC,3922,529.383670095,0.3947225372490949,337.273199373133
WC,3938,537.770124353,0.3541649168582409,190.92844893511602
WC,3941,557.926000067,0.37299360106509205,237.8739501953125
WC,3940,544.184109572,0.31245210412471414,198.53377883013556
WC,3883,519.929002974,0.33509231701933695,425.90837575875076
WC,3880,520.441257129,0.36479837028717665,419.0892593682981
WC,3879,520.216020376,0.39588545062564523,415.6792974733839
WC,3942,555.507105352,0.31837734559178354,262.26412559958067
WC,3943,570.098159621,0.31182596624986225,114.87166424919577
WC,3939,541.518284756,0.3644347918611503,232.62862432143265
WC,3884,524.562877902,0.33025981418604067,360.3437012017942
WC,3882,535.687188903,0.355727689389451,511.14204325956456
WC,3866,527.213486276,0.3673678794423925,335.1619829065659
WC,3946,519.112187254,0.2953546477886036,418.05081383200246
WC,3945,534.575710405,0.2928622237717112,365.07255634981044
WC,3872,548.978203147,0.4696234875061796,107.78767332189224
WC,3876,513.165496416,0.38552523397816013,418.0399413763308
WC,3873,522.255215765,0.3995255555538152,39.6008638568953
WC,3878,518.642840699,0.36896620315920775,494.094961158902
WC,3963,508.596269377,0.32139311736935516,386.0656186571308
WC,3877,508.966875605,0.347827836730179,471.2788975435144
WC,3947,512.100799993,0.30962362617402156,422.772426739861
WC,3871,538.595316268,0.4692655798357332,91.52765793145872
WC,3875,508.409593912,0.35927184481403457,391.2894140505323
WC,3874,522.634509607,0.2932056117344442,185.4166384528665
WC,3869,550.134737584,0.4974502246108697,189.08679076550052
WC,4538,523.920189152,0.2958609833297605,442.5807820039637
WC,3983,514.636627875,0.31915531567505634,445.61523512297987
WC,3802,532.454904638,0.23338324839297017,81.82199204388786
WC,3799,492.21786114,0.2617285159240592,452.64460667628873
WC,3798,499.867228214,0.2234127967204685,406.7511236452589
WC,3980,519.2209916,0.36663686514041666,221.88873201258042
WC,3870,555.729213331,0.43966819274745067,225.01617153392118
WC,3868,531.171885769,0.44426631102474723,215.04984448002833
WC,3796,528.317116068,0.3006386183581109,247.56378885904948
WC,3797,508.481407096,0.22516015302294062,356.92295397590186
WC,3867,541.540261922,0.4121367274286441,240.75064167695888
WC,3863,521.438869511,0.3632534235799346,468.12270579618564
WC,3795,510.478133786,0.3764401721518215,86.01773104200177
WC,3800,500.890079424,0.26291018740114275,324.1419351315966
WC,3801,487.606478316,0.21470898644377784,125.88045606426165
WC,3803,517.715895265,0.2513448019877022,286.3766185984892
WC,3864,519.721192223,0.3873452893490129,460.51799896838617
WC,3887,530.455030574,0.38289777677570913,422.7599525002873
WC,3865,513.077419127,0.3803220325417444,397.5778150670669
WC,3857,515.606767076,0.4411861276839068,426.6857907463522
WC,3855,491.62767866,0.4179729734260264,398.8870724846335
WC,3856,507.972630814,0.4141468294044294,491.9867487290326
WC,3881,524.135792275,0.3688488579926438,423.2852577957453
WC,3944,547.771663501,0.30525261015345007,302.9154160443474
WC,3949,513.663074936,0.31145529932848853,344.8806608910655
WC,3948,510.561609192,0.3168612013910419,420.93714366239675
WC,3886,531.315641558,0.3627920321274293,408.8612972184723
WC,3937,531.860319822,0.32358875897369893,498.3011734906365
WC,3933,509.728865161,0.3616131588608367,412.80417480468753
WC,3950,515.583370895,0.3107316467159708,375.8287679934034
WC,3935,506.095810278,0.3449584940125427,441.6530427820542
WC,3932,520.003547284,0.3710358658633153,413.8531728407916
WC,3921,533.979813811,0.4452322888889431,84.97385702694163
WC,3929,534.877971736,0.35975330798707394,422.244064360974
WC,3930,520.366519379,0.3782872681816419,418.5728824391084
WC,3900,522.330406308,0.3729943455898053,392.6031574922449
WC,3936,514.710345943,0.3668053608143758,532.6584568696863
WC,3911,592.900397098,0.3652816776987872,82.87520886589499
WC,3197,545.832076337,0.41220716020343445,167.2531167123832
WC,3910,459.556511455,0.44636503953791273,333.59904785156255
WC,3907,577.935096204,0.3708840041372337,398.63877763935164
WC,3926,557.997483156,0.38432388624885594,438.76810823328356
WC,3909,506.990389885,0.39143468288695105,354.8422179278205
WC,3901,501.114894564,0.37996839065548,332.80848424574907
WC,3898,530.785035838,0.3744383697384681,329.9221592323453
WC,3904,497.578979237,0.4413798267754078,444.2713693356982
WC,3924,527.337840259,0.38279288311295107,361.6633662504309
WC,3903,510.040805935,0.45797476782601254,443.22149897556676
WC,3902,501.669687262,0.4199722171499489,350.1181891946232
WC,3925,538.91451334,0.37050994016653727,392.0855807136087
WC,3928,547.455275245,0.31709110045906264,310.5195494109509
WC,3906,528.85047772,0.39887694807910407,495.6752949434169
WC,3927,573.834309616,0.33312855079349685,334.64802389705886
WC,3905,516.284711047,0.41510643583756907,460.26968168370865
WC,3839,509.739724189,0.4358290622160204,160.23435321882658
WC,3838,511.75837363,0.3265432673292531,74.21643503226485
WC,3851,513.057310391,0.4191418631230632,406.4919478472541
WC,3885,525.337495789,0.34984965098091597,433.7758195764877
WC,3891,535.226990262,0.3975484821065587,521.892877556296
WC,3931,528.137344669,0.36783542191795865,385.7903664084041
WC,3890,541.686875944,0.3614844701159399,423.28382918413945
WC,3892,535.112944336,0.41824677333175425,453.4437377929687
WC,3896,515.341774852,0.3740966758354627,291.36879634483194
WC,3893,528.86542102,0.4180077091797772,416.46597071628946
WC,3844,546.881066778,0.4272240214933079,188.03404029397404
WC,3899,477.155569929,0.3311982427027856,323.6287968953451
WC,3888,527.544619066,0.3467753080732047,416.726727624033
WC,3847,527.237216045,0.4849393769817532,111.19483041202322
WC,3848,549.443515949,0.2945046867365422,120.63655628877528
WC,3889,536.655403244,0.2924944104051651,206.39639123654834
WC,3894,484.963352342,0.4437367073512058,324.93781765208524
WC,3845,535.603154772,0.45811731971730507,195.90191129796645
WC,3849,519.156663034,0.3540059375642526,389.44588515337773
WC,3846,528.429843873,0.4453165913490873,39.86230396943934
WC,3895,631.140321919,0.40001731138987695,486.4876273061715
WC,3897,544.392006152,0.4091979658152724,429.84214779722925
WC,3908,593.363700247,0.39070361465061265,253.08368389653225
WC,3843,501.303700529,0.40804843182365097,125.88034955193014
WC,3853,529.037581656,0.38959094243522024,423.538522159352
WC,3852,517.657413666,0.38905106163784386,419.86681150548606
WC,3842,525.003832016,0.3716829837537279,200.62160716337317
WC,3841,536.544626256,0.3756495624859706,197.73663533528645
WC,3850,519.652135432,0.40095277616929337,426.68561975815715
WC,3566,521.087581235,0.39801711036083526,109.8704875871247
WC,3570,488.867027733,0.27915037184110697,157.5953066956763
WC,3572,526.571974177,0.3861621227566034,260.1232745600682
WC,3574,531.778784143,0.37203315509473045,479.8637147791245
WC,4628,507.106617986,0.3336846116863325,262.88180371452785
WC,3567,536.130522864,0.38928548417709496,141.59930419921875
WC,3569,521.301032146,0.3854620932827335,44.31538286396101
WC,3568,532.910183671,0.3837086445838213,104.88844374114393
WC,3573,506.874806272,0.36464464004480407,397.26479833266313
WC,3571,497.176170303,0.2487828521938114,143.17315269919004
WC,3576,505.88046248,0.3807393256862413,305.7481847725662
WC,3565,542.294256124,0.3610663908466062,313.87798399083755
WC,3664,503.094029408,0.22873178434799127,234.16722729252834
WC,3663,569.501613351,0.21312427430714723,86.79629100724762
WC,3749,636.972819352,0.203118493977715,200.61028693704046
WC,3669,515.600144799,0.3235944099885561,484.59377432430495
WC,3665,494.013924283,0.2668792127768485,363.9689469580557
WC,3658,512.756165937,0.297101937491054,510.023383735208
WC,3666,504.695727029,0.30540770150789803,483.28142975451897
WC,3667,503.648210775,0.31402175177408276,486.9529691808365
WC,3659,532.446417083,0.287772307824238,463.0861831066655
WC,3792,534.992779372,0.3080189305000773,448.9686881869447
WC,3750,484.340192389,0.2536626743589849,248.0754035201727
WC,3751,525.209623795,0.25970377335526657,229.98140516094134
WC,3674,559.922065431,0.2661692857563853,218.95915775673063
WC,3668,505.078794148,0.3136949113347712,499.54004175522743
WC,3711,492.34639151,0.3347008588110528,43.00570373535156
WC,3672,530.028735896,0.28890291421405423,312.5739837347293
WC,3748,533.60345317,0.2923608591280333,86.01323526419846
WC,3712,602.489067185,0.2129004702632651,159.69851349475334
WC,3671,533.259722098,0.3160727639751996,453.91372258803426
WC,3673,488.883097952,0.32696594362573106,169.13584944781135
WC,3746,534.954056798,0.29779155534577084,263.2838853125479
WC,3680,497.100506618,0.3066644911024519,421.133395355823
WC,3675,494.338443572,0.32439922409212385,468.5980244655235
WC,3676,507.18751363,0.3346118938087989,511.0779505411783
WC,3679,511.333933873,0.315135658561547,368.4265474805645
WC,3677,522.726340267,0.296774312410154,405.13835458194507
WC,3647,499.489945822,0.2570154778588386,275.3339587940889
WC,3655,488.228759219,0.29019404389475056,478.0298517264572
WC,3670,509.874718541,0.33898027365083816,504.78561356488404
WC,3657,498.613557611,0.30164847266699385,493.2405464920343
WC,3645,521.001923203,0.3367077281798914,111.96860623827169
WC,3791,501.320349309,0.32474428410298073,390.7489860385072
WC,3752,509.620773342,0.2642022987239946,314.15961596919044
WC,3761,498.307220062,0.28628239860492094,279.02257370294313
WC,3757,499.982211216,0.33797697689399814,501.3985880833047
WC,3760,508.874924416,0.27344793005683554,392.83396845798865
WC,3737,497.029889672,0.36602906732814117,500.3451348697438
WC,3678,524.060722511,0.30059696035419803,306.54151389926085
WC,3718,516.969356984,0.29227376791035264,430.05866265390426
WC,3753,513.09189459,0.28472525262071224,394.1421691894531
WC,3756,499.15723228,0.31540140490720414,434.52732783298865
WC,3754,514.68485321,0.28937714049042024,333.565520881204
WC,3755,507.879110372,0.3021574129092523,403.3209589640299
WC,3740,504.834069105,0.2965910644919776,306.5528798122032
WC,3744,516.505058102,0.25883269543812537,322.5478098850624
WC,3742,537.999439267,0.272240673932723,420.6241217818914
WC,3717,508.666604049,0.3278089007233301,471.75367539349725
WC,3745,537.980229456,0.2612812062404949,251.48269120758656
WC,3716,485.847105388,0.34441667265407666,382.07064418418736
WC,3715,477.63610517,0.36136417264018306,379.186146665087
WC,3743,521.405471104,0.28177196196755144,363.7188964544558
WC,3741,526.122221375,0.2813289382015776,315.46860103233183
WC,3703,484.890448542,0.31794242125644184,459.687210262523
WC,3747,547.815836256,0.3200417330390528,99.64943407844093
WC,3714,472.957539886,0.358997526316861,441.3349819108552
WC,3713,522.920234781,0.3106619416545595,417.9963786405675
WC,3710,512.429311809,0.2637414472798507,151.0441198012408
WC,3681,500.011315839,0.3244389620872752,358.19933576396863
WC,3646,514.567538925,0.2957175147028968,117.73772894167433
WC,3709,516.968022112,0.25640445534723355,152.35506654627184
WC,3708,507.096052812,0.362083463503395,123.77233734130857
WC,3687,490.558702563,0.30319893268673015,307.58952071245983
WC,3682,498.782149811,0.322622737569551,378.1284653009153
WC,3706,512.623298121,0.31312454820056507,414.3217584946576
WC,3707,505.324159762,0.32318969404149117,330.6707888434915
WC,3683,494.50040743,0.3303518041267001,406.7113658231847
WC,3688,514.942898405,0.3631234385344202,410.90685143564264
WC,3691,514.171615828,0.31546028600956394,297.36427154541013
WC,3684,528.856919867,0.3402185413792235,276.64766184488934
WC,3648,505.032003119,0.3002267168284794,422.7024244121477
WC,3644,517.962094254,0.3376423572118466,68.17763713761872
WC,3642,545.352326027,0.3953918541079439,83.12408462225221
WC,3685,511.383422175,0.34938081608748384,240.72272814582374
WC,3643,549.659751016,0.34790389111181946,227.87037090226715
WC,3686,554.574023905,0.3534973956734301,43.52932772168926
WC,3641,513.686670042,0.3443524375949429,169.65685376933976
WC,3649,523.504553964,0.31498401226612915,484.58656714944277
WC,4610,536.991528789,0.313354731645042,417.6674825930128
WC,3793,541.617243462,0.32983352500929053,480.4392423143574
WC,3794,522.27169109,0.320629711453568,353.51144352333216
WC,3763,501.920640217,0.3435470299021659,441.34970065846164
WC,3805,555.61172611,0.37793503661221595,550.4599303600837
WC,3806,557.161040949,0.34908940961236395,486.99501064524924
WC,3810,484.799967683,0.44051892072456317,237.33360736323337
WC,3790,501.569759706,0.3061004392826827,405.1719488405713
WC,3812,518.525207394,0.3592095482137232,235.7600112615847
WC,3813,542.829490956,0.3454451697481262,375.0134701597925
WC,3786,516.768697023,0.3245577468977698,517.935442606608
WC,3808,449.241411871,0.36956853650155524,220.2877628999598
WC,3809,490.187582886,0.3616004691555582,91.2619093352673
WC,3787,501.900627583,0.305225331362556,334.36350848628024
WC,3807,527.267941953,0.3295290359112894,300.2736702713312
WC,3783,499.962793963,0.3407833269651396,348.2609084783816
WC,3782,506.62486845,0.3421806072700627,502.72244747386264
WC,3811,518.839064369,0.3951194740896639,301.5841471653359
WC,3804,526.223978786,0.3388915041480727,484.898585839365
WC,3817,530.184878436,0.3942379479988648,528.9524519976446
WC,3814,522.580569797,0.31834890061986365,478.0762246823778
WC,3816,527.099891733,0.3712534258293239,526.8542840097465
WC,3818,520.378609746,0.39969020361288354,520.0362745696424
WC,3820,521.945516045,0.318719046868213,526.069020948223
WC,3858,543.294422848,0.37100738933820243,380.00407714843755
WC,3822,495.247879388,0.3457301954547397,437.6893488865272
WC,3819,515.679986794,0.37910488003066595,514.0050610411402
WC,3821,524.599144189,0.4120668708341556,467.32483747893684
WC,3860,529.022844102,0.36078882594307526,201.147804888557
WC,3729,513.646421069,0.34603554853161833,127.97036156747856
WC,3776,480.115109252,0.3820310467745597,112.50194280287798
WC,3823,515.436614892,0.44016480051012485,310.76266141405296
WC,3862,497.918145074,0.2945866601191947,273.7921989889706
WC,3829,520.251261341,0.3818931791865135,457.0973343493891
WC,3832,495.023336833,0.5072103608986709,91.52456913368374
WC,3854,511.602648351,0.3949628775028484,417.76888302073763
WC,3828,545.518244852,0.48413428545299214,259.6252269670075
WC,3830,519.82875415,0.4529659775669389,526.8563357484106
WC,3861,528.517318359,0.41374741919055774,41.43599234188305
WC,3859,571.223924387,0.2940809660811195,295.29584422392
WC,3835,527.00480464,0.4603390563607449,268.0179866416782
WC,3833,504.459015917,0.4704903281086571,97.81852575563916
WC,3826,518.352990082,0.47609133140215865,275.8841795977424
WC,3831,520.956722949,0.47062918990260794,463.91685659371166
WC,3834,564.115023888,0.4291212067210297,231.82742976768344
WC,3836,515.406788034,0.43723154047733265,385.7682576497396
WC,3695,561.500489229,0.3069282258838373,185.39463121002794
WC,3784,512.927680508,0.30541529425341596,464.9603981466854
WC,3768,499.321165364,0.3123868468829116,497.9946746826172
WC,3767,500.806428332,0.2999758752464742,493.5364088170669
WC,3770,511.115136707,0.3249094827442086,477.8034219180836
WC,3781,501.959512657,0.3353716007524275,499.57502028521367
WC,3780,494.207944344,0.31693632252380294,408.0512007470225
WC,3771,538.495505463,0.3301451660898834,398.0825226727654
WC,3785,514.737601468,0.3223591890671979,518.7212573182348
WC,3815,511.144794535,0.3284922604756831,481.747770690918
WC,3775,524.590023854,0.37918973623839647,162.32789836210364
WC,3778,488.916218118,0.31533510528032,152.88751597684973
WC,3779,533.973955149,0.35478354031073617,283.48477166867724
WC,3772,543.96379394,0.34881413563197816,197.99230194091797
WC,3728,481.069382711,0.33730144641263693,129.01916432100185
WC,3764,487.608777658,0.35802244508834735,484.09522932464006
WC,3789,501.258337582,0.270639574727882,499.84210330738733
WC,3788,516.874052384,0.29051535963173186,409.89098741119983
WC,3766,497.261041165,0.3379365573285971,511.1062877879422
WC,3733,551.164002164,0.34784034436399286,5.769174613204657
WC,3732,530.956535368,0.35949915647506714,17.831966145833334
WC,3759,510.341837515,0.32124791057566243,483.567650978238
WC,3765,490.702967912,0.3798537042647472,488.81560839484723
WC,3769,510.631748411,0.3034118427628289,499.0442697861615
WC,3719,508.270085579,0.2966208086447782,398.32894514495246
WC,3730,494.011438383,0.3750848543702387,53.495896193560434
WC,3762,496.210139109,0.33220047237028505,355.3345180436677
WC,3734,510.461133428,0.3645249548703242,204.80571223240273
WC,3731,551.322235867,0.35949915647506714,3.146817555147059
WC,3773,549.644483834,0.3435288511467936,287.6790874705595
WC,3774,509.711537654,0.4088099682202903,24.38848832074334
WC,3777,477.856387443,0.3939226567745209,14.16109421673943
WC,3824,552.252304931,0.44926260265458323,400.7133842917049
WC,3726,517.427794441,0.32082947738434314,398.33262789857156
WC,3736,499.537391796,0.37303127360423943,390.73056502996707
WC,3724,508.238605853,0.34459322073342874,369.48621778301157
WC,3739,508.835426342,0.29936415904682445,401.21927454331353
WC,3735,498.358135845,0.39961412596556306,213.7216589834176
WC,3723,507.396442921,0.34261238486019524,386.5308471978879
WC,3700,506.762807847,0.38333667597578996,52.18336944580078
WC,3758,506.476076223,0.33513025678614483,489.86079158408967
WC,3738,505.530820523,0.3452609866064913,493.00160414751844
WC,3721,500.548864831,0.34680923726102314,476.73781477984255
WC,3705,524.025699487,0.2753620981262982,353.2218029246611
WC,3720,510.033019507,0.3076422227481042,439.7621242448396
WC,3827,511.765337172,0.49864235924822936,146.85862761852786
WC,3825,492.839484933,0.3860794393271521,250.18351189108455
WC,3722,511.903280095,0.3636108032928507,267.7390584908279
WC,3725,495.506759507,0.30720058194216865,381.28678316602515
WC,3697,501.639806372,0.31173807426735206,141.60299862132354
WC,3699,485.067640482,0.37916255305553304,45.6276762120864
WC,3698,545.221004461,0.20666071772575378,15.995910105985754
WC,3727,472.235201405,0.3233978433657419,154.9801264145795
WC,3837,542.120506336,0.4211564252251074,89.68913699879366
WC,3701,509.603710721,0.34907475819579586,307.8561541389016
WC,3696,555.466878936,0.3560852415995165,72.11257363113702
WC,3704,509.40442146,0.3138453713714442,418.7791746251723
WC,3640,529.44625516,0.35916527720428715,298.1447206384995
WC,3689,516.832793782,0.33010182733935656,372.0980052274817
WC,3692,525.977918418,0.288368887422275,213.71439885158165
WC,3638,524.712708778,0.37902871370315555,194.04265340169275
WC,3690,509.319531913,0.2986512632660038,342.72908040962966
WC,3702,495.642786141,0.34434301074655477,430.8416323493509
WC,3560,635.778548074,0.32161260559387167,447.87044543097994
WC,4217,513.635755828,0.2635664910136946,132.73106025247014
WC,4626,513.066666545,0.3322425545884832,211.98436883664596
WC,3559,590.429421783,0.3461263263662695,264.5787025302064
WC,3562,533.781004598,0.3350428234935634,378.1205991857192
WC,3552,526.517771609,0.4282480000822717,299.18887580422796
WC,3561,618.755166603,0.31038375945147156,469.6353120392444
WC,3558,500.420006185,0.4653318220536494,107.77164037367878
WC,3553,533.062599239,0.4478320986575758,201.3825018490062
WC,3549,516.991508803,0.3982504199164502,361.8567359176337
WC,3538,530.933976534,0.36575827666099187,467.52133450975606
WC,3579,504.381354883,0.3523401256763574,285.5559532614315
WC,3580,509.823225354,0.3963439801816271,198.23689341825596
WC,3554,546.692398041,0.4380947207100689,251.72841913559859
WC,3551,538.898827385,0.42786755847033636,243.86076582366346
WC,3592,541.942789352,0.3002358126678244,247.26722848929612
WC,3535,527.296947046,0.34542901599112225,307.3092381795247
WC,3525,508.51276328,0.29978054106015967,427.1382425046435
WC,3556,526.888055018,0.5212655351540753,140.2864272173713
WC,3524,522.279663806,0.30080811725082723,461.48726971196197
WC,3522,514.422722517,0.3333907335540179,410.8808183258655
WC,3523,512.161052527,0.3098475466283728,419.2719408222273
WC,3555,527.075897988,0.47633402801562696,112.22901548497816
WC,3521,579.023831809,0.34446104320534554,490.0678682813458
WC,3527,514.494708675,0.30974792711986376,511.83118776807606
WC,3564,526.788082759,0.3309740909348334,453.64094827689377
WC,3656,490.975780492,0.30857317531825557,475.4088272393919
WC,3577,501.562789997,0.3543761885122488,393.59111367019955
WC,3581,501.945405677,0.3492828756570816,319.905553929946
WC,3578,502.599685668,0.3463819912723246,433.4477654849782
WC,3563,529.914054055,0.33178541433184644,379.1697645000383
WC,3587,497.332906616,0.36368223853284437,469.36499020445575
WC,3584,513.516659515,0.371366950144109,438.4256693522135
WC,3585,508.607567026,0.3508689758095857,474.0864515416763
WC,3583,515.570391374,0.43549538167766094,336.94868783389825
WC,3591,547.063046953,0.3299294721480513,383.09486532772286
WC,3550,515.629961294,0.42024289569684437,183.55083698945887
WC,3540,530.414492167,0.3477858600916563,374.9622031417547
WC,3537,526.004793146,0.35666338670882597,462.27625352448104
WC,3539,540.117148811,0.3710248767765894,415.86655898748666
WC,3582,499.20842367,0.3986255818694152,299.4521848790786
WC,3545,513.356034477,0.3414863528845704,455.4646949319279
WC,3541,540.864556187,0.33753547954906543,378.1093185125613
WC,3548,505.868540671,0.3790719915123964,493.22566321877866
WC,3586,498.646861246,0.33829285187958175,498.7339829388787
WC,3547,516.285394877,0.35920050501515394,507.3844573077034
WC,3589,524.506978576,0.3031811195013525,524.9534650615617
WC,3546,495.201982106,0.29243581068926844,494.27332231110216
WC,3590,541.954016852,0.3128529514912175,471.19886169433596
WC,3575,508.161227104,0.3598515035111421,326.2019735598097
WC,3543,540.478003011,0.3491426383134376,385.1901695999444
WC,3544,554.044876325,0.2785840154483618,395.94136915019914
WC,3542,557.356999348,0.35300782735861197,437.107601180731
WC,3536,504.159556905,0.31952797147942474,427.40153264064423
WC,3601,523.298004389,0.32444610015604414,156.80510119269874
WC,3609,544.308253193,0.3991373302664546,303.3857422772575
WC,3598,534.097641281,0.24974577118733063,307.8403168322993
WC,3628,530.88743076,0.39964945487029385,322.26499193976906
WC,3611,528.392241844,0.31122812753687945,425.31519147087545
WC,3612,521.695847203,0.34775688217480977,491.6560565724093
WC,3614,513.522385318,0.3710470163619291,508.4379727531882
WC,3588,511.49980248,0.338671329861266,496.89685716816024
WC,3608,545.729404236,0.3550112440958495,471.72909833122696
WC,3607,524.42383873,0.3497965274547779,424.530284387925
WC,3604,512.15658926,0.38844448029994966,86.5315071554745
WC,3662,510.857590207,0.27653329807276633,256.9796293670056
WC,3603,544.29510714,0.3710682579986003,91.51353382783779
WC,3605,534.946509649,0.28268695681282646,23.33736662023208
WC,3602,549.316937669,0.3288164677473586,219.9993678373449
WC,3599,536.453605064,0.28819445044391434,318.3292779361501
WC,3606,504.761549955,0.2566168476731803,263.00464217242074
WC,3597,536.32247348,0.2758273566762606,314.6573226031135
WC,3600,528.769800555,0.303845811814882,250.153678744447
WC,3610,538.935623739,0.37081948560012135,424.2672333661247
WC,3596,542.920469969,0.28784765452435507,405.64508508420465
WC,3620,507.142089201,0.3677237765861258,428.4636537439683
WC,3615,512.854636144,0.38057792542561664,485.36342288746556
WC,3626,534.111418047,0.41037974628535184,201.90738274069395
WC,3613,513.08162525,0.3538165884344962,493.2295786240522
WC,3661,540.265349153,0.28511096458072244,301.5572848450904
WC,3624,515.184478416,0.41661111255909533,492.9688774557674
WC,3618,543.834266188,0.3174626366422877,527.3196786319509
WC,3619,495.20194559,0.31913449518398174,250.1557497809915
WC,3654,494.18381122,0.3256221353328466,460.19937672334555
WC,3653,517.643295411,0.2789950766424549,519.9856298110064
WC,3617,531.793492915,0.3241246007016207,532.8257415771484
WC,3623,514.294804031,0.42033485104145907,511.0623170740465
WC,3622,499.049144464,0.3903668024125045,415.8775422040154
WC,3650,524.51418488,0.31459684327454635,465.4438971725164
WC,3651,530.39519014,0.2720014848638416,486.42066267424934
WC,3616,524.569792513,0.3872700661998033,514.4696683098289
WC,3621,499.82364317,0.36621118335645264,461.24105359245755
WC,3660,526.808621967,0.2949438408671356,268.77890047559555
WC,3627,511.119395385,0.38423624086881664,236.7820348403033
WC,3629,520.390176654,0.3760258928397481,256.97281287698183
WC,3625,529.176083,0.4157107071324728,300.2390100815717
WC,3637,519.988517231,0.35254242167901745,247.79732037712546
WC,3636,523.861499739,0.3178285668847899,305.4850939283184
WC,3635,517.406544149,0.30694012417781946,385.985391145594
WC,3633,518.808880797,0.3539728071481119,361.33591093175556
WC,3652,504.150551911,0.2586605967015259,338.2660127527574
WC,3632,516.958890844,0.3713301592588672,252.51545212689567
WC,3426,535.114041735,0.31679409066668807,498.4147492352654
WC,5162,640.780935543,0.29226862989944047,246.89675849465763
WC,3511,540.206949885,0.30740793235599995,411.140669968549
WC,3510,543.884938383,0.38712356245483254,362.63165381936466
WC,5176,654.948897781,0.3329680997144874,134.6007635677562
WC,3512,559.128822087,0.25037209566413476,301.27671380136525
WC,5166,558.482353284,0.3089815343669022,67.9558536604339
WC,3513,515.018798749,0.3638488864384327,361.5842477835861
WC,3515,528.043622586,0.40940090805772433,341.6564890842812
WC,3516,527.063767013,0.40811433910828904,315.9602141436409
WC,3397,592.461835472,0.5725224899262497,127.15778575224034
WC,5177,669.916178441,0.31049606667014884,228.00801110361132
WC,3504,532.265241717,0.3760770538986286,365.2507643157361
WC,3514,514.196494753,0.3938370827796325,347.4250478707108
WC,3517,524.78812402,0.38884781266496193,282.9221231497971
WC,3503,531.673471361,0.33586597786250544,361.5794164620193
WC,3557,510.066673692,0.49800202110469755,39.07047783346737
WC,3530,539.224324358,0.2718898743509418,528.0870213826498
WC,3528,522.030033413,0.31073690719793157,410.8807823330748
WC,3501,523.651869379,0.3572680760336958,482.45410844391466
WC,3533,529.568531594,0.320706841807328,233.89003744686354
WC,3477,539.585707298,0.2924738746334493,359.9967790192249
WC,3502,526.010527376,0.38424385978108677,239.65431850657743
WC,3500,542.016988996,0.33130991397474885,534.3692508173924
WC,3520,644.290736045,0.3744846500046351,633.7586619059246
WC,3495,509.783744901,0.3511658467411922,426.60315046123424
WC,3491,531.302496359,0.36188249842476095,464.619635518392
WC,3489,529.633916751,0.3619317992782468,502.11275129131235
WC,3519,659.05274445,0.37970998011721896,568.4682448443244
WC,3518,601.00689887,0.34959041830548576,394.3610196281882
WC,3526,515.917473228,0.3147354735554699,479.31737225102444
WC,3531,538.544141797,0.29831393388144967,358.17631958606194
WC,3496,528.447465709,0.3521441193297504,486.6472310084923
WC,3494,517.995850675,0.31238345437002113,405.88864090863393
WC,3492,479.19883522,0.308998715240334,470.9135722740024
WC,3497,509.036043157,0.37813352374189146,357.38163143980745
WC,3493,507.824260748,0.2836363548760471,414.5406615313362
WC,3529,533.368643754,0.304058900981748,436.83913328881357
WC,3487,516.581840478,0.3572533000819859,515.2214786305148
WC,3498,530.796787455,0.37017162383148894,457.80563623764937
WC,3532,540.920567054,0.2895068339066311,166.76427208395566
WC,3499,539.738594633,0.3378894947082738,510.5085682588464
WC,3485,516.101271463,0.3381248560960422,441.28050537109374
WC,3490,524.178281675,0.34333542494007047,522.5651841107538
WC,3483,512.939700452,0.3520607171006172,416.895263671875
WC,3484,518.793256294,0.3412488960590299,476.67683401668774
WC,3480,529.665274906,0.33365303977036187,424.76004162956684
WC,3481,528.865444144,0.3476601602147809,437.34605668011835
WC,3476,539.933262723,0.2681921840680612,485.06434984394144
WC,3595,567.56532901,0.22789870688801148,361.59209866991233
WC,3593,542.976107611,0.36032174333282146,241.23677362180226
WC,3474,532.436032807,0.33974307622176253,471.42890852385875
WC,3475,519.553156772,0.3139761437913847,444.94766764921303
WC,3478,532.795405162,0.2907718452374277,457.79663023107196
WC,3473,523.755308735,0.3419040060967119,531.209145968568
WC,3534,524.495654184,0.31290197983384127,235.98794824936812
WC,3468,517.957864252,0.378157901451887,440.7485644172219
WC,3470,533.084502391,0.3114060136023219,530.4202946382411
WC,3465,513.981235987,0.4105008498308484,354.2233007992015
WC,3594,542.894581691,0.322054250120537,161.78591293634156
WC,3467,506.376341446,0.39286315004030875,294.96828685087314
WC,3449,520.065069849,0.35644240988966724,529.101350702024
WC,3469,536.482670099,0.32672531326632087,514.6880985035616
WC,3451,541.842356928,0.3181884369991727,472.4684808469286
WC,3466,525.068889146,0.4045531820212162,379.1321210075827
WC,3471,555.737943312,0.33883891701985974,543.2687559240004
WC,3472,554.041746406,0.33194831405474173,542.482932625565
WC,3457,539.361594039,0.28415888682421714,377.5555976418889
WC,3463,491.911219372,0.3595453726185351,203.46162764605356
WC,3462,558.618130125,0.3075107787885974,40.63986580044615
WC,3458,532.598386017,0.31128592867600297,403.5125742295209
WC,3464,516.89352396,0.3575225395981188,398.0092162188362
WC,3459,489.747962072,0.31229287711216636,177.76567319982195
WC,3488,520.157876782,0.38055800678803753,508.66715054979517
WC,3486,515.875880415,0.34381108583089265,438.39665440578085
WC,3447,542.784360941,0.33999239662419195,150.7597641290403
WC,3446,555.638172624,0.46960729541523116,73.41321309407553
WC,3482,522.32262156,0.35391078935822246,428.9559049120136
WC,3479,529.858228974,0.3201116995318587,346.88743851605585
WC,3445,542.783485329,0.3553619376860104,261.9277609432445
WC,3440,551.017554817,0.4602698747416681,303.09002847110526
WC,3507,544.901667496,0.37546207668694087,401.43626691032864
WC,3441,550.367437643,0.48964918733767754,138.9601000916724
WC,3450,524.886696491,0.3166056320749246,507.0774185479856
WC,3448,541.342010245,0.31828725913973854,502.6203261431526
WC,3435,523.382904296,0.3659617483568077,326.9477389765721
WC,3436,532.656858524,0.3793363915147068,476.91929710238594
WC,3452,528.312473679,0.3587265698118296,319.08653136608643
WC,3453,513.788481027,0.40783103168206775,159.41223686068665
WC,3454,519.471419035,0.3425654932543948,449.9194855633904
WC,3433,531.678559548,0.3474111245717077,494.74687859030337
WC,3460,700.169162823,0.23005717992782593,50.34065946691177
WC,3430,588.169529295,0.33205759721405353,535.9084563311409
WC,3438,548.360097319,0.3326209206461974,461.7124260098326
WC,3456,530.523135891,0.29893056634070186,461.1941880768421
WC,3455,523.691883408,0.30585214165399843,494.4918946509267
WC,3429,529.824398912,0.35030518575444053,446.5027724621342
WC,3694,527.609384664,0.2893637196013802,49.82314674527037
WC,3639,523.861671218,0.36594677182708735,244.12695207782818
WC,3444,700.136903057,0.3188442150974988,350.02296627269067
WC,3439,545.044416167,0.3748242689147155,401.93423560647403
WC,3398,2121.03551029,0.3191157333045247,1100.6424704159006
WC,3399,1266.89077452,0.27963688245449364,626.3542435589958
WC,3432,587.567895492,0.3513674383505808,507.5931555056104
WC,3431,642.042671581,0.3329038293717026,565.5358252431832
WC,3400,1035.92240995,0.3170071348447513,505.75096220128677
WC,3396,532.860942311,0.5581655154448811,73.67272691913679
WC,3443,603.929664012,0.34129039479702855,341.37021349738626
WC,3401,1134.90744085,0.35443073437739,574.9676601335113
WC,3395,629.529532133,0.5186630148859419,221.5423376045975
WC,3392,569.936072598,0.4230549561809402,520.9493109908757
WC,3428,518.467985595,0.3284035769258411,386.9862955429975
WC,3427,524.86013117,0.3267100495522336,455.1544220868279
WC,3402,860.307213205,0.3817948530594855,600.3982924816656
WC,3404,984.993778285,0.3534009123830152,885.1291925766889
WC,3425,532.090218103,0.34355336185682245,461.70830502977554
WC,3390,525.018719858,0.46278745637396074,523.5708420098997
WC,3409,507.610701795,0.3378346226997697,437.05607404521874
WC,3403,524.083437793,0.4899188304889652,381.4740333706725
WC,3405,593.062958569,0.3605468694897669,574.4403993793562
WC,3389,525.580749347,0.4061348176273709,512.8214661542107
WC,3406,535.435278775,0.34687930702181285,541.1426930745442
WC,3386,533.535764969,0.3300228627344549,496.82729157092524
WC,3388,537.832704702,0.363064410947698,539.0394022025315
WC,3407,530.962369122,0.33408673797368876,526.1982581344305
WC,3434,521.005694704,0.3813688669036678,394.32951097675397
WC,3437,536.501800099,0.36134361476912347,485.8335949467678
WC,3408,517.818933504,0.34623092141239864,501.81511673272837
WC,3424,534.394853227,0.36648261014760275,387.5093696444642
WC,3423,533.144995702,0.3832220407462341,423.42853336708225
WC,3419,538.281152118,0.48910465984918267,63.18630335190716
WC,3461,495.044487246,0.4217200026625679,27.530189514160156
WC,3630,513.061036275,0.37994805435477347,302.5986460068647
WC,3420,555.111816052,0.3267884069552117,387.5089471256032
WC,3418,539.975871516,0.3201175557997296,178.28484164967256
WC,3416,542.702470423,0.47046600135496847,202.40528420840994
WC,3414,548.946804633,0.37642330686796927,391.43806951186235
WC,3422,529.618611683,0.4006571552295277,368.36948284074373
WC,3375,564.682584894,0.2760704853096787,128.467025457644
WC,3413,527.603290383,0.3756034909059567,429.45350269990814
WC,3421,555.87319364,0.3757595233526775,422.64151312136187
WC,3415,559.524582317,0.4274649363121645,150.23065544577204
WC,3412,537.388820814,0.39383127392526884,525.9366762647442
WC,3410,526.003746986,0.3555643296330281,529.6067155725815
WC,3380,518.848057627,0.37149111561085896,484.2416782453949
WC,3374,619.335499063,0.2556634232092482,454.61579742431644
WC,3411,522.776068925,0.36876662744117844,459.8666319604013
WC,3328,615.019317506,0.2975566096151331,418.68156798119634
WC,3284,571.777369505,0.4187786935044707,36.44133037492341
WC,3391,531.726176328,0.42979743556615796,506.266943658567
WC,3355,578.601716735,0.2407237688547994,170.935898993997
WC,3283,522.801145566,0.4879314563313469,79.96106974283855
WC,3385,536.003714179,0.3527717905636209,533.5320812150544
WC,3384,554.545722696,0.3709956235556631,557.6524252498851
WC,3387,532.016590475,0.300243812266718,506.00379593793093
WC,3358,527.313591718,0.33145907402877656,521.4606237972483
WC,3356,508.647979965,0.2907427089855581,300.7111662023208
WC,3393,793.584799806,0.3874815170875358,619.791047668457
WC,3394,713.994493346,0.46514023333766596,366.26506485284534
WC,3383,532.52923608,0.3587193718168907,525.404208942488
WC,3381,521.051588276,0.3592949339063392,518.5872730030733
WC,3363,532.506785274,0.3051091510333762,395.882039866728
WC,3382,524.06361085,0.35914794774347447,515.9654549991384
WC,3344,534.202663054,0.37684169388088445,530.3673153746362
WC,3357,537.081037459,0.28545433050400115,515.9551545984605
WC,3359,532.432612307,0.3410629276434581,471.9103834264418
WC,3360,523.704019105,0.3070705953477459,461.42348423378144
WC,3287,505.522673786,0.4537209321005508,310.1446297739067
WC,3377,546.314459036,0.32543454945087436,222.85108080097274
WC,3417,542.712158103,0.3313360770700945,264.54289469999424
WC,3373,728.293123057,0.26247418910264975,419.48341456394576
WC,3371,551.835160075,0.37978418729826063,130.8259122362324
WC,3370,565.858113525,0.3348602361108305,296.7831071143057
WC,3379,507.998943792,0.36535224079296974,455.664280760522
WC,3376,532.709232769,0.3608699023905324,85.99410669663374
WC,3336,549.743982367,0.280253976297531,245.9156292485256
WC,3367,569.570271298,0.348280834883046,308.31784021714157
WC,3369,543.638013582,0.3536280468895288,173.29811404359108
WC,3378,521.737094109,0.36142086328472944,335.58696773753445
WC,3337,551.646682075,0.3317931397136953,361.00814795400584
WC,3368,581.940706415,0.33783900327614313,293.3742773617015
WC,3365,532.414024817,0.3652973763062305,194.53329605401728
WC,3366,554.021172931,0.35049058770713765,238.31686527027804
WC,3364,538.042454468,0.35199411161717653,362.84894654517086
WC,3362,504.978242208,0.2877962983478628,504.42050673540894
WC,3361,521.965210039,0.30937435565360033,518.5775050742955
WC,3334,553.349949646,0.3669193211930644,477.6718002020143
WC,3335,525.533343372,0.33272249570286727,266.6263246424058
WC,3338,571.877949692,0.3282619876821536,382.50639050053616
WC,3339,548.210895142,0.3709305453551363,411.0819944194719
WC,3340,547.150648153,0.3913604758464856,417.89820580575986
WC,3372,609.796782075,0.32472338114202637,127.1556442859126
WC,3631,498.365401946,0.37564950454306895,174.11222229003909
WC,3505,529.335248231,0.44227083441367004,261.41813964843755
WC,3442,553.271698876,0.3463731434470238,167.53870311063875
WC,3288,531.119257722,0.40505015096375735,452.5013965083104
WC,3279,523.085366139,0.4507826683574943,221.26833834180644
WC,3282,541.105033678,0.4543029528199726,121.38341187121821
WC,3292,522.214187113,0.31647896945957565,357.3331426583085
WC,3294,533.539226418,0.28458325481840546,367.0326240389955
WC,3291,523.671034437,0.3381082464602847,502.04992825377224
WC,3277,523.324741684,0.4053292937908962,329.2797957476448
WC,3278,527.518918707,0.43185630227652655,300.7042833814434
WC,3290,520.166983457,0.37778952609715993,462.72508254705696
WC,3289,516.808359272,0.3898410319883732,470.85277829637715
WC,3276,519.861273415,0.37891007077219985,389.0528947418812
WC,3273,514.242744351,0.46957356769305014,252.2017244825176
WC,3275,519.626543769,0.3585363631499997,443.58245041791133
WC,3293,521.66072606,0.2620105198418045,300.7049526438994
WC,3286,502.133134954,0.41007922210476616,230.70774766510607
WC,3285,511.560309913,0.4407585583815054,93.59388320025275
WC,3272,524.587373738,0.4612867186047101,279.20424472584443
WC,3353,570.554744137,0.3239711692265,261.1217277975644
WC,3343,522.4220642,0.35141422524638277,524.0752350751092
WC,3345,523.951023726,0.38878082684613857,520.9290790632659
WC,3295,535.29326031,0.2887186069662372,453.0227856205959
WC,3297,536.076582663,0.3285230271221963,356.0208596622242
WC,3351,558.674680544,0.32450182716152154,415.01463278976144
WC,3305,533.584094619,0.33191540678276615,476.6137026618509
WC,3270,493.642614138,0.42619140348525186,124.00311922559551
WC,3267,519.184771154,0.3333992240494486,390.8839694752412
WC,3269,543.129729767,0.4472918185573188,253.24964276482078
WC,3296,550.009769824,0.2987497349128872,403.99732007793347
WC,3268,548.044745095,0.3625616377960917,343.1712478936887
WC,3298,540.194936268,0.31841015384050686,460.624019278732
WC,3264,516.390536282,0.2849079156605493,416.0500625311159
WC,3266,506.841525709,0.2940216792310787,445.1510333192115
WC,3265,510.667853597,0.27565676527596567,383.80467421587775
WC,3301,544.647197713,0.3511225057845602,416.3171703862209
WC,3261,523.340930667,0.2895818653189831,522.4853276869829
WC,3263,532.452288241,0.2654857049949901,364.6660618501551
WC,3300,540.06250234,0.3201400475018752,428.11483615052464
WC,3302,534.987641374,0.3242076144774405,417.1026775883693
WC,3262,511.441217746,0.28028801687996385,447.2459777832031
WC,3260,496.754031414,0.2887107411654372,498.10412193747123
WC,3303,526.845834156,0.34083481388885567,517.5112340590532
WC,3304,540.780489987,0.31621299089205995,518.8217124190985
WC,3256,521.180136729,0.319591100819647,426.7938479255227
WC,3259,520.996740162,0.3008492807954303,505.4436330458697
WC,3258,528.687996668,0.3157401549842661,530.0858702715706
WC,3247,526.113710983,0.3191467315733778,453.5277113073012
WC,3257,537.008045028,0.3292515878192235,519.8609047684016
WC,3248,525.751033807,0.3222133586411291,477.3849012487075
WC,3240,549.170380723,0.3131019542449662,426.259944152832
WC,3271,515.431190775,0.4732494102821288,160.9683184156231
WC,3354,544.699268409,0.32325048344399,232.283516737994
WC,3348,543.452795269,0.3340663842392331,550.8168428907209
WC,3310,528.566986863,0.3916513792474099,485.2657722024356
WC,3316,521.856254755,0.37571154591000067,465.866558598537
WC,3347,532.978846744,0.36345071400649814,539.0189740648457
WC,3341,550.521093419,0.3529153565975464,413.17869316549866
WC,3346,544.176701167,0.33338219953989223,533.512144350538
WC,3349,523.732670489,0.3432030997996071,526.6974447811351
WC,3309,537.966981884,0.3767112667893389,539.0087983374502
WC,3314,534.837719524,0.3637863495972699,525.3776770199047
WC,3313,532.194620829,0.344477560349204,533.7673045139686
WC,3350,542.134184625,0.3479142540536069,457.22364424163226
WC,3311,529.529035696,0.36428269595920376,501.5201745126762
WC,3312,536.790907947,0.33872946920449487,538.2235572665345
WC,3342,534.537234013,0.3645935871325559,483.1774294385723
WC,3352,566.769817583,0.3664712114728612,437.2996108410405
WC,3299,550.513226034,0.2971549518745765,374.10927483053763
WC,3317,531.977044702,0.3433573394248338,459.3122953527114
WC,3332,554.035115194,0.35713817091976724,429.956127241546
WC,3322,520.438001799,0.34193191940787127,465.60559132893883
WC,3318,529.374642265,0.32328679111409697,505.1914087931316
WC,3320,511.393246474,0.3121664043824385,370.438781229655
WC,3333,541.410623073,0.37848943757881376,434.4135556987688
WC,3315,523.45971501,0.3810041439603963,486.05317149442783
WC,3693,537.268056604,0.2813230115259793,184.8698658662684
WC,3329,491.488025326,0.39742364627780324,287.59784001369104
WC,3325,534.024629356,0.3349623298247655,294.9369225894703
WC,3330,550.02906821,0.3920895599410368,426.5475150314032
WC,3331,540.818224908,0.3957340915291607,497.85755767822275
WC,3323,528.604605136,0.3518635352633834,459.8384837431067
WC,3634,540.065599585,0.32766238205050463,439.73948139863853
WC,3307,537.846181418,0.3234063813093661,468.22440457811535
WC,3308,548.442789096,0.34804173630294394,481.85657875210626
WC,3249,529.66410611,0.31186034995651035,356.00735530479284
WC,3254,527.959996312,0.3785427754223699,222.04736136642157
WC,3246,524.626619301,0.32249769762728775,438.32198794495827
WC,3255,515.262435857,0.3482037058422685,281.5575550154143
WC,3306,537.960257647,0.31289929017553414,454.85383815391396
WC,3319,513.483483546,0.3243638372142179,391.93647338268795
WC,3202,581.876744362,0.4815782606601715,1.3107646867340685
WC,3324,538.547846138,0.34338738575217986,412.64884490966796
WC,3252,527.01160499,0.30541760158774095,398.4782376756856
WC,3253,504.588840925,0.3004223642131316,192.1610964307598
WC,3201,545.046551573,0.4814892224967481,25.16668198529412
WC,3208,523.01804918,0.33594477993987476,470.3009119370405
WC,3239,554.770828388,0.2990816405585296,414.20035926968444
WC,3207,510.347891144,0.38095912090794026,247.20969169467105
WC,3251,498.542792835,0.2802202913944061,403.1962546255075
WC,3204,506.832206028,0.43061952641387297,117.70681831509461
WC,3203,556.284491767,0.4172077775001526,27.52610554414637
WC,3321,512.077400657,0.3297350496919323,379.090595739028
WC,3205,517.812614156,0.4456445668842278,133.69800657384536
WC,3200,537.395599774,0.48046902186087986,34.3420347924326
WC,3199,547.101768943,0.4680680372835597,134.74657434201708
WC,3326,568.496952771,0.2998503163704239,252.7283248602175
WC,3327,539.416262942,0.3801017015437923,351.04151509602866
WC,3206,519.511403235,0.3698813881376006,170.66133198457607
WC,3840,533.898806625,0.4311316529283294,174.65834574979894
WC,3912,489.375199143,0.44876098570724315,176.2412736780503
WC,3198,591.930075564,0.43995755035165357,165.94253423354203
WC,3071,525.623434709,0.4633349141321685,124.51489616842831
WC,3068,534.582244101,0.4209772816769672,256.36837514241535
WC,3072,541.972090512,0.5482058319161319,165.40826828900504
WC,3070,532.162538072,0.4601969749179409,281.5342873068417
WC,3091,527.683132717,0.3341696753063859,525.055416361491
WC,3087,543.290476761,0.3134061666137146,357.0294698378619
WC,3088,539.873226976,0.2937529823908183,280.4852113611558
WC,3066,534.261195026,0.34558842154321046,409.7162221571978
WC,3061,555.673061593,0.36450410499677915,493.33343520818977
WC,3067,532.217292509,0.40164410713669296,299.88236843931907
WC,3092,516.892735061,0.3348340101303759,471.05482509837435
WC,3049,520.627562664,0.4466201035615529,528.1899345547545
WC,3058,537.643693261,0.41264586892724037,524.264037846584
WC,3069,531.531359551,0.42878056656339214,326.8833274392521
WC,3056,545.224508628,0.39074518306720896,354.4011935664158
WC,3057,525.424659419,0.35632629741410743,463.7107885921703
WC,3062,553.525226605,0.34015310099200585,495.4314992568072
WC,3055,539.667927955,0.5357880233166594,171.17122404809092
WC,3060,573.897033907,0.37867900545992594,396.60623773313046
WC,3059,607.043542944,0.4309118645795589,486.5175386316635
WC,3089,506.118211442,0.3224792200411465,443.53266413071566
WC,3093,526.952079807,0.3845451186517042,437.76381803026385
WC,3509,545.736297214,0.39571756598055124,343.2278512393726
WC,3074,538.986431365,0.5797904351582894,143.1270815681009
WC,3025,520.289146968,0.3837438353470393,53.21199912276923
WC,3027,546.819742846,0.4791984722322348,64.22136293299057
WC,3028,579.823997519,0.5413517370456603,161.20866409002565
WC,3024,534.186148259,0.4221374280194738,70.2502851897595
WC,3019,836.527173068,0.40731751736628385,666.8482984655045
WC,3026,540.298810288,0.46587690711021423,12.844275650323606
WC,3029,469.497299257,0.31956870083298,183.4901022817574
WC,3054,579.236504338,0.5359222577498839,29.096464897604548
WC,3030,513.868199615,0.47679265709284924,276.5453169878791
WC,3036,532.351115432,0.3498843285884506,527.1379920510684
WC,3052,466.642529455,0.38258492036808256,267.8961545757218
WC,3051,522.62319671,0.4757500839811428,416.26154815075455
WC,3050,525.00885054,0.46133243335659696,498.5696320477653
WC,3053,464.895135087,0.4968239568612155,124.77389065611597
WC,3031,505.735932569,0.5144142093294758,231.98343529794732
WC,3063,512.342741224,0.32033473777389804,360.6948773851581
WC,3020,553.679670431,0.4895751533975183,464.48819553150844
WC,3142,508.455577529,0.34979748728498494,299.6212694953469
WC,3047,530.832610056,0.3682976092858097,523.9952418907017
WC,3048,538.665893909,0.38322677608742656,526.3551993874944
WC,3281,506.749032372,0.4931428243112827,47.45222147025314
WC,3506,537.319904635,0.42325659176911234,256.69873567468983
WC,3081,534.072307572,0.4020942085738486,238.0216969209559
WC,3082,521.737661891,0.41650316903947804,255.84675427605126
WC,3076,576.329526233,0.4422970712184906,8.38841624540441
WC,3238,631.458049216,0.27328175737986116,292.29902933158127
WC,3084,520.052423163,0.35835532305460405,469.22615141027103
WC,3080,531.404854093,0.3440449185271828,112.98180595846739
WC,3079,538.404942802,0.3572625194066837,106.16625105913948
WC,3086,531.44880286,0.3402449068472554,378.00106560202204
WC,3078,537.011099997,0.5287227519140899,137.36044347426468
WC,3083,508.012687875,0.3597630640234212,329.7695036944221
WC,3115,577.423221506,0.43202409563937044,434.1018004473518
WC,3077,532.67566554,0.5039999857445425,196.34145660400392
WC,3075,524.113580424,0.5014867189468123,187.16642886891086
WC,3237,514.790524453,0.35300851797773725,110.10350799560545
WC,3120,487.112260944,0.3303877429803213,491.51314559637325
WC,3118,536.03676424,0.23353259042303826,392.16226148418343
WC,3236,612.852483686,0.40595354735851286,10.486035814472274
WC,3122,514.435381784,0.36479589650364513,455.07448604808144
WC,3121,496.465344933,0.34978607350162094,484.4353054570217
WC,3123,509.271454498,0.3685756480867755,503.04616753073304
WC,3110,527.587371749,0.2892594259179388,387.69998788272636
WC,3116,549.528175354,0.38734370585262157,406.84032485064336
WC,3119,486.008409897,0.3559586909087656,477.35676849963613
WC,3117,524.452373627,0.3043559901768218,388.49145612529685
WC,3114,557.271770014,0.3828278412026042,559.6653895658606
WC,3112,520.698943637,0.3264709553029134,384.81780943029065
WC,3113,519.825245769,0.3510340815585739,500.15914315616385
WC,3085,523.910144247,0.3627355362073883,503.5654199039235
WC,3136,538.960500354,0.36945913012086434,404.7401140100816
WC,3137,509.333068036,0.43021726210031264,413.91464897604556
WC,3073,534.814993961,0.5591104040728764,154.3987542545094
WC,3046,548.78342062,0.33803274841890885,431.46334677303537
WC,3090,526.917179313,0.34473913506124965,519.0269760431029
WC,3065,510.634229646,0.32137062052782644,505.3942588656556
WC,3125,521.257800971,0.34036715315689303,510.64818997850597
WC,3105,541.851532773,0.3108694703596366,322.9495900172813
WC,3064,514.062663663,0.30682302950141577,420.72425842285156
WC,3108,533.449277663,0.34073551091807525,299.35894200942096
WC,3094,526.044937104,0.384843010858104,465.5495308371152
WC,3107,533.333543209,0.3542282797836642,314.82449385699107
WC,3095,533.389810267,0.4220733096677247,438.5495910943724
WC,3096,512.905382475,0.3753887145608199,453.2283399394915
WC,3109,527.461602115,0.3173929769559032,368.8255567662857
WC,3099,513.299237413,0.35541317333025635,498.5768996294807
WC,3106,543.070280621,0.3338474806806361,303.8143407185872
WC,3097,544.49816016,0.4069594053845656,473.1508747175628
WC,3135,548.894057232,0.3585635959811681,430.4300126019645
WC,3104,478.234151653,0.2942377093045608,241.1631804821538
WC,3102,486.10771067,0.22525820296441496,175.3667585485122
WC,3274,524.62118733,0.3934220682899906,375.15703178854557
WC,3235,516.355923833,0.3835853458933569,263.4615217321059
WC,3241,526.448880216,0.32714005350064057,514.3435797298656
WC,3232,529.987059742,0.3900078068398558,387.7202208275889
WC,3226,577.163139034,0.34045057756527836,413.93474997726145
WC,3244,517.437041333,0.30655618059677586,441.99038821949677
WC,3234,530.045105889,0.40799572708232545,202.11805222455192
WC,3231,507.835413129,0.3590195437254195,429.4016788258272
WC,3243,519.89974794,0.30558351786613175,435.43613619336895
WC,3242,514.800255412,0.3243443846247579,515.1303639131434
WC,3230,513.838142262,0.3216458300628102,450.6356759164848
WC,3229,519.426108655,0.315399385055167,439.3630269667682
WC,3225,541.371187095,0.2822867769624842,404.4967225916245
WC,3227,540.64171531,0.28220762689266465,519.3186731076707
WC,3228,519.751950052,0.28127975489729945,519.5806731579352
WC,3250,519.270958096,0.3026440999277641,390.87449654971846
WC,3224,522.641584285,0.3468656645022054,519.5798150455249
WC,3221,500.611992473,0.3961414977861176,499.13142601461965
WC,3223,519.461944026,0.3895390874105249,518.7931323780733
WC,3175,501.391091669,0.3477956845267973,498.86189240100333
WC,3218,507.033372795,0.3265650712833511,517.2191032858456
WC,3176,500.572425255,0.37242033266869157,493.3570935118432
WC,3219,503.107373957,0.36815503948689005,499.13103871065016
WC,3245,514.778210889,0.3208276889756064,422.5919863831762
WC,3212,535.675388522,0.4067485549207422,275.78278033686615
WC,3214,525.756291147,0.3933987004622337,325.06601706112133
WC,3215,517.985174625,0.3383773818050414,236.45880477007697
WC,3209,519.931084852,0.3134270733561503,467.94101445815147
WC,3913,520.250112552,0.45719758960077517,149.75284280215993
WC,3193,488.525924636,0.379582029268099,334.5039798512178
WC,3213,534.464208924,0.4471185047903615,261.6262381759344
WC,3194,552.884732459,0.35248013543824824,460.59946977203964
WC,3210,522.098021509,0.29435120210040244,345.77792472091375
WC,3211,526.229742043,0.3343695472669965,274.73446568507774
WC,3190,521.034114778,0.3819810614129554,475.2767698400161
WC,3188,553.025928659,0.4224932975297832,177.73669846478631
WC,3189,550.805748137,0.3570254634815816,320.3460144940545
WC,3152,568.564762245,0.38485483601334797,385.6052152745864
WC,3155,542.489673395,0.4399546796047406,476.83156250598387
WC,3178,524.46949898,0.4375050860218286,172.75388500737208
WC,3177,527.201277405,0.3355053786687827,306.97128849403526
WC,3181,518.642032749,0.38722094129075885,414.45291810877177
WC,3216,523.362484085,0.4590548578869786,257.43090631821576
WC,3217,520.730714018,0.35793924982297337,301.9954711914063
WC,3182,529.219363941,0.4308182808106819,382.2098469752891
WC,3180,527.797030014,0.40230167159667385,425.98709360758465
WC,3149,526.118631357,0.5455394118004881,130.28212935503788
WC,3148,521.133230983,0.5353612170023565,165.9326129688936
WC,3124,522.507634933,0.3561863030291335,530.0469529993393
WC,3233,539.050443269,0.3926856261839197,287.84124507530055
WC,3111,530.357249321,0.307140209666025,461.0990348367129
WC,3130,531.561247681,0.37672988242241906,524.0165798112457
WC,3126,531.808876223,0.34911170627987176,537.9105070226333
WC,3129,517.828604488,0.2546081416275692,470.8038032980527
WC,3166,859.92630805,0.37037584741354557,562.2966045604032
WC,3133,545.849031704,0.37787323198357564,479.7137247422162
WC,3127,537.646290692,0.32560841226075676,460.5796364877738
WC,3132,504.893771424,0.31246040709627,497.2780791637945
WC,3128,523.970147807,0.2548976142153659,447.47329251158476
WC,3131,527.461303077,0.3065581080797143,534.2405253391638
WC,3161,538.252445364,0.3793770736452925,521.9238096947763
WC,3134,546.022264368,0.3908660765486805,487.3146491555607
WC,3138,502.829313501,0.44915746362241976,478.4000253116383
WC,3165,865.251754913,0.2059715129282595,384.2998217115216
WC,3141,515.750724942,0.42872577028578585,427.5445131189682
WC,3140,512.282632682,0.39499255491083035,452.7092470954446
WC,3139,494.863404673,0.46370113983389954,498.5843341602998
WC,3164,470.568361679,0.24287232922410573,190.83895341461778
WC,3103,583.661244013,0.2614132463012922,339.98678765390434
WC,3143,525.342442254,0.43571478396290053,300.4082328347599
WC,3220,505.336607717,0.3634460145805745,492.8392033296473
WC,3222,509.429030886,0.38023716632976956,504.8991436229033
WC,3170,436.442769094,0.3571316755538331,268.95930774165134
WC,3169,325.340325259,0.4180376235736181,192.15121325324566
WC,3167,934.291888515,0.4574953952195755,864.2882308959961
WC,3171,525.611664466,0.3352143437441445,344.4567339130476
WC,3172,511.255539904,0.37162971938423905,443.8099353266698
WC,3173,511.188274843,0.36199941825993165,469.5004281436696
WC,3157,551.608351131,0.417479791858891,483.1250257903453
WC,3168,406.696336977,0.443869576396396,297.53324043423527
WC,3163,374.208978909,0.357787768660542,228.8497843125287
WC,3162,440.407590473,0.38427527412360984,398.9797026091931
WC,3156,495.39063235,0.41624676773245906,465.2982336306104
WC,3144,551.254996432,0.5354261172578688,308.0105644674862
WC,3174,505.894916335,0.3561626280186398,476.8409712548349
WC,3179,522.252805824,0.43439361828239975,220.72681501799937
WC,3159,519.056836744,0.39748606984970564,457.43589438644113
WC,3160,547.779738022,0.3849985425348405,544.9913713343004
WC,3183,526.33933939,0.41154553149495093,198.70735467648976
WC,3184,542.925712997,0.42809084905396905,171.44434970032935
WC,3158,481.707542923,0.4689173923023998,379.31789706361064
WC,3153,542.886750481,0.38072613980739745,411.55742914536427
WC,3154,541.683125162,0.39085280177423826,501.733883487477
WC,3185,529.708818611,0.4019287656676972,185.60053262149583
WC,3151,568.368941278,0.4723864502277321,191.62277230655448
WC,3186,513.842365083,0.4181518000970647,136.57900121352253
WC,3021,820.471916398,0.43569247571656916,738.4106570973114
WC,3022,1350.26206257,0.31317811260328804,1025.7015856574565
WC,2951,593.185244618,0.4022911023642671,398.4158154655905
WC,3034,513.390973617,0.37192792613029974,499.8777050242705
WC,3032,517.232964389,0.48249433610864756,296.7290596157897
WC,3035,519.27188247,0.33376718296763946,508.78954081815834
WC,3037,545.193705811,0.38887887325995885,449.54796034869037
WC,3014,553.881758779,0.4323027801778746,424.37910949108647
WC,3013,536.67366593,0.4688943631366873,511.6666242113301
WC,3033,502.635328886,0.41895757543492923,433.5596276376761
WC,3011,511.572845975,0.4183642163121209,514.5497216018975
WC,3009,529.384182121,0.37539401883408513,491.2190779442882
WC,3012,548.749932191,0.38918135326572156,514.287138785568
WC,3041,508.834039831,0.37082089217457737,519.2717383889591
WC,3001,565.800021441,0.34922038627962754,478.89751353544347
WC,3010,528.095924521,0.388238421887224,484.4043303246591
WC,3004,505.18300258,0.4049984690619677,483.6164016723632
WC,3005,510.353052418,0.3785929382315972,500.12952593635106
WC,3007,508.02878517,0.4224867559608159,459.5015411975337
WC,3038,537.278425823,0.3682890493120696,504.33150802313105
WC,2960,543.044528466,0.3433744957944653,174.57097859102134
WC,2957,556.973912601,0.426036795208083,274.437791891659
WC,3006,508.573702632,0.44150869849601077,431.7163522159352
WC,3002,561.12630813,0.3847348386314043,507.4689196119122
WC,3008,529.124643844,0.38652150922453254,443.2498439414829
WC,2955,530.180425724,0.3780325676811742,386.8853531781365
WC,2958,548.370385783,0.3055197086412166,176.40592205571193
WC,2954,521.822333178,0.3981151435750881,336.0339598412608
WC,3040,524.990405594,0.3871460297466784,342.86097941679117
WC,3039,544.701228886,0.4241345674400772,389.7825160307043
WC,2998,520.556397128,0.38187444672553605,525.2933221256033
WC,2962,529.306837782,0.3733767862485643,339.4434138279335
WC,3003,526.98697919,0.4084421391008606,446.656640176212
WC,3042,518.279219696,0.31033310729687363,495.94276024313535
WC,2997,523.459553991,0.36922490679601955,466.839952027564
WC,2999,531.548208517,0.38068981925265344,519.2643010457357
WC,2996,507.43389849,0.3666288625414765,342.85589366239657
WC,3044,545.872767429,0.34330153877013614,398.4331606696634
WC,3043,538.530998971,0.3316513452015511,382.704881107106
WC,3100,493.926981462,0.33946678801950614,418.1020281922584
WC,3000,546.975265022,0.34696089291711596,539.4472884234259
WC,2987,534.625306085,0.41164151497190576,364.61007313447845
WC,2995,518.600075176,0.3983656292971787,489.38134340772433
WC,3045,528.760352595,0.33391553109655847,362.52257265577134
WC,3098,520.840938304,0.42136645608094897,434.8792115155389
WC,2965,510.563293383,0.3684900471240359,512.4413040759516
WC,2989,505.754148742,0.4047849490156532,299.60466853123086
WC,2988,522.773681786,0.3741895619870686,429.87882681453925
WC,3147,510.947222206,0.4934163260413874,203.68009562772863
WC,2986,527.050861721,0.3438299755948278,334.4659205717199
WC,2985,522.542928854,0.3117911914005156,385.57890978046487
WC,2983,515.015226813,0.5177462946607713,307.9902556176279
WC,2990,526.104219556,0.44355996905323025,392.13354414397594
WC,2921,885.232355354,0.40214208217077363,658.1616571762981
WC,3015,563.542318682,0.4249343403170934,328.70398730109724
WC,2963,532.886548269,0.34663066319012054,397.89613189697263
WC,2956,553.430426482,0.39227759967634496,376.9254555496515
WC,2952,551.108826823,0.41716857996838064,358.31267350140746
WC,2953,522.653375372,0.4149172435883308,329.7425853056066
WC,2964,540.567248562,0.350687053830747,552.2836793188955
WC,3018,885.802478186,0.4511992557398601,271.5621553308824
WC,3016,628.218328099,0.43591868752275653,271.56123666202325
WC,2961,528.230042306,0.33432199463823836,305.3683860629212
WC,2994,513.943277559,0.38735877976435407,419.9194022683536
WC,2991,522.478473695,0.381122310503889,538.1360642077876
WC,2966,517.191567278,0.40690513656419863,507.98464409323293
WC,2937,528.838177599,0.42742472226344075,439.82748814003145
WC,2969,520.58509857,0.38873063121620605,504.05064167695883
WC,2931,509.299240224,0.3805234836215116,455.5527516084558
WC,2968,518.189184774,0.4386246825184763,444.81322485231885
WC,2944,555.207411336,0.42622826542321157,437.2057459513347
WC,2967,523.727610346,0.4320487143483264,512.7024678548178
WC,2940,546.391364257,0.43991361283423264,356.4750497855392
WC,2943,533.176862676,0.41937450365629975,525.2756420958276
WC,2929,515.418369616,0.3518529959629574,511.90615470736634
WC,2959,531.71058131,0.3245317561342465,216.77215474446612
WC,2975,516.284086665,0.45533755179924634,431.4445202995749
WC,2974,504.16374147,0.41011204872798823,487.79893526563455
WC,2992,514.005290394,0.38035995719615256,496.7207518932867
WC,2976,514.583063952,0.4431473599109661,439.8324020984127
WC,2977,523.530774226,0.46306779848547874,455.29795289881093
WC,2934,524.469139066,0.30603856074538127,367.7460944680606
WC,2973,515.28494305,0.4433476713405649,516.3698136871936
WC,2993,516.009237269,0.3922275045282399,488.8569518444584
WC,2933,515.054057978,0.3096741801058805,247.69734054266237
WC,2970,525.344311684,0.4359224878535982,528.6891682344325
WC,2972,525.918491731,0.42456898309145324,457.65535562552657
WC,2932,530.342870843,0.36328886829884405,450.572887914321
WC,2982,518.689522793,0.4353213121025669,244.8190403956993
WC,2971,528.819329111,0.48962326509285187,464.4706803564932
WC,2936,518.729730724,0.39151914185230213,423.31425610710596
WC,2938,535.601241633,0.4191538302741424,445.85597740622126
WC,2935,516.549229341,0.34348188117696066,497.49250150194365
WC,2979,516.430935487,0.39993659695635647,483.60725851619947
WC,2912,561.640661252,0.2919196083695971,367.99888296688306
WC,2930,507.980429219,0.38917997965867485,456.07648135914525
WC,2978,527.642268972,0.3919939351436596,444.8132654825846
WC,2925,513.407295722,0.35742733405092003,482.81036053825824
WC,2926,525.934001674,0.37996579615362724,427.7671213187424
WC,2980,534.695198794,0.47770993398948447,372.20795964259736
WC,2927,527.813709985,0.35763927746792223,488.0531930063285
WC,2981,527.428564074,0.4228637700761287,399.9929556154738
WC,2924,565.240062248,0.3717183021067733,446.6384872436523
WC,2939,519.773287572,0.43924902829652035,301.955453042423
WC,3145,557.101162412,0.5527710204484485,298.57365722656243
WC,3101,545.746006964,0.2885231974622163,94.89202533796723
WC,2984,507.85594094,0.42918155750363157,316.3785934747434
WC,2920,631.812128734,0.3841103288992298,601.5445089901194
WC,2919,522.939381465,0.34927516781402473,336.81177760105504
WC,2918,520.187520711,0.3956105930121589,221.2206272499234
WC,2909,534.692130209,0.35899695444491597,406.2644489363129
WC,2913,553.596715219,0.4001507534390003,444.27304929845474
WC,2923,630.354212712,0.38491453082322263,532.8725091672411
WC,2922,725.394434406,0.39561167564503585,599.7107148413564
WC,2946,545.134808083,0.4322319780782478,299.07182273116763
WC,2942,532.358095577,0.43003908532761764,520.0334607591816
WC,2914,544.330082197,0.45956878489452685,492.239392897662
WC,2915,508.973515922,0.45476151086886724,393.162829021379
WC,2906,516.710839708,0.40381578737001866,520.2792699477252
WC,2908,526.81904,0.4245895119159328,467.33529034782856
WC,2916,500.599875568,0.401205197034837,469.9612630806717
WC,2917,505.688459326,0.334280142845323,224.62759163052428
WC,2902,519.727131902,0.5002798439408632,175.34747152889477
WC,2905,526.018607201,0.37981782678295584,458.94592701033054
WC,2904,544.861774943,0.4358527080724074,250.04772922291474
WC,2900,545.981680912,0.4905630125108686,236.41734367819393
WC,2910,539.68273523,0.3572854723987039,341.7866330315085
WC,2897,555.417319477,0.3815265480102154,448.19501261991616
WC,2907,515.718323794,0.41473732690732584,509.00954518037685
WC,2898,557.202791068,0.4271504101010447,447.1474528293984
WC,2896,539.633289511,0.3736330408244255,416.48010364607273
WC,2894,517.546503809,0.34815164323312686,478.59718918145865
WC,2891,548.34338804,0.3092856154363525,482.7888032801011
WC,2893,529.917107161,0.3447088987231568,497.7298044541303
WC,2941,544.950506643,0.4254943963307053,439.04052088120403
WC,2890,532.204823921,0.29405052532122333,462.86834262025127
WC,2885,521.438247595,0.3693897373684724,370.868221208161
WC,2889,537.15619879,0.2971280430017226,409.92343549541397
WC,2887,521.2420319,0.2845064974844833,372.96610074510767
WC,2945,551.005382275,0.4055961760080978,382.9480377197265
WC,2911,563.469034421,0.264756091682775,294.0837671616498
WC,2845,569.839584928,0.29932834028251587,165.12208204082415
WC,2895,536.752313874,0.3199658001749489,403.89866264193677
WC,2899,490.435178829,0.47388919184479533,103.5306011723537
WC,2843,542.322939442,0.3866657624981905,497.98604230693746
WC,2852,526.939509474,0.40167587112009,503.4866694132487
WC,2847,531.662317221,0.3671318284685621,68.93178351907169
WC,2888,521.120846546,0.2991989930320917,364.84158492742796
WC,2892,529.485565781,0.30113954299977463,421.45788870418767
WC,2844,498.678547397,0.3571220471748701,342.82445170084634
WC,2901,520.916914116,0.4015296740191323,163.2904509600471
WC,2849,524.438928916,0.363242856638869,368.50880482991533
WC,2846,505.333417734,0.34379107487276667,208.36807753619027
WC,2903,498.728562701,0.5796285693035569,56.3523770500632
WC,2848,526.702238631,0.3865094846400817,289.8799120435528
WC,2840,511.588399182,0.3426732870203162,330.24253127154185
WC,2842,552.88455699,0.4130979213057106,508.46899635464536
WC,3146,534.076658357,0.5377238484470113,202.8936932732077
WC,2878,532.159395532,0.32892082190988864,394.45321335138067
WC,2882,517.042748905,0.3289923401854255,360.38272079766966
WC,2876,550.144036358,0.35013062135603856,240.34034205418007
WC,2947,546.25061098,0.4954886498478796,317.42059631347655
WC,2928,533.237832934,0.354391888429875,507.97417482862295
WC,2877,553.588806844,0.29850907169814017,231.42968678193932
WC,2800,529.515762205,0.3466212928492146,436.1171698476754
WC,2948,665.236513779,0.4253524822888635,220.70038137996897
WC,2799,544.849879799,0.40777411924565543,445.5517554189644
WC,2866,520.569051641,0.366821808912448,508.197160429113
WC,2801,545.002369106,0.3036166387911929,432.7109524595971
WC,2868,532.964550568,0.33762749204567793,442.14986994126264
WC,2879,525.927040757,0.3319285778056485,450.01789957682286
WC,2881,525.390660461,0.319390733704664,360.64436615588613
WC,2869,539.430608818,0.3604650091596335,428.5211181640625
WC,2880,515.446639012,0.31919187986422254,408.34508158365884
WC,2884,503.046631201,0.3379446332302784,419.6174465104645
WC,2858,481.368628265,0.40353286053845683,426.42667451746325
WC,2865,518.066662577,0.40985076516034763,319.22884781781374
WC,2862,446.432428291,0.4765846741042639,258.94808834300323
WC,2883,517.878906392,0.35622270983222043,431.14935153138396
WC,2860,412.760126702,0.42082506598996333,319.75406960880053
WC,2850,520.536355635,0.3261775120597361,409.9197297339346
WC,2857,505.360184667,0.39437391239743186,470.72110242656635
WC,2805,355.765235136,0.33386004017344834,152.0132159064798
WC,2859,436.506091637,0.39245727727745217,438.4826059079638
WC,2886,518.556697119,0.3185871964130527,377.68329240387567
WC,2853,499.805058443,0.3930257470589984,492.21572490018946
WC,2854,485.121338396,0.3486313272486716,445.5619081983379
WC,2841,537.300957934,0.4094719037475772,376.89571024576827
WC,2851,529.146903504,0.34353400769512027,440.0602513631185
WC,2839,537.335930854,0.38252635645311034,399.4355263205136
WC,2838,524.55295618,0.3744208475529666,388.9513332292145
WC,2832,508.80254296,0.3507717865922673,64.73744886809703
WC,2831,557.87961825,0.21573904820141337,110.07991835650276
WC,3150,565.979566292,0.5505783811107382,149.94262668385224
WC,2829,588.165497707,0.3232651793263116,193.68767490760953
WC,2828,591.427395157,0.3468999684218205,216.22743853400738
WC,2833,530.037950292,0.3197488533699606,133.14453890931372
WC,2825,613.464014203,0.31847101241976994,411.2229836856618
WC,2834,531.037962594,0.3519769559637278,351.47026950611786
WC,2826,585.309998162,0.29535556467161916,299.3100172155044
WC,2824,730.939443036,0.3192608384863875,381.0815674725701
WC,2808,523.073743033,0.41711447017415265,339.9328890632181
WC,2950,908.916666151,0.3204064449461527,526.0647648530849
WC,2803,497.853211365,0.3401775066599702,415.15235158882894
WC,2807,484.680300541,0.35680086074470097,226.97162421731386
WC,3017,631.172776386,0.5010563434889683,204.45767122156477
WC,2806,364.077606579,0.27603282158125175,145.1991647159352
WC,2856,502.252204957,0.41837513115879876,415.4198988671396
WC,2804,420.991237831,0.3488384841408932,192.11297550575406
WC,2802,537.176033672,0.34716717663662033,420.13142392027606
WC,2797,548.2680923,0.40420317255478266,433.75692285275926
WC,2855,503.551025749,0.4067116751993301,428.2632296094708
WC,2812,531.057038625,0.347056748433872,436.38311208089186
WC,2835,528.543739557,0.35325143583194946,410.9662115358839
WC,2809,515.144080151,0.4437656107265782,433.7615610459271
WC,2815,537.806495364,0.37942080294092495,235.88186786128026
WC,2837,537.26452155,0.3517211980827444,403.6283379349054
WC,2811,529.653937123,0.3141489190952509,483.2981368120979
WC,2818,544.619563336,0.4458224205199478,266.5469408820657
WC,2817,546.243148532,0.42821264603999276,250.29725512336282
WC,2836,526.218569296,0.339420636849744,447.660214622348
WC,2820,534.755330584,0.39233247720614917,317.65448404947915
WC,2793,533.583099082,0.4295815792804268,533.3486368216721
WC,2796,535.521654815,0.3877326803403837,464.4207048603132
WC,2810,526.558111425,0.3920020295873933,458.1365372302485
WC,2813,549.758942868,0.3458853355335863,478.31649615717873
WC,2814,537.770645493,0.35231390780654176,373.21757971071736
WC,2791,535.323123868,0.349453357950656,437.6863038904527
WC,2790,511.060665453,0.3313825042508139,145.1963571585861
WC,2816,544.527047989,0.4045546641486917,282.53445431578393
WC,2819,541.68080004,0.4402762230981159,266.0227589326746
WC,2821,539.60514495,0.40364435002482013,427.2089856316062
WC,2789,539.593165788,0.5133547186851501,40.62339618159275
WC,2783,513.216596227,0.4366416495412019,411.47381621716073
WC,2792,533.342234525,0.41929580203808137,538.590216513241
WC,2788,561.862874147,0.4678463664124994,35.64372938567517
WC,2870,542.117268046,0.3696078626373235,445.5572657865636
WC,2798,549.003766464,0.3615665088908058,369.28296466902196
WC,2779,550.726427986,0.3411326764549568,442.66138745476223
WC,2780,528.06614011,0.3791170646013736,401.25255147896553
WC,2795,545.107307555,0.37267933686119387,457.86791097603594
WC,2794,534.71693524,0.4008321374684073,533.0868999406404
WC,2871,514.150197748,0.33560405028897833,396.8077399758731
WC,2785,533.563529541,0.4040243319562964,339.4001995909447
WC,2782,523.989296923,0.41898358263314545,440.82751758051853
WC,2781,538.181427587,0.419683646601047,430.8685012817383
WC,2773,517.051583838,0.43956147536711043,516.3026809692383
WC,2784,531.053523341,0.39754071204640756,405.4455716899797
WC,2774,515.461464096,0.4551159555747851,414.8770797729492
WC,2830,557.95919041,0.22239235490288117,143.3657865038105
WC,2873,952.079780798,0.30373128189454185,696.9032815372242
WC,2867,526.623637514,0.33998139851251125,522.6122865564682
WC,2763,508.827739458,0.30973323636016864,360.6227928909601
WC,2761,544.120530097,0.24327821402762423,279.11480871462356
WC,2762,539.240655817,0.26176703248927796,320.78631514006975
WC,2778,573.38461718,0.26602464433042156,379.7601086784811
WC,2776,555.069868622,0.3609994248047243,325.76904778574027
WC,2775,517.10689797,0.45972517093833615,321.05174407958987
WC,2764,536.629333272,0.3669502838927123,421.42523642147296
WC,2765,539.183470224,0.39017476187763533,430.07367278454353
WC,2757,558.552531727,0.3778315855739098,208.08998057047526
WC,2777,570.28549721,0.29729251056456296,275.71176446652885
WC,2767,534.061765104,0.4072103425860405,360.6228793574314
WC,2770,574.793359985,0.3758785475320853,67.35487742704504
WC,2754,543.154794518,0.3557022172821592,530.9693886850393
WC,2772,505.961305564,0.3631476666314468,473.5823796889361
WC,2766,538.905722315,0.4014863277252812,433.4808585073433
WC,2752,527.253550654,0.3806547128420514,498.21020573634723
WC,2768,550.314444843,0.3520136445223056,203.37413099700328
WC,2769,532.385107956,0.4321523643901191,151.48269605449605
WC,2771,495.920096296,0.3270094270024981,229.32142594281365
WC,2742,555.643844706,0.3364385359386015,398.6227844836665
WC,2743,544.961276901,0.33790274226296907,322.09523327397363
WC,2786,535.185584927,0.5686530093064576,144.93348939185046
WC,2787,611.942841999,0.4573916466509709,79.9362309773763
WC,2744,526.738065286,0.3062464875490676,409.1052561741249
WC,2741,499.982826817,0.3219084252934975,491.6604342890721
WC,2737,515.348235894,0.3615265907376294,483.2732763253006
WC,2736,546.3671908,0.34430465982055286,401.2428423414043
WC,2738,514.003021295,0.3610692718820102,456.54128953522326
WC,2822,537.609989117,0.43316084289170326,147.81963689467486
WC,2734,511.485914604,0.4010229263263635,408.8420154347139
WC,2731,682.577010304,0.2237286884743174,180.57201020483876
WC,2823,562.835576724,0.420759455913923,187.13353217629825
WC,2827,583.369403728,0.34271396259375253,170.62288369571462
WC,2732,602.178123787,0.31314059929931803,356.68865808225144
WC,2730,576.761431319,0.4666303775829977,46.91179426604626
WC,2719,569.342748747,0.5314422806469493,156.71994147207224
WC,2733,554.954536005,0.3626315844943617,471.4790168612611
WC,2727,564.574658821,0.45551691065350225,264.17315964044315
WC,2726,575.354767615,0.4626572902356424,203.10890640557983
WC,2724,567.565522048,0.456121354568928,301.12432753619026
WC,2723,568.240522562,0.44728436632810725,385.77385583017383
WC,2721,578.104045995,0.4863716863159441,306.62663942224845
WC,2735,526.879736955,0.3934731120037927,355.90259240842335
WC,2720,618.369647502,0.4974441930045926,322.35067524629477
WC,2863,474.165785165,0.34660955707562296,347.01026270249304
WC,2664,534.953469807,0.286664254347851,396.51129015754253
WC,2676,502.663036056,0.35057811596689487,515.2295446956857
WC,2673,505.223639848,0.3129782168563786,345.14763596478633
WC,2864,516.199365557,0.36870951275403635,391.0418471392464
WC,2874,1014.03135538,0.28648100960573164,686.6834815530216
WC,2677,510.231326311,0.34574110368490923,446.30454825607
WC,2674,514.360692981,0.3419438178064647,424.5543334063361
WC,2672,492.893668407,0.27555411877483754,307.4099879545325
WC,2678,521.950592295,0.34074405301191807,429.53136491962505
WC,2666,517.613584048,0.35161091839384434,399.9191670137294
WC,2665,513.830942329,0.3371139114715634,349.8633804321289
WC,2875,572.978038572,0.32518897116815526,296.9522755342371
WC,2663,530.627145203,0.388616147075306,358.51037717333026
WC,2671,552.857547342,0.24012289515237928,342.7903630873736
WC,2872,522.829289719,0.2931113763021038,288.82557175580195
WC,2748,531.496257755,0.34900118278653763,532.8052821739047
WC,2755,545.010007896,0.3779282321386478,267.31926323385795
WC,2668,533.81043646,0.31027637070484376,419.8377604765051
WC,2670,571.206483871,0.2581585198640823,367.4250394035788
WC,2758,585.58703501,0.32662637078665124,161.17804807775158
WC,2669,534.689412324,0.3214093226888846,366.63760016946236
WC,2675,493.386895631,0.3590074123050037,497.93380064122823
WC,2683,538.708781789,0.4561455103906036,212.01280080757888
WC,2667,521.487008785,0.3358510903535633,342.7883116778205
WC,2685,535.318718463,0.43200308773714746,304.26038252886605
WC,2686,550.38653453,0.4187191689464162,246.60554157331876
WC,2656,514.228606713,0.3924309471518501,424.0225831873276
WC,2657,518.454592204,0.3678878918178099,348.5481272678749
WC,2681,518.475597138,0.4160977113075841,401.7502880320829
WC,2679,507.855169824,0.36895249119593887,469.6270868937175
WC,2680,498.641823525,0.41054828421793127,488.23328438553153
WC,2682,535.790544876,0.3741045624706217,238.21955665139592
WC,2648,481.751717208,0.35078562283252224,402.79369533763213
WC,2684,532.129642755,0.4808288521236845,224.06794783648326
WC,2649,499.834497675,0.36804954227324044,491.8962360157686
WC,2646,545.695596958,0.3684880698517877,51.364548567229626
WC,2647,546.111822118,0.26271241247711224,272.8094707713408
WC,2651,545.540375222,0.37965151704352984,552.4324974508846
WC,2652,528.040662797,0.375864832294678,520.1989898980833
WC,2655,509.942498188,0.41321492290795175,481.67666434493714
WC,2654,522.347111674,0.3629116626355596,523.0822379317938
WC,2650,513.271399347,0.39004664235591174,517.0536642336378
WC,2653,527.50170841,0.3732642724967996,522.2958406036976
WC,2615,507.358361027,0.3730609751113541,512.3277439790614
WC,2747,526.170504389,0.3494803545862632,481.1758251414579
WC,2760,580.343027711,0.28872311735937206,310.8256289014629
WC,2689,546.054444222,0.501265196595341,268.35745720956845
WC,2688,506.271773068,0.47816611265552067,353.0054461310891
WC,2687,538.367897583,0.4714680029010082,289.06083341112327
WC,2756,553.196699685,0.36753314092159267,327.5973953546262
WC,2697,524.740844441,0.37218551597090715,460.7154598460477
WC,2692,537.639408963,0.4828568580026775,317.88802882175816
WC,2696,528.460775587,0.4269373239327571,365.0605882233264
WC,2695,537.966026915,0.3845899047274167,402.0115449494006
WC,2691,543.374355522,0.48947958201169967,277.79185455920646
WC,2694,518.586010822,0.3897989964592971,449.18303399179496
WC,2606,479.673929553,0.4514115385508259,67.34971633611941
WC,2693,535.046843865,0.43741936527221786,468.3143529854569
WC,2609,536.650791687,0.55501562905939,149.3746566772461
WC,2608,489.673500013,0.4751281922897406,88.83865544936236
WC,2644,502.926324742,0.337132922123008,256.0358243755266
WC,2634,528.843296582,0.3469242153646087,327.8375193876379
WC,2645,559.951652744,0.300449850992723,144.13501051360487
WC,2690,551.480987881,0.4372359594463355,296.92254839130476
WC,2611,525.898937187,0.4147211791513066,410.1254796046836
WC,2710,550.442270555,0.39931027890208437,489.8113690544577
WC,2713,563.900801763,0.4581134294271469,327.59051866718363
WC,2700,524.486316652,0.3968172070399628,500.5516575233609
WC,2759,583.898946488,0.3268864639531607,114.00418090820312
WC,2746,529.854718743,0.334893651590669,446.843661738377
WC,2749,525.17383823,0.36475948855213786,523.8943443447935
WC,2709,537.313213905,0.4062898418172591,330.4718834372128
WC,2711,535.499621723,0.40494837375057235,384.9832196403953
WC,2751,522.403653692,0.3979804511455929,525.7285521862553
WC,2753,537.586640477,0.3722150550660002,499.78239452885657
WC,2740,502.117163765,0.33750395745527556,495.59148490756166
WC,2714,565.29458908,0.46082894949281344,364.0187197816138
WC,2708,526.901230623,0.3730317689581249,474.6106621237362
WC,2745,524.944610068,0.3320728882265061,407.2702767764821
WC,2603,509.078301505,0.35864173318153103,172.17386878518496
WC,2739,506.971211158,0.3555735590348945,521.7991902370079
WC,2715,560.063679929,0.5135615951467768,300.33542130414185
WC,2717,552.188835492,0.5261364892176691,302.9566937914082
WC,2718,557.764950909,0.51443698157776,286.70841169170296
WC,2601,555.282443259,0.3902052343142765,311.06491833855125
WC,2705,515.14086778,0.3372292624428254,464.65087890625006
WC,2702,519.311583063,0.3818933432369978,508.67722102146524
WC,2704,513.664137516,0.3365685127864554,495.8368925206802
WC,2706,524.048391055,0.3391065028595688,475.396515341366
WC,2716,548.238802682,0.5280069906097982,240.3210311889648
WC,2750,529.906089693,0.3670461712700773,518.3906118654737
WC,2699,522.812285284,0.4155125652851299,528.5923252778895
WC,2698,516.73652461,0.3897369781130329,505.2674907310336
WC,2712,552.615813976,0.43891655334404533,352.22495290718825
WC,2703,504.474892844,0.37251418783548196,498.7191075343712
WC,2605,488.518120461,0.2238073135043848,196.02237040201823
WC,2604,483.66200923,0.2042161673745688,178.2017677755917
WC,2707,521.121382,0.3531261678246256,503.70035642736104
WC,2701,504.544719105,0.3781610585477,495.04901176901427
WC,2607,473.844643652,0.4071124009788037,96.43856407614315
WC,2347,681.12483772,0.38425440992543247,158.2693173277612
WC,2500,501.344809224,0.4150871489842734,491.35738776711855
WC,2479,562.727704213,0.4183734113977609,418.76795370064536
WC,2503,510.026604385,0.38775875398779386,502.3612100040211
WC,2476,502.983647206,0.4201448848690058,468.0329732259114
WC,2480,515.819283805,0.4267460082544359,476.15925230138436
WC,2474,523.94314081,0.3786527722355455,500.00254696116724
WC,2472,543.847288654,0.44116295865324673,399.63362944359875
WC,2471,543.735160241,0.421037387695068,357.7045190848557
WC,3023,526.121153407,0.42900916632016495,196.59569684196924
WC,2861,422.837709525,0.4669348228451431,237.45670695585363
WC,2486,563.553691955,0.3987053655411886,48.21899198644302
WC,2488,533.906517322,0.525144749659079,212.26845505658315
WC,2492,511.620819899,0.4676419040696187,230.61270276237934
WC,2485,538.919195643,0.44254710422172255,100.36884325812844
WC,2501,481.397334309,0.42283745666996375,479.56399491254024
WC,2487,485.711462874,0.5829191309512909,125.26450320973117
WC,2949,749.74270787,0.41296754327941454,413.61722941679113
WC,2491,510.51492715,0.4741269930677554,232.9713301714729
WC,2489,519.513663241,0.5018621429398253,116.35459639605354
WC,2490,492.917201015,0.5017827315763993,20.178618756462548
WC,2493,511.753009703,0.4195669136726806,254.72206815831805
WC,2484,507.30058448,0.46519261012281143,416.9362594604492
WC,2495,538.043354818,0.444754186646596,405.1434652889476
WC,2662,527.391143993,0.41323283531566174,363.7510597976985
WC,2532,544.552641296,0.4366681790815857,525.1649272544712
WC,2496,534.823787804,0.4465383452858588,387.32291340547454
WC,2482,508.382551577,0.44245138099587233,447.59580476050286
WC,2498,496.127351608,0.4202158600255414,477.732134142109
WC,2497,533.119191057,0.4199264061576484,385.74991903866044
WC,2499,483.18572752,0.43532545293529074,493.71680501302086
WC,2526,520.669948824,0.3285690391945441,361.375279265759
WC,2478,526.321873566,0.40857902221031234,384.4375429938821
WC,2502,490.619288193,0.4098367467366752,501.05178704355285
WC,2527,538.567694808,0.40348614345796924,353.51428683411837
WC,2528,543.651930365,0.3691996855377006,491.09483798157936
WC,2483,496.839548142,0.5204983209558015,425.583213447122
WC,2525,522.415551443,0.344670143716541,449.6874422858743
WC,2481,497.136269649,0.4316436181924925,374.2187387803021
WC,2505,507.809656346,0.4373633611087309,489.256941911286
WC,2494,506.810115432,0.4664223397831542,173.48329054888555
WC,2504,509.921663438,0.4077823822324285,513.3667484059054
WC,2529,521.767883446,0.3834680621693661,322.8548260857077
WC,2530,536.256388944,0.38286032996577,264.41640684838393
WC,2531,548.057705128,0.36820383365569814,538.2679341634115
WC,2537,489.967047953,0.396260459435994,471.17962179744956
WC,2533,499.580042121,0.41379260696612774,302.4148153866039
WC,2536,495.013187915,0.42088159210537285,419.030481226304
WC,2535,492.777049477,0.4040432441210376,387.05973863788677
WC,2519,511.601992822,0.3056545059658291,455.18627301384413
WC,2467,606.20241546,0.3878088014808343,101.15251668294272
WC,2463,516.871667019,0.5104357228898571,433.69743362127565
WC,2469,566.547023952,0.41544661174217856,191.82352396647136
WC,2449,521.544381731,0.40807206593697365,400.93399272245523
WC,2477,502.135570153,0.4347966938620097,475.8950167188456
WC,2454,514.044272948,0.32756844004715036,419.5431647207223
WC,2443,502.572302409,0.3748853449820139,468.5378851497875
WC,2459,505.165255754,0.3579489618986766,489.25012425441355
WC,2462,516.073346509,0.4129676176709418,421.9037625181909
WC,2475,463.75236528,0.39193034966786694,420.5996268777286
WC,2473,531.671613571,0.4024765721267366,439.46672004250917
WC,2470,606.578674927,0.27721395553539163,203.61640672870712
WC,2453,530.496707708,0.37044059291035525,463.56665918686815
WC,2506,504.596241458,0.4273332552309766,502.8828880160463
WC,2511,496.912295867,0.3852791842689344,411.9469712201287
WC,2523,499.762172521,0.38991133850890325,504.45548412846586
WC,2507,525.3751489,0.40902718040744657,522.5360806334252
WC,2522,502.343071821,0.39643306800405625,494.4966520122453
WC,2524,517.50188378,0.3881242464223797,416.1436904608035
WC,2455,475.614386891,0.30788235370435924,477.19532012939453
WC,2513,520.716376474,0.42659411465123603,278.5622422461416
WC,2516,537.523799121,0.33302519249532037,398.5816776051241
WC,2520,475.125147689,0.3693297019139143,465.1451957852233
WC,2510,520.109053335,0.35217193949142567,273.321179707845
WC,2458,512.079747622,0.3574573078017304,488.20153114468445
WC,2456,467.407018985,0.3737776104318962,466.4514455458697
WC,2457,505.880709479,0.41081785894141837,507.59320876177617
WC,2512,511.360995019,0.37764721108231564,433.9593474444222
WC,2451,508.256664174,0.3830960692645957,373.9442880069507
WC,2514,528.055199999,0.4471009942156195,291.926960515041
WC,2450,508.851476022,0.3923040535016161,342.7598943373737
WC,2446,509.789168166,0.36761427386189055,413.7724548339844
WC,2448,523.162269828,0.3692489421359435,380.4936753216912
WC,2447,510.82292105,0.31474245920907945,388.6167179780848
WC,2452,523.118705903,0.355918364881902,440.5054548375747
WC,2460,508.445830644,0.38131839958299335,509.4283954395967
WC,2445,510.422010452,0.38606412300797927,498.67483442717906
WC,2509,530.113325207,0.31604719887991417,399.6311688890645
WC,2508,511.462433346,0.33344565504866924,483.2269876517501
WC,2464,532.168030262,0.5384079119602956,176.36152589087396
WC,2442,507.12875262,0.38462850467904525,427.6580762975358
WC,2439,516.83644909,0.38089922430413464,355.8558256560681
WC,2441,496.891523242,0.33793327535738,476.9216562906902
WC,2461,516.192107143,0.4068474776300964,494.75388186585667
WC,2414,509.156287126,0.3681070530708966,493.422185680913
WC,2661,545.281116167,0.41331039407571696,467.00517147288605
WC,2534,483.470211166,0.41565007833749296,266.250908945121
WC,2659,516.067343003,0.37252876881495517,404.107549869313
WC,2521,489.675832039,0.4051051903744783,490.8273765115177
WC,2658,520.521105962,0.36809582564506355,408.3000075994753
WC,2542,530.562626274,0.43888147914796094,525.4247811710134
WC,2538,491.278072957,0.39058738173469537,474.5864805632947
WC,2660,529.313638512,0.4011288962426836,483.7768675561045
WC,2539,492.074399799,0.37804689922554147,502.3644164141486
WC,2540,523.786799455,0.3861818922194219,519.6593628528071
WC,2548,502.996807108,0.39788823209910185,433.4419169407265
WC,2546,505.269164501,0.39602254547964594,392.56134155871814
WC,2547,500.993885385,0.39080220116119757,400.94717619652846
WC,2632,573.872553689,0.31447550826919773,131.29172641529755
WC,2551,492.484549223,0.4022194881040807,501.8376129748774
WC,2549,499.654248672,0.3690924672861016,486.9016649732402
WC,2544,512.89932345,0.39362544268112903,456.24133848302506
WC,2543,521.728210497,0.3988721754355381,482.447228973987
WC,2545,515.901728683,0.4100991478526448,391.51287060905906
WC,2550,513.797686124,0.3729792572206852,500.5281092325847
WC,2633,547.965385887,0.38920857690976174,102.9894738590016
WC,2553,503.523799973,0.3946703006294946,497.11938033758423
WC,2628,546.16121707,0.2645125181533827,312.1105802648208
WC,2627,544.172742564,0.3317104094627762,337.26889821968825
WC,2541,521.915802288,0.40914441719276823,521.4940634334789
WC,2552,497.077129085,0.39987527736753375,495.2855318854836
WC,2631,563.409544242,0.2981807583749699,270.18261126349955
WC,2556,515.468134688,0.42490171524961645,482.44261046764905
WC,2557,492.402690852,0.4645120596430104,493.7111831365847
WC,2558,473.9053613,0.4479889951654805,460.6921713735543
WC,2566,528.199511499,0.3599093768081261,377.6177653892367
WC,2562,507.808276775,0.3832153080152021,493.1853910857556
WC,2629,534.21601536,0.26037469870752566,254.98225268195654
WC,2561,504.295143828,0.38265104047469684,507.86065003638174
WC,2563,483.2451777,0.3860029722275101,481.6549842984068
WC,2405,536.702329221,0.4003682452440262,39.306242550120636
WC,2517,529.492583373,0.2996491509696586,303.19448149437994
WC,2518,580.032067315,0.28080022476038735,360.06036870619835
WC,2555,494.635030753,0.46183958150766324,421.1225704716701
WC,2404,490.070679418,0.45781329274177546,33.541289265950525
WC,2403,525.314713928,0.46112631885837224,126.30381098728554
WC,2407,535.41337477,0.3181629042001486,274.35827618767235
WC,2406,507.021279532,0.35887001253999223,157.4871177523744
WC,2554,500.026824116,0.3874521860246083,506.8147377762141
WC,2400,530.85848791,0.36902097675247475,361.6153813380821
WC,2411,484.31331319,0.3833984436122267,411.6671197031059
WC,2409,506.713898167,0.41472689926427575,396.99298050824336
WC,2444,509.142244514,0.3596128690464111,493.9571597529393
WC,2515,550.409324464,0.3299470025241573,394.388698054295
WC,2402,535.200074263,0.37500485566618685,238.45719894708373
WC,2560,506.106757298,0.4297172228547537,498.1649872125364
WC,2408,513.603971223,0.3904276345801184,441.27848540661387
WC,2410,484.146130959,0.4159385986746678,437.3472159292183
WC,2565,504.790644719,0.4404156039085227,497.3766943239699
WC,2636,515.143751397,0.4050437361290564,405.9324772554285
WC,2638,516.427237686,0.3794955780346207,339.8937698065066
WC,2635,524.142811957,0.37200294173668813,400.42869717467056
WC,2623,501.240973289,0.4394923173130981,504.72529183182064
WC,2641,522.4052527,0.41278702552289187,361.38410731296915
WC,2643,511.219234322,0.33994831725881197,370.2948301427504
WC,2637,531.739004259,0.40736893973147736,480.6203550450942
WC,2624,514.659725287,0.4437351731798833,516.7798392501531
WC,2639,520.697853662,0.3487400380929263,435.808315561332
WC,2640,511.212608075,0.3619242359819523,381.82414242613555
WC,2620,503.07067687,0.3761440424945965,442.35607210047107
WC,2559,511.749447743,0.4032148951871742,506.55078445135376
WC,2564,501.420135529,0.4136820028032192,511.52816751517514
WC,2569,503.33722429,0.32485890627369696,405.393944385005
WC,2626,522.720026998,0.4029320976560294,312.6358587227616
WC,2576,568.952384801,0.497522830790867,272.01070852840644
WC,2574,520.206912916,0.4526455936277841,356.9155650419347
WC,2625,514.570590596,0.4491602722724218,346.96576086306106
WC,2573,524.896291494,0.48280702552933613,289.3059198716108
WC,2575,546.583021724,0.4281640541404018,334.37906631768914
WC,2622,501.327337967,0.397588981836952,474.5886911728804
WC,2621,500.464268063,0.34797680992206537,377.6267932667452
WC,2571,532.950160491,0.42751318010955286,327.0411412856158
WC,2642,532.696557694,0.3899921478968329,403.838642135321
WC,2630,549.839783919,0.29284186758832903,416.14872918222466
WC,2617,504.916752156,0.39649860065226145,501.8443540685317
WC,2592,538.179739595,0.48503373005113554,474.3220548442766
WC,2595,531.470001618,0.4092627094660192,453.35878424550964
WC,2616,501.133109153,0.3789239167520993,483.5003316542682
WC,2586,529.381851631,0.42046796016092963,529.8723468855316
WC,2610,509.468393762,0.3538874002940514,178.20172929950786
WC,2614,501.316406848,0.3957660377789766,490.5772019928576
WC,2613,505.071269913,0.4111436665306877,502.37042550479663
WC,2612,529.775115278,0.4195565551618405,473.2819348503561
WC,2600,577.263961662,0.44845640616229737,380.5102815515855
WC,2598,564.53375614,0.4048018635831017,361.6407403384938
WC,2602,556.84092432,0.4453154697129185,269.1357949649586
WC,2596,552.547613071,0.3722055054615467,530.1423708149032
WC,2599,560.318896639,0.43618335259380653,364.5240136539234
WC,2597,550.233904225,0.40150517682190845,477.7318002139821
WC,2583,571.93271512,0.38423932349230133,283.540740218817
WC,2618,500.001941267,0.42144523439767817,409.0752033009249
WC,2578,566.823486713,0.472406153519129,381.2864725449506
WC,2588,480.502174775,0.45289608681168864,377.8826606301701
WC,2590,541.020897175,0.4110811560498358,469.86490310968145
WC,2591,530.624646902,0.39841349916723817,446.804921468099
WC,2589,519.270884847,0.42111665797324815,513.6275800517961
WC,2587,535.491693917,0.4245884151557298,532.4938382317038
WC,2619,502.469494563,0.3965674782116641,477.4723284553078
WC,2593,504.900299971,0.45057788822386,226.416679651597
WC,2570,519.859353864,0.37083454721262704,352.7218360152899
WC,2572,539.244090077,0.47111411354985033,238.2056382123162
WC,2585,535.817886535,0.39572541648134923,535.8987585329542
WC,2728,658.585971541,0.4697643398663622,163.01177930644917
WC,2035,594.502863172,0.5915620790396122,181.3174066580978
WC,2031,546.970561403,0.5920130907774543,109.26206243178423
WC,2025,669.624938893,0.5012175216368845,216.4267133824966
WC,5335,573.996572925,0.2854196403145171,353.4436717912262
WC,2026,720.825365578,0.5263312981403332,156.94884592692057
WC,2030,566.062398237,0.47656703591346733,40.61301751230277
WC,2465,549.109306549,0.4904673627669291,109.27596686868107
WC,2434,481.399906012,0.3566950737002964,470.6270685233321
WC,2034,557.107387286,0.5582035992826735,165.07227280560664
WC,2032,526.407781888,0.6216033115487805,86.72840749703201
WC,2033,491.571379205,,0.0
WC,2028,580.101295167,0.5745630598477979,243.93951822916668
WC,2029,614.787987058,0.566699906496417,232.93506275251798
WC,2037,571.863593938,0.6116326456211348,159.04570387297986
WC,2060,533.273158877,0.28669026463837444,323.32564807966645
WC,2016,535.955508821,0.4866673058818002,420.00956794888367
WC,2014,521.903459932,0.43817289866131853,364.19936924354704
WC,2022,562.623297757,0.4105594520097815,279.83424018411074
WC,2015,520.670858424,0.5014267403041721,414.7690048217774
WC,2018,469.031465606,0.4171876077322742,337.73768525965073
WC,2021,521.032176291,0.5453880938274245,306.8214219037224
WC,2023,550.49108851,0.5566242002711004,192.58257203943592
WC,5347,609.16269502,0.32094415659737435,205.98163353415097
WC,2020,481.920348086,0.5316487844809832,336.1667713838464
WC,2024,595.000577682,0.5387955373265841,216.42641359217026
WC,2062,546.778309153,0.3591486018662358,334.0671261058134
WC,2036,579.188498043,0.6219233214209657,145.15869272269455
WC,2027,569.71243753,0.5175391434125565,312.84993238262103
WC,2040,574.319386085,0.5106551848365333,291.88914756026924
WC,2273,534.920383217,0.34877684608952864,233.99542445762484
WC,2038,569.786693052,0.5386698350851667,274.0722497977462
WC,2042,541.885032302,0.4847888110004633,196.77593793682024
WC,2046,557.422623762,0.6043396082724104,210.9240386065315
WC,2044,514.28872108,0.63073387717813,96.68463404038374
WC,2045,525.114198944,0.6469614334589193,126.8165812772863
WC,2041,555.481321862,0.5043862888204127,243.15341096765854
WC,2043,583.632899301,0.6010983801571921,200.96787190156826
WC,2058,534.805911926,0.36433844539742416,434.41924205106847
WC,2056,474.77721062,0.40160993159557457,358.6973735435336
WC,2106,527.661294593,0.5373241796572502,166.11619870054955
WC,2039,563.066511072,0.46069461044966215,325.9520451863607
WC,2107,417.491973339,0.4962327669618467,61.04907696293849
WC,2054,525.134955187,0.501349460440775,519.0523500629499
WC,2055,458.968800699,0.4234066859146074,453.2854884428136
WC,2108,437.705045415,0.5712138652801515,187.33958135866652
WC,2011,510.707732711,0.49267260235838367,457.2122172935336
WC,2008,523.379518464,0.4950337628397162,494.4156346938189
WC,2010,521.336309032,0.5154204739783911,467.43013048358983
WC,5443,465.757546021,0.3630371151786101,49.858537561753224
WC,2067,624.883690054,0.29234911210157655,461.14134156470203
WC,2012,522.21774234,0.4324091868331118,440.7060761694815
WC,2065,539.880511737,0.28740121065868085,378.0852108226103
WC,2013,514.114172788,0.3986380664576843,435.7282607733034
WC,2068,607.964384093,0.3595134801836128,328.82405664780566
WC,2009,502.299693235,0.5200350632061476,374.1530015833238
WC,1997,527.568555278,0.43024595454125564,465.58573401955994
WC,2082,547.799660256,0.3960052342184129,365.4995165656595
WC,2002,536.229042973,0.42267996023696314,413.7118267582912
WC,2001,510.587483722,0.4362784081971959,398.25270948223033
WC,2007,517.230250646,0.5015662525530746,522.7118824977501
WC,2006,542.569651221,0.45192977045728544,537.3834379009172
WC,2004,554.563488808,0.41545933624411413,498.6043702368642
WC,2005,524.68636718,0.43040559115586113,524.5442208981981
WC,2069,585.852295108,0.463875256563069,463.2351219925227
WC,2072,528.586974923,0.44305339529445786,528.7370319142061
WC,2078,539.111509892,0.4301451070763388,468.47103953642005
WC,2079,530.713364892,0.41110050146560456,453.79784061207494
WC,1993,525.098594765,0.394758479478498,495.19008905747364
WC,2064,506.719976124,0.32472125950089176,274.85202074237895
WC,2017,514.836925447,0.4557913154976849,318.3481713687672
WC,2019,516.101249612,0.4508543445839795,514.074790505802
WC,2066,559.174727673,0.26185929501984556,397.21152089436856
WC,2075,527.553878143,0.41758880662021663,397.2065900316425
WC,2070,438.813858665,0.4790890769342358,373.1045334161497
WC,2057,528.113710637,0.3954470360799566,498.0886666690602
WC,2059,527.192472669,0.35380352494496325,365.77156237433945
WC,2105,569.82326658,0.5194931669098338,54.76064707438151
WC,2000,517.04044085,0.4576054789068163,337.99014641256895
WC,2073,506.090378676,0.376976532129662,498.08182358087276
WC,2061,538.650822979,0.3927492526548156,239.74236219817513
WC,2071,504.818088365,0.42902533291159456,484.72027761421947
WC,2074,510.64203645,0.34277506781462874,428.3867779900046
WC,2063,534.994977442,0.3390296574089636,370.74890525668275
WC,2154,547.015760116,0.3493040481770352,378.857396922392
WC,2103,570.253494837,0.5530566700444316,237.3829801671645
WC,2099,539.873930733,0.478950212930886,200.6998757156671
WC,2003,562.777110447,0.4059349783285092,487.86107264500043
WC,2076,482.810908503,0.4081919518745306,432.31550149356616
WC,2077,500.547524516,0.45797893559756725,479.21436315798303
WC,2080,528.208601981,0.4089155179635412,405.8498576145546
WC,1999,520.072153301,0.4078069823511731,439.9103551827225
WC,1996,558.65991733,0.41417199195369214,482.8772212308996
WC,1998,530.888443763,0.3554199484805277,468.73028573428877
WC,2081,535.057455594,0.39907373769630783,363.1419774373372
WC,2083,539.574224698,0.3846727431734646,427.07064909093515
WC,2468,567.842466701,0.34420154263987335,221.43524992699716
WC,2433,501.725673563,0.33007865280020415,436.03673218371836
WC,2047,472.63946123,0.29874417735763154,83.05945048612708
WC,2048,548.008312091,0.4553488894879031,317.564671235926
WC,2274,525.360959736,0.3953490103128601,350.6005994011374
WC,2275,512.640034199,0.4051329047280424,394.09868636785774
WC,2272,533.310914198,0.351759697598202,369.989881328508
WC,2277,519.847993861,0.36963881435154466,356.89083278880395
WC,2288,531.440613271,0.40339785250308113,423.70880530862246
WC,2276,497.488901601,0.4098695872837167,396.9815000646255
WC,2431,519.771233939,0.3087590542636991,469.3144664988798
WC,2429,535.367875624,0.42547801698492305,196.7919429704255
WC,2278,501.711223494,0.42936535581278823,345.09927727194395
WC,2280,498.703105095,0.4037954894380539,389.12148464427275
WC,2430,523.656383845,0.33197540788583346,465.12114999808523
WC,2293,525.042531958,0.4027186016733271,455.4119862575157
WC,2294,535.255708759,0.4156970153091016,403.52891378963693
WC,2120,517.899117324,0.5562626180740503,40.87460910572725
WC,2271,724.808134834,0.3380708279109091,489.2137185788622
WC,2266,478.058566372,0.4951785840800306,442.3078079822018
WC,2268,878.419499938,0.36283808469125634,724.5140929876587
WC,2279,497.632288202,0.4089128957315067,402.2232305489335
WC,2263,470.233185447,0.35450947508317554,384.1351947260838
WC,2267,619.850786705,0.39030633846420903,460.1252599678788
WC,2289,534.085767334,0.41655557916515124,379.4245936075846
WC,2287,509.910552457,0.4124827640397209,365.01382730521414
WC,2291,532.214285378,0.37971215156860816,411.6533537621591
WC,2262,519.806522738,0.369906338626991,525.1061205396464
WC,2264,511.160372589,0.44782001537419297,461.9593488506243
WC,2265,578.983049668,0.24916976632734225,244.21126337986368
WC,2121,528.824837017,0.5563496351242065,24.891590791590072
WC,2111,390.222513918,0.4530064052587703,242.88745930989586
WC,2050,461.449335201,0.602290558012444,159.56787647920495
WC,2132,530.500193331,0.33680740796619063,440.44441579182933
WC,2128,515.734064881,0.3579009748741307,461.1465507956113
WC,2051,288.181363253,0.6024096608161926,14.148855770335478
WC,2053,375.762915688,0.47350356320112635,280.0943042530733
WC,2052,283.055165419,0.5695528947577184,64.19384451473461
WC,2114,490.379459427,0.3851348797001513,326.2096490299001
WC,2049,537.2963577,0.5228755512765346,274.59346905876606
WC,2466,515.686187127,0.49950062034943676,198.8983006196863
WC,2113,452.253538433,0.425131838365907,331.9734834558824
WC,2112,415.947652494,0.4449247851804959,287.6924021103803
WC,2104,562.836428294,0.5362645318783612,197.29536429012524
WC,2125,545.992565864,0.44119651826975276,330.66461495792163
WC,2122,554.286767186,0.29508175593780855,244.20037632362514
WC,2270,2056.25471358,0.2925517096486093,1619.0897054036457
WC,2269,1015.32114563,0.3520723329972834,905.8399680044137
WC,2118,534.643601295,0.5642943749954175,161.40200491512525
WC,2119,540.623852635,0.5427734934155594,204.89693181654985
WC,2261,513.937670796,0.3751278040043749,494.18601908964274
WC,2124,550.67636448,0.35984526021846597,315.7303731581744
WC,2123,543.652351812,0.43024614426078267,344.0282323500689
WC,2126,522.521020183,0.36138382392107987,371.27683078541475
WC,2127,515.282238215,0.325681748941244,381.75667392506324
WC,2259,515.741254862,0.3608471482091346,520.1255327112534
WC,2115,527.274377294,0.39334060649243785,312.32314076143155
WC,2116,564.559066269,0.3899793413727165,446.73802185058594
WC,2110,350.293344775,0.44527952405188576,182.09993543437884
WC,2117,558.689155915,0.4649429698246955,348.2198795991785
WC,2129,512.515030712,0.37364124239448426,440.44666760014553
WC,2109,406.076906123,0.49014430823869687,282.7130239449295
WC,2100,537.880970481,0.46394111316732634,275.37315497304877
WC,2102,530.785430773,0.5319856779325314,317.2961956547756
WC,2135,519.363612062,0.4480900347592968,520.355753102022
WC,2101,536.575713222,0.49713044878852836,315.7234018662397
WC,2133,538.911240511,0.37951886282997876,480.00750726438037
WC,2136,540.881992184,0.46976437607900906,541.315530425427
WC,2139,518.922452604,0.40252325374663617,511.44414657891963
WC,2096,505.459379678,0.4286895291624543,449.34539989396643
WC,2146,520.055795338,0.44048922401906426,364.71440968233
WC,2094,487.066679292,0.3622547317011441,346.11265109193096
WC,2150,540.157757949,0.3696553883026802,477.63630783978647
WC,2090,521.572881181,0.37274387838086714,411.8743215822706
WC,2089,566.78330761,0.41568239297452675,434.40687207988674
WC,2098,552.662866526,0.4253391780369325,114.23620016060624
WC,2097,529.735931357,0.41461830956263457,396.6820930630552
WC,2137,517.208871757,0.4381663215714125,513.2796866921817
WC,2149,520.310207102,0.4116197347828427,416.5896844302906
WC,2093,573.969615763,0.4126556286445031,23.84270202038335
WC,2095,513.645531803,0.3949998382092752,406.8991236668007
WC,2148,536.351104174,0.4033137869431776,379.6474919936236
WC,2092,488.880130302,0.4836923564600152,133.88586826698452
WC,2153,536.400797588,0.38492626781974515,403.486649277631
WC,2134,520.096697342,0.4258021828480414,512.4962852029239
WC,2143,512.641574237,0.3720837040678012,372.8383247225892
WC,2138,529.600979888,0.41533683117540526,524.2833947574392
WC,2151,542.875647501,0.36497599739056313,468.4652873319738
WC,2145,548.691305419,0.4089297334816883,426.549191164503
WC,2171,517.488769327,0.3658480512312888,504.62299741857197
WC,2141,483.899383982,0.36885355761468075,479.4775422040154
WC,2140,487.680523479,0.35722607542673757,491.26883966782515
WC,2142,474.878529831,0.31705242735172784,432.0530180687998
WC,2181,510.725361925,0.3998987692707858,509.8616718067843
WC,2180,512.078946104,0.40321924073973636,418.68429538502414
WC,2179,522.293596456,0.4047957790091484,467.941725248449
WC,2131,517.360794841,0.4005312823512582,466.38450502881824
WC,2177,510.188133894,0.40216547427760974,511.6975153305952
WC,2172,517.347874923,0.34109699295273405,515.6278154260972
WC,2174,510.937214443,0.31003566621517653,513.5330864401425
WC,2130,487.861431915,0.38318689079951834,432.5853549433689
WC,2173,530.043941149,0.295330069317381,529.2529148774988
WC,2175,507.826917057,0.3316538769759437,510.3887119966396
WC,2170,520.926860792,0.380052653855195,527.4168559354894
WC,2178,504.630200545,0.4049162951583,510.3870232077205
WC,2176,530.871906053,0.37551164607790466,526.3707891127642
WC,2167,505.546404888,0.31193632024937556,505.4070856730144
WC,2168,507.864659985,0.35930384994777703,510.1236871158375
WC,2169,505.723473913,0.39272998344110877,507.766125129251
WC,2283,536.292169517,0.29289437757403247,320.73104230095356
WC,2436,507.616177145,0.3451275560668688,502.33569721895105
WC,2418,517.152971912,0.3845711878931355,502.8542744056851
WC,2426,539.73508653,0.4310777964615406,240.0279810587565
WC,2423,537.863390953,0.401134614030907,376.8123525282916
WC,2435,515.652563387,0.37091886557790704,513.6026152068494
WC,2285,559.615939727,0.2607250613734362,464.3266869339289
WC,2286,488.23598922,0.36876149404040864,387.54937295352715
WC,2428,551.01965099,0.4637216555742407,132.59201827703737
WC,2425,562.97383953,0.40107516586704034,204.12858405019722
WC,2282,532.575381418,0.2832923852462395,334.094913258272
WC,2427,617.934273229,0.43685592862143036,54.2421111162971
WC,2281,515.058678038,0.3423391224558062,379.6886183794807
WC,2284,499.603840414,0.3212686631479874,265.9655170814664
WC,2290,531.235597955,0.41825123276435594,395.40802435781444
WC,2424,572.858281769,0.37759394844772837,130.23343311384613
WC,2260,506.655617337,0.3669048023863612,500.4741465549843
WC,2422,512.529039814,0.38076987424140274,518.3132890289905
WC,2292,517.313177387,0.3895933600221239,434.450020644244
WC,2432,514.984923107,0.3012453685972042,488.1821160709156
WC,2437,508.209193268,0.33182313176670586,413.76601451798984
WC,2438,507.358333982,0.3033358310436891,362.14416076061775
WC,2415,506.555992697,0.375439708487116,515.4332173964557
WC,2416,508.957862406,0.3295825276311883,511.24026019526474
WC,2413,484.489885764,0.3686622082629008,489.75379180908203
WC,2440,512.584845172,0.3642587939412102,514.1312257654527
WC,2399,510.462247377,0.3316602842333107,344.8444960051892
WC,2398,519.618117615,0.40811442706932205,374.19222639495246
WC,2397,518.736877718,0.40215921583639136,318.1152804206399
WC,2412,484.627792616,0.3665049780914882,486.3477222816617
WC,2417,511.113010778,0.35858830695616145,510.4537726308785
WC,2419,518.345228737,0.40706070773246744,515.9559082330442
WC,2391,515.067520935,0.4278670240409429,520.1423945707434
WC,2386,539.355901655,0.4011958219468374,213.03376680261948
WC,2389,505.725801299,0.43910486190850934,508.6109852510339
WC,2392,515.968567985,0.4104481768197872,510.1861697028665
WC,2317,525.057919979,0.33363880151604514,447.2875955020681
WC,2311,509.332949872,0.3288423288625034,425.27698579676013
WC,2388,531.223728109,0.43726116326756775,534.289503957711
WC,2315,509.184876597,0.3239984886763526,399.59843744016155
WC,2313,524.771349241,0.35956123572163967,383.0900600059359
WC,2387,534.026290777,0.42339678277288156,458.5606735827876
WC,2314,513.324660828,0.3700169299383323,376.8012894873526
WC,2401,527.658019938,0.36099358295452477,328.3367837943282
WC,2373,511.701902239,0.3595473612859294,516.9981035120346
WC,2372,505.353250403,0.34309910616526995,503.11091883042286
WC,2396,529.271306104,0.4056316991909418,377.07346460678997
WC,2369,508.353713144,0.38912359309123423,384.93394407384534
WC,2395,505.871417564,0.37129347017182196,298.199346744313
WC,2358,544.485924502,0.5097721200423689,385.4588822308708
WC,2362,488.576004335,0.5672765984254724,44.546683367560895
WC,2365,507.702879317,0.5304577258089389,72.58479748894186
WC,2367,533.312504712,0.4910538377556269,279.595055883071
WC,2370,515.710573253,0.3972148646539914,491.0586303710937
WC,2366,555.36611344,0.5291772890714258,200.45957183837888
WC,2364,510.242817433,0.498685618999431,188.9301835901597
WC,2357,528.878272128,0.44483554796964364,504.16210964427285
WC,2385,504.723297765,0.46809496352846336,244.477778266458
WC,2375,493.51266532,0.3830201340036071,481.88339523614616
WC,2393,533.284658054,0.3877529135346413,471.6670352711397
WC,2318,534.989206392,0.3224105897563449,442.83325548358994
WC,2383,517.839459937,0.3828616295893167,508.3453250959807
WC,2394,534.56583411,0.375176619566404,493.9409574620864
WC,2316,487.114126409,0.34201326754827993,354.5287528542911
WC,2384,476.565611276,0.3926049363177202,372.61177511776197
WC,2312,526.914886736,0.3224905384840762,429.7315168193743
WC,2567,521.467722278,0.3954753060484054,307.64939102472044
WC,2568,502.207542002,0.3389601254932092,369.7551837995941
WC,2359,535.379538959,0.45765309886003347,263.61149639054844
WC,2361,487.272422488,0.5715652320889516,63.15147013944738
WC,2349,574.37622559,0.3948936548925215,243.6934897628485
WC,2360,514.982931537,0.4905380860317586,56.3384661805396
WC,2374,498.48478473,0.3554037668730888,494.46194990569467
WC,2363,517.140233784,0.5534797140735522,162.9883498247932
WC,2577,574.275261363,0.4618084672077511,295.07114754471127
WC,2353,575.736889298,0.46067961296655535,111.88989518109489
WC,2371,512.292378205,0.37683238351205267,491.58196904799524
WC,2354,542.409053474,0.4087224389735539,247.88782249899472
WC,2579,569.566394563,0.476290891707783,241.87439967136757
WC,2580,525.351787404,0.416918983354288,133.6466594022863
WC,2351,567.71642508,0.4176397853988712,216.44231163473688
WC,2352,576.150542028,0.46882485704762594,80.70741864372702
WC,2581,508.843370357,0.32375282848638204,165.0927900426528
WC,2355,510.749873156,0.3919094939095279,452.8020114674288
WC,2350,587.655703496,0.3962314344476909,167.7033287497128
WC,2582,570.419344133,0.32023839600222925,447.8467449113433
WC,2356,508.626416572,0.41779744235121186,436.5559290268842
WC,2348,626.81748938,0.383447455086076,290.5974510043275
WC,2345,564.312069364,0.43664336797027353,220.1090092378504
WC,2344,548.015541594,0.4195993540052591,313.1306131400314
WC,2368,509.355545774,0.4501279575325046,322.5690592148724
WC,2343,556.51422844,0.37865068112398514,382.3069257549211
WC,2342,583.424747827,0.36877023950651183,497.0766266467524
WC,2334,568.621448937,0.42858594941728473,565.7268291697783
WC,2341,570.356349678,0.45011275528356565,290.59440328560623
WC,2340,542.334117328,0.5287552514174371,216.43880489573758
WC,2337,583.638831309,0.2580399043052583,38.78056401271446
WC,2198,494.620927431,0.3373417460105636,403.48864252427046
WC,2256,516.607763631,0.39115107210199584,502.5679916381836
WC,2296,532.555671165,0.3686368525560413,440.2118539249196
WC,2295,513.885196167,0.410314737823087,370.5122627108704
WC,2257,514.49100159,0.3830061081283115,530.0814081528607
WC,2301,511.249647033,0.3693581142372993,475.5845322852041
WC,2303,517.925919149,0.40354166244884876,504.67025873520794
WC,2253,510.210430725,0.3560013603715027,511.213328223135
WC,2297,578.923455336,0.2581112570665191,493.66469457289753
WC,2299,490.93899533,0.35044049075717265,488.68583128686055
WC,2250,504.95614914,0.3635351319128574,513.0457360061945
WC,2252,496.838838792,0.36144279514801814,500.99392807904405
WC,2298,499.615890007,0.3303684915745096,478.204904533835
WC,2254,509.75181729,0.37507737727358575,507.2834201289158
WC,2300,508.727881053,0.40261130041077886,507.55234383975755
WC,2251,509.354422295,0.3432780263712629,503.0895425235523
WC,2390,510.874040521,0.4460514318682525,503.6331999535654
WC,2306,523.951895027,0.35676139012444535,528.5163048538507
WC,2421,498.335746664,0.4047887621600119,479.53187261843215
WC,2310,510.150906007,0.3245892057332367,494.9774774887982
WC,2305,525.184086273,0.40520168735038115,520.1309762094534
WC,2309,517.17433783,0.326932019066243,528.2550363578049
WC,2420,512.193796876,0.4030853544556817,518.3139205633425
WC,2380,518.351332327,0.45522362803785743,508.0840639600566
WC,2308,511.32853643,0.31216957388157385,501.003654420142
WC,2381,519.595973186,0.4150045012656729,526.6878832648783
WC,2379,478.681189778,0.3872321433718812,487.9073350195792
WC,2382,529.376610477,0.37551119568055136,522.7568480547736
WC,2307,515.757479078,0.318873152562993,503.8857026044061
WC,2322,520.074933228,0.3484864825652573,381.77975039014626
WC,2326,537.584656979,0.3605671909126272,292.95087752996704
WC,2327,544.685816925,0.3828512247467676,275.65675153545305
WC,2376,494.953316506,0.4298141412120589,493.6744579240388
WC,2325,526.945036749,0.3536786694478187,296.3573050106273
WC,2235,527.71306578,0.25550455533069816,364.47085334927425
WC,2378,501.257332876,0.40969266191497256,492.88692294850074
WC,2329,552.251857898,0.3774506072704725,249.1912148868336
WC,2336,424.802260118,0.4390005907897866,120.01044335458793
WC,2335,517.288713696,0.4685396361251303,281.94607517018034
WC,2333,526.908871726,0.36005323666677724,522.7528068093693
WC,2377,489.907111835,0.39082050875323127,498.1281252094344
WC,2331,525.351806915,0.36817253219954144,466.6772447174671
WC,2332,521.282095258,0.3501883066213644,523.5384224386777
WC,2243,512.291700851,0.2933180130176464,438.36534525553384
WC,2302,511.500689004,0.3837199423260679,494.1890765620212
WC,2242,515.731563761,0.27351507286690885,384.65002249923407
WC,2240,517.703573531,0.31213795680266154,17.03147918102788
WC,2304,519.669139343,0.4128176313970472,536.6384897269455
WC,2319,528.768682603,0.3062506636260281,527.2067678713331
WC,2320,517.358305395,0.3453933057885262,352.1699431475471
WC,2241,505.838714936,0.2757877548208953,254.94824655570235
WC,2239,502.401489315,0.30537095923061924,126.03267361510032
WC,2323,518.200558228,0.3366204836438683,334.08989266788257
WC,2321,521.077639961,0.3631361524724586,367.3680091708314
WC,2238,530.704732953,0.3414515698814618,221.9325435264438
WC,2324,521.341739877,0.32854261619522196,380.2071286070581
WC,2236,523.676142282,0.3088931150799464,270.14372779995784
WC,2328,554.838998443,0.3665171737757679,273.56012564266433
WC,2231,521.00702533,0.3389536675221565,413.4661762910731
WC,2230,522.013923894,0.3290885099091712,444.1217417997472
WC,2244,505.873767386,0.332122915742337,434.43563217462275
WC,2237,538.46086818,0.33385618488201924,250.23049822040633
WC,2232,520.875561299,0.31643195998877655,343.7696450027765
WC,2219,531.885906118,0.31618475362733756,415.03031086641204
WC,2248,508.248987493,0.3198570469122069,475.0506562476064
WC,2229,525.448427478,0.3911727374911485,353.20087935503796
WC,2228,531.254172167,0.3721911621893325,300.7967032638251
WC,2222,468.890389519,0.3406508366792648,470.31755873736216
WC,2247,502.683241944,0.3245209510477721,487.1035124236462
WC,2227,503.146314695,0.3223792287588606,256.51521076875576
WC,2223,488.894646822,0.3456128031513977,485.5155837115119
WC,2249,505.093005484,0.3372032881263992,552.0865586523918
WC,2245,513.745613264,0.3399356564794563,303.68594967711203
WC,2225,503.912565508,0.3445820958958458,508.31237299302035
WC,2246,525.613558025,0.3285284971020051,396.1805898329791
WC,2255,515.522511495,0.39275968145534407,502.3052814259248
WC,2258,525.82783423,0.3637682242074551,515.146492094152
WC,2224,487.490565206,0.34454173115832193,492.85274011948525
WC,2221,486.361285356,0.35970558028969457,489.1821293550379
WC,2233,548.377710957,0.29233589254132225,333.28942233814917
WC,2330,508.631814297,0.3582481112952034,251.54935859231384
WC,2226,504.680737662,0.3000208131146878,377.5665633257697
WC,2218,515.22508803,0.32974276942597486,506.47234799254164
WC,2216,521.807987015,0.3037183776013688,362.8877553004844
WC,2234,523.915736522,0.2558513125920609,359.4917380239449
WC,2212,530.226434073,0.330216244690948,188.64834370332605
WC,2217,518.499670096,0.32578748018611364,441.2302680221259
WC,2210,528.274532791,0.2628765719626145,105.59039872113395
WC,2200,504.438290305,0.34655736984138924,474.4939892937156
WC,2220,528.821161241,0.32927041862667283,448.306832377116
WC,2211,538.639601681,0.29060610483766525,269.34744412291286
WC,2202,505.264593053,0.350931708615994,450.9149949915269
WC,2204,526.853455631,0.31014370080884446,517.990776241527
WC,2203,500.856667516,0.3464019970635856,497.55314133587996
WC,2208,528.732798606,0.2750627532321226,432.05469563802086
WC,2214,497.309267214,0.3608286178014318,63.93098258224188
WC,2215,504.191838795,0.2415480641487601,243.14751844219134
WC,2183,531.558212579,0.3986932025410425,408.7272017235848
WC,2205,519.362111029,0.32793581792956084,493.1007668289484
WC,2209,547.564490252,0.2302487372441522,222.9709622551413
WC,2206,513.671226727,0.3353636057495322,458.77812667547494
WC,2207,520.818775804,0.30823425787737285,499.9142449771657
WC,2201,511.779101362,0.3230922194603691,426.80952345904177
WC,2193,524.575974697,0.3901792408154995,432.5693679211185
WC,2194,538.983294695,0.4606200784420097,315.9780272539924
WC,2213,533.866250682,0.34037595413146765,199.91512663598155
WC,2197,503.839322541,0.3893892702445856,432.8330758487478
WC,2196,508.995152253,0.39538850640743,393.79359902774587
WC,2195,526.287664583,0.3940029174909237,323.838147241929
WC,2594,524.492781717,0.2868457026678145,192.34949505375883
WC,2584,527.403038275,0.3667781710292635,470.38478477328425
WC,1987,545.669671487,0.4253596819433055,174.2320380117379
WC,1982,562.791406538,0.4770686730389604,287.6775369980756
WC,1983,557.804647024,0.4831647044652469,302.6121211332433
WC,1988,538.59549472,0.46444496847439143,156.15402000277652
WC,1979,551.442411628,0.4732599985845444,241.3020850088082
WC,1984,523.882038419,0.4848596081302129,118.6869961009306
WC,1989,532.386485967,0.4219244427871379,308.378510239545
WC,1985,567.861768606,0.5231832881590555,233.96815843769147
WC,1986,557.290712171,0.4644305720729263,238.94653311336745
WC,1978,562.277793072,0.4720752079829382,184.18576842663333
WC,1980,556.49026927,0.4777621443996939,254.92649266860064
WC,1974,531.08461988,0.4630649160888428,221.91215634813494
WC,1973,537.442880896,0.4639057421369075,277.4553249583525
WC,1977,558.213459336,0.48696990721836314,214.8394141103707
WC,6006,545.752620476,0.37434205645578034,104.19304827521832
WC,1972,547.806835277,0.5068404272720508,269.33293166815065
WC,6009,534.62795161,0.3291641453876421,204.4500892489564
WC,1971,550.153513421,0.5311131058013546,207.23929159127033
WC,1969,560.676367226,0.5659953770842195,164.79539687212775
WC,1994,536.444709704,0.41923563079002235,506.19480563893035
WC,1942,499.159207506,0.43701073052498285,499.88332636216103
WC,1963,515.930632596,0.5364845735990271,513.5098513434914
WC,1962,490.840596536,0.4169145372878727,493.3348300709444
WC,1970,541.826089208,0.5523270458907672,219.55280788646024
WC,1991,512.475471228,0.37098655882985027,492.5689540189855
WC,1960,498.718483883,0.4615184572423842,488.0938146254596
WC,1964,436.65053509,0.521911259887919,370.9847239475624
WC,1957,487.160296571,0.5129834171463167,496.73828139959596
WC,1961,486.837875665,0.4623227425060944,483.3784649718042
WC,1956,504.446914282,0.5239764516478155,491.4977944467582
WC,1975,527.463657667,0.4866382149575944,182.61281256582222
WC,1948,542.966554227,0.4902645859785696,454.2950052597944
WC,1943,505.50535646,0.4575295242051242,501.97906272738584
WC,1939,509.300043844,0.3806912956423446,383.5577581069049
WC,1958,497.793266232,0.4767260327894527,479.7089517032399
WC,1944,501.861888022,0.4151756162467925,505.3847810633044
WC,1947,524.398165818,0.43852196349864464,466.0853762159161
WC,1945,505.172602401,0.3719835376248983,483.9016662298464
WC,1949,533.777345196,0.4908176181968629,477.8734574261834
WC,1941,515.757046153,0.3772329756489987,403.993563005036
WC,1981,555.452868744,0.4674205198374313,260.42894921396294
WC,1976,523.807359024,0.49374519574293474,241.82489701813347
WC,1990,508.898969043,0.3908706343883931,400.34264526367195
WC,1946,511.176064693,0.3938001754903745,525.0338211957146
WC,2152,529.416734896,0.37695449129672637,430.21183624267576
WC,1992,510.13132942,0.3822377777445144,451.9587290146771
WC,2085,533.615628492,0.2887551564300525,295.54226882036994
WC,1940,511.637705734,0.38147014154997094,316.4875994214825
WC,2091,573.767102752,0.2567824957866064,186.02448901008157
WC,1938,515.612983061,0.3715066847932432,395.08542986103134
WC,1950,481.063297858,0.41740118315678904,455.865187701057
WC,1937,512.045779021,0.3294271748895311,508.0049203012504
WC,1932,520.802794805,0.4263634953908859,411.32941484638286
WC,2084,564.995208535,0.26074441093472955,275.36802484848914
WC,1933,527.764811897,0.4108052956441245,498.8350864485198
WC,1928,494.669651061,0.4052831327038548,434.64706085803465
WC,2088,569.165719458,0.3831972232279934,448.55498788871023
WC,1927,509.290489139,0.4156741663504071,441.45878520292393
WC,2155,540.38488898,0.40184059270357686,386.45497993020444
WC,1923,513.469817976,0.4070231174331027,304.6975794474284
WC,2156,588.835445689,0.3215301098647939,579.8118976667815
WC,2157,523.154389312,0.40402520538591236,398.5062963149126
WC,1922,510.820363987,0.4290492722909608,218.76377479702816
WC,1919,521.647028087,0.4219424973054796,105.58270574831495
WC,1907,511.963135556,0.36694247215738585,378.3088840559417
WC,1925,500.451692796,0.41062278904647165,473.6839681288775
WC,1924,499.053200379,0.45062621458964014,340.85296693689685
WC,2188,550.923129691,0.4396364251956528,127.3338108735926
WC,2189,518.264437565,0.49079868945059485,304.9727217730354
WC,1926,503.31165855,0.4292075326925801,470.0159300860236
WC,1995,519.832832867,0.4419592974297509,453.5320972218233
WC,2086,549.080941504,0.339313614753396,306.28496336095475
WC,1921,545.977172332,0.5187237858772278,21.745360999013865
WC,2163,525.451237649,0.34355059266090393,500.1655007455862
WC,1920,489.363027961,0.48255897333649816,67.3319460102156
WC,2159,516.166513782,0.40281905925539446,435.1871940463197
WC,2187,514.914709442,0.40937642311107925,404.5336756089154
WC,1918,544.73893813,0.49120418675896205,227.40872952330346
WC,2087,557.127432354,0.3751605997482936,445.67266387939446
WC,2160,519.716567966,0.3660494313962693,414.48917595358455
WC,2158,565.115457072,0.34731680425730616,221.91635137819776
WC,2144,504.757726064,0.41969577938040586,337.4665245205748
WC,2186,521.887942309,0.42423327724962934,511.69361323936306
WC,2184,517.770356615,0.42282897863560365,377.0244313258751
WC,2166,516.609475067,0.29007258324193425,447.76561847761565
WC,2147,524.385152972,0.4256779320931315,362.3556440166398
WC,2182,511.332937884,0.3879737531490881,508.5512453864603
WC,2164,526.970425492,0.32059364821993613,400.08016737395644
WC,2165,518.678379134,0.2954714427855442,319.9070877075195
WC,1916,525.062130115,0.4496689402421785,353.9493895287607
WC,2161,505.88604773,0.324946353267325,370.4726647769703
WC,2162,506.058804139,0.34080444240180247,496.75879061829806
WC,2185,518.360669842,0.4215515098206928,493.091749901865
WC,1914,528.348073624,0.3974899169302925,385.91099569283284
WC,1906,547.273600156,0.2744523761055879,294.2103626326019
WC,1864,546.369900356,0.3927933185847837,351.0510411281212
WC,1877,505.591326038,0.4664988667697423,506.6699405744964
WC,1953,527.345344594,0.5359591457444398,206.44944909787648
WC,1873,500.811187635,0.43577154864027806,492.7841545852961
WC,1869,647.024201098,0.46132184152054057,525.5302846272787
WC,1954,542.134927419,0.49444742431643535,429.14281400792737
WC,1959,510.444231967,0.45516739989786487,522.1521706674613
WC,1955,513.782428804,0.4860290496493104,521.3643163045248
WC,1875,504.74998648,0.4339131484292958,516.363421271829
WC,1936,510.763779124,0.36236338919901917,483.3774555281097
WC,1879,504.806027993,0.4076808919357865,498.54932598039215
WC,1871,527.444202312,0.4193591773033396,491.47355376598887
WC,1878,502.229458302,0.42089326232747887,512.6958529902439
WC,1952,549.846760126,0.3404643446139391,461.6280740775314
WC,1876,492.114993242,0.4543219247689613,476.80458323160804
WC,1887,523.022849881,0.3728649118100358,471.30567423502595
WC,1886,526.710875407,0.396343924151206,508.7686196719899
WC,1885,517.256865106,0.4315554817258144,521.6055317598232
WC,1966,509.676453837,0.4620913050703769,90.91219159294576
WC,1911,517.788465121,0.486983831151057,432.8052812164904
WC,1929,494.07847173,0.40910934093483,489.92767070695464
WC,1910,529.140238764,0.46386793122462244,351.32606676887065
WC,1908,539.59740752,0.45481380207925115,392.7189566817938
WC,1930,506.058546518,0.40414111153980425,466.8723200480143
WC,1935,517.465412335,0.3791138105105614,523.7241604674095
WC,1912,523.097243045,0.4232983338763458,405.0348853915346
WC,2190,536.659391034,0.4917808946547578,215.8915700276693
WC,1904,543.765421373,0.41284199238734753,462.66693151137406
WC,1909,535.782302243,0.4583769349555175,392.9815759097828
WC,1913,524.15434984,0.39966614566646014,421.0168699675915
WC,1902,523.589641916,0.4565770250047465,363.3738098144531
WC,1903,520.826108252,0.36030445871538247,340.84292898739085
WC,1901,527.161923044,0.45511385540073107,330.8874454273897
WC,1899,548.191872752,0.3846465783706897,392.7151725320256
WC,1891,512.625272639,0.39928660279082273,381.18517644545614
WC,1896,528.048277453,0.41575763147441075,459.7836263320025
WC,1892,519.269374197,0.35212490971164045,445.8953066358379
WC,1897,523.996328368,0.4055674885942422,414.45963278377764
WC,1898,544.345571027,0.4072492392821554,444.3260037590476
WC,1951,585.639376856,0.3699508245091071,488.35115057253375
WC,1894,519.426223564,0.32675908233411205,495.6733877742991
WC,1895,510.180681273,0.34221459945160176,488.3385941449334
WC,1934,520.955586331,0.3758206179513593,500.93101124482996
WC,1931,512.75870307,0.41243227845231817,401.111899432014
WC,1900,541.731530081,0.4301372851742342,397.955207196404
WC,1890,533.126273487,0.3853104447895436,454.01561428892853
WC,1893,522.06373418,0.36055470512737486,346.3423079247568
WC,1917,526.467987415,0.44367272944512115,242.86563981000114
WC,1915,520.686732852,0.45639704439040085,398.74916205312695
WC,1968,565.383807148,0.5958042742222651,222.95811085420496
WC,1967,600.414147604,0.489197220610476,91.17426829618566
WC,1862,569.298101233,0.4219423790772756,58.944996104520904
WC,1861,556.669881026,0.5026557542209243,156.66244438021792
WC,1859,569.410899132,0.5113041929089197,158.7579523423139
WC,1863,547.183546202,0.45365063300043906,126.53526656206917
WC,6260,603.045609684,0.34718686164844603,176.39144484576056
WC,1866,632.956137576,0.477937424951662,625.6057984894397
WC,1857,622.268451941,0.3806664089618977,384.5803608015472
WC,1865,523.919096071,0.3791857926272245,521.861689189836
WC,1856,577.245547502,0.4384963056322501,292.88862373501644
WC,1834,522.567901023,0.40094331406481154,492.2365167356005
WC,1832,735.707925629,0.34213949464938304,637.3640169031482
WC,1874,506.0855813,0.4323144396166955,500.1200132183001
WC,1888,524.784625412,0.41932628609366335,386.4239790673349
WC,1844,516.155859186,0.4334974871519357,449.28072342218144
WC,1851,556.623613204,0.5201861492155019,318.2983735028435
WC,1853,538.454644988,0.48210130418640973,272.7156135110294
WC,1868,667.838191965,0.45824136110221175,602.2900748757755
WC,1867,557.230994236,0.47226758223930887,560.3726034725414
WC,1846,503.465822065,0.48265323110421504,392.9579230813419
WC,1847,506.12099927,0.44092983497780036,429.8970373415479
WC,1870,595.729178462,0.4377578866097234,487.2814738254922
WC,1872,497.083700689,0.41258676470726646,501.69107513427736
WC,1882,512.811873552,0.4054608727187043,498.8121870452282
WC,1848,525.176155571,0.4462718612235586,535.4723801257563
WC,1845,490.491260691,0.35766846268368224,382.21687813553154
WC,1883,515.050168768,0.44204649540651614,515.055320889342
WC,1842,502.018701444,0.4732689832318352,375.403606669108
WC,1849,554.330880215,0.4527947644916085,467.36004312552654
WC,1889,516.046420183,0.3895386639156679,473.9260936063878
WC,1965,603.957537005,0.2922631272341659,214.04899357814415
WC,1838,532.398690235,0.2958269464121997,289.21319583070044
WC,1835,488.937552189,0.4920934564786047,488.5698809156232
WC,1843,516.767923823,0.4614561301765974,421.7730729346182
WC,1833,561.290766082,0.4463185722636236,557.203490223604
WC,1841,508.723278764,0.49210861209245205,323.0090069041532
WC,1852,544.148805602,0.5010210207170422,285.0280459235696
WC,1850,568.595102362,0.5100298719451254,249.13686649098113
WC,1836,492.189501805,0.5414800391734854,478.61616578943597
WC,1826,507.678615376,0.44403452769650625,503.49683125813806
WC,1854,535.617205405,0.46779656962756694,179.45279514088352
WC,1837,514.2615501,0.5313548823113877,403.69379003188186
WC,1881,508.466600196,0.40693891675926797,526.3199165194643
WC,1840,513.45690874,0.43088129732928004,412.8641223383885
WC,1823,505.232956095,0.42824125963602677,448.48377009373087
WC,1839,525.874117221,0.3428784840425155,348.4190038045247
WC,1820,506.85091333,0.44033523394203056,405.25904529047955
WC,1817,507.463805712,0.43127762333753583,382.20563686595244
WC,1819,505.221693604,0.45680207711703774,279.7779408174402
WC,1818,517.89725481,0.4745886056293771,342.6491259406595
WC,1884,516.081688496,0.46147389711465386,515.0556041044348
WC,1880,506.080125568,0.4026805956685354,495.143996294807
WC,1807,502.631608279,0.3485405550520752,406.56313258152375
WC,1814,498.485215068,0.41427566354522605,105.83320303524242
WC,1808,507.556672059,0.4738057861940176,400.0149416755228
WC,1815,485.566789525,0.46724584469428426,234.981414346134
WC,1824,495.622121684,0.44716572851947184,466.29753753063727
WC,1809,534.649971411,0.5680886466006646,374.8677064484241
WC,1810,529.744629605,0.4818355800267659,222.14410535026997
WC,1806,511.841066296,0.43528936058282847,405.5148992201861
WC,1804,520.268826935,0.4281916256621227,384.81890423344635
WC,1795,501.354035157,0.38576536893696706,422.2728554519952
WC,1829,572.442550153,0.329355838777534,279.5166093115713
WC,1796,503.275991714,0.36215023458140166,458.6855201870786
WC,1802,520.94465598,0.3542403771147669,465.23894931568816
WC,1797,510.746526647,0.3538409668937569,466.02102831672215
WC,1822,518.097597764,0.45877402521679145,420.71520702885647
WC,1821,521.735300932,0.4613453689559562,399.49582115622127
WC,1793,508.293564879,0.38269551124473294,433.2735201966529
WC,1828,493.61287226,0.42405977198204553,419.9302306829714
WC,1827,519.240316578,0.4409715425364973,502.18712598015287
WC,1798,504.133584159,0.3412172510296598,460.7827433268229
WC,1801,532.745182353,0.33315763240267293,431.4457457299326
WC,1799,503.902820304,0.3287449398761527,488.28918774174707
WC,1800,511.253057808,0.32526224539620735,441.66137476902384
WC,1805,511.202115552,0.42575359511054317,389.01080995447495
WC,1825,501.488117993,0.436400204706598,492.2322628245634
WC,1803,532.207726197,0.3853406099091589,444.0210607192096
WC,1790,526.943903022,0.4141967112595612,436.1530841004615
WC,1764,506.584193109,0.3884525124035441,508.43763777788945
WC,1787,532.260841281,0.3863606689570116,492.735177343032
WC,1783,540.136178083,0.4582914268376969,247.28269069896027
WC,1785,521.413530625,0.35188727374526046,361.4952087402344
WC,1831,628.348947601,0.35579990830799646,505.331978562299
WC,1816,526.305874343,0.4475742579146462,365.9635772705078
WC,1784,524.584606459,0.33721269102510854,325.6071366254021
WC,1777,495.049018427,0.5041518416507421,310.1484582639208
WC,1855,550.414899128,0.47173255931349733,194.12365145215801
WC,1782,512.135782668,0.5542116341086737,59.46300892549402
WC,1830,532.889810892,0.3708967326288399,442.19768515194164
WC,1781,517.660272809,0.4981390876983941,181.00832447725185
WC,1788,516.659136636,0.47017071087880785,493.25894377465335
WC,1776,532.721278124,0.41981509985266746,442.9561889050054
WC,1778,547.498654636,0.5421693439301353,476.2258856081494
WC,1794,507.751921376,0.39228871533519455,385.8603989545037
WC,1789,557.108241103,0.502995630703091,548.5320489920822
WC,1780,518.546884891,0.47854838217895,276.8821779438093
WC,1770,551.333050283,0.4324334169802523,506.60853534773275
WC,1768,493.265259552,0.39366780061183526,491.9373976464366
WC,1769,481.822971556,0.36612128169148994,436.66775635364
WC,1786,532.631552645,0.430146030890636,459.72795823041145
WC,1791,510.841274762,0.36930371008509444,475.1843569587259
WC,1765,500.05256935,0.38891161274315195,493.5076536290786
WC,1792,523.754760443,0.4059256914819784,473.8757699704638
WC,1751,500.086781565,0.45017437112174535,497.69289398193354
WC,1772,602.203646779,0.3996497422544654,177.6008795345531
WC,1774,618.377693245,0.31910877164829976,582.8344904581705
WC,1766,501.213877742,0.4104064370980759,483.55389224781715
WC,1771,515.130150595,0.36789056039621976,277.402422317804
WC,1767,510.50926044,0.3928508433716173,518.3934523638557
WC,1738,637.948150473,0.461019187001628,523.091896984624
WC,1749,502.246360553,0.4406303789040512,462.591624360926
WC,1779,513.215204334,0.4360518238823348,114.21048141180299
WC,1775,530.610965883,0.3734542805427118,344.98651966768153
WC,1750,486.403058425,0.43211053299436664,441.11303695977904
WC,1748,509.881321572,0.4481607027427454,464.6862525491153
WC,1773,583.38958194,0.4152088325544241,225.5375401515587
WC,1742,663.938225834,0.3860533360741654,605.3440360574162
WC,6011,557.831650998,0.30468755508574624,209.43720891615922
WC,1858,612.797905852,0.3871480335389948,226.60937374339383
WC,1747,519.407242715,0.4431515392548072,393.69915942023783
WC,1746,547.844568087,0.3789801233378192,258.27508078182444
WC,1752,500.040033895,0.43020562997733536,511.5761668186562
WC,11917,633.125984001,0.36600125702186204,639.1523871328318
WC,1745,538.037522453,0.38980410793452586,269.80006274055035
WC,1741,650.819611972,0.39335663432984885,527.0231720569087
WC,1740,618.318947176,0.40104250687928433,440.058432635139
WC,1811,504.836493602,0.5311427045592946,142.245704202091
WC,1753,519.766106464,0.43178185260181057,516.8145093730851
WC,1735,690.282066896,0.42085751921434295,566.8334934608608
WC,1734,656.270474177,0.40657427881418634,671.607707603305
WC,1754,518.261524838,0.45975618510060046,509.74205693263633
WC,1736,595.795937021,0.37590859336399524,572.8598944271312
WC,1757,512.300019141,0.44646008974879586,449.7572928335152
WC,1731,502.544454773,0.41757883444460214,491.39259455063774
WC,1737,694.655143194,0.4842991663562909,692.5653570436965
WC,1758,508.648277047,0.4348402840917603,507.385406703575
WC,1726,553.749120927,0.3911494083357378,503.177980520211
WC,1730,512.905112454,0.4163184496804441,513.6563007728727
WC,1733,525.97127752,0.4361684140120524,506.3245635088752
WC,1732,503.419106892,0.4230841597659597,511.0387759638767
WC,1724,516.353053063,0.4026214983789661,451.57489013671886
WC,1631,523.089555105,0.4564904872890857,36.40642481785194
WC,1739,591.334589475,0.4055212130764793,460.75104079901007
WC,1725,483.338296936,0.3924861359464368,426.16793162027994
WC,1755,530.023346697,0.43315122457285443,538.8172832713408
WC,1722,502.071861854,0.4117939342426743,501.0791377647251
WC,1721,500.197656314,0.41973814206669136,434.80920568727976
WC,1727,449.123635891,0.46733456240458926,443.71754748774515
WC,1760,532.853621416,0.3985861472598273,521.2691488826977
WC,1728,537.562543989,0.3808675065227954,496.628352355957
WC,1720,520.343244418,0.41160128497380555,501.86339446423096
WC,1723,502.83744473,0.4039531589497299,505.0088090784409
WC,1756,523.209589212,0.44623692888779865,512.6234759162454
WC,1716,483.183764521,0.42317168238984104,457.85738202263315
WC,1711,479.640558167,0.5145717800838663,478.2851237577551
WC,1719,509.054361305,0.4580375641706412,511.8163694793103
WC,1717,507.15889662,0.41621429105416047,509.98193888944735
WC,1715,484.249891233,0.4387199868060278,491.90793753231276
WC,1759,519.025203908,0.434579042596644,519.4354306090112
WC,1718,521.443448402,0.4683015716240849,492.1707788803997
WC,2191,518.086469813,0.46737130802814963,199.38525169222962
WC,1905,533.03012776,0.4039920058246557,403.4585006713868
WC,1632,491.071538256,0.36281046724604993,218.7007393930473
WC,1714,483.600962326,0.4514017226934847,452.3557123520796
WC,1713,473.202289953,0.42826395325882494,405.46974550134996
WC,1700,501.351376602,0.45010798183585976,453.6648765115176
WC,1703,481.63003708,0.5138811010192896,464.4024417054419
WC,1705,480.536574458,0.5099098887875015,479.0692675123028
WC,1707,464.736840468,0.49949916247332127,454.44767719343594
WC,1704,487.147111124,0.49663615301172237,492.9519238041896
WC,1692,392.129899143,0.5316500123238331,402.0628360523897
WC,1762,492.220864022,0.368232411728972,483.55064915675734
WC,1694,497.356989083,0.44506447109097735,496.88326478845926
WC,1696,490.888209872,0.49324819646807155,124.15546758315143
WC,1697,564.835810499,0.475128311859934,59.72041195140165
WC,1699,485.150050724,0.3780726390663176,384.77768285414754
WC,1698,495.606159213,0.3536095493161824,191.99603280460133
WC,1687,499.121579169,0.4637999355162831,507.88278518377564
WC,1702,495.526461947,0.49245854733577643,503.95456931918267
WC,1693,467.812705746,0.49245681414916054,456.5452931123621
WC,1695,519.29460217,0.34700330941258767,412.0182899923886
WC,1701,518.147027349,0.4472869982624927,515.4801450841567
WC,1690,501.237401571,0.3488983700007904,332.65004122864974
WC,1761,497.412051379,0.42980667993473437,497.1711753097235
WC,1712,482.083828372,0.4473874995091931,495.3116290821749
WC,1676,481.491211693,0.4014152611212872,236.52540597354664
WC,1675,506.395946073,0.46489141238273335,365.91975752886606
WC,1681,490.734089574,0.4939997070076235,347.84623323328356
WC,1682,502.431386818,0.4532023456110458,497.4092028449564
WC,1678,488.069578636,0.30661765457618806,165.01795959472656
WC,1763,518.016159485,0.39209653955663565,453.1660292382334
WC,1680,486.911679074,0.39933135447728874,369.06339604994827
WC,1677,529.143863942,0.23182671468842916,113.155249561983
WC,1679,460.99031049,0.3632192182546958,257.48021527458644
WC,1672,488.601014901,0.4944607959042443,318.7711342306699
WC,1674,506.450749834,0.44292220858751785,384.77879539938533
WC,1661,521.067197798,0.4342269517567311,522.0211915259267
WC,1657,507.87246721,0.45342048616861785,507.8744358735926
WC,1689,588.763376489,0.3279635681373637,514.1671068079331
WC,1650,504.573811967,0.3866224349407773,497.6568839877259
WC,1652,502.058238156,0.417560813575983,502.89691072351786
WC,1688,472.611554093,0.41600813260111025,459.94873962402346
WC,1655,512.911492602,0.4338052554846175,513.1117742501053
WC,1576,479.714016676,0.4882741155478195,484.8225962021772
WC,1653,476.767977167,0.49325496503554245,463.87020616718365
WC,1813,493.520160773,0.3460792737702529,66.01474492690143
WC,1812,476.593918512,0.5838160861006991,119.97900390625
WC,1671,499.103119228,0.46280686869817284,312.2225201775046
WC,1669,515.629457251,0.3392750862252361,472.2614091760972
WC,1668,513.782421995,0.39855379506410227,524.9085939594345
WC,1667,513.531115609,0.4066617174912955,480.3795842787799
WC,1670,495.664535923,0.4915501398513741,311.96005132338576
WC,1683,505.291403482,0.49963015335062566,500.8133974860696
WC,1663,512.226498127,0.46394593875112544,490.06776727414604
WC,1685,499.923012283,0.49142011168063254,498.1926537906422
WC,1684,502.656519106,0.5104723039778877,501.0744733025045
WC,1664,504.754811621,0.4553754725583144,462.5660757924996
WC,1686,511.90879154,0.46723354297568365,517.0509093340705
WC,1532,553.672680763,0.36084925844740834,200.89829643099918
WC,1572,510.142226162,0.4137848247690177,495.0381783878103
WC,1575,480.888131752,0.3990618199354982,478.0132889093137
WC,1573,503.237786123,0.3322802782685804,497.92010360418584
WC,1570,519.619372475,0.4098086044424326,521.4921811870499
WC,1574,489.421682319,0.3699252159901397,495.0387043672449
WC,1533,525.273430118,0.3268441391287382,253.02146447873582
WC,1571,521.006394626,0.377751122543005,518.6115395041073
WC,1531,545.778365602,0.377292118696578,267.4282519770603
WC,1673,485.983606527,0.4083745546625394,287.6018318625058
WC,1520,503.224504027,0.4454538528210609,423.0148312437768
WC,1529,474.120677899,0.39754159800958916,342.6024344949161
WC,1528,488.402594283,0.3770172900727551,417.7764361512427
WC,1519,491.789994248,0.45331156909890774,440.82556960162
WC,1526,496.934139367,0.3848543179738023,457.59052468094177
WC,1524,496.262450671,0.297859334162494,491.3807953180051
WC,1521,462.388946283,0.36083426466987256,393.1557542389515
WC,1523,486.620294064,0.27050491557618367,474.8793418734681
WC,1517,475.935088973,0.4142099035194476,478.0184484743604
WC,1527,490.528924686,0.3698982490502025,494.2602305692785
WC,1525,504.976346357,0.4085303437060937,375.34481326832486
WC,1522,552.577204798,0.23485406661253136,369.8454341514438
WC,1530,508.178588344,0.38527231120183486,386.86775805903414
WC,2192,525.209425021,0.3837128698825836,449.3372753068512
WC,1538,485.125566431,0.4401657840558592,474.8697161805396
WC,1535,490.51972933,0.41563142318553575,312.21586961933207
WC,1507,487.241928947,0.3650128218421945,484.0348025153664
WC,1568,505.996469793,0.4347468487926195,499.2283268049652
WC,2199,484.21547586,0.3477856674655702,452.2225412705365
WC,1516,494.370052121,0.39193261349995934,491.11419543098
WC,1515,497.631426421,0.3778643652916595,488.4939581777535
WC,2338,513.392082714,0.3189383438533278,411.3891740088369
WC,1512,502.362943104,0.34065701978771307,497.65883980545345
WC,1518,485.304155446,0.42838716117778514,486.40059616986446
WC,1511,505.10489013,0.33244750100457565,505.77771486768535
WC,3195,550.280523372,0.4377395059090479,506.73910435695274
WC,1691,676.078244765,0.4996826804813637,627.582584246467
WC,1647,487.246395583,0.3136275322885894,347.3107286939434
WC,1654,492.663186771,0.47849538802478075,501.58718803256164
WC,1644,504.931311787,0.38636261125282834,423.79001734116497
WC,1648,497.86296421,0.32540817385879023,237.04123792461323
WC,1649,500.244202714,0.36526185460702404,466.4873055551566
WC,1638,502.075658071,0.4031106391796797,488.48010238946654
WC,1706,525.528057727,0.4405772263681019,524.3819112141928
WC,1643,510.681690536,0.3847050765277041,402.31195571001837
WC,1640,501.37329269,0.38494414166851826,489.52949066162114
WC,1641,498.887769978,0.39857336110910585,410.69214253145105
WC,1656,527.86292384,0.4276514500379562,516.5171710145239
WC,1708,494.745726337,0.4704180206052267,498.4518289005055
WC,1634,514.565487877,0.38112319020407753,508.9063685099284
WC,1639,503.589199099,0.39587698381988146,496.07664346133964
WC,1629,526.163915939,0.3526212443065113,330.2761874030618
WC,1710,526.600621997,0.4008838470108796,507.88186549766385
WC,1729,497.179717265,0.4430639931647776,451.3147691016103
WC,1709,488.803684529,0.42412763867307174,492.16559807272523
WC,1635,509.72795606,0.3789398138677083,494.7636408487956
WC,1633,501.302552539,0.35440783161925526,469.6179141175513
WC,1628,515.751159598,0.35286867749860207,442.89928783341946
WC,1627,531.474136506,0.35251531994879043,378.46764927284386
WC,1600,524.964690251,0.5001961359735628,288.8950074438955
WC,1619,500.083715748,0.4059452974651491,398.8972547344133
WC,1346,488.863882737,0.3865176094487109,408.79693666345935
WC,1624,444.103811069,0.371390175935373,444.2067691877776
WC,1620,510.930110525,0.38643655985181363,510.99724357455386
WC,1613,467.927062257,0.48535331340694265,475.89887243532667
WC,1621,497.103629808,0.41498112174229185,496.85329413320505
WC,1636,489.617173892,0.4212776658168205,425.61789104985263
WC,1626,539.243795113,0.3797183439189837,287.58285576315484
WC,1637,490.160653833,0.439963133182193,409.3796653298771
WC,1622,407.295612875,0.4078512692527407,411.2058548272825
WC,1618,491.220018791,0.4085522856048829,252.22455830293546
WC,1616,487.397503302,0.33447825547088594,463.066888068704
WC,1617,498.33416642,0.38968688974074245,436.35129280838305
WC,1615,504.031208298,0.3078462544803805,510.47349724863085
WC,1645,526.333247879,0.38015693822535523,433.21995490579036
WC,1642,509.613576644,0.40761366698652773,434.26553910199334
WC,1612,518.008933625,0.44681450538149264,519.1135272456149
WC,1347,550.107696071,0.3525031182448168,426.34395593381396
WC,1607,462.706253818,0.4933831017879228,477.47200529809095
WC,1466,489.903138612,0.39433824878396384,394.1688826617072
WC,1476,506.052049234,0.32857544273138045,272.3866559196921
WC,1609,481.618337942,0.48694776835473813,484.54235361136637
WC,1614,509.317088528,0.4289954150891894,496.85281078862204
WC,1604,474.532757058,0.47591643279870977,467.78236736222806
WC,1492,491.027451374,0.46651070069475825,489.5225718778723
WC,1608,482.538035028,0.4946914866709052,465.9469948263729
WC,1552,511.477149059,0.4414157480367684,511.52926818249273
WC,1603,495.669842283,0.454154558504214,479.30697619868255
WC,1555,523.351808926,0.4553419904808307,508.6487077900007
WC,1651,496.946897428,0.4002863190352778,447.3679542391908
WC,1591,488.667220371,0.44934094384377143,484.02880183201216
WC,1559,471.354405891,0.45114624261706976,418.8123177023495
WC,1593,495.309252948,0.42343914838470403,496.0756216909371
WC,1594,495.080960838,0.41672772051301366,480.36005521288115
WC,1592,493.420767072,0.4250569194684802,602.6781328986673
WC,1595,468.218868956,0.43827491854046313,418.2846089980181
WC,1659,492.491902289,0.44702786906968534,486.92145690917965
WC,1558,498.840728565,0.45290897673573993,493.7206874174231
WC,1557,526.465664607,0.47360114607417764,527.2457964429667
WC,1596,488.372260741,0.3832669076690385,465.9539598352769
WC,1597,476.11186423,0.42130944356530997,467.5243265488568
WC,1599,506.431069976,0.41159152141338007,407.2820000741997
WC,1660,516.163839885,0.4259579303788343,518.0913806391698
WC,1646,503.072698501,0.37536864368518896,447.10268695307707
WC,1578,483.922977385,0.5169867290127107,420.9123133341471
WC,1658,515.998782414,0.3938404121296504,515.2084915460324
WC,1579,492.981392865,0.49517910282505145,491.6317051906212
WC,1560,486.665878492,0.4357299852985513,350.7134102316464
WC,1585,509.55703322,0.42478424729655845,493.72452380610446
WC,1586,498.234491586,0.4508553400503852,503.1528545604033
WC,1582,508.677944478,0.4126125207147658,378.741740028531
WC,1662,498.278311599,0.44221133764394255,502.3775061813056
WC,1665,526.974376756,0.4543483897007922,418.3008446786918
WC,1666,518.76607556,0.4694811287582739,400.49036661783856
WC,1583,507.570020054,0.4212949533800821,484.558559253169
WC,1581,516.651437162,0.3772200522879463,263.2337929220761
WC,1587,503.557601145,0.4364073285030222,495.29421018712657
WC,1589,486.117561066,0.4207429059759198,489.2683045331169
WC,1580,477.31121623,0.45284320160043484,344.16836176853553
WC,1584,492.24254083,0.4561477047286622,478.0094502467735
WC,1536,492.911293134,0.4693625002961468,452.6077449125402
WC,1537,486.404059702,0.4652195564523764,468.584136095234
WC,1565,523.991453692,0.23568240253912476,97.17391875023935
WC,1564,520.122631317,0.2583381906878658,214.77733148313035
WC,1562,488.776896565,0.46937438602891385,382.66925976323154
WC,1566,490.394019454,0.24146989631310797,374.29029714546954
WC,1540,503.222108554,0.4477644563028969,507.3468123192881
WC,1478,473.229764513,0.3782906272003828,461.22533596263213
WC,1577,487.986524581,0.5091995438138429,485.08395918303853
WC,1569,500.972144587,0.5142376794560057,504.4660826739143
WC,1561,493.25508044,0.4709256323694926,364.85782111672796
WC,1588,485.919333141,0.423208827495575,491.1025933658375
WC,1598,497.017646951,0.35273537332472094,500.0010450176164
WC,1590,480.033582343,0.434821805640513,475.1241211835076
WC,1534,494.352065181,0.3447623465623607,422.4875101725261
WC,1567,496.575357737,0.3476440225910527,488.75114961511946
WC,1544,499.037670703,0.4700380891065321,503.4147403492647
WC,1503,477.055852487,0.42130701083795474,490.05559638528274
WC,1502,483.044618708,0.43238046854995266,478.792183191636
WC,1498,489.271207101,0.43593127887591665,430.07187003341375
WC,1554,499.439250313,0.493225234217394,495.2909388224284
WC,1477,513.719236504,0.33750884548162874,409.8901775584501
WC,1563,548.09642079,0.2995735519855282,359.6203079522824
WC,1475,504.393485038,0.34226154925252095,344.4114171944412
WC,1605,489.536200747,0.4294985982382192,497.9016061521044
WC,1553,495.77243337,0.5076816984957472,509.434586797976
WC,1494,491.457568575,0.44188232561952284,489.2623313754212
WC,1539,475.639680183,0.3664159379187975,477.2265714159199
WC,3187,543.634085112,0.4335276804283842,161.48324019488166
WC,1543,501.890138329,0.3690606680870568,488.2240438124713
WC,1541,480.067586955,0.4366531921664485,428.50706679400275
WC,1542,479.857701722,0.33748650346958153,465.17576545266553
WC,1505,489.519993687,0.3958125245793686,484.0330552942613
WC,1508,486.076269975,0.35726273198802583,477.4876076791801
WC,1510,493.0238057,0.3572249502711031,366.17104061351097
WC,1545,510.387378784,0.49626418106434816,474.3405767104205
WC,1546,491.417864168,0.5213801444506522,453.3860111012179
WC,1504,474.566729309,0.41244885208013365,462.0307701559628
WC,1509,485.393335486,0.3539738009537007,476.96442305620974
WC,1506,487.923319877,0.38575059930999545,504.20198364257806
WC,1547,492.112789521,0.5074997619348683,492.9352876551011
WC,1501,477.463071306,0.44561675610254764,469.10030508602375
WC,1496,496.795341634,0.4264584001058997,494.50237666111366
WC,1495,500.73709315,0.4310100104349356,502.8829179651598
WC,1548,491.136587294,0.47927588063743115,495.5535594267004
WC,1499,484.204111677,0.441799302957054,489.0046213486615
WC,1500,480.399708601,0.41565576728825715,482.4574528413661
WC,1493,482.131031921,0.465404450519042,479.57055176379635
WC,1497,495.112788434,0.40719415417716043,479.04998145009955
WC,1491,503.449121893,0.44597196740447187,507.59393675561046
WC,1551,506.581443504,0.38852934402551825,490.83725457284964
WC,1549,502.033516033,0.3953425838797507,502.3623957914465
WC,1488,510.037294332,0.3744407199230623,506.0197999842027
WC,1487,499.397372955,0.3684262397993327,462.5411317413928
WC,1489,486.492095566,0.4026653655052952,488.9961657655005
WC,1550,490.959373561,0.4399778892561134,367.2116990033318
WC,1514,527.457740033,0.3342853420343239,530.6631319532208
WC,1452,566.24447416,0.5063551085515192,385.526826207778
WC,1480,476.242607894,0.33427318328567,480.34619724049287
WC,1601,507.094452881,0.45325938731126525,357.7785945817535
WC,1556,535.123761185,0.4683075368347378,547.6752060534908
WC,1479,499.2618361,0.3709093403042287,405.4391578225529
WC,1483,522.076041785,0.35464842479793074,425.08456169577215
WC,1602,493.332768623,0.3736917720709424,471.7115332509956
WC,1473,477.968390066,0.3892286687310649,481.12688275505514
WC,1469,481.187153872,0.4152577820074493,474.05197382908244
WC,1474,487.339422514,0.38985108289527004,449.6986365823185
WC,1481,506.554637182,0.34089312973598046,495.79962933110255
WC,1606,495.248146643,0.45608438324304756,465.6854768640855
WC,1472,479.126158995,0.3777208375272596,467.24478690951474
WC,1482,524.084258284,0.3614762114905457,468.5615193984088
WC,1485,500.245957595,0.34383340356578296,391.0371042288986
WC,1611,475.024750836,0.4764708804012227,460.1834641101313
WC,1471,485.090403638,0.3940808448640569,426.1246618532668
WC,1470,491.049192293,0.39622344083270944,470.38641548904724
WC,1490,508.799400828,0.4239502226542912,509.16452771355125
WC,1465,491.484236441,0.4222823711822234,452.0500190585267
WC,1467,501.173498149,0.38099098034910656,468.81276454551545
WC,1468,483.434241557,0.3829152655663117,481.3849588132372
WC,1486,503.933319929,0.34239220383338914,494.75576913871015
WC,1451,517.672884981,0.2900911152762854,195.12031022614124
WC,1454,467.316197001,0.5263623987609151,453.3600618549422
WC,1484,507.455187584,0.34894245069585117,403.8703275493547
WC,1418,505.907571802,0.4186710492585057,506.7728410608628
WC,1464,494.040307688,0.37878072636961363,483.7401602950751
WC,1438,503.541798769,0.3692405041263663,492.89804956772736
WC,1439,494.323996966,0.3778171383707898,438.42339244169347
WC,1461,487.89879909,0.38012742156447,494.4777712653664
WC,1441,507.500816443,0.39849710081971745,518.305142810298
WC,1458,508.321109608,0.42942667130360834,438.1679651596967
WC,1459,488.326255882,0.4298083678185092,459.6442357081993
WC,1457,487.230958688,0.43727304580240733,472.216104185815
WC,1444,560.505283514,0.29816912079632535,435.02282469506355
WC,1445,414.909277449,0.36553070366911156,383.95174566530716
WC,1460,486.524949185,0.3908709602382703,490.2872270172718
WC,1443,478.888701599,0.3099516680304247,451.5216760672775
WC,1455,471.550248789,0.45760895208215085,474.57371308569816
WC,1449,503.580410503,0.37972559284080154,288.0953527712354
WC,1453,523.941669957,0.540570410949108,376.09805432487934
WC,1440,491.32474415,0.4000691558320992,481.6380207435758
WC,1442,474.538262368,0.3818007826175488,409.09247577143657
WC,1456,469.707802343,0.43364021347534415,459.9067226933497
WC,1462,482.370788974,0.3687666681065072,479.0248361026539
WC,1446,414.735966124,0.43420833769771794,235.71343320958758
WC,1463,500.745834892,0.39203388075121004,477.45404217289945
WC,1436,493.787739784,0.3999185179879707,491.58696235207947
WC,1513,494.776992134,0.3436073426678188,496.34998079187733
WC,1434,488.379245883,0.42122117791970565,491.0620044783049
WC,1435,492.155502155,0.36883658578462986,492.8955670824238
WC,1610,529.251432452,0.4034817084476126,482.96959593529795
WC,1433,495.09855949,0.40577977384703273,490.2758107204063
WC,1387,463.594731205,0.44511057867616577,206.36898794735177
WC,1447,888.269861009,0.4176234006585938,659.7348413504806
WC,1437,496.607155326,0.4030348861394013,495.25448330149936
WC,1430,501.435513532,0.39365268058927266,502.3218516031901
WC,1431,495.552927632,0.412279783865185,493.6797173294367
WC,1448,640.84980949,0.5866285648140712,468.5467298021504
WC,1432,493.000366955,0.41477445147691233,487.1326694563324
WC,1428,512.298625018,0.40549441407765124,487.13120156082454
WC,1355,490.212228339,0.44412212843147864,498.1016212912166
WC,1427,495.458856659,0.4006408996299219,466.96464751000497
WC,1422,536.474064663,0.3790487941794393,534.5333946377624
WC,1354,523.425399056,0.42736724599489845,525.0759002984739
WC,1425,510.156418246,0.3622408613667807,482.1542641434014
WC,1345,460.659204546,0.425748302406404,419.2718534581801
WC,1623,632.161135597,0.28419471299043875,578.5679335949468
WC,1350,499.029267465,0.5095064032426972,384.44332535687613
WC,1386,497.405397412,0.37589222849816095,423.4746768128639
WC,1348,505.975685901,0.38993397566759697,280.21427830714805
WC,1343,500.198432784,0.4356395410473493,435.5071739645565
WC,1344,513.541166087,0.4437709486928666,485.00352334415214
WC,1341,505.202462623,0.38670198420011265,503.07057881074786
WC,1419,502.167218886,0.4210923580823046,512.5346630919214
WC,1450,555.454449566,0.29720918891965886,33.78575035544003
WC,1414,513.116055621,0.36768186774901745,511.7490319345511
WC,1413,506.246084623,0.4062973799661171,507.03488685757503
WC,1408,527.00388983,0.4138492304761167,511.48489478616153
WC,1411,496.640440384,0.38742601652262293,491.32072032853677
WC,1398,499.330364102,0.4730194992617177,501.7875891591989
WC,1397,502.533049164,0.49196073715809224,494.71598277372465
WC,1416,495.835203803,0.3960676512639757,485.55919135598566
WC,1415,510.201772957,0.3787039255275895,502.58260536941833
WC,1394,486.789867426,0.4960767847289466,463.28737673291977
WC,1420,500.918163222,0.44456293193654817,481.63070795395794
WC,1417,498.452244683,0.4069691979503304,494.7256035599054
WC,1396,490.898740594,0.5228055009234213,468.52630381864674
WC,1391,500.929882679,0.45458649420801966,489.73642461440147
WC,1421,512.492117246,0.42492901286573914,479.7968859803442
WC,1393,503.583193518,0.47614326833995513,457.00125418270335
WC,1395,507.292826858,0.4908207928315329,522.2135540232938
WC,1388,480.054340729,0.34622199909711465,409.07217685475064
WC,1424,513.77610007,0.3730984172301414,510.7008236155791
WC,1423,536.208575751,0.3267542285735435,540.2942813948089
WC,1390,511.248614339,0.3906738001408928,513.8296217974494
WC,1349,449.277124696,0.447999289217681,269.4769919301949
WC,1429,503.842358156,0.38755802666012884,492.6312657075769
WC,1426,505.452986922,0.360397437757466,470.36907872218717
WC,1375,533.227112808,0.3652462227573578,520.6323059381224
WC,1373,504.159433981,0.3976071545249356,507.27538841097964
WC,1379,485.615319716,0.45419569907367363,495.4937911688113
WC,1376,517.262411303,0.39526202916291253,463.80316634832633
WC,1392,517.320484282,0.47196104146547835,508.5932519351735
WC,1389,493.608645577,0.34692613467299666,483.44968037324793
WC,1380,493.207295634,0.45687174249314144,494.4454910278321
WC,1378,528.448299214,0.44678114452018247,524.8256619023342
WC,1399,509.359876174,0.44288732459930585,515.1446032056622
WC,1381,558.743063278,0.33857462478529515,557.5585297827628
WC,1377,463.087271915,0.41148098166835007,445.7342663634057
WC,1383,562.867925037,0.27518668173005345,404.09270205030253
WC,1382,498.663414055,0.3927848713577918,416.40181157729205
WC,1374,512.36937991,0.3875724117661971,508.5851484111711
WC,1401,535.638903585,0.41189798642075315,552.334728016573
WC,1353,609.177930384,0.36339588357565233,560.9551322488223
WC,1384,481.127101499,0.4831929904858534,238.056581474753
WC,1342,495.200328936,0.4341940496383798,420.31740794462314
WC,1385,488.74656938,0.3110807711116659,426.3546136594286
WC,1351,505.393006176,0.4800820503012871,383.92015578326055
WC,1356,487.696228966,0.47319466670788723,478.983906734691
WC,1352,490.753133898,0.4362490772325481,445.7254366108016
WC,1338,496.302462075,0.4856721437594547,480.5471252441407
WC,1625,512.385036244,0.35077961584875583,358.560841848336
WC,1340,503.598213976,0.4360009156462485,410.10278966567085
WC,1181,460.898595722,0.2941525004718496,432.8505602668312
WC,1407,489.699740002,0.3565716716202267,489.4850219726562
WC,1412,504.779249353,0.43672703785383027,503.6300031774184
WC,1410,502.534179247,0.4328365227541863,449.4165004954619
WC,1403,524.934203947,0.4370393037887767,510.43307375440423
WC,1406,509.332971614,0.42846754365932277,522.2210147034889
WC,1405,508.568347106,0.42250378068555833,505.45877930884274
WC,1402,549.937248855,0.35599249465182287,544.4781803804286
WC,1400,523.163440401,0.45262450283451444,511.47866327622353
WC,1370,501.395008082,0.41334829694067193,497.321972027947
WC,1409,490.57470426,0.35617471520106003,491.05817054299746
WC,1372,501.749793222,0.38616300626245875,502.5608854705212
WC,1404,530.140556593,0.394955092766246,527.1949521233055
WC,1262,526.239806088,0.23159676725214176,360.0934413835114
WC,1369,486.516940291,0.37182046188092455,488.9412351421281
WC,1264,507.249412008,0.25173103293611876,232.2923464905982
WC,1260,530.056985685,0.37771597836523296,393.8764771106196
WC,1254,490.164022994,0.3232392010028825,464.0619657030293
WC,1281,515.714457004,0.36793512452944593,508.3047090418199
WC,1363,498.998504209,0.4552997994845934,490.7693999944949
WC,1367,515.167423886,0.3851787904245965,542.3638000488281
WC,1371,497.781776484,0.39025772741036624,491.2993166456036
WC,1269,502.556325061,0.30636533737214905,483.4359779208314
WC,1265,516.494660686,0.28891640708191707,343.06894160251994
WC,1266,505.864960772,0.2937308415801212,381.565402281518
WC,1368,512.692251561,0.4030774175167822,507.79593149820965
WC,1267,508.472529715,0.3002245867634839,440.7505732816808
WC,1366,518.076529228,0.38699295972033865,490.5096992343079
WC,1259,525.019595132,0.3513792640969433,397.0194876278148
WC,1268,498.638258399,0.3013555574032354,470.60452656465424
WC,1261,525.930263221,0.3541248299100852,338.88011513504324
WC,1263,512.483338401,0.28128790973771556,369.25880695417806
WC,1250,548.917404506,0.417407935964674,540.2667894849591
WC,1249,538.22203572,0.3953908357390746,489.7222674500708
WC,1248,525.854513134,0.3786479297160813,431.0598961923637
WC,1247,521.430885685,0.38325897382642926,524.8135278140796
WC,1258,540.982988125,0.35306111066098167,505.7024178897633
WC,1277,501.358667912,0.3232303618868233,498.61871230181526
WC,1253,488.518050791,0.3409167943850095,488.1546029782762
WC,1275,508.033482432,0.3783150042441177,509.88082427978514
WC,1280,518.116070722,0.37890735047531654,381.29473281561155
WC,1246,531.570388202,0.3513773418508944,408.2752127254711
WC,1278,517.068961168,0.3488883833942521,528.2101080501781
WC,1233,489.002969279,0.36104738328517383,484.99651172114363
WC,1213,523.453567331,0.5021069372291509,517.4536458632525
WC,1333,493.452153231,0.40943466078533075,475.83119859882424
WC,1335,508.796800212,0.3823687828256995,456.7150344848632
WC,1362,490.990666319,0.44554098685850974,484.4838015986424
WC,1334,495.082346688,0.392224090179988,476.09363163966765
WC,1361,508.554840203,0.4089368429827851,505.69556827919155
WC,1337,495.430128897,0.45956025620919294,463.26276403688917
WC,1332,500.197551486,0.3997509857511211,486.04398241230086
WC,1364,491.596801241,0.38046477906013787,497.57856780407474
WC,1324,487.127923855,0.37521955249605154,485.78009134928385
WC,1327,490.625786308,0.41267404085594506,491.8035916496725
WC,1183,504.180046825,0.40882253896900445,344.86785649318324
WC,1321,496.53514247,0.39691387749007934,495.7289803000058
WC,1360,501.039053474,0.45912527827998256,509.1004326614679
WC,1331,506.438978642,0.3949724227774687,493.8997015859566
WC,1359,502.639821236,0.4740090990969157,501.5058419321096
WC,1328,514.029293212,0.4201124620344289,484.9948578479244
WC,1322,489.046783906,0.42414086561215925,483.1596911262063
WC,1271,514.865849134,0.33251321681652274,514.0745291317211
WC,1325,500.800851793,0.4171187864206886,504.89655253092445
WC,1323,497.395258772,0.4016670194213758,501.4921159931257
WC,1318,505.762448981,0.3504808596905599,502.5375057744044
WC,1326,504.211739705,0.38979623996330753,496.2552822636623
WC,1316,497.230655884,0.35452894005041957,499.655909280216
WC,1182,497.113867298,0.420689456911914,289.87697206384996
WC,1279,509.576152256,0.3554441155870611,505.68767406987206
WC,1365,491.685660548,0.30013597945434933,498.103275343951
WC,1315,493.407076086,0.3566946842210854,484.9906718833774
WC,1272,518.866096663,0.32652281766860336,521.1444420608819
WC,1270,519.282742061,0.32058491357544117,525.0744808720608
WC,1319,498.22777607,0.3497104398312484,509.34610356349566
WC,1311,509.190310174,0.38395766381594343,497.0352783801509
WC,1310,507.366685819,0.3736118604962136,432.3520975748697
WC,1273,507.505389409,0.32497310129260215,438.389070219152
WC,1274,503.578271036,0.34110978997084423,434.1982512530159
WC,1317,520.504561077,0.35990388846982674,506.7268416161631
WC,1358,500.307081245,0.4831215626045139,499.1488476622339
WC,1282,500.663016133,0.3741481376070497,502.0187956866097
WC,1308,505.005394409,0.3428405437519458,512.2227938184552
WC,1314,497.146906527,0.37885529219823644,500.7027632171032
WC,1306,495.736924157,0.3606174889450651,496.2477438234814
WC,1276,514.364177249,0.3425673102599204,515.1178350112018
WC,1312,501.729531965,0.37591776973484103,509.3439145555683
WC,1303,528.279665829,0.38392201279334137,503.0565992168352
WC,1208,529.065988408,0.44880176371741076,512.4740456674615
WC,1296,498.021654116,0.3640571760610778,491.7964879653032
WC,1189,493.801495498,0.5461593835137455,487.5853626026827
WC,1304,518.556573073,0.3919950765507822,514.5790187461704
WC,1313,495.125198837,0.38064734438372194,495.2029711854225
WC,1307,506.271280351,0.37129386427515904,462.46694443646595
WC,1186,504.228634448,0.4751528957182682,501.461763718549
WC,1320,505.76974771,0.3585456983276686,496.51432264739395
WC,1185,489.247146029,0.3863887953296247,412.16703257841226
WC,1309,512.40733645,0.36772838972897326,442.04132819082224
WC,1339,480.385526615,0.477553138144259,422.14855062447344
WC,1330,504.312096614,0.3878912163243157,492.85171074960755
WC,1329,501.988176796,0.3803998358068232,512.7540133607154
WC,1180,454.399444319,0.36529448307891593,318.9420335657456
WC,1357,504.33190467,0.47399854218631043,512.7664149265663
WC,1336,506.197214101,0.435460009201385,479.76036649217787
WC,1297,490.671271197,0.3507949807218961,490.74904503915826
WC,1234,539.100044366,0.43209569636162753,529.2546479468251
WC,1284,492.74022474,0.34109305402452134,495.20836609485104
WC,1286,486.625274805,0.3506969452165149,478.708337282667
WC,1283,504.439178597,0.36772024717543694,498.87542634851786
WC,1293,500.845896196,0.3877530276836462,510.9139333687577
WC,1295,500.605743979,0.3595748165186414,492.32025867536964
WC,1294,510.264854521,0.36671593955345255,511.698318750718
WC,1209,532.243404913,0.4918550495105839,512.9986604578354
WC,1204,783.929275709,0.2675788917280291,638.1658505308861
WC,1299,515.840338588,0.3498452946992724,469.27443108652153
WC,1298,522.625029688,0.3451447317284115,521.3870034311332
WC,1210,532.618059871,0.5006555207794965,500.4300561643115
WC,1211,539.862469235,0.5061068037668788,545.4723533181583
WC,1212,533.795015468,0.49418657083022044,530.8083258535347
WC,1300,515.235206583,0.3440609678815483,494.4144602756874
WC,1216,523.283561816,0.4051631456486593,516.4082311293658
WC,1167,504.384587505,0.3315376629114152,490.9832218244964
WC,1207,527.845767237,0.4062937269027326,523.9953217450311
WC,1198,586.83946949,0.3305229793258247,586.8361526489259
WC,1206,541.124700419,0.3596325912752167,534.9927957871381
WC,1205,683.179668177,0.3070241657294602,633.9771489760457
WC,1305,516.424146473,0.38400253813845453,503.84212098963127
WC,1301,527.840305581,0.3487201112722184,519.2924050723805
WC,1302,522.7611535,0.382013235573239,537.6235482907763
WC,1202,486.477375546,0.3311220872543399,420.03090485217524
WC,1199,483.111779744,0.3434977403549412,489.42272931267235
WC,1195,490.988001421,0.39360289667185955,482.3511591593424
WC,1197,521.807075857,0.3350256046037068,523.4647859760358
WC,1203,584.177902913,0.2747533638311092,416.88895853080004
WC,1194,494.408191678,0.4230035546293669,492.56333459592327
WC,1214,519.47708428,0.5117364676365759,525.5722388772404
WC,1177,501.195608415,0.4753889635357732,486.26830390481393
WC,1179,501.227846125,0.4506040080186518,489.6727399639055
WC,1188,496.585080519,0.5292978773911796,490.9888197954964
WC,1193,495.478632073,0.46403914815965186,495.7051948098575
WC,1191,483.027092479,0.5402662748608171,486.8011423148361
WC,1192,492.733231892,0.49617045575111013,481.04034714044315
WC,1169,533.492318143,0.4050105997588898,530.2602978874655
WC,1164,515.669845861,0.38492202961372834,520.0485476923923
WC,1150,509.241752945,0.40528311945378453,489.6709300022499
WC,1172,501.583610812,0.4457588955381159,494.38510137819776
WC,1174,481.059654296,0.3742163077117951,483.1263526467717
WC,1176,488.59481404,0.4560471021031496,492.02893413468905
WC,270,546.127007565,0.534385481135176,529.9152167226754
WC,1190,493.119853346,0.5199338722991791,495.17988350064144
WC,1184,516.260118679,0.4249761731173501,431.80558687097886
WC,1144,555.508484299,0.4642170758395598,494.9062136182598
WC,1175,521.341903937,0.4008718746598764,517.1666988298003
WC,1187,521.132910667,0.5031770147320542,529.2197000840132
WC,877,509.922182566,0.4747331030474604,507.4958314783433
WC,1196,490.889815276,0.34891090049702095,495.7065493415384
WC,1256,524.712876556,0.383896024471306,260.8384457457299
WC,1291,500.962299093,0.4125673436324203,518.7713763367897
WC,1257,558.47886614,0.36670242336524567,419.2798302444757
WC,1252,503.873662535,0.3604652845927226,507.2712460087795
WC,1251,478.400382343,0.3151932194975716,478.72514839920336
WC,1241,535.477373119,0.4195575688836726,503.3348688462202
WC,1244,503.179121113,0.37664856783245226,507.0036771587296
WC,1242,483.083528318,0.4091230023600185,486.57538209802965
WC,1074,527.688543692,0.35016042923775514,534.7620705099666
WC,1245,530.828184685,0.3527740450714165,444.67620876536654
WC,1240,516.434553113,0.39770919091084544,477.6696833891027
WC,1243,485.363850719,0.4217826146350823,485.0047963759478
WC,1235,518.200588954,0.4350437601895606,522.1848618750478
WC,1236,530.005603833,0.4282417666450165,527.1614954929726
WC,1230,512.876711354,0.4050869098369111,430.7858098347982
WC,1106,496.742287816,0.3414489264310947,486.0316575891831
WC,1228,505.115174101,0.36745998812189923,386.7891660503313
WC,1287,503.990153423,0.36893752407585684,508.56137282427625
WC,1288,517.54516293,0.3921912563738698,528.724956258138
WC,1222,516.650693779,0.36268865831411423,498.86719692454614
WC,1220,506.501398676,0.38274092723551323,520.8627286724017
WC,1289,499.400119233,0.3820138949237458,477.92047822241693
WC,1110,530.293735249,0.32431705336042704,468.2211730957031
WC,1218,525.900843681,0.436286898164994,535.5261644251207
WC,1111,523.32795181,0.34658399606301543,493.35956486720664
WC,1290,511.224492359,0.40108325934299255,506.9876149196251
WC,1231,510.541346801,0.390985114126982,469.5442355286842
WC,1285,496.121589704,0.3481094905174707,433.9284597658644
WC,1225,496.994285956,0.33895952788271916,502.2735561894434
WC,1224,504.951221251,0.38735217801243405,494.1549005845013
WC,1108,521.981438289,0.34531596425779687,470.31793805290675
WC,1227,497.168289317,0.39927568410379477,357.98236107919735
WC,1221,512.61197185,0.36450329637878615,515.6261266072592
WC,1219,515.685319664,0.42426410173870516,500.17425704656864
WC,1223,497.992361192,0.37567395092105227,506.200379076191
WC,1232,484.515364939,0.3659749141649197,497.56578752106316
WC,1229,544.237764487,0.375659313396679,519.2988063438265
WC,1109,501.117930456,0.3670083552886032,434.96458668428306
WC,1226,478.081796292,0.2750349992727117,475.30126190185547
WC,1107,492.738603313,0.36457511730637904,495.1962370928597
WC,1102,495.453161808,0.3846832083272082,439.9429155237535
WC,1114,508.752678363,0.38268502186608794,507.2361603979971
WC,1217,531.085251197,0.4291222616395892,522.9556630751666
WC,1113,498.411053345,0.38939969046303385,409.56057897829544
WC,1105,487.501011318,0.40083928873543045,460.10656666475194
WC,1112,508.818984664,0.33036286358148725,500.69118092854825
WC,1096,512.337610863,0.40380156082355706,407.21176973230695
WC,1125,563.93979031,0.3999255511568579,357.44135457955156
WC,1168,529.214672013,0.418894005005724,526.0710229611864
WC,1166,475.776160869,0.3371215009021602,476.8432659373563
WC,1161,505.511463816,0.3544253246039309,501.19567341524015
WC,1165,498.27789918,0.3970039339364359,497.26750993915635
WC,1163,500.738131929,0.37757334693564176,500.1475741816502
WC,1170,545.419238618,0.3981602923729672,544.6616638781978
WC,1201,610.332341245,0.29865829955279266,446.21619262695305
WC,1158,500.125375562,0.34244160679927765,494.6489435233321
WC,1160,499.336014266,0.3661270627706039,499.3624633489871
WC,1151,515.526776241,0.42109317579853406,517.4284898047354
WC,1162,495.254182944,0.3641695358076526,493.60098081102564
WC,1157,498.551200655,0.373629347131583,492.55409465116617
WC,1155,493.475039636,0.3956887132197118,419.7575800876992
WC,1215,531.9057101,0.45038081549644954,530.548503741096
WC,1152,478.357799313,0.4302995024551982,460.34455593333524
WC,1154,452.905142106,0.3480697751356257,275.99783133712464
WC,1149,508.934285169,0.42741944165332035,476.31688723096664
WC,1153,452.177614197,0.35216641424125744,398.02331617766737
WC,1159,503.365497445,0.3478911211978086,517.4305353202072
WC,1156,492.561250299,0.3881928405232644,466.1065376431334
WC,987,481.457255024,0.3692327598742058,459.0362810920267
WC,1146,473.163017835,0.42155536715669,473.17417348225905
WC,1171,518.409616583,0.4123237317625911,527.3794644224877
WC,1148,517.631537436,0.4026411444567537,466.62794189453126
WC,1147,492.672315481,0.43263399972923194,497.2646194458008
WC,1123,553.230369327,0.3858170599310703,483.13679549273326
WC,1145,450.977727772,0.4570447571810271,440.70358491785385
WC,1173,544.549597436,0.42425782034454274,535.2341886333392
WC,1200,515.033803757,0.29021189090240157,498.5878497553806
WC,1292,498.602954994,0.4212884141249409,482.8939001345167
WC,1115,502.784735326,0.3410803276054573,495.18943568210983
WC,1116,503.126879238,0.3555389905337598,405.6304269828048
WC,1119,511.697329539,0.3847020565925198,434.9572959151923
WC,1095,504.192050366,0.3873503762553311,447.802391949822
WC,1101,481.193521615,0.39682275302493913,409.82832650577313
WC,1122,501.844771395,0.3689465216185958,451.45236382577934
WC,1124,597.141013424,0.37928968918733347,434.1676209094477
WC,1121,514.731881715,0.3556752648070236,515.6098248051662
WC,1120,503.539924323,0.36305540676205045,453.54884763231473
WC,1129,645.032049193,0.38077364838206174,640.51041098202
WC,994,553.403911738,0.39261470382596236,530.2678429098689
WC,1131,770.28208666,0.3935020743900913,754.679505740895
WC,1132,671.887203206,0.35061885418826977,672.9778289794924
WC,991,537.830841456,0.32383116605289286,502.5078717400046
WC,1134,513.367038204,0.393225055541794,396.9771050546683
WC,1135,477.282190742,0.36760131545296737,315.0148283116958
WC,1138,491.421580166,0.3789702647267878,454.0602589326746
WC,988,528.644524214,0.31750332536490233,473.1769330791398
WC,1139,504.858132681,0.40307100505136245,468.72349443622664
WC,1141,498.731288141,0.3913728828636645,494.3844066545075
WC,1136,619.646240216,0.3867579326910131,534.1902580410826
WC,1140,518.650929925,0.4021227091397996,510.6206965726965
WC,1137,536.246167578,0.3930971964718179,492.29209594726564
WC,1255,514.477993774,0.3584171800973452,309.5492787379844
WC,1073,466.6461541,0.3575777259823972,371.61046767889286
WC,1072,587.479660771,0.2304042598707141,206.6256176219267
WC,1077,515.63263437,0.3511946361798507,459.59976959228527
WC,1238,504.946592661,0.39627093750070475,492.5952181647807
WC,1237,503.837321687,0.3992975765133497,505.9502104815315
WC,1070,523.529109497,0.427807480096817,32.99711178050322
WC,1067,547.272169425,0.35148127425780523,352.2316300036861
WC,1064,535.30208884,0.37764519440592154,501.2417668660481
WC,1069,530.126853508,0.36942971214899384,252.45436051312615
WC,1068,536.126003227,0.35421006457927906,357.4691630643957
WC,1078,505.236753615,0.33829199496675955,404.3423653097713
WC,1080,493.748488135,0.40237707400362094,388.8901941636029
WC,1061,517.550460855,0.35941991633706055,495.48100864186
WC,1075,517.110988916,0.3434170761019095,450.9592230404124
WC,1076,504.773553997,0.3445254065539386,484.4791672650505
WC,1062,507.153053368,0.35870365666805565,429.748343075023
WC,1071,523.141503375,0.28850089013576513,31.425912355909162
WC,1079,489.837258334,0.3624231924388072,334.9436800788431
WC,1065,515.137873406,0.4102534968866173,402.7746801937327
WC,1058,488.627960415,0.42495962785846303,478.7210851631913
WC,1081,499.811811484,0.3923916372245755,470.85750983743105
WC,1063,527.056182731,0.3574369687372553,541.309838478238
WC,1066,519.48262317,0.33167078434956176,436.55826790005557
WC,1049,499.17117585,0.43835976129193865,492.8577570298139
WC,1050,503.011986313,0.4459610599613092,509.88065284280214
WC,1083,509.806663602,0.3214127542461115,483.4260017544616
WC,1040,520.394974532,0.31672075894967977,524.014185737161
WC,1085,500.978459539,0.34961755966204544,450.4278310139973
WC,1051,497.1812879,0.48554816175240356,493.90667069379026
WC,1048,504.886511547,0.43992433648185675,507.78422214283665
WC,1084,521.978444077,0.3243919052942343,514.3266326305913
WC,1042,508.379188479,0.46499222262218687,494.6858052272422
WC,1045,505.670550621,0.4425619977312786,503.59188163607723
WC,1092,503.057703836,0.401996259036355,455.13694873884623
WC,1094,502.289486413,0.36393120503168047,509.0813043930951
WC,1093,492.123396527,0.3703247018279256,484.4660569733264
WC,1039,505.601293309,0.37887773602989805,443.61804701861223
WC,1041,527.343294239,0.3730382826984228,521.1345660639745
WC,1098,501.124629148,0.37082650634898234,393.5938482845531
WC,1100,497.717165645,0.36033061222267015,361.64469819910386
WC,1099,488.637261128,0.34393270746616195,336.2436297248392
WC,1097,508.343872265,0.3751222850469731,366.09744250727636
WC,1239,516.149279215,0.4009213212567702,516.4271118164064
WC,1104,487.512534274,0.364422251519883,428.6826357673196
WC,1117,480.963815074,0.3739411993100579,355.0896571739047
WC,1126,462.992346747,0.47175742119781733,168.90067336138554
WC,1118,490.666542385,0.38021081452478817,377.6094442629347
WC,1103,486.001891668,0.3932433655451993,305.603194472369
WC,1128,660.4798312,0.36826020140457605,649.6768875122071
WC,1052,503.573739866,0.4481365214810279,503.07324461095476
WC,1057,491.478526087,0.4092787555798192,498.3617286532533
WC,1055,485.069295445,0.39925009995571836,491.2908042159734
WC,1056,502.745430789,0.3836455938221591,497.83821082021683
WC,1054,471.603093829,0.3974278830258349,475.8392606847427
WC,1082,503.358344773,0.353237259327018,486.5693311504288
WC,1060,508.717344977,0.36004259758743073,502.0281364291322
WC,1059,506.854966319,0.4009236856816842,505.9564424402574
WC,1053,476.575996908,0.40261030812112125,461.9587689867207
WC,1046,495.128768701,0.43993585596341883,482.904253731522
WC,1043,510.878787411,0.4757432542199778,522.4455588845645
WC,1088,484.702409566,0.34398859637994833,489.18313936719704
WC,1086,481.979921125,0.3595374688576462,388.362471337412
WC,1044,512.671626473,0.4543783257556629,514.5899943333046
WC,1087,482.687926939,0.33880017191664996,427.1193675620883
WC,1047,504.000690631,0.43604988218882146,510.6641526166131
WC,1037,492.352679572,0.3918586438868881,491.8021527159447
WC,1090,481.61553152,0.3330716971153191,485.25317254159967
WC,1019,523.048849271,0.36106356063738787,492.3144091437845
WC,1091,468.862277538,0.32982611713206544,458.54109323538984
WC,1033,508.762501729,0.4550390245072038,506.2029950609394
WC,1035,489.207826185,0.4635640711776576,481.0643269258387
WC,1036,488.665199339,0.43667517517340076,486.04053195130587
WC,1038,504.220486345,0.40188333628938094,461.42508048263244
WC,1032,503.246381959,0.44503368029070917,505.6785017724131
WC,1031,511.972048457,0.455439089844464,503.0590637506223
WC,1029,505.943207937,0.4387527226233619,507.77138073491113
WC,1030,509.903357441,0.45223824742448626,511.1763635672775
WC,1034,503.135895751,0.4721552393300995,511.70305175781243
WC,1026,491.721507276,0.4446767061789406,489.7002588907879
WC,1028,500.496899358,0.46467131726701216,507.77072825712315
WC,1025,504.075874125,0.4341616168205604,491.7946050905713
WC,1027,502.30319403,0.46139586095743856,491.27211076325057
WC,1130,483.967461918,0.40915997651811375,464.01564699060776
WC,1089,498.238563099,0.36352255308433373,497.03856970095165
WC,1014,518.309711975,0.4146556374673025,521.6418682621975
WC,1021,359.095148514,0.4152646723528241,225.20813526826745
WC,1020,502.476530271,0.4436887309790772,448.3215823005228
WC,1016,467.707842768,0.4289561884274461,470.3157175101486
WC,1007,497.02769932,0.43734702298587014,495.4501536350624
WC,1023,531.26549936,0.2875498934694656,506.72030603745407
WC,1024,444.814062972,0.41085399372633913,455.13231455485027
WC,1022,573.652600555,0.27006960431193566,403.8038569730871
WC,1009,503.355279008,0.3705481032413783,490.47652288698686
WC,1011,491.606789786,0.3537784844010006,485.5026358211742
WC,1012,491.771511117,0.3458244167308119,489.69363226797066
WC,1013,510.044872315,0.41500329494876564,506.97687928442855
WC,1010,492.657811151,0.35214906926259565,501.9995851404527
WC,1015,518.736872581,0.39964502502582266,524.7845225913851
WC,1004,490.252176384,0.4326146261248374,487.5920388315238
WC,1006,485.186903834,0.4100115040356213,487.33185580384503
WC,1001,492.827877292,0.4273213299390035,327.8531927071366
WC,1005,486.02546888,0.39609865742743167,480.52261484183515
WC,1002,493.280285084,0.4779366800674768,486.80463316674326
WC,998,612.930962624,0.3414922475412085,77.51120886709177
WC,1017,460.853590061,0.39835709734539265,457.2222130868949
WC,1003,494.233389355,0.4669634374472796,488.3768410776176
WC,1000,508.36709454,0.40421338779888616,397.5081051994773
WC,996,543.026488104,0.43466333570149274,486.5391281127929
WC,983,509.668931447,0.4025592124616945,504.0763238645068
WC,992,531.955094977,0.33366273422853665,428.1407066794003
WC,993,530.9346157,0.3765985323080224,542.5742986342486
WC,1018,607.730317466,0.33193688008895583,605.4400651520375
WC,990,546.463446412,0.38673969731527436,492.2946939505783
WC,1127,477.948054184,0.3138768122693287,339.10995438519643
WC,995,528.747414985,0.36977720402086844,537.8626875035902
WC,997,484.262219986,0.5422315172073019,330.99390764423447
WC,986,512.486651564,0.3776517342883054,501.4567400464825
WC,1142,572.044543725,0.33372446609304307,283.0658941530714
WC,1133,484.824292447,0.34639339183818846,381.00419179878986
WC,989,526.294898762,0.4359149293405335,467.4173955879959
WC,984,499.429854501,0.4665887313274702,495.4353272681142
WC,776,567.986532886,0.5495467687588257,423.92816691679116
WC,982,508.543546927,0.4523931025579216,461.39336410223274
WC,957,519.957052847,0.4254496416521455,488.38025650323607
WC,949,495.422492284,0.4889452069267806,491.78860823687376
WC,960,501.62538323,0.42687607724931814,451.9786381740195
WC,961,505.229397517,0.4163210148740018,490.2100573371438
WC,948,491.377356155,0.45064582460144026,499.6450799081839
WC,963,503.57744425,0.41149289068174344,502.51601451798973
WC,942,505.397114698,0.43245521708780216,503.31308719410623
WC,966,505.109596055,0.4198163582521507,487.32564496807026
WC,967,505.707219099,0.4018502650037027,511.6780200733858
WC,969,525.953389549,0.4130289689751183,526.6023411470301
WC,968,511.056339105,0.4278566555692515,513.7720890419157
WC,905,515.350594092,0.38998223889691863,522.953323094985
WC,981,509.705731292,0.46231595063862746,477.890412274529
WC,985,509.365405308,0.4249385786214698,434.15940512862863
WC,980,514.350415706,0.4289980029700826,504.338186047124
WC,978,519.960023595,0.43424623832710363,484.69947826909083
WC,777,587.579111925,0.5554804590574476,451.16119318943396
WC,999,491.368084475,0.39795581960501164,282.287995671291
WC,811,512.03980768,0.4087557923110453,395.141472491096
WC,806,512.275321716,0.46833674394462294,431.5363338994045
WC,799,519.847278375,0.4422695246467446,418.70049848369524
WC,976,509.679712754,0.44311162366450413,485.48571983786195
WC,798,615.981155938,0.4082183727057897,547.7916765100816
WC,974,503.029196934,0.42249284951417726,459.30092558019294
WC,1008,491.262299678,0.40541842012636126,487.0713756785673
WC,956,500.16357945,0.404489259413638,476.5971844243068
WC,953,489.053491517,0.4208145695966441,486.8118442610198
WC,951,502.408419573,0.43074536136172337,483.1465532789044
WC,954,498.576249845,0.4119208880117298,498.3337069043926
WC,955,487.23814823,0.40419303724080874,456.69605458577473
WC,945,512.216673324,0.4098713008471756,503.31323008817776
WC,959,505.001186218,0.3979987314490777,508.5422772575827
WC,958,515.978843057,0.40621996031618396,501.9965289246802
WC,950,518.808262081,0.40436798998674,513.7857577155617
WC,952,459.201619159,0.39995117980777306,358.49738066430183
WC,962,506.543362655,0.39813030336561533,488.37614680271525
WC,943,497.331541793,0.44859142362759374,500.1708967321059
WC,932,520.510000107,0.46769616751731186,517.1974060058594
WC,947,511.420762756,0.40258184006230474,496.76480757769417
WC,944,513.585371258,0.41968645593239395,499.1234122182808
WC,946,529.923493288,0.41082409040499773,527.927982674393
WC,939,510.512449732,0.43248422509869794,502.528343110926
WC,941,510.429422253,0.3970419990593563,457.74852016673367
WC,917,511.708752122,0.4288146135094089,514.052996078192
WC,812,516.483477606,0.4514796473788765,333.08220008401304
WC,940,511.507867002,0.40270341487442207,481.0553155338063
WC,924,529.159173944,0.369327680958497,526.6249071009019
WC,918,504.011429439,0.42940076183616904,514.0533139397116
WC,923,513.44978779,0.3811073105778234,483.4156358905866
WC,921,512.837695765,0.36194898697805306,480.7964183134191
WC,931,472.488165654,0.4423446132642891,447.54022115071615
WC,926,475.458290999,0.33445435752021313,450.94499080882366
WC,929,547.432714427,0.2109007201270905,131.19878952923943
WC,930,493.957162443,0.3142560332070754,298.01175261852785
WC,928,487.602595214,0.21214103870666942,292.775158661487
WC,934,503.060918167,0.3902718016802166,496.7696929333257
WC,933,509.324993589,0.447733060848348,513.2686222749599
WC,925,528.757972125,0.3505861071439891,537.8859947054993
WC,927,418.139932911,0.242140228423572,309.53436916575714
WC,935,498.287057917,0.36614867420991265,491.00766218596823
WC,922,529.703461789,0.4202999321332147,463.25080901501224
WC,919,504.935965944,0.4169888438856672,495.7226658839804
WC,937,519.816493771,0.3908789444641507,492.5780039170209
WC,936,525.276892831,0.41280101585641427,517.7181740255916
WC,906,506.739751597,0.36620337555447147,500.4332455803366
WC,915,507.210313347,0.3844903030938448,499.64977560604314
WC,916,501.335695725,0.3921940936827497,495.72192403755935
WC,920,511.745132173,0.3767458539240991,516.9347206863702
WC,910,504.448586215,0.4228020567580893,502.53001116584335
WC,912,497.883005016,0.44470676196488573,500.4358308679918
WC,911,506.067088032,0.4438030068029331,517.195157847685
WC,970,510.296472533,0.37354260444641113,510.6279260971967
WC,908,488.21626485,0.38722258073358856,496.24498344870165
WC,909,509.0563548,0.3871509535233222,495.19768931070973
WC,903,499.460954995,0.40570046784248487,506.97805765189383
WC,897,519.532438195,0.515852546986967,528.9705219642788
WC,914,529.79129081,0.40113627834910864,505.14865151199643
WC,900,498.011447454,0.4196427214017133,485.7652442184149
WC,902,500.948162846,0.4267401157728749,505.40627228979974
WC,901,511.95872673,0.46098578518781913,510.6429520251704
WC,899,494.523763213,0.4400391836762741,498.33403990502455
WC,896,513.250766603,0.5096334675715389,514.8291020711263
WC,898,503.903180883,0.4835573196884186,494.92889135024126
WC,913,525.335718354,0.42838839251755323,513.0050481160482
WC,904,522.107135522,0.407586234484773,502.2647792442172
WC,907,496.694238713,0.3740809530416068,492.31600278966573
WC,888,489.379577025,0.433066868338143,460.6207239487592
WC,890,499.968648481,0.3986891655960178,473.45173468496284
WC,881,478.087994185,0.44976605255672925,487.5930939917471
WC,889,508.728108252,0.4251734301000917,462.71546391505825
WC,879,533.334433716,0.38289797686358557,527.3952464982575
WC,838,499.748721303,0.44226913497051845,507.48320797190945
WC,893,518.510507731,0.4733510978434534,525.5634581322763
WC,894,514.312937012,0.5047152425296095,503.82937984092564
WC,814,525.614835764,0.4255146246909359,424.2099102244657
WC,892,530.222909807,0.41477434455637435,526.8723337809245
WC,825,555.604749355,0.41798955409714345,466.10827526017727
WC,895,513.954467985,0.4898711576042195,514.8280271642349
WC,818,477.733916681,0.39293152572065027,477.3698271807501
WC,820,494.081783608,0.4384314995909494,494.9136871637083
WC,815,499.329263244,0.39584396827549145,446.9925652298273
WC,822,506.844978406,0.41868727771052977,509.31547531427117
WC,891,518.008450964,0.4040074057468189,515.3505258597579
WC,886,510.56092442,0.47636960669765316,432.33894925584974
WC,885,523.12721156,0.4335981937596104,381.2754293404374
WC,882,522.381303917,0.4051936309651133,518.7537705963733
WC,833,511.490194187,0.4223994934998093,504.60597719678697
WC,883,516.018435231,0.41752857362963963,516.1352000217811
WC,884,519.769203681,0.4394195799300733,349.58975500966983
WC,832,558.175400206,0.3252775830441508,455.63844559613403
WC,887,496.94242354,0.4459525236267724,476.0703925936829
WC,828,482.846432565,0.3958275345814574,468.2056646908031
WC,830,525.767349788,0.41499349997937685,523.7198167688706
WC,831,471.024224186,0.34086259238511374,305.329563814051
WC,835,485.545961248,0.38759403508486207,473.4436021692613
WC,834,504.662195441,0.4366784888149095,516.1272775986615
WC,880,516.304489306,0.416378210568186,515.8739721560011
WC,837,493.867819153,0.43996692696133183,484.44023222081796
WC,843,536.795595481,0.4092501465365078,531.8325730267693
WC,813,523.945140953,0.4480262040213619,390.95328318277984
WC,964,495.825835926,0.3981961613458011,480.25673777262364
WC,938,525.83842181,0.4134040511027567,497.81478038114653
WC,817,484.941462467,0.4421848391324788,463.4905058617686
WC,809,504.808599574,0.4363009711455984,513.7613714779125
WC,965,508.868663687,0.41276542222572066,518.749798524146
WC,807,501.905624948,0.4299148301666179,516.6399303660673
WC,971,509.586092797,0.34815895802661506,504.34238523595474
WC,803,485.524407723,0.48783318318365704,480.5010767918006
WC,819,503.878054648,0.43667675280497853,512.1963968314376
WC,972,509.040595797,0.3365046815988091,471.3472451602712
WC,808,508.157478123,0.4167249882195405,483.6471606385474
WC,821,499.928414559,0.4268622728273831,489.67608531877113
WC,810,506.319509895,0.4403042528219233,507.73927160524863
WC,805,510.581201816,0.46416930197659184,463.4818285773782
WC,973,515.360454648,0.3580997436151628,466.6331505270565
WC,826,545.839080105,0.4647980288093507,535.762994743796
WC,816,515.713704252,0.3666916184184495,511.93462620155486
WC,802,495.495829348,0.46371292018865173,495.42576003729124
WC,975,506.551178687,0.40812870755884995,501.72131587009807
WC,804,514.749660435,0.4629708987056784,440.96157094918044
WC,823,518.213283284,0.4421362074994549,508.00682127709484
WC,824,526.412903455,0.42146542301318907,425.2592532887178
WC,795,525.499805748,0.47212872426666896,524.7485457177255
WC,800,490.782741025,0.46818109830559546,352.9765764124254
WC,801,526.048511136,0.4308216955529385,528.1564394184187
WC,789,546.730332279,0.4893656776149444,501.18337064256843
WC,839,496.329891167,0.4532164140298593,495.1750019148285
WC,793,438.771700069,0.518832453676028,339.3585988063439
WC,791,433.186170972,0.5273463745322354,441.21924372654337
WC,790,471.597789771,0.5057750007825661,465.0481766046263
WC,785,509.804774338,0.4621658193239246,434.66932229434735
WC,977,511.445607199,0.4170355000933284,496.7450265622607
WC,796,518.371920216,0.4740879643682468,525.2727257822074
WC,794,496.134779114,0.4676748724342082,453.0013310750326
WC,782,469.459085376,0.4728026382463762,471.5896278530944
WC,783,490.109346266,0.48067615777660133,480.49274438596234
WC,792,462.920628598,0.5552388862513247,460.07238482306985
WC,779,546.361303401,0.4292905477852356,515.3155922384823
WC,784,428.659393209,0.5285677946332602,429.9564235014074
WC,797,464.690403937,0.4687968463383844,391.2048053217869
WC,778,634.257461841,0.560798666711443,567.6837673710841
WC,841,490.711522594,0.45272864974828664,491.2454912971048
WC,775,529.1829323,0.5667113599195643,431.52191931032667
WC,774,512.475595582,0.5678856632144181,507.9802108764648
WC,979,533.75441052,0.38027620353038943,499.6245868458467
WC,781,511.17678658,0.4689641813759386,516.6263982735428
WC,271,536.904774314,0.5287299416161448,476.7668886970072
WC,773,537.708146373,0.55431687712963,531.5458737242456
WC,786,481.317253474,0.4193547540040129,388.8462856517118
WC,780,514.171768681,0.44577584048783864,518.9822725782207
WC,771,640.414260253,0.4416388598603939,428.1157161338656
WC,768,480.940709482,0.4381708682100862,482.58179662367877
WC,770,475.961642584,0.5498276232442322,355.0630142511106
WC,769,533.944236758,0.44293180261169585,525.0016647039674
WC,787,513.239270111,0.32040124076296855,344.59429384119375
WC,766,506.63954579,0.44597448758900826,504.57578262628294
WC,767,535.268676674,0.39744701751061523,534.9505150888482
WC,764,584.432370534,0.4610909868249144,596.7435575896619
WC,869,489.260301251,0.4983175273510176,483.1444711124195
WC,866,532.728707232,0.35197606529869585,530.8047809675628
WC,864,511.844058861,0.4499029363783902,516.9235540053425
WC,865,512.892464423,0.4007274725171364,506.1880649043063
WC,670,520.137087046,0.3627925430090142,516.4209237192191
WC,693,533.414555488,0.38324687429965854,483.9330866495768
WC,863,521.573433455,0.4559742821681927,532.3726999619428
WC,867,496.291821393,0.40481177165890203,492.0490635292203
WC,690,518.948373212,0.4098904753799315,523.2154584099263
WC,692,523.306437529,0.3680149241370193,534.9982961318071
WC,669,488.534409436,0.4141691006146945,459.5943904203526
WC,667,504.150653918,0.3862752961869777,501.75801684809664
WC,671,505.250025302,0.4555122269744385,481.06663438385596
WC,672,524.727150333,0.454002833235278,440.47507506725833
WC,675,516.318606368,0.5018143189546999,510.1315283981024
WC,673,526.029156639,0.43921992919453934,491.5395862354952
WC,674,538.330769474,0.5047482031931,539.4622675876991
WC,694,531.372302819,0.41489984610113667,511.4281730203067
WC,691,529.592450152,0.3779929395299948,448.84402848786
WC,689,514.329101558,0.4259518898761375,513.5269825654872
WC,688,505.699628415,0.3921009253765202,481.5796489939969
WC,668,505.249536545,0.3445831743408849,464.30935824525125
WC,661,532.619838382,0.4010594388719313,538.1597487505744
WC,664,522.771755691,0.4136069706823303,523.4943818634631
WC,665,520.00435064,0.44278090293660305,518.51794424618
WC,655,540.918308269,0.35389337788928626,432.0986720964021
WC,658,509.999751933,0.44296624481491054,500.97220267501535
WC,662,527.420216311,0.4119674681210587,532.6601877249923
WC,659,527.240523227,0.44071747110230935,516.4229140337776
WC,615,569.796097389,0.4266410178497702,407.4755028818168
WC,700,534.443428063,0.4191735700457675,495.7110822789809
WC,666,511.75618271,0.4534039542475116,512.2326713113224
WC,660,522.048264286,0.44768136314631723,515.8993892295688
WC,663,531.117313812,0.4132514850435382,524.8039050831514
WC,678,480.967752013,0.4501804062789615,476.610657785453
WC,679,463.840823712,0.42830505178452605,465.0875722548541
WC,657,515.682010518,0.4294165955272343,512.7569681205001
WC,656,527.573223553,0.35784356464360073,428.95607799455234
WC,677,501.114104485,0.47986558890106296,501.7508948531806
WC,680,492.897201732,0.4646482343121401,478.1801963955748
WC,654,531.943337656,0.3668775614466728,421.6242680867513
WC,613,557.009510608,0.49882456164497213,418.7355743408203
WC,676,503.955818717,0.5118168412870968,508.03609113506235
WC,699,520.05579939,0.4252066202402992,498.33054833505685
WC,698,499.218372914,0.4275183798658149,531.8502909940833
WC,687,538.813390361,0.39057768703680706,492.0550167308134
WC,681,527.753856458,0.4186560099536962,524.2688265931372
WC,653,536.987091319,0.35659590691717613,400.67429091509655
WC,651,535.742766735,0.38001244678511653,348.82254363415285
WC,652,538.410205556,0.3445322935915602,431.31431956571686
WC,650,552.770976141,0.398375928061349,458.2880480897193
WC,642,551.927986455,0.3827772538230451,429.7464098762063
WC,635,504.954876852,0.5385953618437751,502.54749818689675
WC,647,519.197439473,0.4714227680581569,495.47574738147216
WC,645,542.47064513,0.4384219380184189,423.9832591337316
WC,636,520.385016672,0.523200274063762,525.0698538387524
WC,2339,552.560554395,0.3265763660914091,344.571434320188
WC,643,545.491771371,0.3860848304021564,426.3412162331974
WC,641,556.63961158,0.34385117536296245,387.8458473654355
WC,639,546.373076644,0.4378593152114588,506.739382126752
WC,2346,563.255933004,0.4069274540161373,157.74503087062462
WC,2729,685.129038138,0.4546065220707341,44.81515718347887
WC,640,545.947090407,0.37104154541407547,389.679009920008
WC,638,512.889854364,0.4609925856239693,500.4544930850758
WC,629,583.138824947,0.39876122775312467,298.0189598233093
WC,646,531.326960837,0.46143872122810914,377.3683745739507
WC,644,546.482357879,0.42446196732186176,436.29226837158205
WC,637,523.75700168,0.5113741341638636,525.5940573299632
WC,648,522.303643395,0.46137712144099924,523.2345983467849
WC,632,560.998703686,0.41101973277623044,522.7128014957203
WC,616,560.40650152,0.49763738843599953,491.01484725054576
WC,626,567.964039523,0.33276819640847793,385.2235550824334
WC,628,568.089267818,0.468932530492734,82.23011977251838
WC,627,572.926887051,0.23729166649805802,316.6122295604033
WC,630,570.261835303,0.3907054888509132,400.93785861146216
WC,625,583.86965172,0.3710992666984893,489.45036034677537
WC,622,545.122183437,0.43721683044991383,461.16516068402467
WC,633,531.706355137,0.5253969309117289,504.9042054120232
WC,631,540.417165717,0.4627132804893828,535.0200609094957
WC,614,497.742006993,0.4690598609516753,324.4613191492418
WC,649,531.770622648,0.4349706047055269,528.2101467356962
WC,634,507.540053264,0.5486038228565527,490.50092638801135
WC,618,528.436161339,0.4135394633275992,509.3468783509498
WC,617,456.957769825,0.549778042012566,317.6545729394053
WC,683,516.543518881,0.4791166639526285,519.5535140093634
WC,682,523.46693584,0.4982585108233112,530.5529564352596
WC,621,538.00786839,0.46063879607163516,417.4310452330346
WC,612,559.517335882,0.5002909913399329,495.72562489229097
WC,608,517.959150159,0.4593571416084852,501.7467476339902
WC,697,507.624891005,0.428878093696206,474.7642785165824
WC,606,534.226458395,0.47062500026464704,528.456201919855
WC,619,529.289060396,0.3966866679779897,403.28823762781485
WC,620,533.244194519,0.436223266900263,460.9017857570274
WC,609,537.695302159,0.520318268031805,473.46506452373427
WC,623,558.472031492,0.45638442187203876,390.98276280421834
WC,607,481.77003163,0.37875733617592944,486.55827056286387
WC,604,504.77981113,0.4566315072933378,502.2679688397576
WC,280,565.087557487,0.3398287320852122,397.180244176528
WC,874,524.981566446,0.3897304998753976,485.23787560556445
WC,875,507.680614029,0.3944483164873795,438.1019267661899
WC,878,466.335630645,0.441176896951278,455.12171244901776
WC,876,502.519485713,0.40922070807408295,477.12027480181524
WC,868,444.878107938,0.49342692328554094,449.8878358130362
WC,696,506.4200076,0.43130975549973344,500.42803631950835
WC,859,497.250816979,0.38566212809806827,502.2547517065908
WC,873,479.714127605,0.4181573551589027,466.9078685087316
WC,872,503.315280234,0.4335575389939933,481.0486780204026
WC,855,509.960731564,0.444526111953743,458.78288948208683
WC,852,542.192964908,0.3559527279055739,527.65052726596
WC,829,502.330241523,0.3822516075154424,464.80150559369247
WC,851,533.627680463,0.32586742040479766,465.8504266177906
WC,765,501.009309217,0.47869501501794853,494.88686367857684
WC,849,523.198527829,0.37964634721664003,523.9816239300895
WC,853,513.776854756,0.37078010967460556,512.9872286628274
WC,848,490.5136111,0.3831536764823716,495.1762013154873
WC,827,499.739966199,0.45746923678755885,506.43620252422255
WC,836,483.694034439,0.39785580807777954,490.72560703053193
WC,850,519.206077923,0.367228406128623,460.35040956385
WC,854,505.620604236,0.423481628100408,472.137220734241
WC,695,502.909710313,0.41763580655491594,468.21921691894534
WC,871,531.731281129,0.47317976185253685,542.5870449888941
WC,862,504.156669659,0.45134580576451466,493.6157662784352
WC,715,523.989298691,0.4132175699133933,530.2646580116422
WC,860,481.900486305,0.3628642086286325,486.80552715226713
WC,858,512.356093805,0.41003474251067623,506.44385031905824
WC,712,503.065607604,0.42761045436178124,503.2954994650449
WC,713,498.103674656,0.4111588117000611,496.2243872249828
WC,709,508.582547819,0.40415574494016976,490.20470144234446
WC,736,554.861308476,0.33875816670376846,372.0904441384708
WC,714,503.696400751,0.4636127290665294,501.1992941463695
WC,870,509.577146603,0.46454858370945495,511.42569346708405
WC,686,532.470448608,0.4346008125144441,523.217766047459
WC,685,520.891801546,0.44735291695512697,532.3839790194642
WC,684,527.77448787,0.44689815934002397,523.742816401463
WC,603,519.45972723,0.47934086095504097,518.5031415153952
WC,704,511.75666988,0.4204647622874201,516.9187925450942
WC,601,531.896265071,0.4881242182839005,461.6759219898896
WC,701,514.747377949,0.40329816538492835,490.99658831428087
WC,861,474.730340898,0.3997983913724594,473.9750068514955
WC,707,524.446140044,0.4384828576505953,426.57385280833523
WC,705,506.224879368,0.3972569379015646,512.728180619782
WC,706,519.792506212,0.4437308642818299,455.379601392559
WC,708,520.766220501,0.38556603974685444,429.45351095760566
WC,703,505.428826921,0.4335396581643437,452.76289559158613
WC,711,507.461871409,0.4097393352716827,513.7706195606904
WC,716,495.930672223,0.35892756782388147,487.84240297803683
WC,599,693.400873261,0.5532330179488972,557.2559458414713
WC,840,501.775131655,0.4594202731581204,483.65242037305643
WC,735,536.075184438,0.3961204621004548,489.6626198562922
WC,738,550.536498689,0.3990930210927437,470.8068719302907
WC,730,506.701186999,0.4682535558582531,503.54493919821346
WC,733,508.442115527,0.45709876964231994,504.8517330094879
WC,732,499.177766877,0.47065866877795637,503.0195985083486
WC,722,521.319821266,0.44200203697585744,476.3173633949429
WC,734,514.631238135,0.4485751387499672,514.5394866045783
WC,857,502.764154451,0.40204205302557033,495.4447439455518
WC,723,522.822092085,0.46006846680194474,464.00962285060507
WC,729,523.5910445,0.4587056675429084,521.3518517587698
WC,856,518.229415959,0.4067499522334899,516.9169511682846
WC,731,487.331705019,0.48058494639986943,486.52364092060174
WC,720,517.732053746,0.4681930833927244,525.5475375007181
WC,721,516.999707996,0.4594735354723608,507.2169637642654
WC,719,528.432082715,0.4254602938664682,518.4779485665115
WC,718,533.470730422,0.4061482228687285,537.332488415288
WC,846,509.71423286,0.35601530183360697,503.03007375679766
WC,847,499.836177142,0.36703300993246046,495.6990513221889
WC,727,507.583471383,0.43722976690241083,506.4278932160022
WC,724,518.100456619,0.4436566681084398,470.5555743946749
WC,728,508.907165223,0.4537539804783858,509.8310971727559
WC,725,508.798887978,0.4357224498812015,511.40445221545633
WC,726,501.070052919,0.4282276261014159,503.024562701057
WC,845,520.674123896,0.3964926681863478,525.8106037513884
WC,598,1624.81831172,0.5933727912551934,1549.7291600844437
WC,717,511.793334855,0.3886791477519264,510.88536849676404
WC,761,523.040418116,0.4899935569052421,527.8785682229435
WC,275,567.737333671,0.4750799813473991,504.78349184522455
WC,772,620.110461993,0.547311219650656,492.5294795017616
WC,749,548.711885809,0.4491596692823485,475.7753423653397
WC,762,582.470509679,0.47295537798808934,574.4865392049153
WC,760,509.646611112,0.5052536289542008,516.3572485231886
WC,751,530.920481128,0.42009820427647454,308.19240441415815
WC,758,576.451008328,0.45638329071381556,572.6529666077856
WC,757,545.620067327,0.4720522047882229,539.6610382977653
WC,750,551.445711182,0.44923227167275576,384.65211049996185
WC,759,541.934958109,0.4991935556254736,536.7806621177524
WC,277,547.935650853,0.4746156316561153,549.5559926350912
WC,278,581.177257788,0.39002422196220377,513.1638497146905
WC,842,504.787713272,0.4311364172620976,516.907044504203
WC,742,510.73274561,0.4625340891724697,497.77484690348297
WC,741,535.781130222,0.46211210168497835,555.6439314898323
WC,743,502.434147143,0.4564354588598515,498.559631916121
WC,744,508.71471865,0.43718530531392136,507.46209896312047
WC,740,519.712009881,0.45908822494614554,513.4871120677276
WC,739,513.751364298,0.4255119042315831,502.75196748621323
WC,748,539.933914602,0.4830919140255128,484.4173981909658
WC,746,503.920433068,0.4029798061280381,499.6062374638576
WC,745,510.877598091,0.4290230626493326,509.0327124202953
WC,844,517.883987859,0.4100244723606498,512.9788649016737
WC,788,572.776009301,0.3370108960955232,424.1979522705078
WC,747,519.108182979,0.4094095807543678,461.37528279622404
WC,3191,553.060725108,0.4209770350642568,442.77067233814915
WC,754,616.893952132,0.2983295819931023,361.86844021666286
WC,610,538.786898712,0.5563661101843498,417.6866151099111
WC,602,529.734847312,0.4731369163677765,531.8577607996323
WC,279,555.663249506,0.49729800969766513,482.53227574965535
WC,611,543.350388967,0.48771782698648763,357.4558438768574
WC,588,517.241890558,0.45406244510523763,517.7201903698491
WC,591,513.748866735,0.46119880786003387,448.060622809915
WC,587,546.55689653,0.5439429448662065,536.5741804833506
WC,586,546.350933303,0.5574954023066981,554.9053909002565
WC,590,527.423597282,0.4257006498873235,523.7420344932407
WC,592,528.299948539,0.5473482041282858,467.6997937370749
WC,624,574.154573437,0.3303728162592108,360.08173923866417
WC,605,512.541474596,0.440688134919816,515.6240903068991
WC,593,496.821557678,0.540330298241009,494.671580505371
WC,589,552.50387691,0.42280549284264324,539.1929539100797
WC,567,527.979764296,0.5277282650665731,465.8696300431795
WC,582,520.734553231,0.48615275852549394,525.0543897441789
WC,585,538.583330349,0.5670327554478888,532.1229837455
WC,584,515.954199458,0.5228367333134769,510.9128775802314
WC,580,530.043447304,0.4381387705379821,521.6510567160212
WC,579,536.502131859,0.42493374530191486,537.1019511204141
WC,581,542.490567494,0.33916970274864244,534.4834057377835
WC,577,552.622584208,0.42260081233944613,537.8877701404049
WC,578,521.867716586,0.4462462600842744,528.7219760670381
WC,571,523.741277732,0.5651549900564978,398.56965535481766
WC,575,523.849297632,0.4621090889049988,535.0069399665383
WC,583,530.28165405,0.5439698521423247,540.503796596153
WC,572,525.077455358,0.45725474075502115,524.5318698359472
WC,569,538.403356202,0.3442191859354069,544.1720854815314
WC,573,505.301231659,0.3696666837308059,493.3698970121496
WC,576,539.81015991,0.44638752619178174,547.0531607534372
WC,574,516.241049868,0.475154900309578,504.62958924536616
WC,566,562.449589152,0.4933515906254024,488.3908704271504
WC,570,536.558075052,0.4750291516941966,461.1575811348709
WC,568,578.831613438,0.3402270267515416,504.3668430702359
WC,565,536.850104571,0.5511389544675981,469.7971872965494
WC,594,543.667419971,0.4797269058795203,549.9247106215533
WC,560,517.177583884,0.40396081009223717,509.34033463421986
WC,557,520.836731873,0.5022679156793323,525.0507997699813
WC,564,541.654956122,0.5762197355555141,537.6216717589135
WC,561,540.575690875,0.5343486237151152,474.7724254234164
WC,559,522.604061784,0.45599311327101893,525.0516349642884
WC,554,545.199797614,0.5835796269001786,537.3569158217485
WC,556,525.564884327,0.5192300107314755,509.0763086655561
WC,558,523.697567222,0.4389896019742428,531.3363710889628
WC,555,534.247836707,0.5543543135090698,545.9995732026941
WC,563,547.268078028,0.5752797285978273,554.904911923876
WC,552,521.211861993,0.5909488249963253,521.1211170869716
WC,562,549.582797547,0.5887929461834228,470.5815402461033
WC,553,535.032700288,0.5654032541485802,530.810345099954
WC,524,538.343034043,0.6200729689614535,531.3269462735045
WC,550,537.640901277,0.6021464291950711,525.0476957732556
WC,531,531.546842728,0.6077472441705943,512.2163037468405
WC,542,519.189431664,0.588948918189398,524.5262480791877
WC,526,527.231878323,0.6009191929632429,519.0212089388978
WC,532,552.792248779,0.5958807579016528,556.7351039213293
WC,546,536.568990946,0.5836295966135342,459.842727541456
WC,543,532.015136575,0.5859581260785128,516.4086543363683
WC,530,525.189398589,0.5651183865979282,524.7856225705614
WC,540,529.135432943,0.5149831613927496,534.2170774572036
WC,538,531.76611156,0.6177996452336642,538.9314617082184
WC,535,538.394480244,0.6389436538643463,449.1092803655886
WC,537,540.142068775,0.6518059975392111,532.9091871972179
WC,536,548.957007716,0.6706121374646279,477.9160503911037
WC,499,542.781455308,0.5915457392403473,526.1022422940124
WC,500,535.067540365,0.6133408552156366,464.82321630739705
WC,539,536.744858738,0.5697094104290008,523.742411475088
WC,534,545.094811298,0.6033736999074767,485.24656479779406
WC,496,543.632513796,0.5472909995893426,544.1744910445868
WC,498,533.37886431,0.5145771763376312,532.6498926499311
WC,533,565.814878571,0.5406323798805974,516.1463875265682
WC,501,555.105427613,0.6313839350338034,496.24683374143115
WC,541,517.461980541,0.5390250468607878,520.5989875643861
WC,545,544.979398772,0.615575717669584,484.9828246172736
WC,544,526.103859019,0.616093261278268,532.3818254358628
WC,525,559.535875477,0.6268177525959664,566.156238002403
WC,492,556.50753238,0.6079598532284008,556.4853093465168
WC,493,529.334010471,0.602617059511462,511.44230986950447
WC,487,537.298802627,0.593459508434396,528.4648807301242
WC,488,542.281920097,0.6374857188534077,444.9269773296282
WC,489,560.961948998,0.6365995700870241,513.2779352225509
WC,490,502.434409198,0.61209138868941,408.7888090545056
WC,494,543.403142658,0.6060905789542733,539.9857404521866
WC,3196,545.600340248,0.35588061419162786,257.17076550651996
WC,486,542.769442996,0.5735273878700501,559.3658245610256
WC,485,555.577103084,0.49590199603787005,555.1760577033548
WC,482,506.260126095,0.5603075946430033,438.90170949300125
WC,491,533.110887056,0.6144474777910442,499.6587089089786
WC,468,519.553548957,0.6162106855128839,450.9383865954828
WC,466,529.71098689,0.6352445656608441,524.783954036937
WC,527,512.600655548,0.624123470204129,506.71460942287075
WC,497,544.907387544,0.5254509782548561,540.5071058385512
WC,495,546.108742171,0.5780937018123925,553.8644412470799
WC,484,550.538934923,0.5472616997350973,535.0103335212259
WC,481,522.228725076,0.596009962810389,486.30006193273204
WC,506,564.447610411,0.6131153046747635,416.63491920022403
WC,480,527.260800263,0.6253044738577026,480.0144028607536
WC,479,522.59505756,0.6440034781653834,407.73669083539176
WC,475,531.919485866,0.659223953575817,525.3147971059763
WC,465,528.236109925,0.6224566140569242,522.42643253102
WC,505,528.756188903,0.5962853856423226,456.43988064036654
WC,323,537.197067405,0.6654954896542269,318.1153313131894
WC,523,542.2757932,0.6208855107582464,475.81043787937534
WC,737,569.237731958,0.36674904038858835,475.52073839972996
WC,710,504.797378997,0.4119732721140139,478.6819925345626
WC,528,512.526365143,0.6240299046191247,514.5711020974552
WC,502,535.582709674,0.6245943149899085,526.6233441820331
WC,551,538.479037165,0.5923207346331854,538.9269670673445
WC,451,507.524719619,0.5733721948752883,517.440357761757
WC,516,535.04239081,0.5788544924089722,534.20750319537
WC,597,1205.10326476,0.5972032696827232,1096.4377739700615
WC,529,532.307329258,0.607119391505845,542.0677844776827
WC,462,528.788026718,0.636810013467955,534.7316370646159
WC,455,510.735603205,0.5669023599346571,453.54863041896454
WC,503,548.010904911,0.6389924026489853,418.7316364063936
WC,512,538.971713893,0.6231095664025772,527.924531734691
WC,504,537.552407721,0.6184840146076893,493.88791755227487
WC,547,546.677097432,0.5457334042238964,388.0894285314223
WC,518,553.538856271,0.5812655696401213,559.3458514344459
WC,393,542.336622162,0.5320955650914228,498.0172559850356
WC,472,535.215741665,0.642959487726147,542.0718899895163
WC,596,767.850625738,0.5665573815607168,660.1681467991248
WC,284,529.710794076,0.50430116925408,452.16515054141774
WC,286,536.429232504,0.5788424306902394,455.5694683299345
WC,394,551.773630516,0.5096278280537418,527.6060418521657
WC,334,544.847885548,0.3370451670691425,362.63017033595656
WC,287,541.471281989,0.5796040908114077,452.6892523971258
WC,289,580.560173626,0.614528693095679,418.65294024897554
WC,290,622.592276511,0.6560812271766624,518.6678264842313
WC,282,560.552129942,0.298263132916979,418.65107987347767
WC,332,540.97455251,0.489243512149073,479.92633595186123
WC,549,540.878770065,0.6104742423320402,396.2080084707222
WC,333,559.365929382,0.4331899798198615,364.985658383837
WC,335,554.211439807,0.4937834278207426,451.1280402389227
WC,340,529.597565919,0.6297260589210923,491.45199564017497
WC,338,527.987572132,0.578508609300619,435.94379499846815
WC,336,570.335534825,0.5864284443361361,467.6235624724743
WC,339,526.314394801,0.6346655007587669,452.1772697598326
WC,337,573.874463518,0.5544314677204679,487.78497906853164
WC,328,510.615481154,0.6465626369238993,456.62240669400086
WC,327,549.742265615,0.5435164902082159,380.1681254667394
WC,293,532.278872535,0.6341595390584636,423.36354645373774
WC,320,532.608796579,0.6300443510151333,411.8462925929649
WC,311,539.959804908,0.46606008066624344,413.93492545333567
WC,702,503.645391354,0.4044643368713044,470.30839616364125
WC,281,551.327578327,0.4492324025783323,348.2204150031594
WC,753,522.752226033,0.41859097116622873,435.44802258061424
WC,752,550.704855239,0.37055079457116086,474.2016486373603
WC,285,540.978354465,0.5954984129191591,435.6705835379807
WC,276,553.333578618,0.48398244942599106,546.6751601275276
WC,755,517.117884589,0.4159463526173071,374.43707766065404
WC,600,540.916125275,0.5059338781628329,407.468419602338
WC,292,544.883833488,0.6291675432851047,463.1607571470971
WC,1178,488.760298861,0.4018852312819682,505.90702110739306
WC,273,530.161325298,0.5980741608365956,517.612085050695
WC,272,535.481880252,0.5807710545074855,474.67345551135486
WC,756,556.054373069,0.43088473765462015,424.71116563385607
WC,283,554.155646006,0.456580020792827,478.8700032252891
WC,291,601.401993635,0.6387708421717297,492.2233370014266
WC,763,687.491939247,0.49280626968222674,666.3932466693954
WC,274,560.334801604,0.591426351513261,560.2886488073012
WC,288,549.706472795,0.6061755371325224,404.51386787564155
WC,267,566.785699867,0.5589263963430283,568.4012163648417
WC,1143,635.042741164,0.3365057972278672,452.7473647772097
WC,269,540.74485518,0.5855324139250792,538.5551714130477
WC,298,521.524271095,0.6294224799939072,470.752009492762
WC,294,527.94851066,0.6235883404953937,419.1743359434838
WC,268,542.969869322,0.5743725622437663,533.3183721504959
WC,266,573.828466701,0.5748305928600922,587.775431315104
WC,297,532.564943278,0.6433174060025346,428.0757989322438
WC,295,525.565620945,0.6276688495976331,352.14824003331796
WC,1,2374.41410084,0.6567226617583234,1271.2766633875233
WC,265,558.039607755,0.5709293410254265,539.8630736107921
WC,264,523.876873643,0.5900387582508184,534.8885640462239
WC,254,505.413506164,0.5989916049572795,431.20776887781466
WC,331,552.37397029,0.48645660876703095,297.4331762874827
WC,260,522.895135308,0.5634881687872243,520.225765721938
WC,330,553.147816341,0.5966587785664981,435.93838833079616
WC,326,534.948955898,0.6199499075142842,416.3000272863051
WC,325,537.400834413,0.5715301718275185,410.27695369346475
WC,329,569.387180576,0.563967491479198,350.3210556329465
WC,300,513.074955329,0.6374169678964247,393.2529348036822
WC,296,517.174132769,0.6365931355808624,388.5412143482882
WC,305,537.572354319,0.5980738595364584,329.89143922095207
WC,302,496.087703199,0.6302312849170595,402.94027656106385
WC,309,529.160194874,0.6085220092616476,440.64145504820584
WC,308,531.269096352,0.5956871149296127,427.55029527252793
WC,303,540.115429537,0.6010791308173042,421.2665577907188
WC,256,530.238095839,0.622173164802036,455.55731724757777
WC,257,536.550958298,0.6176946866927056,466.55393685733566
WC,258,529.521632608,0.6112391101186162,475.9795821245979
WC,304,519.734609882,0.5582035069931669,369.68764059029377
WC,261,535.244425632,0.5439606868614085,529.9128640567554
WC,259,519.638823716,0.5813429321665488,514.7278389425838
WC,301,526.605304109,0.6290508807387448,457.6602481019263
WC,299,514.218825301,0.6210025532349885,461.0644213508157
WC,252,532.697915244,0.6103224437859108,528.6022933660769
WC,253,525.238555479,0.6120000679570416,435.13488898183783
WC,255,515.8685933,0.6307689129621132,410.00137409883394
WC,307,528.995606178,0.58098567587852,521.8042300654392
WC,262,595.957461607,0.4733656050702424,607.1475780412262
WC,306,535.410000896,0.5660608856975138,523.1130043179381
WC,251,535.358973564,0.6254449646100115,542.4782879399319
WC,250,529.781507652,0.6225623623666409,473.09723666322003
WC,2725,588.216830493,0.4187849669442517,246.08879161161533
WC,2722,562.867072967,0.40289339213076497,362.4486358642578
WC,507,540.133267202,0.5773334556052051,401.4457934211282
WC,483,540.247597804,0.6054514611665957,535.0090369729435
WC,478,534.063979549,0.616110498209052,525.5789647719439
WC,476,529.041129923,0.6574346988008775,535.5285563450233
WC,473,534.890920774,0.6521150393272516,526.3607906865138
WC,477,503.275045347,0.6461347181614974,500.7007827160405
WC,520,549.560651928,0.520231511474641,538.6567798390108
WC,474,521.693303292,0.6627118540352308,529.7657686420515
WC,469,530.549917335,0.6249387176373065,408.51624567368447
WC,517,533.771881141,0.5923188509030749,455.3852267695409
WC,461,521.578052746,0.6434563616069432,500.4266576430377
WC,509,524.282972053,0.6344400867018648,438.3678143669577
WC,510,537.306014543,0.6279519609205667,519.5463655658796
WC,464,526.120262574,0.6547562839935599,481.3126526178099
WC,457,507.931638204,0.6084405664703748,505.6613569970224
WC,456,505.412013238,0.618164847740251,490.21028980928304
WC,460,512.016009037,0.6523591864598072,491.52258602965117
WC,458,506.548146722,0.6526784805438142,501.9960831286861
WC,454,502.181741633,0.545980848375853,504.08777812882965
WC,515,541.966170635,0.6123440539159689,534.7316428988588
WC,511,548.716152505,0.6153088501836589,552.017065190334
WC,514,531.219874172,0.6163274518578102,471.09843663234335
WC,453,515.992321755,0.5595611244869994,508.27684308220364
WC,452,500.94116515,0.5746464240778323,501.20566720401547
WC,448,518.654149409,0.49976904456873966,521.6275531544404
WC,449,507.221058323,0.5636029850900429,425.00144013049555
WC,450,510.964398975,0.577962812420569,497.5379490871055
WC,447,507.51583523,0.49097874088720855,504.0819881663603
WC,446,518.155768309,0.5237361854336614,500.93881135828354
WC,445,535.574641943,0.5440301059391847,461.658997928395
WC,444,526.815672895,0.5139741190216612,466.8953354779412
WC,442,510.510991034,0.5842461354752922,520.0510526769302
WC,439,521.723161036,0.6335873002101099,440.1819224338905
WC,513,537.127557503,0.6233951126230494,468.74211913464114
WC,441,510.306566078,0.6132014762661794,472.6538430008234
WC,440,544.873983579,0.6560165219875068,452.7519642250211
WC,434,526.275107671,0.6067053291047573,521.8773275637159
WC,432,535.007790916,0.6333919559852985,475.7892836327647
WC,435,513.31019354,0.6129187281192058,507.214329439051
WC,459,523.585410554,0.6503058635915332,537.0866488587624
WC,438,521.342513806,0.6033162422336755,510.35883513805913
WC,375,491.280995759,0.41524065710117664,485.18574176863126
WC,429,522.622690236,0.6149610541283054,469.50235565783925
WC,467,528.256068993,0.6544235240555407,502.26403009751266
WC,508,538.448503242,0.556848468120433,443.6057299146464
WC,431,542.698934762,0.6236504166331512,474.47918135699103
WC,430,533.145426118,0.6206986265356131,467.40828839470356
WC,463,524.378395775,0.6624769671475064,507.4984491684857
WC,428,510.664462442,0.6399586937126445,383.6139659507602
WC,424,512.080812016,0.5309048644651689,510.3471115112304
WC,422,525.554272693,0.5277030837535857,510.6073482737821
WC,412,511.785621045,0.48615754398193156,473.9406380746879
WC,415,531.029369,0.5495429925612786,502.22258019540817
WC,416,517.000761637,0.5839634810109966,478.39534795424515
WC,471,531.349529955,0.6249311861688484,522.6925767786363
WC,519,539.412163039,0.5736775820477592,550.4418101890413
WC,419,519.853597056,0.5891641275116973,484.68207077325565
WC,420,512.03981371,0.576891785630813,531.0301560345818
WC,413,514.648913502,0.5164243491909288,499.60244490679565
WC,470,531.184508625,0.628492002660988,470.5799355899587
WC,417,527.791435455,0.6094027773307805,460.8523894665288
WC,418,519.672951693,0.5811649495582418,477.0877007278742
WC,414,510.546703039,0.5486088452271672,490.17682459214154
WC,421,518.35459615,0.5388580056809888,507.98809500301587
WC,411,499.600070274,0.5115708400838794,472.8925955678903
WC,409,500.907200467,0.5171797251581952,483.62666919184653
WC,433,509.670226199,0.6108095540506082,515.3300541298062
WC,398,515.769806825,0.6257666094444095,509.2804090312883
WC,521,538.060066069,0.579190515807667,451.19437860227094
WC,405,514.744874596,0.5478898836856517,451.1555160821654
WC,400,520.93759316,0.6124696546737162,503.2592043109969
WC,548,568.524152504,0.5678187088126994,349.5942591648476
WC,522,541.060630249,0.5949022959945244,426.3169001560586
WC,399,516.281108769,0.6573872793983491,459.7935407152362
WC,595,602.593778376,0.49111534202328094,544.6858850217333
WC,248,546.761865332,0.46433326667069913,395.5998040292778
WC,395,544.538069114,0.6285095655163777,546.1975962021771
WC,396,558.077144475,0.6696721397961181,502.73319244384766
WC,380,506.918204619,0.5506625725796936,507.70399137010753
WC,371,541.304040629,0.6677393321459121,478.8983578251857
WC,402,521.424252937,0.5423406918375281,522.1129933375938
WC,404,524.758855326,0.4783893553888938,510.3311858831669
WC,381,510.618017454,0.6160786144235024,428.3669073965035
WC,408,525.785447391,0.5216182975924806,496.9800681319892
WC,401,518.472233418,0.558863288899283,511.6386262482288
WC,384,565.485034656,0.6382938958406448,523.6760056140375
WC,378,503.552831098,0.5301201618538364,498.2774723426968
WC,403,517.25737448,0.5252320734242987,496.7149432313209
WC,377,512.982529741,0.5239662272975811,519.4863607967602
WC,383,564.25373023,0.6320922432238595,477.59244378781784
WC,407,534.528951863,0.5129810016090234,470.5332161398495
WC,406,531.36790465,0.5400196140318847,443.82455534093526
WC,397,513.446286615,0.66624564312874,504.56657059613394
WC,387,567.100787489,0.6437994552043869,291.6874408198338
WC,358,517.9958412,0.5777144162436005,453.492719373516
WC,386,537.884807355,0.6284737746559153,391.1857822193819
WC,382,541.182336904,0.6382158786058425,439.88775619806034
WC,357,523.020654434,0.5974514698599396,472.8676158231846
WC,359,519.276210633,0.5842344336281127,393.2718826293945
WC,392,485.576682314,0.4993841371901048,479.1640414368872
WC,391,649.3110941,0.3635013792267864,578.9227306291169
WC,344,520.979146494,0.6558421395399616,451.91760448381
WC,343,530.84847993,0.6517046697785922,420.2358132755055
WC,345,532.19373988,0.6492390443045312,423.1164471794577
WC,390,567.868297817,0.4509074709245136,406.894672797708
WC,348,558.892896359,0.6211673500153149,452.7043975830078
WC,389,593.00497551,0.5239365550617106,344.0533575020584
WC,347,548.931578636,0.6345879186476978,439.87428059297446
WC,349,552.33535836,0.6603733272349508,362.8971532485064
WC,388,536.858035577,0.63710205802871,322.32200458003024
WC,195,527.888848035,0.552777487799266,466.3124769622204
WC,350,579.183184309,0.6536328819399945,401.3863956227022
WC,353,545.883599432,0.5227930940041597,419.7140461342007
WC,376,527.510731654,0.5182889132088873,525.7702681896734
WC,385,533.047992657,0.6499243508134105,421.821217435949
WC,374,610.399918649,0.2828728510061942,495.1357923021503
WC,373,641.94824827,0.2815283990048945,568.9724291333965
WC,370,523.540043621,0.5427276507648969,502.4630488077799
WC,361,533.254578207,0.49568111803861803,478.367700883454
WC,372,464.624520855,0.4849985888870573,401.3955753999597
WC,368,522.50558699,0.6458672369678182,525.76436809465
WC,379,507.0926349,0.5308923061108183,507.18000207040825
WC,369,547.828657758,0.5840878813005426,542.2611270380954
WC,367,584.787451941,0.5326706864819536,567.6576195511163
WC,364,536.24374792,0.4319299804734167,478.8928799498315
WC,184,556.971071824,0.3514070271266975,536.230185624665
WC,362,535.290834545,0.41456873250334236,477.84409092921834
WC,363,530.603464579,0.43059336182123387,421.550771077474
WC,183,518.435612679,0.49913745748501287,510.3082266714058
WC,356,503.259083048,0.5639323153751808,390.12815088010296
WC,360,511.456245101,0.5376667300402204,391.96272361605776
WC,190,534.97500741,0.5049304721816894,462.6510241340188
WC,191,535.382669743,0.5559037961673039,465.79202557732077
WC,187,523.328576304,0.48951593452542547,480.19579027961294
WC,193,544.763624679,0.5019474377495579,548.5278779572131
WC,189,540.425229694,0.5191710303020759,441.18166423124427
WC,188,541.743274926,0.5123015493070718,465.53257221895115
WC,355,525.477691947,0.5662400289930543,488.31435271618415
WC,354,528.251433665,0.524160887452747,465.27268260881
WC,423,502.746608504,0.44130860020588364,505.63276618508735
WC,410,502.249558923,0.4816273923521652,406.38311994964
WC,181,530.083282978,0.4117734588502759,520.5210600011488
WC,178,560.612426763,0.47477845538921315,453.7539741964901
WC,186,516.876554701,0.4971661648567947,462.1301274019129
WC,366,537.131845144,0.4733108934353302,446.9508032406077
WC,365,556.992597899,0.39912863527673437,485.17755877924907
WC,182,518.519523707,0.43315743172619087,457.4192757101619
WC,180,528.521934074,0.3157662791950362,458.20602512733603
WC,172,518.744086692,0.6078317901415337,436.9977838553635
WC,175,525.730589433,0.5487560114812353,401.64984109915946
WC,185,521.204435755,0.4435181626921179,416.31058325674013
WC,179,555.170977245,0.4043517414547239,452.70681816549865
WC,137,584.604303791,0.5733025938318255,511.34903717041016
WC,136,586.469369952,0.5550883973980415,376.2454169778263
WC,169,534.610806296,0.49428919015125933,434.90450607000605
WC,170,520.732544347,0.5373653569215112,391.17779864142926
WC,168,526.614129478,0.5226932792675023,436.2136497347963
WC,165,528.162319306,0.5866145244984635,329.38595045501114
WC,167,513.019696885,0.5679430987375675,411.863141706878
WC,161,513.115801768,0.5415031872873235,425.2177482455385
WC,162,536.342441589,0.5760586220581951,443.54556477864577
WC,159,525.992457152,0.5466346419971954,425.74124495562387
WC,425,514.461258163,0.5425292444051293,509.0386936860925
WC,426,507.955479792,0.565071726973489,424.7233213836071
WC,427,514.370109754,0.6240849720351082,369.7351306990081
WC,156,566.141539654,0.5092292690236182,457.68483632405594
WC,158,539.292375303,0.5274659759105454,453.75762164546
WC,437,512.518239775,0.5856677797896354,526.3311538696289
WC,436,531.122809563,0.5793403167530008,510.0950425690295
WC,157,558.149136755,0.4870029989878338,451.6629593793083
WC,153,553.606130756,0.40968741761915606,432.0258286420037
WC,443,519.545642794,0.545497605469118,510.36319104362923
WC,154,554.91431909,0.5020966169026918,491.4614248537549
WC,150,569.372591326,0.41984329375256046,522.8805743647556
WC,148,552.05116525,0.36548283086161537,379.9188031065698
WC,149,528.345005555,0.357402176064129,390.91652802112054
WC,147,541.089298503,0.515617799562326,496.1711827296836
WC,151,573.571724627,0.49242946611138694,461.87352402630984
WC,146,582.803007938,0.5151784548534264,580.7418909409467
WC,155,542.899698838,0.5149134795253724,475.75133421654795
WC,152,568.287134017,0.4751739833201391,506.1237357943665
WC,143,545.776503594,0.5727693725134678,478.36341804055604
WC,164,536.062785762,0.5748838172373124,370.75558058794803
WC,163,523.367374951,0.5787974093202969,416.8383941351198
WC,160,523.070073908,0.5420990242100734,488.5812026977539
WC,140,532.895104924,0.6574076950082453,433.85044262455955
WC,166,515.418190608,0.5764961329538051,318.9124910242417
WC,138,586.546875563,0.6136001425693357,514.4919321695963
WC,139,553.246107404,0.6330983471615883,367.8689188639323
WC,141,567.577592265,0.6080408243133741,462.91396340762867
WC,171,511.134732255,0.5762299204051766,400.86537747850605
WC,352,561.188362054,0.4756720060432279,387.5082627539541
WC,324,556.399186982,0.6061571549765672,413.68054303935935
WC,322,542.11954986,0.635178805341815,396.6625985538259
WC,346,530.887270118,0.649959373199626,397.98105531580313
WC,341,537.614340307,0.6822857448000027,406.61988938275505
WC,196,528.169813468,0.579756656850812,518.1529961380304
WC,351,565.201422099,0.43574668411109535,348.7566913380342
WC,135,611.689729314,0.4952085334182586,429.13370663511984
WC,203,563.014735772,0.600308854970359,405.3015876321231
WC,192,531.317319334,0.5485577670158684,460.03104071523626
WC,200,526.953950623,0.5981176669979804,458.9775558770871
WC,199,508.024877373,0.5989959940357483,451.647290577608
WC,177,531.620216341,0.5720901994150988,406.6236582138959
WC,198,520.397185286,0.6381250111364654,385.14444268918504
WC,321,515.734135849,0.6269609097908093,360.52985391055836
WC,318,501.193543999,0.5476967763375357,439.59805902219284
WC,220,590.495312334,0.5410496625544536,477.28941770067405
WC,201,529.998638584,0.6396951231823347,407.92111900179987
WC,342,528.188156687,0.6644136959108814,417.6170148961685
WC,197,508.50236376,0.6442215234809524,385.9305559345321
WC,202,541.00295013,0.6573526484925306,319.9478014179305
WC,319,531.433957433,0.6057418455218946,462.37725542853855
WC,317,542.090648466,0.5824428537104388,423.10252703498395
WC,223,584.04759938,0.540803165588657,475.71698422899436
WC,121,619.375092228,0.6567171147921382,446.92793908212695
WC,224,606.489923764,0.487693567730246,519.4389642752852
WC,310,547.881827012,0.44548763317602613,432.2617461260627
WC,245,531.778611889,0.5992587464606454,434.87267940745636
WC,247,511.312565955,0.6343870312306615,471.2660566442153
WC,242,544.68485145,0.6229845249880601,397.4335027358111
WC,246,541.142380044,0.638788711233536,465.5066425398285
WC,249,523.019643771,0.6165824270502208,418.1165567136279
WC,244,608.15386277,0.5894564579980972,433.30110769832834
WC,314,534.711812745,0.45473439619363215,466.56223943373743
WC,238,511.358487903,0.577101596385377,514.9881807813457
WC,239,493.328701839,0.5563999802567239,484.09488028732
WC,240,536.962953325,0.5542205038084381,455.5573698455212
WC,315,546.482116598,0.5242005205200327,407.915453563017
WC,237,510.30260087,0.5759440873195598,503.99228892606845
WC,236,512.304419239,0.5736113882052555,508.96681368958724
WC,241,547.604633727,0.5825102202681933,445.0841603297813
WC,313,542.032340171,0.44506301894161204,513.6888295790727
WC,312,548.610114084,0.4659676728705268,526.2555869906555
WC,233,511.801654148,0.5900074021201803,415.4998799641927
WC,235,519.452176827,0.5730370036379607,526.5082094977884
WC,229,523.80387166,0.5892790858784029,422.04426048129216
WC,316,547.477164842,0.5380008001720733,401.63246998506435
WC,204,545.296547766,0.5811995946588706,315.2341340308096
WC,230,521.735955527,0.6187977698235702,428.06661586387486
WC,232,531.554592873,0.5938986629265695,432.7796688902611
WC,227,525.569811734,0.5892557081298602,507.1340839460784
WC,228,529.090777862,0.5467361692400626,428.58965065152034
WC,234,511.038272343,0.5592081703670607,500.3272131826363
WC,207,529.457275818,0.5865576266854887,402.68078484628717
WC,231,527.221509907,0.5900341071105971,425.71095072428386
WC,243,576.105838296,0.5750668222817901,462.88649423636645
WC,212,569.670275368,0.5195568629819453,381.9936684103573
WC,226,545.518047363,0.582568832360042,552.166051049326
WC,225,564.868243799,0.5316378550601355,555.8313461902095
WC,194,539.622056528,0.5196689936537504,538.577439102472
WC,173,523.074307575,0.5940582441518809,424.42979607675585
WC,210,554.336323174,0.5315578166510476,491.6974808636833
WC,205,536.27978133,0.5237179862149176,416.558847434848
WC,206,548.820448755,0.5669232060973075,479.3952447928634
WC,128,531.898851909,0.6484570389360241,456.3581313189338
WC,208,532.540896787,0.5635089646033546,467.3498723647173
WC,209,533.920590324,0.5512052755294873,460.8035664277918
WC,214,589.072116405,0.46258989044055604,456.0868529076669
WC,213,581.839825859,0.503265677874707,449.0185509176816
WC,218,565.618131248,0.5313346420102858,562.1193063474169
WC,122,612.98737127,0.6260246210654032,534.6383314244888
WC,221,566.971646811,0.57765393493932,402.6716292736577
WC,211,546.463847169,0.5079706239676665,395.8707739437328
WC,124,557.186450234,0.6683805765414781,460.80616559795305
WC,123,625.382606063,0.6401490725357117,550.3477955836876
WC,125,553.106076049,0.6890346918613145,384.0929694979798
WC,176,527.800361984,0.5827672852667405,404.52922973632815
WC,130,566.641492618,0.6484327243167236,435.4138131833544
WC,174,539.767441772,0.5526064828363162,420.2400993496763
WC,132,586.641857639,0.5978559757331927,589.892318725586
WC,126,546.93440838,0.6842095340947449,414.4648554783242
WC,129,558.538861996,0.6567409079797512,438.81675492828964
WC,127,559.869526303,0.6967561662803263,386.18863782695695
WC,217,556.065500485,0.5176663832560009,495.8805427700865
WC,216,553.708820841,0.46577429291086336,436.9724823596431
WC,215,576.16105229,0.4561183852256971,432.26062870399625
WC,86,505.72209067,0.6708743689428174,495.3603918636546
WC,87,513.795358571,0.6793127121919119,400.3204248764936
WC,219,577.110572578,0.5538221210066291,490.3808884265375
WC,113,534.363278691,0.6735153822020326,422.0571357278263
WC,133,570.05368558,0.5465468435040837,379.64709577373424
WC,89,515.488236147,0.667700011617121,452.6848567887848
WC,88,530.229307981,0.6813298084098147,471.7976231892904
WC,108,542.023353039,0.6076732666943017,332.514241027832
WC,97,530.617736768,0.6645834721491466,409.48809302834906
WC,117,556.821032554,0.6572662969509444,460.019786460727
WC,131,583.602676202,0.6251949034572709,499.8234675089518
WC,112,547.752126853,0.658278556058024,446.6684149947821
WC,134,587.633062654,0.5049612932560736,507.41901263068706
WC,109,520.089961794,0.5676811263582523,410.79925205006316
WC,111,528.918671947,0.6135690674992864,449.54920639337263
WC,106,568.351585534,0.5091757277647655,377.8098267499138
WC,110,514.07299513,0.5764765890959939,435.67261912027993
WC,98,525.190750579,0.6370994536418481,401.89540429208796
WC,114,553.119954047,0.689827249763401,375.4523695403454
WC,142,559.772001253,0.5767105811449789,405.83579702938306
WC,144,536.67270713,0.5256775059974662,534.1339061961454
WC,145,575.798283977,0.49277451019221497,570.7912750244141
WC,103,543.306100613,0.5058439711395364,435.67185384712974
WC,105,575.633702551,0.44526952936302766,389.0683525534237
WC,104,552.200391942,0.4653869815460011,391.1625473620845
WC,101,542.914667044,0.49073864321588423,539.8766143798827
WC,107,565.799586376,0.561198117026003,362.8857688455021
WC,99,538.52786784,0.585538875076307,418.652567725088
WC,96,511.319705046,0.667371596460757,451.6408586090687
WC,116,558.842935109,0.6695198024191508,322.0401638853784
WC,222,589.576785207,0.44027821999143046,488.5454100964116
WC,92,548.018757447,0.6888225018689479,432.5262619018555
WC,95,538.473979645,0.6865692267084037,437.50251728132656
WC,90,566.113362092,0.7151723661551457,455.8286097807043
WC,115,555.444129014,0.6666702892557171,355.2917063095991
WC,94,530.578062875,0.6831270193241885,415.247318462297
WC,93,542.013083678,0.6935178275311885,417.07978578455317
WC,102,552.473735742,0.5198455169884645,489.34511679855046
WC,91,566.071791162,0.6916698985350758,497.4575455609489
WC,74,510.94041629,0.6729118666531128,424.14290618896484
WC,85,513.57000912,0.6898731934829818,417.3383912628772
WC,120,591.989250397,0.6759854079501049,387.49439071954464
WC,119,567.040412382,0.6905347569422288,362.88353385177317
WC,81,504.692935761,0.6699766747020749,397.7010795144474
WC,79,507.187265199,0.6385681341102151,502.165572013107
WC,84,504.583616794,0.6453750687392491,466.29804400275736
WC,118,545.811658315,0.6498421879497526,436.97923335655065
WC,78,498.334515165,0.6377656788894881,507.40161043054917
WC,80,506.504638404,0.6605161135650685,448.23149491852405
WC,77,502.154368316,0.6574531338830708,504.7829976100546
WC,83,508.312702736,0.6447886805801489,406.60324665144384
WC,82,507.141960164,0.6435088199706387,431.2139262180702
WC,76,505.584594229,0.6608615576736327,483.05198938706343
WC,71,519.458450473,0.6539229168618591,511.58936827416517
WC,73,529.437459581,0.6576857033235594,532.2729990641277
WC,75,521.340319233,0.6940424234543764,413.14665688907394
WC,68,503.636821522,0.664569143967297,500.8543306537703
WC,70,530.95217563,0.6523695743113535,527.5602002611348
WC,62,725.112600595,0.6635872257647519,721.0418211693856
WC,72,510.456753342,0.6513311082926481,502.163907548493
WC,69,521.655665545,0.6586415040375565,531.487091363645
WC,42,510.317975998,0.5978920222042005,503.20204186533016
WC,65,550.221315641,0.6785594209825866,557.9297643025717
WC,63,697.790835414,0.6743143914127314,685.696646387437
WC,48,555.724461551,0.5711042929080226,430.160024874818
WC,59,624.722902348,0.6243180797444624,630.4521280326095
WC,56,644.388448945,0.5715874828383114,645.3748640172622
WC,58,648.851755536,0.5803538556825072,636.9980677585976
WC,57,645.560574406,0.5783229078020705,638.5682519351734
WC,47,543.828602334,0.5831970983396004,435.3957460590437
WC,60,599.215358025,0.6498003918987345,613.9578855626725
WC,53,537.165757707,0.5634059535718903,452.41638114779596
WC,49,558.274577497,0.5743322837365255,499.2794409957586
WC,52,522.131862316,0.5712918517980895,430.68555716720283
WC,54,550.419397026,0.5735019217812075,548.5026898253197
WC,100,527.805947476,0.4773187067155534,482.537760476505
WC,46,566.885575987,0.5457166404095666,442.98786872414985
WC,51,537.738480384,0.6018326164607661,373.60942221248854
WC,66,527.384345565,0.6672286144057112,508.1849714391372
WC,3914,561.500903923,0.40450421259516756,33.0452927533318
WC,43,522.420421829,0.5853040935935043,536.7148634368299
WC,45,590.89337188,0.45658560288466754,479.37985277362895
WC,40,560.40254957,0.5478377887485629,490.1108458575081
WC,64,583.084629794,0.6705667814235732,590.3949264825559
WC,55,613.392359205,0.5798576628564256,611.0767531451058
WC,44,551.274542102,0.5572059211009837,542.7375116684858
WC,36,518.277468281,0.5604021323206225,514.7181243896484
WC,39,577.615107689,0.48266820007041455,589.8606920728497
WC,37,632.444347787,0.42484132742732844,586.7176417930452
WC,4077,533.059580884,0.2965979473711846,315.2697738647461
WC,34,594.498083346,0.5718340455533688,540.898167329676
WC,38,578.528763813,0.4779945839199961,554.5152717739928
WC,35,579.748945616,0.5216135472534589,541.6845765955309
WC,31,644.29979198,0.6134799089367418,552.9390821569108
WC,30,638.798074009,0.6469651869974709,471.77756969975485
WC,33,595.233547768,0.5884202063015649,458.9511116177428
WC,28,548.34946278,0.6283963878817687,473.6093199786018
WC,14,511.807774966,0.6150744237620346,520.4610242656634
WC,26,551.352829916,0.6604834111686356,389.8299653595569
WC,50,535.45926131,0.5796168499042333,404.24158911611516
WC,27,548.522788506,0.6334758500032609,461.3036564247281
WC,23,610.967994453,0.6394318103293283,439.57111765543624
WC,22,679.303113089,0.5718802511836647,539.5798664467009
WC,21,684.70046247,0.50421466565781,452.1361658432904
WC,20,680.975567959,0.5119923876531808,358.40940204695164
WC,12,503.78637111,0.5871508905835804,445.84604034423825
WC,16,558.094532364,0.6340004589532224,441.92205179251874
WC,41,532.808375809,0.6451257744819603,438.2718846040614
WC,29,566.276113133,0.6429377365524132,424.3897281721527
WC,18,551.937535895,0.6385293040356499,401.08235739913636
WC,19,611.15742826,0.6114301737498593,387.4691151637657
WC,25,582.930572508,0.6495210220661398,467.0621154186773
WC,32,645.898048915,0.6146324734763218,538.0164104087679
WC,17,573.832574486,0.6370117682507133,437.99578495399624
WC,13,517.830194706,0.6038373552194846,430.66224849925317
WC,24,586.736908694,0.6154564715299407,510.78309718113314
WC,9,518.446505842,0.6253518089535219,500.8214328541476
WC,8,548.606302535,0.6041017400325784,541.9229021259383
WC,4,544.505929199,0.7099690150785567,407.35578786812584
WC,5,536.644815988,0.6817778530862002,419.3992331112132
WC,11,519.45026036,0.6367695350697972,440.6092531092026
WC,10,531.492780207,0.6413228384246724,485.6380058737363
WC,15,544.668511209,0.5477553655583126,538.5259265675264
WC,6,562.44881984,0.6994760676524118,365.2077699549058
WC,2,549.207878909,0.6712236520280396,475.42126946542777
WC,61,723.163794761,0.6596613815476223,710.8305617986941
WC,67,499.2767757,0.6717943471072859,501.6396643545113
WC,3,525.508016813,0.6947709376893132,446.10093401740573
WC,7,576.804980048,0.6705283325976249,380.13082511752253
WC,263,624.346155167,0.4384414435841266,615.0019466026157
