"","clusterID_seq","window_type","watershed","year","catchment_km2","TO","Nhat","t","surveyPeriod","SWA","VA","NDVI","riparian_area_m2","dam_km","clusterID_unique","clusterID_num","stream","sampleEvent","year_id","damPresence","sampleEvent_new","logSWA","y","y_veg","dam_km_std"
"1",1,"dammed","WC",2019,1393.9535,34.229566831107,1.13187482594399,5,"195",106.651564389117,16274.3578377817,0.361104042711308,2678.24690937251,4.52749930377596,"2019.WC.1",16,6,1,1,1,1,4.67889975588422,1,1,0.499078550475722
"2",1,"dammed","WC",2019,1393.9535,34.229566831107,1.13187482594399,6,"196",0,17732.1355174944,0.359481778526919,2678.24690937251,4.52749930377596,"2019.WC.1",16,6,2,1,1,2,0,0,1,0.499078550475722
"3",1,"dammed","WC",2019,1393.9535,34.229566831107,1.13187482594399,7,"197",94.574508348867,16901.2499020446,0.348872943680394,2678.24690937251,4.52749930377596,"2019.WC.1",16,6,3,1,1,3,4.55990613542974,1,1,0.499078550475722
"4",1,"dammed","WC",2019,1393.9535,34.229566831107,1.13187482594399,8,"198",2382.03883342275,4811.69287273931,0.357973275666624,2678.24690937251,4.52749930377596,"2019.WC.1",16,6,4,1,1,4,7.77613177298894,1,1,0.499078550475722
"5",1,"undammed","WC",2019,1390.5115,35.70603232487,0,5,"195",66.6700465034036,14708.4064356785,0.364079722311643,2765.79322362691,0,"2019.WC.1",16,6,1,1,0,1,4.21464363745246,1,1,-0.939641437061175
"6",1,"undammed","WC",2019,1390.5115,35.70603232487,0,6,"196",66.6700465034036,15429.5874516506,0.370398669831197,2765.79322362691,0,"2019.WC.1",16,6,2,1,0,2,4.21464363745246,1,1,-0.939641437061175
"7",1,"undammed","WC",2019,1390.5115,35.70603232487,0,7,"197",155.842008135833,14463.3139000388,0.364999272539228,2765.79322362691,0,"2019.WC.1",16,6,3,1,0,3,5.05523898106464,1,1,-0.939641437061175
"8",1,"undammed","WC",2019,1390.5115,35.70603232487,0,8,"198",1670.50660266596,8398.30498109705,0.383457264693837,2765.79322362691,0,"2019.WC.1",16,6,4,1,0,4,7.42148065599651,1,1,-0.939641437061175
"9",3,"dammed","WC",2019,1383.4216,33.2348025607962,1.12852775993408,5,"195",185.640408330338,12906.8225463269,0.411017644751973,2551.09455936402,4.51411103973632,"2019.WC.3",34,6,1,1,1,1,5.22918381550728,1,1,0.494824112919832
"10",3,"dammed","WC",2019,1383.4216,33.2348025607962,1.12852775993408,6,"196",133.24267183963,14612.7421544393,0.389541938550883,2551.09455936402,4.51411103973632,"2019.WC.3",34,6,2,1,1,2,4.89964914597456,1,1,0.494824112919832
"11",3,"dammed","WC",2019,1383.4216,33.2348025607962,1.12852775993408,7,"197",352.949266746231,14053.5310866711,0.377267807715661,2551.09455936402,4.51411103973632,"2019.WC.3",34,6,3,1,1,3,5.86915358858712,1,1,0.494824112919832
"12",3,"dammed","WC",2019,1383.4216,33.2348025607962,1.12852775993408,8,"198",2156.51879237025,7982.928982155,0.361348708356781,2551.09455936402,4.51411103973632,"2019.WC.3",34,6,4,1,1,4,7.67671413317237,1,1,0.494824112919832
"13",3,"undammed","WC",2019,1383.4216,33.1194335659017,0,5,"195",108.105306135907,14254.1002126656,0.357645964039872,2523.24443988502,0,"2019.WC.3",34,6,1,1,0,1,4.69231352718254,1,1,-0.939641437061175
"14",3,"undammed","WC",2019,1383.4216,33.1194335659017,0,6,"196",332.593339104045,14859.1571464389,0.346832562858158,2523.24443988502,0,"2019.WC.3",34,6,2,1,0,2,5.80992270357076,1,1,-0.939641437061175
"15",3,"undammed","WC",2019,1383.4216,33.1194335659017,0,7,"197",375.070017874007,14515.779175074,0.324063847887887,2523.24443988502,0,"2019.WC.3",34,6,3,1,0,3,5.92977534380354,1,1,-0.939641437061175
"16",3,"undammed","WC",2019,1383.4216,33.1194335659017,0,8,"198",2282.45611490432,10309.500192171,0.307239182242671,2523.24443988502,0,"2019.WC.3",34,6,4,1,0,4,7.73344541409325,1,1,-0.939641437061175
"17",4,"dammed","WC",2019,1363.905,45.551622376863,1.1311565675576,5,"195",1925.38107475253,10837.6982176238,0.404778182839401,3883.05703376234,4.5246262702304,"2019.WC.4",43,6,1,1,1,1,7.5633984309137,1,1,0.498165576114045
"18",4,"dammed","WC",2019,1363.905,45.551622376863,1.1311565675576,6,"196",1732.55089533843,10717.3998583326,0.380861306155446,3883.05703376234,4.5246262702304,"2019.WC.4",43,6,2,1,1,2,7.45792712456627,1,1,0.498165576114045
"19",4,"dammed","WC",2019,1363.905,45.551622376863,1.1311565675576,7,"197",1930.4814201535,9186.86797838398,0.378749474289787,3883.05703376234,4.5246262702304,"2019.WC.4",43,6,3,1,1,3,7.56604256267281,1,1,0.498165576114045
"20",4,"dammed","WC",2019,1363.905,45.551622376863,1.1311565675576,8,"198",3674.58465889248,4379.31082973106,0.340208522368592,3883.05703376234,4.5246262702304,"2019.WC.4",43,6,4,1,1,4,8.20946748984843,1,1,0.498165576114045
"21",4,"undammed","WC",2019,1363.9509,40.2597745841464,0,5,"195",763.035734937705,12512.7738453585,0.411088580958593,3250.89158758521,0,"2019.WC.4",43,6,1,1,0,1,6.63861456155135,1,1,-0.939641437061175
"22",4,"undammed","WC",2019,1363.9509,40.2597745841464,0,6,"196",783.765784891914,12544.4821103264,0.378769018076186,3250.89158758521,0,"2019.WC.4",43,6,2,1,0,2,6.66538531006824,1,1,-0.939641437061175
"23",4,"undammed","WC",2019,1363.9509,40.2597745841464,0,7,"197",699.294900429483,11644.7986168057,0.369137299616291,3250.89158758521,0,"2019.WC.4",43,6,3,1,0,3,6.55150153265507,1,1,-0.939641437061175
"24",4,"undammed","WC",2019,1363.9509,40.2597745841464,0,8,"198",2932.11288040596,3360.24059564927,0.377589809585974,3250.89158758521,0,"2019.WC.4",43,6,4,1,0,4,7.9838195545669,1,1,-0.939641437061175
"25",5,"dammed","WC",2019,844.21106,36.6882415732789,1.13437961646556,5,"195",171.829135939654,4251.82294796214,0.274371312572452,3305.28809922934,4.53751846586224,"2019.WC.5",52,6,1,1,1,1,5.15230345291864,1,1,0.502262376200418
"26",5,"dammed","WC",2019,844.21106,36.6882415732789,1.13437961646556,6,"196",371.910170397338,7518.00711891324,0.260175186502813,3305.28809922934,4.53751846586224,"2019.WC.5",52,6,2,1,1,2,5.92133756060566,1,1,0.502262376200418
"27",5,"dammed","WC",2019,844.21106,36.6882415732789,1.13437961646556,7,"197",264.161734682438,10235.7375263289,0.275306282146693,3305.28809922934,4.53751846586224,"2019.WC.5",52,6,3,1,1,3,5.58033995937336,1,1,0.502262376200418
"28",5,"dammed","WC",2019,844.21106,36.6882415732789,1.13437961646556,8,"198",2439.63276561732,10356.2653025608,0.337302185146722,3305.28809922934,4.53751846586224,"2019.WC.5",52,6,4,1,1,4,7.80001261483802,1,1,0.502262376200418
"29",5,"undammed","WC",2019,844.5446,34.007423501777,0,5,"195",171.286802994971,12593.0667371563,0.294809842456488,2813.72452360392,0,"2019.WC.5",52,6,1,1,0,1,5.14916054741981,1,1,-0.939641437061175
"30",5,"undammed","WC",2019,844.5446,34.007423501777,0,6,"196",858.878254146202,12948.0381052653,0.286828001146125,2813.72452360392,0,"2019.WC.5",52,6,2,1,0,2,6.75679081428001,1,1,-0.939641437061175
"31",5,"undammed","WC",2019,844.5446,34.007423501777,0,7,"197",1138.96651016614,14122.6212501376,0.285501914796365,2813.72452360392,0,"2019.WC.5",52,6,3,1,0,3,7.03875416390978,1,1,-0.939641437061175
"32",5,"undammed","WC",2019,844.5446,34.007423501777,0,8,"198",2216.69724284925,13315.5651625091,0.359399801070717,2813.72452360392,0,"2019.WC.5",52,6,4,1,0,4,7.70422465852536,1,1,-0.939641437061175
"33",6,"dammed","WC",2019,844.119,37.9058602928293,1.15275340054945,5,"195",470.03333662912,7762.8372876934,0.244877796461562,3560.12986496091,4.6110136021978,"2019.WC.6",61,6,1,1,1,1,6.15492886991752,1,1,0.525617194067432
"34",6,"dammed","WC",2019,844.119,37.9058602928293,1.15275340054945,6,"196",1564.43593369255,9680.29934997559,0.255929051453859,3560.12986496091,4.6110136021978,"2019.WC.6",61,6,2,1,1,2,7.3559196160661,1,1,0.525617194067432
"35",6,"dammed","WC",2019,844.119,37.9058602928293,1.15275340054945,7,"197",1819.81263690906,10868.9076333139,0.269032504158404,3560.12986496091,4.6110136021978,"2019.WC.6",61,6,3,1,1,3,7.50703818421387,1,1,0.525617194067432
"36",6,"dammed","WC",2019,844.119,37.9058602928293,1.15275340054945,8,"198",2748.04339036334,9905.83747385062,0.356711213429777,3560.12986496091,4.6110136021978,"2019.WC.6",61,6,4,1,1,4,7.91900827209428,1,1,0.525617194067432
"37",6,"undammed","WC",2019,843.8602,34.5231316632249,0,5,"195",584.653205136692,5514.27642223882,0.24383537321401,3206.95258781314,0,"2019.WC.6",61,6,1,1,0,1,6.37272781428618,1,1,-0.939641437061175
"38",6,"undammed","WC",2019,843.8602,34.5231316632249,0,6,"196",1395.12106514164,10919.5990097046,0.232662657779148,3206.95258781314,0,"2019.WC.6",61,6,2,1,0,2,7.24145300244294,1,1,-0.939641437061175
"39",6,"undammed","WC",2019,843.8602,34.5231316632249,0,7,"197",1732.71103690185,13540.587979126,0.256719639835991,3206.95258781314,0,"2019.WC.6",61,6,3,1,0,3,7.45801949806828,1,1,-0.939641437061175
"40",6,"undammed","WC",2019,843.8602,34.5231316632249,0,8,"198",2468.34363537022,13630.6529290293,0.35206961365191,3206.95258781314,0,"2019.WC.6",61,6,4,1,0,4,7.81170765964038,1,1,-0.939641437061175
"41",8,"dammed","WC",2019,842.2326,35.6770007862735,1.15210766471748,5,"195",206.26640512616,8559.82836689669,0.293393814629537,3111.99763146043,4.60843065886992,"2019.WC.8",81,6,1,1,1,1,5.33400494710062,1,1,0.524796402733594
"42",8,"dammed","WC",2019,842.2326,35.6770007862735,1.15210766471748,6,"196",430.612925824465,10846.7763111488,0.279126423972749,3111.99763146043,4.60843065886992,"2019.WC.8",81,6,2,1,1,2,6.0675291815557,1,1,0.524796402733594
"43",8,"dammed","WC",2019,842.2326,35.6770007862735,1.15210766471748,7,"197",423.61781571262,11723.8450475057,0.289734512833162,3111.99763146043,4.60843065886992,"2019.WC.8",81,6,3,1,1,3,6.05118950720337,1,1,0.524796402733594
"44",8,"dammed","WC",2019,842.2326,35.6770007862735,1.15210766471748,8,"198",1788.87677923862,11930.7760329602,0.311939196991789,3111.99763146043,4.60843065886992,"2019.WC.8",81,6,4,1,1,4,7.48990205805115,1,1,0.524796402733594
"45",8,"undammed","WC",2019,843.774,37.2501799867626,0,5,"195",163.071628996204,6158.91832748114,0.293124315332494,3518.08979564905,0,"2019.WC.8",81,6,1,1,0,1,5.10030309464334,1,1,-0.939641437061175
"46",8,"undammed","WC",2019,843.774,37.2501799867626,0,6,"196",778.580270589099,6927.77051630955,0.284396079648799,3518.08979564905,0,"2019.WC.8",81,6,2,1,0,2,6.65875566021864,1,1,-0.939641437061175
"47",8,"undammed","WC",2019,843.774,37.2501799867626,0,7,"197",963.384914688971,8968.07027160046,0.277777823903602,3518.08979564905,0,"2019.WC.8",81,6,3,1,0,3,6.87149050401231,1,1,-0.939641437061175
"48",8,"undammed","WC",2019,843.774,37.2501799867626,0,8,"198",2117.77634513191,11702.9092527801,0.304183516253628,3518.08979564905,0,"2019.WC.8",81,6,4,1,0,4,7.658594005332,1,1,-0.939641437061175
"49",9,"dammed","WC",2019,833.43054,32.2773167532213,3.37794691352358,5,"195",271.569072388434,23230.2220421585,0.321292025187409,5687.76921668649,6.62342532063447,"2019.WC.9",89,6,1,1,1,1,5.60789205863832,1,1,1.16510861487309
"50",9,"dammed","WC",2019,833.43054,32.2773167532213,3.37794691352358,6,"196",535.782810897687,26735.353083143,0.310878217053724,5687.76921668649,6.62342532063447,"2019.WC.9",89,6,2,1,1,2,6.28559356371722,1,1,1.16510861487309
"51",9,"dammed","WC",2019,833.43054,32.2773167532213,3.37794691352358,7,"197",1612.59065376263,25465.3528250002,0.318617632951871,5687.76921668649,6.62342532063447,"2019.WC.9",89,6,3,1,1,3,7.38621719445827,1,1,1.16510861487309
"52",9,"dammed","WC",2019,833.43054,32.2773167532213,3.37794691352358,8,"198",3508.89548721921,25667.5727245555,0.32581532996348,5687.76921668649,6.62342532063447,"2019.WC.9",89,6,4,1,1,4,8.16334154029558,1,1,1.16510861487309
"53",9,"undammed","WC",2019,798.0243,37.9964333285342,0,5,"195",1232.38718963978,23890.3212808048,0.262794537287967,7806.84120056033,0,"2019.WC.9",89,6,1,1,0,1,7.11751947628632,1,1,-0.939641437061175
"54",9,"undammed","WC",2019,798.0243,37.9964333285342,0,6,"196",2213.99385297649,26029.4303726196,0.269222148314496,7806.84120056033,0,"2019.WC.9",89,6,2,1,0,2,7.70300490729547,1,1,-0.939641437061175
"55",9,"undammed","WC",2019,798.0243,37.9964333285342,0,7,"197",3766.12148707497,25365.4376471127,0.276265521133438,7806.84120056033,0,"2019.WC.9",89,6,3,1,0,3,8.23406645752374,1,1,-0.939641437061175
"56",9,"undammed","WC",2019,798.0243,37.9964333285342,0,8,"198",5473.58354794371,25994.5214912863,0.310021358273794,7806.84120056033,0,"2019.WC.9",89,6,4,1,0,4,8.60787148748915,1,1,-0.939641437061175
"57",13,"dammed","WC",2019,796.21185,39.2640488915977,2.27740538428311,5,"195",506.653188056338,20442.8099313175,0.302096115099376,6139.51522096992,5.42239377210264,"2019.WC.13",129,6,1,1,1,1,6.22979851375576,1,1,0.783452433701728
"58",13,"dammed","WC",2019,796.21185,39.2640488915977,2.27740538428311,6,"196",1366.33049514551,21744.7703365251,0.313182461723579,6139.51522096992,5.42239377210264,"2019.WC.13",129,6,2,1,1,2,7.22061557425181,1,1,0.783452433701728
"59",13,"dammed","WC",2019,796.21185,39.2640488915977,2.27740538428311,7,"197",1692.36599918043,23287.8708985871,0.296839047252721,6139.51522096992,5.42239377210264,"2019.WC.13",129,6,3,1,1,3,7.43447354257294,1,1,0.783452433701728
"60",13,"dammed","WC",2019,796.21185,39.2640488915977,2.27740538428311,8,"198",4801.29039685609,19394.3228949753,0.3135290371522,6139.51522096992,5.42239377210264,"2019.WC.13",129,6,4,1,1,4,8.47684824910017,1,1,0.783452433701728
"61",13,"undammed","WC",2019,796.465,40.157085504354,0,5,"195",581.908757291121,14811.0453886743,0.296747835509043,3800.95127147436,0,"2019.WC.13",129,6,1,1,0,1,6.36803066859815,1,1,-0.939641437061175
"62",13,"undammed","WC",2019,796.465,40.157085504354,0,6,"196",1038.60650942816,16645.0971543256,0.293272446620609,3800.95127147436,0,"2019.WC.13",129,6,2,1,0,2,6.94659756422153,1,1,-0.939641437061175
"63",13,"undammed","WC",2019,796.465,40.157085504354,0,7,"197",1391.67907462354,16593.342243419,0.300173728562681,3800.95127147436,0,"2019.WC.13",129,6,3,1,0,3,7.23898456290383,1,1,-0.939641437061175
"64",13,"undammed","WC",2019,796.465,40.157085504354,0,8,"198",2780.00581919002,15332.7057654287,0.339013376084795,3800.95127147436,0,"2019.WC.13",129,6,4,1,0,4,7.9305679467129,1,1,-0.939641437061175
"65",14,"dammed","WC",2019,792.442,40.135465360562,2.27119015752586,5,"195",1792.9632971773,11979.2784806495,0.283670998917208,3867.93728324771,8.73534675971485,"2019.WC.14",139,6,1,1,1,1,7.4921825837569,1,1,1.83622160300288
"66",14,"dammed","WC",2019,792.442,40.135465360562,2.27119015752586,6,"196",2205.44167566229,11823.2286484064,0.291506630111083,3867.93728324771,8.73534675971485,"2019.WC.14",139,6,2,1,1,2,7.69913639539505,1,1,1.83622160300288
"67",14,"dammed","WC",2019,792.442,40.135465360562,2.27119015752586,7,"197",2439.07328960896,12072.0251381369,0.288887756148594,3867.93728324771,8.73534675971485,"2019.WC.14",139,6,3,1,1,3,7.79978335456114,1,1,1.83622160300288
"68",14,"dammed","WC",2019,792.442,40.135465360562,2.27119015752586,8,"198",3089.98969184838,11261.5269928876,0.324998180355276,3867.93728324771,8.73534675971485,"2019.WC.14",139,6,4,1,1,4,8.03624660723441,1,1,1.83622160300288
"69",14,"undammed","WC",2019,796.14276,45.0093508639431,0,5,"195",1534.01574553228,13791.3731717577,0.294859705452517,4389.84046250582,0,"2019.WC.14",139,6,1,1,0,1,7.33629591764444,1,1,-0.939641437061175
"70",14,"undammed","WC",2019,796.14276,45.0093508639431,0,6,"196",1860.27793528753,14913.7155020321,0.296253733090023,4389.84046250582,0,"2019.WC.14",139,6,2,1,0,2,7.52901859277076,1,1,-0.939641437061175
"71",14,"undammed","WC",2019,796.14276,45.0093508639431,0,7,"197",2056.41514726971,14017.8427495021,0.295686509226795,4389.84046250582,0,"2019.WC.14",139,6,3,1,0,3,7.62920569100564,1,1,-0.939641437061175
"72",14,"undammed","WC",2019,796.14276,45.0093508639431,0,8,"198",3144.05676535789,14436.3770126044,0.326218411586988,4389.84046250582,0,"2019.WC.14",139,6,4,1,0,4,8.05358721837003,1,1,-0.939641437061175
"73",15,"dammed","WC",2019,788.68365,49.3323420340708,1.13530905864769,5,"195",3279.75293613205,11359.5189382815,0.357463729220897,4267.87138339877,4.54123623459076,"2019.WC.15",145,6,1,1,1,1,8.09582822873357,1,1,0.503443785146036
"74",15,"dammed","WC",2019,788.68365,49.3323420340708,1.13530905864769,6,"196",3233.26987252119,11609.1634647743,0.361063075917165,4267.87138339877,4.54123623459076,"2019.WC.15",145,6,2,1,1,2,8.08155848517774,1,1,0.503443785146036
"75",15,"dammed","WC",2019,788.68365,49.3323420340708,1.13530905864769,7,"197",3295.19953317782,10778.2451321471,0.35128732867732,4267.87138339877,4.54123623459076,"2019.WC.15",145,6,3,1,1,3,8.10052542717572,1,1,0.503443785146036
"76",15,"dammed","WC",2019,788.68365,49.3323420340708,1.13530905864769,8,"198",3370.05531330506,12889.44486449,0.346853848075857,4267.87138339877,4.54123623459076,"2019.WC.15",145,6,4,1,1,4,8.12298112367407,1,1,0.503443785146036
"77",15,"undammed","WC",2019,788.68365,43.9430607926718,0,5,"195",2506.91163025604,10955.8731076708,0.33459555286341,4071.6864836812,0,"2019.WC.15",145,6,1,1,0,1,7.82720566598692,1,1,-0.939641437061175
"78",15,"undammed","WC",2019,788.68365,43.9430607926718,0,6,"196",2421.72124649053,12697.7983301799,0.327840870687498,4071.6864836812,0,"2019.WC.15",145,6,2,1,0,2,7.79264666941526,1,1,-0.939641437061175
"79",15,"undammed","WC",2019,788.68365,43.9430607926718,0,7,"197",2456.89019708937,12026.4147608439,0.318782227785339,4071.6864836812,0,"2019.WC.15",145,6,3,1,0,3,7.80705861748023,1,1,-0.939641437061175
"80",15,"undammed","WC",2019,788.68365,43.9430607926718,0,8,"198",3033.50941271478,12508.3390955308,0.336057405102428,4071.6864836812,0,"2019.WC.15",145,6,4,1,0,4,8.01780504717085,1,1,-0.939641437061175
"81",19,"dammed","WC",2019,778.925,38.329707157518,5.60537859024393,5,"195",3841.36258730958,40000.1377811507,0.328200938453031,9501.92922064662,7.67860080855333,"2019.WC.19",182,6,1,1,1,1,8.25384271350058,1,1,1.50041558301812
"82",19,"dammed","WC",2019,778.925,38.329707157518,5.60537859024393,6,"196",3371.56571249892,44174.18500073,0.320179272355456,9501.92922064662,7.67860080855333,"2019.WC.19",182,6,2,1,1,2,8.12342907269532,1,1,1.50041558301812
"83",19,"dammed","WC",2019,778.925,38.329707157518,5.60537859024393,7,"197",3746.54809414172,42756.9110669604,0.29937300052549,9501.92922064662,7.67860080855333,"2019.WC.19",182,6,3,1,1,3,8.22885706355463,1,1,1.50041558301812
"84",19,"dammed","WC",2019,778.925,38.329707157518,5.60537859024393,8,"198",6157.15399906448,41330.6773171219,0.339372969327874,9501.92922064662,7.67860080855333,"2019.WC.19",182,6,4,1,1,4,8.72553233613935,1,1,1.50041558301812
"85",19,"undammed","WC",2019,784.2103,39.9142656593985,1.13349255306872,5,"195",5032.74129741028,39537.5046196732,0.312153990311566,9672.35809743404,1.55272952475167,"2019.WC.19",182,6,1,1,1,1,8.52391878331595,1,1,-0.446224905636029
"86",19,"undammed","WC",2019,784.2103,39.9142656593985,1.13349255306872,6,"196",4760.2122198355,41005.6946322572,0.316709350112899,9672.35809743404,1.55272952475167,"2019.WC.19",182,6,2,1,1,2,8.46825758283573,1,1,-0.446224905636029
"87",19,"undammed","WC",2019,784.2103,39.9142656593985,1.13349255306872,7,"197",5423.11623794355,38343.1110430549,0.300097069395791,9672.35809743404,1.55272952475167,"2019.WC.19",182,6,3,1,1,3,8.59861025968993,1,1,-0.446224905636029
"88",19,"undammed","WC",2019,784.2103,39.9142656593985,1.13349255306872,8,"198",7187.16848299831,39559.2991899977,0.351131151247512,9672.35809743404,1.55272952475167,"2019.WC.19",182,6,4,1,1,4,8.88019168711098,1,1,-0.446224905636029
"89",20,"dammed","WC",2019,770.3046,33.7030230412375,2.26368803189877,5,"195",1848.07990299791,21979.6807043038,0.34011602516147,4220.23537456989,6.11807576188857,"2019.WC.20",191,6,1,1,1,1,7.52244344462211,1,1,1.00452184012653
"90",20,"dammed","WC",2019,770.3046,33.7030230412375,2.26368803189877,6,"196",2062.65115480376,22248.0041728899,0.354580993306641,4220.23537456989,6.11807576188857,"2019.WC.20",191,6,2,1,1,2,7.63223209817149,1,1,1.00452184012653
"91",20,"dammed","WC",2019,770.3046,33.7030230412375,2.26368803189877,7,"197",2405.95512128531,21536.8584204281,0.334858732544289,4220.23537456989,6.11807576188857,"2019.WC.20",191,6,3,1,1,3,7.78611779252629,1,1,1.00452184012653
"92",20,"dammed","WC",2019,770.3046,33.7030230412375,2.26368803189877,8,"198",3220.426668956,18929.3100923725,0.366485455575276,4220.23537456989,6.11807576188857,"2019.WC.20",191,6,4,1,1,4,8.07757960530735,1,1,1.00452184012653
"93",20,"undammed","WC",2019,744.76025,33.2566027444016,0,5,"195",430.420217480145,22090.4811423208,0.344515461767004,4038.51000490785,0,"2019.WC.20",191,6,1,1,0,1,6.06708259766951,1,1,-0.939641437061175
"94",20,"undammed","WC",2019,744.76025,33.2566027444016,0,6,"196",356.664238430706,23299.1968907076,0.357631752574158,4038.51000490785,0,"2019.WC.20",191,6,2,1,0,2,5.8795946648362,1,1,-0.939641437061175
"95",20,"undammed","WC",2019,744.76025,33.2566027444016,0,7,"197",278.272277936982,23421.6730160283,0.348424605779879,4038.51000490785,0,"2019.WC.20",191,6,3,1,0,3,5.63218721251829,1,1,-0.939641437061175
"96",20,"undammed","WC",2019,744.76025,33.2566027444016,0,8,"198",2742.88844464059,19503.2468417598,0.372986638580705,4038.51000490785,0,"2019.WC.20",191,6,4,1,0,4,7.91713133373387,1,1,-0.939641437061175
"97",25,"dammed","WC",2019,678.4754,38.4439332278246,1.15919889783397,5,"195",45.4925924001955,14454.889610859,0.375682148289577,3203.3348531127,4.63679559133588,"2019.WC.25",232,6,1,1,1,1,3.8392929966816,1,1,0.533810030907954
"98",25,"dammed","WC",2019,678.4754,38.4439332278246,1.15919889783397,6,"196",171.568535899648,15556.1267290901,0.382784776859027,3203.3348531127,4.63679559133588,"2019.WC.25",232,6,2,1,1,2,5.15079446712805,1,1,0.533810030907954
"99",25,"dammed","WC",2019,678.4754,38.4439332278246,1.15919889783397,7,"197",0,15062.1576778935,0.362888575798172,3203.3348531127,4.63679559133588,"2019.WC.25",232,6,3,1,1,3,0,0,1,0.533810030907954
"100",25,"dammed","WC",2019,678.4754,38.4439332278246,1.15919889783397,8,"198",1305.84776483096,14634.180949342,0.379760302125999,3203.3348531127,4.63679559133588,"2019.WC.25",232,6,4,1,1,4,7.17537323004682,1,1,0.533810030907954
"101",25,"undammed","WC",2019,678.556,29.7028689716947,0,5,"195",0,15742.605489843,0.413619809207953,2244.52161705494,0,"2019.WC.25",232,6,1,1,0,1,0,0,1,-0.939641437061175
"102",25,"undammed","WC",2019,678.556,29.7028689716947,0,6,"196",0,16202.9082324757,0.405232470718013,2244.52161705494,0,"2019.WC.25",232,6,2,1,0,2,0,0,1,-0.939641437061175
"103",25,"undammed","WC",2019,678.556,29.7028689716947,0,7,"197",0,15816.4721896901,0.386326394834202,2244.52161705494,0,"2019.WC.25",232,6,3,1,0,3,0,0,1,-0.939641437061175
"104",25,"undammed","WC",2019,678.556,29.7028689716947,0,8,"198",189.918043076992,15299.1244000603,0.336418631136142,2244.52161705494,0,"2019.WC.25",232,6,4,1,0,4,5.25184424212179,1,1,-0.939641437061175
"105",26,"dammed","WC",2019,678.4754,36.9481565387705,1.13560990296364,5,"195",990.590964614644,14373.2797165815,0.351551049471744,2947.95629018545,4.54243961185456,"2019.WC.26",238,6,1,1,1,1,6.89931068819399,1,1,0.503826186733714
"106",26,"dammed","WC",2019,678.4754,36.9481565387705,1.13560990296364,6,"196",673.135061127064,15179.0341814228,0.357219031293355,2947.95629018545,4.54243961185456,"2019.WC.26",238,6,2,1,1,2,6.51343047826631,1,1,0.503826186733714
"107",26,"dammed","WC",2019,678.4754,36.9481565387705,1.13560990296364,7,"197",883.810326455154,14240.2534374162,0.346127246012493,2947.95629018545,4.54243961185456,"2019.WC.26",238,6,3,1,1,3,6.78537330164838,1,1,0.503826186733714
"108",26,"dammed","WC",2019,678.4754,36.9481565387705,1.13560990296364,8,"198",1729.35950313456,13823.0449133779,0.37238288079634,2947.95629018545,4.54243961185456,"2019.WC.26",238,6,4,1,1,4,7.45608447118339,1,1,0.503826186733714
"109",26,"undammed","WC",2019,677.00696,34.3604336542259,0,5,"195",61.5845842031872,16180.5695679908,0.349733773348846,2935.18223702908,0,"2019.WC.26",238,6,1,1,0,1,4.13651898904436,1,1,-0.939641437061175
"110",26,"undammed","WC",2019,677.00696,34.3604336542259,0,6,"196",4.63494985243853,16247.3465766458,0.359830811814311,2935.18223702908,0,"2019.WC.26",238,6,2,1,0,2,1.72898824815108,1,1,-0.939641437061175
"111",26,"undammed","WC",2019,677.00696,34.3604336542259,0,7,"197",61.5845842031872,16123.783169047,0.336492417085376,2935.18223702908,0,"2019.WC.26",238,6,3,1,0,3,4.13651898904436,1,1,-0.939641437061175
"112",26,"undammed","WC",2019,677.00696,34.3604336542259,0,8,"198",707.902280296999,14040.2828475653,0.344066380678159,2935.18223702908,0,"2019.WC.26",238,6,4,1,0,4,6.56371768952529,1,1,-0.939641437061175
"113",31,"dammed","WC",2019,657.3176,43.6912305528155,1.13446061751782,5,"195",2121.66952778568,18428.4901163438,0.322180042053385,5512.74216264486,4.53784247007128,"2019.WC.31",263,6,1,1,1,1,7.66042978674418,1,1,0.502365336201141
"114",31,"dammed","WC",2019,657.3176,43.6912305528155,1.13446061751782,6,"196",2195.19325286384,18844.4788463219,0.346231759652656,5512.74216264486,4.53784247007128,"2019.WC.31",263,6,2,1,1,2,7.69448080097232,1,1,0.502365336201141
"115",31,"dammed","WC",2019,657.3176,43.6912305528155,1.13446061751782,7,"197",2170.84975907475,18402.9841897403,0.337740217042509,5512.74216264486,4.53784247007128,"2019.WC.31",263,6,3,1,1,3,7.68333450696465,1,1,0.502365336201141
"116",31,"dammed","WC",2019,657.3176,43.6912305528155,1.13446061751782,8,"198",3364.98256110046,17035.6275701485,0.370272342212745,5512.74216264486,4.53784247007128,"2019.WC.31",263,6,4,1,1,4,8.12147519384026,1,1,0.502365336201141
"117",31,"undammed","WC",2019,662.1885,34.8820443919983,0,5,"195",0,16049.3343916351,0.386811131579117,4107.58380320668,0,"2019.WC.31",263,6,1,1,0,1,0,0,1,-0.939641437061175
"118",31,"undammed","WC",2019,662.1885,34.8820443919983,0,6,"196",0,16717.1647527358,0.416590624803486,4107.58380320668,0,"2019.WC.31",263,6,2,1,0,2,0,0,1,-0.939641437061175
"119",31,"undammed","WC",2019,662.1885,34.8820443919983,0,7,"197",0,16718.4806377934,0.412108572286514,4107.58380320668,0,"2019.WC.31",263,6,3,1,0,3,0,0,1,-0.939641437061175
"120",31,"undammed","WC",2019,662.1885,34.8820443919983,0,8,"198",1153.40115416073,14294.5594471352,0.373013079703854,4107.58380320668,0,"2019.WC.31",263,6,4,1,0,4,7.05133700725189,1,1,-0.939641437061175
"121",32,"dammed","WC",2019,655.8431,47.2699291767935,2.28245968307258,5,"195",2770.23298085016,28913.1380882413,0.378726641561771,12627.2696009278,5.70614920768145,"2019.WC.32",268,6,1,1,1,1,7.9270476195856,1,1,0.873622434699627
"122",32,"dammed","WC",2019,655.8431,47.2699291767935,2.28245968307258,6,"196",3029.51998491638,28645.4483486101,0.385105520050049,12627.2696009278,5.70614920768145,"2019.WC.32",268,6,2,1,1,2,8.01648949596335,1,1,0.873622434699627
"123",32,"dammed","WC",2019,655.8431,47.2699291767935,2.28245968307258,7,"197",2950.98001906474,28778.7661098405,0.363171230573204,12627.2696009278,5.70614920768145,"2019.WC.32",268,6,3,1,1,3,7.99023141708795,1,1,0.873622434699627
"124",32,"dammed","WC",2019,655.8431,47.2699291767935,2.28245968307258,8,"198",5231.4661332072,26058.7910514084,0.377368809691047,12627.2696009278,5.70614920768145,"2019.WC.32",268,6,4,1,1,4,8.56263798190689,1,1,0.873622434699627
"125",32,"undammed","WC",2019,655.46875,47.1512332611544,0,5,"195",5235.34118104916,22754.9915213491,0.330773519261895,9040.06584998965,0,"2019.WC.32",268,6,1,1,0,1,8.56337828553511,1,1,-0.939641437061175
"126",32,"undammed","WC",2019,655.46875,47.1512332611544,0,6,"196",5678.35058606583,23077.6348504459,0.332128997580951,9040.06584998965,0,"2019.WC.32",268,6,2,1,0,2,8.64459217173952,1,1,-0.939641437061175
"127",32,"undammed","WC",2019,655.46875,47.1512332611544,0,7,"197",5458.37869511071,22807.5854753382,0.313621464790859,9040.06584998965,0,"2019.WC.32",268,6,3,1,0,3,8.60509027015987,1,1,-0.939641437061175
"128",32,"undammed","WC",2019,655.46875,47.1512332611544,0,8,"198",7375.80858789986,19390.0066387401,0.343482381329032,9040.06584998965,0,"2019.WC.32",268,6,4,1,0,4,8.90609638340111,1,1,-0.939641437061175
"129",34,"dammed","WC",2019,355.74313,39.9819425791466,2.30527603169365,5,"195",786.969914700938,23247.121359612,0.346040502041208,10717.6755649149,4.90484262062479,"2019.WC.34",275,6,1,1,1,1,6.6694599098155,1,1,0.618988314274273
"130",34,"dammed","WC",2019,355.74313,39.9819425791466,2.30527603169365,6,"196",1250.26114838848,23570.3352285647,0.368664496367066,10717.6755649149,4.90484262062479,"2019.WC.34",275,6,2,1,1,2,7.13190724039072,1,1,0.618988314274273
"131",34,"dammed","WC",2019,355.74313,39.9819425791466,2.30527603169365,7,"197",1026.93607468231,23215.8289461622,0.359786754008691,10717.6755649149,4.90484262062479,"2019.WC.34",275,6,3,1,1,3,6.93530825992042,1,1,0.618988314274273
"132",34,"dammed","WC",2019,355.74313,39.9819425791466,2.30527603169365,8,"198",4989.36968511553,18478.9901970059,0.314969635355249,10717.6755649149,4.90484262062479,"2019.WC.34",275,6,4,1,1,4,8.51526527119488,1,1,0.618988314274273
"133",34,"undammed","WC",2019,355.92746,33.3991672014933,0,5,"195",0,32954.9189912385,0.348320673012167,7316.01968464255,0,"2019.WC.34",275,6,1,1,0,1,0,0,1,-0.939641437061175
"134",34,"undammed","WC",2019,355.92746,33.3991672014933,0,6,"196",17.9505756668016,32686.9493739708,0.366308013248747,7316.01968464255,0,"2019.WC.34",275,6,2,1,0,2,2.94183430926236,1,1,-0.939641437061175
"135",34,"undammed","WC",2019,355.92746,33.3991672014933,0,7,"197",0,32887.8607865876,0.341872000043956,7316.01968464255,0,"2019.WC.34",275,6,3,1,0,3,0,0,1,-0.939641437061175
"136",34,"undammed","WC",2019,355.92746,33.3991672014933,0,8,"198",2043.76395526026,27792.5179002051,0.338320477797242,7316.01968464255,0,"2019.WC.34",275,6,4,1,0,4,7.62303763651428,1,1,-0.939641437061175
"137",35,"dammed","WC",2019,332.57233,39.8811758431783,2.26032220069703,5,"195",1043.29711968946,30587.1330370136,0.30985128329672,8960.03174114227,4.91374391455876,"2019.WC.35",278,6,1,1,1,1,6.95109932535612,1,1,0.621816910953916
"138",35,"dammed","WC",2019,332.57233,39.8811758431783,2.26032220069703,6,"196",1548.11688474604,29504.910832334,0.322418015950112,8960.03174114227,4.91374391455876,"2019.WC.35",278,6,2,1,1,2,7.34544029576632,1,1,0.621816910953916
"139",35,"dammed","WC",2019,332.57233,39.8811758431783,2.26032220069703,7,"197",1334.05369587903,30035.3822453218,0.313332532245734,8960.03174114227,4.91374391455876,"2019.WC.35",278,6,3,1,1,3,7.19672679165771,1,1,0.621816910953916
"140",35,"dammed","WC",2019,332.57233,39.8811758431783,2.26032220069703,8,"198",5150.06822727404,25228.8144147088,0.336150775920004,8960.03174114227,4.91374391455876,"2019.WC.35",278,6,4,1,1,4,8.54695939492031,1,1,0.621816910953916
"141",35,"undammed","WC",2019,332.21518,36.1860305527611,0,5,"195",0,29852.2606402229,0.324443994603555,10941.7115788162,0,"2019.WC.35",278,6,1,1,0,1,0,0,1,-0.939641437061175
"142",35,"undammed","WC",2019,332.21518,36.1860305527611,0,6,"196",1.8489823642899,28672.6591897104,0.340593090013652,10941.7115788162,0,"2019.WC.35",278,6,2,1,0,2,1.04696186535618,1,1,-0.939641437061175
"143",35,"undammed","WC",2019,332.21518,36.1860305527611,0,7,"197",0,28184.4841538972,0.335874298443248,10941.7115788162,0,"2019.WC.35",278,6,3,1,0,3,0,0,1,-0.939641437061175
"144",35,"undammed","WC",2019,332.21518,36.1860305527611,0,8,"198",3514.32911671283,23212.1791477877,0.313552213559506,10941.7115788162,0,"2019.WC.35",278,6,4,1,0,4,8.1648884319278,1,1,-0.939641437061175
"145",38,"dammed","WC",2019,329.68005,41.4893969943297,3.40302352955945,5,"195",1114.62909594821,42246.1664930157,0.386002637784301,18330.1516141295,4.93191815878181,"2019.WC.38",291,6,1,1,1,1,7.01717373639944,1,1,0.6275922069104
"146",38,"dammed","WC",2019,329.68005,41.4893969943297,3.40302352955945,6,"196",3173.53597329317,40170.9856986551,0.379040751925175,18330.1516141295,4.93191815878181,"2019.WC.38",291,6,2,1,1,2,8.06291675050194,1,1,0.6275922069104
"147",38,"dammed","WC",2019,329.68005,41.4893969943297,3.40302352955945,7,"197",1823.7181852488,39289.5103198781,0.361636665752912,18330.1516141295,4.93191815878181,"2019.WC.38",291,6,3,1,1,3,7.50918083505099,1,1,0.6275922069104
"148",38,"dammed","WC",2019,329.68005,41.4893969943297,3.40302352955945,8,"198",6562.02484958896,33361.9686086916,0.344683087318176,18330.1516141295,4.93191815878181,"2019.WC.38",291,6,4,1,1,4,8.78920688078211,1,1,0.6275922069104
"149",38,"undammed","WC",2019,329.70886,37.1194105547188,0,5,"195",113.820080137019,17543.9700191124,0.322572725863634,4259.73081809282,0,"2019.WC.38",291,6,1,1,0,1,4.74336638267531,1,1,-0.939641437061175
"150",38,"undammed","WC",2019,329.70886,37.1194105547188,0,6,"196",349.457954841502,17399.2991693235,0.31892425028639,4259.73081809282,0,"2019.WC.38",291,6,2,1,0,2,5.85924074162295,1,1,-0.939641437061175
"151",38,"undammed","WC",2019,329.70886,37.1194105547188,0,7,"197",98.9473035861464,17433.2276467118,0.300257696277707,4259.73081809282,0,"2019.WC.38",291,6,3,1,0,3,4.60464308295516,1,1,-0.939641437061175
"152",38,"undammed","WC",2019,329.70886,37.1194105547188,0,8,"198",2185.08353816995,14151.0196314494,0.328871100182846,4259.73081809282,0,"2019.WC.38",291,6,4,1,0,4,7.68986688308863,1,1,-0.939641437061175
"153",39,"dammed","WC",2019,327.81348,33.6005209686724,1.13403814472799,5,"195",0,17951.4419616998,0.374328886697194,4171.58388748765,4.53615257891196,"2019.WC.39",294,6,1,1,1,1,0,0,1,0.501828333316205
"154",39,"dammed","WC",2019,327.81348,33.6005209686724,1.13403814472799,6,"196",0,17683.3856004304,0.366967663337721,4171.58388748765,4.53615257891196,"2019.WC.39",294,6,2,1,1,2,0,0,1,0.501828333316205
"155",39,"dammed","WC",2019,327.81348,33.6005209686724,1.13403814472799,7,"197",0,17951.4419616998,0.349666608961699,4171.58388748765,4.53615257891196,"2019.WC.39",294,6,3,1,1,3,0,0,1,0.501828333316205
"156",39,"dammed","WC",2019,327.81348,33.6005209686724,1.13403814472799,8,"198",1729.61754225165,14011.3402866139,0.340565818863704,4171.58388748765,4.53615257891196,"2019.WC.39",294,6,4,1,1,4,7.45623358463557,1,1,0.501828333316205
"157",39,"undammed","WC",2019,325.21533,35.5891688642544,0,5,"195",0,16804.9288616405,0.392439708739178,5324.3935046494,0,"2019.WC.39",294,6,1,1,0,1,0,0,1,-0.939641437061175
"158",39,"undammed","WC",2019,325.21533,35.5891688642544,0,6,"196",0,16607.1044781853,0.383847770469926,5324.3935046494,0,"2019.WC.39",294,6,2,1,0,2,0,0,1,-0.939641437061175
"159",39,"undammed","WC",2019,325.21533,35.5891688642544,0,7,"197",0,16398.2335309496,0.37917809545801,5324.3935046494,0,"2019.WC.39",294,6,3,1,0,3,0,0,1,-0.939641437061175
"160",39,"undammed","WC",2019,325.21533,35.5891688642544,0,8,"198",1742.34678540978,13756.7726710899,0.325176813527651,5324.3935046494,0,"2019.WC.39",294,6,4,1,0,4,7.46356198465733,1,1,-0.939641437061175
"161",40,"dammed","WC",2019,255.37912,49.5540494754077,2.27863425225957,5,"195",373.921565492013,55076.423882907,0.365673615384465,33900.6951845735,5.42531964823707,"2019.WC.40",297,6,1,1,1,1,5.92671684540572,1,1,0.784382200045843
"162",40,"dammed","WC",2019,255.37912,49.5540494754077,2.27863425225957,6,"196",231.603368373011,57353.0896729114,0.375514198554921,33900.6951845735,5.42531964823707,"2019.WC.40",297,6,2,1,1,2,5.44933472137701,1,1,0.784382200045843
"163",40,"dammed","WC",2019,255.37912,49.5540494754077,2.27863425225957,7,"197",61.4574822255209,57758.0608042997,0.372420491790043,33900.6951845735,5.42531964823707,"2019.WC.40",297,6,3,1,1,3,4.13448604085227,1,1,0.784382200045843
"164",40,"dammed","WC",2019,255.37912,49.5540494754077,2.27863425225957,8,"198",612.098541375703,54787.8080848245,0.417558661773357,33900.6951845735,5.42531964823707,"2019.WC.40",297,6,4,1,1,4,6.41852567566893,1,1,0.784382200045843
"165",40,"undammed","WC",2019,256.07642,41.7309645551919,0,5,"195",381.223832635085,32215.0062768076,0.374615762297835,20416.0579065979,0,"2019.WC.40",297,6,1,1,0,1,5.94600638631182,1,1,-0.939641437061175
"166",40,"undammed","WC",2019,256.07642,41.7309645551919,0,6,"196",164.264563495739,33353.5881551705,0.3802995196063,20416.0579065979,0,"2019.WC.40",297,6,2,1,0,2,5.10754760492868,1,1,-0.939641437061175
"167",40,"undammed","WC",2019,256.07642,41.7309645551919,0,7,"197",535.96845057969,33159.9221999524,0.372268000232509,20416.0579065979,0,"2019.WC.40",297,6,3,1,0,3,6.28593934153469,1,1,-0.939641437061175
"168",40,"undammed","WC",2019,256.07642,41.7309645551919,0,8,"198",16.6247897466024,33716.7149561564,0.429446791550567,20416.0579065979,0,"2019.WC.40",297,6,4,1,0,4,2.86930641935639,1,1,-0.939641437061175
"169",42,"dammed","WC",2019,194.44016,39.3894160934929,2.23190492790708,5,"195",0,17471.5126098334,0.444344674473316,6379.93069521338,7.97108902823957,"2019.WC.42",301,6,1,1,1,1,0,0,1,1.59336063271271
"170",42,"dammed","WC",2019,194.44016,39.3894160934929,2.23190492790708,6,"196",0,17471.5126098334,0.470082199221151,6379.93069521338,7.97108902823957,"2019.WC.42",301,6,2,1,1,2,0,0,1,1.59336063271271
"171",42,"dammed","WC",2019,194.44016,39.3894160934929,2.23190492790708,7,"197",0,17471.5126098334,0.443426987042641,6379.93069521338,7.97108902823957,"2019.WC.42",301,6,3,1,1,3,0,0,1,1.59336063271271
"172",42,"dammed","WC",2019,194.44016,39.3894160934929,2.23190492790708,8,"198",85.8900570626352,17201.2306266336,0.377369653082167,6379.93069521338,7.97108902823957,"2019.WC.42",301,6,4,1,1,4,4.4646436075736,1,1,1.59336063271271
"173",42,"undammed","WC",2019,194.93011,36.218663788345,0,5,"195",0,25412.0679561839,0.420781707409121,8041.67406316102,0,"2019.WC.42",301,6,1,1,0,1,0,0,1,-0.939641437061175
"174",42,"undammed","WC",2019,194.93011,36.218663788345,0,6,"196",0,25412.0679561839,0.449287924888659,8041.67406316102,0,"2019.WC.42",301,6,2,1,0,2,0,0,1,-0.939641437061175
"175",42,"undammed","WC",2019,194.93011,36.218663788345,0,7,"197",0,25412.0679561839,0.433044382558283,8041.67406316102,0,"2019.WC.42",301,6,3,1,0,3,0,0,1,-0.939641437061175
"176",42,"undammed","WC",2019,194.93011,36.218663788345,0,8,"198",77.839889894046,24005.7475307091,0.392886036270387,8041.67406316102,0,"2019.WC.42",301,6,4,1,0,4,4.36741908570878,1,1,-0.939641437061175
"177",1,"dammed","WC",2021,1398.5416,39.8605999747746,6.63255848673026,5,"215",459.284872095491,49249.6167271932,0.519419207301398,9654.36658020504,9.89934102497054,"2021.WC.1",17,6,5,2,1,5,6.13184558496809,1,1,2.20610831141275
"178",1,"dammed","WC",2021,1398.5416,39.8605999747746,6.63255848673026,6,"216",1187.44290150147,46599.3550041049,0.446543933754824,9654.36658020504,9.89934102497054,"2021.WC.1",17,6,6,2,1,6,7.08039924315687,1,1,2.20610831141275
"179",1,"dammed","WC",2021,1398.5416,39.8605999747746,6.63255848673026,7,"217",1087.07327262233,44075.4874509624,0.438414001459647,9654.36658020504,9.89934102497054,"2021.WC.1",17,6,7,2,1,7,6.99216377130847,1,1,2.20610831141275
"180",1,"dammed","WC",2021,1398.5416,39.8605999747746,6.63255848673026,8,"218",566.710878293654,40066.8245183309,0.355187802204982,9654.36658020504,9.89934102497054,"2021.WC.1",17,6,8,2,1,8,6.34161227203934,1,1,2.20610831141275
"181",1,"undammed","WC",2021,1393.9535,35.2926154798217,0,6,"216",6.48368789261463,23113.9530145084,0.290807923034716,7179.13856200501,0,"2021.WC.1",17,6,6,2,0,6,2.01272570425718,1,1,-0.939641437061175
"182",1,"undammed","WC",2021,1393.9535,35.2926154798217,0,7,"217",581.8207236491,21921.4194884356,0.293950037986864,7179.13856200501,0,"2021.WC.1",17,6,7,2,0,7,6.36787963245532,1,1,-0.939641437061175
"183",1,"undammed","WC",2021,1393.9535,35.2926154798217,0,8,"218",653.939326187676,25707.4087004418,0.29147659519213,7179.13856200501,0,"2021.WC.1",17,6,8,2,0,8,6.48454259957012,1,1,-0.939641437061175
"184",20,"dammed","WC",2021,1383.2839,31.8435978086695,1.14364917815794,5,"215",0,8583.82207644593,0.377610279621782,2272.96730012447,4.57459671263176,"2021.WC.20",192,6,5,2,1,5,0,0,1,0.51404486608079
"185",20,"dammed","WC",2021,1383.2839,31.8435978086695,1.14364917815794,6,"216",0,9146.67357889811,0.312525518508447,2272.96730012447,4.57459671263176,"2021.WC.20",192,6,6,2,1,6,0,0,1,0.51404486608079
"186",20,"dammed","WC",2021,1383.2839,31.8435978086695,1.14364917815794,7,"217",170.951345600334,9947.86911312926,0.317710360063996,2272.96730012447,4.57459671263176,"2021.WC.20",192,6,7,2,1,7,5.14721156238028,1,1,0.51404486608079
"187",20,"dammed","WC",2021,1383.2839,31.8435978086695,1.14364917815794,8,"218",204.356665551429,10618.8992834951,0.316900047069876,2272.96730012447,4.57459671263176,"2021.WC.20",192,6,8,2,1,8,5.32474829934219,1,1,0.51404486608079
"188",20,"undammed","WC",2021,1390.4657,36.7053562134825,0,6,"216",0,10061.1870673685,0.295686862867852,2815.84714768454,0,"2021.WC.20",192,6,6,2,0,6,0,0,1,-0.939641437061175
"189",20,"undammed","WC",2021,1390.4657,36.7053562134825,0,7,"217",369.912933686434,12194.6183663462,0.317890495546857,2815.84714768454,0,"2021.WC.20",192,6,7,2,0,7,5.91596735497528,1,1,-0.939641437061175
"190",20,"undammed","WC",2021,1390.4657,36.7053562134825,0,8,"218",197.678327621666,12268.9850722668,0.318903012370004,2815.84714768454,0,"2021.WC.20",192,6,8,2,0,8,5.2916870727569,1,1,-0.939641437061175
"191",21,"dammed","WC",2021,1383.0946,35.4440680521973,2.24575859098972,5,"215",73.1323030109499,11720.0797488343,0.340953768190322,3917.74361691624,5.90989102892032,"2021.WC.21",204,6,5,2,1,5,4.30585137537815,1,1,0.938366217270517
"192",21,"dammed","WC",2021,1383.0946,35.4440680521973,2.24575859098972,6,"216",140.598257667177,9943.98415452546,0.307719112953447,3917.74361691624,5.90989102892032,"2021.WC.21",204,6,6,2,1,6,4.95299387657359,1,1,0.938366217270517
"193",21,"dammed","WC",2021,1383.0946,35.4440680521973,2.24575859098972,7,"217",1135.31012247661,8878.73567510867,0.301612151754945,3917.74361691624,5.90989102892032,"2021.WC.21",204,6,7,2,1,7,7.03554155716257,1,1,0.938366217270517
"194",21,"dammed","WC",2021,1383.0946,35.4440680521973,2.24575859098972,8,"218",1286.9426334914,10799.1348195693,0.307658259189308,3917.74361691624,5.90989102892032,"2021.WC.21",204,6,8,2,1,8,7.16080136645765,1,1,0.938366217270517
"195",21,"undammed","WC",2021,1371.406,39.5038230999689,0,5,"215",323.623239414365,8431.51116790771,0.292616557680297,4434.56485708058,0,"2021.WC.21",204,6,5,2,0,5,5.78266524652382,1,1,-0.939641437061175
"196",21,"undammed","WC",2021,1371.406,39.5038230999689,0,6,"216",735.343904008585,6573.06245443307,0.247016874312843,4434.56485708058,0,"2021.WC.21",204,6,6,2,0,6,6.60169727047773,1,1,-0.939641437061175
"197",21,"undammed","WC",2021,1371.406,39.5038230999689,0,7,"217",2915.98161080819,5995.30237543443,0.24391776388552,4434.56485708058,0,"2021.WC.21",204,6,7,2,0,7,7.97830466570256,1,1,-0.939641437061175
"198",21,"undammed","WC",2021,1371.406,39.5038230999689,0,8,"218",2493.55995504365,8952.10787215887,0.24201040150324,4434.56485708058,0,"2021.WC.21",204,6,8,2,0,8,7.82186762190649,1,1,-0.939641437061175
"199",32,"dammed","WC",2021,1366.3674,35.8570431263635,3.34373357484947,5,"215",0,17194.7691982194,0.358694362525047,5746.10386916995,6.68746714969894,"2021.WC.32",269,6,5,2,1,5,0,0,1,1.18545942076645
"200",32,"dammed","WC",2021,1366.3674,35.8570431263635,3.34373357484947,6,"216",266.541250016175,18060.5828359267,0.278306327367011,5746.10386916995,6.68746714969894,"2021.WC.32",269,6,6,2,1,6,5.58927376011553,1,1,1.18545942076645
"201",32,"dammed","WC",2021,1366.3674,35.8570431263635,3.34373357484947,7,"217",359.462052787519,18637.8746920118,0.305280776229577,5746.10386916995,6.68746714969894,"2021.WC.32",269,6,7,2,1,7,5.88738668845917,1,1,1.18545942076645
"202",32,"dammed","WC",2021,1366.3674,35.8570431263635,3.34373357484947,8,"218",6.26567739014532,21041.4487842036,0.31217118425363,5746.10386916995,6.68746714969894,"2021.WC.32",269,6,8,2,1,8,1.98316153288836,1,1,1.18545942076645
"203",32,"undammed","WC",2021,1367.481,38.6995492966154,1.11642192126493,5,"215",0,15440.251912016,0.340845706930404,5996.40273761749,2.23284384252986,"2021.WC.32",269,6,5,2,1,5,0,0,1,-0.230102495196025
"204",32,"undammed","WC",2021,1367.481,38.6995492966154,1.11642192126493,6,"216",86.8945661577524,15731.8834409527,0.259815845224882,5996.40273761749,2.23284384252986,"2021.WC.32",269,6,6,2,1,6,4.47613798432469,1,1,-0.230102495196025
"205",32,"undammed","WC",2021,1367.481,38.6995492966154,1.11642192126493,7,"217",407.591090538922,14155.2135925891,0.292492526088242,5996.40273761749,2.23284384252986,"2021.WC.32",269,6,7,2,1,7,6.01271487729734,1,1,-0.230102495196025
"206",32,"undammed","WC",2021,1367.481,38.6995492966154,1.11642192126493,8,"218",296.090042877197,16841.5547317206,0.283502801274017,5996.40273761749,2.23284384252986,"2021.WC.32",269,6,8,2,1,8,5.69403526752524,1,1,-0.230102495196025
"207",33,"dammed","WC",2021,1366.2527,43.8678763709835,1.12258274027374,5,"215",0,8531.57012134627,0.381786356344463,3543.79305143654,4.49033096109496,"2021.WC.33",272,6,5,2,1,5,0,0,1,0.487267430488542
"208",33,"dammed","WC",2021,1366.2527,43.8678763709835,1.12258274027374,6,"216",863.370940673585,6285.46550358791,0.332390563862957,3543.79305143654,4.49033096109496,"2021.WC.33",272,6,6,2,1,6,6.76200200615184,1,1,0.487267430488542
"209",33,"dammed","WC",2021,1366.2527,43.8678763709835,1.12258274027374,7,"217",1739.73542892676,5326.06225974887,0.361185474972887,3543.79305143654,4.49033096109496,"2021.WC.33",272,6,7,2,1,7,7.4620629632156,1,1,0.487267430488542
"210",33,"dammed","WC",2021,1366.2527,43.8678763709835,1.12258274027374,8,"218",1151.34580447767,6128.2198698156,0.354871278895232,3543.79305143654,4.49033096109496,"2021.WC.33",272,6,8,2,1,8,7.04955497370956,1,1,0.487267430488542
"211",33,"undammed","WC",2021,1362.3954,38.0191308320224,0,5,"215",0,5779.18492285037,0.308166079944895,3334.7017005235,0,"2021.WC.33",272,6,5,2,0,5,0,0,1,-0.939641437061175
"212",33,"undammed","WC",2021,1362.3954,38.0191308320224,0,6,"216",1209.26397178898,4842.19256678563,0.262392213148046,3334.7017005235,0,"2021.WC.33",272,6,6,2,0,6,7.09859377330097,1,1,-0.939641437061175
"213",33,"undammed","WC",2021,1362.3954,38.0191308320224,0,7,"217",1541.35957926816,5734.10051993576,0.287836086378749,3334.7017005235,0,"2021.WC.33",272,6,7,2,0,7,7.34106871712554,1,1,-0.939641437061175
"214",33,"undammed","WC",2021,1362.3954,38.0191308320224,0,8,"218",1179.41368804913,7127.39520535937,0.292058800645828,3334.7017005235,0,"2021.WC.33",272,6,8,2,0,8,7.0736202391123,1,1,-0.939641437061175
"215",43,"dammed","WC",2021,1357.9056,38.4266605879424,3.34400385318608,5,"215",68.282956581256,18379.9981609569,0.294732261422509,8777.09708796442,4.9910505271434,"2021.WC.43",303,6,5,2,1,5,4.23819893917004,1,1,0.646382915547564
"216",43,"dammed","WC",2021,1357.9056,38.4266605879424,3.34400385318608,6,"216",2374.1715077877,12735.8440191232,0.253596801955048,8777.09708796442,4.9910505271434,"2021.WC.43",303,6,6,2,1,6,7.7728249276668,1,1,0.646382915547564
"217",43,"dammed","WC",2021,1357.9056,38.4266605879424,3.34400385318608,7,"217",2938.29863380638,13703.9702062869,0.262146553044126,8777.09708796442,4.9910505271434,"2021.WC.43",303,6,7,2,1,7,7.98592627194298,1,1,0.646382915547564
"218",43,"dammed","WC",2021,1357.9056,38.4266605879424,3.34400385318608,8,"218",2521.40659927808,22657.2576186535,0.276904185527596,8777.09708796442,4.9910505271434,"2021.WC.43",303,6,8,2,1,8,7.83296872449689,1,1,0.646382915547564
"219",43,"undammed","WC",2021,1356.4357,40.0256062353475,1.11544017320593,5,"215",0,13168.6088619756,0.281307221383075,8755.85404407978,1.66483607941184,"2021.WC.43",303,6,5,2,1,5,0,0,1,-0.410600396364662
"220",43,"undammed","WC",2021,1356.4357,40.0256062353475,1.11544017320593,6,"216",2004.54395038567,5974.96665048038,0.233086288779526,8755.85404407978,1.66483607941184,"2021.WC.43",303,6,6,2,1,6,7.60367059989677,1,1,-0.410600396364662
"221",43,"undammed","WC",2021,1356.4357,40.0256062353475,1.11544017320593,7,"217",2664.83646088558,7616.59473802155,0.239098626956426,8755.85404407978,1.66483607941184,"2021.WC.43",303,6,7,2,1,7,7.88827315635359,1,1,-0.410600396364662
"222",43,"undammed","WC",2021,1356.4357,40.0256062353475,1.11544017320593,8,"218",2169.00364528474,17995.1228968302,0.263413458683981,8755.85404407978,1.66483607941184,"2021.WC.43",303,6,8,2,1,8,7.68248412638781,1,1,-0.410600396364662
"223",45,"dammed","WC",2021,1356.5161,45.8129974393637,1.10616887259042,5,"215",80.4870987885138,8531.90416083242,0.379310626603227,4245.89047783613,4.42467549036168,"2021.WC.45",306,6,5,2,1,5,4.40044471064306,1,1,0.466403851789295
"224",45,"dammed","WC",2021,1356.5161,45.8129974393637,1.10616887259042,6,"216",1433.87069785478,7872.50932539398,0.321323334169093,4245.89047783613,4.42467549036168,"2021.WC.45",306,6,6,2,1,6,7.26883001810939,1,1,0.466403851789295
"225",45,"dammed","WC",2021,1356.5161,45.8129974393637,1.10616887259042,7,"217",1358.61629403479,8418.37091746611,0.327041812791303,4245.89047783613,4.42467549036168,"2021.WC.45",306,6,7,2,1,7,7.21495780218291,1,1,0.466403851789295
"226",45,"dammed","WC",2021,1356.5161,45.8129974393637,1.10616887259042,8,"218",1445.58251621513,10114.4218105241,0.349037760645186,4245.89047783613,4.42467549036168,"2021.WC.45",306,6,8,2,1,8,7.2769591682196,1,1,0.466403851789295
"227",45,"undammed","WC",2021,1349.3562,39.725483099152,0,5,"215",0,4104.99727205763,0.26591424382793,3463.5741956532,0,"2021.WC.45",306,6,5,2,0,5,0,0,1,-0.939641437061175
"228",45,"undammed","WC",2021,1349.3562,39.725483099152,0,6,"216",2018.36933935811,1452.67911682129,0.213727634953957,3463.5741956532,0,"2021.WC.45",306,6,6,2,0,6,7.61054053340955,1,1,-0.939641437061175
"229",45,"undammed","WC",2021,1349.3562,39.725483099152,0,7,"217",2150.8725054818,3342.99067071653,0.229141505444613,3463.5741956532,0,"2021.WC.45",306,6,7,2,0,7,7.67409367486205,1,1,-0.939641437061175
"230",45,"undammed","WC",2021,1349.3562,39.725483099152,0,8,"218",2371.44070714198,6262.76216765759,0.265906396012347,3463.5741956532,0,"2021.WC.45",306,6,8,2,0,8,7.77167453845081,1,1,-0.939641437061175
"231",48,"dammed","WC",2021,1346.1456,37.431200130953,3.36199285536422,5,"215",0,11252.0182981603,0.273555671133868,5153.29959687591,8.40498213841055,"2021.WC.48",310,6,5,2,1,5,0,0,1,1.73124043084695
"232",48,"dammed","WC",2021,1346.1456,37.431200130953,3.36199285536422,6,"216",3036.50463688818,4144.03946204092,0.23604434274784,5153.29959687591,8.40498213841055,"2021.WC.48",310,6,6,2,1,6,8.01879161419519,1,1,1.73124043084695
"233",48,"dammed","WC",2021,1346.1456,37.431200130953,3.36199285536422,7,"217",2019.32143030751,6672.36949241489,0.246419540556885,5153.29959687591,8.40498213841055,"2021.WC.48",310,6,7,2,1,7,7.61101190165099,1,1,1.73124043084695
"234",48,"dammed","WC",2021,1346.1456,37.431200130953,3.36199285536422,8,"218",1082.37696953124,11314.427066429,0.270405338991079,5153.29959687591,8.40498213841055,"2021.WC.48",310,6,8,2,1,8,6.98783826541177,1,1,1.73124043084695
"235",48,"undammed","WC",2021,1346.2261,33.1582674024467,0,5,"215",0,2287.24198784922,0.238481511542527,3034.99441188574,0,"2021.WC.48",310,6,5,2,0,5,0,0,1,-0.939641437061175
"236",48,"undammed","WC",2021,1346.2261,33.1582674024467,0,6,"216",1218.02686809138,400.439706241383,0.21255233674426,3034.99441188574,0,"2021.WC.48",310,6,6,2,0,6,7.10580817033056,1,1,-0.939641437061175
"237",48,"undammed","WC",2021,1346.2261,33.1582674024467,0,7,"217",1050.63813009917,1239.0728895898,0.206326098093307,3034.99441188574,0,"2021.WC.48",310,6,7,2,0,7,6.95810435132654,1,1,-0.939641437061175
"238",48,"undammed","WC",2021,1346.2261,33.1582674024467,0,8,"218",872.02151903475,8098.92297698376,0.234259305997884,3034.99441188574,0,"2021.WC.48",310,6,8,2,0,8,6.77196020506015,1,1,-0.939641437061175
"239",49,"dammed","WC",2021,1344.6349,36.5439913886464,1.11259923789509,5,"215",0,9363.73914902631,0.278512340236833,3242.65272402763,4.45039695158036,"2021.WC.49",311,6,5,2,1,5,0,0,1,0.47457745445183
"240",49,"dammed","WC",2021,1344.6349,36.5439913886464,1.11259923789509,6,"216",1119.4441879401,4131.11550269033,0.231603318118488,3242.65272402763,4.45039695158036,"2021.WC.49",311,6,6,2,1,6,7.02148048204067,1,1,0.47457745445183
"241",49,"dammed","WC",2021,1344.6349,36.5439913886464,1.11259923789509,7,"217",1367.1724188994,4181.47378507128,0.239861706864083,3242.65272402763,4.45039695158036,"2021.WC.49",311,6,7,2,1,7,7.22123112744764,1,1,0.47457745445183
"242",49,"dammed","WC",2021,1344.6349,36.5439913886464,1.11259923789509,8,"218",566.132387457408,9604.21618113798,0.255010411141569,3242.65272402763,4.45039695158036,"2021.WC.49",311,6,8,2,1,8,6.34059276405297,1,1,0.47457745445183
"243",49,"undammed","WC",2021,1343.9685,32.9018383020998,0,5,"215",0,7432.76774049647,0.261128435818368,2935.7457626164,0,"2021.WC.49",311,6,5,2,0,5,0,0,1,-0.939641437061175
"244",49,"undammed","WC",2021,1343.9685,32.9018383020998,0,6,"216",2354.09373332098,1672.36209028655,0.216889891404591,2935.7457626164,0,"2021.WC.49",311,6,6,2,0,6,7.76433580749326,1,1,-0.939641437061175
"245",49,"undammed","WC",2021,1343.9685,32.9018383020998,0,7,"217",1573.48207023424,3097.90527176203,0.225961053501693,2935.7457626164,0,"2021.WC.49",311,6,7,2,0,7,7.36168165288287,1,1,-0.939641437061175
"246",49,"undammed","WC",2021,1343.9685,32.9018383020998,0,8,"218",640.57191343588,6634.08057409548,0.252366630164896,2935.7457626164,0,"2021.WC.49",311,6,8,2,0,8,6.46392127977722,1,1,-0.939641437061175
"247",52,"dammed","WC",2021,1343.1758,35.0675593253144,1.10140195793131,5,"215",0,7306.77797205308,0.264828294003894,3109.34065306187,4.40560783172524,"2021.WC.52",315,6,5,2,1,5,0,0,1,0.460344652272048
"248",52,"dammed","WC",2021,1343.1758,35.0675593253144,1.10140195793131,6,"216",2181.43954734358,396.865004655427,0.213591746077746,3109.34065306187,4.40560783172524,"2021.WC.52",315,6,6,2,1,6,7.68819858851849,1,1,0.460344652272048
"249",52,"dammed","WC",2021,1343.1758,35.0675593253144,1.10140195793131,7,"217",1630.03413601927,1803.35599401137,0.218970219395474,3109.34065306187,4.40560783172524,"2021.WC.52",315,6,7,2,1,7,7.39696953190492,1,1,0.460344652272048
"250",52,"dammed","WC",2021,1343.1758,35.0675593253144,1.10140195793131,8,"218",1041.1923550711,5474.57492304783,0.252278281418036,3109.34065306187,4.40560783172524,"2021.WC.52",315,6,8,2,1,8,6.94908180707218,1,1,0.460344652272048
"251",52,"undammed","WC",2021,1343.9685,36.5272886423755,0,5,"215",0,3213.35399316526,0.229802726707446,3219.06261482835,0,"2021.WC.52",315,6,5,2,0,5,0,0,1,-0.939641437061175
"252",52,"undammed","WC",2021,1343.9685,36.5272886423755,0,6,"216",2410.60629154327,0,NA,3219.06261482835,0,"2021.WC.52",315,6,6,2,0,6,7.78804831547869,1,0,-0.939641437061175
"253",52,"undammed","WC",2021,1343.9685,36.5272886423755,0,7,"217",1391.23483558169,385.050989517511,0.208182387419087,3219.06261482835,0,"2021.WC.52",315,6,7,2,0,7,7.23866553038797,1,1,-0.939641437061175
"254",52,"undammed","WC",2021,1343.9685,36.5272886423755,0,8,"218",906.10418079063,4168.12681217568,0.224734877094151,3219.06261482835,0,"2021.WC.52",315,6,8,2,0,8,6.8102573065736,1,1,-0.939641437061175
"255",53,"dammed","WC",2021,1327.3645,32.7097791158677,1.11321319833407,5,"215",0,4062.72206289254,0.241739799855271,2986.85030516982,4.45285279333628,"2021.WC.53",316,6,5,2,1,5,0,0,1,0.47535785625499
"256",53,"dammed","WC",2021,1327.3645,32.7097791158677,1.11321319833407,6,"216",2425.14822602646,0,NA,2986.85030516982,4.45285279333628,"2021.WC.53",316,6,6,2,1,6,7.79406018657671,1,0,0.47535785625499
"257",53,"dammed","WC",2021,1327.3645,32.7097791158677,1.11321319833407,7,"217",1717.29149276135,1767.32501139921,0.219920746104798,2986.85030516982,4.45285279333628,"2021.WC.53",316,6,7,2,1,7,7.44908575797807,1,1,0.47535785625499
"258",53,"dammed","WC",2021,1327.3645,32.7097791158677,1.11321319833407,8,"218",971.778511456648,8824.53005631391,0.230247959734049,2986.85030516982,4.45285279333628,"2021.WC.53",316,6,8,2,1,8,6.8801564215936,1,1,0.47535785625499
"259",53,"undammed","WC",2021,1327.9104,34.7174402283236,0,5,"215",0,4546.24347671808,0.257174856341516,3224.0946739614,0,"2021.WC.53",316,6,5,2,0,5,0,0,1,-0.939641437061175
"260",53,"undammed","WC",2021,1327.9104,34.7174402283236,0,6,"216",2399.57517158868,0,NA,3224.0946739614,0,"2021.WC.53",316,6,6,2,0,6,7.78346364245202,1,0,-0.939641437061175
"261",53,"undammed","WC",2021,1327.9104,34.7174402283236,0,7,"217",1929.32983173997,400.559149080164,0.212198027480832,3224.0946739614,0,"2021.WC.53",316,6,7,2,0,7,7.56544616457225,1,1,-0.939641437061175
"262",53,"undammed","WC",2021,1327.9104,34.7174402283236,0,8,"218",966.572543318365,5673.1601353664,0.235167084515767,3224.0946739614,0,"2021.WC.53",316,6,8,2,0,8,6.87479040226708,1,1,-0.939641437061175
"263",54,"dammed","WC",2021,1326.8647,35.403306666627,2.22978774504531,5,"215",0,4717.8020050348,0.242377482154366,5304.53283494711,5.06769942055752,"2021.WC.54",317,6,5,2,1,5,0,0,1,0.670739914318498
"264",54,"dammed","WC",2021,1326.8647,35.403306666627,2.22978774504531,6,"216",3446.79783071256,996.395793121936,0.229641678743324,5304.53283494711,5.06769942055752,"2021.WC.54",317,6,6,2,1,6,8.1454909962805,1,1,0.670739914318498
"265",54,"dammed","WC",2021,1326.8647,35.403306666627,2.22978774504531,7,"217",3020.87325105316,2468.42524479885,0.247820911272931,5304.53283494711,5.06769942055752,"2021.WC.54",317,6,7,2,1,7,8.01363219987935,1,1,0.670739914318498
"266",54,"dammed","WC",2021,1326.8647,35.403306666627,2.22978774504531,8,"218",2227.84027186422,8212.00479389265,0.245811814506759,5304.53283494711,5.06769942055752,"2021.WC.54",317,6,8,2,1,8,7.70923667171739,1,1,0.670739914318498
"267",54,"undammed","WC",2021,1319.3407,38.3881025833957,0,6,"216",4302.27159732978,467.248193449133,0.222241077334939,6303.80525445938,0,"2021.WC.54",317,6,6,2,0,6,8.36713084898054,1,1,-0.939641437061175
"268",54,"undammed","WC",2021,1319.3407,38.3881025833957,0,7,"217",4350.0460043435,2928.3675231036,0.215247759221803,6303.80525445938,0,"2021.WC.54",317,6,7,2,0,7,8.37817155594529,1,1,-0.939641437061175
"269",54,"undammed","WC",2021,1319.3407,38.3881025833957,0,8,"218",2870.65451000158,11494.915473579,0.235186314143144,6303.80525445938,0,"2021.WC.54",317,6,8,2,0,8,7.96264362697152,1,1,-0.939641437061175
"270",55,"dammed","WC",2021,1277.3567,33.7827826028427,3.3393204464977,6,"216",2213.24823160429,0,NA,4932.89700651169,7.95076296785167,"2021.WC.55",318,6,6,2,1,6,7.70266822604617,1,0,1.5869015462754
"271",55,"dammed","WC",2021,1277.3567,33.7827826028427,3.3393204464977,7,"217",2154.09285868967,1701.13824615479,0.212311432429223,4932.89700651169,7.95076296785167,"2021.WC.55",318,6,7,2,1,7,7.6755890914887,1,1,1.5869015462754
"272",55,"dammed","WC",2021,1277.3567,33.7827826028427,3.3393204464977,8,"218",1348.22992030873,7704.68525378657,0.231818754209823,4932.89700651169,7.95076296785167,"2021.WC.55",318,6,8,2,1,8,7.20728927927479,1,1,1.5869015462754
"273",55,"undammed","WC",2021,1285.0823,33.1710209302065,0,6,"216",2225.70804707934,0,NA,3032.23953226209,0,"2021.WC.55",318,6,6,2,0,6,7.70827956170757,1,0,-0.939641437061175
"274",55,"undammed","WC",2021,1285.0823,33.1710209302065,0,7,"217",1745.43166775563,212.507667990292,0.207928123075098,3032.23953226209,0,"2021.WC.55",318,6,7,2,0,7,7.4653299382342,1,1,-0.939641437061175
"275",55,"undammed","WC",2021,1285.0823,33.1710209302065,0,8,"218",1370.17753680337,5338.41322889141,0.224907270081352,3032.23953226209,0,"2021.WC.55",318,6,8,2,0,8,7.22342516556476,1,1,-0.939641437061175
"276",56,"dammed","WC",2021,1277.0637,35.1118099314571,1.11354482932387,6,"216",1728.72694246839,133.285229222915,0.191215810096152,3057.70215624571,4.45417931729548,"2021.WC.56",319,6,6,2,1,6,7.45571883831082,1,1,0.475779390617779
"277",56,"dammed","WC",2021,1277.0637,35.1118099314571,1.11354482932387,7,"217",1365.461552486,842.741540527344,0.21093899508157,3057.70215624571,4.45417931729548,"2021.WC.56",319,6,7,2,1,7,7.2199798692138,1,1,0.475779390617779
"278",56,"dammed","WC",2021,1277.0637,35.1118099314571,1.11354482932387,8,"218",709.4187879158,5093.74384583118,0.228165322984583,3057.70215624571,4.45417931729548,"2021.WC.56",319,6,8,2,1,8,6.56585463828179,1,1,0.475779390617779
"279",56,"undammed","WC",2021,1276.7533,33.7696217577224,0,6,"216",1693.82341991172,0,NA,2973.41843020916,0,"2021.WC.56",319,6,6,2,0,6,7.43533383734451,1,0,-0.939641437061175
"280",56,"undammed","WC",2021,1276.7533,33.7696217577224,0,7,"217",1330.37030057089,1061.6069756003,0.210493754809537,2973.41843020916,0,"2021.WC.56",319,6,7,2,0,7,7.19396399200094,1,1,-0.939641437061175
"281",56,"undammed","WC",2021,1276.7533,33.7696217577224,0,8,"218",694.291298100995,4804.26822919659,0.250077082709025,2973.41843020916,0,"2021.WC.56",319,6,8,2,0,8,6.54433089171096,1,1,-0.939641437061175
"282",57,"dammed","WC",2021,1197.4214,46.5790068295422,1.11783379838897,5,"215",0,200.732872009277,0.233359352008909,4065.23935174942,4.47133519355588,"2021.WC.57",321,6,5,2,1,5,0,0,1,0.481231076067838
"283",57,"dammed","WC",2021,1197.4214,46.5790068295422,1.11783379838897,6,"216",2925.63506390861,65.5988281848384,0.187044784426689,4065.23935174942,4.47133519355588,"2021.WC.57",321,6,6,2,1,6,7.98160859969385,1,1,0.481231076067838
"284",57,"dammed","WC",2021,1197.4214,46.5790068295422,1.11783379838897,7,"217",2788.67432143782,2245.06251196768,0.198736241999072,4065.23935174942,4.47133519355588,"2021.WC.57",321,6,7,2,1,7,7.93368013733441,1,1,0.481231076067838
"285",57,"dammed","WC",2021,1197.4214,46.5790068295422,1.11783379838897,8,"218",2397.69270852267,4470.17592127183,0.223738932748859,4065.23935174942,4.47133519355588,"2021.WC.57",321,6,8,2,1,8,7.78267916314827,1,1,0.481231076067838
"286",57,"undammed","WC",2021,1197.6053,46.587640479898,0,5,"215",0,533.987141179103,0.208580781402221,4138.94165563583,0,"2021.WC.57",321,6,5,2,0,5,0,0,1,-0.939641437061175
"287",57,"undammed","WC",2021,1197.6053,46.587640479898,0,6,"216",2294.15207800655,0,NA,4138.94165563583,0,"2021.WC.57",321,6,6,2,0,6,7.73855438522582,1,0,-0.939641437061175
"288",57,"undammed","WC",2021,1197.6053,46.587640479898,0,7,"217",2013.35480166884,129.10005421358,0.191746026277542,4138.94165563583,0,"2021.WC.57",321,6,7,2,0,7,7.6080542254236,1,1,-0.939641437061175
"289",57,"undammed","WC",2021,1197.6053,46.587640479898,0,8,"218",1721.77369062059,5136.75888576134,0.258844172469754,4138.94165563583,0,"2021.WC.57",321,6,8,2,0,8,7.45169088177277,1,1,-0.939641437061175
"290",58,"dammed","WC",2021,1186.7443,34.9608369470106,1.12637366189553,6,"216",543.932080870049,0,NA,3004.04587569833,4.50549464758212,"2021.WC.58",322,6,6,2,1,6,6.30066116464045,1,0,0.492086050519168
"291",58,"dammed","WC",2021,1186.7443,34.9608369470106,1.12637366189553,7,"217",721.988236296177,280.561024086148,0.213490742147396,3004.04587569833,4.50549464758212,"2021.WC.58",322,6,7,2,1,7,6.58339295134338,1,1,0.492086050519168
"292",58,"dammed","WC",2021,1186.7443,34.9608369470106,1.12637366189553,8,"218",237.438393110855,7695.09875114291,0.233725727669157,3004.04587569833,4.50549464758212,"2021.WC.58",322,6,8,2,1,8,5.47411096715294,1,1,0.492086050519168
"293",58,"undammed","WC",2021,1186.9225,35.2060603479567,0,6,"216",223.32651407368,0,NA,3137.36170446873,0,"2021.WC.58",322,6,6,2,0,6,5.41310264262609,1,0,-0.939641437061175
"294",58,"undammed","WC",2021,1186.9225,35.2060603479567,0,7,"217",281.772557860496,1367.08385659012,0.208622643395472,3137.36170446873,0,"2021.WC.58",322,6,7,2,0,7,5.6446428920456,1,1,-0.939641437061175
"295",58,"undammed","WC",2021,1186.9225,35.2060603479567,0,8,"218",235.718999126612,4694.92903550092,0.224634760437575,3137.36170446873,0,"2021.WC.58",322,6,8,2,0,8,5.46687377999334,1,1,-0.939641437061175
"296",59,"dammed","WC",2021,1186.7443,33.04810289644,1.12266395669833,6,"216",463.861557539538,0,NA,2909.52705982327,4.49065582679332,"2021.WC.59",323,6,6,2,1,6,6.14173963553683,1,0,0.487370664247872
"297",59,"dammed","WC",2021,1186.7443,33.04810289644,1.12266395669833,7,"217",402.184827762959,3764.25395786061,0.208065523233307,2909.52705982327,4.49065582679332,"2021.WC.59",323,6,7,2,1,7,5.999395086493,1,1,0.487370664247872
"298",59,"dammed","WC",2021,1186.7443,33.04810289644,1.12266395669833,8,"218",0,9215.5249197268,0.260904383914157,2909.52705982327,4.49065582679332,"2021.WC.59",323,6,8,2,1,8,0,0,1,0.487370664247872
"299",59,"undammed","WC",2021,1186.451,37.1396814856357,0,6,"216",701.74303447312,0,NA,3451.8664945662,0,"2021.WC.59",323,6,6,2,0,6,6.5549912979241,1,0,-0.939641437061175
"300",59,"undammed","WC",2021,1186.451,37.1396814856357,0,7,"217",155.2045893973,850.06163817761,0.211761948013821,3451.8664945662,0,"2021.WC.59",323,6,7,2,0,7,5.05116661851877,1,1,-0.939641437061175
"301",59,"undammed","WC",2021,1186.451,37.1396814856357,0,8,"218",0,6631.99644242829,0.2556380395822,3451.8664945662,0,"2021.WC.59",323,6,8,2,0,8,0,0,1,-0.939641437061175
"302",62,"dammed","WC",2021,1184.5485,38.7546515467599,2.23077560834078,6,"216",1230.57911975781,0,NA,3880.34768688679,8.26213188274363,"2021.WC.62",324,6,6,2,1,6,7.11605246215363,1,0,1.68584638343509
"303",62,"dammed","WC",2021,1184.5485,38.7546515467599,2.23077560834078,7,"217",1163.93576264452,3659.3061023787,0.200364114897074,3880.34768688679,8.26213188274363,"2021.WC.62",324,6,7,2,1,7,7.06042122511864,1,1,1.68584638343509
"304",62,"dammed","WC",2021,1184.5485,38.7546515467599,2.23077560834078,8,"218",426.085464477305,6892.34670811073,0.200087111295512,3880.34768688679,8.26213188274363,"2021.WC.62",324,6,8,2,1,8,6.0569841442018,1,1,1.68584638343509
"305",62,"undammed","WC",2021,1184.7784,44.5322911699471,0,5,"215",0,0,NA,4151.15194129944,0,"2021.WC.62",324,6,5,2,0,5,0,0,0,-0.939641437061175
"306",62,"undammed","WC",2021,1184.7784,44.5322911699471,0,6,"216",2068.93924640066,0,NA,4151.15194129944,0,"2021.WC.62",324,6,6,2,0,6,7.63527453626381,1,0,-0.939641437061175
"307",62,"undammed","WC",2021,1184.7784,44.5322911699471,0,7,"217",2681.46467047486,2581.63302627264,0.207672445694531,4151.15194129944,0,"2021.WC.62",324,6,7,2,0,7,7.89449130404528,1,1,-0.939641437061175
"308",62,"undammed","WC",2021,1184.7784,44.5322911699471,0,8,"218",2464.12204237522,5924.18281749651,0.232764684610807,4151.15194129944,0,"2021.WC.62",324,6,8,2,0,8,7.80999659534257,1,1,-0.939641437061175
"309",63,"dammed","WC",2021,845.3036,39.9918571410993,1.16646979665557,6,"216",1129.56709926409,0,NA,3591.24397501349,4.66587918662228,"2021.WC.63",325,6,6,2,1,6,7.03047464357373,1,0,0.543052031191218
"310",63,"dammed","WC",2021,845.3036,39.9918571410993,1.16646979665557,7,"217",1162.53436809848,460.164387242934,0.209233949893884,3591.24397501349,4.66587918662228,"2021.WC.63",325,6,7,2,1,7,7.05921752085227,1,1,0.543052031191218
"311",63,"dammed","WC",2021,845.3036,39.9918571410993,1.16646979665557,8,"218",660.996887682933,2595.62303634344,0.206210188018321,3591.24397501349,4.66587918662228,"2021.WC.63",325,6,8,2,1,8,6.49526085454066,1,1,0.543052031191218
"312",63,"undammed","WC",2021,845.3036,31.5022960783362,0,6,"216",528.048814523921,0,NA,3348.49424526095,0,"2021.WC.63",325,6,6,2,0,6,6.27108070458388,1,0,-0.939641437061175
"313",63,"undammed","WC",2021,845.3036,31.5022960783362,0,7,"217",481.317386407478,5175.53844502767,0.199965437155504,3348.49424526095,0,"2021.WC.63",325,6,7,2,0,7,6.17860237537288,1,1,-0.939641437061175
"314",63,"undammed","WC",2021,845.3036,31.5022960783362,0,8,"218",0,8761.87215232101,0.208435837096903,3348.49424526095,0,"2021.WC.63",325,6,8,2,0,8,0,0,1,-0.939641437061175
"315",64,"dammed","WC",2021,842.2901,35.0737263004026,1.11846272439219,6,"216",0,1926.38158081653,0.229323730288744,3473.39190655947,4.47385089756876,"2021.WC.64",326,6,6,2,1,6,0,0,1,0.482030500519
"316",64,"dammed","WC",2021,842.2901,35.0737263004026,1.11846272439219,7,"217",0,2054.52514863856,0.230769587970302,3473.39190655947,4.47385089756876,"2021.WC.64",326,6,7,2,1,7,0,0,1,0.482030500519
"317",64,"dammed","WC",2021,842.2901,35.0737263004026,1.11846272439219,8,"218",0,7294.28344843247,0.230826224036668,3473.39190655947,4.47385089756876,"2021.WC.64",326,6,8,2,1,8,0,0,1,0.482030500519
"318",64,"undammed","WC",2021,842.2901,34.1817242346158,0,6,"216",0,863.1161069683,0.202858831221292,2953.61773604155,0,"2021.WC.64",326,6,6,2,0,6,0,0,1,-0.939641437061175
"319",64,"undammed","WC",2021,842.2901,34.1817242346158,0,7,"217",0,1385.9213448618,0.214932702475245,2953.61773604155,0,"2021.WC.64",326,6,7,2,0,7,0,0,1,-0.939641437061175
"320",64,"undammed","WC",2021,842.2901,34.1817242346158,0,8,"218",0,5256.94844064152,0.222157517195519,2953.61773604155,0,"2021.WC.64",326,6,8,2,0,8,0,0,1,-0.939641437061175
"321",65,"dammed","WC",2021,798.0243,35.8468232957216,1.12381899943125,6,"216",77.2966517915913,2333.19400966869,0.217559646853256,3468.54106393456,4.495275997725,"2021.WC.65",327,6,6,2,1,6,4.36050484080011,1,1,0.488838832837032
"322",65,"dammed","WC",2021,798.0243,35.8468232957216,1.12381899943125,7,"217",237.745824069837,1194.83057663861,0.22700950979799,3468.54106393456,4.495275997725,"2021.WC.65",327,6,7,2,1,7,5.47539948840091,1,1,0.488838832837032
"323",65,"dammed","WC",2021,798.0243,35.8468232957216,1.12381899943125,8,"218",0,9726.74608570174,0.232140145206085,3468.54106393456,4.495275997725,"2021.WC.65",327,6,8,2,1,8,0,0,1,0.488838832837032
"324",65,"undammed","WC",2021,805.7007,36.6083958659335,0,6,"216",0,1722.2117061241,0.208267550934723,3542.91488727927,0,"2021.WC.65",327,6,6,2,0,6,0,0,1,-0.939641437061175
"325",65,"undammed","WC",2021,805.7007,36.6083958659335,0,7,"217",76.2271926865858,1527.05602345186,0.220397237172495,3542.91488727927,0,"2021.WC.65",327,6,7,2,0,7,4.34675163188276,1,1,-0.939641437061175
"326",65,"undammed","WC",2021,805.7007,36.6083958659335,0,8,"218",0,7766.08296191646,0.225032579778514,3542.91488727927,0,"2021.WC.65",327,6,8,2,0,8,0,0,1,-0.939641437061175
"327",66,"dammed","WC",2021,797.8344,42.6052446281852,1.11091254578064,6,"216",0,4505.09779675054,0.236429087651133,4043.00012823939,4.44365018312256,"2021.WC.66",329,6,6,2,1,6,0,0,1,0.472433509200767
"328",66,"dammed","WC",2021,797.8344,42.6052446281852,1.11091254578064,7,"217",75.6886595487595,2888.34542897542,0.237753467821644,4043.00012823939,4.44365018312256,"2021.WC.66",329,6,7,2,1,7,4.33975384279704,1,1,0.472433509200767
"329",66,"dammed","WC",2021,797.8344,42.6052446281852,1.11091254578064,8,"218",0,8796.63321796492,0.259925473707157,4043.00012823939,4.44365018312256,"2021.WC.66",329,6,8,2,1,8,0,0,1,0.472433509200767
"330",66,"undammed","WC",2021,797.5065,43.5987457062548,0,6,"216",1028.76649505788,1163.89772299972,0.227420928553083,3868.58381476998,0,"2021.WC.66",329,6,6,2,0,6,6.93708735169518,1,1,-0.939641437061175
"331",66,"undammed","WC",2021,797.5065,43.5987457062548,0,7,"217",2185.26050710585,201.207741382075,0.216446398368276,3868.58381476998,0,"2021.WC.66",329,6,7,2,0,7,7.68994783231593,1,1,-0.939641437061175
"332",66,"undammed","WC",2021,797.5065,43.5987457062548,0,8,"218",1177.61966554277,4105.84024137609,0.239489360326677,3868.58381476998,0,"2021.WC.66",329,6,8,2,0,8,7.07209925777519,1,1,-0.939641437061175
"333",67,"dammed","WC",2021,788.68365,49.3323420340708,1.12289376962158,5,"215",0,0,NA,4267.87138339877,4.49157507848632,"2021.WC.67",330,6,5,2,1,5,0,0,0,0.487662778215332
"334",67,"dammed","WC",2021,788.68365,49.3323420340708,1.12289376962158,6,"216",2107.00465659254,815.41019337972,0.196140345661919,4267.87138339877,4.49157507848632,"2021.WC.67",330,6,6,2,1,6,7.65349711866856,1,1,0.487662778215332
"335",67,"dammed","WC",2021,788.68365,49.3323420340708,1.12289376962158,7,"217",2804.51202961347,2620.45363359638,0.212787387640957,4267.87138339877,4.49157507848632,"2021.WC.67",330,6,7,2,1,7,7.93934134304976,1,1,0.487662778215332
"336",67,"dammed","WC",2021,788.68365,49.3323420340708,1.12289376962158,8,"218",1844.44485894652,4673.30590368533,0.271030414036898,4267.87138339877,4.49157507848632,"2021.WC.67",330,6,8,2,1,8,7.52047564337102,1,1,0.487662778215332
"337",67,"undammed","WC",2021,788.68365,43.9430607926718,0,5,"215",0,0,NA,4071.6864836812,0,"2021.WC.67",330,6,5,2,0,5,0,0,0,-0.939641437061175
"338",67,"undammed","WC",2021,788.68365,43.9430607926718,0,6,"216",83.7364350571352,1284.44359627518,0.203015739865555,4071.6864836812,0,"2021.WC.67",330,6,6,2,0,6,4.43954567512697,1,1,-0.939641437061175
"339",67,"undammed","WC",2021,788.68365,43.9430607926718,0,7,"217",747.87679565397,3596.86698599423,0.212335645978989,4071.6864836812,0,"2021.WC.67",330,6,7,2,0,7,6.61857447820321,1,1,-0.939641437061175
"340",67,"undammed","WC",2021,788.68365,43.9430607926718,0,8,"218",340.817687942467,5287.57225623037,0.265659235964256,4071.6864836812,0,"2021.WC.67",330,6,8,2,0,8,5.83427751873536,1,1,-0.939641437061175
"341",70,"dammed","WC",2021,779.0228,36.5407008603717,1.12726277705881,5,"215",121.777169934207,0,NA,3118.87802401185,4.50905110823524,"2021.WC.70",331,6,5,2,1,5,4.81037108584126,1,0,0.493216200008592
"342",70,"dammed","WC",2021,779.0228,36.5407008603717,1.12726277705881,6,"216",984.449245743892,133.760060358982,0.191075727343559,3118.87802401185,4.50905110823524,"2021.WC.70",331,6,6,2,1,6,6.89309762424564,1,1,0.493216200008592
"343",70,"dammed","WC",2021,779.0228,36.5407008603717,1.12726277705881,7,"217",1451.1048523204,1574.64909931258,0.212582411796527,3118.87802401185,4.50905110823524,"2021.WC.70",331,6,7,2,1,7,7.28076940511943,1,1,0.493216200008592
"344",70,"dammed","WC",2021,779.0228,36.5407008603717,1.12726277705881,8,"218",1092.08065558111,4492.95350162282,0.238291936074414,3118.87802401185,4.50905110823524,"2021.WC.70",331,6,8,2,1,8,6.99675527830038,1,1,0.493216200008592
"345",70,"undammed","WC",2021,784.2103,40.1339431324023,0,6,"216",677.676940962146,1484.48064009723,0.211369723169049,3327.99395930767,0,"2021.WC.70",331,6,6,2,0,6,6.52014522782997,1,1,-0.939641437061175
"346",70,"undammed","WC",2021,784.2103,40.1339431324023,0,7,"217",1588.72504576748,2447.59291561351,0.227555695896233,3327.99395930767,0,"2021.WC.70",331,6,7,2,0,7,7.37131635307038,1,1,-0.939641437061175
"347",70,"undammed","WC",2021,784.2103,40.1339431324023,0,8,"218",312.357997137191,5876.96081130084,0.257757449004716,3327.99395930767,0,"2021.WC.70",331,6,8,2,0,8,5.74734629776577,1,1,-0.939641437061175
"348",71,"dammed","WC",2021,778.5393,38.8509091012125,2.2566603686101,6,"216",1234.92841518837,4000.87357049082,0.237741638394536,5878.15406292677,4.80140503959596,"2021.WC.71",332,6,6,2,1,6,7.11957771982615,1,1,0.586118576411579
"349",71,"dammed","WC",2021,778.5393,38.8509091012125,2.2566603686101,7,"217",868.631562956875,9445.06598717185,0.250706929170759,5878.15406292677,4.80140503959596,"2021.WC.71",332,6,7,2,1,7,6.76806963109689,1,1,0.586118576411579
"350",71,"dammed","WC",2021,778.5393,38.8509091012125,2.2566603686101,8,"218",218.050859404779,11740.6533051136,0.263595100681943,5878.15406292677,4.80140503959596,"2021.WC.71",332,6,8,2,1,8,5.38930393757921,1,1,0.586118576411579
"351",71,"undammed","WC",2021,770.3046,34.3374796867294,0,6,"216",353.225193237791,12857.3194224339,0.264787262134097,5550.62293770909,0,"2021.WC.71",332,6,6,2,0,6,5.86993284997288,1,1,-0.939641437061175
"352",71,"undammed","WC",2021,770.3046,34.3374796867294,0,7,"217",750.315704013086,13541.9337174359,0.295584578075471,5550.62293770909,0,"2021.WC.71",332,6,7,2,0,7,6.62182594160986,1,1,-0.939641437061175
"353",71,"undammed","WC",2021,770.3046,34.3374796867294,0,8,"218",539.337079539486,14830.2335706823,0.303687052078871,5550.62293770909,0,"2021.WC.71",332,6,8,2,0,8,6.29219316618262,1,1,-0.939641437061175
"354",75,"dammed","WC",2021,657.3176,43.6912305528155,1.12339810692151,6,"216",1329.22966854596,3829.36510623109,0.223040671575961,5512.74216264486,4.49359242768604,"2021.WC.75",333,6,6,2,1,6,7.19310688942505,1,1,0.488303838637596
"355",75,"dammed","WC",2021,657.3176,43.6912305528155,1.12339810692151,7,"217",2040.30165931547,8031.85353743609,0.227011867208401,5512.74216264486,4.49359242768604,"2021.WC.75",333,6,7,2,1,7,7.62134295165114,1,1,0.488303838637596
"356",75,"dammed","WC",2021,657.3176,43.6912305528155,1.12339810692151,8,"218",692.078928744793,7244.31542714437,0.248414911004318,5512.74216264486,4.49359242768604,"2021.WC.75",333,6,8,2,1,8,6.54114388699707,1,1,0.488303838637596
"357",75,"undammed","WC",2021,662.1885,35.0527858972439,0,6,"216",51.4414343843273,6689.64078734155,0.284454316489009,4161.79850688577,0,"2021.WC.75",333,6,6,2,0,6,3.95969701138807,1,1,-0.939641437061175
"358",75,"undammed","WC",2021,662.1885,35.0527858972439,0,7,"217",235.512868665013,7343.28083908979,0.28290928764311,4161.79850688577,0,"2021.WC.75",333,6,7,2,0,7,5.46600261941154,1,1,-0.939641437061175
"359",75,"undammed","WC",2021,662.1885,35.0527858972439,0,8,"218",0,8673.69548432593,0.283714194735457,4161.79850688577,0,"2021.WC.75",333,6,8,2,0,8,0,0,1,-0.939641437061175
"360",76,"dammed","WC",2021,657.0124,42.4500682786965,1.11843755650057,6,"216",1384.50634496235,5101.76706324559,0.227190583525214,5015.50526288152,4.47375022600228,"2021.WC.76",334,6,6,2,1,6,7.23382094383953,1,1,0.481998509747682
"361",76,"dammed","WC",2021,657.0124,42.4500682786965,1.11843755650057,7,"217",1513.23895240999,7755.19994381175,0.227330237604415,5015.50526288152,4.47375022600228,"2021.WC.76",334,6,7,2,1,7,7.32266825008406,1,1,0.481998509747682
"362",76,"dammed","WC",2021,657.0124,42.4500682786965,1.11843755650057,8,"218",199.113206617972,7448.84889592189,0.245268507586341,5015.50526288152,4.47375022600228,"2021.WC.76",334,6,8,2,1,8,5.29888323950159,1,1,0.481998509747682
"363",76,"undammed","WC",2021,655.73364,49.5171551482322,0,6,"216",3756.5490419479,1525.63301678826,0.209887042366324,5607.22671249509,0,"2021.WC.76",334,6,6,2,0,6,8.23152217329123,1,1,-0.939641437061175
"364",76,"undammed","WC",2021,655.73364,49.5171551482322,0,7,"217",2443.59032230704,4884.2842769548,0.223554125999946,5607.22671249509,0,"2021.WC.76",334,6,7,2,0,7,7.80163283053104,1,1,-0.939641437061175
"365",76,"undammed","WC",2021,655.73364,49.5171551482322,0,8,"218",1211.20621806477,6103.05916406968,0.241529766926591,5607.22671249509,0,"2021.WC.76",334,6,8,2,0,8,7.10019729907404,1,1,-0.939641437061175
"366",78,"dammed","WC",2021,332.5032,39.7243557553307,1.13222784821299,6,"216",154.557166776938,4080.1620152193,0.211951936135849,4619.67920249701,4.52891139285196,"2021.WC.78",335,6,6,2,1,6,5.04701329606523,1,1,0.499527275178149
"367",78,"dammed","WC",2021,332.5032,39.7243557553307,1.13222784821299,7,"217",243.437622717783,8181.6256707285,0.213035281035893,4619.67920249701,4.52891139285196,"2021.WC.78",335,6,7,2,1,7,5.49896015455716,1,1,0.499527275178149
"368",78,"dammed","WC",2021,332.5032,39.7243557553307,1.13222784821299,8,"218",0,11032.2439565023,0.231506894206593,4619.67920249701,4.52891139285196,"2021.WC.78",335,6,8,2,1,8,0,0,1,0.499527275178149
"369",78,"undammed","WC",2021,332.61264,36.4660796663738,0,6,"216",383.467609178552,2283.50933924656,0.20287557754114,5584.72439354658,0,"2021.WC.78",335,6,6,2,0,6,5.951859543989,1,1,-0.939641437061175
"370",78,"undammed","WC",2021,332.61264,36.4660796663738,0,7,"217",480.990690149513,8829.77351774328,0.201862565927181,5584.72439354658,0,"2021.WC.78",335,6,7,2,0,7,6.17792479882156,1,1,-0.939641437061175
"371",78,"undammed","WC",2021,332.61264,36.4660796663738,0,8,"218",130.556592891263,8253.56188330557,0.219371906521914,5584.72439354658,0,"2021.WC.78",335,6,8,2,0,8,4.87943712322983,1,1,-0.939641437061175
"372",79,"dammed","WC",2021,329.4381,43.295957092403,1.1269182452628,6,"216",534.950745335747,5333.30251680262,0.249324042841774,7359.10666665435,4.5076729810512,"2021.WC.79",336,6,6,2,1,6,6.28404226381806,1,1,0.492778267500597
"373",79,"dammed","WC",2021,329.4381,43.295957092403,1.1269182452628,7,"217",124.050873207111,10653.7202773449,0.258121950715871,7359.10666665435,4.5076729810512,"2021.WC.79",336,6,7,2,1,7,4.82872064016299,1,1,0.492778267500597
"374",79,"dammed","WC",2021,329.4381,43.295957092403,1.1269182452628,8,"218",0,9641.22396665087,0.264558439601498,7359.10666665435,4.5076729810512,"2021.WC.79",336,6,8,2,1,8,0,0,1,0.492778267500597
"375",79,"undammed","WC",2021,329.70312,39.7995935980805,0,6,"216",1630.02110626604,1330.71815762987,0.210926790242972,4726.02196377516,0,"2021.WC.79",336,6,6,2,0,6,7.39696154322768,1,1,-0.939641437061175
"376",79,"undammed","WC",2021,329.70312,39.7995935980805,0,7,"217",548.931888278092,4469.84067358877,0.223990416636505,4726.02196377516,0,"2021.WC.79",336,6,7,2,0,7,6.30979443106339,1,1,-0.939641437061175
"377",79,"undammed","WC",2021,329.70312,39.7995935980805,0,8,"218",0,6515.51309003643,0.26081464841675,4726.02196377516,0,"2021.WC.79",336,6,8,2,0,8,0,0,1,-0.939641437061175
"378",80,"dammed","WC",2021,248.06839,60.8958881168994,1.13128091982228,6,"216",1034.44076590772,0,NA,25983.4801801294,4.52512367928912,"2021.WC.80",337,6,6,2,1,6,6.94258247582691,1,0,0.4983236396071
"379",80,"dammed","WC",2021,248.06839,60.8958881168994,1.13128091982228,7,"217",873.829023677929,10702.0807377236,0.215862378769555,25983.4801801294,4.52512367928912,"2021.WC.80",337,6,7,2,1,7,6.77402846575331,1,1,0.4983236396071
"380",80,"dammed","WC",2021,248.06839,60.8958881168994,1.13128091982228,8,"218",0,29359.7635927687,0.238398908382946,25983.4801801294,4.52512367928912,"2021.WC.80",337,6,8,2,1,8,0,0,1,0.4983236396071
"381",80,"undammed","WC",2021,253.3902,49.0553254676587,0,6,"216",176.033477362932,602.587572494208,0.191341747880847,19285.8949432969,0,"2021.WC.80",337,6,6,2,0,6,5.17633885233324,1,1,-0.939641437061175
"382",80,"undammed","WC",2021,253.3902,49.0553254676587,0,7,"217",9.73885414109511,13048.0498473822,0.222062667756256,19285.8949432969,0,"2021.WC.80",337,6,7,2,0,7,2.37386839261559,1,1,-0.939641437061175
"383",80,"undammed","WC",2021,253.3902,49.0553254676587,0,8,"218",78.7476633857278,27303.0800463508,0.253037022802216,19285.8949432969,0,"2021.WC.80",337,6,8,2,0,8,4.3788674419972,1,1,-0.939641437061175
"384",82,"dammed","WC",2021,234.02272,48.1768019779569,2.27641792122959,6,"216",0,11623.5854947857,0.210058099435796,19616.7206922621,5.83696902879382,"2021.WC.82",338,6,6,2,1,6,0,0,1,0.915193526989668
"385",82,"dammed","WC",2021,234.02272,48.1768019779569,2.27641792122959,7,"217",0,16481.3656330183,0.21966855609584,19616.7206922621,5.83696902879382,"2021.WC.82",338,6,7,2,1,7,0,0,1,0.915193526989668
"386",82,"dammed","WC",2021,234.02272,48.1768019779569,2.27641792122959,8,"218",80.5042274708841,21129.4389271156,0.230295297400983,19616.7206922621,5.83696902879382,"2021.WC.82",338,6,8,2,1,8,4.40065488970997,1,1,0.915193526989668
"387",82,"undammed","WC",2021,238.58348,41.4543634963596,0,6,"216",0,310.768395547306,0.212518492547967,20016.8515692651,0,"2021.WC.82",338,6,6,2,0,6,0,0,1,-0.939641437061175
"388",82,"undammed","WC",2021,238.58348,41.4543634963596,0,7,"217",46.1815418558962,5108.64820942598,0.200304475965022,20016.8515692651,0,"2021.WC.82",338,6,7,2,0,7,3.8540027537316,1,1,-0.939641437061175
"389",82,"undammed","WC",2021,238.58348,41.4543634963596,0,8,"218",0,10158.8712346993,0.209279702837957,20016.8515692651,0,"2021.WC.82",338,6,8,2,0,8,0,0,1,-0.939641437061175
"390",1,"dammed","WC",2023,1391.1252,34.3547311090491,3.45806939676633,5,"235",797.141637327624,32329.5387630986,0.393071525391194,6056.59063424915,6.06678841537953,"2023.WC.1",18,6,9,3,1,9,6.68228607208575,1,1,0.98822407273234
"391",1,"dammed","WC",2023,1391.1252,34.3547311090491,3.45806939676633,6,"236",567.762690904094,30032.6678378236,0.408394336549287,6056.59063424915,6.06678841537953,"2023.WC.1",18,6,10,3,1,10,6.34346328369374,1,1,0.98822407273234
"392",1,"dammed","WC",2023,1391.1252,34.3547311090491,3.45806939676633,7,"237",415.650115946695,28669.8864691342,0.377067601128496,6056.59063424915,6.06678841537953,"2023.WC.1",18,6,11,3,1,11,6.03224681911138,1,1,0.98822407273234
"393",1,"dammed","WC",2023,1391.1252,34.3547311090491,3.45806939676633,8,"238",388.4965554408,32508.6469837563,0.37365534597327,6056.59063424915,6.06678841537953,"2023.WC.1",18,6,12,3,1,12,5.96485502173075,1,1,0.98822407273234
"394",1,"undammed","WC",2023,1390.5115,35.5652530305925,0,5,"235",1054.90867198799,34794.5428022796,0.408945299088837,6134.96651328355,0,"2023.WC.1",18,6,9,3,0,9,6.96215697566632,1,1,-0.939641437061175
"395",1,"undammed","WC",2023,1390.5115,35.5652530305925,0,6,"236",1005.46570095198,34044.0357067333,0.416884127282566,6134.96651328355,0,"2023.WC.1",18,6,10,3,0,10,6.91420016695521,1,1,-0.939641437061175
"396",1,"undammed","WC",2023,1390.5115,35.5652530305925,0,7,"237",781.184106291743,30208.3787178488,0.394366728438122,6134.96651328355,0,"2023.WC.1",18,6,11,3,0,11,6.6620901428766,1,1,-0.939641437061175
"397",1,"undammed","WC",2023,1390.5115,35.5652530305925,0,8,"238",616.068592318367,32519.3882943845,0.395251270396174,6134.96651328355,0,"2023.WC.1",18,6,12,3,0,12,6.42498018842066,1,1,-0.939641437061175
"398",2,"dammed","WC",2023,1372.1807,46.6434141576349,2.25669868668898,5,"235",4762.80186911634,15447.2662224564,0.48851585095049,6533.52905799448,5.01488597041996,"2023.WC.2",27,6,9,3,1,9,8.46880134042401,1,1,0.653957191401163
"399",2,"dammed","WC",2023,1372.1807,46.6434141576349,2.25669868668898,6,"236",4919.59753998658,14004.8862976373,0.452364744699607,6533.52905799448,5.01488597041996,"2023.WC.2",27,6,10,3,1,10,8.50118525332854,1,1,0.653957191401163
"400",2,"dammed","WC",2023,1372.1807,46.6434141576349,2.25669868668898,7,"237",4617.14614683951,12236.824447572,0.391450833779624,6533.52905799448,5.01488597041996,"2023.WC.2",27,6,11,3,1,11,8.43774863662882,1,1,0.653957191401163
"401",2,"dammed","WC",2023,1372.1807,46.6434141576349,2.25669868668898,8,"238",3530.19664875549,16530.4298953786,0.360337894432445,6533.52905799448,5.01488597041996,"2023.WC.2",27,6,12,3,1,12,8.16939208646359,1,1,0.653957191401163
"402",2,"undammed","WC",2023,1374.4993,43.3579751121082,0,5,"235",1672.75213222106,10835.2886762432,0.414272985593372,3327.31799503416,0,"2023.WC.2",27,6,9,3,0,9,7.42282317092305,1,1,-0.939641437061175
"403",2,"undammed","WC",2023,1374.4993,43.3579751121082,0,6,"236",1849.80051835004,10227.1817915374,0.40508849728676,3327.31799503416,0,"2023.WC.2",27,6,10,3,0,10,7.52337353710091,1,1,-0.939641437061175
"404",2,"undammed","WC",2023,1374.4993,43.3579751121082,0,7,"237",766.918309319721,9752.15339573879,0.362280158557162,3327.31799503416,0,"2023.WC.2",27,6,11,3,0,11,6.64368335941691,1,1,-0.939641437061175
"405",2,"undammed","WC",2023,1374.4993,43.3579751121082,0,8,"238",454.06691492235,11096.7722406724,0.355281904440102,3327.31799503416,0,"2023.WC.2",27,6,12,3,0,12,6.12044447390125,1,1,-0.939641437061175
"406",3,"dammed","WC",2023,1371.911,37.2352373790731,1.13393285263472,5,"235",1419.27205439385,14935.8643369787,0.373587834024088,2909.06411490589,4.53573141053888,"2023.WC.3",35,6,9,3,1,9,7.25860371984605,1,1,0.501694497104245
"407",3,"dammed","WC",2023,1371.911,37.2352373790731,1.13393285263472,6,"236",1365.82155895327,11656.883414175,0.356214046518965,2909.06411490589,4.53573141053888,"2023.WC.3",35,6,10,3,1,10,7.22024329342174,1,1,0.501694497104245
"408",3,"dammed","WC",2023,1371.911,37.2352373790731,1.13393285263472,7,"237",529.048726232847,11438.1080016192,0.300327465236654,2909.06411490589,4.53573141053888,"2023.WC.3",35,6,11,3,1,11,6.27296893860868,1,1,0.501694497104245
"409",3,"dammed","WC",2023,1371.911,37.2352373790731,1.13393285263472,8,"238",438.314982754343,12691.5489064535,0.306457304306097,2909.06411490589,4.53573141053888,"2023.WC.3",35,6,12,3,1,12,6.08521665637406,1,1,0.501694497104245
"410",3,"undammed","WC",2023,1371.911,41.5190138325611,0,5,"235",2242.62427332168,10620.7503812902,0.446009318038764,3192.09962357581,0,"2023.WC.3",35,6,9,3,0,9,7.71584781649243,1,1,-0.939641437061175
"411",3,"undammed","WC",2023,1371.911,41.5190138325611,0,6,"236",2769.62129672252,8913.46372707591,0.441289035351754,3192.09962357581,0,"2023.WC.3",35,6,10,3,0,10,7.92682686887673,1,1,-0.939641437061175
"412",3,"undammed","WC",2023,1371.911,41.5190138325611,0,7,"237",2669.52569056071,7732.81980833166,0.404763914710401,3192.09962357581,0,"2023.WC.3",35,6,11,3,0,11,7.89003061986488,1,1,-0.939641437061175
"413",3,"undammed","WC",2023,1371.911,41.5190138325611,0,8,"238",1752.26489126869,9782.82162852568,0.383533878982889,3192.09962357581,0,"2023.WC.3",35,6,12,3,0,12,7.46923498090366,1,1,-0.939641437061175
"414",4,"dammed","WC",2023,1366.3674,39.9483146264723,2.26613281784641,6,"236",2147.92987689645,16352.0263042375,0.473707305061245,5067.45661981404,5.52715321425954,"2023.WC.4",44,6,10,3,1,10,7.67272526553611,1,1,0.816742224202333
"415",4,"dammed","WC",2023,1366.3674,39.9483146264723,2.26613281784641,7,"237",1494.49022289795,17354.649577541,0.409290859136622,5067.45661981404,5.52715321425954,"2023.WC.4",44,6,11,3,1,11,7.31020934036755,1,1,0.816742224202333
"416",4,"dammed","WC",2023,1366.3674,39.9483146264723,2.26613281784641,8,"238",1127.81325788428,18531.8312390197,0.396993301340208,5067.45661981404,5.52715321425954,"2023.WC.4",44,6,12,3,1,12,7.02892214558327,1,1,0.816742224202333
"417",4,"undammed","WC",2023,1366.3674,35.1926646397257,0,6,"236",259.486151547525,22225.4927528531,0.427513847989906,4398.31238304079,0,"2023.WC.4",44,6,10,3,0,10,5.56254969873435,1,1,-0.939641437061175
"418",4,"undammed","WC",2023,1366.3674,35.1926646397257,0,7,"237",53.008790891077,21660.4964986764,0.382199512755279,4398.31238304079,0,"2023.WC.4",44,6,11,3,0,11,3.98914682759393,1,1,-0.939641437061175
"419",4,"undammed","WC",2023,1366.3674,35.1926646397257,0,8,"238",0,22659.4801704556,0.364603276488526,4398.31238304079,0,"2023.WC.4",44,6,12,3,0,12,0,0,1,-0.939641437061175
"420",11,"dammed","WC",2023,1362.1486,38.3245757243313,1.13220716233036,5,"235",445.074213242063,14467.8631096335,0.41747011009532,3218.37288360298,4.52882864932144,"2023.WC.11",107,6,9,3,1,9,6.10048533558128,1,1,0.499500981464288
"421",11,"dammed","WC",2023,1362.1486,38.3245757243313,1.13220716233036,6,"236",211.648531260911,14074.9545547785,0.435353876297881,3218.37288360298,4.52882864932144,"2023.WC.11",107,6,10,3,1,10,5.35964071483785,1,1,0.499500981464288
"422",11,"dammed","WC",2023,1362.1486,38.3245757243313,1.13220716233036,7,"237",22.9165891032593,14467.8623269175,0.402635400747279,3218.37288360298,4.52882864932144,"2023.WC.11",107,6,11,3,1,11,3.17457232289706,1,1,0.499500981464288
"423",11,"dammed","WC",2023,1362.1486,38.3245757243313,1.13220716233036,8,"238",12.888115430112,15940.1526453355,0.377459770312758,3218.37288360298,4.52882864932144,"2023.WC.11",107,6,12,3,1,12,2.63103346938345,1,1,0.499500981464288
"424",11,"undammed","WC",2023,1357.6072,36.8495015139861,0,5,"235",1174.59941458141,9145.02168133306,0.382048810463843,3217.67373616993,0,"2023.WC.11",107,6,9,3,0,9,7.06953343657034,1,1,-0.939641437061175
"425",11,"undammed","WC",2023,1357.6072,36.8495015139861,0,6,"236",1387.21496364883,8976.1885493559,0.467733973555722,3217.67373616993,0,"2023.WC.11",107,6,10,3,0,10,7.23577400202102,1,1,-0.939641437061175
"426",11,"undammed","WC",2023,1357.6072,36.8495015139861,0,7,"237",1572.78117368876,8203.33803366867,0.3982629915265,3217.67373616993,0,"2023.WC.11",107,6,11,3,0,11,7.36123639370169,1,1,-0.939641437061175
"427",11,"undammed","WC",2023,1357.6072,36.8495015139861,0,8,"238",1675.96267936417,8088.77392470416,0.364713567419883,3217.67373616993,0,"2023.WC.11",107,6,12,3,0,12,7.42473950717138,1,1,-0.939641437061175
"428",15,"dammed","WC",2023,1356.5161,45.8129974393637,1.12484692676989,5,"235",1385.98247685316,14785.6989594703,0.407642752506797,4245.89047783613,4.49938770707956,"2023.WC.15",146,6,9,3,1,9,7.23488578638727,1,1,0.490145425734001
"429",15,"dammed","WC",2023,1356.5161,45.8129974393637,1.12484692676989,6,"236",1035.44726687693,15746.3351041008,0.449552956767225,4245.89047783613,4.49938770707956,"2023.WC.15",146,6,10,3,1,10,6.94355405443778,1,1,0.490145425734001
"430",15,"dammed","WC",2023,1356.5161,45.8129974393637,1.12484692676989,7,"237",796.626764949397,15805.0579160802,0.423950814787406,4245.89047783613,4.49938770707956,"2023.WC.15",146,6,11,3,1,11,6.68164077494193,1,1,0.490145425734001
"431",15,"dammed","WC",2023,1356.5161,45.8129974393637,1.12484692676989,8,"238",562.870493585689,15600.2957230213,0.41392368239203,4245.89047783613,4.49938770707956,"2023.WC.15",146,6,12,3,1,12,6.33482460382908,1,1,0.490145425734001
"432",15,"undammed","WC",2023,1357.5784,42.0494831719957,0,5,"235",873.399114849053,16019.1319640216,0.384039733749194,3546.45612889528,0,"2023.WC.15",146,6,9,3,0,9,6.77353692456659,1,1,-0.939641437061175
"433",15,"undammed","WC",2023,1357.5784,42.0494831719957,0,6,"236",1332.46711773966,15676.4728550032,0.437249348448809,3546.45612889528,0,"2023.WC.15",146,6,10,3,0,10,7.19553768470511,1,1,-0.939641437061175
"434",15,"undammed","WC",2023,1357.5784,42.0494831719957,0,7,"237",440.98815907497,16295.7193508373,0.385383063076105,3546.45612889528,0,"2023.WC.15",146,6,11,3,0,11,6.09128309229571,1,1,-0.939641437061175
"435",15,"undammed","WC",2023,1357.5784,42.0494831719957,0,8,"238",588.728453496157,17461.3291600545,0.352940897979077,3546.45612889528,0,"2023.WC.15",146,6,12,3,0,12,6.3796621826414,1,1,-0.939641437061175
"436",16,"dammed","WC",2023,1349.5399,38.206861272714,1.13096520245984,5,"235",155.650667975229,10762.6911977132,0.37492898144081,3243.11821837723,4.52386080983936,"2023.WC.16",156,6,9,3,1,9,5.05401828151441,1,1,0.497922332970233
"437",16,"dammed","WC",2023,1349.5399,38.206861272714,1.13096520245984,6,"236",488.023238377244,11392.4889255299,0.437301881756148,3243.11821837723,4.52386080983936,"2023.WC.16",156,6,10,3,1,10,6.19241001058958,1,1,0.497922332970233
"438",16,"dammed","WC",2023,1349.5399,38.206861272714,1.13096520245984,7,"237",7.18439588313009,11164.6457433364,0.378726036324643,3243.11821837723,4.52386080983936,"2023.WC.16",156,6,11,3,1,11,2.10222940029588,1,1,0.497922332970233
"439",16,"dammed","WC",2023,1349.5399,38.206861272714,1.13096520245984,8,"238",96.6092929349226,11318.0375136432,0.361157821663183,3243.11821837723,4.52386080983936,"2023.WC.16",156,6,12,3,1,12,4.58097270338359,1,1,0.497922332970233
"440",16,"undammed","WC",2023,1356.4357,43.2713586956642,0,5,"235",1616.14034131462,9419.73042719224,0.372906653870643,3630.61340245605,0,"2023.WC.16",156,6,9,3,0,9,7.38841464697648,1,1,-0.939641437061175
"441",16,"undammed","WC",2023,1356.4357,43.2713586956642,0,6,"236",1672.63130123078,9455.13297481163,0.418947384807352,3630.61340245605,0,"2023.WC.16",156,6,10,3,0,10,7.42275097662997,1,1,-0.939641437061175
"442",16,"undammed","WC",2023,1356.4357,43.2713586956642,0,7,"237",814.857894899331,10320.6234214633,0.351807492692936,3630.61340245605,0,"2023.WC.16",156,6,11,3,0,11,6.70424019139083,1,1,-0.939641437061175
"443",16,"undammed","WC",2023,1356.4357,43.2713586956642,0,8,"238",1088.11173263017,10100.6474164177,0.341572969302077,3630.61340245605,0,"2023.WC.16",156,6,12,3,0,12,6.99311771879946,1,1,-0.939641437061175
"444",17,"dammed","WC",2023,833.43054,32.5109778291566,1.13298311264925,5,"235",43.1013864961325,13915.5092607984,0.328539922135651,3002.01032868028,4.531932450597,"2023.WC.17",165,6,9,3,1,9,3.78649122178018,1,1,0.500487287730259
"445",17,"dammed","WC",2023,833.43054,32.5109778291566,1.13298311264925,6,"236",0,12700.6236356249,0.318268565380123,3002.01032868028,4.531932450597,"2023.WC.17",165,6,10,3,1,10,0,0,1,0.500487287730259
"446",17,"dammed","WC",2023,833.43054,32.5109778291566,1.13298311264925,7,"237",0,6415.82575620763,0.249255067361185,3002.01032868028,4.531932450597,"2023.WC.17",165,6,11,3,1,11,0,0,1,0.500487287730259
"447",17,"dammed","WC",2023,833.43054,32.5109778291566,1.13298311264925,8,"238",85.6465714798254,6633.01101101146,0.222687746165423,3002.01032868028,4.531932450597,"2023.WC.17",165,6,12,3,1,12,4.46183744792151,1,1,0.500487287730259
"448",17,"undammed","WC",2023,833.43054,32.607507000189,0,5,"235",0,10270.86301096,0.418374664864409,2697.62842836976,0,"2023.WC.17",165,6,9,3,0,9,0,0,1,-0.939641437061175
"449",17,"undammed","WC",2023,833.43054,32.607507000189,0,6,"236",0,10203.8995529773,0.400654442054211,2697.62842836976,0,"2023.WC.17",165,6,10,3,0,10,0,0,1,-0.939641437061175
"450",17,"undammed","WC",2023,833.43054,32.607507000189,0,7,"237",0,8178.35961142147,0.291278948020772,2697.62842836976,0,"2023.WC.17",165,6,11,3,0,11,0,0,1,-0.939641437061175
"451",17,"undammed","WC",2023,833.43054,32.607507000189,0,8,"238",0,7148.91399290795,0.266459344453001,2697.62842836976,0,"2023.WC.17",165,6,12,3,0,12,0,0,1,-0.939641437061175
"452",18,"dammed","WC",2023,805.7007,36.2922543259126,1.13193531317905,5,"235",0,14330.9631458656,0.310099466663711,3498.47764673829,4.5277412527162,"2023.WC.18",176,6,9,3,1,9,0,0,1,0.499155435474025
"453",18,"dammed","WC",2023,805.7007,36.2922543259126,1.13193531317905,6,"236",0,12360.8593014586,0.303673287449642,3498.47764673829,4.5277412527162,"2023.WC.18",176,6,10,3,1,10,0,0,1,0.499155435474025
"454",18,"dammed","WC",2023,805.7007,36.2922543259126,1.13193531317905,7,"237",0,7240.33810999253,0.239722318538043,3498.47764673829,4.5277412527162,"2023.WC.18",176,6,11,3,1,11,0,0,1,0.499155435474025
"455",18,"dammed","WC",2023,805.7007,36.2922543259126,1.13193531317905,8,"238",0,6919.65015249813,0.219965714964841,3498.47764673829,4.5277412527162,"2023.WC.18",176,6,12,3,1,12,0,0,1,0.499155435474025
"456",18,"undammed","WC",2023,798.0243,37.558663408639,0,5,"235",1.1215326426076,13695.4109856998,0.316579791047223,4159.06642976403,0,"2023.WC.18",176,6,9,3,0,9,0.752138772111562,1,1,-0.939641437061175
"457",18,"undammed","WC",2023,798.0243,37.558663408639,0,6,"236",1.1215326426076,12134.7164858051,0.310431809191162,4159.06642976403,0,"2023.WC.18",176,6,10,3,0,10,0.752138772111562,1,1,-0.939641437061175
"458",18,"undammed","WC",2023,798.0243,37.558663408639,0,7,"237",114.910185801749,5715.13477211747,0.250093984150437,4159.06642976403,0,"2023.WC.18",176,6,11,3,0,11,4.75281563088228,1,1,-0.939641437061175
"459",18,"undammed","WC",2023,798.0243,37.558663408639,0,8,"238",78.8869724201221,5264.42410389021,0.22663155570835,4159.06642976403,0,"2023.WC.18",176,6,12,3,0,12,4.3806127909192,1,1,-0.939641437061175
"460",19,"dammed","WC",2023,662.0906,35.1946787019771,2.28621280200494,5,"235",0,14220.9252113492,0.355540639946545,3725.18134179711,8.79312616155746,"2023.WC.19",183,6,9,3,1,9,0,0,1,1.85458237452847
"461",19,"dammed","WC",2023,662.0906,35.1946787019771,2.28621280200494,6,"236",0,13803.6632322424,0.323672144467999,3725.18134179711,8.79312616155746,"2023.WC.19",183,6,10,3,1,10,0,0,1,1.85458237452847
"462",19,"dammed","WC",2023,662.0906,35.1946787019771,2.28621280200494,7,"237",0,9015.75728840548,0.275792495249221,3725.18134179711,8.79312616155746,"2023.WC.19",183,6,11,3,1,11,0,0,1,1.85458237452847
"463",19,"dammed","WC",2023,662.0906,35.1946787019771,2.28621280200494,8,"238",51.4414343843273,10343.5481178732,0.246158964044591,3725.18134179711,8.79312616155746,"2023.WC.19",183,6,12,3,1,12,3.95969701138807,1,1,1.85458237452847
"464",19,"undammed","WC",2023,674.13904,32.3029793024213,0,5,"235",0,15077.6545318005,0.349119469926968,3071.65894451737,0,"2023.WC.19",183,6,9,3,0,9,0,0,1,-0.939641437061175
"465",19,"undammed","WC",2023,674.13904,32.3029793024213,0,6,"236",0,12268.730673517,0.312596051012673,3071.65894451737,0,"2023.WC.19",183,6,10,3,0,10,0,0,1,-0.939641437061175
"466",19,"undammed","WC",2023,674.13904,32.3029793024213,0,7,"237",0,8547.43265572342,0.273455952066896,3071.65894451737,0,"2023.WC.19",183,6,11,3,0,11,0,0,1,-0.939641437061175
"467",19,"undammed","WC",2023,674.13904,32.3029793024213,0,8,"238",0,8679.95186016606,0.251363038827718,3071.65894451737,0,"2023.WC.19",183,6,12,3,0,12,0,0,1,-0.939641437061175
"468",20,"dammed","WC",2023,331.7716,44.7172145775122,2.31124300904165,5,"235",1506.23886573876,10678.0077380012,0.371031127384012,8348.25831145048,7.70414336347217,"2023.WC.20",193,6,9,3,1,9,7.3180346902059,1,1,1.50853233397242
"469",20,"dammed","WC",2023,331.7716,44.7172145775122,2.31124300904165,6,"236",78.4462812800033,12530.4932380826,0.375907103591256,8348.25831145048,7.70414336347217,"2023.WC.20",193,6,10,3,1,10,4.37508108609754,1,1,1.50853233397242
"470",20,"dammed","WC",2023,331.7716,44.7172145775122,2.31124300904165,7,"237",78.4462812800033,10198.5120419671,0.344132403687143,8348.25831145048,7.70414336347217,"2023.WC.20",193,6,11,3,1,11,4.37508108609754,1,1,1.50853233397242
"471",20,"dammed","WC",2023,331.7716,44.7172145775122,2.31124300904165,8,"238",0,13143.3444349401,0.31884070521836,8348.25831145048,7.70414336347217,"2023.WC.20",193,6,12,3,1,12,0,0,1,1.50853233397242
"472",20,"undammed","WC",2023,332.21518,36.8032227790909,0,5,"235",0,3393.39551945107,0.256631472644593,6046.43688744307,0,"2023.WC.20",193,6,9,3,0,9,0,0,1,-0.939641437061175
"473",20,"undammed","WC",2023,332.21518,36.8032227790909,0,6,"236",0,5768.40818544276,0.263266559330224,6046.43688744307,0,"2023.WC.20",193,6,10,3,0,10,0,0,1,-0.939641437061175
"474",20,"undammed","WC",2023,332.21518,36.8032227790909,0,7,"237",0,4679.53222386977,0.242948748346615,6046.43688744307,0,"2023.WC.20",193,6,11,3,0,11,0,0,1,-0.939641437061175
"475",20,"undammed","WC",2023,332.21518,36.8032227790909,0,8,"238",0,1138.58568572998,0.194301097770085,6046.43688744307,0,"2023.WC.20",193,6,12,3,0,12,0,0,1,-0.939641437061175
"476",21,"dammed","WC",2023,329.68005,39.1185270130438,1.1582168190848,5,"235",0,9666.45190357881,0.432789057925873,5496.57574567199,4.6328672763392,"2023.WC.21",205,6,9,3,1,9,0,0,1,0.532561715905818
"477",21,"dammed","WC",2023,329.68005,39.1185270130438,1.1582168190848,6,"236",7.8571814882989,9461.53843051686,0.431811690142197,5496.57574567199,4.6328672763392,"2023.WC.21",205,6,10,3,1,10,2.1812285975624,1,1,0.532561715905818
"478",21,"dammed","WC",2023,329.68005,39.1185270130438,1.1582168190848,7,"237",7.8571814882989,8424.34045081045,0.38326078813687,5496.57574567199,4.6328672763392,"2023.WC.21",205,6,11,3,1,11,2.1812285975624,1,1,0.532561715905818
"479",21,"dammed","WC",2023,329.68005,39.1185270130438,1.1582168190848,8,"238",7.8571814882989,9579.6482891008,0.39583774961723,5496.57574567199,4.6328672763392,"2023.WC.21",205,6,12,3,1,12,2.1812285975624,1,1,0.532561715905818
"480",21,"undammed","WC",2023,329.70886,37.1481603635334,0,5,"235",0,10854.0705088597,0.321360511859932,4133.05121400952,0,"2023.WC.21",205,6,9,3,0,9,0,0,1,-0.939641437061175
"481",21,"undammed","WC",2023,329.70886,37.1481603635334,0,6,"236",0,9573.32873864267,0.330226342203776,4133.05121400952,0,"2023.WC.21",205,6,10,3,0,10,0,0,1,-0.939641437061175
"482",21,"undammed","WC",2023,329.70886,37.1481603635334,0,7,"237",67.8119871705186,7420.87377489875,0.31178864342147,4133.05121400952,0,"2023.WC.21",205,6,11,3,0,11,4.23137796189227,1,1,-0.939641437061175
"483",21,"undammed","WC",2023,329.70886,37.1481603635334,0,8,"238",0,10276.9662101596,0.306635413512667,4133.05121400952,0,"2023.WC.21",205,6,12,3,0,12,0,0,1,-0.939641437061175
"484",22,"dammed","WC",2023,327.81348,33.8853557758274,1.16387133587045,5,"235",0,14629.500078867,0.358440441444317,4320.49220955372,4.6554853434818,"2023.WC.22",215,6,9,3,1,9,0,0,1,0.539749141699649
"485",22,"dammed","WC",2023,327.81348,33.8853557758274,1.16387133587045,6,"236",0,11576.9623079786,0.374798500990033,4320.49220955372,4.6554853434818,"2023.WC.22",215,6,10,3,1,10,0,0,1,0.539749141699649
"486",22,"dammed","WC",2023,327.81348,33.8853557758274,1.16387133587045,7,"237",0,8786.69725401635,0.355822448100667,4320.49220955372,4.6554853434818,"2023.WC.22",215,6,11,3,1,11,0,0,1,0.539749141699649
"487",22,"dammed","WC",2023,327.81348,33.8853557758274,1.16387133587045,8,"238",0,11801.8849642286,0.34052335136177,4320.49220955372,4.6554853434818,"2023.WC.22",215,6,12,3,1,12,0,0,1,0.539749141699649
"488",22,"undammed","WC",2023,329.35745,38.9872678088669,0,5,"235",0,12505.3144027112,0.347370020088023,6268.63661700487,0,"2023.WC.22",215,6,9,3,0,9,0,0,1,-0.939641437061175
"489",22,"undammed","WC",2023,329.35745,38.9872678088669,0,6,"236",0,10382.999541608,0.364184761214644,6268.63661700487,0,"2023.WC.22",215,6,10,3,0,10,0,0,1,-0.939641437061175
"490",22,"undammed","WC",2023,329.35745,38.9872678088669,0,7,"237",0,8501.38227661731,0.342686752867998,6268.63661700487,0,"2023.WC.22",215,6,11,3,0,11,0,0,1,-0.939641437061175
"491",22,"undammed","WC",2023,329.35745,38.9872678088669,0,8,"238",0,9257.13164388619,0.365990253186088,6268.63661700487,0,"2023.WC.22",215,6,12,3,0,12,0,0,1,-0.939641437061175
"492",23,"dammed","WC",2023,253.3902,51.4877678231528,2.35862358510188,5,"235",566.511095004222,39084.4498386458,0.315329367054773,31608.3792007565,6.37465833811319,"2023.WC.23",222,6,9,3,1,9,6.34126029983268,1,1,1.08605702237608
"493",23,"dammed","WC",2023,253.3902,51.4877678231528,2.35862358510188,6,"236",7756.72267027556,24050.8639420752,0.315008404378852,31608.3792007565,6.37465833811319,"2023.WC.23",222,6,10,3,1,10,8.95644409978111,1,1,1.08605702237608
"494",23,"dammed","WC",2023,253.3902,51.4877678231528,2.35862358510188,7,"237",6380.9887117844,16193.5287091423,0.285137919632914,31608.3792007565,6.37465833811319,"2023.WC.23",222,6,11,3,1,11,8.7612350380783,1,1,1.08605702237608
"495",23,"dammed","WC",2023,253.3902,51.4877678231528,2.35862358510188,8,"238",5786.21591738416,18284.986893897,0.281904285834403,31608.3792007565,6.37465833811319,"2023.WC.23",222,6,12,3,1,12,8.66340661164058,1,1,1.08605702237608
"496",23,"undammed","WC",2023,255.37912,44.8808170770518,0,5,"235",0,22813.4786434697,0.340837684056713,19155.7800064385,0,"2023.WC.23",222,6,9,3,0,9,0,0,1,-0.939641437061175
"497",23,"undammed","WC",2023,255.37912,44.8808170770518,0,6,"236",4331.113015004,15679.0416481467,0.326171620130969,19155.7800064385,0,"2023.WC.23",222,6,10,3,0,10,8.37381069619333,1,1,-0.939641437061175
"498",23,"undammed","WC",2023,255.37912,44.8808170770518,0,7,"237",1668.31308956427,13639.4676271626,0.275562841257365,19155.7800064385,0,"2023.WC.23",222,6,11,3,0,11,7.42016749717983,1,1,-0.939641437061175
"499",23,"undammed","WC",2023,255.37912,44.8808170770518,0,8,"238",3101.93566554317,14885.9699933819,0.280371550043523,19155.7800064385,0,"2023.WC.23",222,6,12,3,0,12,8.04010393124704,1,1,-0.939641437061175
"500",25,"dammed","WC",2023,234.02272,49.1959958871782,1.16197407036807,5,"235",2194.67363012211,19949.5905344645,0.334811216645452,13586.115705803,4.64789628147228,"2023.WC.25",233,6,9,3,1,9,7.69424417142138,1,1,0.537337537750721
"501",25,"dammed","WC",2023,234.02272,49.1959958871782,1.16197407036807,6,"236",1543.19885560671,20350.6047694786,0.357956730375574,13586.115705803,4.64789628147228,"2023.WC.25",233,6,10,3,1,10,7.34226051478307,1,1,0.537337537750721
"502",25,"dammed","WC",2023,234.02272,49.1959958871782,1.16197407036807,7,"237",2708.24683825455,16041.462865433,0.288410704526389,13586.115705803,4.64789628147228,"2023.WC.25",233,6,11,3,1,11,7.90442595578371,1,1,0.537337537750721
"503",25,"dammed","WC",2023,234.02272,49.1959958871782,1.16197407036807,8,"238",712.064848202584,17247.9553819544,0.267299030539878,13586.115705803,4.64789628147228,"2023.WC.25",233,6,12,3,1,12,6.56957236747426,1,1,0.537337537750721
"504",25,"undammed","WC",2023,238.58348,39.7405045525229,0,5,"235",19.2360332390841,11009.0881745881,0.279376013216602,9440.18864354491,0,"2023.WC.25",233,6,9,3,0,9,3.0074648390002,1,1,-0.939641437061175
"505",25,"undammed","WC",2023,238.58348,39.7405045525229,0,6,"236",339.180393536886,10504.392838033,0.277554735339647,9440.18864354491,0,"2023.WC.25",233,6,10,3,0,10,5.82947604613426,1,1,-0.939641437061175
"506",25,"undammed","WC",2023,238.58348,39.7405045525229,0,7,"237",628.671961924141,7146.16148226869,0.236178393065953,9440.18864354491,0,"2023.WC.25",233,6,11,3,0,11,6.44519898841817,1,1,-0.939641437061175
"507",25,"undammed","WC",2023,238.58348,39.7405045525229,0,8,"238",120.653920412297,6047.2733972886,0.222344890961395,9440.18864354491,0,"2023.WC.25",233,6,12,3,0,12,4.80118029569173,1,1,-0.939641437061175
"508",26,"dammed","WC",2023,194.57272,36.1336159400311,1.1400311139121,5,"235",0,22354.3723444322,0.36438102488156,6920.15397116542,4.5601244556484,"2023.WC.26",239,6,9,3,1,9,0,0,1,0.509445964128588
"509",26,"dammed","WC",2023,194.57272,36.1336159400311,1.1400311139121,6,"236",0,18454.473155362,0.367735408976376,6920.15397116542,4.5601244556484,"2023.WC.26",239,6,10,3,1,10,0,0,1,0.509445964128588
"510",26,"dammed","WC",2023,194.57272,36.1336159400311,1.1400311139121,7,"237",0,15649.3551008636,0.305011465123424,6920.15397116542,4.5601244556484,"2023.WC.26",239,6,11,3,1,11,0,0,1,0.509445964128588
"511",26,"dammed","WC",2023,194.57272,36.1336159400311,1.1400311139121,8,"238",0,15816.9961990057,0.280479857081565,6920.15397116542,4.5601244556484,"2023.WC.26",239,6,12,3,1,12,0,0,1,0.509445964128588
"512",26,"undammed","WC",2023,194.9013,33.8014888519343,0,5,"235",0,14013.911417344,0.335318296216816,4326.93685755134,0,"2023.WC.26",239,6,9,3,0,9,0,0,1,-0.939641437061175
"513",26,"undammed","WC",2023,194.9013,33.8014888519343,0,6,"236",0,11957.5689741247,0.334718620520181,4326.93685755134,0,"2023.WC.26",239,6,10,3,0,10,0,0,1,-0.939641437061175
"514",26,"undammed","WC",2023,194.9013,33.8014888519343,0,7,"237",0,9491.73676874497,0.289368094125705,4326.93685755134,0,"2023.WC.26",239,6,11,3,0,11,0,0,1,-0.939641437061175
"515",26,"undammed","WC",2023,194.9013,33.8014888519343,0,8,"238",0,10177.2780482573,0.259433734886524,4326.93685755134,0,"2023.WC.26",239,6,12,3,0,12,0,0,1,-0.939641437061175
"516",27,"dammed","WC",2023,194.44016,36.7189690169738,1.14644225744274,5,"235",0,16915.5074032054,0.347998376506797,5399.93950200081,4.58576902977096,"2023.WC.27",243,6,9,3,1,9,0,0,1,0.517595134097809
"517",27,"dammed","WC",2023,194.44016,36.7189690169738,1.14644225744274,6,"236",0,13253.58596341,0.361136773609282,5399.93950200081,4.58576902977096,"2023.WC.27",243,6,10,3,1,10,0,0,1,0.517595134097809
"518",27,"dammed","WC",2023,194.44016,36.7189690169738,1.14644225744274,7,"237",0,9901.95705826703,0.321728013479035,5399.93950200081,4.58576902977096,"2023.WC.27",243,6,11,3,1,11,0,0,1,0.517595134097809
"519",27,"dammed","WC",2023,194.44016,36.7189690169738,1.14644225744274,8,"238",0,9814.32045937332,0.276822529634856,5399.93950200081,4.58576902977096,"2023.WC.27",243,6,12,3,1,12,0,0,1,0.517595134097809
"520",27,"undammed","WC",2023,186.83238,31.6553260705647,0,5,"235",0,11521.0633077883,0.367687661343936,3873.94259081781,0,"2023.WC.27",243,6,9,3,0,9,0,0,1,-0.939641437061175
"521",27,"undammed","WC",2023,186.83238,31.6553260705647,0,6,"236",0,9565.05343361649,0.341705905852219,3873.94259081781,0,"2023.WC.27",243,6,10,3,0,10,0,0,1,-0.939641437061175
"522",27,"undammed","WC",2023,186.83238,31.6553260705647,0,7,"237",0,7520.34326450124,0.30157110733843,3873.94259081781,0,"2023.WC.27",243,6,11,3,0,11,0,0,1,-0.939641437061175
"523",27,"undammed","WC",2023,186.83238,31.6553260705647,0,8,"238",0,7644.3078592637,0.281502231639846,3873.94259081781,0,"2023.WC.27",243,6,12,3,0,12,0,0,1,-0.939641437061175
"524",28,"dammed","WC",2023,186.54414,33.0224739890457,1.20055962236674,5,"235",0,15094.0991203458,0.315609728521004,3513.16419094801,4.80223848946696,"2023.WC.28",249,6,9,3,1,9,0,0,1,0.586383424820726
"525",28,"dammed","WC",2023,186.54414,33.0224739890457,1.20055962236674,6,"236",0,11349.9886084164,0.302603699257959,3513.16419094801,4.80223848946696,"2023.WC.28",249,6,10,3,1,10,0,0,1,0.586383424820726
"526",28,"dammed","WC",2023,186.54414,33.0224739890457,1.20055962236674,7,"237",0,6882.63909786449,0.266373085343715,3513.16419094801,4.80223848946696,"2023.WC.28",249,6,11,3,1,11,0,0,1,0.586383424820726
"527",28,"dammed","WC",2023,186.54414,33.0224739890457,1.20055962236674,8,"238",0,8496.25126725739,0.265257964587584,3513.16419094801,4.80223848946696,"2023.WC.28",249,6,12,3,1,12,0,0,1,0.586383424820726
"528",28,"undammed","WC",2023,186.70555,33.0758469971834,0,5,"235",0,11453.1623009775,0.324506657837829,3617.41600576043,0,"2023.WC.28",249,6,9,3,0,9,0,0,1,-0.939641437061175
"529",28,"undammed","WC",2023,186.70555,33.0758469971834,0,6,"236",0,9254.7497995414,0.305152106209475,3617.41600576043,0,"2023.WC.28",249,6,10,3,0,10,0,0,1,-0.939641437061175
"530",28,"undammed","WC",2023,186.70555,33.0758469971834,0,7,"237",0,5744.61583515242,0.28356421328652,3617.41600576043,0,"2023.WC.28",249,6,11,3,0,11,0,0,1,-0.939641437061175
"531",28,"undammed","WC",2023,186.70555,33.0758469971834,0,8,"238",0,6748.41731669108,0.277082023662273,3617.41600576043,0,"2023.WC.28",249,6,12,3,0,12,0,0,1,-0.939641437061175
"532",1,"dammed","LT",2019,290.70767,33.0186654123906,1.13743420395947,5,"195",145.234412474726,14061.8496512918,0.292736135842235,3523.05217695236,4.54973681583788,"2019.LT.1",10,4,1,1,1,1,4.98521089906237,1,1,0.506145045891833
"533",1,"dammed","LT",2019,290.70767,33.0186654123906,1.13743420395947,6,"196",0,14543.6855811923,0.286910820433503,3523.05217695236,4.54973681583788,"2019.LT.1",10,4,2,1,1,2,0,0,1,0.506145045891833
"534",1,"dammed","LT",2019,290.70767,33.0186654123906,1.13743420395947,7,"197",86.1501285803084,13513.2447324267,0.274896000919707,3523.05217695236,4.54973681583788,"2019.LT.1",10,4,3,1,1,3,4.46763224735574,1,1,0.506145045891833
"535",1,"dammed","LT",2019,290.70767,33.0186654123906,1.13743420395947,8,"198",145.234412474726,16567.2468215344,0.301498651487042,3523.05217695236,4.54973681583788,"2019.LT.1",10,4,4,1,1,4,4.98521089906237,1,1,0.506145045891833
"536",1,"undammed","LT",2019,273.8496,47.6715153312319,0,5,"195",0,21354.7781553979,0.329238598266606,13712.2989991345,0,"2019.LT.1",10,4,1,1,0,1,0,0,1,-0.939641437061175
"537",1,"undammed","LT",2019,273.8496,47.6715153312319,0,6,"196",0,22405.2752696916,0.322245983872962,13712.2989991345,0,"2019.LT.1",10,4,2,1,0,2,0,0,1,-0.939641437061175
"538",1,"undammed","LT",2019,273.8496,47.6715153312319,0,7,"197",0,23292.3409569235,0.325507445787446,13712.2989991345,0,"2019.LT.1",10,4,3,1,0,3,0,0,1,-0.939641437061175
"539",1,"undammed","LT",2019,273.8496,47.6715153312319,0,8,"198",427.179418500732,27746.6098297418,0.323276367960085,13712.2989991345,0,"2019.LT.1",10,4,4,1,0,4,6.05954230984566,1,1,-0.939641437061175
"540",12,"dammed","LT",2019,270.03973,50.0386724748831,2.24555487642542,5,"195",1226.06691792596,19324.3945942,0.372492916475253,11689.2381598949,6.4158710755012,"2019.LT.12",113,4,1,1,1,1,7.11238198106075,1,1,1.09915334443885
"541",12,"dammed","LT",2019,270.03973,50.0386724748831,2.24555487642542,6,"196",1289.3534587825,19662.0033064001,0.34647880494609,11689.2381598949,6.4158710755012,"2019.LT.12",113,4,2,1,1,2,7.16267145888103,1,1,1.09915334443885
"542",12,"dammed","LT",2019,270.03973,50.0386724748831,2.24555487642542,7,"197",1455.04656475782,18945.2919838999,0.337836476610497,11689.2381598949,6.4158710755012,"2019.LT.12",113,4,3,1,1,3,7.28348020953495,1,1,1.09915334443885
"543",12,"dammed","LT",2019,270.03973,50.0386724748831,2.24555487642542,8,"198",1917.7378280462,23570.74819312,0.320224243479513,11689.2381598949,6.4158710755012,"2019.LT.12",113,4,4,1,1,4,7.55942286762611,1,1,1.09915334443885
"544",12,"undammed","LT",2019,271.32303,46.6659767623317,0,5,"195",218.528768402922,23093.235988243,0.339851802357308,11265.6811490767,0,"2019.LT.12",113,4,1,1,0,1,5.39148328726623,1,1,-0.939641437061175
"545",12,"undammed","LT",2019,271.32303,46.6659767623317,0,6,"196",136.14665006703,25230.8178473678,0.313463391939274,11265.6811490767,0,"2019.LT.12",113,4,2,1,0,2,4.92105079176289,1,1,-0.939641437061175
"546",12,"undammed","LT",2019,271.32303,46.6659767623317,0,7,"197",159.326750741753,24233.4563565722,0.310421964438134,11265.6811490767,0,"2019.LT.12",113,4,3,1,0,3,5.0772139249301,1,1,-0.939641437061175
"547",12,"undammed","LT",2019,271.32303,46.6659767623317,0,8,"198",768.323303379265,33217.9736594107,0.328559450041794,11265.6811490767,0,"2019.LT.12",113,4,4,1,0,4,6.6455113016729,1,1,-0.939641437061175
"548",13,"dammed","LT",2019,269.59665,47.0380521978794,4.55342517515402,5,"195",128.420232271914,44996.3266410977,0.364725077595371,21671.6978846528,6.69621349287356,"2019.LT.13",123,4,1,1,1,1,4.86306472434173,1,1,1.18823877817744
"549",13,"dammed","LT",2019,269.59665,47.0380521978794,4.55342517515402,6,"196",54.9684447893909,45394.0522728116,0.347378578190011,21671.6978846528,6.69621349287356,"2019.LT.13",123,4,2,1,1,2,4.02478804601357,1,1,1.18823877817744
"550",13,"dammed","LT",2019,269.59665,47.0380521978794,4.55342517515402,7,"197",128.420232271914,43174.4916518567,0.344048933941289,21671.6978846528,6.69621349287356,"2019.LT.13",123,4,3,1,1,3,4.86306472434173,1,1,1.18823877817744
"551",13,"dammed","LT",2019,269.59665,47.0380521978794,4.55342517515402,8,"198",576.689129992092,56164.4493224798,0.363627657705854,21671.6978846528,6.69621349287356,"2019.LT.13",123,4,4,1,1,4,6.35903588660205,1,1,1.18823877817744
"552",13,"undammed","LT",2019,267.1284,47.3689436264235,0,5,"195",199.147485109871,36495.9520841412,0.340991156026136,18482.2797455452,0,"2019.LT.13",123,4,1,1,0,1,5.29905452033277,1,1,-0.939641437061175
"553",13,"undammed","LT",2019,267.1284,47.3689436264235,0,6,"196",193.674347480606,35449.2773554185,0.33223363665523,18482.2797455452,0,"2019.LT.13",123,4,2,1,0,2,5.27132814961773,1,1,-0.939641437061175
"554",13,"undammed","LT",2019,267.1284,47.3689436264235,0,7,"197",518.068998919281,32915.9601954142,0.323058762036579,18482.2797455452,0,"2019.LT.13",123,4,3,1,0,3,6.25203682022393,1,1,-0.939641437061175
"555",13,"undammed","LT",2019,267.1284,47.3689436264235,0,8,"198",1065.51216523507,57088.687905046,0.319775765571536,18482.2797455452,0,"2019.LT.13",123,4,4,1,0,4,6.97214894453652,1,1,-0.939641437061175
"556",16,"dammed","LT",2019,255.67122,57.4490930759262,5.60971197682657,5,"195",1845.29722103138,26789.86792061,0.395152367801821,15025.3081497233,11.9355573975033,"2019.LT.16",152,4,1,1,1,1,7.52093741024505,1,1,2.85316422408171
"557",16,"dammed","LT",2019,255.67122,57.4490930759262,5.60971197682657,6,"196",970.031102734453,26721.5805744844,0.389070883775876,15025.3081497233,11.9355573975033,"2019.LT.16",152,4,2,1,1,2,6.87835849943069,1,1,2.85316422408171
"558",16,"dammed","LT",2019,255.67122,57.4490930759262,5.60971197682657,7,"197",1939.51437407194,25333.3688749725,0.37301404631653,15025.3081497233,11.9355573975033,"2019.LT.16",152,4,3,1,1,3,7.57070835818783,1,1,2.85316422408171
"559",16,"dammed","LT",2019,255.67122,57.4490930759262,5.60971197682657,8,"198",2274.29704431693,30172.4144494749,0.370500488532098,15025.3081497233,11.9355573975033,"2019.LT.16",152,4,4,1,1,4,7.72986589179219,1,1,2.85316422408171
"560",16,"undammed","LT",2019,255.91283,45.2633235236862,0,5,"195",0,13646.2858799355,0.338232222802991,6640.67810215615,0,"2019.LT.16",152,4,1,1,0,1,0,0,1,-0.939641437061175
"561",16,"undammed","LT",2019,255.91283,45.2633235236862,0,6,"196",0,13470.5832815133,0.337816717035173,6640.67810215615,0,"2019.LT.16",152,4,2,1,0,2,0,0,1,-0.939641437061175
"562",16,"undammed","LT",2019,255.91283,45.2633235236862,0,7,"197",0,12379.088631903,0.32893217390267,6640.67810215615,0,"2019.LT.16",152,4,3,1,0,3,0,0,1,-0.939641437061175
"563",16,"undammed","LT",2019,255.91283,45.2633235236862,0,8,"198",0,20171.1009519689,0.324163061120124,6640.67810215615,0,"2019.LT.16",152,4,4,1,0,4,0,0,1,-0.939641437061175
"564",17,"dammed","LT",2019,178.1908,51.0421160071241,2.25071271732296,5,"195",1617.48246858213,19714.3085515041,0.335096421782329,16303.4128287127,5.00158381627324,"2019.LT.17",160,4,1,1,1,1,7.38924424141522,1,1,0.64973011730041
"565",17,"dammed","LT",2019,178.1908,51.0421160071241,2.25071271732296,6,"196",1531.18213252367,21550.8958237293,0.323866228846507,16303.4128287127,5.00158381627324,"2019.LT.17",160,4,2,1,1,2,7.33444822869354,1,1,0.64973011730041
"566",17,"dammed","LT",2019,178.1908,51.0421160071241,2.25071271732296,7,"197",1831.83023772146,19904.1475982666,0.308120151415572,16303.4128287127,5.00158381627324,"2019.LT.17",160,4,3,1,1,3,7.51361662910526,1,1,0.64973011730041
"567",17,"dammed","LT",2019,178.1908,51.0421160071241,2.25071271732296,8,"198",3665.93879776118,37066.9334283268,0.311100773340008,16303.4128287127,5.00158381627324,"2019.LT.17",160,4,4,1,1,4,8.20711247792964,1,1,0.64973011730041
"568",17,"undammed","LT",2019,178.1908,38.90782046267,0,5,"195",563.455159535128,8787.67960985969,0.28944737014296,7721.79793182947,0,"2019.LT.17",160,4,1,1,0,1,6.3358609464845,1,1,-0.939641437061175
"569",17,"undammed","LT",2019,178.1908,38.90782046267,0,6,"196",636.994457444724,8886.6695455813,0.280176402988706,7721.79793182947,0,"2019.LT.17",160,4,2,1,0,2,6.45832959591634,1,1,-0.939641437061175
"570",17,"undammed","LT",2019,178.1908,38.90782046267,0,7,"197",1153.03555649051,6946.16924561145,0.262105498636619,7721.79793182947,0,"2019.LT.17",160,4,3,1,0,3,7.05102025811029,1,1,-0.939641437061175
"571",17,"undammed","LT",2019,178.1908,38.90782046267,0,8,"198",984.875518229195,25109.4536427517,0.26608151607627,7721.79793182947,0,"2019.LT.17",160,4,4,1,0,4,6.89353009737208,1,1,-0.939641437061175
"572",18,"dammed","LT",2019,175.6368,35.15653473216,1.12330041375181,5,"195",0,6060.59593248554,0.341342678630224,8287.70698981266,4.49320165500724,"2019.LT.18",170,4,1,1,1,1,0,0,1,0.488179661376408
"573",18,"dammed","LT",2019,175.6368,35.15653473216,1.12330041375181,6,"196",0,6126.76604883531,0.323648036467909,8287.70698981266,4.49320165500724,"2019.LT.18",170,4,2,1,1,2,0,0,1,0.488179661376408
"574",18,"dammed","LT",2019,175.6368,35.15653473216,1.12330041375181,7,"197",0,6189.78395816579,0.300321410086665,8287.70698981266,4.49320165500724,"2019.LT.18",170,4,3,1,1,3,0,0,1,0.488179661376408
"575",18,"dammed","LT",2019,175.6368,35.15653473216,1.12330041375181,8,"198",0,18929.580858268,0.318114821767695,8287.70698981266,4.49320165500724,"2019.LT.18",170,4,4,1,1,4,0,0,1,0.488179661376408
"576",18,"undammed","LT",2019,175.67131,33.9844203671782,0,5,"195",0,6167.21919388117,0.29382465320549,3674.12612443324,0,"2019.LT.18",170,4,1,1,0,1,0,0,1,-0.939641437061175
"577",18,"undammed","LT",2019,175.67131,33.9844203671782,0,6,"196",0,6167.74409107881,0.282255154189712,3674.12612443324,0,"2019.LT.18",170,4,2,1,0,2,0,0,1,-0.939641437061175
"578",18,"undammed","LT",2019,175.67131,33.9844203671782,0,7,"197",0,5032.39804139979,0.262710581421733,3674.12612443324,0,"2019.LT.18",170,4,3,1,0,3,0,0,1,-0.939641437061175
"579",18,"undammed","LT",2019,175.67131,33.9844203671782,0,8,"198",0,13831.3653184779,0.28101778292941,3674.12612443324,0,"2019.LT.18",170,4,4,1,0,4,0,0,1,-0.939641437061175
"580",19,"dammed","LT",2019,140.91849,52.8405209822738,1.13195653355785,5,"195",0,30170.3715638105,0.317888941510565,24308.3764362913,4.5278261342314,"2019.LT.19",179,4,1,1,1,1,0,0,1,0.499182408583085
"581",19,"dammed","LT",2019,140.91849,52.8405209822738,1.13195653355785,6,"196",0,30082.1337698843,0.319314181152043,24308.3764362913,4.5278261342314,"2019.LT.19",179,4,2,1,1,2,0,0,1,0.499182408583085
"582",19,"dammed","LT",2019,140.91849,52.8405209822738,1.13195653355785,7,"197",0,26321.1173339245,0.322366521078345,24308.3764362913,4.5278261342314,"2019.LT.19",179,4,3,1,1,3,0,0,1,0.499182408583085
"583",19,"dammed","LT",2019,140.91849,52.8405209822738,1.13195653355785,8,"198",89.0271956186669,34324.2634663301,0.369952310866352,24308.3764362913,4.5278261342314,"2019.LT.19",179,4,4,1,1,4,4.50011179822578,1,1,0.499182408583085
"584",19,"undammed","LT",2019,141.52827,42.5150010694497,0,5,"195",2.31904624864167,16293.9207270005,0.309190748079496,17930.7153037079,0,"2019.LT.19",179,4,1,1,0,1,1.19967746715165,1,1,-0.939641437061175
"585",19,"undammed","LT",2019,141.52827,42.5150010694497,0,6,"196",0,17414.8397771499,0.315380649916527,17930.7153037079,0,"2019.LT.19",179,4,2,1,0,2,0,0,1,-0.939641437061175
"586",19,"undammed","LT",2019,141.52827,42.5150010694497,0,7,"197",0,16580.183324208,0.318387483709517,17930.7153037079,0,"2019.LT.19",179,4,3,1,0,3,0,0,1,-0.939641437061175
"587",19,"undammed","LT",2019,141.52827,42.5150010694497,0,8,"198",0,21123.7766609341,0.322147243978121,17930.7153037079,0,"2019.LT.19",179,4,4,1,0,4,0,0,1,-0.939641437061175
"588",21,"dammed","LT",2019,138.36467,72.1866504684178,2.26322074882701,5,"195",5931.22056578141,26786.1900582706,0.255561854183204,29376.4287366755,7.80420947871383,"2019.LT.21",199,4,1,1,1,1,8.68815388493027,1,1,1.54033070883981
"589",21,"dammed","LT",2019,138.36467,72.1866504684178,2.26322074882701,6,"196",4784.05702789601,28424.7538777071,0.259560201169523,29376.4287366755,7.80420947871383,"2019.LT.21",199,4,2,1,1,2,8.47325322187163,1,1,1.54033070883981
"590",21,"dammed","LT",2019,138.36467,72.1866504684178,2.26322074882701,7,"197",3283.77635275009,27512.8902389227,0.262342537215072,29376.4287366755,7.80420947871383,"2019.LT.21",199,4,3,1,1,3,8.09705384724646,1,1,1.54033070883981
"591",21,"dammed","LT",2019,138.36467,72.1866504684178,2.26322074882701,8,"198",6357.93291483931,35253.539145077,0.363293570629849,29376.4287366755,7.80420947871383,"2019.LT.21",199,4,4,1,1,4,8.75761586157177,1,1,1.54033070883981
"592",21,"undammed","LT",2019,140.53885,45.6713590258839,0,5,"195",0,26955.0551542095,0.316848992127986,14469.0535865673,0,"2019.LT.21",199,4,1,1,0,1,0,0,1,-0.939641437061175
"593",21,"undammed","LT",2019,140.53885,45.6713590258839,0,6,"196",0,27409.669018435,0.324141988397281,14469.0535865673,0,"2019.LT.21",199,4,2,1,0,2,0,0,1,-0.939641437061175
"594",21,"undammed","LT",2019,140.53885,45.6713590258839,0,7,"197",0,26433.737838805,0.327407656883685,14469.0535865673,0,"2019.LT.21",199,4,3,1,0,3,0,0,1,-0.939641437061175
"595",21,"undammed","LT",2019,140.53885,45.6713590258839,0,8,"198",13.6670372638048,33061.7804320691,0.363560403216763,14469.0535865673,0,"2019.LT.21",199,4,4,1,0,4,2.68560261291761,1,1,-0.939641437061175
"596",22,"dammed","LT",2019,137.0473,51.1443434769303,2.25345338563251,5,"195",3336.15938566011,23843.2068908093,0.335610022634412,13582.8771982933,5.24058926891281,"2019.LT.22",210,4,1,1,1,1,8.11287524076931,1,1,0.725679752799209
"597",22,"dammed","LT",2019,137.0473,51.1443434769303,2.25345338563251,6,"196",3717.75157606111,22230.6631188486,0.323755643287229,13582.8771982933,5.24058926891281,"2019.LT.22",210,4,2,1,1,2,8.2211432931086,1,1,0.725679752799209
"598",22,"dammed","LT",2019,137.0473,51.1443434769303,2.25345338563251,7,"197",2765.90409830926,19250.0646944532,0.324119515412264,13582.8771982933,5.24058926891281,"2019.LT.22",210,4,3,1,1,3,7.92548432010037,1,1,0.725679752799209
"599",22,"dammed","LT",2019,137.0473,51.1443434769303,2.25345338563251,8,"198",7597.90120968468,26029.9513674269,0.336434269156357,13582.8771982933,5.24058926891281,"2019.LT.22",210,4,4,1,1,4,8.93575893814899,1,1,0.725679752799209
"600",22,"undammed","LT",2019,135.88556,33.9048899519849,0,5,"195",329.792386615744,25668.7052067177,0.308718622705779,9131.35371756461,0,"2019.LT.22",210,4,1,1,0,1,5.80149094781741,1,1,-0.939641437061175
"601",22,"undammed","LT",2019,135.88556,33.9048899519849,0,6,"196",247.047955965762,24790.4345296523,0.306600644680547,9131.35371756461,0,"2019.LT.22",210,4,2,1,0,2,5.51362209830094,1,1,-0.939641437061175
"602",22,"undammed","LT",2019,135.88556,33.9048899519849,0,7,"197",158.65736947831,22426.4129330803,0.295436494442733,9131.35371756461,0,"2019.LT.22",210,4,3,1,0,3,5.07303007831035,1,1,-0.939641437061175
"603",22,"undammed","LT",2019,135.88556,33.9048899519849,0,8,"198",1881.68283569439,27655.5772089341,0.30104314972753,9131.35371756461,0,"2019.LT.22",210,4,4,1,0,4,7.54045307883267,1,1,-0.939641437061175
"604",23,"dammed","LT",2019,116.7846,62.3400581961009,1.11630475384684,5,"195",165.876265656013,22601.1706019383,0.257079687267286,6701.04214597167,4.46521901538736,"2019.LT.23",217,4,1,1,1,1,5.11725261358126,1,1,0.479287515795825
"605",23,"dammed","LT",2019,116.7846,62.3400581961009,1.11630475384684,6,"196",0,21663.2539405374,0.274625404290588,6701.04214597167,4.46521901538736,"2019.LT.23",217,4,2,1,1,2,0,0,1,0.479287515795825
"606",23,"dammed","LT",2019,116.7846,62.3400581961009,1.11630475384684,7,"197",0,19326.2038400388,0.275927229622308,6701.04214597167,4.46521901538736,"2019.LT.23",217,4,3,1,1,3,0,0,1,0.479287515795825
"607",23,"dammed","LT",2019,116.7846,62.3400581961009,1.11630475384684,8,"198",693.964286017418,23038.7277487063,0.259873482186438,6701.04214597167,4.46521901538736,"2019.LT.23",217,4,4,1,1,4,6.54386045721914,1,1,0.479287515795825
"608",23,"undammed","LT",2019,118.13667,38.8179415096032,0,5,"195",0,24595.3538131415,0.290295523788304,7017.01404306316,0,"2019.LT.23",217,4,1,1,0,1,0,0,1,-0.939641437061175
"609",23,"undammed","LT",2019,118.13667,38.8179415096032,0,6,"196",0,25031.6108332017,0.271801178691756,7017.01404306316,0,"2019.LT.23",217,4,2,1,0,2,0,0,1,-0.939641437061175
"610",23,"undammed","LT",2019,118.13667,38.8179415096032,0,7,"197",0,24896.348691514,0.25501795329558,7017.01404306316,0,"2019.LT.23",217,4,3,1,0,3,0,0,1,-0.939641437061175
"611",23,"undammed","LT",2019,118.13667,38.8179415096032,0,8,"198",0,24704.609993699,0.332723999363775,7017.01404306316,0,"2019.LT.23",217,4,4,1,0,4,0,0,1,-0.939641437061175
"612",1,"dammed","LT",2021,297.73288,38.3953104849416,1.11370926054141,6,"216",545.715743993778,607.893373825971,0.193962330440367,4264.69322697818,4.45483704216564,"2021.LT.1",11,4,6,2,1,6,6.30392900371892,1,1,0.475988398251687
"613",1,"dammed","LT",2021,297.73288,38.3953104849416,1.11370926054141,7,"217",489.143897171348,4292.0619528677,0.193896666177388,4264.69322697818,4.45483704216564,"2021.LT.1",11,4,7,2,1,7,6.19469901568938,1,1,0.475988398251687
"614",1,"dammed","LT",2021,297.73288,38.3953104849416,1.11370926054141,8,"218",0,3630.26063043931,0.206976702999456,4264.69322697818,4.45483704216564,"2021.LT.1",11,4,8,2,1,8,0,0,1,0.475988398251687
"615",1,"undammed","LT",2021,296.7367,36.2185494507701,0,6,"216",203.880027132408,0,NA,3925.18574802577,0,"2021.LT.1",11,4,6,2,0,6,5.32242457432199,1,0,-0.939641437061175
"616",1,"undammed","LT",2021,296.7367,36.2185494507701,0,7,"217",121.938275691107,3472.77565002441,0.187959185289945,3925.18574802577,0,"2021.LT.1",11,4,7,2,0,7,4.81168240576725,1,1,-0.939641437061175
"617",1,"undammed","LT",2021,296.7367,36.2185494507701,0,8,"218",0,4058.32648850983,0.203168914495042,3925.18574802577,0,"2021.LT.1",11,4,8,2,0,8,0,0,1,-0.939641437061175
"618",2,"dammed","LT",2021,287.36838,52.7578633882795,4.46793384042692,6,"216",754.339035715776,21491.0236611759,0.235624988190275,20030.1858723313,7.83848042180161,"2021.LT.2",24,4,6,2,1,6,6.62716670238266,1,1,1.55122111157737
"619",2,"dammed","LT",2021,287.36838,52.7578633882795,4.46793384042692,7,"217",671.813476909142,40297.1379819683,0.242595689318414,20030.1858723313,7.83848042180161,"2021.LT.2",24,4,7,2,1,7,6.51146813953592,1,1,1.55122111157737
"620",2,"dammed","LT",2021,287.36838,52.7578633882795,4.46793384042692,8,"218",168.18185935932,32421.7499097637,0.241639095001693,20030.1858723313,7.83848042180161,"2021.LT.2",24,4,8,2,1,8,5.13097422723586,1,1,1.55122111157737
"621",2,"undammed","LT",2021,289.0554,39.1799097690832,0,6,"216",343.413998261153,8095.85058719411,0.231115678512125,7782.24718575925,0,"2021.LT.2",24,4,6,2,0,6,5.84184441708516,1,1,-0.939641437061175
"622",2,"undammed","LT",2021,289.0554,39.1799097690832,0,7,"217",835.902723737324,15030.7037282308,0.250966154353643,7782.24718575925,0,"2021.LT.2",24,4,7,2,0,7,6.72970784358882,1,1,-0.939641437061175
"623",2,"undammed","LT",2021,289.0554,39.1799097690832,0,8,"218",314.269348290855,12288.359075838,0.257319929009051,7782.24718575925,0,"2021.LT.2",24,4,8,2,0,8,5.7534273473974,1,1,-0.939641437061175
"624",5,"dammed","LT",2021,282.32623,43.9675151826883,2.23491453175264,6,"216",0,19484.6158694099,0.303498892455687,10832.3462299183,7.2094017153311,"2021.LT.5",48,4,6,2,1,6,0,0,1,1.35131647371732
"625",5,"dammed","LT",2021,282.32623,43.9675151826883,2.23491453175264,7,"217",0,22394.1360755771,0.313363681631334,10832.3462299183,7.2094017153311,"2021.LT.5",48,4,7,2,1,7,0,0,1,1.35131647371732
"626",5,"dammed","LT",2021,282.32623,43.9675151826883,2.23491453175264,8,"218",0,18978.702282296,0.310334361816637,10832.3462299183,7.2094017153311,"2021.LT.5",48,4,8,2,1,8,0,0,1,1.35131647371732
"627",5,"undammed","LT",2021,286.16516,47.9811018845351,0,6,"216",0,7996.30972987156,0.208940603088702,9894.75541909039,0,"2021.LT.5",48,4,6,2,0,6,0,0,1,-0.939641437061175
"628",5,"undammed","LT",2021,286.16516,47.9811018845351,0,7,"217",166.839743139931,14130.8242288627,0.217490984713959,9894.75541909039,0,"2021.LT.5",48,4,7,2,0,7,5.12300961426032,1,1,-0.939641437061175
"629",5,"undammed","LT",2021,286.16516,47.9811018845351,0,8,"218",79.741570622547,12352.4988445806,0.199474044428634,9894.75541909039,0,"2021.LT.5",48,4,8,2,0,8,4.39125356807863,1,1,-0.939641437061175
"630",6,"dammed","LT",2021,273.8496,73.9763106654566,5.5960020159179,6,"216",76.3704627069773,13994.8004776899,0.208970735212474,57615.5543678999,8.60923387064292,"2021.LT.6",57,4,6,2,1,6,4.3486050889878,1,1,1.79614624969637
"631",6,"dammed","LT",2021,273.8496,73.9763106654566,5.5960020159179,7,"217",152.046188228271,40926.9866063436,0.242810666012674,57615.5543678999,8.60923387064292,"2021.LT.6",57,4,7,2,1,7,5.03073975967958,1,1,1.79614624969637
"632",6,"dammed","LT",2021,273.8496,73.9763106654566,5.5960020159179,8,"218",0,48319.7749067718,0.266530799273596,57615.5543678999,8.60923387064292,"2021.LT.6",57,4,8,2,1,8,0,0,1,1.79614624969637
"633",6,"undammed","LT",2021,273.8496,47.6709318045982,0,6,"216",0,10163.6722044103,0.235725152802901,14359.2404709049,0,"2021.LT.6",57,4,6,2,0,6,0,0,1,-0.939641437061175
"634",6,"undammed","LT",2021,273.8496,47.6709318045982,0,7,"217",0,13906.6189419017,0.261448257209378,14359.2404709049,0,"2021.LT.6",57,4,7,2,0,7,0,0,1,-0.939641437061175
"635",6,"undammed","LT",2021,273.8496,47.6709318045982,0,8,"218",0,15320.2517929676,0.282206307415284,14359.2404709049,0,"2021.LT.6",57,4,8,2,0,8,0,0,1,-0.939641437061175
"636",7,"dammed","LT",2021,271.32303,46.5867100628639,2.22608490683698,6,"216",0,5032.96907985912,0.201217708592443,10311.5999274962,6.95651533386556,"2021.LT.7",66,4,6,2,1,6,0,0,1,1.27095584477433
"637",7,"dammed","LT",2021,271.32303,46.5867100628639,2.22608490683698,7,"217",248.09239718353,17987.9682867013,0.218666902425548,10311.5999274962,6.95651533386556,"2021.LT.7",66,4,7,2,1,7,5.51782390066036,1,1,1.27095584477433
"638",7,"dammed","LT",2021,271.32303,46.5867100628639,2.22608490683698,8,"218",81.0436209173763,22652.5831064262,0.220553084859544,10311.5999274962,6.95651533386556,"2021.LT.7",66,4,8,2,1,8,4.40725106822944,1,1,1.27095584477433
"639",7,"undammed","LT",2021,271.62802,54.2108663091622,0,6,"216",0,9007.0321458106,0.208130699379438,9925.79174399748,0,"2021.LT.7",66,4,6,2,0,6,0,0,1,-0.939641437061175
"640",7,"undammed","LT",2021,271.62802,54.2108663091622,0,7,"217",166.005980219561,16811.8057318295,0.232632414107045,9925.79174399748,0,"2021.LT.7",66,4,7,2,0,7,5.11802962147357,1,1,-0.939641437061175
"641",7,"undammed","LT",2021,271.62802,54.2108663091622,0,8,"218",160.240941982176,14152.6153494442,0.243545180273481,9925.79174399748,0,"2021.LT.7",66,4,8,2,0,8,5.08289978034413,1,1,-0.939641437061175
"642",8,"dammed","LT",2021,270.65546,45.7916153163924,1.14164344573895,6,"216",0,8872.00534590179,0.209942450535487,8399.17387446016,4.5665737829558,"2021.LT.8",76,4,6,2,1,6,0,0,1,0.511495390419076
"643",8,"dammed","LT",2021,270.65546,45.7916153163924,1.14164344573895,7,"217",0,17265.8755431531,0.235434702025052,8399.17387446016,4.5665737829558,"2021.LT.8",76,4,7,2,1,7,0,0,1,0.511495390419076
"644",8,"dammed","LT",2021,270.65546,45.7916153163924,1.14164344573895,8,"218",0,15773.0759803024,0.241838836283376,8399.17387446016,4.5665737829558,"2021.LT.8",76,4,8,2,1,8,0,0,1,0.511495390419076
"645",8,"undammed","LT",2021,269.98218,51.1636404648015,0,6,"216",0,6428.65873218611,0.209711772179343,7573.72895123437,0,"2021.LT.8",76,4,6,2,0,6,0,0,1,-0.939641437061175
"646",8,"undammed","LT",2021,269.98218,51.1636404648015,0,7,"217",147.255982851047,18071.7337143842,0.237905236716158,7573.72895123437,0,"2021.LT.8",76,4,7,2,0,7,4.99894039356301,1,1,-0.939641437061175
"647",8,"undammed","LT",2021,269.98218,51.1636404648015,0,8,"218",0,12170.6015812593,0.229301783048424,7573.72895123437,0,"2021.LT.8",76,4,8,2,0,8,0,0,1,-0.939641437061175
"648",13,"dammed","LT",2021,266.5301,42.0473103121041,1.11259660400004,6,"216",0,5310.20711852429,0.214082347087263,5985.51204022951,4.45038641600016,"2021.LT.13",124,4,6,2,1,6,0,0,1,0.474574106522036
"649",13,"dammed","LT",2021,266.5301,42.0473103121041,1.11259660400004,7,"217",0,11511.2969261917,0.259272122639712,5985.51204022951,4.45038641600016,"2021.LT.13",124,4,7,2,1,7,0,0,1,0.474574106522036
"650",13,"dammed","LT",2021,266.5301,42.0473103121041,1.11259660400004,8,"218",0,10836.5597881242,0.264334637377704,5985.51204022951,4.45038641600016,"2021.LT.13",124,4,8,2,1,8,0,0,1,0.474574106522036
"651",13,"undammed","LT",2021,178.1908,36.3715721416518,0,6,"216",0,2619.2911032284,0.19596249708641,4190.27247528639,0,"2021.LT.13",124,4,6,2,0,6,0,0,1,-0.939641437061175
"652",13,"undammed","LT",2021,178.1908,36.3715721416518,0,7,"217",0,7717.14637217802,0.207006655605655,4190.27247528639,0,"2021.LT.13",124,4,7,2,0,7,0,0,1,-0.939641437061175
"653",13,"undammed","LT",2021,178.1908,36.3715721416518,0,8,"218",0,1976.21855678184,0.216124946186473,4190.27247528639,0,"2021.LT.13",124,4,8,2,0,8,0,0,1,-0.939641437061175
"654",17,"dammed","LT",2021,176.26381,32.5925206235238,1.12097027629296,6,"216",0,530.420389960794,0.210030925803534,2306.07823810913,4.48388110517184,"2021.LT.17",161,4,6,2,1,6,0,0,1,0.485217836217906
"655",17,"dammed","LT",2021,176.26381,32.5925206235238,1.12097027629296,7,"217",0,1811.30439542883,0.200237119337024,2306.07823810913,4.48388110517184,"2021.LT.17",161,4,7,2,1,7,0,0,1,0.485217836217906
"656",17,"dammed","LT",2021,176.26381,32.5925206235238,1.12097027629296,8,"218",0,66.958854675293,0.190384328365326,2306.07823810913,4.48388110517184,"2021.LT.17",161,4,8,2,1,8,0,0,1,0.485217836217906
"657",17,"undammed","LT",2021,178.1908,35.7929964453264,0,6,"216",0,1010.17317166796,0.198253756983498,4479.72395545524,0,"2021.LT.17",161,4,6,2,0,6,0,0,1,-0.939641437061175
"658",17,"undammed","LT",2021,178.1908,35.7929964453264,0,7,"217",0,6404.75928886264,0.202842612756785,4479.72395545524,0,"2021.LT.17",161,4,7,2,0,7,0,0,1,-0.939641437061175
"659",17,"undammed","LT",2021,178.1908,35.7929964453264,0,8,"218",0,2061.82564269421,0.211260074070566,4479.72395545524,0,"2021.LT.17",161,4,8,2,0,8,0,0,1,-0.939641437061175
"660",18,"dammed","LT",2021,141.60881,41.4115245335433,4.51917808508886,6,"216",0,6977.31653693704,0.200970534658235,19253.8119172892,17.3814541734187,"2021.LT.18",171,4,6,2,1,6,0,0,1,4.58372673019576
"661",18,"dammed","LT",2021,141.60881,41.4115245335433,4.51917808508886,7,"217",0,12652.8134023629,0.210188542982331,19253.8119172892,17.3814541734187,"2021.LT.18",171,4,7,2,1,7,0,0,1,4.58372673019576
"662",18,"dammed","LT",2021,141.60881,41.4115245335433,4.51917808508886,8,"218",0,12919.1777603449,0.229303142485718,19253.8119172892,17.3814541734187,"2021.LT.18",171,4,8,2,1,8,0,0,1,4.58372673019576
"663",18,"undammed","LT",2021,158.94322,43.6811199817654,0,6,"216",0,4800.73330906887,0.204940967932613,13823.0017469721,0,"2021.LT.18",171,4,6,2,0,6,0,0,1,-0.939641437061175
"664",18,"undammed","LT",2021,158.94322,43.6811199817654,0,7,"217",0,2510.67095115512,0.201518056409641,13823.0017469721,0,"2021.LT.18",171,4,7,2,0,7,0,0,1,-0.939641437061175
"665",18,"undammed","LT",2021,158.94322,43.6811199817654,0,8,"218",0,1169.19964342304,0.210493947931743,13823.0017469721,0,"2021.LT.18",171,4,8,2,0,8,0,0,1,-0.939641437061175
"666",23,"dammed","LT",2021,118.49909,35.6402054615609,2.22516521538087,6,"216",0,4191.33008635278,0.1928960306693,8242.48893503193,5.17480282646714,"2021.LT.23",218,4,6,2,1,6,0,0,1,0.704774554740625
"667",23,"dammed","LT",2021,118.49909,35.6402054615609,2.22516521538087,7,"217",0,5399.5049613803,0.197983955452751,8242.48893503193,5.17480282646714,"2021.LT.23",218,4,7,2,1,7,0,0,1,0.704774554740625
"668",23,"dammed","LT",2021,118.49909,35.6402054615609,2.22516521538087,8,"218",0,8346.39743233475,0.202461446651374,8242.48893503193,5.17480282646714,"2021.LT.23",218,4,8,2,1,8,0,0,1,0.704774554740625
"669",23,"undammed","LT",2021,140.53885,46.3341579859103,0,6,"216",0,22914.2962460686,0.219987388645299,21419.6807207912,0,"2021.LT.23",218,4,6,2,0,6,0,0,1,-0.939641437061175
"670",23,"undammed","LT",2021,140.53885,46.3341579859103,0,7,"217",0,33490.2789346433,0.24615951933176,21419.6807207912,0,"2021.LT.23",218,4,7,2,0,7,0,0,1,-0.939641437061175
"671",23,"undammed","LT",2021,140.53885,46.3341579859103,0,8,"218",0,30758.4114786185,0.259280034214852,21419.6807207912,0,"2021.LT.23",218,4,8,2,0,8,0,0,1,-0.939641437061175
"672",1,"dammed","LT",2023,298.8329,33.3972399591355,1.13891719233869,5,"235",0,3925.21509076287,0.280169177630566,3662.83371050656,4.55566876935476,"2023.LT.1",12,4,9,3,1,9,0,0,1,0.508030064423533
"673",1,"dammed","LT",2023,298.8329,33.3972399591355,1.13891719233869,6,"236",0,5662.2186550664,0.312531721327472,3662.83371050656,4.55566876935476,"2023.LT.1",12,4,10,3,1,10,0,0,1,0.508030064423533
"674",1,"dammed","LT",2023,298.8329,33.3972399591355,1.13891719233869,7,"237",0,2904.99752655029,0.269802916050214,3662.83371050656,4.55566876935476,"2023.LT.1",12,4,11,3,1,11,0,0,1,0.508030064423533
"675",1,"dammed","LT",2023,298.8329,33.3972399591355,1.13891719233869,8,"238",4.90391326441484,276.354290771484,0.205190560366295,3662.83371050656,4.55566876935476,"2023.LT.1",12,4,12,3,1,12,1.77561539620361,1,1,0.508030064423533
"676",1,"undammed","LT",2023,298.13028,33.7879867864913,0,5,"235",0,5722.85840023265,0.281439738049997,3350.85931792855,0,"2023.LT.1",12,4,9,3,0,9,0,0,1,-0.939641437061175
"677",1,"undammed","LT",2023,298.13028,33.7879867864913,0,6,"236",0,5098.3803945504,0.284189903242227,3350.85931792855,0,"2023.LT.1",12,4,10,3,0,10,0,0,1,-0.939641437061175
"678",1,"undammed","LT",2023,298.13028,33.7879867864913,0,7,"237",0,3340.90052316703,0.253909804374172,3350.85931792855,0,"2023.LT.1",12,4,11,3,0,11,0,0,1,-0.939641437061175
"679",1,"undammed","LT",2023,298.13028,33.7879867864913,0,8,"238",84.0880738711824,801.965969609279,0.20880390290507,3350.85931792855,0,"2023.LT.1",12,4,12,3,0,12,4.44368688323415,1,1,-0.939641437061175
"680",3,"dammed","LT",2023,295.35443,41.7838917813879,2.28788991093835,5,"235",618.788432942652,1939.25468346091,0.235932493672491,6575.6694509536,7.380290035285,"2023.LT.3",31,4,9,3,1,9,6.42937818261521,1,1,1.40562027920862
"681",3,"dammed","LT",2023,295.35443,41.7838917813879,2.28788991093835,6,"236",327.762725485774,2173.24869124469,0.242167778578485,6575.6694509536,7.380290035285,"2023.LT.3",31,4,10,3,1,10,5.79533629144479,1,1,1.40562027920862
"682",3,"dammed","LT",2023,295.35443,41.7838917813879,2.28788991093835,7,"237",83.1074171596882,702.245167810777,0.224112125344118,6575.6694509536,7.380290035285,"2023.LT.3",31,4,11,3,1,11,4.43209475761661,1,1,1.40562027920862
"683",3,"dammed","LT",2023,295.35443,41.7838917813879,2.28788991093835,8,"238",146.180221053198,267.38354474236,0.150291747832671,6575.6694509536,7.380290035285,"2023.LT.3",31,4,12,3,1,12,4.99165782942149,1,1,1.40562027920862
"684",3,"undammed","LT",2023,295.89005,39.5046997507787,0,5,"235",2185.90555785193,1195.50054408055,0.24959752260604,5430.54002778232,0,"2023.LT.3",31,4,9,3,0,9,7.69024283632044,1,1,-0.939641437061175
"685",3,"undammed","LT",2023,295.89005,39.5046997507787,0,6,"236",1105.57664262477,2645.7808369356,0.250321455057787,5430.54002778232,0,"2023.LT.3",31,4,10,3,0,10,7.00902642290777,1,1,-0.939641437061175
"686",3,"undammed","LT",2023,295.89005,39.5046997507787,0,7,"237",753.692014403904,1007.24548656987,0.222155625348075,5430.54002778232,0,"2023.LT.3",31,4,11,3,0,11,6.62630973808194,1,1,-0.939641437061175
"687",3,"undammed","LT",2023,295.89005,39.5046997507787,0,8,"238",384.073667535361,190.616110558603,0.191162281262576,5430.54002778232,0,"2023.LT.3",31,4,12,3,0,12,5.9534346602315,1,1,-0.939641437061175
"688",4,"dammed","LT",2023,293.12018,39.6579245193972,2.28690724998096,5,"235",183.443532373391,1901.81400765812,0.231328902340776,5876.14430649579,8.79579711531138,"2023.LT.4",39,4,9,3,1,9,5.2173433590386,1,1,1.85543113325679
"689",4,"dammed","LT",2023,293.12018,39.6579245193972,2.28690724998096,6,"236",517.078444330599,2555.91741671095,0.243317852099943,5876.14430649579,8.79579711531138,"2023.LT.4",39,4,10,3,1,10,6.25012666772573,1,1,1.85543113325679
"690",4,"dammed","LT",2023,293.12018,39.6579245193972,2.28690724998096,7,"237",0,1133.88656275132,0.21201410099509,5876.14430649579,8.79579711531138,"2023.LT.4",39,4,11,3,1,11,0,0,1,1.85543113325679
"691",4,"dammed","LT",2023,293.12018,39.6579245193972,2.28690724998096,8,"238",489.226102986757,480.84315478755,0.192554236096344,5876.14430649579,8.79579711531138,"2023.LT.4",39,4,12,3,1,12,6.19486671934329,1,1,1.85543113325679
"692",4,"undammed","LT",2023,293.06262,37.9397812982754,0,5,"235",0,2284.03072249469,0.222138590370776,4677.99520350248,0,"2023.LT.4",39,4,9,3,0,9,0,0,1,-0.939641437061175
"693",4,"undammed","LT",2023,293.06262,37.9397812982754,0,6,"236",702.969546022836,1948.58171386719,0.225316855194867,4677.99520350248,0,"2023.LT.4",39,4,10,3,0,10,6.55673509673208,1,1,-0.939641437061175
"694",4,"undammed","LT",2023,293.06262,37.9397812982754,0,7,"237",0,667.495588145537,0.215619692262077,4677.99520350248,0,"2023.LT.4",39,4,11,3,0,11,0,0,1,-0.939641437061175
"695",4,"undammed","LT",2023,293.06262,37.9397812982754,0,8,"238",175.583826044494,601.76822237501,0.176621344415008,4677.99520350248,0,"2023.LT.4",39,4,12,3,0,12,5.17379569872366,1,1,-0.939641437061175
"696",7,"dammed","LT",2023,290.70767,34.9509759838066,1.18181408101317,5,"235",0,3904.5889169132,0.243664470758503,4499.37355969101,4.72725632405268,"2023.LT.7",67,4,9,3,1,9,0,0,1,0.562556068292951
"697",7,"dammed","LT",2023,290.70767,34.9509759838066,1.18181408101317,6,"236",0,3497.41149983126,0.24391705485903,4499.37355969101,4.72725632405268,"2023.LT.7",67,4,10,3,1,10,0,0,1,0.562556068292951
"698",7,"dammed","LT",2023,290.70767,34.9509759838066,1.18181408101317,7,"237",0,1759.09101296219,0.206976559460733,4499.37355969101,4.72725632405268,"2023.LT.7",67,4,11,3,1,11,0,0,1,0.562556068292951
"699",7,"dammed","LT",2023,290.70767,34.9509759838066,1.18181408101317,8,"238",0,2694.61878703996,0.211497224021152,4499.37355969101,4.72725632405268,"2023.LT.7",67,4,12,3,1,12,0,0,1,0.562556068292951
"700",7,"undammed","LT",2023,290.4774,38.9984768993499,0,5,"235",0,966.517566665949,0.215475594955817,6545.2052019909,0,"2023.LT.7",67,4,9,3,0,9,0,0,1,-0.939641437061175
"701",7,"undammed","LT",2023,290.4774,38.9984768993499,0,6,"236",447.232876263646,604.039610320447,0.220092915683305,6545.2052019909,0,"2023.LT.7",67,4,10,3,0,10,6.10531291044746,1,1,-0.939641437061175
"702",7,"undammed","LT",2023,290.4774,38.9984768993499,0,7,"237",0,202.926020872827,0.228014047662289,6545.2052019909,0,"2023.LT.7",67,4,11,3,0,11,0,0,1,-0.939641437061175
"703",7,"undammed","LT",2023,290.4774,38.9984768993499,0,8,"238",0,189.520385802026,0.251434002896566,6545.2052019909,0,"2023.LT.7",67,4,12,3,0,12,0,0,1,-0.939641437061175
"704",8,"dammed","LT",2023,287.36838,49.3731978046854,4.65082041872181,5,"235",0,14485.5076454013,0.247291083043925,16329.1431320235,9.30164083744362,"2023.LT.8",77,4,9,3,1,9,0,0,1,2.01617494010724
"705",8,"dammed","LT",2023,287.36838,49.3731978046854,4.65082041872181,6,"236",83.0880954029513,9331.33033058316,0.22269664381435,16329.1431320235,9.30164083744362,"2023.LT.8",77,4,10,3,1,10,4.43186500408124,1,1,2.01617494010724
"706",8,"dammed","LT",2023,287.36838,49.3731978046854,4.65082041872181,7,"237",0,4407.15264590394,0.213927587780016,16329.1431320235,9.30164083744362,"2023.LT.8",77,4,11,3,1,11,0,0,1,2.01617494010724
"707",8,"dammed","LT",2023,287.36838,49.3731978046854,4.65082041872181,8,"238",83.0880954029513,6823.77398391424,0.200146046381294,16329.1431320235,9.30164083744362,"2023.LT.8",77,4,12,3,1,12,4.43186500408124,1,1,2.01617494010724
"708",8,"undammed","LT",2023,289.0554,36.4172664073374,0,5,"235",0,5333.53456714107,0.231224288388403,7415.52479018271,0,"2023.LT.8",77,4,9,3,0,9,0,0,1,-0.939641437061175
"709",8,"undammed","LT",2023,289.0554,36.4172664073374,0,6,"236",0,5205.00491353951,0.208809311855429,7415.52479018271,0,"2023.LT.8",77,4,10,3,0,10,0,0,1,-0.939641437061175
"710",8,"undammed","LT",2023,289.0554,36.4172664073374,0,7,"237",0,1878.86931403665,0.186596261367895,7415.52479018271,0,"2023.LT.8",77,4,11,3,0,11,0,0,1,-0.939641437061175
"711",8,"undammed","LT",2023,289.0554,36.4172664073374,0,8,"238",0,3393.95223675896,0.192733070581168,7415.52479018271,0,"2023.LT.8",77,4,12,3,0,12,0,0,1,-0.939641437061175
"712",9,"dammed","LT",2023,285.51465,49.6170468602408,7.99889491895321,5,"235",1829.83129938771,23528.6266370586,0.336141202818726,24907.7111117318,10.8093174580449,"2023.LT.9",86,4,9,3,1,9,7.51252540465024,1,1,2.49527484565379
"713",9,"dammed","LT",2023,285.51465,49.6170468602408,7.99889491895321,6,"236",1140.2761927205,20498.3678112853,0.293842746111409,24907.7111117318,10.8093174580449,"2023.LT.9",86,4,10,3,1,10,7.03990238255096,1,1,2.49527484565379
"714",9,"dammed","LT",2023,285.51465,49.6170468602408,7.99889491895321,7,"237",1642.28282287425,14197.9290350222,0.255960574027379,24907.7111117318,10.8093174580449,"2023.LT.9",86,4,11,3,1,11,7.40445124130857,1,1,2.49527484565379
"715",9,"dammed","LT",2023,285.51465,49.6170468602408,7.99889491895321,8,"238",1081.69932102923,15387.7046644024,0.248602252678105,24907.7111117318,10.8093174580449,"2023.LT.9",86,4,12,3,1,12,6.98721257320779,1,1,2.49527484565379
"716",9,"undammed","LT",2023,285.94064,58.0526934790451,0,5,"235",0,6155.00556455126,0.234838439086709,9987.6119023636,0,"2023.LT.9",86,4,9,3,0,9,0,0,1,-0.939641437061175
"717",9,"undammed","LT",2023,285.94064,58.0526934790451,0,6,"236",412.775923009012,5371.27035666073,0.236423674304491,9987.6119023636,0,"2023.LT.9",86,4,10,3,0,10,6.02532457852682,1,1,-0.939641437061175
"718",9,"undammed","LT",2023,285.94064,58.0526934790451,0,7,"237",157.491043113961,3529.41807176179,0.212272393028494,9987.6119023636,0,"2023.LT.9",86,4,11,3,0,11,5.06569808139855,1,1,-0.939641437061175
"719",9,"undammed","LT",2023,285.94064,58.0526934790451,0,8,"238",526.508289472262,2374.05627740598,0.190518343785603,9987.6119023636,0,"2023.LT.9",86,4,12,3,0,12,6.26816457986611,1,1,-0.939641437061175
"720",10,"dammed","LT",2023,272.44522,76.786126134794,3.42839963605366,5,"235",49.3042113177917,27189.0608895994,0.322522587681405,34785.498828236,8.79076829757349,"2023.LT.10",94,4,9,3,1,9,3.9180887976128,1,1,1.8538331074797
"721",10,"dammed","LT",2023,272.44522,76.786126134794,3.42839963605366,6,"236",0,26541.9054963953,0.30471907346968,34785.498828236,8.79076829757349,"2023.LT.10",94,4,10,3,1,10,0,0,1,1.8538331074797
"722",10,"dammed","LT",2023,272.44522,76.786126134794,3.42839963605366,7,"237",486.97946847911,18817.9443325566,0.264550272394652,34785.498828236,8.79076829757349,"2023.LT.10",94,4,11,3,1,11,6.19027333217935,1,1,1.8538331074797
"723",10,"dammed","LT",2023,272.44522,76.786126134794,3.42839963605366,8,"238",0,19281.6970729454,0.247259203459028,34785.498828236,8.79076829757349,"2023.LT.10",94,4,12,3,1,12,0,0,1,1.8538331074797
"724",10,"undammed","LT",2023,273.8496,50.0060540013384,0,5,"235",0,15250.9235984653,0.309094368674233,14331.7873766609,0,"2023.LT.10",94,4,9,3,0,9,0,0,1,-0.939641437061175
"725",10,"undammed","LT",2023,273.8496,50.0060540013384,0,6,"236",0,16055.1782996084,0.27127736357767,14331.7873766609,0,"2023.LT.10",94,4,10,3,0,10,0,0,1,-0.939641437061175
"726",10,"undammed","LT",2023,273.8496,50.0060540013384,0,7,"237",0,11123.1596173455,0.243053064348713,14331.7873766609,0,"2023.LT.10",94,4,11,3,0,11,0,0,1,-0.939641437061175
"727",10,"undammed","LT",2023,273.8496,50.0060540013384,0,8,"238",0,11178.607678462,0.240788181519227,14331.7873766609,0,"2023.LT.10",94,4,12,3,0,12,0,0,1,-0.939641437061175
"728",11,"dammed","LT",2023,270.65546,45.06538702462,2.33306025401369,5,"235",0,23597.9963921341,0.337318565327416,13703.1025102027,5.69039086344802,"2023.LT.11",103,4,9,3,1,9,0,0,1,0.868614848105366
"729",11,"dammed","LT",2023,270.65546,45.06538702462,2.33306025401369,6,"236",0,22676.3600074319,0.325568843652323,13703.1025102027,5.69039086344802,"2023.LT.11",103,4,10,3,1,10,0,0,1,0.868614848105366
"730",11,"dammed","LT",2023,270.65546,45.06538702462,2.33306025401369,7,"237",0,17192.2209938797,0.284385384508645,13703.1025102027,5.69039086344802,"2023.LT.11",103,4,11,3,1,11,0,0,1,0.868614848105366
"731",11,"dammed","LT",2023,270.65546,45.06538702462,2.33306025401369,8,"238",0,16927.940145874,0.261089488188146,13703.1025102027,5.69039086344802,"2023.LT.11",103,4,12,3,1,12,0,0,1,0.868614848105366
"732",11,"undammed","LT",2023,271.32303,45.9725514177914,0,5,"235",0,14242.1930893842,0.278852846164041,7702.69468501583,0,"2023.LT.11",103,4,9,3,0,9,0,0,1,-0.939641437061175
"733",11,"undammed","LT",2023,271.32303,45.9725514177914,0,6,"236",0,13926.3799454035,0.280668079020032,7702.69468501583,0,"2023.LT.11",103,4,10,3,0,10,0,0,1,-0.939641437061175
"734",11,"undammed","LT",2023,271.32303,45.9725514177914,0,7,"237",237.248843743053,7790.40690828211,0.247938672634921,7702.69468501583,0,"2023.LT.11",103,4,11,3,0,11,5.47331568939789,1,1,-0.939641437061175
"735",11,"undammed","LT",2023,271.32303,45.9725514177914,0,8,"238",0,7450.44223821303,0.226692091478834,7702.69468501583,0,"2023.LT.11",103,4,12,3,0,12,0,0,1,-0.939641437061175
"736",12,"dammed","LT",2023,270.03973,44.2944488045774,1.15590940812002,5,"235",0,11882.1633448582,0.324651798430956,8367.15234462917,4.62363763248008,"2023.LT.12",114,4,9,3,1,9,0,0,1,0.529628778271374
"737",12,"dammed","LT",2023,270.03973,44.2944488045774,1.15590940812002,6,"236",0,10974.2029898849,0.320608927775939,8367.15234462917,4.62363763248008,"2023.LT.12",114,4,10,3,1,10,0,0,1,0.529628778271374
"738",12,"dammed","LT",2023,270.03973,44.2944488045774,1.15590940812002,7,"237",0,8502.49767441095,0.270250933900148,8367.15234462917,4.62363763248008,"2023.LT.12",114,4,11,3,1,11,0,0,1,0.529628778271374
"739",12,"dammed","LT",2023,270.03973,44.2944488045774,1.15590940812002,8,"238",0,7898.24479582544,0.248354536934558,8367.15234462917,4.62363763248008,"2023.LT.12",114,4,12,3,1,12,0,0,1,0.529628778271374
"740",12,"undammed","LT",2023,269.98218,51.1636404648015,0,5,"235",112.455865069932,13985.9767981137,0.315371322210089,7573.72895123437,0,"2023.LT.12",114,4,9,3,0,9,4.73141390728872,1,1,-0.939641437061175
"741",12,"undammed","LT",2023,269.98218,51.1636404648015,0,6,"236",37.4427002170507,12158.7796170403,0.317460413610344,7573.72895123437,0,"2023.LT.12",114,4,10,3,0,10,3.64916882661554,1,1,-0.939641437061175
"742",12,"undammed","LT",2023,269.98218,51.1636404648015,0,7,"237",295.676184118963,9005.12281859155,0.270416027765321,7573.72895123437,0,"2023.LT.12",114,4,11,3,0,11,5.69264125484336,1,1,-0.939641437061175
"743",12,"undammed","LT",2023,269.98218,51.1636404648015,0,8,"238",3.68857752201604,8322.32543032777,0.248642526209144,7573.72895123437,0,"2023.LT.12",114,4,12,3,0,12,1.54512923624358,1,1,-0.939641437061175
"744",13,"dammed","LT",2023,269.59665,48.018430262323,6.97912770809073,5,"235",0,22884.5964440439,0.364414978525568,15245.8423983753,15.172016756719,"2023.LT.13",125,4,9,3,1,9,0,0,1,3.88162573374356
"745",13,"dammed","LT",2023,269.59665,48.018430262323,6.97912770809073,6,"236",0,20448.55296948,0.370743492046031,15245.8423983753,15.172016756719,"2023.LT.13",125,4,10,3,1,10,0,0,1,3.88162573374356
"746",13,"dammed","LT",2023,269.59665,48.018430262323,6.97912770809073,7,"237",0,16066.6580266317,0.322169722794843,15245.8423983753,15.172016756719,"2023.LT.13",125,4,11,3,1,11,0,0,1,3.88162573374356
"747",13,"dammed","LT",2023,269.59665,48.018430262323,6.97912770809073,8,"238",0,15456.6667812273,0.293134513055611,15245.8423983753,15.172016756719,"2023.LT.13",125,4,12,3,1,12,0,0,1,3.88162573374356
"748",13,"undammed","LT",2023,267.74402,54.1211548079967,0,5,"235",771.175388087946,27712.1779936547,0.315807521546636,14523.5661900584,0,"2023.LT.13",125,4,9,3,0,9,6.64921171086422,1,1,-0.939641437061175
"749",13,"undammed","LT",2023,267.74402,54.1211548079967,0,6,"236",294.922803946102,25875.3425752827,0.30047416053068,14523.5661900584,0,"2023.LT.13",125,4,10,3,0,10,5.6900986228311,1,1,-0.939641437061175
"750",13,"undammed","LT",2023,267.74402,54.1211548079967,0,7,"237",227.630835006284,14855.3847477034,0.275525553580214,14523.5661900584,0,"2023.LT.13",125,4,11,3,0,11,5.43210862855608,1,1,-0.939641437061175
"751",13,"undammed","LT",2023,267.74402,54.1211548079967,0,8,"238",0,14644.4752859677,0.256568852034807,14523.5661900584,0,"2023.LT.13",125,4,12,3,0,12,0,0,1,-0.939641437061175
"752",17,"dammed","LT",2023,255.91283,50.499723284107,6.96157110854996,5,"235",0,30405.1454982683,0.370097064101111,18039.1998164151,10.237604571397,"2023.LT.17",162,4,9,3,1,9,0,0,1,2.31359955385049
"753",17,"dammed","LT",2023,255.91283,50.499723284107,6.96157110854996,6,"236",0,27070.061184842,0.351300323045923,18039.1998164151,10.237604571397,"2023.LT.17",162,4,10,3,1,10,0,0,1,2.31359955385049
"754",17,"dammed","LT",2023,255.91283,50.499723284107,6.96157110854996,7,"237",89.7168838290607,21040.1806429395,0.305784708753237,18039.1998164151,10.237604571397,"2023.LT.17",162,4,11,3,1,11,4.50774349006256,1,1,2.31359955385049
"755",17,"dammed","LT",2023,255.91283,50.499723284107,6.96157110854996,8,"238",0,22528.487293767,0.282327651972165,18039.1998164151,10.237604571397,"2023.LT.17",162,4,12,3,1,12,0,0,1,2.31359955385049
"756",17,"undammed","LT",2023,266.50708,42.1539025865364,1.19264074011903,5,"235",23.9838314009648,23181.963591153,0.360992102087281,13849.3102746867,2.16843770930733,"2023.LT.17",162,4,9,3,1,9,3.2182288716777,1,1,-0.250569067352081
"757",17,"undammed","LT",2023,266.50708,42.1539025865364,1.19264074011903,6,"236",23.9838314009648,22218.3377742094,0.348125985424953,13849.3102746867,2.16843770930733,"2023.LT.17",162,4,10,3,1,10,3.2182288716777,1,1,-0.250569067352081
"758",17,"undammed","LT",2023,266.50708,42.1539025865364,1.19264074011903,7,"237",0,13714.1486610263,0.283745869054401,13849.3102746867,2.16843770930733,"2023.LT.17",162,4,11,3,1,11,0,0,1,-0.250569067352081
"759",17,"undammed","LT",2023,266.50708,42.1539025865364,1.19264074011903,8,"238",0,14574.0372724346,0.244295048055916,13849.3102746867,2.16843770930733,"2023.LT.17",162,4,12,3,1,12,0,0,1,-0.250569067352081
"760",18,"dammed","LT",2023,178.1908,51.3156317618954,1.17127330737437,5,"235",0,9196.5867870256,0.363896559590422,7629.89597756974,4.68509322949748,"2023.LT.18",172,4,9,3,1,9,0,0,1,0.549157747762591
"761",18,"dammed","LT",2023,178.1908,51.3156317618954,1.17127330737437,6,"236",0,9598.63232894598,0.346209326064984,7629.89597756974,4.68509322949748,"2023.LT.18",172,4,10,3,1,10,0,0,1,0.549157747762591
"762",18,"dammed","LT",2023,178.1908,51.3156317618954,1.17127330737437,7,"237",0,7278.27493166456,0.282421645381589,7629.89597756974,4.68509322949748,"2023.LT.18",172,4,11,3,1,11,0,0,1,0.549157747762591
"763",18,"dammed","LT",2023,178.1908,51.3156317618954,1.17127330737437,8,"238",0,6806.1231932397,0.254275075558315,7629.89597756974,4.68509322949748,"2023.LT.18",172,4,12,3,1,12,0,0,1,0.549157747762591
"764",18,"undammed","LT",2023,178.1908,35.4704208213151,0,5,"235",0,5654.24946450626,0.289487899128494,3635.58267686144,0,"2023.LT.18",172,4,9,3,0,9,0,0,1,-0.939641437061175
"765",18,"undammed","LT",2023,178.1908,35.4704208213151,0,6,"236",0,4862.55460246965,0.258049214321462,3635.58267686144,0,"2023.LT.18",172,4,10,3,0,10,0,0,1,-0.939641437061175
"766",18,"undammed","LT",2023,178.1908,35.4704208213151,0,7,"237",0,1904.26772239535,0.219898397873245,3635.58267686144,0,"2023.LT.18",172,4,11,3,0,11,0,0,1,-0.939641437061175
"767",18,"undammed","LT",2023,178.1908,35.4704208213151,0,8,"238",0,494.448809844372,0.184036318911227,3635.58267686144,0,"2023.LT.18",172,4,12,3,0,12,0,0,1,-0.939641437061175
"768",20,"dammed","LT",2023,175.67131,34.4448710794169,1.15151913605691,5,"235",0,4938.85761664895,0.302954343694853,6938.31980334874,4.60607654422764,"2023.LT.20",188,4,9,3,1,9,0,0,1,0.524048327126828
"769",20,"dammed","LT",2023,175.67131,34.4448710794169,1.15151913605691,6,"236",0,4255.66314790015,0.269295056940955,6938.31980334874,4.60607654422764,"2023.LT.20",188,4,10,3,1,10,0,0,1,0.524048327126828
"770",20,"dammed","LT",2023,175.67131,34.4448710794169,1.15151913605691,7,"237",0,2001.80736745199,0.233657882507124,6938.31980334874,4.60607654422764,"2023.LT.20",188,4,11,3,1,11,0,0,1,0.524048327126828
"771",20,"dammed","LT",2023,175.67131,34.4448710794169,1.15151913605691,8,"238",0,1281.06441838882,0.234961652068694,6938.31980334874,4.60607654422764,"2023.LT.20",188,4,12,3,1,12,0,0,1,0.524048327126828
"772",20,"undammed","LT",2023,175.67131,33.7127950808367,0,5,"235",0,4127.38583972407,0.292297712924372,3327.29954431998,0,"2023.LT.20",188,4,9,3,0,9,0,0,1,-0.939641437061175
"773",20,"undammed","LT",2023,175.67131,33.7127950808367,0,6,"236",0,4237.14578986074,0.257423085691638,3327.29954431998,0,"2023.LT.20",188,4,10,3,0,10,0,0,1,-0.939641437061175
"774",20,"undammed","LT",2023,175.67131,33.7127950808367,0,7,"237",0,2142.33298297957,0.219886138060844,3327.29954431998,0,"2023.LT.20",188,4,11,3,0,11,0,0,1,-0.939641437061175
"775",20,"undammed","LT",2023,175.67131,33.7127950808367,0,8,"238",0,1474.34649664187,0.210962272756753,3327.29954431998,0,"2023.LT.20",188,4,12,3,0,12,0,0,1,-0.939641437061175
"776",21,"dammed","LT",2023,159.05826,50.4469990018226,1.15717966231025,5,"235",0,19815.6686448939,0.246857211369055,24642.496362417,4.628718649241,"2023.LT.21",200,4,9,3,1,9,0,0,1,0.531243391522634
"777",21,"dammed","LT",2023,159.05826,50.4469990018226,1.15717966231025,6,"236",4.21492881213917,10237.5339860505,0.218852821995543,24642.496362417,4.628718649241,"2023.LT.21",200,4,10,3,1,10,1.65152543776305,1,1,0.531243391522634
"778",21,"dammed","LT",2023,159.05826,50.4469990018226,1.15717966231025,7,"237",84.5604054965225,738.458941560633,0.21129004887168,24642.496362417,4.628718649241,"2023.LT.21",200,4,11,3,1,11,4.44922262352652,1,1,0.531243391522634
"779",21,"dammed","LT",2023,159.05826,50.4469990018226,1.15717966231025,8,"238",4.21492881213917,267.337275965074,0.180886400628973,24642.496362417,4.628718649241,"2023.LT.21",200,4,12,3,1,12,1.65152543776305,1,1,0.531243391522634
"780",21,"undammed","LT",2023,159.03525,43.4245440692504,0,5,"235",0,11591.7068567613,0.285652006256637,18033.1646048883,0,"2023.LT.21",200,4,9,3,0,9,0,0,1,-0.939641437061175
"781",21,"undammed","LT",2023,159.03525,43.4245440692504,0,6,"236",0,7663.72358739516,0.233282620247667,18033.1646048883,0,"2023.LT.21",200,4,10,3,0,10,0,0,1,-0.939641437061175
"782",21,"undammed","LT",2023,159.03525,43.4245440692504,0,7,"237",0,1801.82304190841,0.204677317656844,18033.1646048883,0,"2023.LT.21",200,4,11,3,0,11,0,0,1,-0.939641437061175
"783",21,"undammed","LT",2023,159.03525,43.4245440692504,0,8,"238",0,1795.25935650994,0.196614988888773,18033.1646048883,0,"2023.LT.21",200,4,12,3,0,12,0,0,1,-0.939641437061175
"784",22,"dammed","LT",2023,140.00385,54.4808557706033,5.98882870650724,5,"235",75.6759656667709,81146.5834751503,0.299016709048411,51550.0587304393,8.67946189348875,"2023.LT.22",211,4,9,3,1,9,4.3395883042056,1,1,1.81846286497872
"785",22,"dammed","LT",2023,140.00385,54.4808557706033,5.98882870650724,6,"236",0,75873.2927263447,0.280230981055686,51550.0587304393,8.67946189348875,"2023.LT.22",211,4,10,3,1,10,0,0,1,1.81846286497872
"786",22,"dammed","LT",2023,140.00385,54.4808557706033,5.98882870650724,7,"237",0,33899.5013330497,0.260440106508525,51550.0587304393,8.67946189348875,"2023.LT.22",211,4,11,3,1,11,0,0,1,1.81846286497872
"787",22,"dammed","LT",2023,140.00385,54.4808557706033,5.98882870650724,8,"238",0,58842.2710639505,0.224419950448321,51550.0587304393,8.67946189348875,"2023.LT.22",211,4,12,3,1,12,0,0,1,1.81846286497872
"788",22,"undammed","LT",2023,140.65965,47.9166698981067,0,5,"235",0,26410.3919979021,0.324424383999171,24200.4277951294,0,"2023.LT.22",211,4,9,3,0,9,0,0,1,-0.939641437061175
"789",22,"undammed","LT",2023,140.65965,47.9166698981067,0,6,"236",0,25583.371066344,0.315683413892324,24200.4277951294,0,"2023.LT.22",211,4,10,3,0,10,0,0,1,-0.939641437061175
"790",22,"undammed","LT",2023,140.65965,47.9166698981067,0,7,"237",0,16358.9269875022,0.273317834813409,24200.4277951294,0,"2023.LT.22",211,4,11,3,0,11,0,0,1,-0.939641437061175
"791",22,"undammed","LT",2023,140.65965,47.9166698981067,0,8,"238",0,21514.0643969368,0.235385942952404,24200.4277951294,0,"2023.LT.22",211,4,12,3,0,12,0,0,1,-0.939641437061175
"792",1,"dammed","BRZ",2019,288.19574,50.2425755144097,1.17338716783622,5,"195",2802.48058530373,17453.5331322763,0.669920282544897,4934.08057852229,4.69354867134488,"2019.BRZ.1",1,1,1,1,1,1,7.93861699037611,1,1,0.551844664396496
"793",1,"dammed","BRZ",2019,288.19574,50.2425755144097,1.17338716783622,6,"196",3346.60737296764,16894.5989748487,0.657567665789938,4934.08057852229,4.69354867134488,"2019.BRZ.1",1,1,2,1,1,2,8.11600115262004,1,1,0.551844664396496
"794",1,"dammed","BRZ",2019,288.19574,50.2425755144097,1.17338716783622,7,"197",2946.17498924592,17418.4871446497,0.642195620753788,4934.08057852229,4.69354867134488,"2019.BRZ.1",1,1,3,1,1,3,7.98860235974849,1,1,0.551844664396496
"795",1,"dammed","BRZ",2019,288.19574,50.2425755144097,1.17338716783622,8,"198",4757.87457014416,13305.0201533299,0.614348661078748,4934.08057852229,4.69354867134488,"2019.BRZ.1",1,1,4,1,1,4,8.46776648442668,1,1,0.551844664396496
"796",1,"undammed","BRZ",2019,288.17282,38.8038209769466,1.12708796590502,5,"195",0,21152.7416504205,0.438974835078584,5985.93254742399,4.50835186362008,"2019.BRZ.1",1,1,1,1,1,1,0,0,1,0.492993998493692
"797",1,"undammed","BRZ",2019,288.17282,38.8038209769466,1.12708796590502,6,"196",0,21288.2495464549,0.439016337626047,5985.93254742399,4.50835186362008,"2019.BRZ.1",1,1,2,1,1,2,0,0,1,0.492993998493692
"798",1,"undammed","BRZ",2019,288.17282,38.8038209769466,1.12708796590502,7,"197",0,21288.2495464549,0.457612816578382,5985.93254742399,4.50835186362008,"2019.BRZ.1",1,1,3,1,1,3,0,0,1,0.492993998493692
"799",1,"undammed","BRZ",2019,288.17282,38.8038209769466,1.12708796590502,8,"198",425.924973328441,21021.6867836747,0.48920105370545,5985.93254742399,4.50835186362008,"2019.BRZ.1",1,1,4,1,1,4,6.05660829129966,1,1,0.492993998493692
"800",3,"dammed","BRZ",2019,288.19574,43.6555662544137,3.5217874629519,5,"195",161.024557829604,27789.8584246168,0.610103498120143,6470.4373159688,10.0622498941483,"2019.BRZ.3",28,1,1,1,1,1,5.08774791528431,1,1,2.25787645769112
"801",3,"dammed","BRZ",2019,288.19574,43.6555662544137,3.5217874629519,6,"196",331.525024734525,28189.5263688031,0.631589811371786,6470.4373159688,10.0622498941483,"2019.BRZ.3",28,1,2,1,1,2,5.80671511962331,1,1,2.25787645769112
"802",3,"dammed","BRZ",2019,288.19574,43.6555662544137,3.5217874629519,7,"197",164.723263677195,27814.4427658679,0.61639378369105,6470.4373159688,10.0622498941483,"2019.BRZ.3",28,1,3,1,1,3,5.11031931093994,1,1,2.25787645769112
"803",3,"dammed","BRZ",2019,288.19574,43.6555662544137,3.5217874629519,8,"198",4627.06278727218,21104.0242914836,0.627088968166145,6470.4373159688,10.0622498941483,"2019.BRZ.3",28,1,4,1,1,4,8.43989365504785,1,1,2.25787645769112
"804",3,"undammed","BRZ",2019,231.1337,34.1237329752604,0,5,"195",0,36252.8943521836,0.392759674066216,29294.9488676414,0,"2019.BRZ.3",28,1,1,1,0,1,0,0,1,-0.939641437061175
"805",3,"undammed","BRZ",2019,231.1337,34.1237329752604,0,6,"196",0,37388.3365225698,0.41161816739689,29294.9488676414,0,"2019.BRZ.3",28,1,2,1,0,2,0,0,1,-0.939641437061175
"806",3,"undammed","BRZ",2019,231.1337,34.1237329752604,0,7,"197",0,37521.5056266336,0.445203289296598,29294.9488676414,0,"2019.BRZ.3",28,1,3,1,0,3,0,0,1,-0.939641437061175
"807",3,"undammed","BRZ",2019,231.1337,34.1237329752604,0,8,"198",157.554583050457,37515.7545757518,0.47205820189714,29294.9488676414,0,"2019.BRZ.3",28,1,4,1,0,4,5.0660989065928,1,1,-0.939641437061175
"808",9,"dammed","BRZ",2019,217.81577,36.2792295841673,1.3356364099191,5,"195",1048.34054523519,10114.6533209408,0.380847465351458,17737.0364759937,5.3425456396764,"2019.BRZ.9",82,1,1,1,1,1,6.95591719368723,1,1,0.75807880106675
"809",9,"dammed","BRZ",2019,217.81577,36.2792295841673,1.3356364099191,6,"196",501.665443487728,14043.746691715,0.365916222473959,17737.0364759937,5.3425456396764,"2019.BRZ.9",82,1,2,1,1,2,6.21992482651698,1,1,0.75807880106675
"810",9,"dammed","BRZ",2019,217.81577,36.2792295841673,1.3356364099191,7,"197",68.6546337962151,24855.1936496809,0.388597852061186,17737.0364759937,5.3425456396764,"2019.BRZ.9",82,1,3,1,1,3,4.24354922775028,1,1,0.75807880106675
"811",9,"dammed","BRZ",2019,217.81577,36.2792295841673,1.3356364099191,8,"198",242.515722741566,28349.0469658945,0.463763481379652,17737.0364759937,5.3425456396764,"2019.BRZ.9",82,1,4,1,1,4,5.49518151021866,1,1,0.75807880106675
"812",9,"undammed","BRZ",2019,219.00797,39.0594166873934,0,5,"195",0,17130.2512816186,0.301120132512913,19699.7773506418,0,"2019.BRZ.9",82,1,1,1,0,1,0,0,1,-0.939641437061175
"813",9,"undammed","BRZ",2019,219.00797,39.0594166873934,0,6,"196",0,30256.9476495481,0.312740980260442,19699.7773506418,0,"2019.BRZ.9",82,1,2,1,0,2,0,0,1,-0.939641437061175
"814",9,"undammed","BRZ",2019,219.00797,39.0594166873934,0,7,"197",0,30390.4163842893,0.388585105558178,19699.7773506418,0,"2019.BRZ.9",82,1,3,1,0,3,0,0,1,-0.939641437061175
"815",9,"undammed","BRZ",2019,219.00797,39.0594166873934,0,8,"198",284.156802474517,29430.7414852666,0.48394481401637,19699.7773506418,0,"2019.BRZ.9",82,1,4,1,0,4,5.65303921309397,1,1,-0.939641437061175
"816",12,"dammed","BRZ",2019,197.2321,34.1320053497412,6.02671327130722,5,"195",0,46063.0254062129,0.423266846223506,17264.5772087239,12.8227941942707,"2019.BRZ.12",108,1,1,1,1,1,0,0,1,3.13510470105159
"817",12,"dammed","BRZ",2019,197.2321,34.1320053497412,6.02671327130722,6,"196",0,47352.100179934,0.421756605079546,17264.5772087239,12.8227941942707,"2019.BRZ.12",108,1,2,1,1,2,0,0,1,3.13510470105159
"818",12,"dammed","BRZ",2019,197.2321,34.1320053497412,6.02671327130722,7,"197",0,48351.7467596017,0.444629105690344,17264.5772087239,12.8227941942707,"2019.BRZ.12",108,1,3,1,1,3,0,0,1,3.13510470105159
"819",12,"dammed","BRZ",2019,197.2321,34.1320053497412,6.02671327130722,8,"198",1456.51012920001,46080.7884529563,0.429450568273027,17264.5772087239,12.8227941942707,"2019.BRZ.12",108,1,4,1,1,4,7.28448486790891,1,1,3.13510470105159
"820",12,"undammed","BRZ",2019,198.7222,32.8937045251745,0,5,"195",0,34136.4327070947,0.505167358096858,12035.1158792973,0,"2019.BRZ.12",108,1,1,1,0,1,0,0,1,-0.939641437061175
"821",12,"undammed","BRZ",2019,198.7222,32.8937045251745,0,6,"196",0,39750.8874305576,0.467309260889542,12035.1158792973,0,"2019.BRZ.12",108,1,2,1,0,2,0,0,1,-0.939641437061175
"822",12,"undammed","BRZ",2019,198.7222,32.8937045251745,0,7,"197",0,44234.5655694101,0.464349971208743,12035.1158792973,0,"2019.BRZ.12",108,1,3,1,0,3,0,0,1,-0.939641437061175
"823",12,"undammed","BRZ",2019,198.7222,32.8937045251745,0,8,"198",4112.27556098653,39436.5383913826,0.450812310949652,12035.1158792973,0,"2019.BRZ.12",108,1,4,1,0,4,8.3219749635516,1,1,-0.939641437061175
"824",13,"dammed","BRZ",2019,186.30527,36.1028232250954,3.62928063226258,5,"195",399.040143087799,25775.8412478279,0.554319501642739,7071.8186811544,8.64114436252995,"2019.BRZ.13",117,1,1,1,1,1,5.99156489979198,1,1,1.80628656323583
"825",13,"dammed","BRZ",2019,186.30527,36.1028232250954,3.62928063226258,6,"196",399.040143087799,27581.2931168201,0.539524628699747,7071.8186811544,8.64114436252995,"2019.BRZ.13",117,1,2,1,1,2,5.99156489979198,1,1,1.80628656323583
"826",13,"dammed","BRZ",2019,186.30527,36.1028232250954,3.62928063226258,7,"197",886.966248747414,27436.8340292837,0.547399506705923,7071.8186811544,8.64114436252995,"2019.BRZ.13",117,1,3,1,1,3,6.78893373410251,1,1,1.80628656323583
"827",13,"dammed","BRZ",2019,186.30527,36.1028232250954,3.62928063226258,8,"198",2417.35323459471,23306.9049585679,0.493940864968576,7071.8186811544,8.64114436252995,"2019.BRZ.13",117,1,4,1,1,4,7.79084210594563,1,1,1.80628656323583
"828",13,"undammed","BRZ",2019,185.50848,32.8948212937216,0,5,"195",0,27259.8151539223,0.446207738134206,4085.78855571523,0,"2019.BRZ.13",117,1,1,1,0,1,0,0,1,-0.939641437061175
"829",13,"undammed","BRZ",2019,185.50848,32.8948212937216,0,6,"196",0,30460.1377960504,0.438140255356991,4085.78855571523,0,"2019.BRZ.13",117,1,2,1,0,2,0,0,1,-0.939641437061175
"830",13,"undammed","BRZ",2019,185.50848,32.8948212937216,0,7,"197",0,30743.0598695344,0.450130084969067,4085.78855571523,0,"2019.BRZ.13",117,1,3,1,0,3,0,0,1,-0.939641437061175
"831",13,"undammed","BRZ",2019,185.50848,32.8948212937216,0,8,"198",330.258095813499,28922.018919941,0.403497356405921,4085.78855571523,0,"2019.BRZ.13",117,1,4,1,0,4,5.80289781719347,1,1,-0.939641437061175
"832",18,"dammed","BRZ",2019,178.28983,37.7023956080488,2.25261613577273,5,"195",604.91185014131,29921.9330031451,0.418817624728525,7373.26319374517,6.08815171830468,"2019.BRZ.18",166,1,1,1,1,1,6.4067345136757,1,1,0.995012767518573
"833",18,"dammed","BRZ",2019,178.28983,37.7023956080488,2.25261613577273,6,"196",482.53897260521,32494.3315006032,0.408526174291835,7373.26319374517,6.08815171830468,"2019.BRZ.18",166,1,2,1,1,2,6.18113191682633,1,1,0.995012767518573
"834",18,"dammed","BRZ",2019,178.28983,37.7023956080488,2.25261613577273,7,"197",802.833195879179,32521.5533213896,0.395754026239476,7373.26319374517,6.08815171830468,"2019.BRZ.18",166,1,3,1,1,3,6.68939177984258,1,1,0.995012767518573
"835",18,"dammed","BRZ",2019,178.28983,37.7023956080488,2.25261613577273,8,"198",1154.24017801589,31248.2010813395,0.333917243236359,7373.26319374517,6.08815171830468,"2019.BRZ.18",166,1,4,1,1,4,7.05206354767216,1,1,0.995012767518573
"836",18,"undammed","BRZ",2019,169.53835,33.8598136784722,2.27932427751607,5,"195",162.341435363012,15631.4670024797,0.366301433658498,4962.98235064,6.16033588517857,"2019.BRZ.18",166,1,1,1,1,1,5.09584270546965,1,1,1.01795099383228
"837",18,"undammed","BRZ",2019,169.53835,33.8598136784722,2.27932427751607,6,"196",0,20260.5863469741,0.343996013968343,4962.98235064,6.16033588517857,"2019.BRZ.18",166,1,2,1,1,2,0,0,1,1.01795099383228
"838",18,"undammed","BRZ",2019,169.53835,33.8598136784722,2.27932427751607,7,"197",206.262012961565,19353.3621966194,0.325130467476466,4962.98235064,6.16033588517857,"2019.BRZ.18",166,1,3,1,1,3,5.33398375596195,1,1,1.01795099383228
"839",18,"undammed","BRZ",2019,169.53835,33.8598136784722,2.27932427751607,8,"198",1271.69307639388,23049.8717760572,0.316979045583155,4962.98235064,6.16033588517857,"2019.BRZ.18",166,1,4,1,1,4,7.14889046689039,1,1,1.01795099383228
"840",22,"dammed","BRZ",2019,148.53197,35.722199361038,1.11955667777609,5,"195",348.575918376212,12952.4778023215,0.424988060510199,3677.46701014042,4.47822671110436,"2019.BRZ.22",206,1,1,1,1,1,5.85672075804557,1,1,0.483421018766049
"841",22,"dammed","BRZ",2019,148.53197,35.722199361038,1.11955667777609,6,"196",235.50847480227,13685.1788285798,0.422636993286871,3677.46701014042,4.47822671110436,"2019.BRZ.22",206,1,2,1,1,2,5.46598404154903,1,1,0.483421018766049
"842",22,"dammed","BRZ",2019,148.53197,35.722199361038,1.11955667777609,7,"197",548.070433244051,11620.0525051042,0.406894816475566,3677.46701014042,4.47822671110436,"2019.BRZ.22",206,1,3,1,1,3,6.30822672698561,1,1,0.483421018766049
"843",22,"dammed","BRZ",2019,148.53197,35.722199361038,1.11955667777609,8,"198",1009.84460454244,13746.6993490481,0.329453519554234,3677.46701014042,4.47822671110436,"2019.BRZ.22",206,1,4,1,1,4,6.9185415025009,1,1,0.483421018766049
"844",22,"undammed","BRZ",2019,130.17326,34.2208187278811,0,5,"195",262.541076182384,5270.2538290884,0.25328584207202,3179.05845409259,0,"2019.BRZ.22",206,1,1,1,0,1,5.57420924267249,1,1,-0.939641437061175
"845",22,"undammed","BRZ",2019,130.17326,34.2208187278811,0,6,"196",163.176566403286,5136.49389241536,0.225875691498641,3179.05845409259,0,"2019.BRZ.22",206,1,2,1,0,2,5.10094247309006,1,1,-0.939641437061175
"846",22,"undammed","BRZ",2019,130.17326,34.2208187278811,0,7,"197",262.541076182384,5299.8308244593,0.226573159280968,3179.05845409259,0,"2019.BRZ.22",206,1,3,1,0,3,5.57420924267249,1,1,-0.939641437061175
"847",22,"undammed","BRZ",2019,130.17326,34.2208187278811,0,8,"198",353.971624280892,15734.3804443659,0.290146951620986,3179.05845409259,0,"2019.BRZ.22",206,1,4,1,0,4,5.87203785467759,1,1,-0.939641437061175
"848",36,"dammed","BRZ",2019,91.52075,34.0480200580922,1.13375557749711,5,"195",0,9308.39620774213,0.308919870822589,5081.97389987856,4.53502230998844,"2019.BRZ.36",279,1,1,1,1,1,0,0,1,0.501469163632798
"849",36,"dammed","BRZ",2019,91.52075,34.0480200580922,1.13375557749711,6,"196",0,8630.98430777157,0.280363829402196,5081.97389987856,4.53502230998844,"2019.BRZ.36",279,1,2,1,1,2,0,0,1,0.501469163632798
"850",36,"dammed","BRZ",2019,91.52075,34.0480200580922,1.13375557749711,7,"197",0,8457.70431892545,0.282915997154156,5081.97389987856,4.53502230998844,"2019.BRZ.36",279,1,3,1,1,3,0,0,1,0.501469163632798
"851",36,"dammed","BRZ",2019,91.52075,34.0480200580922,1.13375557749711,8,"198",88.6940626728769,21366.5249384861,0.282828661529709,5081.97389987856,4.53502230998844,"2019.BRZ.36",279,1,4,1,1,4,4.49640457593621,1,1,0.501469163632798
"852",36,"undammed","BRZ",2019,99.88687,31.7225142711714,0,5,"195",0,11763.6066836488,0.283130599760547,3605.36206711829,0,"2019.BRZ.36",279,1,1,1,0,1,0,0,1,-0.939641437061175
"853",36,"undammed","BRZ",2019,99.88687,31.7225142711714,0,6,"196",0,11627.7552300547,0.24898494159474,3605.36206711829,0,"2019.BRZ.36",279,1,2,1,0,2,0,0,1,-0.939641437061175
"854",36,"undammed","BRZ",2019,99.88687,31.7225142711714,0,7,"197",0,12322.4590282964,0.254664729183146,3605.36206711829,0,"2019.BRZ.36",279,1,3,1,0,3,0,0,1,-0.939641437061175
"855",36,"undammed","BRZ",2019,99.88687,31.7225142711714,0,8,"198",0,15869.7995914833,0.344308554157186,3605.36206711829,0,"2019.BRZ.36",279,1,4,1,0,4,0,0,1,-0.939641437061175
"856",37,"dammed","BRZ",2019,91.297165,39.4259073273869,1.17472950117287,5,"195",0,8554.7744176528,0.326299971335441,9344.66882842034,4.69891800469148,"2019.BRZ.37",284,1,1,1,1,1,0,0,1,0.553550897062078
"857",37,"dammed","BRZ",2019,91.297165,39.4259073273869,1.17472950117287,6,"196",0,8310.03948089001,0.281481751179312,9344.66882842034,4.69891800469148,"2019.BRZ.37",284,1,2,1,1,2,0,0,1,0.553550897062078
"858",37,"dammed","BRZ",2019,91.297165,39.4259073273869,1.17472950117287,7,"197",0,8229.41785377054,0.284921295567855,9344.66882842034,4.69891800469148,"2019.BRZ.37",284,1,3,1,1,3,0,0,1,0.553550897062078
"859",37,"dammed","BRZ",2019,91.297165,39.4259073273869,1.17472950117287,8,"198",645.923154163828,15680.895421735,0.302885216812357,9344.66882842034,4.69891800469148,"2019.BRZ.37",284,1,4,1,1,4,6.47222751490257,1,1,0.553550897062078
"860",37,"undammed","BRZ",2019,90.99333,38.896930047034,0,5,"195",0,9019.79475767846,0.336373933868316,11891.523051437,0,"2019.BRZ.37",284,1,1,1,0,1,0,0,1,-0.939641437061175
"861",37,"undammed","BRZ",2019,90.99333,38.896930047034,0,6,"196",0,8111.79664486156,0.295091415437308,11891.523051437,0,"2019.BRZ.37",284,1,2,1,0,2,0,0,1,-0.939641437061175
"862",37,"undammed","BRZ",2019,90.99333,38.896930047034,0,7,"197",0,7733.30985951143,0.30501516364156,11891.523051437,0,"2019.BRZ.37",284,1,3,1,0,3,0,0,1,-0.939641437061175
"863",37,"undammed","BRZ",2019,90.99333,38.896930047034,0,8,"198",63.6571579771883,16360.2513636271,0.332746464667136,11891.523051437,0,"2019.BRZ.37",284,1,4,1,0,4,4.16909881799367,1,1,-0.939641437061175
"864",39,"dammed","BRZ",2019,89.14731,47.1600317117017,1.13071861615111,5,"195",0,10612.785646476,0.272722750820398,12945.2255230714,4.52287446460444,"2019.BRZ.39",292,1,1,1,1,1,0,0,1,0.497608898442941
"865",39,"dammed","BRZ",2019,89.14731,47.1600317117017,1.13071861615111,6,"196",0,10025.7033648023,0.231956429080183,12945.2255230714,4.52287446460444,"2019.BRZ.39",292,1,2,1,1,2,0,0,1,0.497608898442941
"866",39,"dammed","BRZ",2019,89.14731,47.1600317117017,1.13071861615111,7,"197",190.177702896969,10929.2359291825,0.233167486755639,12945.2255230714,4.52287446460444,"2019.BRZ.39",292,1,3,1,1,3,5.2532033771694,1,1,0.497608898442941
"867",39,"dammed","BRZ",2019,89.14731,47.1600317117017,1.13071861615111,8,"198",260.899568496031,18670.1647616218,0.303296380332258,12945.2255230714,4.52287446460444,"2019.BRZ.39",292,1,4,1,1,4,5.56796110392174,1,1,0.497608898442941
"868",39,"undammed","BRZ",2019,90.185,40.3536387777693,0,5,"195",0,7561.27013935762,0.302515958584639,8189.04933374003,0,"2019.BRZ.39",292,1,1,1,0,1,0,0,1,-0.939641437061175
"869",39,"undammed","BRZ",2019,90.185,40.3536387777693,0,6,"196",0,7333.03522177304,0.267972726028317,8189.04933374003,0,"2019.BRZ.39",292,1,2,1,0,2,0,0,1,-0.939641437061175
"870",39,"undammed","BRZ",2019,90.185,40.3536387777693,0,7,"197",0,7757.57295508291,0.263235890552074,8189.04933374003,0,"2019.BRZ.39",292,1,3,1,0,3,0,0,1,-0.939641437061175
"871",39,"undammed","BRZ",2019,90.185,40.3536387777693,0,8,"198",337.147019707222,16441.1189557842,0.334743579202827,8189.04933374003,0,"2019.BRZ.39",292,1,4,1,0,4,5.82348077045918,1,1,-0.939641437061175
"872",40,"dammed","BRZ",2019,89.14731,46.6980311239866,3.44443940290298,5,"195",207.410238907618,28994.6195312201,0.271655416264393,29666.9488547519,6.62392192865958,"2019.BRZ.40",295,1,1,1,1,1,5.33950843970696,1,1,1.16526642381877
"873",40,"dammed","BRZ",2019,89.14731,46.6980311239866,3.44443940290298,6,"196",422.618060355327,28696.4928759407,0.237907368448039,29666.9488547519,6.62392192865958,"2019.BRZ.40",295,1,2,1,1,2,6.04883224821812,1,1,1.16526642381877
"874",40,"dammed","BRZ",2019,89.14731,46.6980311239866,3.44443940290298,7,"197",614.253071419632,29651.0521955602,0.236455884974471,29666.9488547519,6.62392192865958,"2019.BRZ.40",295,1,3,1,1,3,6.42203368140764,1,1,1.16526642381877
"875",40,"dammed","BRZ",2019,89.14731,46.6980311239866,3.44443940290298,8,"198",1358.80108029281,50182.9735733032,0.297963894858724,29666.9488547519,6.62392192865958,"2019.BRZ.40",295,1,4,1,1,4,7.21509370354182,1,1,1.16526642381877
"876",40,"undammed","BRZ",2019,79.12508,39.9693812192873,0,5,"195",0,15432.6452863805,0.251789822829741,23465.3655063082,0,"2019.BRZ.40",295,1,1,1,0,1,0,0,1,-0.939641437061175
"877",40,"undammed","BRZ",2019,79.12508,39.9693812192873,0,6,"196",0,15005.4906618305,0.223711382500781,23465.3655063082,0,"2019.BRZ.40",295,1,2,1,0,2,0,0,1,-0.939641437061175
"878",40,"undammed","BRZ",2019,79.12508,39.9693812192873,0,7,"197",83.3731221035415,16749.4297043744,0.222944068279194,23465.3655063082,0,"2019.BRZ.40",295,1,3,1,0,3,4.43524889239439,1,1,-0.939641437061175
"879",40,"undammed","BRZ",2019,79.12508,39.9693812192873,0,8,"198",1043.47299293116,39877.1754867554,0.269435178277024,23465.3655063082,0,"2019.BRZ.40",295,1,4,1,0,4,6.95126772420581,1,1,-0.939641437061175
"880",47,"dammed","BRZ",2019,69.724365,54.1816263359422,1.12737560812808,5,"195",0,18970.8451893227,0.354015808145448,19772.8808728997,4.50950243251232,"2019.BRZ.47",308,1,1,1,1,1,0,0,1,0.493359618972291
"881",47,"dammed","BRZ",2019,69.724365,54.1816263359422,1.12737560812808,6,"196",0,21066.6057889751,0.354970051721901,19772.8808728997,4.50950243251232,"2019.BRZ.47",308,1,2,1,1,2,0,0,1,0.493359618972291
"882",47,"dammed","BRZ",2019,69.724365,54.1816263359422,1.12737560812808,7,"197",0,20933.6545605229,0.341340454355473,19772.8808728997,4.50950243251232,"2019.BRZ.47",308,1,3,1,1,3,0,0,1,0.493359618972291
"883",47,"dammed","BRZ",2019,69.724365,54.1816263359422,1.12737560812808,8,"198",1720.64338754883,25885.7141898959,0.384789435684202,19772.8808728997,4.50950243251232,"2019.BRZ.47",308,1,4,1,1,4,7.45103457152539,1,1,0.493359618972291
"884",47,"undammed","BRZ",2019,63.717022,50.5368108243952,0,5,"195",0,18007.4190292059,0.36929173640659,20170.6030879291,0,"2019.BRZ.47",308,1,1,1,0,1,0,0,1,-0.939641437061175
"885",47,"undammed","BRZ",2019,63.717022,50.5368108243952,0,6,"196",0,18540.3385884004,0.37324123849364,20170.6030879291,0,"2019.BRZ.47",308,1,2,1,0,2,0,0,1,-0.939641437061175
"886",47,"undammed","BRZ",2019,63.717022,50.5368108243952,0,7,"197",0,18140.65119225,0.348926604972164,20170.6030879291,0,"2019.BRZ.47",308,1,3,1,0,3,0,0,1,-0.939641437061175
"887",47,"undammed","BRZ",2019,63.717022,50.5368108243952,0,8,"198",245.473029399152,20761.5109967699,0.351216406610268,20170.6030879291,0,"2019.BRZ.47",308,1,4,1,0,4,5.50725257329435,1,1,-0.939641437061175
"888",51,"dammed","BRZ",2019,48.30213,46.2417768162777,1.14564134558884,5,"195",0,4372.31105116302,0.310695379020636,16023.9244010025,4.58256538235536,"2019.BRZ.51",312,1,1,1,1,1,0,0,1,0.516577099359294
"889",51,"dammed","BRZ",2019,48.30213,46.2417768162777,1.14564134558884,6,"196",0,4960.27960249957,0.315126630099232,16023.9244010025,4.58256538235536,"2019.BRZ.51",312,1,2,1,1,2,0,0,1,0.516577099359294
"890",51,"dammed","BRZ",2019,48.30213,46.2417768162777,1.14564134558884,7,"197",0,5014.72922695384,0.299038542152467,16023.9244010025,4.58256538235536,"2019.BRZ.51",312,1,3,1,1,3,0,0,1,0.516577099359294
"891",51,"dammed","BRZ",2019,48.30213,46.2417768162777,1.14564134558884,8,"198",0,22642.9302123425,0.285237514007792,16023.9244010025,4.58256538235536,"2019.BRZ.51",312,1,4,1,1,4,0,0,1,0.516577099359294
"892",51,"undammed","BRZ",2019,48.841095,38.7296376134172,0,5,"195",0,4012.40166742661,0.27474195564608,10708.8982796632,0,"2019.BRZ.51",312,1,1,1,0,1,0,0,1,-0.939641437061175
"893",51,"undammed","BRZ",2019,48.841095,38.7296376134172,0,6,"196",0,4945.35040546492,0.273843783419629,10708.8982796632,0,"2019.BRZ.51",312,1,2,1,0,2,0,0,1,-0.939641437061175
"894",51,"undammed","BRZ",2019,48.841095,38.7296376134172,0,7,"197",0,4612.11788183474,0.262752285458604,10708.8982796632,0,"2019.BRZ.51",312,1,3,1,0,3,0,0,1,-0.939641437061175
"895",51,"undammed","BRZ",2019,48.841095,38.7296376134172,0,8,"198",0,17631.4969076119,0.283323774538403,10708.8982796632,0,"2019.BRZ.51",312,1,4,1,0,4,0,0,1,-0.939641437061175
"896",1,"dammed","BRZ",2021,288.19574,51.2498699929225,1.13560865465372,5,"215",0,20100.7290040259,0.476959074147343,4855.43396290392,4.54243461861488,"2021.BRZ.1",2,1,5,2,1,5,0,0,1,0.503824600013707
"897",1,"dammed","BRZ",2021,288.19574,51.2498699929225,1.13560865465372,6,"216",0,20722.1876909144,0.425982760187706,4855.43396290392,4.54243461861488,"2021.BRZ.1",2,1,6,2,1,6,0,0,1,0.503824600013707
"898",1,"dammed","BRZ",2021,288.19574,51.2498699929225,1.13560865465372,7,"217",0,20901.8764572742,0.465991769037066,4855.43396290392,4.54243461861488,"2021.BRZ.1",2,1,7,2,1,7,0,0,1,0.503824600013707
"899",1,"dammed","BRZ",2021,288.19574,51.2498699929225,1.13560865465372,8,"218",31.5702019256704,19097.3856870464,0.394942852419093,4855.43396290392,4.54243461861488,"2021.BRZ.1",2,1,8,2,1,8,3.48339781901318,1,1,0.503824600013707
"900",1,"undammed","BRZ",2021,288.19574,38.1061661165865,0,5,"215",0,12601.5360531676,0.406710815635999,7004.27485468611,0,"2021.BRZ.1",2,1,5,2,0,5,0,0,1,-0.939641437061175
"901",1,"undammed","BRZ",2021,288.19574,38.1061661165865,0,6,"216",96.6501837449915,12991.0716240079,0.361824188942727,7004.27485468611,0,"2021.BRZ.1",2,1,6,2,0,6,4.58139153899006,1,1,-0.939641437061175
"902",1,"undammed","BRZ",2021,288.19574,38.1061661165865,0,7,"217",0,16655.5823879167,0.3954816187424,7004.27485468611,0,"2021.BRZ.1",2,1,7,2,0,7,0,0,1,-0.939641437061175
"903",1,"undammed","BRZ",2021,288.19574,38.1061661165865,0,8,"218",0,17261.4514340868,0.386252949390681,7004.27485468611,0,"2021.BRZ.1",2,1,8,2,0,8,0,0,1,-0.939641437061175
"904",9,"dammed","BRZ",2021,231.1337,35.1433692118699,1.20199881144487,5,"215",0,7378.38521818273,0.35641246384331,21046.7146097794,4.80799524577948,"2021.BRZ.9",83,1,5,2,1,5,0,0,1,0.588212770297002
"905",9,"dammed","BRZ",2021,231.1337,35.1433692118699,1.20199881144487,6,"216",459.558275579939,16985.2377887202,0.314722922368732,21046.7146097794,4.80799524577948,"2021.BRZ.9",83,1,6,2,1,6,6.13243939617942,1,1,0.588212770297002
"906",9,"dammed","BRZ",2021,231.1337,35.1433692118699,1.20199881144487,7,"217",0,25148.9518755445,0.364372467050692,21046.7146097794,4.80799524577948,"2021.BRZ.9",83,1,7,2,1,7,0,0,1,0.588212770297002
"907",9,"dammed","BRZ",2021,231.1337,35.1433692118699,1.20199881144487,8,"218",0,25413.2063527126,0.336307835476038,21046.7146097794,4.80799524577948,"2021.BRZ.9",83,1,8,2,1,8,0,0,1,0.588212770297002
"908",9,"undammed","BRZ",2021,235.3856238,39.241811369036,0,5,"215",0,6629.94655555276,0.369385816875376,11953.3153432235,0,"2021.BRZ.9",83,1,5,2,0,5,0,0,1,-0.939641437061175
"909",9,"undammed","BRZ",2021,235.3856238,39.241811369036,0,6,"216",152.725914690775,10679.6724461275,0.334540011840227,11953.3153432235,0,"2021.BRZ.9",83,1,6,2,0,6,5.03517124199763,1,1,-0.939641437061175
"910",9,"undammed","BRZ",2021,235.3856238,39.241811369036,0,7,"217",0,12563.3943782432,0.385682400075156,11953.3153432235,0,"2021.BRZ.9",83,1,7,2,0,7,0,0,1,-0.939641437061175
"911",9,"undammed","BRZ",2021,235.3856238,39.241811369036,0,8,"218",0,12351.9995276358,0.367809288803164,11953.3153432235,0,"2021.BRZ.9",83,1,8,2,0,8,0,0,1,-0.939641437061175
"912",11,"dammed","BRZ",2021,197.33527,35.4457050030421,2.35728473195695,5,"215",0,7464.8421971639,0.332610587177447,5026.03107488528,9.4291389278278,"2021.BRZ.11",98,1,5,2,1,5,0,0,1,2.0566904738933
"913",11,"dammed","BRZ",2021,197.33527,35.4457050030421,2.35728473195695,6,"216",0,10421.0904882394,0.263321351606245,5026.03107488528,9.4291389278278,"2021.BRZ.11",98,1,6,2,1,6,0,0,1,2.0566904738933
"914",11,"dammed","BRZ",2021,197.33527,35.4457050030421,2.35728473195695,7,"217",287.411120598924,15535.4480082194,0.295668160455723,5026.03107488528,9.4291389278278,"2021.BRZ.11",98,1,7,2,1,7,5.66438696430305,1,1,2.0566904738933
"915",11,"dammed","BRZ",2021,197.33527,35.4457050030421,2.35728473195695,8,"218",0,9497.34582800772,0.288192690255217,5026.03107488528,9.4291389278278,"2021.BRZ.11",98,1,8,2,1,8,0,0,1,2.0566904738933
"916",11,"undammed","BRZ",2021,197.87978,34.7434936201807,0,5,"215",0,16577.2975998523,0.398650529989773,8174.74564189464,0,"2021.BRZ.11",98,1,5,2,0,5,0,0,1,-0.939641437061175
"917",11,"undammed","BRZ",2021,197.87978,34.7434936201807,0,6,"216",115.481164576259,19246.2342473946,0.334943875497628,8174.74564189464,0,"2021.BRZ.11",98,1,6,2,0,6,4.75772958247754,1,1,-0.939641437061175
"918",11,"undammed","BRZ",2021,197.87978,34.7434936201807,0,7,"217",705.904381723497,22480.3811153636,0.361758962098611,8174.74564189464,0,"2021.BRZ.11",98,1,7,2,0,7,6.56089541166314,1,1,-0.939641437061175
"919",11,"undammed","BRZ",2021,197.87978,34.7434936201807,0,8,"218",39.8494233888738,20110.047813236,0.292116807394199,8174.74564189464,0,"2021.BRZ.11",98,1,8,2,0,8,3.70989270587894,1,1,-0.939641437061175
"920",13,"dammed","BRZ",2021,185.50848,31.9617770691258,1.24739028497988,5,"215",0,13958.536043025,0.368371366867751,2439.51596025005,4.98956113991952,"2021.BRZ.13",118,1,5,2,1,5,0,0,1,0.645909627530402
"921",13,"dammed","BRZ",2021,185.50848,31.9617770691258,1.24739028497988,6,"216",0,15146.4719526403,0.324513496941044,2439.51596025005,4.98956113991952,"2021.BRZ.13",118,1,6,2,1,6,0,0,1,0.645909627530402
"922",13,"dammed","BRZ",2021,185.50848,31.9617770691258,1.24739028497988,7,"217",0,17475.2272788553,0.368556846647994,2439.51596025005,4.98956113991952,"2021.BRZ.13",118,1,7,2,1,7,0,0,1,0.645909627530402
"923",13,"dammed","BRZ",2021,185.50848,31.9617770691258,1.24739028497988,8,"218",0,17432.0477245555,0.334936054897153,2439.51596025005,4.98956113991952,"2021.BRZ.13",118,1,8,2,1,8,0,0,1,0.645909627530402
"924",13,"undammed","BRZ",2021,186.12184,31.3139341495304,0,5,"215",0,13915.2664252188,0.431896065754885,2181.99305289984,0,"2021.BRZ.13",118,1,5,2,0,5,0,0,1,-0.939641437061175
"925",13,"undammed","BRZ",2021,186.12184,31.3139341495304,0,6,"216",0,17241.3349984562,0.351735508422747,2181.99305289984,0,"2021.BRZ.13",118,1,6,2,0,6,0,0,1,-0.939641437061175
"926",13,"undammed","BRZ",2021,186.12184,31.3139341495304,0,7,"217",0,17532.6175727994,0.403900080112547,2181.99305289984,0,"2021.BRZ.13",118,1,7,2,0,7,0,0,1,-0.939641437061175
"927",13,"undammed","BRZ",2021,186.12184,31.3139341495304,0,8,"218",139.100368253156,15857.6978429458,0.333346687150883,2181.99305289984,0,"2021.BRZ.13",118,1,8,2,0,8,4.94235908184169,1,1,-0.939641437061175
"928",14,"dammed","BRZ",2021,184.68866,43.731060631182,3.54589328084278,5,"215",264.243243279177,21807.2832951265,0.365786938953103,20646.6209861189,6.81902554008227,"2021.BRZ.14",130,1,5,2,1,5,5.5806473041411,1,1,1.22726521091087
"929",14,"dammed","BRZ",2021,184.68866,43.731060631182,3.54589328084278,6,"216",968.264389417218,22891.8203504375,0.31595759093632,20646.6209861189,6.81902554008227,"2021.BRZ.14",130,1,6,2,1,6,6.87653742237039,1,1,1.22726521091087
"930",14,"dammed","BRZ",2021,184.68866,43.731060631182,3.54589328084278,7,"217",1153.48705118521,34800.1580008712,0.348832471553368,20646.6209861189,6.81902554008227,"2021.BRZ.14",130,1,7,2,1,7,7.0514114127812,1,1,1.22726521091087
"931",14,"dammed","BRZ",2021,184.68866,43.731060631182,3.54589328084278,8,"218",1906.92227753611,33741.2540253284,0.336575806957375,20646.6209861189,6.81902554008227,"2021.BRZ.14",130,1,8,2,1,8,7.55377011613457,1,1,1.22726521091087
"932",14,"undammed","BRZ",2021,184.43645,34.1975577145504,1.14545451338184,5,"215",0,23459.6193315095,0.394791906781418,6303.86210945994,2.20279714111892,"2021.BRZ.14",130,1,5,2,1,5,0,0,1,-0.239650545229609
"933",14,"undammed","BRZ",2021,184.43645,34.1975577145504,1.14545451338184,6,"216",79.9318863293704,23725.7871488384,0.335657211896364,6303.86210945994,2.20279714111892,"2021.BRZ.14",130,1,6,2,1,6,4.39360789139575,1,1,-0.239650545229609
"934",14,"undammed","BRZ",2021,184.43645,34.1975577145504,1.14545451338184,7,"217",241.951756112015,31170.9326331943,0.35388557519544,6303.86210945994,2.20279714111892,"2021.BRZ.14",130,1,7,2,1,7,5.4928628891115,1,1,-0.239650545229609
"935",14,"undammed","BRZ",2021,184.43645,34.1975577145504,1.14545451338184,8,"218",108.378672002811,30848.7477733537,0.321247553784259,6303.86210945994,2.20279714111892,"2021.BRZ.14",130,1,8,2,1,8,4.69481591671136,1,1,-0.239650545229609
"936",21,"dammed","BRZ",2021,169.34343,34.9751056069034,2.25432674051086,5,"215",133.529875089141,16999.6395659503,0.347207832424169,5251.44240885973,5.63581685127715,"2021.BRZ.21",194,1,5,2,1,5,4.90178629399885,1,1,0.851272664961387
"937",21,"dammed","BRZ",2021,169.34343,34.9751056069034,2.25432674051086,6,"216",2374.45918696277,12514.4096392164,0.324734510261548,5251.44240885973,5.63581685127715,"2021.BRZ.21",194,1,6,2,1,6,7.77294603965967,1,1,0.851272664961387
"938",21,"dammed","BRZ",2021,169.34343,34.9751056069034,2.25432674051086,7,"217",1517.97053935715,19275.3639827055,0.321512581813166,5251.44240885973,5.63581685127715,"2021.BRZ.21",194,1,7,2,1,7,7.32578810764611,1,1,0.851272664961387
"939",21,"dammed","BRZ",2021,169.34343,34.9751056069034,2.25432674051086,8,"218",1501.48427010868,17860.0409307442,0.29976387963,5251.44240885973,5.63581685127715,"2021.BRZ.21",194,1,8,2,1,8,7.31487519720892,1,1,0.851272664961387
"940",21,"undammed","BRZ",2021,146.14102,39.9770322301376,0,5,"215",0,1642.32842667524,0.269677983327384,10387.3476474136,0,"2021.BRZ.21",194,1,5,2,0,5,0,0,1,-0.939641437061175
"941",21,"undammed","BRZ",2021,146.14102,39.9770322301376,0,6,"216",386.115606214018,7983.34631024529,0.201469229810504,10387.3476474136,0,"2021.BRZ.21",194,1,6,2,0,6,5.95872337248786,1,1,-0.939641437061175
"942",21,"undammed","BRZ",2021,146.14102,39.9770322301376,0,7,"217",367.540201180121,24004.755112173,0.258001492562028,10387.3476474136,0,"2021.BRZ.21",194,1,7,2,0,7,5.90954979979065,1,1,-0.939641437061175
"943",21,"undammed","BRZ",2021,146.14102,39.9770322301376,0,8,"218",312.814675651345,18295.3421432495,0.25097287178845,10387.3476474136,0,"2021.BRZ.21",194,1,8,2,0,8,5.74880260673674,1,1,-0.939641437061175
"944",26,"dammed","BRZ",2021,138.95882,45.3016903112861,1.12015573628513,5,"215",0,799.138499480603,0.265818801224418,9931.94171235338,4.48062294514052,"2021.BRZ.26",234,1,5,2,1,5,0,0,1,0.484182478806422
"945",26,"dammed","BRZ",2021,138.95882,45.3016903112861,1.12015573628513,6,"216",1935.92176524588,3164.08634538837,0.221298955923983,9931.94171235338,4.48062294514052,"2021.BRZ.26",234,1,6,2,1,6,7.56885527294024,1,1,0.484182478806422
"946",26,"dammed","BRZ",2021,138.95882,45.3016903112861,1.12015573628513,7,"217",2402.1163773137,19174.5004447787,0.251889500167368,9931.94171235338,4.48062294514052,"2021.BRZ.26",234,1,7,2,1,7,7.78452166457364,1,1,0.484182478806422
"947",26,"dammed","BRZ",2021,138.95882,45.3016903112861,1.12015573628513,8,"218",2007.38878265549,19055.1235892801,0.245695676979235,9931.94171235338,4.48062294514052,"2021.BRZ.26",234,1,8,2,1,8,7.6050880789306,1,1,0.484182478806422
"948",26,"undammed","BRZ",2021,139.27412,39.7554043993183,0,5,"215",0,1.83229492785884,0.278338938951492,14158.0152249373,0,"2021.BRZ.26",234,1,5,2,0,5,0,0,1,-0.939641437061175
"949",26,"undammed","BRZ",2021,139.27412,39.7554043993183,0,6,"216",0,3654.86056626264,0.218551099696564,14158.0152249373,0,"2021.BRZ.26",234,1,6,2,0,6,0,0,1,-0.939641437061175
"950",26,"undammed","BRZ",2021,139.27412,39.7554043993183,0,7,"217",0,19187.1791359097,0.260541690775684,14158.0152249373,0,"2021.BRZ.26",234,1,7,2,0,7,0,0,1,-0.939641437061175
"951",26,"undammed","BRZ",2021,139.27412,39.7554043993183,0,8,"218",0,16243.2766229667,0.251647800300645,14158.0152249373,0,"2021.BRZ.26",234,1,8,2,0,8,0,0,1,-0.939641437061175
"952",28,"dammed","BRZ",2021,130.95294,36.6255588415155,4.47893575657083,5,"215",0,1089.38749183206,0.272821040564353,6410.43921177834,10.1793994467519,"2021.BRZ.28",244,1,5,2,1,5,0,0,1,2.29510349883527
"953",28,"dammed","BRZ",2021,130.95294,36.6255588415155,4.47893575657083,6,"216",204.193358936964,8722.43047766592,0.203042880230308,6410.43921177834,10.1793994467519,"2021.BRZ.28",244,1,6,2,1,6,5.32395274891794,1,1,2.29510349883527
"954",28,"dammed","BRZ",2021,130.95294,36.6255588415155,4.47893575657083,7,"217",488.776055448897,31275.5764516494,0.258745016152973,6410.43921177834,10.1793994467519,"2021.BRZ.28",244,1,7,2,1,7,6.19394825693864,1,1,2.29510349883527
"955",28,"dammed","BRZ",2021,130.95294,36.6255588415155,4.47893575657083,8,"218",313.048014552921,28632.7241817699,0.251722117008895,6410.43921177834,10.1793994467519,"2021.BRZ.28",244,1,8,2,1,8,5.74954588680724,1,1,2.29510349883527
"956",28,"undammed","BRZ",2021,137.95544,35.6794017563175,0,5,"215",0,799.110411221373,0.27785685771313,5630.38732149079,0,"2021.BRZ.28",244,1,5,2,0,5,0,0,1,-0.939641437061175
"957",28,"undammed","BRZ",2021,137.95544,35.6794017563175,0,6,"216",211.404956258278,6962.01317940506,0.2098338843586,5630.38732149079,0,"2021.BRZ.28",244,1,6,2,0,6,5.35849462364487,1,1,-0.939641437061175
"958",28,"undammed","BRZ",2021,137.95544,35.6794017563175,0,7,"217",200.008535966452,24050.3580124799,0.252136932885954,5630.38732149079,0,"2021.BRZ.28",244,1,7,2,0,7,5.30334737465214,1,1,-0.939641437061175
"959",28,"undammed","BRZ",2021,137.95544,35.6794017563175,0,8,"218",200.008535966452,24264.2036651312,0.246170557159415,5630.38732149079,0,"2021.BRZ.28",244,1,8,2,0,8,5.30334737465214,1,1,-0.939641437061175
"960",29,"dammed","BRZ",2021,130.47139,34.8826201985094,1.13293548732236,5,"215",0,0,NA,3192.27031803131,4.53174194928944,"2021.BRZ.29",250,1,5,2,1,5,0,0,0,0.500426751434072
"961",29,"dammed","BRZ",2021,130.47139,34.8826201985094,1.13293548732236,6,"216",0,2900.5345213647,0.203671857690266,3192.27031803131,4.53174194928944,"2021.BRZ.29",250,1,6,2,1,6,0,0,1,0.500426751434072
"962",29,"dammed","BRZ",2021,130.47139,34.8826201985094,1.13293548732236,7,"217",113.942045574796,12868.5158706665,0.250596093199734,3192.27031803131,4.53174194928944,"2021.BRZ.29",250,1,7,2,1,7,4.74442804981349,1,1,0.500426751434072
"963",29,"dammed","BRZ",2021,130.47139,34.8826201985094,1.13293548732236,8,"218",0,11672.8094886929,0.249423256994528,3192.27031803131,4.53174194928944,"2021.BRZ.29",250,1,8,2,1,8,0,0,1,0.500426751434072
"964",29,"undammed","BRZ",2021,99.89261,31.7403174269941,0,5,"215",0,0,NA,2540.09578603506,0,"2021.BRZ.29",250,1,5,2,0,5,0,0,0,-0.939641437061175
"965",29,"undammed","BRZ",2021,99.89261,31.7403174269941,0,6,"216",0,10259.8297654694,0.20769807322127,2540.09578603506,0,"2021.BRZ.29",250,1,6,2,0,6,0,0,1,-0.939641437061175
"966",29,"undammed","BRZ",2021,99.89261,31.7403174269941,0,7,"217",0,16226.0105582144,0.296052221675491,2540.09578603506,0,"2021.BRZ.29",250,1,7,2,0,7,0,0,1,-0.939641437061175
"967",29,"undammed","BRZ",2021,99.89261,31.7403174269941,0,8,"218",0,15634.7081238391,0.293320834922996,2540.09578603506,0,"2021.BRZ.29",250,1,8,2,0,8,0,0,1,-0.939641437061175
"968",32,"dammed","BRZ",2021,91.49782,35.6237518517437,1.14356679630453,5,"215",0,187.414660644531,0.276269555091858,4888.14372128621,4.57426718521812,"2021.BRZ.32",264,1,5,2,1,5,0,0,1,0.513940150951171
"969",32,"dammed","BRZ",2021,91.49782,35.6237518517437,1.14356679630453,6,"216",0,6415.50290703867,0.202559905507982,4888.14372128621,4.57426718521812,"2021.BRZ.32",264,1,6,2,1,6,0,0,1,0.513940150951171
"970",32,"dammed","BRZ",2021,91.49782,35.6237518517437,1.14356679630453,7,"217",0,18397.9083289951,0.253004606423084,4888.14372128621,4.57426718521812,"2021.BRZ.32",264,1,7,2,1,7,0,0,1,0.513940150951171
"971",32,"dammed","BRZ",2021,91.49782,35.6237518517437,1.14356679630453,8,"218",0,17941.6720853619,0.252108233744566,4888.14372128621,4.57426718521812,"2021.BRZ.32",264,1,8,2,1,8,0,0,1,0.513940150951171
"972",32,"undammed","BRZ",2021,91.297165,39.6610456793969,0,5,"215",0,471.417105012781,0.288504071345989,8553.6334092468,0,"2021.BRZ.32",264,1,5,2,0,5,0,0,1,-0.939641437061175
"973",32,"undammed","BRZ",2021,91.297165,39.6610456793969,0,6,"216",0,5919.24938686595,0.232163781807062,8553.6334092468,0,"2021.BRZ.32",264,1,6,2,0,6,0,0,1,-0.939641437061175
"974",32,"undammed","BRZ",2021,91.297165,39.6610456793969,0,7,"217",0,10853.5281321806,0.276094009758848,8553.6334092468,0,"2021.BRZ.32",264,1,7,2,0,7,0,0,1,-0.939641437061175
"975",32,"undammed","BRZ",2021,91.297165,39.6610456793969,0,8,"218",0,11186.4736544142,0.277806697350574,8553.6334092468,0,"2021.BRZ.32",264,1,8,2,0,8,0,0,1,-0.939641437061175
"976",34,"dammed","BRZ",2021,89.14731,44.0887877633594,13.5578658342299,5,"215",0,0,NA,79630.463219,9.03857722281993,"2021.BRZ.34",273,1,5,2,1,5,0,0,0,1.9325802546178
"977",34,"dammed","BRZ",2021,89.14731,44.0887877633594,13.5578658342299,6,"216",78.0670078172403,12669.3781249701,0.190618067365524,79630.463219,9.03857722281993,"2021.BRZ.34",273,1,6,2,1,6,4.37029569316673,1,1,1.9325802546178
"978",34,"dammed","BRZ",2021,89.14731,44.0887877633594,13.5578658342299,7,"217",84.0972500443459,96090.8017110189,0.244821386777678,79630.463219,9.03857722281993,"2021.BRZ.34",273,1,7,2,1,7,4.44379472065469,1,1,1.9325802546178
"979",34,"dammed","BRZ",2021,89.14731,44.0887877633594,13.5578658342299,8,"218",84.0972500443459,74820.7583531698,0.232852867240017,79630.463219,9.03857722281993,"2021.BRZ.34",273,1,8,2,1,8,4.44379472065469,1,1,1.9325802546178
"980",34,"undammed","BRZ",2021,90.185,41.1170391252857,3.38273291070151,5,"215",0,1597.65468693154,0.255012073557772,22760.7703683805,3.84401467125172,"2021.BRZ.34",273,1,5,2,1,5,0,0,1,0.28188514281096
"981",34,"undammed","BRZ",2021,90.185,41.1170391252857,3.38273291070151,6,"216",69.3927660787807,18604.4739691641,0.199295422919202,22760.7703683805,3.84401467125172,"2021.BRZ.34",273,1,6,2,1,6,4.25409050332161,1,1,0.28188514281096
"982",34,"undammed","BRZ",2021,90.185,41.1170391252857,3.38273291070151,7,"217",376.65035892164,56411.8768205231,0.261881435751678,22760.7703683805,3.84401467125172,"2021.BRZ.34",273,1,7,2,1,7,5.93396879116716,1,1,0.28188514281096
"983",34,"undammed","BRZ",2021,90.185,41.1170391252857,3.38273291070151,8,"218",159.491875209294,51677.5756093941,0.240767474234852,22760.7703683805,3.84401467125172,"2021.BRZ.34",273,1,8,2,1,8,5.0782433195398,1,1,0.28188514281096
"984",35,"dammed","BRZ",2021,75.69613,43.7107213843703,2.32912323902734,5,"215",0,0,NA,14456.0287234765,7.51330077105594,"2021.BRZ.35",276,1,5,2,1,5,0,0,0,1.44788758645062
"985",35,"dammed","BRZ",2021,75.69613,43.7107213843703,2.32912323902734,6,"216",0,331.356218584846,0.183286502546301,14456.0287234765,7.51330077105594,"2021.BRZ.35",276,1,6,2,1,6,0,0,1,1.44788758645062
"986",35,"dammed","BRZ",2021,75.69613,43.7107213843703,2.32912323902734,7,"217",0,23284.2799886965,0.22860055196647,14456.0287234765,7.51330077105594,"2021.BRZ.35",276,1,7,2,1,7,0,0,1,1.44788758645062
"987",35,"dammed","BRZ",2021,75.69613,43.7107213843703,2.32912323902734,8,"218",0,16732.2546065087,0.219036527332237,14456.0287234765,7.51330077105594,"2021.BRZ.35",276,1,8,2,1,8,0,0,1,1.44788758645062
"988",35,"undammed","BRZ",2021,78.88431,38.2577949701535,0,5,"215",0,0,NA,14036.8486550432,0,"2021.BRZ.35",276,1,5,2,0,5,0,0,0,-0.939641437061175
"989",35,"undammed","BRZ",2021,78.88431,38.2577949701535,0,6,"216",0,445.472675218769,0.179473755521982,14036.8486550432,0,"2021.BRZ.35",276,1,6,2,0,6,0,0,1,-0.939641437061175
"990",35,"undammed","BRZ",2021,78.88431,38.2577949701535,0,7,"217",0,16440.3883032107,0.214769756225088,14036.8486550432,0,"2021.BRZ.35",276,1,7,2,0,7,0,0,1,-0.939641437061175
"991",35,"undammed","BRZ",2021,78.88431,38.2577949701535,0,8,"218",0,9378.74851454193,0.210819088583514,14036.8486550432,0,"2021.BRZ.35",276,1,8,2,0,8,0,0,1,-0.939641437061175
"992",36,"dammed","BRZ",2021,75.44962,50.4357283457681,1.13333326444543,5,"215",0,2606.09145606546,0.27446086203367,12354.345835017,4.53333305778172,"2021.BRZ.36",280,1,5,2,1,5,0,0,1,0.500932363790163
"993",36,"dammed","BRZ",2021,75.44962,50.4357283457681,1.13333326444543,6,"216",0,13589.2057047825,0.218637157568736,12354.345835017,4.53333305778172,"2021.BRZ.36",280,1,6,2,1,6,0,0,1,0.500932363790163
"994",36,"dammed","BRZ",2021,75.44962,50.4357283457681,1.13333326444543,7,"217",0,19125.668067962,0.252952362117061,12354.345835017,4.53333305778172,"2021.BRZ.36",280,1,7,2,1,7,0,0,1,0.500932363790163
"995",36,"dammed","BRZ",2021,75.44962,50.4357283457681,1.13333326444543,8,"218",0,14935.5617088767,0.233759393275077,12354.345835017,4.53333305778172,"2021.BRZ.36",280,1,8,2,1,8,0,0,1,0.500932363790163
"996",36,"undammed","BRZ",2021,74.119545,63.1144312656886,0,5,"215",0,5020.32682489133,0.280820481889995,20636.5195340514,0,"2021.BRZ.36",280,1,5,2,0,5,0,0,1,-0.939641437061175
"997",36,"undammed","BRZ",2021,74.119545,63.1144312656886,0,6,"216",0,17687.1130563773,0.23011395737172,20636.5195340514,0,"2021.BRZ.36",280,1,6,2,0,6,0,0,1,-0.939641437061175
"998",36,"undammed","BRZ",2021,74.119545,63.1144312656886,0,7,"217",0,22369.0410194846,0.256258787832285,20636.5195340514,0,"2021.BRZ.36",280,1,7,2,0,7,0,0,1,-0.939641437061175
"999",36,"undammed","BRZ",2021,74.119545,63.1144312656886,0,8,"218",0,18417.8545989392,0.264521529157725,20636.5195340514,0,"2021.BRZ.36",280,1,8,2,0,8,0,0,1,-0.939641437061175
"1000",1,"dammed","BRZ",2023,288.19574,43.9122949695384,1.1459914466369,6,"236",371.520441945394,19604.3782681334,0.572127611867679,4678.31709426455,4.5839657865476,"2023.BRZ.1",3,1,10,3,1,10,5.92029191401964,1,1,0.517022110913537
"1001",1,"dammed","BRZ",2023,288.19574,43.9122949695384,1.1459914466369,7,"237",150.013685173381,19787.4670230641,0.540527046906704,4678.31709426455,4.5839657865476,"2023.BRZ.1",3,1,11,3,1,11,5.01737046299554,1,1,0.517022110913537
"1002",1,"dammed","BRZ",2023,288.19574,43.9122949695384,1.1459914466369,8,"238",253.435656590555,18825.4428734574,0.543193746925549,4678.31709426455,4.5839657865476,"2023.BRZ.1",3,1,12,3,1,12,5.5390479811986,1,1,0.517022110913537
"1003",1,"undammed","BRZ",2023,288.19574,42.5459042150794,0,5,"235",1648.7732089218,20085.2396511003,0.448544979298205,5942.08397926763,0,"2023.BRZ.1",3,1,9,3,0,9,7.40839310830932,1,1,-0.939641437061175
"1004",1,"undammed","BRZ",2023,288.19574,42.5459042150794,0,6,"236",1705.23944076393,21196.9304780549,0.545938457619981,5942.08397926763,0,"2023.BRZ.1",3,1,10,3,0,10,7.44204707035086,1,1,-0.939641437061175
"1005",1,"undammed","BRZ",2023,288.19574,42.5459042150794,0,7,"237",1760.651118106,20863.9425169103,0.467735701716374,5942.08397926763,0,"2023.BRZ.1",3,1,11,3,0,11,7.47400678354581,1,1,-0.939641437061175
"1006",1,"undammed","BRZ",2023,288.19574,42.5459042150794,0,8,"238",1300.43156796016,21927.7755318137,0.465767255668228,5942.08397926763,0,"2023.BRZ.1",3,1,12,3,0,12,7.17122014369013,1,1,-0.939641437061175
"1007",4,"dammed","BRZ",2023,288.17282,36.2669894213994,1.12719975714843,5,"235",0,12541.7436935724,0.42655437335079,5463.9466358088,4.50879902859372,"2023.BRZ.4",36,1,9,3,1,9,0,0,1,0.493136095740348
"1008",4,"dammed","BRZ",2023,288.17282,36.2669894213994,1.12719975714843,6,"236",12.3054666002591,16462.8319120818,0.435947792723799,5463.9466358088,4.50879902859372,"2023.BRZ.4",36,1,10,3,1,10,2.58817497335694,1,1,0.493136095740348
"1009",4,"dammed","BRZ",2023,288.17282,36.2669894213994,1.12719975714843,7,"237",0,16632.8698099473,0.416688274319439,5463.9466358088,4.50879902859372,"2023.BRZ.4",36,1,11,3,1,11,0,0,1,0.493136095740348
"1010",4,"dammed","BRZ",2023,288.17282,36.2669894213994,1.12719975714843,8,"238",0,17221.1972754086,0.412722179568751,5463.9466358088,4.50879902859372,"2023.BRZ.4",36,1,12,3,1,12,0,0,1,0.493136095740348
"1011",4,"undammed","BRZ",2023,288.19574,34.4707027929274,0,6,"236",0,18792.3969833972,0.525559935242373,4543.4385534972,0,"2023.BRZ.4",36,1,10,3,0,10,0,0,1,-0.939641437061175
"1012",4,"undammed","BRZ",2023,288.19574,34.4707027929274,0,7,"237",0,18792.1361074709,0.501404605313537,4543.4385534972,0,"2023.BRZ.4",36,1,11,3,0,11,0,0,1,-0.939641437061175
"1013",4,"undammed","BRZ",2023,288.19574,34.4707027929274,0,8,"238",0,18858.5741307576,0.48638642340688,4543.4385534972,0,"2023.BRZ.4",36,1,12,3,0,12,0,0,1,-0.939641437061175
"1014",7,"dammed","BRZ",2023,197.18625,41.3557978296235,4.53558279083875,6,"236",149.313057041168,42830.2800012028,0.378891935538337,28958.9234607406,9.65017615072074,"2023.BRZ.7",62,1,10,3,1,10,5.0127201661804,1,1,2.12693027940813
"1015",7,"dammed","BRZ",2023,197.18625,41.3557978296235,4.53558279083875,7,"237",88.0762817336064,37371.4079153622,0.322759538144401,28958.9234607406,9.65017615072074,"2023.BRZ.7",62,1,11,3,1,11,4.48949310076369,1,1,2.12693027940813
"1016",7,"dammed","BRZ",2023,197.18625,41.3557978296235,4.53558279083875,8,"238",0,40815.269054338,0.306563286343681,28958.9234607406,9.65017615072074,"2023.BRZ.7",62,1,12,3,1,12,0,0,1,2.12693027940813
"1017",7,"undammed","BRZ",2023,198.69354,33.3616084459212,0,6,"236",1.37384725762349,34099.846383667,0.400800393982468,14614.4478824474,0,"2023.BRZ.7",62,1,10,3,0,10,0.864511954447621,1,1,-0.939641437061175
"1018",7,"undammed","BRZ",2023,198.69354,33.3616084459212,0,7,"237",0,29537.6038021013,0.356610668683042,14614.4478824474,0,"2023.BRZ.7",62,1,11,3,0,11,0,0,1,-0.939641437061175
"1019",7,"undammed","BRZ",2023,198.69354,33.3616084459212,0,8,"238",0,30269.5577541576,0.327857493136553,14614.4478824474,0,"2023.BRZ.7",62,1,12,3,0,12,0,0,1,-0.939641437061175
"1020",8,"dammed","BRZ",2023,186.30527,36.3125096165064,2.33911683125507,6,"236",66.4565444831755,22317.9995495067,0.486275430668352,5406.74312252924,6.68319094644306,"2023.BRZ.8",70,1,10,3,1,10,4.21148360512522,1,1,1.18410055604175
"1021",8,"dammed","BRZ",2023,186.30527,36.3125096165064,2.33911683125507,7,"237",427.217382924463,21207.0745592304,0.420011623107095,5406.74312252924,6.68319094644306,"2023.BRZ.8",70,1,11,3,1,11,6.05963097067132,1,1,1.18410055604175
"1022",8,"dammed","BRZ",2023,186.30527,36.3125096165064,2.33911683125507,8,"238",237.541571920993,21365.4054157332,0.38952746608869,5406.74312252924,6.68319094644306,"2023.BRZ.8",70,1,12,3,1,12,5.47454360088731,1,1,1.18410055604175
"1023",8,"undammed","BRZ",2023,185.86389,33.3366160281783,0,6,"236",0,23832.5478716682,0.46305388064293,4676.34741175175,0,"2023.BRZ.8",70,1,10,3,0,10,0,0,1,-0.939641437061175
"1024",8,"undammed","BRZ",2023,185.86389,33.3366160281783,0,7,"237",0,21787.1954740337,0.420240277490464,4676.34741175175,0,"2023.BRZ.8",70,1,11,3,0,11,0,0,1,-0.939641437061175
"1025",8,"undammed","BRZ",2023,185.86389,33.3366160281783,0,8,"238",0,22370.5712376015,0.402922925865755,4676.34741175175,0,"2023.BRZ.8",70,1,12,3,0,12,0,0,1,-0.939641437061175
"1026",14,"dammed","BRZ",2023,184.43645,32.4480805597392,7.92683428587118,6,"236",0,60465.2701386096,0.477932648336209,11944.6375576146,8.25711904778248,"2023.BRZ.14",131,1,10,3,1,10,0,0,1,1.68425343656334
"1027",14,"dammed","BRZ",2023,184.43645,32.4480805597392,7.92683428587118,7,"237",0,54177.2896210016,0.430870067773173,11944.6375576146,8.25711904778248,"2023.BRZ.14",131,1,11,3,1,11,0,0,1,1.68425343656334
"1028",14,"dammed","BRZ",2023,184.43645,32.4480805597392,7.92683428587118,8,"238",0,58222.4441885855,0.416757704198055,11944.6375576146,8.25711904778248,"2023.BRZ.14",131,1,12,3,1,12,0,0,1,1.68425343656334
"1029",14,"undammed","BRZ",2023,184.68866,42.3746263974852,2.29804546383828,6,"236",614.04350220339,66698.5418266745,0.436321298357748,36687.7203691043,2.39379735816487,"2023.BRZ.14",131,1,10,3,1,10,6.42169300059496,1,1,-0.178955708753607
"1030",14,"undammed","BRZ",2023,184.68866,42.3746263974852,2.29804546383828,7,"237",535.040050220957,62612.5746098537,0.384533442894081,36687.7203691043,2.39379735816487,"2023.BRZ.14",131,1,11,3,1,11,6.28420887884085,1,1,-0.178955708753607
"1031",14,"undammed","BRZ",2023,184.68866,42.3746263974852,2.29804546383828,8,"238",464.812200179287,65128.2557613896,0.360522969947212,36687.7203691043,2.39379735816487,"2023.BRZ.14",131,1,12,3,1,12,6.14378254899064,1,1,-0.178955708753607
"1032",15,"dammed","BRZ",2023,178.28409,39.5344738388887,1.22307033932837,6,"236",0,21354.9765083463,0.447148906180631,5460.00078299642,4.89228135731348,"2023.BRZ.15",140,1,10,3,1,10,0,0,1,0.614996675759912
"1033",15,"dammed","BRZ",2023,178.28409,39.5344738388887,1.22307033932837,7,"237",0,20603.2536364387,0.396001507210592,5460.00078299642,4.89228135731348,"2023.BRZ.15",140,1,11,3,1,11,0,0,1,0.614996675759912
"1034",15,"dammed","BRZ",2023,178.28409,39.5344738388887,1.22307033932837,8,"238",0,21241.1182943606,0.402729181369697,5460.00078299642,4.89228135731348,"2023.BRZ.15",140,1,12,3,1,12,0,0,1,0.614996675759912
"1035",15,"undammed","BRZ",2023,169.53835,32.8419803531882,0,6,"236",51.487295033885,15294.2406293084,0.409031844460088,3312.59497663379,0,"2023.BRZ.15",140,1,10,3,0,10,3.96057114095644,1,1,-0.939641437061175
"1036",15,"undammed","BRZ",2023,169.53835,32.8419803531882,0,7,"237",0,14613.9464781817,0.349568403369807,3312.59497663379,0,"2023.BRZ.15",140,1,11,3,0,11,0,0,1,-0.939641437061175
"1037",15,"undammed","BRZ",2023,169.53835,32.8419803531882,0,8,"238",0,15232.7299229042,0.352872936672865,3312.59497663379,0,"2023.BRZ.15",140,1,12,3,0,12,0,0,1,-0.939641437061175
"1038",20,"dammed","BRZ",2023,148.63518,37.4175006030476,1.17290965847374,6,"236",346.347084038164,13110.3325316784,0.421329757683595,4739.02703348547,4.69163863389496,"2023.BRZ.20",184,1,10,3,1,10,5.85032452222288,1,1,0.551237704820853
"1039",20,"dammed","BRZ",2023,148.63518,37.4175006030476,1.17290965847374,7,"237",67.0237614790599,12804.319894828,0.374239543844441,4739.02703348547,4.69163863389496,"2023.BRZ.20",184,1,11,3,1,11,4.21985707765402,1,1,0.551237704820853
"1040",20,"dammed","BRZ",2023,148.63518,37.4175006030476,1.17290965847374,8,"238",67.0237614790599,13951.6706099865,0.3708646646729,4739.02703348547,4.69163863389496,"2023.BRZ.20",184,1,12,3,1,12,4.21985707765402,1,1,0.551237704820853
"1041",20,"undammed","BRZ",2023,169.14276,40.2387175128462,0,6,"236",4.24847149708692,18820.2899956797,0.427040798974694,5776.36946702003,0,"2023.BRZ.20",184,1,10,3,0,10,1.65793689080105,1,1,-0.939641437061175
"1042",20,"undammed","BRZ",2023,169.14276,40.2387175128462,0,7,"237",0,17909.8564855837,0.372571482230649,5776.36946702003,0,"2023.BRZ.20",184,1,11,3,0,11,0,0,1,-0.939641437061175
"1043",20,"undammed","BRZ",2023,169.14276,40.2387175128462,0,8,"238",0,19162.1635992611,0.370817013956186,5776.36946702003,0,"2023.BRZ.20",184,1,12,3,0,12,0,0,1,-0.939641437061175
"1044",21,"dammed","BRZ",2023,140.28333,38.8199488115185,1.16043929024434,6,"236",170.796533085084,13146.1039762609,0.381084937178587,10820.1360251345,4.64175716097736,"2023.BRZ.21",195,1,10,3,1,10,5.14631082939941,1,1,0.535386687011865
"1045",21,"dammed","BRZ",2023,140.28333,38.8199488115185,1.16043929024434,7,"237",89.4411941766739,10299.5143804812,0.29233490441751,10820.1360251345,4.64175716097736,"2023.BRZ.21",195,1,11,3,1,11,4.50469985139904,1,1,0.535386687011865
"1046",21,"dammed","BRZ",2023,140.28333,38.8199488115185,1.16043929024434,8,"238",0,11248.8974601297,0.271587338671321,10820.1360251345,4.64175716097736,"2023.BRZ.21",195,1,12,3,1,12,0,0,1,0.535386687011865
"1047",21,"undammed","BRZ",2023,140.34065,42.7609551654156,0,6,"236",32.4704883402469,10900.7400849286,0.350958534543879,9212.36428364739,0,"2023.BRZ.21",195,1,10,3,0,10,3.51066410550362,1,1,-0.939641437061175
"1048",21,"undammed","BRZ",2023,140.34065,42.7609551654156,0,7,"237",0,6220.32356779809,0.264681823920671,9212.36428364739,0,"2023.BRZ.21",195,1,11,3,0,11,0,0,1,-0.939641437061175
"1049",21,"undammed","BRZ",2023,140.34065,42.7609551654156,0,8,"238",0,6692.79399599561,0.247980804919337,9212.36428364739,0,"2023.BRZ.21",195,1,12,3,0,12,0,0,1,-0.939641437061175
"1050",22,"dammed","BRZ",2023,130.95294,37.3552887973866,2.37625007732003,5,"235",900.169824244929,25787.2076426188,0.367296498343684,5050.80674183369,6.98897081564715,"2023.BRZ.22",207,1,9,3,1,9,6.80369372402604,1,1,1.28126934174282
"1051",22,"dammed","BRZ",2023,130.95294,37.3552887973866,2.37625007732003,6,"236",938.018058947722,23439.8734991335,0.345458540909886,5050.80674183369,6.98897081564715,"2023.BRZ.22",207,1,10,3,1,10,6.84483471112953,1,1,1.28126934174282
"1052",22,"dammed","BRZ",2023,130.95294,37.3552887973866,2.37625007732003,7,"237",730.961345125647,16917.9531994988,0.244994707704054,5050.80674183369,6.98897081564715,"2023.BRZ.22",207,1,11,3,1,11,6.59572770536156,1,1,1.28126934174282
"1053",22,"dammed","BRZ",2023,130.95294,37.3552887973866,2.37625007732003,8,"238",131.88069888517,18752.7958085602,0.235507756951737,5050.80674183369,6.98897081564715,"2023.BRZ.22",207,1,12,3,1,12,4.88945172481236,1,1,1.28126934174282
"1054",22,"undammed","BRZ",2023,137.83505,36.4089577357861,0,5,"235",0,19572.7851100548,0.367184110176251,3943.07055542991,0,"2023.BRZ.22",207,1,9,3,0,9,0,0,1,-0.939641437061175
"1055",22,"undammed","BRZ",2023,137.83505,36.4089577357861,0,6,"236",0,19615.7112489289,0.340166326878018,3943.07055542991,0,"2023.BRZ.22",207,1,10,3,0,10,0,0,1,-0.939641437061175
"1056",22,"undammed","BRZ",2023,137.83505,36.4089577357861,0,7,"237",85.418009957379,12646.9991348566,0.2760139008396,3943.07055542991,0,"2023.BRZ.22",207,1,11,3,0,11,4.4591961026684,1,1,-0.939641437061175
"1057",22,"undammed","BRZ",2023,137.83505,36.4089577357861,0,8,"238",0,14456.1856646369,0.253502905925074,3943.07055542991,0,"2023.BRZ.22",207,1,12,3,0,12,0,0,1,-0.939641437061175
"1058",23,"dammed","BRZ",2023,130.47139,33.9058597249458,3.48229751547127,5,"235",335.587763816703,14920.1095716888,0.333046225034602,3804.01015352458,11.2332177918428,"2023.BRZ.23",216,1,9,3,1,9,5.81885892879857,1,1,2.62997920274778
"1059",23,"dammed","BRZ",2023,130.47139,33.9058597249458,3.48229751547127,6,"236",452.477438666306,13462.6621754665,0.320338732203768,3804.01015352458,11.2332177918428,"2023.BRZ.23",216,1,10,3,1,10,6.11694551896,1,1,2.62997920274778
"1060",23,"dammed","BRZ",2023,130.47139,33.9058597249458,3.48229751547127,7,"237",255.468019650497,7415.83013305664,0.256370693027647,3804.01015352458,11.2332177918428,"2023.BRZ.23",216,1,11,3,1,11,5.5470039771125,1,1,2.62997920274778
"1061",23,"dammed","BRZ",2023,130.47139,33.9058597249458,3.48229751547127,8,"238",0,8300.30478210449,0.233002339208363,3804.01015352458,11.2332177918428,"2023.BRZ.23",216,1,12,3,1,12,0,0,1,2.62997920274778
"1062",23,"undammed","BRZ",2023,129.3762,31.3414308779289,0,5,"235",0,12074.2730649163,0.321686476103972,3164.79515999183,0,"2023.BRZ.23",216,1,9,3,0,9,0,0,1,-0.939641437061175
"1063",23,"undammed","BRZ",2023,129.3762,31.3414308779289,0,6,"236",0,12252.8018873626,0.309335943119908,3164.79515999183,0,"2023.BRZ.23",216,1,10,3,0,10,0,0,1,-0.939641437061175
"1064",23,"undammed","BRZ",2023,129.3762,31.3414308779289,0,7,"237",0,7657.39129249722,0.260907837992596,3164.79515999183,0,"2023.BRZ.23",216,1,11,3,0,11,0,0,1,-0.939641437061175
"1065",23,"undammed","BRZ",2023,129.3762,31.3414308779289,0,8,"238",0,8571.72380595488,0.249298478629465,3164.79515999183,0,"2023.BRZ.23",216,1,12,3,0,12,0,0,1,-0.939641437061175
"1066",25,"dammed","BRZ",2023,89.14731,47.1052487155705,4.93569567552346,5,"235",0,30378.0700313194,0.291281038649165,38299.6292305458,7.36670996346785,"2023.BRZ.25",228,1,9,3,1,9,0,0,1,1.40130489019482
"1067",25,"dammed","BRZ",2023,89.14731,47.1052487155705,4.93569567552346,6,"236",483.755442967836,30418.9125772813,0.292490677559771,38299.6292305458,7.36670996346785,"2023.BRZ.25",228,1,10,3,1,10,6.18364452246165,1,1,1.40130489019482
"1068",25,"dammed","BRZ",2023,89.14731,47.1052487155705,4.93569567552346,7,"237",2205.60975045994,14425.5499599681,0.24357890056061,38299.6292305458,7.36670996346785,"2023.BRZ.25",228,1,11,3,1,11,7.69921256708738,1,1,1.40130489019482
"1069",25,"dammed","BRZ",2023,89.14731,47.1052487155705,4.93569567552346,8,"238",162.555259984147,21584.1640682744,0.247273599658684,38299.6292305458,7.36670996346785,"2023.BRZ.25",228,1,12,3,1,12,5.09715091478882,1,1,1.40130489019482
"1070",25,"undammed","BRZ",2023,90.13914,41.4188296406136,1.21529413301775,6,"236",667.828097142425,36654.4948762781,0.296176689181619,17358.0730592217,1.813871840325,"2023.BRZ.25",228,1,10,3,1,10,6.50552707216559,1,1,-0.363240758362131
"1071",25,"undammed","BRZ",2023,90.13914,41.4188296406136,1.21529413301775,7,"237",732.190877927986,17716.0903293984,0.249454384048265,17358.0730592217,1.813871840325,"2023.BRZ.25",228,1,11,3,1,11,6.59740607443696,1,1,-0.363240758362131
"1072",25,"undammed","BRZ",2023,90.13914,41.4188296406136,1.21529413301775,8,"238",251.090768948957,26028.9556096694,0.249315534601127,17358.0730592217,1.813871840325,"2023.BRZ.25",228,1,12,3,1,12,5.52978921689894,1,1,-0.363240758362131
"1073",26,"dammed","BRZ",2023,87.65684,43.1900029880484,2.46058911492925,5,"235",0,13746.2067304723,0.301546441121339,18863.561516311,7.68934098415391,"2023.BRZ.26",235,1,9,3,1,9,0,0,1,1.50382852784029
"1074",26,"dammed","BRZ",2023,87.65684,43.1900029880484,2.46058911492925,6,"236",253.34161621823,13263.0447014304,0.310441876708625,18863.561516311,7.68934098415391,"2023.BRZ.26",235,1,10,3,1,10,5.53867830913021,1,1,1.50382852784029
"1075",26,"dammed","BRZ",2023,87.65684,43.1900029880484,2.46058911492925,7,"237",1050.02875093292,8267.87377292409,0.254739888925182,18863.561516311,7.68934098415391,"2023.BRZ.26",235,1,11,3,1,11,6.95752472629053,1,1,1.50382852784029
"1076",26,"dammed","BRZ",2023,87.65684,43.1900029880484,2.46058911492925,8,"238",190.144407935002,10224.3381860471,0.252977361332033,18863.561516311,7.68934098415391,"2023.BRZ.26",235,1,12,3,1,12,5.25302920486229,1,1,1.50382852784029
"1077",26,"undammed","BRZ",2023,79.12508,41.1778610458699,0,6,"236",658.917620875789,7538.98438050513,0.255667980348308,13054.1413460076,0,"2023.BRZ.26",235,1,10,3,0,10,6.49211501037533,1,1,-0.939641437061175
"1078",26,"undammed","BRZ",2023,79.12508,41.1778610458699,0,7,"237",526.70099717589,1807.01001212924,0.220629850531539,13054.1413460076,0,"2023.BRZ.26",235,1,11,3,0,11,6.26852983007421,1,1,-0.939641437061175
"1079",26,"undammed","BRZ",2023,79.12508,41.1778610458699,0,8,"238",141.32300112902,4738.69299418132,0.212627816040702,13054.1413460076,0,"2023.BRZ.26",235,1,12,3,0,12,4.95809913032623,1,1,-0.939641437061175
"1080",27,"dammed","BRZ",2023,69.79888,54.256879679351,2.48457172997569,5,"235",0,10011.7715868482,0.297365396631757,30241.6224552058,6.05993104872119,"2023.BRZ.27",240,1,9,3,1,9,0,0,1,0.986044982287206
"1081",27,"dammed","BRZ",2023,69.79888,54.256879679351,2.48457172997569,6,"236",856.523315348111,12728.6144199147,0.305587758522651,30241.6224552058,6.05993104872119,"2023.BRZ.27",240,1,10,3,1,10,6.75404836858079,1,1,0.986044982287206
"1082",27,"dammed","BRZ",2023,69.79888,54.256879679351,2.48457172997569,7,"237",0,10446.4766633277,0.271313762872685,30241.6224552058,6.05993104872119,"2023.BRZ.27",240,1,11,3,1,11,0,0,1,0.986044982287206
"1083",27,"dammed","BRZ",2023,69.79888,54.256879679351,2.48457172997569,8,"238",0,12984.3142188577,0.273473534547314,30241.6224552058,6.05993104872119,"2023.BRZ.27",240,1,12,3,1,12,0,0,1,0.986044982287206
"1084",27,"undammed","BRZ",2023,73.83291,58.598394574619,0,5,"235",0,8659.2403168323,0.306928301857901,19182.2980269659,0,"2023.BRZ.27",240,1,9,3,0,9,0,0,1,-0.939641437061175
"1085",27,"undammed","BRZ",2023,73.83291,58.598394574619,0,6,"236",442.6428637556,9552.22680511475,0.329363006139113,19182.2980269659,0,"2023.BRZ.27",240,1,10,3,0,10,6.0950198778496,1,1,-0.939641437061175
"1086",27,"undammed","BRZ",2023,73.83291,58.598394574619,0,7,"237",1.06519894085678,8807.10798866422,0.293345079813545,19182.2980269659,0,"2023.BRZ.27",240,1,11,3,0,11,0.725226561170611,1,1,-0.939641437061175
"1087",27,"undammed","BRZ",2023,73.83291,58.598394574619,0,8,"238",0,9171.68948795094,0.291104030032011,19182.2980269659,0,"2023.BRZ.27",240,1,12,3,0,12,0,0,1,-0.939641437061175
"1088",28,"dammed","BRZ",2023,69.724365,53.2433854274711,1.25834050936424,5,"235",0,7562.65910013236,0.3117056947768,19683.8005795451,5.03336203745696,"2023.BRZ.28",245,1,9,3,1,9,0,0,1,0.65982839869545
"1089",28,"dammed","BRZ",2023,69.724365,53.2433854274711,1.25834050936424,6,"236",2123.29403585827,7316.91002649045,0.319028753522154,19683.8005795451,5.03336203745696,"2023.BRZ.28",245,1,10,3,1,10,7.66119480774212,1,1,0.65982839869545
"1090",28,"dammed","BRZ",2023,69.724365,53.2433854274711,1.25834050936424,7,"237",0,7086.86442544974,0.281906498299904,19683.8005795451,5.03336203745696,"2023.BRZ.28",245,1,11,3,1,11,0,0,1,0.65982839869545
"1091",28,"dammed","BRZ",2023,69.724365,53.2433854274711,1.25834050936424,8,"238",0,8426.04460769354,0.279857123498554,19683.8005795451,5.03336203745696,"2023.BRZ.28",245,1,12,3,1,12,0,0,1,0.65982839869545
"1092",28,"undammed","BRZ",2023,65.98762,42.0500688302812,0,5,"235",0,6884.51235172047,0.332528847982004,11091.3837279025,0,"2023.BRZ.28",245,1,9,3,0,9,0,0,1,-0.939641437061175
"1093",28,"undammed","BRZ",2023,65.98762,42.0500688302812,0,6,"236",102.777650350917,7351.69499721153,0.323072883008022,11091.3837279025,0,"2023.BRZ.28",245,1,10,3,0,10,4.64225063300991,1,1,-0.939641437061175
"1094",28,"undammed","BRZ",2023,65.98762,42.0500688302812,0,7,"237",0,6384.60941853243,0.278662159834507,11091.3837279025,0,"2023.BRZ.28",245,1,11,3,0,11,0,0,1,-0.939641437061175
"1095",28,"undammed","BRZ",2023,65.98762,42.0500688302812,0,8,"238",0,6735.32531415154,0.277528449863409,11091.3837279025,0,"2023.BRZ.28",245,1,12,3,0,12,0,0,1,-0.939641437061175
"1096",31,"dammed","BRZ",2023,65.517525,50.6954003207936,6.05968910800353,6,"236",5972.36055419749,18693.3275391223,0.275464459094506,68099.5397951286,6.24710217319952,"2023.BRZ.31",259,1,10,3,1,10,8.69506495491474,1,1,1.0455230340347
"1097",31,"dammed","BRZ",2023,65.517525,50.6954003207936,6.05968910800353,7,"237",183.133080119946,14166.6273395613,0.241374796108202,68099.5397951286,6.24710217319952,"2023.BRZ.31",259,1,11,3,1,11,5.21565875770286,1,1,1.0455230340347
"1098",31,"dammed","BRZ",2023,65.517525,50.6954003207936,6.05968910800353,8,"238",0,18411.9593780218,0.248379376281217,68099.5397951286,6.24710217319952,"2023.BRZ.31",259,1,12,3,1,12,0,0,1,1.0455230340347
"1099",31,"undammed","BRZ",2023,65.89589,55.3338563074328,4.90416075759914,5,"235",236.881115909651,18434.927753613,0.285059573387526,66864.044676627,5.1622744816833,"2023.BRZ.31",259,1,9,3,1,9,5.47177103588864,1,1,0.700793376866953
"1100",31,"undammed","BRZ",2023,65.89589,55.3338563074328,4.90416075759914,6,"236",2514.04570592502,19145.8189205394,0.280519901254028,66864.044676627,5.1622744816833,"2023.BRZ.31",259,1,10,3,1,10,7.83004625569873,1,1,0.700793376866953
"1101",31,"undammed","BRZ",2023,65.89589,55.3338563074328,4.90416075759914,7,"237",673.86752525568,12715.9057536106,0.251230002398578,66864.044676627,5.1622744816833,"2023.BRZ.31",259,1,11,3,1,11,6.51451641273076,1,1,0.700793376866953
"1102",31,"undammed","BRZ",2023,65.89589,55.3338563074328,4.90416075759914,8,"238",0,16696.7494928098,0.25108833245887,66864.044676627,5.1622744816833,"2023.BRZ.31",259,1,12,3,1,12,0,0,1,0.700793376866953
"1103",32,"dammed","BRZ",2023,63.115032,43.4589150743138,2.5271539749715,5,"235",1801.94673736563,15946.4011540132,0.282376055243417,35587.1438299669,5.37692335100319,"2023.BRZ.32",265,1,9,3,1,9,7.49717768164974,1,1,0.76900313193752
"1104",32,"dammed","BRZ",2023,63.115032,43.4589150743138,2.5271539749715,6,"236",2383.44245355153,18791.9169652004,0.276140605344117,35587.1438299669,5.37692335100319,"2023.BRZ.32",265,1,10,3,1,10,7.77672060389769,1,1,0.76900313193752
"1105",32,"dammed","BRZ",2023,63.115032,43.4589150743138,2.5271539749715,7,"237",995.778826493142,11280.6971491197,0.246056908225424,35587.1438299669,5.37692335100319,"2023.BRZ.32",265,1,11,3,1,11,6.90452890632799,1,1,0.76900313193752
"1106",32,"dammed","BRZ",2023,63.115032,43.4589150743138,2.5271539749715,8,"238",559.700233948231,16264.1983135747,0.250465652814512,35587.1438299669,5.37692335100319,"2023.BRZ.32",265,1,12,3,1,12,6.32918642037268,1,1,0.76900313193752
"1107",32,"undammed","BRZ",2023,48.841095,43.857099353629,0,5,"235",0,7795.09563380223,0.285817657600516,26847.9248879333,0,"2023.BRZ.32",265,1,9,3,0,9,0,0,1,-0.939641437061175
"1108",32,"undammed","BRZ",2023,48.841095,43.857099353629,0,6,"236",0,9017.81548608518,0.252623669396039,26847.9248879333,0,"2023.BRZ.32",265,1,10,3,0,10,0,0,1,-0.939641437061175
"1109",32,"undammed","BRZ",2023,48.841095,43.857099353629,0,7,"237",0,1939.15292172899,0.225109104828506,26847.9248879333,0,"2023.BRZ.32",265,1,11,3,0,11,0,0,1,-0.939641437061175
"1110",32,"undammed","BRZ",2023,48.841095,43.857099353629,0,8,"238",0,5001.53757770015,0.231584641290231,26847.9248879333,0,"2023.BRZ.32",265,1,12,3,0,12,0,0,1,-0.939641437061175
"1111",1,"dammed","LRB",2019,672.3868,37.6509796373477,1.13466707691804,5,"195",1216.93450222109,17601.0211431466,0.497092801772653,4070.93690628558,4.53866830767216,"2019.LRB.1",7,3,1,1,1,1,7.10491167196439,1,1,0.502627765631413
"1112",1,"dammed","LRB",2019,672.3868,37.6509796373477,1.13466707691804,6,"196",873.376462613134,17840.3171217376,0.491197111378541,4070.93690628558,4.53866830767216,"2019.LRB.1",7,3,2,1,1,2,6.77351101817104,1,1,0.502627765631413
"1113",1,"dammed","LRB",2019,672.3868,37.6509796373477,1.13466707691804,7,"197",1216.93450222109,17067.3763744279,0.480487925746643,4070.93690628558,4.53866830767216,"2019.LRB.1",7,3,3,1,1,3,7.10491167196439,1,1,0.502627765631413
"1114",1,"dammed","LRB",2019,672.3868,37.6509796373477,1.13466707691804,8,"198",1868.54598466415,15793.9272166233,0.43327897260426,4070.93690628558,4.53866830767216,"2019.LRB.1",7,3,4,1,1,4,7.53345089142097,1,1,0.502627765631413
"1115",1,"undammed","LRB",2019,672.3525,40.9500706267241,0,5,"195",2114.70469698368,26628.2380054848,0.566219753543707,13254.1679663658,0,"2019.LRB.1",7,3,1,1,0,1,7.6571432260481,1,1,-0.939641437061175
"1116",1,"undammed","LRB",2019,672.3525,40.9500706267241,0,6,"196",2022.88550577561,27013.1561723298,0.546279747333806,13254.1679663658,0,"2019.LRB.1",7,3,2,1,0,2,7.61277446051463,1,1,-0.939641437061175
"1117",1,"undammed","LRB",2019,672.3525,40.9500706267241,0,7,"197",2179.19577031136,26529.0749249327,0.5486559098401,13254.1679663658,0,"2019.LRB.1",7,3,3,1,0,3,7.68716995464622,1,1,-0.939641437061175
"1118",1,"undammed","LRB",2019,672.3525,40.9500706267241,0,8,"198",3044.24817016008,25549.9518983729,0.531984670370627,13254.1679663658,0,"2019.LRB.1",7,3,4,1,0,4,8.02133767769657,1,1,-0.939641437061175
"1119",2,"dammed","LRB",2019,494.58347,40.5844423396086,1.12909496344523,5,"195",729.08759110418,16861.083568947,0.388127059563783,3959.96207667887,4.51637985378092,"2019.LRB.2",21,3,1,1,1,1,6.59316451475842,1,1,0.495545082244167
"1120",2,"dammed","LRB",2019,494.58347,40.5844423396086,1.12909496344523,6,"196",729.08759110418,17760.0754770316,0.374022450622543,3959.96207667887,4.51637985378092,"2019.LRB.2",21,3,2,1,1,2,6.59316451475842,1,1,0.495545082244167
"1121",2,"dammed","LRB",2019,494.58347,40.5844423396086,1.12909496344523,7,"197",766.378001077736,20454.1867473527,0.391676251055375,3959.96207667887,4.51637985378092,"2019.LRB.2",21,3,3,1,1,3,6.64297951057596,1,1,0.495545082244167
"1122",2,"dammed","LRB",2019,494.58347,40.5844423396086,1.12909496344523,8,"198",1088.60868071318,19701.8954770855,0.442724734662566,3959.96207667887,4.51637985378092,"2019.LRB.2",21,3,4,1,1,4,6.99357390224418,1,1,0.495545082244167
"1123",2,"undammed","LRB",2019,494.66364,38.5927465863009,0,5,"195",633.608832892483,13835.2880087759,0.371769921415443,3956.79840435088,0,"2019.LRB.2",21,3,1,1,0,1,6.4530087978869,1,1,-0.939641437061175
"1124",2,"undammed","LRB",2019,494.66364,38.5927465863009,0,6,"196",416.098343175065,14625.2118046779,0.361716165560138,3956.79840435088,0,"2019.LRB.2",21,3,2,1,0,2,6.0333220289463,1,1,-0.939641437061175
"1125",2,"undammed","LRB",2019,494.66364,38.5927465863009,0,7,"197",927.42671831706,14000.8048242008,0.358128631620225,3956.79840435088,0,"2019.LRB.2",21,3,3,1,0,3,6.83349145287142,1,1,-0.939641437061175
"1126",2,"undammed","LRB",2019,494.66364,38.5927465863009,0,8,"198",953.063560492852,13790.3211239085,0.363538056163176,3956.79840435088,0,"2019.LRB.2",21,3,4,1,0,4,6.86073029448348,1,1,-0.939641437061175
"1127",3,"dammed","LRB",2019,492.27527,41.6981692015964,1.12950902822998,5,"195",513.213489755228,15708.2030782363,0.265174494236199,3954.06193484366,4.51803611291992,"2019.LRB.3",30,3,1,1,1,1,6.24263852893969,1,1,0.496071397759187
"1128",3,"dammed","LRB",2019,492.27527,41.6981692015964,1.12950902822998,6,"196",309.60221533752,17241.0605166566,0.258368436221213,3954.06193484366,4.51803611291992,"2019.LRB.3",30,3,2,1,1,2,5.73851304313448,1,1,0.496071397759187
"1129",3,"dammed","LRB",2019,492.27527,41.6981692015964,1.12950902822998,7,"197",1408.90831495453,17333.3627950332,0.329174191661945,3954.06193484366,4.51803611291992,"2019.LRB.3",30,3,3,1,1,3,7.25127995640306,1,1,0.496071397759187
"1130",3,"dammed","LRB",2019,492.27527,41.6981692015964,1.12950902822998,8,"198",2014.08906539866,16250.7901581708,0.480292212031325,3954.06193484366,4.51803611291992,"2019.LRB.3",30,3,4,1,1,4,7.60841867459434,1,1,0.496071397759187
"1131",3,"undammed","LRB",2019,492.1149,39.3487808924273,0,5,"195",292.039687338997,17183.6549974928,0.294334885328605,3455.66294637322,0,"2019.LRB.3",30,3,1,1,0,1,5.68030805151325,1,1,-0.939641437061175
"1132",3,"undammed","LRB",2019,492.1149,39.3487808924273,0,6,"196",291.631748252756,18790.0470663632,0.297205417157802,3455.66294637322,0,"2019.LRB.3",30,3,2,1,0,2,5.6789149866396,1,1,-0.939641437061175
"1133",3,"undammed","LRB",2019,492.1149,39.3487808924273,0,7,"197",1141.41794595017,17580.090309891,0.390555600924717,3455.66294637322,0,"2019.LRB.3",30,3,3,1,0,3,7.04090230045193,1,1,-0.939641437061175
"1134",3,"undammed","LRB",2019,492.1149,39.3487808924273,0,8,"198",1847.23677467505,15722.1345711203,0.530745850659034,3455.66294637322,0,"2019.LRB.3",30,3,4,1,0,4,7.52198736881851,1,1,-0.939641437061175
"1135",4,"dammed","LRB",2019,463.3102,33.3317429855736,1.14111284971712,5,"195",0,11222.3032224767,0.300719225004821,3352.22841146588,4.56445139886848,"2019.LRB.4",38,3,1,1,1,1,0,0,1,0.510820952677007
"1136",4,"dammed","LRB",2019,463.3102,33.3317429855736,1.14111284971712,6,"196",0,12465.8298221663,0.318085279588679,3352.22841146588,4.56445139886848,"2019.LRB.4",38,3,2,1,1,2,0,0,1,0.510820952677007
"1137",4,"dammed","LRB",2019,463.3102,33.3317429855736,1.14111284971712,7,"197",108.300424465479,13446.7806323182,0.404318095352505,3352.22841146588,4.56445139886848,"2019.LRB.4",38,3,3,1,1,3,4.69410027866515,1,1,0.510820952677007
"1138",4,"dammed","LRB",2019,463.3102,33.3317429855736,1.14111284971712,8,"198",108.300424465479,15078.9211008708,0.471917995362998,3352.22841146588,4.56445139886848,"2019.LRB.4",38,3,4,1,1,4,4.69410027866515,1,1,0.510820952677007
"1139",4,"undammed","LRB",2019,463.3331,39.0020508125411,0,5,"195",898.475479922575,13645.0947786219,0.358155410314866,3522.04772128165,0,"2019.LRB.4",38,3,1,1,0,1,6.8018117933443,1,1,-0.939641437061175
"1140",4,"undammed","LRB",2019,463.3331,39.0020508125411,0,6,"196",732.046294369183,14238.7239639581,0.367983688456676,3522.04772128165,0,"2019.LRB.4",38,3,2,1,0,2,6.59720885728546,1,1,-0.939641437061175
"1141",4,"undammed","LRB",2019,463.3331,39.0020508125411,0,7,"197",1351.90467954991,14440.0875925999,0.374625856490994,3522.04772128165,0,"2019.LRB.4",38,3,3,1,0,3,7.21000917450636,1,1,-0.939641437061175
"1142",4,"undammed","LRB",2019,463.3331,39.0020508125411,0,8,"198",1748.59382640965,14287.8842809939,0.421593603519749,3522.04772128165,0,"2019.LRB.4",38,3,4,1,0,4,7.46713894078389,1,1,-0.939641437061175
"1143",5,"dammed","LRB",2019,377.5372,38.3867269209675,1.14089891626237,5,"195",595.856652949838,17717.0981976977,0.463869492154979,3958.80254566669,4.56359566504948,"2019.LRB.5",46,3,1,1,1,1,6.3916769722492,1,1,0.510549023016326
"1144",5,"dammed","LRB",2019,377.5372,38.3867269209675,1.14089891626237,6,"196",502.952435187499,17856.6255027921,0.444355682077886,3958.80254566669,4.56359566504948,"2019.LRB.5",46,3,2,1,1,2,6.22248188898983,1,1,0.510549023016326
"1145",5,"dammed","LRB",2019,377.5372,38.3867269209675,1.14089891626237,7,"197",804.401582491164,20196.0708127489,0.434296888312936,3958.80254566669,4.56359566504948,"2019.LRB.5",46,3,3,1,1,3,6.69134101326663,1,1,0.510549023016326
"1146",5,"dammed","LRB",2019,377.5372,38.3867269209675,1.14089891626237,8,"198",972.856953379687,19913.3514255898,0.428550585607652,3958.80254566669,4.56359566504948,"2019.LRB.5",46,3,4,1,1,4,6.88126442774354,1,1,0.510549023016326
"1147",5,"undammed","LRB",2019,378.5061,35.4849893975155,0,5,"195",0,14108.2122450585,0.44307553584282,3576.07873144746,0,"2019.LRB.5",46,3,1,1,0,1,0,0,1,-0.939641437061175
"1148",5,"undammed","LRB",2019,378.5061,35.4849893975155,0,6,"196",0,14556.6107811124,0.420065713210289,3576.07873144746,0,"2019.LRB.5",46,3,2,1,0,2,0,0,1,-0.939641437061175
"1149",5,"undammed","LRB",2019,378.5061,35.4849893975155,0,7,"197",237.963383421711,17198.5542080748,0.414468512445685,3576.07873144746,0,"2019.LRB.5",46,3,3,1,0,3,5.47631033275351,1,1,-0.939641437061175
"1150",5,"undammed","LRB",2019,378.5061,35.4849893975155,0,8,"198",225.435406160822,18727.768552294,0.415421900681476,3576.07873144746,0,"2019.LRB.5",46,3,4,1,0,4,5.4224597217379,1,1,-0.939641437061175
"1151",6,"dammed","LRB",2019,346.21512,41.5469987963799,1.14585306421016,5,"195",150.316906908447,15494.4311990775,0.426025763420902,4935.68927916884,4.58341225684064,"2019.LRB.6",54,3,1,1,1,1,5.019376358824,1,1,0.516846213757145
"1152",6,"dammed","LRB",2019,346.21512,41.5469987963799,1.14585306421016,6,"196",150.316906908447,16538.8196699255,0.417251370779843,4935.68927916884,4.58341225684064,"2019.LRB.6",54,3,2,1,1,2,5.019376358824,1,1,0.516846213757145
"1153",6,"dammed","LRB",2019,346.21512,41.5469987963799,1.14585306421016,7,"197",63.0230237381131,19325.0735488892,0.409894371579195,4935.68927916884,4.58341225684064,"2019.LRB.6",54,3,3,1,1,3,4.15924276457464,1,1,0.516846213757145
"1154",6,"dammed","LRB",2019,346.21512,41.5469987963799,1.14585306421016,8,"198",921.442659430878,18682.3065955667,0.399306174018741,4935.68927916884,4.58341225684064,"2019.LRB.6",54,3,4,1,1,4,6.8270252161843,1,1,0.516846213757145
"1155",6,"undammed","LRB",2019,346.22656,42.0373755909695,0,5,"195",294.073821854358,16463.1705196007,0.379080228307141,4377.28513062,0,"2019.LRB.6",54,3,1,1,0,1,5.68722556860821,1,1,-0.939641437061175
"1156",6,"undammed","LRB",2019,346.22656,42.0373755909695,0,6,"196",249.653619927051,17657.0086759979,0.383539599902996,4377.28513062,0,"2019.LRB.6",54,3,2,1,0,2,5.52407198576382,1,1,-0.939641437061175
"1157",6,"undammed","LRB",2019,346.22656,42.0373755909695,0,7,"197",225.985907757984,18920.4905489155,0.403396008048914,4377.28513062,0,"2019.LRB.6",54,3,3,1,0,3,5.42488793519303,1,1,-0.939641437061175
"1158",6,"undammed","LRB",2019,346.22656,42.0373755909695,0,8,"198",1171.73439997294,17887.9373393938,0.401720670686799,4377.28513062,0,"2019.LRB.6",54,3,4,1,0,4,7.06709339502923,1,1,-0.939641437061175
"1159",7,"dammed","LRB",2019,325.3729,45.2783651183306,1.12931262264861,5,"195",474.944223050978,11930.4283786549,0.401199297642297,9962.84752513468,4.51725049059444,"2019.LRB.7",64,3,1,1,1,1,6.16530066890116,1,1,0.49582174768384
"1160",7,"dammed","LRB",2019,325.3729,45.2783651183306,1.12931262264861,6,"196",167.571182994749,13131.1017941942,0.384961472822281,9962.84752513468,4.51725049059444,"2019.LRB.7",64,3,2,1,1,2,5.12735811159252,1,1,0.49582174768384
"1161",7,"dammed","LRB",2019,325.3729,45.2783651183306,1.12931262264861,7,"197",725.820997840517,13187.1469254138,0.371347104966128,9962.84752513468,4.51725049059444,"2019.LRB.7",64,3,3,1,1,3,6.58868022691442,1,1,0.49582174768384
"1162",7,"dammed","LRB",2019,325.3729,45.2783651183306,1.12931262264861,8,"198",969.574370550876,16860.6525414261,0.405403489251336,9962.84752513468,4.51725049059444,"2019.LRB.7",64,3,4,1,1,4,6.87788803084345,1,1,0.49582174768384
"1163",7,"undammed","LRB",2019,325.63098,41.7924751077308,0,5,"195",632.333651276196,10819.480879002,0.430632489871425,5143.62513147295,0,"2019.LRB.7",64,3,1,1,0,1,6.45099737850134,1,1,-0.939641437061175
"1164",7,"undammed","LRB",2019,325.63098,41.7924751077308,0,6,"196",85.0912772606401,12022.9824558333,0.419724819814852,5143.62513147295,0,"2019.LRB.7",64,3,2,1,0,2,4.45540809690131,1,1,-0.939641437061175
"1165",7,"undammed","LRB",2019,325.63098,41.7924751077308,0,7,"197",987.417452529131,10248.1046332864,0.429380359620629,5143.62513147295,0,"2019.LRB.7",64,3,3,1,0,3,6.89610513131301,1,1,-0.939641437061175
"1166",7,"undammed","LRB",2019,325.63098,41.7924751077308,0,8,"198",1274.6431182651,13605.1645576028,0.390413099486974,5143.62513147295,0,"2019.LRB.7",64,3,4,1,0,4,7.15120573690477,1,1,-0.939641437061175
"1167",8,"dammed","LRB",2019,276.22318,30.4524991696848,1.16270091861935,5,"195",0,15064.3600101845,0.350792997834182,2471.47009651363,4.6508036744774,"2019.LRB.8",73,3,1,1,1,1,0,0,1,0.538261430643339
"1168",8,"dammed","LRB",2019,276.22318,30.4524991696848,1.16270091861935,6,"196",0,18412.8512969971,0.365950461351257,2471.47009651363,4.6508036744774,"2019.LRB.8",73,3,2,1,1,2,0,0,1,0.538261430643339
"1169",8,"dammed","LRB",2019,276.22318,30.4524991696848,1.16270091861935,7,"197",0,18371.4688483444,0.39094289006222,2471.47009651363,4.6508036744774,"2019.LRB.8",73,3,3,1,1,3,0,0,1,0.538261430643339
"1170",8,"dammed","LRB",2019,276.22318,30.4524991696848,1.16270091861935,8,"198",0,18505.3030944525,0.556500806324636,2471.47009651363,4.6508036744774,"2019.LRB.8",73,3,4,1,1,4,0,0,1,0.538261430643339
"1171",8,"undammed","LRB",2019,276.2289,34.721721677331,0,5,"195",0,16520.2698900709,0.344792173994003,4225.4590255022,0,"2019.LRB.8",73,3,1,1,0,1,0,0,1,-0.939641437061175
"1172",8,"undammed","LRB",2019,276.2289,34.721721677331,0,6,"196",0,18308.5122881123,0.328979025090951,4225.4590255022,0,"2019.LRB.8",73,3,2,1,0,2,0,0,1,-0.939641437061175
"1173",8,"undammed","LRB",2019,276.2289,34.721721677331,0,7,"197",0,20058.2606980866,0.320948531775869,4225.4590255022,0,"2019.LRB.8",73,3,3,1,0,3,0,0,1,-0.939641437061175
"1174",8,"undammed","LRB",2019,276.2289,34.721721677331,0,8,"198",0,20879.5726446114,0.489633524080638,4225.4590255022,0,"2019.LRB.8",73,3,4,1,0,4,0,0,1,-0.939641437061175
"1175",9,"dammed","LRB",2019,249.68456,37.4639226959335,1.16797815589207,5,"195",0,33425.1396902645,0.42298608902461,20456.7434896082,4.67191262356828,"2019.LRB.9",85,3,1,1,1,1,0,0,1,0.544969298482793
"1176",9,"dammed","LRB",2019,249.68456,37.4639226959335,1.16797815589207,6,"196",0,33735.0633260091,0.425462107402272,20456.7434896082,4.67191262356828,"2019.LRB.9",85,3,2,1,1,2,0,0,1,0.544969298482793
"1177",9,"dammed","LRB",2019,249.68456,37.4639226959335,1.16797815589207,7,"197",0,34802.6340434654,0.407231713510296,20456.7434896082,4.67191262356828,"2019.LRB.9",85,3,3,1,1,3,0,0,1,0.544969298482793
"1178",9,"dammed","LRB",2019,249.68456,37.4639226959335,1.16797815589207,8,"198",288.849804562213,34709.6312160716,0.43466940291625,20456.7434896082,4.67191262356828,"2019.LRB.9",85,3,4,1,1,4,5.66936287351335,1,1,0.544969298482793
"1179",9,"undammed","LRB",2019,249.96571,48.0756834615341,0,5,"195",75.4748208550846,23411.914386106,0.379914518815145,17515.2453591526,0,"2019.LRB.9",85,3,1,1,0,1,4.33696154750509,1,1,-0.939641437061175
"1180",9,"undammed","LRB",2019,249.96571,48.0756834615341,0,6,"196",262.462895398514,25557.9375677969,0.380051062163676,17515.2453591526,0,"2019.LRB.9",85,3,2,1,0,2,5.57391254363924,1,1,-0.939641437061175
"1181",9,"undammed","LRB",2019,249.96571,48.0756834615341,0,7,"197",220.09103817519,25972.8947446935,0.366829685935726,17515.2453591526,0,"2019.LRB.9",85,3,3,1,0,3,5.39857455413912,1,1,-0.939641437061175
"1182",9,"undammed","LRB",2019,249.96571,48.0756834615341,0,8,"198",1892.91634610634,26360.8629692227,0.397250096792904,17515.2453591526,0,"2019.LRB.9",85,3,4,1,0,4,7.54640210492811,1,1,-0.939641437061175
"1183",10,"dammed","LRB",2019,249.17955,47.0985010873459,1.12896923136142,5,"195",950.694067404083,27069.1517840816,0.474133338645162,17954.1576375067,4.51587692544568,"2019.LRB.10",92,3,1,1,1,1,6.85824362537607,1,1,0.495385264870456
"1184",10,"dammed","LRB",2019,249.17955,47.0985010873459,1.12896923136142,6,"196",852.971723368822,27356.5587868485,0.457318143207777,17954.1576375067,4.51587692544568,"2019.LRB.10",92,3,2,1,1,2,6.74989808243105,1,1,0.495385264870456
"1185",10,"dammed","LRB",2019,249.17955,47.0985010873459,1.12896923136142,7,"197",719.590096126351,27238.1430088716,0.444613627096343,17954.1576375067,4.51587692544568,"2019.LRB.10",92,3,3,1,1,3,6.58007045429275,1,1,0.495385264870456
"1186",10,"dammed","LRB",2019,249.17955,47.0985010873459,1.12896923136142,8,"198",1783.64598153853,27749.2786857156,0.443653448864924,17954.1576375067,4.51587692544568,"2019.LRB.10",92,3,4,1,1,4,7.48697534487352,1,1,0.495385264870456
"1187",10,"undammed","LRB",2019,247.98576,43.6484510064682,0,5,"195",0,32838.7382104612,0.424130843719197,24763.3216647059,0,"2019.LRB.10",92,3,1,1,0,1,0,0,1,-0.939641437061175
"1188",10,"undammed","LRB",2019,247.98576,43.6484510064682,0,6,"196",0,33515.2468016082,0.417424568102041,24763.3216647059,0,"2019.LRB.10",92,3,2,1,0,2,0,0,1,-0.939641437061175
"1189",10,"undammed","LRB",2019,247.98576,43.6484510064682,0,7,"197",0,34010.7099548938,0.400625052652774,24763.3216647059,0,"2019.LRB.10",92,3,3,1,0,3,0,0,1,-0.939641437061175
"1190",10,"undammed","LRB",2019,247.98576,43.6484510064682,0,8,"198",378.638749969239,37164.0323698156,0.48088484902152,24763.3216647059,0,"2019.LRB.10",92,3,4,1,0,4,5.93922014258286,1,1,-0.939641437061175
"1191",11,"dammed","LRB",2019,177.32333,38.8064095917316,2.26185515067765,5,"195",0,28804.4872624715,0.358867703396147,7840.58664887398,4.91707641451663,"2019.LRB.11",100,3,1,1,1,1,0,0,1,0.622875891635339
"1192",11,"dammed","LRB",2019,177.32333,38.8064095917316,2.26185515067765,6,"196",0,30414.6000219607,0.369535493362519,7840.58664887398,4.91707641451663,"2019.LRB.11",100,3,2,1,1,2,0,0,1,0.622875891635339
"1193",11,"dammed","LRB",2019,177.32333,38.8064095917316,2.26185515067765,7,"197",0,30765.606819093,0.384209745212471,7840.58664887398,4.91707641451663,"2019.LRB.11",100,3,3,1,1,3,0,0,1,0.622875891635339
"1194",11,"dammed","LRB",2019,177.32333,38.8064095917316,2.26185515067765,8,"198",0,32017.076413652,0.395339187011733,7840.58664887398,4.91707641451663,"2019.LRB.11",100,3,4,1,1,4,0,0,1,0.622875891635339
"1195",11,"undammed","LRB",2019,177.41519,41.4902614323687,0,5,"195",89.5468575500974,13376.9275927375,0.39857705261581,5234.65009833127,0,"2019.LRB.11",100,3,1,1,0,1,4.50586747969738,1,1,-0.939641437061175
"1196",11,"undammed","LRB",2019,177.41519,41.4902614323687,0,6,"196",89.5468575500974,13779.5667119344,0.398976231960563,5234.65009833127,0,"2019.LRB.11",100,3,2,1,0,2,4.50586747969738,1,1,-0.939641437061175
"1197",11,"undammed","LRB",2019,177.41519,41.4902614323687,0,7,"197",89.5468575500974,14317.2039945116,0.393505798758598,5234.65009833127,0,"2019.LRB.11",100,3,3,1,0,3,4.50586747969738,1,1,-0.939641437061175
"1198",11,"undammed","LRB",2019,177.41519,41.4902614323687,0,8,"198",487.591322105305,17640.3028785855,0.376579625361872,5234.65009833127,0,"2019.LRB.11",100,3,4,1,0,4,6.19152639793179,1,1,-0.939641437061175
"1199",12,"dammed","LRB",2019,171.80954,38.0046741977513,2.26322309004776,5,"195",69.902583916047,19085.7869888006,0.375368491474109,4661.03942374885,8.08293960731343,"2019.LRB.12",110,3,1,1,1,1,4.26130687738806,1,1,1.62890379968723
"1200",12,"dammed","LRB",2019,171.80954,38.0046741977513,2.26322309004776,6,"196",0,20270.1157891965,0.382257358094304,4661.03942374885,8.08293960731343,"2019.LRB.12",110,3,2,1,1,2,0,0,1,1.62890379968723
"1201",12,"dammed","LRB",2019,171.80954,38.0046741977513,2.26322309004776,7,"197",0,21633.5252785477,0.406216379166674,4661.03942374885,8.08293960731343,"2019.LRB.12",110,3,3,1,1,3,0,0,1,1.62890379968723
"1202",12,"dammed","LRB",2019,171.80954,38.0046741977513,2.26322309004776,8,"198",207.314082790356,21255.9708652571,0.381773594516525,4661.03942374885,8.08293960731343,"2019.LRB.12",110,3,4,1,1,4,5.33904695419262,1,1,1.62890379968723
"1203",12,"undammed","LRB",2019,176.1347,37.2176057933322,0,5,"195",0,19501.6288342046,0.355062418494949,4047.20911870897,0,"2019.LRB.12",110,3,1,1,0,1,0,0,1,-0.939641437061175
"1204",12,"undammed","LRB",2019,176.1347,37.2176057933322,0,6,"196",0,19721.0708435956,0.364447670528826,4047.20911870897,0,"2019.LRB.12",110,3,2,1,0,2,0,0,1,-0.939641437061175
"1205",12,"undammed","LRB",2019,176.1347,37.2176057933322,0,7,"197",0,19838.5269975251,0.393844694728855,4047.20911870897,0,"2019.LRB.12",110,3,3,1,0,3,0,0,1,-0.939641437061175
"1206",12,"undammed","LRB",2019,176.1347,37.2176057933322,0,8,"198",243.995890780757,19791.3307098688,0.406217012118296,4047.20911870897,0,"2019.LRB.12",110,3,4,1,0,4,5.50124143808063,1,1,-0.939641437061175
"1207",13,"dammed","LRB",2019,171.78658,38.0537699450338,1.14669498720054,5,"195",0,17732.9310987286,0.363572870561248,3790.01188436896,4.58677994880216,"2019.LRB.13",120,3,1,1,1,1,0,0,1,0.517916377530084
"1208",13,"dammed","LRB",2019,171.78658,38.0537699450338,1.14669498720054,6,"196",0,18130.4279023713,0.379109101405076,3790.01188436896,4.58677994880216,"2019.LRB.13",120,3,2,1,1,2,0,0,1,0.517916377530084
"1209",13,"dammed","LRB",2019,171.78658,38.0537699450338,1.14669498720054,7,"197",0,18172.6422572416,0.407899575653476,3790.01188436896,4.58677994880216,"2019.LRB.13",120,3,3,1,1,3,0,0,1,0.517916377530084
"1210",13,"dammed","LRB",2019,171.78658,38.0537699450338,1.14669498720054,8,"198",203.128063212189,17573.7762363509,0.392661180432311,3790.01188436896,4.58677994880216,"2019.LRB.13",120,3,4,1,1,4,5.31874755772887,1,1,0.517916377530084
"1211",13,"undammed","LRB",2019,163.85555,47.8479049349505,0,5,"195",80.2169329855956,11170.1715183034,0.342451452490264,5514.95075069368,0,"2019.LRB.13",120,3,1,1,0,1,4.39712375973274,1,1,-0.939641437061175
"1212",13,"undammed","LRB",2019,163.85555,47.8479049349505,0,6,"196",80.2169329855956,12213.0145111383,0.346355146702041,5514.95075069368,0,"2019.LRB.13",120,3,2,1,0,2,4.39712375973274,1,1,-0.939641437061175
"1213",13,"undammed","LRB",2019,163.85555,47.8479049349505,0,7,"197",0,12945.9088616165,0.358236039879689,5514.95075069368,0,"2019.LRB.13",120,3,3,1,0,3,0,0,1,-0.939641437061175
"1214",13,"undammed","LRB",2019,163.85555,47.8479049349505,0,8,"198",970.397718021449,12306.8904243918,0.325621711800783,5514.95075069368,0,"2019.LRB.13",120,3,4,1,0,4,6.87873598074423,1,1,-0.939641437061175
"1215",14,"dammed","LRB",2019,157.41585,50.8213668413745,1.12662048752182,5,"195",334.34199998145,13571.474478658,0.416401136555148,7486.32657121867,4.50648195008728,"2019.LRB.14",134,3,1,1,1,1,5.8151509065327,1,1,0.492399789241719
"1216",14,"dammed","LRB",2019,157.41585,50.8213668413745,1.12662048752182,6,"196",0,15255.9266741884,0.414105517789174,7486.32657121867,4.50648195008728,"2019.LRB.14",134,3,2,1,1,2,0,0,1,0.492399789241719
"1217",14,"dammed","LRB",2019,157.41585,50.8213668413745,1.12662048752182,7,"197",1401.95257164707,16452.2815866508,0.378299088656481,7486.32657121867,4.50648195008728,"2019.LRB.14",134,3,3,1,1,3,7.2463342745753,1,1,0.492399789241719
"1218",14,"dammed","LRB",2019,157.41585,50.8213668413745,1.12662048752182,8,"198",1589.55047605458,17951.5418939628,0.352765490253366,7486.32657121867,4.50648195008728,"2019.LRB.14",134,3,4,1,1,4,7.37183544665204,1,1,0.492399789241719
"1219",14,"undammed","LRB",2019,157.525,43.7063292183,0,5,"195",0,20211.3742195877,0.296127387172617,4609.22558239847,0,"2019.LRB.14",134,3,1,1,0,1,0,0,1,-0.939641437061175
"1220",14,"undammed","LRB",2019,157.525,43.7063292183,0,6,"196",0,22089.786371089,0.298073683146868,4609.22558239847,0,"2019.LRB.14",134,3,2,1,0,2,0,0,1,-0.939641437061175
"1221",14,"undammed","LRB",2019,157.525,43.7063292183,0,7,"197",485.089366213013,22119.4153581507,0.291737947214496,4609.22558239847,0,"2019.LRB.14",134,3,3,1,0,3,6.18639248809317,1,1,-0.939641437061175
"1222",14,"undammed","LRB",2019,157.525,43.7063292183,0,8,"198",1209.00942023502,22127.5515254301,0.341789023623296,4609.22558239847,0,"2019.LRB.14",134,3,4,1,0,4,7.09838342387868,1,1,-0.939641437061175
"1223",15,"dammed","LRB",2019,157.13434,53.2071425121608,1.13515552804431,5,"195",697.691975976907,12694.0413723516,0.392939272186288,8407.6053205058,4.54062211217724,"2019.LRB.15",141,3,1,1,1,1,6.54920998127449,1,1,0.503248633224005
"1224",15,"dammed","LRB",2019,157.13434,53.2071425121608,1.13515552804431,6,"196",55.1722345543843,14199.4537889069,0.365693031540096,8407.6053205058,4.54062211217724,"2019.LRB.15",141,3,2,1,1,2,4.02842258774317,1,1,0.503248633224005
"1225",15,"dammed","LRB",2019,157.13434,53.2071425121608,1.13515552804431,7,"197",1865.36207843551,12175.989701933,0.363395806074098,8407.6053205058,4.54062211217724,"2019.LRB.15",141,3,3,1,1,3,7.5317464024744,1,1,0.503248633224005
"1226",15,"dammed","LRB",2019,157.13434,53.2071425121608,1.13515552804431,8,"198",2226.11366491271,17749.0753278545,0.306733745187489,8407.6053205058,4.54062211217724,"2019.LRB.15",141,3,4,1,1,4,7.70846170543074,1,1,0.503248633224005
"1227",15,"undammed","LRB",2019,148.81963,50.8983752888211,0,5,"195",148.598303527458,11912.5408990598,0.355013843064319,7290.77971533686,0,"2019.LRB.15",141,3,1,1,0,1,5.00795372541898,1,1,-0.939641437061175
"1228",15,"undammed","LRB",2019,148.81963,50.8983752888211,0,6,"196",148.598303527458,12613.1992008583,0.350244635380943,7290.77971533686,0,"2019.LRB.15",141,3,2,1,0,2,5.00795372541898,1,1,-0.939641437061175
"1229",15,"undammed","LRB",2019,148.81963,50.8983752888211,0,7,"197",1011.20613903812,11010.4128059537,0.32074671586335,7290.77971533686,0,"2019.LRB.15",141,3,3,1,0,3,6.91988752380616,1,1,-0.939641437061175
"1230",15,"undammed","LRB",2019,148.81963,50.8983752888211,0,8,"198",916.269906968463,13880.7241992427,0.315454436846495,7290.77971533686,0,"2019.LRB.15",141,3,4,1,0,4,6.82140176588183,1,1,-0.939641437061175
"1231",16,"dammed","LRB",2019,148.35419,57.2251406625634,3.36467148757324,5,"195",688.910575398978,37163.3573023777,0.397462519085584,37555.9207558408,5.80115773719524,"2019.LRB.16",149,3,1,1,1,1,6.53656198832134,1,1,0.903813642080704
"1232",16,"dammed","LRB",2019,148.35419,57.2251406625634,3.36467148757324,6,"196",339.06838686513,40370.3196348901,0.386981972675898,37555.9207558408,5.80115773719524,"2019.LRB.16",149,3,2,1,1,2,5.82914673522332,1,1,0.903813642080704
"1233",16,"dammed","LRB",2019,148.35419,57.2251406625634,3.36467148757324,7,"197",1671.63574746333,39476.758168329,0.366892890413919,37555.9207558408,5.80115773719524,"2019.LRB.16",149,3,3,1,1,3,7.42215595311132,1,1,0.903813642080704
"1234",16,"dammed","LRB",2019,148.35419,57.2251406625634,3.36467148757324,8,"198",1993.41991127122,52165.6146120857,0.350953786916766,37555.9207558408,5.80115773719524,"2019.LRB.16",149,3,4,1,1,4,7.59810851574917,1,1,0.903813642080704
"1235",16,"undammed","LRB",2019,148.73918,43.3596282739394,0,5,"195",0,16859.5891823862,0.330887500798998,4987.09856803715,0,"2019.LRB.16",149,3,1,1,0,1,0,0,1,-0.939641437061175
"1236",16,"undammed","LRB",2019,148.73918,43.3596282739394,0,6,"196",0,17097.0031426523,0.339110004655877,4987.09856803715,0,"2019.LRB.16",149,3,2,1,0,2,0,0,1,-0.939641437061175
"1237",16,"undammed","LRB",2019,148.73918,43.3596282739394,0,7,"197",228.172961830158,16342.5220857209,0.316237899421503,4987.09856803715,0,"2019.LRB.16",149,3,3,1,0,3,5.43447701029965,1,1,-0.939641437061175
"1238",16,"undammed","LRB",2019,148.73918,43.3596282739394,0,8,"198",226.434231640778,20354.4296157538,0.308510630193338,4987.09856803715,0,"2019.LRB.16",149,3,4,1,0,4,5.42686110490706,1,1,-0.939641437061175
"1239",17,"dammed","LRB",2019,137.48888,44.1425041226083,1.15417858260332,5,"195",0,26484.0900312835,0.377692764973512,9157.04936687648,4.61671433041328,"2019.LRB.17",158,3,1,1,1,1,0,0,1,0.527428735290704
"1240",17,"dammed","LRB",2019,137.48888,44.1425041226083,1.15417858260332,6,"196",0,26415.8714658849,0.38612443762525,9157.04936687648,4.61671433041328,"2019.LRB.17",158,3,2,1,1,2,0,0,1,0.527428735290704
"1241",17,"dammed","LRB",2019,137.48888,44.1425041226083,1.15417858260332,7,"197",885.135704846709,25046.775324354,0.369308689111497,9157.04936687648,4.61671433041328,"2019.LRB.17",158,3,3,1,1,3,6.78687010461761,1,1,0.527428735290704
"1242",17,"dammed","LRB",2019,137.48888,44.1425041226083,1.15417858260332,8,"198",1181.31565514803,24579.4789354212,0.42658191036293,9157.04936687648,4.61671433041328,"2019.LRB.17",158,3,4,1,1,4,7.07523021404676,1,1,0.527428735290704
"1243",17,"undammed","LRB",2019,137.53485,45.8110388554273,0,5,"195",0,20676.4398893169,0.389051778601761,5765.43631833047,0,"2019.LRB.17",158,3,1,1,0,1,0,0,1,-0.939641437061175
"1244",17,"undammed","LRB",2019,137.53485,45.8110388554273,0,6,"196",89.2520181251507,20489.6291174197,0.391411170796844,5765.43631833047,0,"2019.LRB.17",158,3,2,1,0,2,4.50260595846049,1,1,-0.939641437061175
"1245",17,"undammed","LRB",2019,137.53485,45.8110388554273,0,7,"197",216.430809279984,20289.4387350045,0.3728803300299,5765.43631833047,0,"2019.LRB.17",158,3,3,1,0,3,5.38188068166545,1,1,-0.939641437061175
"1246",17,"undammed","LRB",2019,137.53485,45.8110388554273,0,8,"198",276.071238165042,20236.7029866237,0.431784537017837,5765.43631833047,0,"2019.LRB.17",158,3,4,1,0,4,5.624274650614,1,1,-0.939641437061175
"1247",18,"dammed","LRB",2019,83.267876,40.9563312566176,1.13530581691692,5,"195",0,12055.0771832934,0.347651814714052,6187.29796876758,4.54122326766768,"2019.LRB.18",168,3,1,1,1,1,0,0,1,0.503439664599535
"1248",18,"dammed","LRB",2019,83.267876,40.9563312566176,1.13530581691692,6,"196",0,13455.7707641602,0.335096226960962,6187.29796876758,4.54122326766768,"2019.LRB.18",168,3,2,1,1,2,0,0,1,0.503439664599535
"1249",18,"dammed","LRB",2019,83.267876,40.9563312566176,1.13530581691692,7,"197",0,14210.3157776776,0.323162870665735,6187.29796876758,4.54122326766768,"2019.LRB.18",168,3,3,1,1,3,0,0,1,0.503439664599535
"1250",18,"dammed","LRB",2019,83.267876,40.9563312566176,1.13530581691692,8,"198",0,22158.643735938,0.357242646125195,6187.29796876758,4.54122326766768,"2019.LRB.18",168,3,4,1,1,4,0,0,1,0.503439664599535
"1251",18,"undammed","LRB",2019,83.267876,43.1383158095636,0,5,"195",0,16691.1553564034,0.341304861332579,7976.10656183958,0,"2019.LRB.18",168,3,1,1,0,1,0,0,1,-0.939641437061175
"1252",18,"undammed","LRB",2019,83.267876,43.1383158095636,0,6,"196",0,19719.1686072854,0.333450310790971,7976.10656183958,0,"2019.LRB.18",168,3,2,1,0,2,0,0,1,-0.939641437061175
"1253",18,"undammed","LRB",2019,83.267876,43.1383158095636,0,7,"197",0,20717.3052968343,0.336921530912937,7976.10656183958,0,"2019.LRB.18",168,3,3,1,0,3,0,0,1,-0.939641437061175
"1254",18,"undammed","LRB",2019,83.267876,43.1383158095636,0,8,"198",0,22056.6335414812,0.423246952324921,7976.10656183958,0,"2019.LRB.18",168,3,4,1,0,4,0,0,1,-0.939641437061175
"1255",20,"dammed","LRB",2019,81.46826,41.8911538475606,1.152294111301,5,"195",0,16282.8702228322,0.337236830099829,8330.49761100486,4.609176445204,"2019.LRB.20",186,3,1,1,1,1,0,0,1,0.525033393980479
"1256",20,"dammed","LRB",2019,81.46826,41.8911538475606,1.152294111301,6,"196",0,18281.1930886362,0.329328706860007,8330.49761100486,4.609176445204,"2019.LRB.20",186,3,2,1,1,2,0,0,1,0.525033393980479
"1257",20,"dammed","LRB",2019,81.46826,41.8911538475606,1.152294111301,7,"197",0,20814.7299400479,0.330286226627781,8330.49761100486,4.609176445204,"2019.LRB.20",186,3,3,1,1,3,0,0,1,0.525033393980479
"1258",20,"dammed","LRB",2019,81.46826,41.8911538475606,1.152294111301,8,"198",0,25556.0636255003,0.397194894749425,8330.49761100486,4.609176445204,"2019.LRB.20",186,3,4,1,1,4,0,0,1,0.525033393980479
"1259",20,"undammed","LRB",2019,81.359024,37.5261151088354,0,5,"195",0,5315.73620210535,0.368710875383578,3555.51534106582,0,"2019.LRB.20",186,3,1,1,0,1,0,0,1,-0.939641437061175
"1260",20,"undammed","LRB",2019,81.359024,37.5261151088354,0,6,"196",0,5582.96758835736,0.356506883670963,3555.51534106582,0,"2019.LRB.20",186,3,2,1,0,2,0,0,1,-0.939641437061175
"1261",20,"undammed","LRB",2019,81.359024,37.5261151088354,0,7,"197",0,6080.15369780297,0.340245096033718,3555.51534106582,0,"2019.LRB.20",186,3,3,1,0,3,0,0,1,-0.939641437061175
"1262",20,"undammed","LRB",2019,81.359024,37.5261151088354,0,8,"198",0,9252.26494682162,0.31773679491486,3555.51534106582,0,"2019.LRB.20",186,3,4,1,0,4,0,0,1,-0.939641437061175
"1263",1,"dammed","LRB",2021,947.465,36.0499511529645,2.24077172298849,5,"215",0,27960.9602665322,0.389069736463327,4812.46261997032,5.46529688533778,"2021.LRB.1",8,3,5,2,1,5,0,0,1,0.797085912670453
"1264",1,"dammed","LRB",2021,947.465,36.0499511529645,2.24077172298849,6,"216",0,28640.522165665,0.382239955119743,4812.46261997032,5.46529688533778,"2021.LRB.1",8,3,6,2,1,6,0,0,1,0.797085912670453
"1265",1,"dammed","LRB",2021,947.465,36.0499511529645,2.24077172298849,7,"217",0,29486.2571798287,0.43278548200403,4812.46261997032,5.46529688533778,"2021.LRB.1",8,3,7,2,1,7,0,0,1,0.797085912670453
"1266",1,"dammed","LRB",2021,947.465,36.0499511529645,2.24077172298849,8,"218",0,28921.8271831737,0.361388918447058,4812.46261997032,5.46529688533778,"2021.LRB.1",8,3,8,2,1,8,0,0,1,0.797085912670453
"1267",1,"undammed","LRB",2021,892.65967,35.1143693299248,0,5,"215",0,16243.2877024632,0.304759103393231,5927.42814014014,0,"2021.LRB.1",8,3,5,2,0,5,0,0,1,-0.939641437061175
"1268",1,"undammed","LRB",2021,892.65967,35.1143693299248,0,6,"216",191.185384498624,20223.1070696064,0.306310001750129,5927.42814014014,0,"2021.LRB.1",8,3,6,2,0,6,5.25846045045342,1,1,-0.939641437061175
"1269",1,"undammed","LRB",2021,892.65967,35.1143693299248,0,7,"217",561.625829218883,26613.6490553613,0.305020416006635,5927.42814014014,0,"2021.LRB.1",8,3,7,2,0,7,6.33261480545139,1,1,-0.939641437061175
"1270",1,"undammed","LRB",2021,892.65967,35.1143693299248,0,8,"218",94.1102816843519,27849.3194993262,0.298769956083754,5927.42814014014,0,"2021.LRB.1",8,3,8,2,0,8,4.55503707815905,1,1,-0.939641437061175
"1271",2,"dammed","LRB",2021,893.6354,40.0861234422664,5.57594022063436,5,"215",2463.5085477088,57384.5045096304,0.389635500196917,16636.3322378229,7.33676344820311,"2021.LRB.2",22,3,5,2,1,5,7.80974769447328,1,1,1.39178867667878
"1272",2,"dammed","LRB",2021,893.6354,40.0861234422664,5.57594022063436,6,"216",2139.22626416707,63323.2553643619,0.387257156145857,16636.3322378229,7.33676344820311,"2021.LRB.2",22,3,6,2,1,6,7.66866683334597,1,1,1.39178867667878
"1273",2,"dammed","LRB",2021,893.6354,40.0861234422664,5.57594022063436,7,"217",2294.52218681644,65115.8455283071,0.439349331651404,16636.3322378229,7.33676344820311,"2021.LRB.2",22,3,7,2,1,7,7.73871562899497,1,1,1.39178867667878
"1274",2,"dammed","LRB",2021,893.6354,40.0861234422664,5.57594022063436,8,"218",2044.68055454539,60659.681529535,0.373948985357032,16636.3322378229,7.33676344820311,"2021.LRB.2",22,3,8,2,1,8,7.6234858026235,1,1,1.39178867667878
"1275",2,"undammed","LRB",2021,888.8528,55.3881294454373,0,5,"215",10027.148824797,0,NA,26823.9915099088,0,"2021.LRB.2",22,3,5,2,0,5,9.21315130009317,1,0,-0.939641437061175
"1276",2,"undammed","LRB",2021,888.8528,55.3881294454373,0,6,"216",16893.0175962775,862.73181439568,0.181192696806712,26823.9915099088,0,"2021.LRB.2",22,3,6,2,0,6,9.73471484985654,1,1,-0.939641437061175
"1277",2,"undammed","LRB",2021,888.8528,55.3881294454373,0,7,"217",13750.6530965616,37201.434870402,0.258204713369162,26823.9915099088,0,"2021.LRB.2",22,3,7,2,0,7,9.52891432107273,1,1,-0.939641437061175
"1278",2,"undammed","LRB",2021,888.8528,55.3881294454373,0,8,"218",9426.99238541079,41607.0651547899,0.303367761040307,26823.9915099088,0,"2021.LRB.2",22,3,8,2,0,8,9.1514384563988,1,1,-0.939641437061175
"1279",5,"dammed","LRB",2021,786.7853,45.6497127038119,1.1217433876383,5,"215",0,9876.78775530049,0.266079211355871,4838.91521929204,4.4869735505532,"2021.LRB.5",47,3,5,2,1,5,0,0,1,0.486200533879906
"1280",5,"dammed","LRB",2021,786.7853,45.6497127038119,1.1217433876383,6,"216",0,17017.4757948632,0.299550389087278,4838.91521929204,4.4869735505532,"2021.LRB.5",47,3,6,2,1,6,0,0,1,0.486200533879906
"1281",5,"dammed","LRB",2021,786.7853,45.6497127038119,1.1217433876383,7,"217",0,18738.4366160972,0.374204886084794,4838.91521929204,4.4869735505532,"2021.LRB.5",47,3,7,2,1,7,0,0,1,0.486200533879906
"1282",5,"dammed","LRB",2021,786.7853,45.6497127038119,1.1217433876383,8,"218",0,17530.3736834657,0.343829083423128,4838.91521929204,4.4869735505532,"2021.LRB.5",47,3,8,2,1,8,0,0,1,0.486200533879906
"1283",5,"undammed","LRB",2021,786.7853,48.3283075342649,0,5,"215",251.32912354703,10377.3982078103,0.244531910493281,5594.94068163261,0,"2021.LRB.5",47,3,5,2,0,5,5.530734281197,1,1,-0.939641437061175
"1284",5,"undammed","LRB",2021,786.7853,48.3283075342649,0,6,"216",0,21005.6562542485,0.276826838949176,5594.94068163261,0,"2021.LRB.5",47,3,6,2,0,6,0,0,1,-0.939641437061175
"1285",5,"undammed","LRB",2021,786.7853,48.3283075342649,0,7,"217",0,23729.7490053663,0.367556204260727,5594.94068163261,0,"2021.LRB.5",47,3,7,2,0,7,0,0,1,-0.939641437061175
"1286",5,"undammed","LRB",2021,786.7853,48.3283075342649,0,8,"218",0,23596.7662020216,0.319997010409217,5594.94068163261,0,"2021.LRB.5",47,3,8,2,0,8,0,0,1,-0.939641437061175
"1287",6,"dammed","LRB",2021,786.76245,45.3475993951102,1.12158912259841,5,"215",647.914919819785,9495.03581533993,0.264892359880387,4697.68269045651,4.48635649039364,"2021.LRB.6",55,3,5,2,1,5,6.47530161384205,1,1,0.486004448419588
"1288",6,"dammed","LRB",2021,786.76245,45.3475993951102,1.12158912259841,6,"216",0,13814.4988835653,0.302169427304215,4697.68269045651,4.48635649039364,"2021.LRB.6",55,3,6,2,1,6,0,0,1,0.486004448419588
"1289",6,"dammed","LRB",2021,786.76245,45.3475993951102,1.12158912259841,7,"217",0,19951.018810706,0.330430689328231,4697.68269045651,4.48635649039364,"2021.LRB.6",55,3,7,2,1,7,0,0,1,0.486004448419588
"1290",6,"dammed","LRB",2021,786.76245,45.3475993951102,1.12158912259841,8,"218",0,18417.7309725892,0.313692439184252,4697.68269045651,4.48635649039364,"2021.LRB.6",55,3,8,2,1,8,0,0,1,0.486004448419588
"1291",6,"undammed","LRB",2021,786.76245,51.9372133055731,0,5,"215",825.603994640416,8121.50288109873,0.282996790675713,5052.66551202163,0,"2021.LRB.6",55,3,5,2,0,5,6.71732573468199,1,1,-0.939641437061175
"1292",6,"undammed","LRB",2021,786.76245,51.9372133055731,0,6,"216",79.1033959987117,14415.8164826337,0.296470323013394,5052.66551202163,0,"2021.LRB.6",55,3,6,2,0,6,4.38331825016325,1,1,-0.939641437061175
"1293",6,"undammed","LRB",2021,786.76245,51.9372133055731,0,7,"217",68.4720760219237,20793.3152487661,0.358908530104196,5052.66551202163,0,"2021.LRB.6",55,3,7,2,0,7,4.24092488797677,1,1,-0.939641437061175
"1294",6,"undammed","LRB",2021,786.76245,51.9372133055731,0,8,"218",0,20118.7160562852,0.323325459660023,5052.66551202163,0,"2021.LRB.6",55,3,8,2,0,8,0,0,1,-0.939641437061175
"1295",8,"dammed","LRB",2021,782.33514,48.6985822894659,1.12079040437655,5,"215",443.032893166355,11321.1712702134,0.267261554883137,5183.81030195579,4.4831616175062,"2021.LRB.8",74,3,5,2,1,5,6.09589864339617,1,1,0.48498920199493
"1296",8,"dammed","LRB",2021,782.33514,48.6985822894659,1.12079040437655,6,"216",0,17377.2536489748,0.321309429161371,5183.81030195579,4.4831616175062,"2021.LRB.8",74,3,6,2,1,6,0,0,1,0.48498920199493
"1297",8,"dammed","LRB",2021,782.33514,48.6985822894659,1.12079040437655,7,"217",77.6988044362442,17179.5595417098,0.404888694305946,5183.81030195579,4.4831616175062,"2021.LRB.8",74,3,7,2,1,7,4.36562796390065,1,1,0.48498920199493
"1298",8,"dammed","LRB",2021,782.33514,48.6985822894659,1.12079040437655,8,"218",239.40223589037,16457.6283873016,0.376872477750341,5183.81030195579,4.4831616175062,"2021.LRB.8",74,3,8,2,1,8,5.48231350332649,1,1,0.48498920199493
"1299",8,"undammed","LRB",2021,783.6661,44.1221501233924,0,5,"215",0,9642.21855848724,0.244939554861258,4070.011640843,0,"2021.LRB.8",74,3,5,2,0,5,0,0,1,-0.939641437061175
"1300",8,"undammed","LRB",2021,783.6661,44.1221501233924,0,6,"216",0,16331.7383289711,0.272807202505016,4070.011640843,0,"2021.LRB.8",74,3,6,2,0,6,0,0,1,-0.939641437061175
"1301",8,"undammed","LRB",2021,783.6661,44.1221501233924,0,7,"217",73.143911828948,19744.6861602783,0.364974295963224,4070.011640843,0,"2021.LRB.8",74,3,7,2,0,7,4.30600795906265,1,1,-0.939641437061175
"1302",8,"undammed","LRB",2021,783.6661,44.1221501233924,0,8,"218",0,19604.3818894929,0.328138309217571,4070.011640843,0,"2021.LRB.8",74,3,8,2,0,8,0,0,1,-0.939641437061175
"1303",11,"dammed","LRB",2021,672.3868,36.1913038432584,1.13708912767891,5,"215",280.158642481823,11066.5029104195,0.312585639677714,3906.72905900329,4.54835651071564,"2021.LRB.11",101,3,5,2,1,5,5.6389190740197,1,1,0.505706421292463
"1304",11,"dammed","LRB",2021,672.3868,36.1913038432584,1.13708912767891,6,"216",0,13945.5849306593,0.311225765110514,3906.72905900329,4.54835651071564,"2021.LRB.11",101,3,6,2,1,6,0,0,1,0.505706421292463
"1305",11,"dammed","LRB",2021,672.3868,36.1913038432584,1.13708912767891,7,"217",0,17152.1684873693,0.350147351805347,3906.72905900329,4.54835651071564,"2021.LRB.11",101,3,7,2,1,7,0,0,1,0.505706421292463
"1306",11,"dammed","LRB",2021,672.3868,36.1913038432584,1.13708912767891,8,"218",0,16856.2507343367,0.331804983161068,3906.72905900329,4.54835651071564,"2021.LRB.11",101,3,8,2,1,8,0,0,1,0.505706421292463
"1307",11,"undammed","LRB",2021,673.1926,36.7752594977408,0,5,"215",0,11827.8892876419,0.267522285866005,3735.95901450515,0,"2021.LRB.11",101,3,5,2,0,5,0,0,1,-0.939641437061175
"1308",11,"undammed","LRB",2021,673.1926,36.7752594977408,0,6,"216",206.041512110888,13615.75864189,0.27067321624184,3735.95901450515,0,"2021.LRB.11",101,3,6,2,0,6,5.33291931475808,1,1,-0.939641437061175
"1309",11,"undammed","LRB",2021,673.1926,36.7752594977408,0,7,"217",106.711509601275,14974.6599912456,0.316508338580179,3735.95901450515,0,"2021.LRB.11",101,3,7,2,0,7,4.67945644568805,1,1,-0.939641437061175
"1310",11,"undammed","LRB",2021,673.1926,36.7752594977408,0,8,"218",170.307750869499,15084.25282138,0.314899596176225,3735.95901450515,0,"2021.LRB.11",101,3,8,2,0,8,5.14346165164736,1,1,-0.939641437061175
"1311",12,"dammed","LRB",2021,636.3272,38.2374682395422,1.15518687780729,5,"215",0,5728.60637724633,0.257503360716105,3452.3754664138,4.62074751122916,"2021.LRB.12",111,3,5,2,1,5,0,0,1,0.528710373887162
"1312",12,"dammed","LRB",2021,636.3272,38.2374682395422,1.15518687780729,6,"216",0,7647.79059199913,0.258165043358775,3452.3754664138,4.62074751122916,"2021.LRB.12",111,3,6,2,1,6,0,0,1,0.528710373887162
"1313",12,"dammed","LRB",2021,636.3272,38.2374682395422,1.15518687780729,7,"217",0,10264.4988906561,0.303994056979655,3452.3754664138,4.62074751122916,"2021.LRB.12",111,3,7,2,1,7,0,0,1,0.528710373887162
"1314",12,"dammed","LRB",2021,636.3272,38.2374682395422,1.15518687780729,8,"218",0,9341.8655557969,0.29455610495562,3452.3754664138,4.62074751122916,"2021.LRB.12",111,3,8,2,1,8,0,0,1,0.528710373887162
"1315",12,"undammed","LRB",2021,636.7448,44.403212244103,0,5,"215",1376.49475724767,4866.316553243,0.246377684580714,4200.41220271587,0,"2021.LRB.12",111,3,5,2,0,5,7.22802173502902,1,1,-0.939641437061175
"1316",12,"undammed","LRB",2021,636.7448,44.403212244103,0,6,"216",1799.17540773644,5674.02044028488,0.238069770093096,4200.41220271587,0,"2021.LRB.12",111,3,6,2,0,6,7.4956393878789,1,1,-0.939641437061175
"1317",12,"undammed","LRB",2021,636.7448,44.403212244103,0,7,"217",1565.65970041425,9926.91271242628,0.269928171704798,4200.41220271587,0,"2021.LRB.12",111,3,7,2,0,7,7.35670105247606,1,1,-0.939641437061175
"1318",12,"undammed","LRB",2021,636.7448,44.403212244103,0,8,"218",1551.37651295124,8722.02207453111,0.278491142378771,4200.41220271587,0,"2021.LRB.12",111,3,8,2,0,8,7.34754226987195,1,1,-0.939641437061175
"1319",13,"dammed","LRB",2021,543.2517,38.5628609134122,1.12433348918617,5,"215",0,1394.75563910989,0.247031546032142,3909.44074690342,4.49733395674468,"2021.LRB.13",121,3,5,2,1,5,0,0,1,0.489492797990086
"1320",13,"dammed","LRB",2021,543.2517,38.5628609134122,1.12433348918617,6,"216",88.6083888862647,5060.78168777765,0.214253331095827,3909.44074690342,4.49733395674468,"2021.LRB.13",121,3,6,2,1,6,4.49544894156102,1,1,0.489492797990086
"1321",13,"dammed","LRB",2021,543.2517,38.5628609134122,1.12433348918617,7,"217",0,12066.1394071093,0.25303239283053,3909.44074690342,4.49733395674468,"2021.LRB.13",121,3,7,2,1,7,0,0,1,0.489492797990086
"1322",13,"dammed","LRB",2021,543.2517,38.5628609134122,1.12433348918617,8,"218",0,12102.2094142839,0.237029596960863,3909.44074690342,4.49733395674468,"2021.LRB.13",121,3,8,2,1,8,0,0,1,0.489492797990086
"1323",13,"undammed","LRB",2021,543.7039,38.0585009297076,0,5,"215",0,536.26947814343,0.209971644888569,3599.74318248034,0,"2021.LRB.13",121,3,5,2,0,5,0,0,1,-0.939641437061175
"1324",13,"undammed","LRB",2021,543.7039,38.0585009297076,0,6,"216",136.935620251123,1853.16518734203,0.213222332757167,3599.74318248034,0,"2021.LRB.13",121,3,6,2,0,6,4.92678705638353,1,1,-0.939641437061175
"1325",13,"undammed","LRB",2021,543.7039,38.0585009297076,0,7,"217",468.396338659876,6978.08080402449,0.253587876425485,3599.74318248034,0,"2021.LRB.13",121,3,7,2,0,7,6.15144748334363,1,1,-0.939641437061175
"1326",13,"undammed","LRB",2021,543.7039,38.0585009297076,0,8,"218",554.793762699296,7610.00382795147,0.249711523462048,3599.74318248034,0,"2021.LRB.13",121,3,8,2,0,8,6.32039729504194,1,1,-0.939641437061175
"1327",14,"dammed","LRB",2021,519.8411,44.287362670123,1.13886847553597,5,"215",0,0,NA,5170.40368899703,4.55547390214388,"2021.LRB.14",135,3,5,2,1,5,0,0,0,0.507968140758304
"1328",14,"dammed","LRB",2021,519.8411,44.287362670123,1.13886847553597,6,"216",0,3382.01639452168,0.202426533994897,5170.40368899703,4.55547390214388,"2021.LRB.14",135,3,6,2,1,6,0,0,1,0.507968140758304
"1329",14,"dammed","LRB",2021,519.8411,44.287362670123,1.13886847553597,7,"217",0,19383.4463294534,0.258703355100876,5170.40368899703,4.55547390214388,"2021.LRB.14",135,3,7,2,1,7,0,0,1,0.507968140758304
"1330",14,"dammed","LRB",2021,519.8411,44.287362670123,1.13886847553597,8,"218",0,18058.9248050166,0.264559522354219,5170.40368899703,4.55547390214388,"2021.LRB.14",135,3,8,2,1,8,0,0,1,0.507968140758304
"1331",14,"undammed","LRB",2021,496.34152,40.5143467081757,0,5,"215",0,66.6628265380859,0.235763981938362,3931.23113045096,0,"2021.LRB.14",135,3,5,2,0,5,0,0,1,-0.939641437061175
"1332",14,"undammed","LRB",2021,496.34152,40.5143467081757,0,6,"216",344.33208501526,1712.82868332208,0.212317410178489,3931.23113045096,0,"2021.LRB.14",135,3,6,2,0,6,5.84450651932411,1,1,-0.939641437061175
"1333",14,"undammed","LRB",2021,496.34152,40.5143467081757,0,7,"217",328.052824528545,14437.3277389526,0.283772235676001,3931.23113045096,0,"2021.LRB.14",135,3,7,2,0,7,5.79621829875389,1,1,-0.939641437061175
"1334",14,"undammed","LRB",2021,496.34152,40.5143467081757,0,8,"218",263.915680380195,14620.062397437,0.273600104437889,3931.23113045096,0,"2021.LRB.14",135,3,8,2,0,8,5.57941158810937,1,1,-0.939641437061175
"1335",16,"dammed","LRB",2021,440.02405,39.2645704748099,1.1506586809304,5,"215",0,199.866629327512,0.225772039529324,4165.22950080037,4.6026347237216,"2021.LRB.16",150,3,5,2,1,5,0,0,1,0.522954607255591
"1336",16,"dammed","LRB",2021,440.02405,39.2645704748099,1.1506586809304,6,"216",0,465.654765140309,0.199085647594089,4165.22950080037,4.6026347237216,"2021.LRB.16",150,3,6,2,1,6,0,0,1,0.522954607255591
"1337",16,"dammed","LRB",2021,440.02405,39.2645704748099,1.1506586809304,7,"217",0,9743.91121347465,0.316374961725768,4165.22950080037,4.6026347237216,"2021.LRB.16",150,3,7,2,1,7,0,0,1,0.522954607255591
"1338",16,"dammed","LRB",2021,440.02405,39.2645704748099,1.1506586809304,8,"218",0,10336.964049904,0.320818082881472,4165.22950080037,4.6026347237216,"2021.LRB.16",150,3,8,2,1,8,0,0,1,0.522954607255591
"1339",16,"undammed","LRB",2021,440.04123,40.3648735785455,0,5,"215",0,2076.78404588886,0.271630445744349,3987.40938642621,0,"2021.LRB.16",150,3,5,2,0,5,0,0,1,-0.939641437061175
"1340",16,"undammed","LRB",2021,440.04123,40.3648735785455,0,6,"216",156.723656916618,1649.34262279436,0.22558691424474,3987.40938642621,0,"2021.LRB.16",150,3,6,2,0,6,5.06084449487186,1,1,-0.939641437061175
"1341",16,"undammed","LRB",2021,440.04123,40.3648735785455,0,7,"217",250.095444363005,10255.4264669381,0.266066479541794,3987.40938642621,0,"2021.LRB.16",150,3,7,2,0,7,5.52583312327895,1,1,-0.939641437061175
"1342",16,"undammed","LRB",2021,440.04123,40.3648735785455,0,8,"218",250.095444363005,10988.145628686,0.307349649936239,3987.40938642621,0,"2021.LRB.16",150,3,8,2,0,8,5.52583312327895,1,1,-0.939641437061175
"1343",18,"dammed","LRB",2021,398.53745,38.4774491935003,1.11944192224986,5,"215",262.768391357216,714.032444583669,0.230351978441395,3642.56768864393,4.47776768899944,"2021.LRB.18",169,3,5,2,1,5,5.57507141262356,1,1,0.483275153635486
"1344",18,"dammed","LRB",2021,398.53745,38.4774491935003,1.11944192224986,6,"216",305.395937053129,543.115017550599,0.263148815939963,3642.56768864393,4.47776768899944,"2021.LRB.18",169,3,6,2,1,6,5.72487817750805,1,1,0.483275153635486
"1345",18,"dammed","LRB",2021,398.53745,38.4774491935003,1.11944192224986,7,"217",213.28082420826,11864.8012453865,0.258085638344378,3642.56768864393,4.47776768899944,"2021.LRB.18",169,3,7,2,1,7,5.36728741741315,1,1,0.483275153635486
"1346",18,"dammed","LRB",2021,398.53745,38.4774491935003,1.11944192224986,8,"218",161.105306559918,11818.4757363114,0.268259966915004,3642.56768864393,4.47776768899944,"2021.LRB.18",169,3,8,2,1,8,5.0882461645409,1,1,0.483275153635486
"1347",18,"undammed","LRB",2021,399.85587,38.4705860237127,0,5,"215",0,265.886293777765,0.218164687201157,4521.49469824135,0,"2021.LRB.18",169,3,5,2,0,5,0,0,1,-0.939641437061175
"1348",18,"undammed","LRB",2021,399.85587,38.4705860237127,0,6,"216",0,2955.12656013638,0.216645751286758,4521.49469824135,0,"2021.LRB.18",169,3,6,2,0,6,0,0,1,-0.939641437061175
"1349",18,"undammed","LRB",2021,399.85587,38.4705860237127,0,7,"217",0,12404.3110081691,0.368511914417929,4521.49469824135,0,"2021.LRB.18",169,3,7,2,0,7,0,0,1,-0.939641437061175
"1350",18,"undammed","LRB",2021,399.85587,38.4705860237127,0,8,"218",0,13183.3926918479,0.372296172571364,4521.49469824135,0,"2021.LRB.18",169,3,8,2,0,8,0,0,1,-0.939641437061175
"1351",19,"dammed","LRB",2021,379.05075,40.8095124331575,1.1258207134965,5,"215",277.135182936285,3680.24800765094,0.240333735980562,5171.97662168741,4.503282853986,"2021.LRB.19",178,3,5,2,1,5,5.62810726505489,1,1,0.491383200790976
"1352",19,"dammed","LRB",2021,379.05075,40.8095124331575,1.1258207134965,6,"216",0,6887.49454046511,0.227462651940339,5171.97662168741,4.503282853986,"2021.LRB.19",178,3,6,2,1,6,0,0,1,0.491383200790976
"1353",19,"dammed","LRB",2021,379.05075,40.8095124331575,1.1258207134965,7,"217",0,22605.1744911044,0.344348860454419,5171.97662168741,4.503282853986,"2021.LRB.19",178,3,7,2,1,7,0,0,1,0.491383200790976
"1354",19,"dammed","LRB",2021,379.05075,40.8095124331575,1.1258207134965,8,"218",0,21043.0441282385,0.326736740713727,5171.97662168741,4.503282853986,"2021.LRB.19",178,3,8,2,1,8,0,0,1,0.491383200790976
"1355",19,"undammed","LRB",2021,378.5061,35.7288175771101,0,5,"215",0,599.693171332864,0.261909450774506,3269.25658985972,0,"2021.LRB.19",178,3,5,2,0,5,0,0,1,-0.939641437061175
"1356",19,"undammed","LRB",2021,378.5061,35.7288175771101,0,6,"216",0,668.535719448912,0.196797382211023,3269.25658985972,0,"2021.LRB.19",178,3,6,2,0,6,0,0,1,-0.939641437061175
"1357",19,"undammed","LRB",2021,378.5061,35.7288175771101,0,7,"217",0,12505.3677240409,0.257591822431052,3269.25658985972,0,"2021.LRB.19",178,3,7,2,0,7,0,0,1,-0.939641437061175
"1358",19,"undammed","LRB",2021,378.5061,35.7288175771101,0,8,"218",0,10959.6693063773,0.240265503573476,3269.25658985972,0,"2021.LRB.19",178,3,8,2,0,8,0,0,1,-0.939641437061175
"1359",21,"dammed","LRB",2021,346.24377,40.8897314962893,1.12199326460992,5,"215",0,4690.98932324578,0.254330302576569,4184.7367785573,4.48797305843968,"2021.LRB.21",197,3,5,2,1,5,0,0,1,0.486518151151052
"1360",21,"dammed","LRB",2021,346.24377,40.8897314962893,1.12199326460992,6,"216",0,1438.08457892923,0.206068507628338,4184.7367785573,4.48797305843968,"2021.LRB.21",197,3,6,2,1,6,0,0,1,0.486518151151052
"1361",21,"dammed","LRB",2021,346.24377,40.8897314962893,1.12199326460992,7,"217",0,11568.0320079429,0.229199600777357,4184.7367785573,4.48797305843968,"2021.LRB.21",197,3,7,2,1,7,0,0,1,0.486518151151052
"1362",21,"dammed","LRB",2021,346.24377,40.8897314962893,1.12199326460992,8,"218",0,10127.3313948687,0.23011536696715,4184.7367785573,4.48797305843968,"2021.LRB.21",197,3,8,2,1,8,0,0,1,0.486518151151052
"1363",21,"undammed","LRB",2021,327.07617,38.7476052055896,0,5,"215",0,1465.76893810197,0.259206844157742,4727.60366389155,0,"2021.LRB.21",197,3,5,2,0,5,0,0,1,-0.939641437061175
"1364",21,"undammed","LRB",2021,327.07617,38.7476052055896,0,6,"216",0,599.344711662741,0.194005181420415,4727.60366389155,0,"2021.LRB.21",197,3,6,2,0,6,0,0,1,-0.939641437061175
"1365",21,"undammed","LRB",2021,327.07617,38.7476052055896,0,7,"217",0,2768.14094052782,0.202589574875026,4727.60366389155,0,"2021.LRB.21",197,3,7,2,0,7,0,0,1,-0.939641437061175
"1366",21,"undammed","LRB",2021,327.07617,38.7476052055896,0,8,"218",0,2200.74374287923,0.200943166760371,4727.60366389155,0,"2021.LRB.21",197,3,8,2,0,8,0,0,1,-0.939641437061175
"1367",24,"dammed","LRB",2021,325.65393,40.9440841777218,1.11999914219075,5,"215",0,1795.02885547713,0.253510420943271,4736.36725836992,4.479996568763,"2021.LRB.24",224,3,5,2,1,5,0,0,1,0.483983432897501
"1368",24,"dammed","LRB",2021,325.65393,40.9440841777218,1.11999914219075,6,"216",0,4653.7110377293,0.214258084361847,4736.36725836992,4.479996568763,"2021.LRB.24",224,3,6,2,1,6,0,0,1,0.483983432897501
"1369",24,"dammed","LRB",2021,325.65393,40.9440841777218,1.11999914219075,7,"217",0,11346.2766027413,0.234368815325672,4736.36725836992,4.479996568763,"2021.LRB.24",224,3,7,2,1,7,0,0,1,0.483983432897501
"1370",24,"dammed","LRB",2021,325.65393,40.9440841777218,1.11999914219075,8,"218",0,9236.73982128069,0.225266470516101,4736.36725836992,4.479996568763,"2021.LRB.24",224,3,8,2,1,8,0,0,1,0.483983432897501
"1371",24,"undammed","LRB",2021,326.3249,36.725493178002,0,5,"215",0,5871.1335306205,0.27400404258224,4701.97449435294,0,"2021.LRB.24",224,3,5,2,0,5,0,0,1,-0.939641437061175
"1372",24,"undammed","LRB",2021,326.3249,36.725493178002,0,6,"216",0,2796.65547440473,0.2336845124138,4701.97449435294,0,"2021.LRB.24",224,3,6,2,0,6,0,0,1,-0.939641437061175
"1373",24,"undammed","LRB",2021,326.3249,36.725493178002,0,7,"217",0,14864.6520812689,0.221974742018497,4701.97449435294,0,"2021.LRB.24",224,3,7,2,0,7,0,0,1,-0.939641437061175
"1374",24,"undammed","LRB",2021,326.3249,36.725493178002,0,8,"218",0,15014.9572377523,0.225114858580145,4701.97449435294,0,"2021.LRB.24",224,3,8,2,0,8,0,0,1,-0.939641437061175
"1375",25,"dammed","LRB",2021,325.3729,46.0726223187425,1.1174066817487,5,"215",49.0589609688404,1091.46951658959,0.253049818967881,10161.6514807045,4.4696267269948,"2021.LRB.25",230,3,5,2,1,5,3.91320153007189,1,1,0.48068817040965
"1376",25,"dammed","LRB",2021,325.3729,46.0726223187425,1.1174066817487,6,"216",0,2545.09875646853,0.214569268260106,10161.6514807045,4.4696267269948,"2021.LRB.25",230,3,6,2,1,6,0,0,1,0.48068817040965
"1377",25,"dammed","LRB",2021,325.3729,46.0726223187425,1.1174066817487,7,"217",167.571182994749,7605.15984302596,0.250381773104317,10161.6514807045,4.4696267269948,"2021.LRB.25",230,3,7,2,1,7,5.12735811159252,1,1,0.48068817040965
"1378",25,"dammed","LRB",2021,325.3729,46.0726223187425,1.1174066817487,8,"218",72.7712999098441,6568.69267611036,0.241840060895169,10161.6514807045,4.4696267269948,"2021.LRB.25",230,3,8,2,1,8,4.30096976585854,1,1,0.48068817040965
"1379",25,"undammed","LRB",2021,319.48077,42.2424998539008,0,5,"215",0,0,NA,5559.25981445611,0,"2021.LRB.25",230,3,5,2,0,5,0,0,0,-0.939641437061175
"1380",25,"undammed","LRB",2021,319.48077,42.2424998539008,0,6,"216",0,980.776627005783,0.21774035777199,5559.25981445611,0,"2021.LRB.25",230,3,6,2,0,6,0,0,1,-0.939641437061175
"1381",25,"undammed","LRB",2021,319.48077,42.2424998539008,0,7,"217",0,11617.163350842,0.254731210521901,5559.25981445611,0,"2021.LRB.25",230,3,7,2,0,7,0,0,1,-0.939641437061175
"1382",25,"undammed","LRB",2021,319.48077,42.2424998539008,0,8,"218",0,3972.08293023203,0.220346903255329,5559.25981445611,0,"2021.LRB.25",230,3,8,2,0,8,0,0,1,-0.939641437061175
"1383",27,"dammed","LRB",2021,274.85776,33.8380784816481,4.60233908841611,6,"216",0,13425.3628601972,0.209395648251071,6240.9110892117,9.39252875186961,"2021.LRB.27",241,3,6,2,1,6,0,0,1,2.04505672458397
"1384",27,"dammed","LRB",2021,274.85776,33.8380784816481,4.60233908841611,7,"217",0,27372.5079119514,0.250758451528041,6240.9110892117,9.39252875186961,"2021.LRB.27",241,3,7,2,1,7,0,0,1,2.04505672458397
"1385",27,"dammed","LRB",2021,274.85776,33.8380784816481,4.60233908841611,8,"218",0,21717.7903812782,0.234208685508731,6240.9110892117,9.39252875186961,"2021.LRB.27",241,3,8,2,1,8,0,0,1,2.04505672458397
"1386",27,"undammed","LRB",2021,276.22318,37.7880910275825,1.126023307949,6,"216",0,1641.15416086234,0.195732145290081,9417.23813804984,2.29800675091633,"2021.LRB.27",241,3,6,2,1,6,0,0,1,-0.209395439832492
"1387",27,"undammed","LRB",2021,276.22318,37.7880910275825,1.126023307949,7,"217",0,24032.1251161164,0.229812182123504,9417.23813804984,2.29800675091633,"2021.LRB.27",241,3,7,2,1,7,0,0,1,-0.209395439832492
"1388",27,"undammed","LRB",2021,276.22318,37.7880910275825,1.126023307949,8,"218",0,8889.33802702661,0.211721024672084,9417.23813804984,2.29800675091633,"2021.LRB.27",241,3,8,2,1,8,0,0,1,-0.209395439832492
"1389",28,"dammed","LRB",2021,274.7086,45.683161561266,3.37478366704419,6,"216",0,16629.4502779792,0.227842872772066,32169.5326881856,6.4899685904696,"2021.LRB.28",246,3,6,2,1,6,0,0,1,1.12269958236382
"1390",28,"dammed","LRB",2021,274.7086,45.683161561266,3.37478366704419,7,"217",0,24885.5614598891,0.233639094681012,32169.5326881856,6.4899685904696,"2021.LRB.28",246,3,7,2,1,7,0,0,1,1.12269958236382
"1391",28,"dammed","LRB",2021,274.7086,45.683161561266,3.37478366704419,8,"218",0,27136.1258816588,0.245853965654628,32169.5326881856,6.4899685904696,"2021.LRB.28",246,3,8,2,1,8,0,0,1,1.12269958236382
"1392",28,"undammed","LRB",2021,249.17955,48.4490931747203,1.12581360811096,5,"215",0,2189.80035424326,0.273111729519805,34103.4555000663,2.16502616944415,"2021.LRB.28",246,3,5,2,1,5,0,0,1,-0.251653164832854
"1393",28,"undammed","LRB",2021,249.17955,48.4490931747203,1.12581360811096,6,"216",0,10898.6197931028,0.211546611275384,34103.4555000663,2.16502616944415,"2021.LRB.28",246,3,6,2,1,6,0,0,1,-0.251653164832854
"1394",28,"undammed","LRB",2021,249.17955,48.4490931747203,1.12581360811096,7,"217",0,26390.3686122819,0.26233652528344,34103.4555000663,2.16502616944415,"2021.LRB.28",246,3,7,2,1,7,0,0,1,-0.251653164832854
"1395",28,"undammed","LRB",2021,249.17955,48.4490931747203,1.12581360811096,8,"218",0,19031.3257793053,0.2706618884973,34103.4555000663,2.16502616944415,"2021.LRB.28",246,3,8,2,1,8,0,0,1,-0.251653164832854
"1396",29,"dammed","LRB",2021,245.11072,69.6956435204356,2.25465526597221,6,"216",0,19580.3975979076,0.252627650219851,26269.4814382792,8.35057505915633,"2021.LRB.29",252,3,6,2,1,6,0,0,1,1.71395129458551
"1397",29,"dammed","LRB",2021,245.11072,69.6956435204356,2.25465526597221,7,"217",0,25391.6433328666,0.290335998705203,26269.4814382792,8.35057505915633,"2021.LRB.29",252,3,7,2,1,7,0,0,1,1.71395129458551
"1398",29,"dammed","LRB",2021,245.11072,69.6956435204356,2.25465526597221,8,"218",0,22589.0742650649,0.283272928602757,26269.4814382792,8.35057505915633,"2021.LRB.29",252,3,8,2,1,8,0,0,1,1.71395129458551
"1399",29,"undammed","LRB",2021,247.1077,41.3263591323785,0,5,"215",0,4654.4834294637,0.298550330627876,22473.5234499127,0,"2021.LRB.29",252,3,5,2,0,5,0,0,1,-0.939641437061175
"1400",29,"undammed","LRB",2021,247.1077,41.3263591323785,0,6,"216",0,10276.8415970447,0.241124652443686,22473.5234499127,0,"2021.LRB.29",252,3,6,2,0,6,0,0,1,-0.939641437061175
"1401",29,"undammed","LRB",2021,247.1077,41.3263591323785,0,7,"217",0,14359.058655952,0.283140586016725,22473.5234499127,0,"2021.LRB.29",252,3,7,2,0,7,0,0,1,-0.939641437061175
"1402",29,"undammed","LRB",2021,247.1077,41.3263591323785,0,8,"218",0,11974.1957716998,0.275007937640562,22473.5234499127,0,"2021.LRB.29",252,3,8,2,0,8,0,0,1,-0.939641437061175
"1403",30,"dammed","LRB",2021,244.2096,43.6756702497298,1.12216393346205,5,"215",0,15520.6521364698,0.302530945433817,19345.0441433191,4.4886557338482,"2021.LRB.30",258,3,5,2,1,5,0,0,1,0.48673508740865
"1404",30,"dammed","LRB",2021,244.2096,43.6756702497298,1.12216393346205,6,"216",0,24954.1233885821,0.253257370507604,19345.0441433191,4.4886557338482,"2021.LRB.30",258,3,6,2,1,6,0,0,1,0.48673508740865
"1405",30,"dammed","LRB",2021,244.2096,43.6756702497298,1.12216393346205,7,"217",0,29139.874596031,0.320100985635803,19345.0441433191,4.4886557338482,"2021.LRB.30",258,3,7,2,1,7,0,0,1,0.48673508740865
"1406",30,"dammed","LRB",2021,244.2096,43.6756702497298,1.12216393346205,8,"218",0,27571.5892003377,0.32069266382569,19345.0441433191,4.4886557338482,"2021.LRB.30",258,3,8,2,1,8,0,0,1,0.48673508740865
"1407",30,"undammed","LRB",2021,244.20386,45.6062375819473,0,5,"215",0,6659.62998926499,0.282474352015023,3751.17566901445,0,"2021.LRB.30",258,3,5,2,0,5,0,0,1,-0.939641437061175
"1408",30,"undammed","LRB",2021,244.20386,45.6062375819473,0,6,"216",0,8987.37206145642,0.222601235505637,3751.17566901445,0,"2021.LRB.30",258,3,6,2,0,6,0,0,1,-0.939641437061175
"1409",30,"undammed","LRB",2021,244.20386,45.6062375819473,0,7,"217",0,11951.3731974583,0.253479248927759,3751.17566901445,0,"2021.LRB.30",258,3,7,2,0,7,0,0,1,-0.939641437061175
"1410",30,"undammed","LRB",2021,244.20386,45.6062375819473,0,8,"218",0,11239.1329918955,0.250344173930359,3751.17566901445,0,"2021.LRB.30",258,3,8,2,0,8,0,0,1,-0.939641437061175
"1411",31,"dammed","LRB",2021,163.55113,45.284864244258,1.13316487688204,6,"216",0,11080.1460569793,0.235775438629907,8318.84163746983,4.53265950752816,"2021.LRB.31",261,3,6,2,1,6,0,0,1,0.50071832726638
"1412",31,"dammed","LRB",2021,163.55113,45.284864244258,1.13316487688204,7,"217",0,8611.40994603774,0.235797754469864,8318.84163746983,4.53265950752816,"2021.LRB.31",261,3,7,2,1,7,0,0,1,0.50071832726638
"1413",31,"dammed","LRB",2021,163.55113,45.284864244258,1.13316487688204,8,"218",0,6712.01589989756,0.225886656603906,8318.84163746983,4.53265950752816,"2021.LRB.31",261,3,8,2,1,8,0,0,1,0.50071832726638
"1414",31,"undammed","LRB",2021,163.70047,44.37157669424,0,6,"216",0,9904.82767875522,0.244157756702269,8119.94180341065,0,"2021.LRB.31",261,3,6,2,0,6,0,0,1,-0.939641437061175
"1415",31,"undammed","LRB",2021,163.70047,44.37157669424,0,7,"217",0,8441.86102546243,0.227512711409057,8119.94180341065,0,"2021.LRB.31",261,3,7,2,0,7,0,0,1,-0.939641437061175
"1416",31,"undammed","LRB",2021,163.70047,44.37157669424,0,8,"218",0,7980.60236529182,0.220412528869096,8119.94180341065,0,"2021.LRB.31",261,3,8,2,0,8,0,0,1,-0.939641437061175
"1417",32,"dammed","LRB",2021,157.13434,53.2071425121608,1.1200403735745,5,"215",0,7863.59309192732,0.349905684332193,8407.6053205058,4.480161494298,"2021.LRB.32",266,3,5,2,1,5,0,0,1,0.484035841887042
"1418",32,"dammed","LRB",2021,157.13434,53.2071425121608,1.1200403735745,6,"216",0,10962.5476392559,0.274765684923965,8407.6053205058,4.480161494298,"2021.LRB.32",266,3,6,2,1,6,0,0,1,0.484035841887042
"1419",32,"dammed","LRB",2021,157.13434,53.2071425121608,1.1200403735745,7,"217",0,8943.26852180631,0.265102075238684,8407.6053205058,4.480161494298,"2021.LRB.32",266,3,7,2,1,7,0,0,1,0.484035841887042
"1420",32,"dammed","LRB",2021,157.13434,53.2071425121608,1.1200403735745,8,"218",0,9020.90936569513,0.248215287357958,8407.6053205058,4.480161494298,"2021.LRB.32",266,3,8,2,1,8,0,0,1,0.484035841887042
"1421",32,"undammed","LRB",2021,157.18605,47.5096545385947,0,5,"215",0,5744.36229541255,0.288494289659935,5493.61671842635,0,"2021.LRB.32",266,3,5,2,0,5,0,0,1,-0.939641437061175
"1422",32,"undammed","LRB",2021,157.18605,47.5096545385947,0,6,"216",0,10429.2951503679,0.238080636299452,5493.61671842635,0,"2021.LRB.32",266,3,6,2,0,6,0,0,1,-0.939641437061175
"1423",32,"undammed","LRB",2021,157.18605,47.5096545385947,0,7,"217",0,10028.232111583,0.229201785310352,5493.61671842635,0,"2021.LRB.32",266,3,7,2,0,7,0,0,1,-0.939641437061175
"1424",32,"undammed","LRB",2021,157.18605,47.5096545385947,0,8,"218",0,9391.37736235974,0.218026474297632,5493.61671842635,0,"2021.LRB.32",266,3,8,2,0,8,0,0,1,-0.939641437061175
"1425",33,"dammed","LRB",2021,148.33694,58.7321872460146,3.38487715788972,6,"216",0,18096.6803635242,0.304164161237277,30765.7397863567,7.52194923975493,"2021.LRB.33",270,3,6,2,1,6,0,0,1,1.45063584193207
"1426",33,"dammed","LRB",2021,148.33694,58.7321872460146,3.38487715788972,7,"217",0,19243.4554355995,0.31223454370609,30765.7397863567,7.52194923975493,"2021.LRB.33",270,3,7,2,1,7,0,0,1,1.45063584193207
"1427",33,"dammed","LRB",2021,148.33694,58.7321872460146,3.38487715788972,8,"218",0,19344.4744791068,0.310075426392664,30765.7397863567,7.52194923975493,"2021.LRB.33",270,3,8,2,1,8,0,0,1,1.45063584193207
"1428",33,"undammed","LRB",2021,148.63574,43.4655926156217,0,6,"216",0,2468.09419298359,0.230748635644787,5000.78388347477,0,"2021.LRB.33",270,3,6,2,0,6,0,0,1,-0.939641437061175
"1429",33,"undammed","LRB",2021,148.63574,43.4655926156217,0,7,"217",0,3113.98330526913,0.228307657395032,5000.78388347477,0,"2021.LRB.33",270,3,7,2,0,7,0,0,1,-0.939641437061175
"1430",33,"undammed","LRB",2021,148.63574,43.4655926156217,0,8,"218",0,2833.2792962467,0.214592064413179,5000.78388347477,0,"2021.LRB.33",270,3,8,2,0,8,0,0,1,-0.939641437061175
"1431",36,"dammed","LRB",2021,137.46588,46.031120744473,1.11449007445721,6,"216",0,9862.29097550336,0.260807652102608,4554.37587277591,4.45796029782884,"2021.LRB.36",281,3,6,2,1,6,0,0,1,0.476980886609462
"1432",36,"dammed","LRB",2021,137.46588,46.031120744473,1.11449007445721,7,"217",74.9244278868039,10212.3063479854,0.259942105359403,4554.37587277591,4.45796029782884,"2021.LRB.36",281,3,7,2,1,7,4.32973847566212,1,1,0.476980886609462
"1433",36,"dammed","LRB",2021,137.46588,46.031120744473,1.11449007445721,8,"218",0,10422.4780414058,0.257847087217642,4554.37587277591,4.45796029782884,"2021.LRB.36",281,3,8,2,1,8,0,0,1,0.476980886609462
"1434",36,"undammed","LRB",2021,145.48058,45.1907413945539,0,6,"216",0,9084.98523197548,0.249344109917117,7023.80745034665,0,"2021.LRB.36",281,3,6,2,0,6,0,0,1,-0.939641437061175
"1435",36,"undammed","LRB",2021,145.48058,45.1907413945539,0,7,"217",0,12027.4119082582,0.253491132794081,7023.80745034665,0,"2021.LRB.36",281,3,7,2,0,7,0,0,1,-0.939641437061175
"1436",36,"undammed","LRB",2021,145.48058,45.1907413945539,0,8,"218",0,11526.2953847249,0.24763942516751,7023.80745034665,0,"2021.LRB.36",281,3,8,2,0,8,0,0,1,-0.939641437061175
"1437",37,"dammed","LRB",2021,81.36477,37.4259331512341,3.39985447128114,6,"216",0,915.875513293696,0.225313764017218,8517.25504628196,6.07116869871632,"2021.LRB.37",285,3,6,2,1,6,0,0,1,0.989616011364438
"1438",37,"dammed","LRB",2021,81.36477,37.4259331512341,3.39985447128114,7,"217",0,1043.96741880529,0.226020027212406,8517.25504628196,6.07116869871632,"2021.LRB.37",285,3,7,2,1,7,0,0,1,0.989616011364438
"1439",37,"dammed","LRB",2021,81.36477,37.4259331512341,3.39985447128114,8,"218",0,907.459847184723,0.222277293193914,8517.25504628196,6.07116869871632,"2021.LRB.37",285,3,8,2,1,8,0,0,1,0.989616011364438
"1440",37,"undammed","LRB",2021,83.296616,44.1275073004641,1.13143060473174,6,"216",0,5589.90708695954,0.223172555361229,13592.5296882018,2.02041179416382,"2021.LRB.37",285,3,6,2,1,6,0,0,1,-0.297607802976576
"1441",37,"undammed","LRB",2021,83.296616,44.1275073004641,1.13143060473174,7,"217",0,6896.12847918342,0.230667053624807,13592.5296882018,2.02041179416382,"2021.LRB.37",285,3,7,2,1,7,0,0,1,-0.297607802976576
"1442",37,"undammed","LRB",2021,83.296616,44.1275073004641,1.13143060473174,8,"218",0,7394.52398146087,0.232786409231219,13592.5296882018,2.02041179416382,"2021.LRB.37",285,3,8,2,1,8,0,0,1,-0.297607802976576
"1443",1,"dammed","LRB",2023,947.5449,36.5644412496821,1.19365984127995,5,"235",0,14557.8438794005,0.40193129163664,2989.84405776765,4.7746393651198,"2023.LRB.1",9,3,9,3,1,9,0,0,1,0.577613150288898
"1444",1,"dammed","LRB",2023,947.5449,36.5644412496821,1.19365984127995,6,"236",0,15091.0083483827,0.428211188524457,2989.84405776765,4.7746393651198,"2023.LRB.1",9,3,10,3,1,10,0,0,1,0.577613150288898
"1445",1,"dammed","LRB",2023,947.5449,36.5644412496821,1.19365984127995,7,"237",0,14171.0491375493,0.385501835930864,2989.84405776765,4.7746393651198,"2023.LRB.1",9,3,11,3,1,11,0,0,1,0.577613150288898
"1446",1,"dammed","LRB",2023,947.5449,36.5644412496821,1.19365984127995,8,"238",0,14933.4297921274,0.37842831849138,2989.84405776765,4.7746393651198,"2023.LRB.1",9,3,12,3,1,12,0,0,1,0.577613150288898
"1447",1,"undammed","LRB",2023,892.65967,37.1096330739319,0,6,"236",0,19091.5099927416,0.388577487554085,3912.72956228349,0,"2023.LRB.1",9,3,10,3,0,10,0,0,1,-0.939641437061175
"1448",1,"undammed","LRB",2023,892.65967,37.1096330739319,0,7,"237",0,15653.5791068881,0.337734312866324,3912.72956228349,0,"2023.LRB.1",9,3,11,3,0,11,0,0,1,-0.939641437061175
"1449",1,"undammed","LRB",2023,892.65967,37.1096330739319,0,8,"238",0,18034.5476403629,0.342585738584272,3912.72956228349,0,"2023.LRB.1",9,3,12,3,0,12,0,0,1,-0.939641437061175
"1450",2,"dammed","LRB",2023,893.6354,37.838910668724,1.16387907648242,5,"235",68.3985491243063,18124.2175222958,0.399506615796765,4683.4200737616,4.65551630592968,"2023.LRB.2",23,3,9,3,1,9,4.2398659613044,1,1,0.539758980749782
"1451",2,"dammed","LRB",2023,893.6354,37.838910668724,1.16387907648242,6,"236",0,16928.3899551092,0.435719024890948,4683.4200737616,4.65551630592968,"2023.LRB.2",23,3,10,3,1,10,0,0,1,0.539758980749782
"1452",2,"dammed","LRB",2023,893.6354,37.838910668724,1.16387907648242,7,"237",0,16327.2297145769,0.384561889235937,4683.4200737616,4.65551630592968,"2023.LRB.2",23,3,11,3,1,11,0,0,1,0.539758980749782
"1453",2,"dammed","LRB",2023,893.6354,37.838910668724,1.16387907648242,8,"238",0,16929.4395989512,0.396237914900089,4683.4200737616,4.65551630592968,"2023.LRB.2",23,3,12,3,1,12,0,0,1,0.539758980749782
"1454",2,"undammed","LRB",2023,888.8528,60.7661278398951,0,5,"235",5997.22603168488,12448.5194819132,0.306874269215231,8014.99225339293,0,"2023.LRB.2",23,3,9,3,0,9,8.69921904310789,1,1,-0.939641437061175
"1455",2,"undammed","LRB",2023,888.8528,60.7661278398951,0,6,"236",6298.05985237266,9200.4696991266,0.306690949868332,8014.99225339293,0,"2023.LRB.2",23,3,10,3,0,10,8.74815567146164,1,1,-0.939641437061175
"1456",2,"undammed","LRB",2023,888.8528,60.7661278398951,0,7,"237",7239.47021523667,4138.13473627427,0.266446007879752,8014.99225339293,0,"2023.LRB.2",23,3,11,3,0,11,8.8874414301267,1,1,-0.939641437061175
"1457",2,"undammed","LRB",2023,888.8528,60.7661278398951,0,8,"238",5650.99117492321,10421.8296716727,0.276137582682616,8014.99225339293,0,"2023.LRB.2",23,3,12,3,0,12,8.63976318239542,1,1,-0.939641437061175
"1458",6,"dammed","LRB",2023,786.76245,50.374848767916,1.1583033663478,5,"235",748.208484662748,17860.2117151896,0.360579068436128,4923.98103353381,4.6332134653912,"2023.LRB.6",56,3,9,3,1,9,6.61901729546943,1,1,0.532671725665104
"1459",6,"dammed","LRB",2023,786.76245,50.374848767916,1.1583033663478,6,"236",116.382457898177,16518.1077327354,0.33020216945934,4923.98103353381,4.6332134653912,"2023.LRB.6",56,3,10,3,1,10,4.76543747457851,1,1,0.532671725665104
"1460",6,"dammed","LRB",2023,786.76245,50.374848767916,1.1583033663478,7,"237",1225.92375646082,11455.2805817847,0.284449577269133,4923.98103353381,4.6332134653912,"2023.LRB.6",56,3,11,3,1,11,7.11226530460651,1,1,0.532671725665104
"1461",6,"dammed","LRB",2023,786.76245,50.374848767916,1.1583033663478,8,"238",374.273947766248,15773.3991907157,0.295485289510362,4923.98103353381,4.6332134653912,"2023.LRB.6",56,3,12,3,1,12,5.92765628664183,1,1,0.532671725665104
"1462",6,"undammed","LRB",2023,786.7853,45.429085217155,0,5,"235",0,13014.2397624296,0.363002874471694,4813.60017281026,0,"2023.LRB.6",56,3,9,3,0,9,0,0,1,-0.939641437061175
"1463",6,"undammed","LRB",2023,786.7853,45.429085217155,0,6,"236",60.8343651792582,11886.7341111426,0.355112010978466,4813.60017281026,0,"2023.LRB.6",56,3,10,3,0,10,4.12445928077532,1,1,-0.939641437061175
"1464",6,"undammed","LRB",2023,786.7853,45.429085217155,0,7,"237",567.422672009936,8506.07136870739,0.297288990762631,4813.60017281026,0,"2023.LRB.6",56,3,11,3,0,11,6.34286528284818,1,1,-0.939641437061175
"1465",6,"undammed","LRB",2023,786.7853,45.429085217155,0,8,"238",207.915292000771,9875.02960411521,0.31940790740176,4813.60017281026,0,"2023.LRB.6",56,3,12,3,0,12,5.34192886837627,1,1,-0.939641437061175
"1466",7,"dammed","LRB",2023,782.33514,49.1070852993995,1.13122795792193,5,"235",885.917806356093,11601.5298186657,0.309555479088596,5140.45731725916,4.52491183168772,"2023.LRB.7",65,3,9,3,1,9,6.78775231325392,1,1,0.498256320021167
"1467",7,"dammed","LRB",2023,782.33514,49.1070852993995,1.13122795792193,6,"236",506.825705247533,9970.92451468075,0.287325149065638,5140.45731725916,4.52491183168772,"2023.LRB.7",65,3,10,3,1,10,6.23013828879981,1,1,0.498256320021167
"1468",7,"dammed","LRB",2023,782.33514,49.1070852993995,1.13122795792193,7,"237",1234.3547407592,6102.53432940315,0.25257236244357,5140.45731725916,4.52491183168772,"2023.LRB.7",65,3,11,3,1,11,7.11911344729785,1,1,0.498256320021167
"1469",7,"dammed","LRB",2023,782.33514,49.1070852993995,1.13122795792193,8,"238",733.677927047131,8219.03936722699,0.254810187521513,5140.45731725916,4.52491183168772,"2023.LRB.7",65,3,12,3,1,12,6.59943220868387,1,1,0.498256320021167
"1470",7,"undammed","LRB",2023,783.6661,46.8808288466437,0,5,"235",1517.54587077533,10786.3917813469,0.302249767471724,4485.00647601485,0,"2023.LRB.7",65,3,9,3,0,9,7.3255084919817,1,1,-0.939641437061175
"1471",7,"undammed","LRB",2023,783.6661,46.8808288466437,0,6,"236",1816.38667383848,8196.39433252671,0.267311408531624,4485.00647601485,0,"2023.LRB.7",65,3,10,3,0,10,7.50515485469253,1,1,-0.939641437061175
"1472",7,"undammed","LRB",2023,783.6661,46.8808288466437,0,7,"237",2507.25918418052,3644.15237474629,0.234340090262003,4485.00647601485,0,"2023.LRB.7",65,3,11,3,0,11,7.82734423938798,1,1,-0.939641437061175
"1473",7,"undammed","LRB",2023,783.6661,46.8808288466437,0,8,"238",1461.58845682074,7427.56648101807,0.229920699358955,4485.00647601485,0,"2023.LRB.7",65,3,12,3,0,12,7.2879630605732,1,1,-0.939641437061175
"1474",8,"dammed","LRB",2023,558.19324,46.8611730290338,1.14607863813096,5,"235",1142.21055555274,12110.5198681401,0.295696773596397,4893.57292540371,4.58431455252384,"2023.LRB.8",75,3,9,3,1,9,7.04159585991168,1,1,0.51713293955145
"1475",8,"dammed","LRB",2023,558.19324,46.8611730290338,1.14607863813096,6,"236",1207.32734764908,9266.76455894919,0.298539038514223,4893.57292540371,4.58431455252384,"2023.LRB.8",75,3,10,3,1,10,7.09699232493867,1,1,0.51713293955145
"1476",8,"dammed","LRB",2023,558.19324,46.8611730290338,1.14607863813096,7,"237",1224.83258979414,6123.32267886891,0.263538301017272,4893.57292540371,4.58431455252384,"2023.LRB.8",75,3,11,3,1,11,7.11137555724915,1,1,0.51713293955145
"1477",8,"dammed","LRB",2023,558.19324,46.8611730290338,1.14607863813096,8,"238",1369.40756446591,7471.26283467611,0.261774359259315,4893.57292540371,4.58431455252384,"2023.LRB.8",75,3,12,3,1,12,7.22286346689099,1,1,0.51713293955145
"1478",8,"undammed","LRB",2023,558.07306,48.9085302240375,0,5,"235",981.331702883337,11976.6022578221,0.271159116821354,4539.59577003121,0,"2023.LRB.8",75,3,9,3,0,9,6.88992903429556,1,1,-0.939641437061175
"1479",8,"undammed","LRB",2023,558.07306,48.9085302240375,0,6,"236",2305.17320234916,6839.70611952239,0.262009412502252,4539.59577003121,0,"2023.LRB.8",75,3,10,3,0,10,7.74334480743998,1,1,-0.939641437061175
"1480",8,"undammed","LRB",2023,558.07306,48.9085302240375,0,7,"237",3265.09576228366,1938.74185414034,0.256149763951295,4539.59577003121,0,"2023.LRB.8",75,3,11,3,0,11,8.09135059406922,1,1,-0.939641437061175
"1481",8,"undammed","LRB",2023,558.07306,48.9085302240375,0,8,"238",2309.8306901324,5212.66900553984,0.226671084533864,4539.59577003121,0,"2023.LRB.8",75,3,12,3,0,12,7.74536234499098,1,1,-0.939641437061175
"1482",10,"dammed","LRB",2023,463.3331,36.8268898587025,2.30162505616268,6,"236",630.154167018918,12237.4598623837,0.317355670289784,4649.79336684942,6.57607158903623,"2023.LRB.10",93,3,10,3,1,10,6.44755015444107,1,1,1.1500608466541
"1483",10,"dammed","LRB",2023,463.3331,36.8268898587025,2.30162505616268,7,"237",997.448077132422,9379.90892211316,0.271376917217684,4649.79336684942,6.57607158903623,"2023.LRB.10",93,3,11,3,1,11,6.9062021506349,1,1,1.1500608466541
"1484",10,"dammed","LRB",2023,463.3331,36.8268898587025,2.30162505616268,8,"238",450.013934515972,12157.7087587843,0.286838919701811,4649.79336684942,6.57607158903623,"2023.LRB.10",93,3,12,3,1,12,6.11149823595658,1,1,1.1500608466541
"1485",10,"undammed","LRB",2023,492.09198,44.7869952221567,0,6,"236",1060.56052291276,9651.93606785793,0.330216634917117,4486.37623044848,0,"2023.LRB.10",93,3,10,3,0,10,6.96749529592186,1,1,-0.939641437061175
"1486",10,"undammed","LRB",2023,492.09198,44.7869952221567,0,7,"237",1894.82357269596,6778.32527058919,0.294534005855526,4486.37623044848,0,"2023.LRB.10",93,3,11,3,0,11,7.54740862610978,1,1,-0.939641437061175
"1487",10,"undammed","LRB",2023,492.09198,44.7869952221567,0,8,"238",1377.05412441399,9455.8192134184,0.309965290636894,4486.37623044848,0,"2023.LRB.10",93,3,12,3,0,12,7.22842772831604,1,1,-0.939641437061175
"1488",11,"dammed","LRB",2023,420.8749,39.4575402912172,1.13413274103935,6,"236",629.059006122748,10534.9447619868,0.349183265827381,5529.78698328137,4.5365309641574,"2023.LRB.11",102,3,10,3,1,10,6.44581347551201,1,1,0.501948574177457
"1489",11,"dammed","LRB",2023,420.8749,39.4575402912172,1.13413274103935,7,"237",1253.66422555797,7541.21608862783,0.30411465291723,5529.78698328137,4.5365309641574,"2023.LRB.11",102,3,11,3,1,11,7.13462326641197,1,1,0.501948574177457
"1490",11,"dammed","LRB",2023,420.8749,39.4575402912172,1.13413274103935,8,"238",423.905040601889,11240.7969740625,0.309534825799812,5529.78698328137,4.5365309641574,"2023.LRB.11",102,3,12,3,1,12,6.05186571008144,1,1,0.501948574177457
"1491",11,"undammed","LRB",2023,419.27045,42.0938448247462,0,6,"236",356.229375579778,4676.24749678069,0.271061248713957,4411.0002951026,0,"2023.LRB.11",102,3,10,3,0,10,5.87837808408617,1,1,-0.939641437061175
"1492",11,"undammed","LRB",2023,419.27045,42.0938448247462,0,7,"237",748.014668144666,2501.26959823908,0.245617070940731,4411.0002951026,0,"2023.LRB.11",102,3,11,3,0,11,6.6187585669632,1,1,-0.939641437061175
"1493",11,"undammed","LRB",2023,419.27045,42.0938448247462,0,8,"238",361.935809004774,5749.23896807502,0.248272107033568,4411.0002951026,0,"2023.LRB.11",102,3,12,3,0,12,5.89422598393016,1,1,-0.939641437061175
"1494",12,"dammed","LRB",2023,379.05075,38.7415474729881,1.16764827013146,6,"236",0,17417.2004419065,0.392137425790137,4472.75279207528,4.67059308052584,"2023.LRB.12",112,3,10,3,1,10,0,0,1,0.544549982471415
"1495",12,"dammed","LRB",2023,379.05075,38.7415474729881,1.16764827013146,7,"237",0,16111.5666451847,0.341648962042293,4472.75279207528,4.67059308052584,"2023.LRB.12",112,3,11,3,1,11,0,0,1,0.544549982471415
"1496",12,"dammed","LRB",2023,379.05075,38.7415474729881,1.16764827013146,8,"238",0,15797.4662894155,0.355806715897174,4472.75279207528,4.67059308052584,"2023.LRB.12",112,3,12,3,1,12,0,0,1,0.544549982471415
"1497",12,"undammed","LRB",2023,398.53745,41.016733164025,0,6,"236",250.198751263291,16692.0225345387,0.380440626930327,3938.85048808157,0,"2023.LRB.12",112,3,10,3,0,10,5.52624446349606,1,1,-0.939641437061175
"1498",12,"undammed","LRB",2023,398.53745,41.016733164025,0,7,"237",476.20453605722,15477.523850714,0.326285452059204,3938.85048808157,0,"2023.LRB.12",112,3,11,3,0,11,6.16794519574694,1,1,-0.939641437061175
"1499",12,"undammed","LRB",2023,398.53745,41.016733164025,0,8,"238",399.550288299953,16514.8234358844,0.338405630702197,3938.85048808157,0,"2023.LRB.12",112,3,12,3,0,12,5.99283932242108,1,1,-0.939641437061175
"1500",13,"dammed","LRB",2023,378.5061,36.1220834882128,1.23225597383537,6,"236",0,11731.3170831718,0.336571894870593,3325.91743141413,4.92902389534148,"2023.LRB.13",122,3,10,3,1,10,0,0,1,0.626672486247532
"1501",13,"dammed","LRB",2023,378.5061,36.1220834882128,1.23225597383537,7,"237",0,8471.08986179127,0.28693734246498,3325.91743141413,4.92902389534148,"2023.LRB.13",122,3,11,3,1,11,0,0,1,0.626672486247532
"1502",13,"dammed","LRB",2023,378.5061,36.1220834882128,1.23225597383537,8,"238",0,10273.8371168847,0.297412389636844,3325.91743141413,4.92902389534148,"2023.LRB.13",122,3,12,3,1,12,0,0,1,0.626672486247532
"1503",13,"undammed","LRB",2023,346.24377,40.8897314962893,0,6,"236",206.357034021733,11469.844641203,0.341488974849173,4184.7367785573,0,"2023.LRB.13",122,3,10,3,0,10,5.33444210953988,1,1,-0.939641437061175
"1504",13,"undammed","LRB",2023,346.24377,40.8897314962893,0,7,"237",303.597919240886,8701.54128926595,0.307201871369341,4184.7367785573,0,"2023.LRB.13",122,3,11,3,0,11,5.71899260931785,1,1,-0.939641437061175
"1505",13,"undammed","LRB",2023,346.24377,40.8897314962893,0,8,"238",69.3773824177536,10873.983674472,0.297818076939011,4184.7367785573,0,"2023.LRB.13",122,3,12,3,0,12,4.25387193906985,1,1,-0.939641437061175
"1506",16,"dammed","LRB",2023,325.65393,39.8749934830787,3.49519749795178,6,"236",128.41612530339,28964.0543673646,0.369277503358406,10118.0902164876,6.85332842735643,"2023.LRB.16",151,3,10,3,1,10,4.8630329902487,1,1,1.23816576466919
"1507",16,"dammed","LRB",2023,325.65393,39.8749934830787,3.49519749795178,7,"237",478.740927316394,20871.2017732508,0.315940865444684,10118.0902164876,6.85332842735643,"2023.LRB.16",151,3,11,3,1,11,6.17324622343519,1,1,1.23816576466919
"1508",16,"dammed","LRB",2023,325.65393,39.8749934830787,3.49519749795178,8,"238",216.921536673752,24683.5380465339,0.308874604802773,10118.0902164876,6.85332842735643,"2023.LRB.16",151,3,12,3,1,12,5.38413507448618,1,1,1.23816576466919
"1509",16,"undammed","LRB",2023,326.3249,37.2166547107367,0,6,"236",289.025238880223,30241.9013260486,0.337849497613814,9188.92602396011,0,"2023.LRB.16",151,3,10,3,0,10,5.66996794981503,1,1,-0.939641437061175
"1510",16,"undammed","LRB",2023,326.3249,37.2166547107367,0,7,"237",215.822385346656,19281.4941596237,0.316985240382145,9188.92602396011,0,"2023.LRB.16",151,3,11,3,0,11,5.37907851767921,1,1,-0.939641437061175
"1511",16,"undammed","LRB",2023,326.3249,37.2166547107367,0,8,"238",0,27281.3570551554,0.31194088634886,9188.92602396011,0,"2023.LRB.16",151,3,12,3,0,12,0,0,1,-0.939641437061175
"1512",17,"dammed","LRB",2023,325.63098,44.1184695147756,2.28815350602969,6,"236",825.217369795547,21523.7555448943,0.368212585157103,15688.7445724159,5.32128722332486,"2023.LRB.17",159,3,10,3,1,10,6.71685789845935,1,1,0.751323436470043
"1513",17,"dammed","LRB",2023,325.63098,44.1184695147756,2.28815350602969,7,"237",547.562842279556,16324.1644185982,0.321231304566653,15688.7445724159,5.32128722332486,"2023.LRB.17",159,3,11,3,1,11,6.3073018443094,1,1,0.751323436470043
"1514",17,"dammed","LRB",2023,325.63098,44.1184695147756,2.28815350602969,8,"238",160.33030990479,18873.446709846,0.31320169712871,15688.7445724159,5.32128722332486,"2023.LRB.17",159,3,12,3,1,12,5.08345387761335,1,1,0.751323436470043
"1515",17,"undammed","LRB",2023,325.1664,40.582382372332,0,6,"236",0,23943.0158785951,0.388347590962157,12062.7313355953,0,"2023.LRB.17",159,3,10,3,0,10,0,0,1,-0.939641437061175
"1516",17,"undammed","LRB",2023,325.1664,40.582382372332,0,7,"237",0,20641.982183808,0.324727643249853,12062.7313355953,0,"2023.LRB.17",159,3,11,3,0,11,0,0,1,-0.939641437061175
"1517",17,"undammed","LRB",2023,325.1664,40.582382372332,0,8,"238",0,22255.1831803565,0.32578570541295,12062.7313355953,0,"2023.LRB.17",159,3,12,3,0,12,0,0,1,-0.939641437061175
"1518",20,"dammed","LRB",2023,274.85776,33.7718450023867,2.36314415742615,6,"236",0,28132.6277244418,0.3184047792816,6152.99932967126,4.92321699463781,"2023.LRB.20",187,3,10,3,1,10,0,0,1,0.624827206204962
"1519",20,"dammed","LRB",2023,274.85776,33.7718450023867,2.36314415742615,7,"237",0,24012.2177094403,0.288149536113374,6152.99932967126,4.92321699463781,"2023.LRB.20",187,3,11,3,1,11,0,0,1,0.624827206204962
"1520",20,"dammed","LRB",2023,274.85776,33.7718450023867,2.36314415742615,8,"238",0,25249.5152097814,0.299827740144841,6152.99932967126,4.92321699463781,"2023.LRB.20",187,3,12,3,1,12,0,0,1,0.624827206204962
"1521",20,"undammed","LRB",2023,291.44305,44.4163906157006,0,6,"236",433.307304278542,19180.449193588,0.316965900670134,18228.7036084086,0,"2023.LRB.20",187,3,10,3,0,10,6.07375235790854,1,1,-0.939641437061175
"1522",20,"undammed","LRB",2023,291.44305,44.4163906157006,0,7,"237",373.897907779264,12469.7954104854,0.279588817546882,18228.7036084086,0,"2023.LRB.20",187,3,11,3,0,11,5.9266537429828,1,1,-0.939641437061175
"1523",20,"undammed","LRB",2023,291.44305,44.4163906157006,0,8,"238",82.7995348406773,14419.6449205586,0.268343870538495,18228.7036084086,0,"2023.LRB.20",187,3,12,3,0,12,4.42842745664539,1,1,-0.939641437061175
"1524",21,"dammed","LRB",2023,274.7086,43.9827909381176,1.19503694697018,6,"236",655.757254589539,21154.7093720081,0.380467239533981,15111.2023982555,4.78014778788072,"2023.LRB.21",198,3,10,3,1,10,6.48731447470112,1,1,0.579363581905603
"1525",21,"dammed","LRB",2023,274.7086,43.9827909381176,1.19503694697018,7,"237",126.152229707148,18026.8734048582,0.345249794081601,15111.2023982555,4.78014778788072,"2023.LRB.21",198,3,11,3,1,11,4.84538502775172,1,1,0.579363581905603
"1526",21,"dammed","LRB",2023,274.7086,43.9827909381176,1.19503694697018,8,"238",0,19682.7378583422,0.334579365432906,15111.2023982555,4.78014778788072,"2023.LRB.21",198,3,12,3,1,12,0,0,1,0.579363581905603
"1527",21,"undammed","LRB",2023,249.17955,40.2275405182414,1.1728750420547,6,"236",303.375293386684,16069.4944573496,0.36183765021391,12896.9448166341,4.6915001682188,"2023.LRB.21",198,3,10,3,1,10,5.71826145773515,1,1,0.551193704077283
"1528",21,"undammed","LRB",2023,249.17955,40.2275405182414,1.1728750420547,7,"237",408.947138007716,12500.3304576799,0.295648931510717,12896.9448166341,4.6915001682188,"2023.LRB.21",198,3,11,3,1,11,6.01602821969745,1,1,0.551193704077283
"1529",21,"undammed","LRB",2023,249.17955,40.2275405182414,1.1728750420547,8,"238",0,12311.7048518162,0.293690854517137,12896.9448166341,4.6915001682188,"2023.LRB.21",198,3,12,3,1,12,0,0,1,0.551193704077283
"1530",22,"dammed","LRB",2023,244.2096,43.9794388558908,2.30437641512604,6,"236",0,30701.140477259,0.439585862803288,20842.1485721171,7.6812547170868,"2023.LRB.22",209,3,10,3,1,10,0,0,1,1.50125892522449
"1531",22,"dammed","LRB",2023,244.2096,43.9794388558908,2.30437641512604,7,"237",0,29559.9689138375,0.374897225430296,20842.1485721171,7.6812547170868,"2023.LRB.22",209,3,11,3,1,11,0,0,1,1.50125892522449
"1532",22,"dammed","LRB",2023,244.2096,43.9794388558908,2.30437641512604,8,"238",0,30901.3333890728,0.374414899361634,20842.1485721171,7.6812547170868,"2023.LRB.22",209,3,12,3,1,12,0,0,1,1.50125892522449
"1533",22,"undammed","LRB",2023,245.03038,47.746676371838,0,6,"236",182.385448858785,16935.0101662131,0.412497053802272,22721.5137259811,0,"2023.LRB.22",209,3,10,3,0,10,5.2115902156648,1,1,-0.939641437061175
"1534",22,"undammed","LRB",2023,245.03038,47.746676371838,0,7,"237",0,15880.0753070906,0.353910099804343,22721.5137259811,0,"2023.LRB.22",209,3,11,3,0,11,0,0,1,-0.939641437061175
"1535",22,"undammed","LRB",2023,245.03038,47.746676371838,0,8,"238",0,17032.7522583307,0.350567736055481,22721.5137259811,0,"2023.LRB.22",209,3,12,3,0,12,0,0,1,-0.939641437061175
"1536",24,"dammed","LRB",2023,145.49782,46.3970683402673,1.14497706782982,5,"235",0,14875.1121815999,0.352333326265126,11458.5465102196,4.57990827131928,"2023.LRB.24",225,3,9,3,1,9,0,0,1,0.515732739481972
"1537",24,"dammed","LRB",2023,145.49782,46.3970683402673,1.14497706782982,6,"236",0,14746.0273637659,0.337618340758662,11458.5465102196,4.57990827131928,"2023.LRB.24",225,3,10,3,1,10,0,0,1,0.515732739481972
"1538",24,"dammed","LRB",2023,145.49782,46.3970683402673,1.14497706782982,7,"237",0,13466.6961689669,0.294943615475334,11458.5465102196,4.57990827131928,"2023.LRB.24",225,3,11,3,1,11,0,0,1,0.515732739481972
"1539",24,"dammed","LRB",2023,145.49782,46.3970683402673,1.14497706782982,8,"238",0,13609.6935672236,0.300460256658388,11458.5465102196,4.57990827131928,"2023.LRB.24",225,3,12,3,1,12,0,0,1,0.515732739481972
"1540",24,"undammed","LRB",2023,137.53485,45.6416429011225,0,5,"235",0,22414.4467654359,0.31554514024421,9415.40391816199,0,"2023.LRB.24",225,3,9,3,0,9,0,0,1,-0.939641437061175
"1541",24,"undammed","LRB",2023,137.53485,45.6416429011225,0,6,"236",0,21054.6029838712,0.300950031565056,9415.40391816199,0,"2023.LRB.24",225,3,10,3,0,10,0,0,1,-0.939641437061175
"1542",24,"undammed","LRB",2023,137.53485,45.6416429011225,0,7,"237",0,14411.7779535032,0.27241278965793,9415.40391816199,0,"2023.LRB.24",225,3,11,3,0,11,0,0,1,-0.939641437061175
"1543",24,"undammed","LRB",2023,137.53485,45.6416429011225,0,8,"238",0,16816.0975671506,0.26540278051772,9415.40391816199,0,"2023.LRB.24",225,3,12,3,0,12,0,0,1,-0.939641437061175
"1544",29,"dammed","LRB",2023,81.36477,38.3935014693975,2.28687079942331,5,"235",0,7906.39359190698,0.326632980398458,4725.05889261886,7.88576137732176,"2023.LRB.29",253,3,9,3,1,9,0,0,1,1.56624575347625
"1545",29,"dammed","LRB",2023,81.36477,38.3935014693975,2.28687079942331,6,"236",0,7858.36279596067,0.303430672926503,4725.05889261886,7.88576137732176,"2023.LRB.29",253,3,10,3,1,10,0,0,1,1.56624575347625
"1546",29,"dammed","LRB",2023,81.36477,38.3935014693975,2.28687079942331,7,"237",0,5891.22114542045,0.266655435651005,4725.05889261886,7.88576137732176,"2023.LRB.29",253,3,11,3,1,11,0,0,1,1.56624575347625
"1547",29,"dammed","LRB",2023,81.36477,38.3935014693975,2.28687079942331,8,"238",0,7232.30879696117,0.258927279507633,4725.05889261886,7.88576137732176,"2023.LRB.29",253,3,12,3,1,12,0,0,1,1.56624575347625
"1548",29,"undammed","LRB",2023,148.35419,47.1731241047129,0,5,"235",0,12288.7078065162,0.329822877299264,8575.91682034731,0,"2023.LRB.29",253,3,9,3,0,9,0,0,1,-0.939641437061175
"1549",29,"undammed","LRB",2023,148.35419,47.1731241047129,0,6,"236",20.5654383974917,11754.0488815008,0.302885078793917,8575.91682034731,0,"2023.LRB.29",253,3,10,3,0,10,3.07109195901405,1,1,-0.939641437061175
"1550",29,"undammed","LRB",2023,148.35419,47.1731241047129,0,7,"237",0,8782.23057960061,0.264778373035899,8575.91682034731,0,"2023.LRB.29",253,3,11,3,0,11,0,0,1,-0.939641437061175
"1551",29,"undammed","LRB",2023,148.35419,47.1731241047129,0,8,"238",0,10205.7048484353,0.262593542462853,8575.91682034731,0,"2023.LRB.29",253,3,12,3,0,12,0,0,1,-0.939641437061175
"1552",1,"dammed","LBV",2019,5394.0005,35.8606519704813,1.13776688416397,5,"195",223.630366255723,18334.1865079094,0.589064891815975,3343.63279524446,4.55106753665588,"2019.LBV.1",4,2,1,1,1,1,5.4144562346602,1,1,0.50656791390577
"1553",1,"dammed","LBV",2019,5394.0005,35.8606519704813,1.13776688416397,6,"196",0,18664.9952690872,0.517185307936953,3343.63279524446,4.55106753665588,"2019.LBV.1",4,2,2,1,1,2,0,0,1,0.50656791390577
"1554",1,"dammed","LBV",2019,5394.0005,35.8606519704813,1.13776688416397,7,"197",211.728451677631,18204.4682039149,0.565338011349432,3343.63279524446,4.55106753665588,"2019.LBV.1",4,2,3,1,1,3,5.36001647761235,1,1,0.50656791390577
"1555",1,"dammed","LBV",2019,5394.0005,35.8606519704813,1.13776688416397,8,"198",2188.88227112574,16008.0988308177,0.611930244889172,3343.63279524446,4.55106753665588,"2019.LBV.1",4,2,4,1,1,4,7.69160306388873,1,1,0.50656791390577
"1556",1,"undammed","LBV",2019,5393.898,47.3343909895059,0,5,"195",684.60413794611,17766.2941802679,0.50869443405774,3976.71858200431,0,"2019.LBV.1",4,2,1,1,0,1,6.53030040277602,1,1,-0.939641437061175
"1557",1,"undammed","LBV",2019,5393.898,47.3343909895059,0,6,"196",652.087146000301,17499.5589648378,0.497555155451027,3976.71858200431,0,"2019.LBV.1",4,2,2,1,0,2,6.48171057519648,1,1,-0.939641437061175
"1558",1,"undammed","LBV",2019,5393.898,47.3343909895059,0,7,"197",1218.30174676133,16824.6458291746,0.591260988575304,3976.71858200431,0,"2019.LBV.1",4,2,3,1,0,3,7.10603363515875,1,1,-0.939641437061175
"1559",1,"undammed","LBV",2019,5393.898,47.3343909895059,0,8,"198",2541.92826183988,15562.6047403672,0.677074952570441,3976.71858200431,0,"2019.LBV.1",4,2,4,1,0,4,7.84107155497304,1,1,-0.939641437061175
"1560",2,"dammed","LBV",2019,4130.256,70.670492391953,1.13646065152195,5,"195",6125.87824530975,34555.6249347163,0.467975032661276,24791.5659303963,4.5458426060878,"2019.LBV.2",19,2,1,1,1,1,8.72044064070019,1,1,0.504907568638456
"1561",2,"dammed","LBV",2019,4130.256,70.670492391953,1.13646065152195,6,"196",5977.97080455434,34654.761987185,0.438623517518438,24791.5659303963,4.5458426060878,"2019.LBV.2",19,2,2,1,1,2,8.69600372587088,1,1,0.504907568638456
"1562",2,"dammed","LBV",2019,4130.256,70.670492391953,1.13646065152195,7,"197",6453.20169985855,33790.8614606969,0.392832524208172,24791.5659303963,4.5458426060878,"2019.LBV.2",19,2,3,1,1,3,8.77248662403844,1,1,0.504907568638456
"1563",2,"dammed","LBV",2019,4130.256,70.670492391953,1.13646065152195,8,"198",8291.90977283459,32487.9885073793,0.387354701708704,24791.5659303963,4.5458426060878,"2019.LBV.2",19,2,4,1,1,4,9.02315618447336,1,1,0.504907568638456
"1564",2,"undammed","LBV",2019,4130.256,63.8091798607626,0,5,"195",2416.87159705069,17779.1558228137,0.566083587184345,6551.5365976654,0,"2019.LBV.2",19,2,1,1,0,1,7.79064292680802,1,1,-0.939641437061175
"1565",2,"undammed","LBV",2019,4130.256,63.8091798607626,0,6,"196",3164.09891927032,17050.8595915551,0.535312219492268,6551.5365976654,0,"2019.LBV.2",19,2,2,1,0,2,8.05993958820372,1,1,-0.939641437061175
"1566",2,"undammed","LBV",2019,4130.256,63.8091798607626,0,7,"197",2510.11376285249,17249.131387748,0.516993365242361,6551.5365976654,0,"2019.LBV.2",19,2,3,1,0,3,7.8284816639268,1,1,-0.939641437061175
"1567",2,"undammed","LBV",2019,4130.256,63.8091798607626,0,8,"198",4168.54721064638,15792.018789972,0.475144698709184,6551.5365976654,0,"2019.LBV.2",19,2,4,1,0,4,8.33556272631853,1,1,-0.939641437061175
"1568",1,"dammed","LBV",2021,5393.0933,44.9565615128062,1.12542766656701,5,"215",383.002709124836,18886.2314407648,0.491454829210452,3980.52256724238,4.50171066626804,"2021.LBV.1",5,2,5,2,1,5,5.95064960757543,1,1,0.490883600958437
"1569",1,"dammed","LBV",2021,5393.0933,44.9565615128062,1.12542766656701,6,"216",1359.34969713594,17560.4089015886,0.521357744998192,3980.52256724238,4.50171066626804,"2021.LBV.1",5,2,6,2,1,6,7.2154970759248,1,1,0.490883600958437
"1570",1,"dammed","LBV",2021,5393.0933,44.9565615128062,1.12542766656701,7,"217",2383.74699233326,16566.7012581021,0.545496562433801,3980.52256724238,4.50171066626804,"2021.LBV.1",5,2,7,2,1,7,7.77684831481612,1,1,0.490883600958437
"1571",1,"dammed","LBV",2021,5393.0933,44.9565615128062,1.12542766656701,8,"218",383.558020261456,19017.7731237075,0.465984379331625,3980.52256724238,4.50171066626804,"2021.LBV.1",5,2,8,2,1,8,5.95209467551092,1,1,0.490883600958437
"1572",1,"undammed","LBV",2021,5389.104,43.2014213226075,0,5,"215",108.539277394379,18046.4588095871,0.386523011618004,3260.08916190267,0,"2021.LBV.1",5,2,5,2,0,5,4.69628318260549,1,1,-0.939641437061175
"1573",1,"undammed","LBV",2021,5389.104,43.2014213226075,0,6,"216",386.15055888564,18429.5889712165,0.422392751634338,3260.08916190267,0,"2021.LBV.1",5,2,6,2,0,6,5.9588136584211,1,1,-0.939641437061175
"1574",1,"undammed","LBV",2021,5389.104,43.2014213226075,0,7,"217",525.558207186297,17987.0743904563,0.487458394545688,3260.08916190267,0,"2021.LBV.1",5,2,7,2,0,7,6.26636188042301,1,1,-0.939641437061175
"1575",1,"undammed","LBV",2021,5389.104,43.2014213226075,0,8,"218",467.74313691761,17911.5455035041,0.454133529101271,3260.08916190267,0,"2021.LBV.1",5,2,8,2,0,8,6.150054935935,1,1,-0.939641437061175
"1576",2,"dammed","LBV",2021,5387.9634,44.3145761777198,1.12004486983285,5,"215",235.872800056841,20253.4164881688,0.497633836281425,4831.24242863059,4.4801794793314,"2021.LBV.2",20,2,5,2,1,5,5.46752328843458,1,1,0.484041557056784
"1577",2,"dammed","LBV",2021,5387.9634,44.3145761777198,1.12004486983285,6,"216",0,20783.9786361395,0.529961498861981,4831.24242863059,4.4801794793314,"2021.LBV.2",20,2,6,2,1,6,0,0,1,0.484041557056784
"1578",2,"dammed","LBV",2021,5387.9634,44.3145761777198,1.12004486983285,7,"217",209.869931678445,20396.4055288577,0.498111037579808,4831.24242863059,4.4801794793314,"2021.LBV.2",20,2,7,2,1,7,5.35124150585741,1,1,0.484041557056784
"1579",2,"dammed","LBV",2021,5387.9634,44.3145761777198,1.12004486983285,8,"218",52.1624571000828,20720.4226251041,0.443523060842683,4831.24242863059,4.4801794793314,"2021.LBV.2",20,2,8,2,1,8,3.97335245362119,1,1,0.484041557056784
"1580",2,"undammed","LBV",2021,5388.066,41.3242707532005,0,5,"215",701.02067234633,14584.9056456622,0.470768203475174,4162.08587813377,0,"2021.LBV.2",20,2,5,2,0,5,6.55396285137903,1,1,-0.939641437061175
"1581",2,"undammed","LBV",2021,5388.066,41.3242707532005,0,6,"216",273.165840046312,17718.7337645886,0.465596061517545,4162.08587813377,0,"2021.LBV.2",20,2,6,2,0,6,5.61373317893822,1,1,-0.939641437061175
"1582",2,"undammed","LBV",2021,5388.066,41.3242707532005,0,7,"217",1116.35421708378,17421.2828782025,0.497036245948373,4162.08587813377,0,"2021.LBV.2",20,2,7,2,0,7,7.01871886346663,1,1,-0.939641437061175
"1583",2,"undammed","LBV",2021,5388.066,41.3242707532005,0,8,"218",811.421300263966,15644.7024963977,0.448379898035068,4162.08587813377,0,"2021.LBV.2",20,2,8,2,0,8,6.70001904829896,1,1,-0.939641437061175
"1584",3,"dammed","LBV",2021,4330.431,46.1620942240856,1.11713333947663,5,"215",157.245665020101,19018.7558243097,0.438161427374098,4395.74447757006,4.46853335790652,"2021.LBV.3",29,2,5,2,1,5,5.06414866741118,1,1,0.480340726521641
"1585",3,"dammed","LBV",2021,4330.431,46.1620942240856,1.11713333947663,6,"216",0,19544.7527496039,0.437059659755684,4395.74447757006,4.46853335790652,"2021.LBV.3",29,2,6,2,1,6,0,0,1,0.480340726521641
"1586",3,"dammed","LBV",2021,4330.431,46.1620942240856,1.11713333947663,7,"217",262.838723583315,18815.1313287174,0.442972752447987,4395.74447757006,4.46853335790652,"2021.LBV.3",29,2,7,2,1,7,5.57533802095587,1,1,0.480340726521641
"1587",3,"dammed","LBV",2021,4330.431,46.1620942240856,1.11713333947663,8,"218",20.8209549190951,18819.2910746855,0.395340902589074,4395.74447757006,4.46853335790652,"2021.LBV.3",29,2,8,2,1,8,3.08287074292557,1,1,0.480340726521641
"1588",3,"undammed","LBV",2021,4331.8057,41.5950976785506,0,5,"215",82.388299108954,17086.0366294412,0.444528223860534,3774.61502662301,0,"2021.LBV.3",29,2,5,2,0,5,4.42350800106816,1,1,-0.939641437061175
"1589",3,"undammed","LBV",2021,4331.8057,41.5950976785506,0,6,"216",221.608757464091,16798.2965690762,0.417248623682991,3774.61502662301,0,"2021.LBV.3",29,2,6,2,0,6,5.40541577977509,1,1,-0.939641437061175
"1590",3,"undammed","LBV",2021,4331.8057,41.5950976785506,0,7,"217",257.35687720051,18452.8925168206,0.374811663846,3774.61502662301,0,"2021.LBV.3",29,2,7,2,0,7,5.55434187408282,1,1,-0.939641437061175
"1591",3,"undammed","LBV",2021,4331.8057,41.5950976785506,0,8,"218",77.6700990889587,18231.5458977494,0.35440593320298,3774.61502662301,0,"2021.LBV.3",29,2,8,2,0,8,4.36526314789239,1,1,-0.939641437061175
"1592",4,"dammed","LBV",2021,4286.174,65.0183444735951,1.12282794650544,6,"216",6340.62815344614,18446.9195924946,0.450141850193596,10168.2418558598,4.49131178602176,"2021.LBV.4",37,2,6,2,1,6,8.75489082099936,1,1,0.487579110807362
"1593",4,"dammed","LBV",2021,4286.174,65.0183444735951,1.12282794650544,7,"217",4603.41043399362,17764.9897143495,0.468618391007886,10168.2418558598,4.49131178602176,"2021.LBV.4",37,2,7,2,1,7,8.43476991313026,1,1,0.487579110807362
"1594",4,"dammed","LBV",2021,4286.174,65.0183444735951,1.12282794650544,8,"218",3591.74901613768,18692.159064738,0.394004811075439,10168.2418558598,4.49131178602176,"2021.LBV.4",37,2,8,2,1,8,8.18667293110773,1,1,0.487579110807362
"1595",4,"undammed","LBV",2021,4286.407,69.2406962815324,0,6,"216",2999.32308974196,21438.0627831253,0.456651634362207,11331.0574491508,0,"2021.LBV.4",37,2,6,2,0,6,8.00647525843204,1,1,-0.939641437061175
"1596",4,"undammed","LBV",2021,4286.407,69.2406962815324,0,7,"217",3725.54299361028,20386.8194800283,0.473723333120009,11331.0574491508,0,"2021.LBV.4",37,2,7,2,0,7,8.22323627151812,1,1,-0.939641437061175
"1597",4,"undammed","LBV",2021,4286.407,69.2406962815324,0,8,"218",3057.74852618423,20680.7049199123,0.411557369323093,11331.0574491508,0,"2021.LBV.4",37,2,8,2,0,8,8.0257611329208,1,1,-0.939641437061175
"1598",5,"dammed","LBV",2021,4134.4673,66.1655408054517,1.11284191573073,6,"216",3142.60550061464,15244.7246925204,0.361981447235483,7172.61174390092,4.45136766292292,"2021.LBV.5",45,2,6,2,1,6,8.05312566877247,1,1,0.474885920940054
"1599",5,"dammed","LBV",2021,4134.4673,66.1655408054517,1.11284191573073,7,"217",3447.60611352383,18587.6086964327,0.392398725800298,7172.61174390092,4.45136766292292,"2021.LBV.5",45,2,7,2,1,7,8.14572540331973,1,1,0.474885920940054
"1600",5,"dammed","LBV",2021,4134.4673,66.1655408054517,1.11284191573073,8,"218",4015.31798944871,18124.2905043658,0.349943469606737,7172.61174390092,4.45136766292292,"2021.LBV.5",45,2,8,2,1,8,8.29812083887656,1,1,0.474885920940054
"1601",5,"undammed","LBV",2021,4134.5986,67.8935424862477,0,6,"216",4689.15968340331,17346.4768274345,0.437191564543055,8844.40561636165,0,"2021.LBV.5",45,2,6,2,0,6,8.45322190849468,1,1,-0.939641437061175
"1602",5,"undammed","LBV",2021,4134.5986,67.8935424862477,0,7,"217",3042.09205227342,21920.6733886719,0.462020418749118,8844.40561636165,0,"2021.LBV.5",45,2,7,2,0,7,8.02062939994006,1,1,-0.939641437061175
"1603",5,"undammed","LBV",2021,4134.5986,67.8935424862477,0,8,"218",2744.03119997254,22541.3525609334,0.405669992452847,8844.40561636165,0,"2021.LBV.5",45,2,8,2,0,8,7.91754771998925,1,1,-0.939641437061175
"1604",6,"dammed","LBV",2021,4133.67,65.5969823340687,1.11529574670335,6,"216",4282.28408714743,23067.6447039137,0.356772033945594,9400.87565957196,4.4611829868134,"2021.LBV.6",53,2,6,2,1,6,8.36247530442514,1,1,0.478004972256882
"1605",6,"dammed","LBV",2021,4133.67,65.5969823340687,1.11529574670335,7,"217",3009.02647065859,24365.7415477079,0.425883963748679,9400.87565957196,4.4611829868134,"2021.LBV.6",53,2,7,2,1,7,8.00970415194299,1,1,0.478004972256882
"1606",6,"dammed","LBV",2021,4133.67,65.5969823340687,1.11529574670335,8,"218",2540.18314970545,24772.8612519806,0.3784762371664,9400.87565957196,4.4611829868134,"2021.LBV.6",53,2,8,2,1,8,7.84038505852884,1,1,0.478004972256882
"1607",6,"undammed","LBV",2021,4131.327,67.7610113717866,0,5,"215",5867.71570632271,11376.5187766281,0.329469894531371,8885.77164438553,0,"2021.LBV.6",53,2,5,2,0,5,8.67739109950141,1,1,-0.939641437061175
"1608",6,"undammed","LBV",2021,4131.327,67.7610113717866,0,6,"216",4875.75488190113,14435.0503094542,0.359821206786507,8885.77164438553,0,"2021.LBV.6",53,2,6,2,0,6,8.4922352944308,1,1,-0.939641437061175
"1609",6,"undammed","LBV",2021,4131.327,67.7610113717866,0,7,"217",3341.69078406727,19862.3253238753,0.390176877111419,8885.77164438553,0,"2021.LBV.6",53,2,7,2,0,7,8.11453138560218,1,1,-0.939641437061175
"1610",6,"undammed","LBV",2021,4131.327,67.7610113717866,0,8,"218",3699.33241833332,19862.3248621024,0.342333467665849,8885.77164438553,0,"2021.LBV.6",53,2,8,2,0,8,8.21617793738948,1,1,-0.939641437061175
"1611",8,"dammed","LBV",2021,4130.256,70.670492391953,1.1147081475263,6,"216",12246.698384992,7765.69581989962,0.347111326295794,24791.5659303963,4.4588325901052,"2021.LBV.8",71,2,6,2,1,6,9.41309331138048,1,1,0.477258078111607
"1612",8,"dammed","LBV",2021,4130.256,70.670492391953,1.1147081475263,7,"217",13297.6741275535,14232.1885146197,0.377396395726056,24791.5659303963,4.4588325901052,"2021.LBV.8",71,2,7,2,1,7,9.49541961958287,1,1,0.477258078111607
"1613",8,"dammed","LBV",2021,4130.256,70.670492391953,1.1147081475263,8,"218",13140.152502548,14375.5660224765,0.334604659083884,24791.5659303963,4.4588325901052,"2021.LBV.8",71,2,8,2,1,8,9.48350399767089,1,1,0.477258078111607
"1614",8,"undammed","LBV",2021,4130.256,63.8091798607626,0,6,"216",2036.89582356261,11021.2904871922,0.390511656371434,6551.5365976654,0,"2021.LBV.8",71,2,6,2,0,6,7.61967309548038,1,1,-0.939641437061175
"1615",8,"undammed","LBV",2021,4130.256,63.8091798607626,0,7,"217",1792.06960455647,14511.8523476694,0.412553818868359,6551.5365976654,0,"2021.LBV.8",71,2,7,2,0,7,7.491684293017,1,1,-0.939641437061175
"1616",8,"undammed","LBV",2021,4130.256,63.8091798607626,0,8,"218",1632.82312514081,13366.1962214152,0.375920245506151,6551.5365976654,0,"2021.LBV.8",71,2,8,2,0,8,7.39867802301302,1,1,-0.939641437061175
"1617",10,"dammed","LBV",2021,4112.8477,47.6779597076182,1.10750959885068,5,"215",3615.61946181596,66.1354828479243,0.228697091341019,4850.96037154645,4.43003839540272,"2021.LBV.10",90,2,5,2,1,5,8.19329501818286,1,1,0.468108041708744
"1618",10,"dammed","LBV",2021,4112.8477,47.6779597076182,1.10750959885068,6,"216",4244.19775826837,4822.66046507592,0.212478439675385,4850.96037154645,4.43003839540272,"2021.LBV.10",90,2,6,2,1,6,8.35354368382486,1,1,0.468108041708744
"1619",10,"dammed","LBV",2021,4112.8477,47.6779597076182,1.10750959885068,7,"217",2378.87588288363,14294.0058967441,0.291278056720931,4850.96037154645,4.43003839540272,"2021.LBV.10",90,2,7,2,1,7,7.77480361525676,1,1,0.468108041708744
"1620",10,"dammed","LBV",2021,4112.8477,47.6779597076182,1.10750959885068,8,"218",1803.89095243145,14084.664800786,0.240507230799955,4850.96037154645,4.43003839540272,"2021.LBV.10",90,2,8,2,1,8,7.49825545477657,1,1,0.468108041708744
"1621",10,"undammed","LBV",2021,4113.4805,47.2913136205962,0,6,"216",3653.81649802947,3004.83584119011,0.203065480001977,4389.86631048471,0,"2021.LBV.10",90,2,6,2,0,6,8.20380116518604,1,1,-0.939641437061175
"1622",10,"undammed","LBV",2021,4113.4805,47.2913136205962,0,7,"217",2924.65254112669,12010.4444252463,0.281035942247157,4389.86631048471,0,"2021.LBV.10",90,2,7,2,0,7,7.98127282576835,1,1,-0.939641437061175
"1623",10,"undammed","LBV",2021,4113.4805,47.2913136205962,0,8,"218",2172.97413822599,11205.1519447476,0.245622485867194,4389.86631048471,0,"2021.LBV.10",90,2,8,2,0,8,7.68431217167019,1,1,-0.939641437061175
"1624",11,"dammed","LBV",2021,4112.6025,48.5986817638421,1.11257479617731,5,"215",4220.41598911309,1.82271414364085,0.264367818832397,4382.30238751322,4.45029918470924,"2021.LBV.11",99,2,5,2,1,5,8.34792589319214,1,1,0.474546386716164
"1625",11,"dammed","LBV",2021,4112.6025,48.5986817638421,1.11257479617731,6,"216",3735.84854339969,4087.72814256257,0.242260819380384,4382.30238751322,4.45029918470924,"2021.LBV.11",99,2,6,2,1,6,8.22599789973713,1,1,0.474546386716164
"1626",11,"dammed","LBV",2021,4112.6025,48.5986817638421,1.11257479617731,7,"217",2682.66165915354,16552.2155529845,0.285964556063139,4382.30238751322,4.45029918470924,"2021.LBV.11",99,2,7,2,1,7,7.89493743170796,1,1,0.474546386716164
"1627",11,"dammed","LBV",2021,4112.6025,48.5986817638421,1.11257479617731,8,"218",2374.07491633752,16437.3883517396,0.27692109627165,4382.30238751322,4.45029918470924,"2021.LBV.11",99,2,8,2,1,8,7.77278425969231,1,1,0.474546386716164
"1628",11,"undammed","LBV",2021,4108.3584,53.4978941750023,0,6,"216",2355.25357399922,8676.83938505883,0.269876747672136,5307.61325707659,0,"2021.LBV.11",99,2,6,2,0,6,7.76482816801182,1,1,-0.939641437061175
"1629",11,"undammed","LBV",2021,4108.3584,53.4978941750023,0,7,"217",1932.84107303853,14950.094814884,0.315095259196686,5307.61325707659,0,"2021.LBV.11",99,2,7,2,0,7,7.56726349737221,1,1,-0.939641437061175
"1630",11,"undammed","LBV",2021,4108.3584,53.4978941750023,0,8,"218",1718.05314813619,14442.5496437222,0.275409783574432,5307.61325707659,0,"2021.LBV.11",99,2,8,2,0,8,7.44952892295969,1,1,-0.939641437061175
"1631",14,"dammed","LBV",2021,4106.4473,59.7367212078872,1.11910577289183,5,"215",6270.71021399475,2841.874362781,0.259435513512985,8639.39212723076,4.47642309156732,"2021.LBV.14",132,2,5,2,1,5,8.74380435783701,1,1,0.482847875999205
"1632",14,"dammed","LBV",2021,4106.4473,59.7367212078872,1.11910577289183,6,"216",2813.91239682366,11541.2120139029,0.303211751485206,8639.39212723076,4.47642309156732,"2021.LBV.14",132,2,6,2,1,6,7.94268641995586,1,1,0.482847875999205
"1633",14,"dammed","LBV",2021,4106.4473,59.7367212078872,1.11910577289183,7,"217",2060.1210894982,22532.1377847709,0.332037363395372,8639.39212723076,4.47642309156732,"2021.LBV.14",132,2,7,2,1,7,7.63100533195362,1,1,0.482847875999205
"1634",14,"dammed","LBV",2021,4106.4473,59.7367212078872,1.11910577289183,8,"218",2463.35314646211,21826.5543932746,0.306577982042392,8639.39212723076,4.47642309156732,"2021.LBV.14",132,2,8,2,1,8,7.80968463681154,1,1,0.482847875999205
"1635",14,"undammed","LBV",2021,4106.5215,51.5602352158048,0,5,"215",4433.56617234852,2168.72884036793,0.277188694186886,5282.36384087428,0,"2021.LBV.14",132,2,5,2,0,5,8.39718507087194,1,1,-0.939641437061175
"1636",14,"undammed","LBV",2021,4106.5215,51.5602352158048,0,6,"216",921.887019773324,11595.8210564707,0.265364379755054,5282.36384087428,0,"2021.LBV.14",132,2,6,2,0,6,6.82750682156467,1,1,-0.939641437061175
"1637",14,"undammed","LBV",2021,4106.5215,51.5602352158048,0,7,"217",751.969798780423,18785.1787283206,0.336831457378519,5282.36384087428,0,"2021.LBV.14",132,2,7,2,0,7,6.62402511913423,1,1,-0.939641437061175
"1638",14,"undammed","LBV",2021,4106.5215,51.5602352158048,0,8,"218",1962.26011604001,17591.5562412935,0.283004405062839,5282.36384087428,0,"2021.LBV.14",132,2,8,2,0,8,7.58236169494259,1,1,-0.939641437061175
"1639",16,"dammed","LBV",2021,3067.5098,55.5893818298167,1.12249071644137,5,"215",3761.52924630432,4294.70347538368,0.296649387300816,11121.46124807,4.48996286576548,"2021.LBV.16",147,2,5,2,1,5,8.23284668213106,1,1,0.487150459491461
"1640",16,"dammed","LBV",2021,3067.5098,55.5893818298167,1.12249071644137,6,"216",1630.15005929517,8871.57235005697,0.322116452178692,11121.46124807,4.48996286576548,"2021.LBV.16",147,2,6,2,1,6,7.39704060286168,1,1,0.487150459491461
"1641",16,"dammed","LBV",2021,3067.5098,55.5893818298167,1.12249071644137,7,"217",1243.38893812497,15968.3255814197,0.374502842304103,11121.46124807,4.48996286576548,"2021.LBV.16",147,2,7,2,1,7,7.12639987565978,1,1,0.487150459491461
"1642",16,"dammed","LBV",2021,3067.5098,55.5893818298167,1.12249071644137,8,"218",1909.14623277281,15092.9081170774,0.358377103552704,11121.46124807,4.48996286576548,"2021.LBV.16",147,2,8,2,1,8,7.55493507977114,1,1,0.487150459491461
"1643",16,"undammed","LBV",2021,3075.123,57.4069947785511,0,6,"216",571.454629983621,7903.20993015065,0.316988777517282,5096.17617318407,0,"2021.LBV.16",147,2,6,2,0,6,6.34993348335113,1,1,-0.939641437061175
"1644",16,"undammed","LBV",2021,3075.123,57.4069947785511,0,7,"217",491.036487205356,18451.9677542294,0.343527820031569,5096.17617318407,0,"2021.LBV.16",147,2,7,2,0,7,6.19855287472901,1,1,-0.939641437061175
"1645",16,"undammed","LBV",2021,3075.123,57.4069947785511,0,8,"218",2558.26495684502,15823.1160986208,0.300255172283397,5096.17617318407,0,"2021.LBV.16",147,2,8,2,0,8,7.84747537001257,1,1,-0.939641437061175
"1646",1,"dammed","LBV",2023,5399.473,47.9221934587101,1.13315264000072,5,"235",2471.76932757298,16408.2190099679,0.385819383739361,4086.06644070148,4.53261056000288,"2023.LBV.1",6,2,9,3,1,9,7.81309398681546,1,1,0.500702773032523
"1647",1,"dammed","LBV",2023,5399.473,47.9221934587101,1.13315264000072,6,"236",2490.51150001661,15523.4045397291,0.462936521264812,4086.06644070148,4.53261056000288,"2023.LBV.1",6,2,10,3,1,10,7.82064483341083,1,1,0.500702773032523
"1648",1,"dammed","LBV",2023,5399.473,47.9221934587101,1.13315264000072,7,"237",2230.24907577599,16409.2624553007,0.462846278727777,4086.06644070148,4.53261056000288,"2023.LBV.1",6,2,11,3,1,11,7.71031683130982,1,1,0.500702773032523
"1649",1,"dammed","LBV",2023,5399.473,47.9221934587101,1.13315264000072,8,"238",1590.12252717906,17203.6874968286,0.484124964482079,4086.06644070148,4.53261056000288,"2023.LBV.1",6,2,12,3,1,12,7.37219503805572,1,1,0.500702773032523
"1650",1,"undammed","LBV",2023,5394.16,43.5152876316203,0,5,"235",2166.66443320396,16172.8138534546,0.514163540642913,3900.1573804915,0,"2023.LBV.1",6,2,9,3,0,9,7.68140556884712,1,1,-0.939641437061175
"1651",1,"undammed","LBV",2023,5394.16,43.5152876316203,0,6,"236",593.433161203534,17435.4095419491,0.473337246232047,3900.1573804915,0,"2023.LBV.1",6,2,10,3,0,10,6.38760828122076,1,1,-0.939641437061175
"1652",1,"undammed","LBV",2023,5394.16,43.5152876316203,0,7,"237",610.633743185623,17533.0940555647,0.465000585333467,3900.1573804915,0,"2023.LBV.1",6,2,11,3,0,11,6.41613364451733,1,1,-0.939641437061175
"1653",1,"undammed","LBV",2023,5394.16,43.5152876316203,0,8,"238",297.749113250012,17915.7518478094,0.473995191389531,3900.1573804915,0,"2023.LBV.1",6,2,12,3,0,12,5.69960413504052,1,1,-0.939641437061175
"1654",7,"dammed","LBV",2023,5393.3955,45.5593450391796,1.13618767684674,5,"235",1553.33301841278,17428.0740317251,0.433498377260162,3782.82522270083,4.54475070738696,"2023.LBV.7",63,2,9,3,1,9,7.34880180553207,1,1,0.504560592000834
"1655",7,"dammed","LBV",2023,5393.3955,45.5593450391796,1.13618767684674,6,"236",796.989302283175,16804.5001148897,0.440161262514784,3782.82522270083,4.54475070738696,"2023.LBV.7",63,2,10,3,1,10,6.68209519169977,1,1,0.504560592000834
"1656",7,"dammed","LBV",2023,5393.3955,45.5593450391796,1.13618767684674,7,"237",875.350834928541,17992.5138098025,0.398275247824437,3782.82522270083,4.54475070738696,"2023.LBV.7",63,2,11,3,1,11,6.77576650725285,1,1,0.504560592000834
"1657",7,"dammed","LBV",2023,5393.3955,45.5593450391796,1.13618767684674,8,"238",220.757406533933,18949.9957778631,0.400654877926793,3782.82522270083,4.54475070738696,"2023.LBV.7",63,2,12,3,1,12,5.40158402101041,1,1,0.504560592000834
"1658",7,"undammed","LBV",2023,5394.0005,42.6331353637787,0,5,"235",2445.3676394867,16497.0666392308,0.499433715040077,4701.54760703444,0,"2023.LBV.7",63,2,9,3,0,9,7.80235960727775,1,1,-0.939641437061175
"1659",7,"undammed","LBV",2023,5394.0005,42.6331353637787,0,6,"236",1389.39753649048,17506.9542909211,0.517945720347646,4701.54760703444,0,"2023.LBV.7",63,2,10,3,0,10,7.23734498271042,1,1,-0.939641437061175
"1660",7,"undammed","LBV",2023,5394.0005,42.6331353637787,0,7,"237",1570.81718822461,17556.9663272035,0.490322272440661,4701.54760703444,0,"2023.LBV.7",63,2,11,3,0,11,7.35998767374867,1,1,-0.939641437061175
"1661",7,"undammed","LBV",2023,5394.0005,42.6331353637787,0,8,"238",449.549715830766,18988.5768468819,0.426098717985736,4701.54760703444,0,"2023.LBV.7",63,2,12,3,0,12,6.11046842796454,1,1,-0.939641437061175
"1662",8,"dammed","LBV",2023,5393.1904,44.9803965157422,2.26993131270728,5,"235",3660.15701902684,21378.2726431753,0.482968222198316,5226.51734754443,6.48551803630652,"2023.LBV.8",72,2,9,3,1,9,8.20553450185547,1,1,1.12128531351464
"1663",8,"dammed","LBV",2023,5393.1904,44.9803965157422,2.26993131270728,6,"236",3112.75423474616,22682.9953596826,0.539956571351853,5226.51734754443,6.48551803630652,"2023.LBV.8",72,2,10,3,1,10,8.04358442659029,1,1,1.12128531351464
"1664",8,"dammed","LBV",2023,5393.1904,44.9803965157422,2.26993131270728,7,"237",2729.37371190155,22958.0577409931,0.509539474066191,5226.51734754443,6.48551803630652,"2023.LBV.8",72,2,11,3,1,11,7.91219376961674,1,1,1.12128531351464
"1665",8,"dammed","LBV",2023,5393.1904,44.9803965157422,2.26993131270728,8,"238",2314.67111056529,23925.4648032992,0.523162659914372,5226.51734754443,6.48551803630652,"2023.LBV.8",72,2,12,3,1,12,7.74745482108092,1,1,1.12128531351464
"1666",8,"undammed","LBV",2023,5389.104,41.7025685374628,0,5,"235",2833.29684918254,21905.5111338298,0.473536992947098,4497.9391078651,0,"2023.LBV.8",72,2,9,3,0,9,7.94954916041887,1,1,-0.939641437061175
"1667",8,"undammed","LBV",2023,5389.104,41.7025685374628,0,6,"236",1133.91334237421,23539.0765866448,0.488149143803254,4497.9391078651,0,"2023.LBV.8",72,2,10,3,0,10,7.03431157666958,1,1,-0.939641437061175
"1668",8,"undammed","LBV",2023,5389.104,41.7025685374628,0,7,"237",1217.37532773649,23566.6848425472,0.44470132071658,4497.9391078651,0,"2023.LBV.8",72,2,11,3,0,11,7.1052735516521,1,1,-0.939641437061175
"1669",8,"undammed","LBV",2023,5389.104,41.7025685374628,0,8,"238",983.296676240248,24267.304052495,0.453590421687934,4497.9391078651,0,"2023.LBV.8",72,2,12,3,0,12,6.89192735185434,1,1,-0.939641437061175
"1670",9,"dammed","LBV",2023,5385.835,43.3975391934625,1.18357771104557,5,"235",2512.30068633136,17021.5974796071,0.500185367159521,4306.82065287232,4.73431084418228,"2023.LBV.9",84,2,9,3,1,9,7.8293521827262,1,1,0.564797808916627
"1671",9,"dammed","LBV",2023,5385.835,43.3975391934625,1.18357771104557,6,"236",1081.51477073992,18309.5944584865,0.520960580077724,4306.82065287232,4.73431084418228,"2023.LBV.9",84,2,10,3,1,10,6.98704210480888,1,1,0.564797808916627
"1672",9,"dammed","LBV",2023,5385.835,43.3975391934625,1.18357771104557,7,"237",1323.56802907411,18359.3416079652,0.474777926985368,4306.82065287232,4.73431084418228,"2023.LBV.9",84,2,11,3,1,11,7.1888416694725,1,1,0.564797808916627
"1673",9,"dammed","LBV",2023,5385.835,43.3975391934625,1.18357771104557,8,"238",917.688716257553,18508.8478062648,0.496362603702481,4306.82065287232,4.73431084418228,"2023.LBV.9",84,2,12,3,1,12,6.82294734490914,1,1,0.564797808916627
"1674",9,"undammed","LBV",2023,5388.0317,47.5094521959916,0,5,"235",3112.45220379993,14040.7100407021,0.390117765562995,5069.80839169025,0,"2023.LBV.9",84,2,9,3,0,9,8.04348742291795,1,1,-0.939641437061175
"1675",9,"undammed","LBV",2023,5388.0317,47.5094521959916,0,6,"236",2122.16783959772,14090.1999515907,0.423088619296644,5069.80839169025,0,"2023.LBV.9",84,2,10,3,0,10,7.66066451632575,1,1,-0.939641437061175
"1676",9,"undammed","LBV",2023,5388.0317,47.5094521959916,0,7,"237",1653.05212115517,13387.474627536,0.384903922422085,5069.80839169025,0,"2023.LBV.9",84,2,11,3,0,11,7.41098338727285,1,1,-0.939641437061175
"1677",9,"undammed","LBV",2023,5388.0317,47.5094521959916,0,8,"238",1883.26796211238,14860.1270613427,0.383529385675755,5069.80839169025,0,"2023.LBV.9",84,2,12,3,0,12,7.5412946754431,1,1,-0.939641437061175
"1678",10,"dammed","LBV",2023,5385.259,48.7025029538472,2.24532650905475,5,"235",6162.04594629349,21157.9467885036,0.492365986486337,6944.45476180315,6.60390149721985,"2023.LBV.10",91,2,9,3,1,9,8.72632640611756,1,1,1.15890445820843
"1679",10,"dammed","LBV",2023,5385.259,48.7025029538472,2.24532650905475,6,"236",5182.09750870653,21660.6384499643,0.517615972528423,6944.45476180315,6.60390149721985,"2023.LBV.10",91,2,10,3,1,10,8.5531581311917,1,1,1.15890445820843
"1680",10,"dammed","LBV",2023,5385.259,48.7025029538472,2.24532650905475,7,"237",5327.17018509472,21189.9868053062,0.466052728386805,6944.45476180315,6.60390149721985,"2023.LBV.10",91,2,11,3,1,11,8.58076315335701,1,1,1.15890445820843
"1681",10,"dammed","LBV",2023,5385.259,48.7025029538472,2.24532650905475,8,"238",4080.48437134121,20970.940570218,0.461487009416873,6944.45476180315,6.60390149721985,"2023.LBV.10",91,2,12,3,1,12,8.31421601773823,1,1,1.15890445820843
"1682",10,"undammed","LBV",2023,5383.113,66.4810904062361,0,5,"235",9112.89087212927,24418.4439415427,0.428170412649565,13413.4911798835,0,"2023.LBV.10",91,2,9,3,0,9,9.11755499809944,1,1,-0.939641437061175
"1683",10,"undammed","LBV",2023,5383.113,66.4810904062361,0,6,"236",7767.34476136881,23528.4251472623,0.444275387887684,13413.4911798835,0,"2023.LBV.10",91,2,10,3,0,10,8.95781239124284,1,1,-0.939641437061175
"1684",10,"undammed","LBV",2023,5383.113,66.4810904062361,0,7,"237",8403.95942952422,23073.9161501716,0.414534475854573,13413.4911798835,0,"2023.LBV.10",91,2,11,3,0,11,9.0365772188857,1,1,-0.939641437061175
"1685",10,"undammed","LBV",2023,5383.113,66.4810904062361,0,8,"238",7290.6888948139,25257.1383503334,0.423973456762937,13413.4911798835,0,"2023.LBV.10",91,2,12,3,0,12,8.89449047098468,1,1,-0.939641437061175
"1686",12,"dammed","LBV",2023,5348.71,48.8541285275752,1.11877716567585,5,"235",4389.56091628145,9486.43203133976,0.433914722693885,5319.83759921789,4.4751086627034,"2023.LBV.12",109,2,9,3,1,9,8.38721226926967,1,1,0.482430185139012
"1687",12,"dammed","LBV",2023,5348.71,48.8541285275752,1.11877716567585,6,"236",3892.48078914857,9285.08070633832,0.439705840041715,5319.83759921789,4.4751086627034,"2023.LBV.12",109,2,10,3,1,10,8.26705884092206,1,1,0.482430185139012
"1688",12,"dammed","LBV",2023,5348.71,48.8541285275752,1.11877716567585,7,"237",4478.24553027363,7404.92056612501,0.409392585084633,5319.83759921789,4.4751086627034,"2023.LBV.12",109,2,11,3,1,11,8.40720990280568,1,1,0.482430185139012
"1689",12,"dammed","LBV",2023,5348.71,48.8541285275752,1.11877716567585,8,"238",3786.43758859027,9157.96055166207,0.418230917333986,5319.83759921789,4.4751086627034,"2023.LBV.12",109,2,12,3,1,12,8.23944497142186,1,1,0.482430185139012
"1690",12,"undammed","LBV",2023,5349.332,52.5383430154433,0,5,"235",4508.95028307672,7091.83268238142,0.455658123055237,6013.17062819004,0,"2023.LBV.12",109,2,9,3,0,9,8.41404140872792,1,1,-0.939641437061175
"1691",12,"undammed","LBV",2023,5349.332,52.5383430154433,0,6,"236",4166.28226212941,6438.02470646279,0.443699424921135,6013.17062819004,0,"2023.LBV.12",109,2,10,3,0,10,8.33501936662043,1,1,-0.939641437061175
"1692",12,"undammed","LBV",2023,5349.332,52.5383430154433,0,7,"237",4291.31347418112,6087.67499778598,0.392477577079258,6013.17062819004,0,"2023.LBV.12",109,2,11,3,0,11,8.3645811379384,1,1,-0.939641437061175
"1693",12,"undammed","LBV",2023,5349.332,52.5383430154433,0,8,"238",4279.08224963371,7094.43377571854,0.420398698554413,6013.17062819004,0,"2023.LBV.12",109,2,12,3,0,12,8.36172750559533,1,1,-0.939641437061175
"1694",13,"dammed","LBV",2023,5339.61,50.6770080417401,1.12064453398118,5,"235",1276.82334210662,13972.8875372494,0.437505613091699,4234.64218434691,4.48257813592472,"2023.LBV.13",119,2,9,3,1,9,7.15291339541932,1,1,0.484803786921992
"1695",13,"dammed","LBV",2023,5339.61,50.6770080417401,1.12064453398118,6,"236",1862.9391737973,13265.1396789252,0.43952241170361,4234.64218434691,4.48257813592472,"2023.LBV.13",119,2,10,3,1,10,7.53044736263011,1,1,0.484803786921992
"1696",13,"dammed","LBV",2023,5339.61,50.6770080417401,1.12064453398118,7,"237",2147.62593850248,13066.6456441543,0.384767991860239,4234.64218434691,4.48257813592472,"2023.LBV.13",119,2,11,3,1,11,7.67258381844035,1,1,0.484803786921992
"1697",13,"dammed","LBV",2023,5339.61,50.6770080417401,1.12064453398118,8,"238",1800.06198051023,15444.6653717041,0.379374721072091,4234.64218434691,4.48257813592472,"2023.LBV.13",119,2,12,3,1,12,7.49613175908142,1,1,0.484803786921992
"1698",13,"undammed","LBV",2023,5339.684,53.3911898898712,0,5,"235",2572.69375093661,14656.6606237673,0.355312269729523,4419.15413978696,0,"2023.LBV.13",119,2,9,3,0,9,7.85309740319754,1,1,-0.939641437061175
"1699",13,"undammed","LBV",2023,5339.684,53.3911898898712,0,6,"236",3282.69568450147,15156.3094752293,0.400806574538992,4419.15413978696,0,"2023.LBV.13",119,2,10,3,0,10,8.09672480017059,1,1,-0.939641437061175
"1700",13,"undammed","LBV",2023,5339.684,53.3911898898712,0,7,"237",3983.07917655379,14240.9210787605,0.395209274564712,4419.15413978696,0,"2023.LBV.13",119,2,11,3,0,11,8.29006149213999,1,1,-0.939641437061175
"1701",13,"undammed","LBV",2023,5339.684,53.3911898898712,0,8,"238",3485.13439396059,15420.9742273966,0.441765123687776,4419.15413978696,0,"2023.LBV.13",119,2,12,3,0,12,8.15654877782123,1,1,-0.939641437061175
"1702",14,"dammed","LBV",2023,5339.342,41.5716808899068,3.35086489765997,5,"235",2232.8939002986,38237.7405897851,0.416187884566243,10891.2588267177,4.78694985379996,"2023.LBV.14",133,2,9,3,1,9,7.71150148534939,1,1,0.581525099232925
"1703",14,"dammed","LBV",2023,5339.342,41.5716808899068,3.35086489765997,6,"236",2891.87863526064,37397.1967902389,0.434401692333825,10891.2588267177,4.78694985379996,"2023.LBV.14",133,2,10,3,1,10,7.97000735292459,1,1,0.581525099232925
"1704",14,"dammed","LBV",2023,5339.342,41.5716808899068,3.35086489765997,7,"237",4630.97525658631,33723.2524787155,0.398177305672185,10891.2588267177,4.78694985379996,"2023.LBV.14",133,2,11,3,1,11,8.44073867739623,1,1,0.581525099232925
"1705",14,"dammed","LBV",2023,5339.342,41.5716808899068,3.35086489765997,8,"238",3264.96010186649,39085.3281032188,0.37557788266063,10891.2588267177,4.78694985379996,"2023.LBV.14",133,2,12,3,1,12,8.09130905724835,1,1,0.581525099232925
"1706",14,"undammed","LBV",2023,5338.988,38.362892035008,1.13297839560359,5,"235",1358.95002791624,36558.0775305355,0.333854957393295,9470.83506248891,1.61854056514799,"2023.LBV.14",133,2,9,3,1,9,7.21520323387578,1,1,-0.425311890996842
"1707",14,"undammed","LBV",2023,5338.988,38.362892035008,1.13297839560359,6,"236",1621.56268629443,36484.624895971,0.3449658796762,9470.83506248891,1.61854056514799,"2023.LBV.14",133,2,10,3,1,10,7.39176208345251,1,1,-0.425311890996842
"1708",14,"undammed","LBV",2023,5338.988,38.362892035008,1.13297839560359,7,"237",3083.6936453831,30709.900051461,0.314533005681734,9470.83506248891,1.61854056514799,"2023.LBV.14",133,2,11,3,1,11,8.03420762683248,1,1,-0.425311890996842
"1709",14,"undammed","LBV",2023,5338.988,38.362892035008,1.13297839560359,8,"238",1419.46774914241,37409.7646297081,0.323896387331658,9470.83506248891,1.61854056514799,"2023.LBV.14",133,2,12,3,1,12,7.25874149715929,1,1,-0.425311890996842
"1710",16,"dammed","LBV",2023,4391.323,38.4134258618753,1.13277245542782,5,"235",0,16678.5298445758,0.364875997683786,3810.22032926977,4.53108982171128,"2023.LBV.16",148,2,9,3,1,9,0,0,1,0.500219522472084
"1711",16,"dammed","LBV",2023,4391.323,38.4134258618753,1.13277245542782,6,"236",253.890594996191,15248.4788018919,0.383743838595228,3810.22032926977,4.53108982171128,"2023.LBV.16",148,2,10,3,1,10,5.54083441386414,1,1,0.500219522472084
"1712",16,"dammed","LBV",2023,4391.323,38.4134258618753,1.13277245542782,7,"237",466.473442552604,12644.6504371793,0.352099849496534,3810.22032926977,4.53108982171128,"2023.LBV.16",148,2,11,3,1,11,6.14734253974103,1,1,0.500219522472084
"1713",16,"dammed","LBV",2023,4391.323,38.4134258618753,1.13277245542782,8,"238",89.3108511186114,15497.7259289611,0.359810434344671,3810.22032926977,4.53108982171128,"2023.LBV.16",148,2,12,3,1,12,4.5032576206299,1,1,0.500219522472084
"1714",16,"undammed","LBV",2023,4389.532,46.2225655350249,0,5,"235",1220.54940257844,9146.95645354028,0.367657137042517,3803.99896241724,0,"2023.LBV.16",148,2,9,3,0,9,7.10787533407024,1,1,-0.939641437061175
"1715",16,"undammed","LBV",2023,4389.532,46.2225655350249,0,6,"236",1616.56916124493,8602.11095967012,0.388107386664594,3803.99896241724,0,"2023.LBV.16",148,2,10,3,0,10,7.38867978357219,1,1,-0.939641437061175
"1716",16,"undammed","LBV",2023,4389.532,46.2225655350249,0,7,"237",2239.51380653545,7181.40214700138,0.339015311949005,3803.99896241724,0,"2023.LBV.16",148,2,11,3,0,11,7.7144604964636,1,1,-0.939641437061175
"1717",16,"undammed","LBV",2023,4389.532,46.2225655350249,0,8,"238",960.878917433701,9447.50478946461,0.351951088935613,3803.99896241724,0,"2023.LBV.16",148,2,12,3,0,12,6.86888857729045,1,1,-0.939641437061175
"1718",17,"dammed","LBV",2023,4385.237,49.4625413865395,1.12942230191242,5,"235",871.800855145501,13640.4971907073,0.32286025562043,10226.9596487135,4.51768920764968,"2023.LBV.17",157,2,9,3,1,9,6.77170741429095,1,1,0.495961160404615
"1719",17,"dammed","LBV",2023,4385.237,49.4625413865395,1.12942230191242,6,"236",1735.09830018446,12663.214327225,0.328321296791839,10226.9596487135,4.51768920764968,"2023.LBV.17",157,2,10,3,1,10,7.45939551814741,1,1,0.495961160404615
"1720",17,"dammed","LBV",2023,4385.237,49.4625413865395,1.12942230191242,7,"237",3435.46262359689,10001.4026070389,0.322155662456687,10226.9596487135,4.51768920764968,"2023.LBV.17",157,2,11,3,1,11,8.14219791420305,1,1,0.495961160404615
"1721",17,"dammed","LBV",2023,4385.237,49.4625413865395,1.12942230191242,8,"238",2054.82678224129,12925.9613995421,0.315607204455146,10226.9596487135,4.51768920764968,"2023.LBV.17",157,2,12,3,1,12,7.62843337314319,1,1,0.495961160404615
"1722",17,"undammed","LBV",2023,4389.053,43.6545152212338,0,5,"235",174.050995047653,11122.1316272212,0.335123484868443,3630.92621906102,0,"2023.LBV.17",157,2,9,3,0,9,5.165077331747,1,1,-0.939641437061175
"1723",17,"undammed","LBV",2023,4389.053,43.6545152212338,0,6,"236",338.955015325079,11184.6357181325,0.341489067579473,3630.92621906102,0,"2023.LBV.17",157,2,10,3,0,10,5.82881330098933,1,1,-0.939641437061175
"1724",17,"undammed","LBV",2023,4389.053,43.6545152212338,0,7,"237",1480.24592272557,8678.37705733355,0.296372862511617,3630.92621906102,0,"2023.LBV.17",157,2,11,3,0,11,7.30063885228932,1,1,-0.939641437061175
"1725",17,"undammed","LBV",2023,4389.053,43.6545152212338,0,8,"238",66.9721923853837,11590.6216605392,0.312032349921069,3630.92621906102,0,"2023.LBV.17",157,2,12,3,0,12,4.21909868603012,1,1,-0.939641437061175
"1726",18,"dammed","LBV",2023,4330.431,46.2514417235904,1.15353808030383,5,"235",402.926262432687,18048.5563269522,0.395000134998738,4316.3516548872,4.61415232121532,"2023.LBV.18",167,2,9,3,1,9,6.00123234257161,1,1,0.526614596271779
"1727",18,"dammed","LBV",2023,4330.431,46.2514417235904,1.15353808030383,6,"236",563.621122160145,17867.0591305003,0.45697231632361,4316.3516548872,4.61415232121532,"2023.LBV.18",167,2,10,3,1,10,6.33615492595941,1,1,0.526614596271779
"1728",18,"dammed","LBV",2023,4330.431,46.2514417235904,1.15353808030383,7,"237",864.384572912665,16991.3613528981,0.445575673188095,4316.3516548872,4.61415232121532,"2023.LBV.18",167,2,11,3,1,11,6.76317400109233,1,1,0.526614596271779
"1729",18,"dammed","LBV",2023,4330.431,46.2514417235904,1.15353808030383,8,"238",339.499018710735,18166.2533323699,0.460131221378468,4316.3516548872,4.61415232121532,"2023.LBV.18",167,2,12,3,1,12,5.83041224367862,1,1,0.526614596271779
"1730",18,"undammed","LBV",2023,4331.8057,41.8032154719599,0,6,"236",665.644584277798,16620.4364600986,0.382056162896101,3779.65984894335,0,"2023.LBV.18",167,2,10,3,0,10,6.50225704674207,1,1,-0.939641437061175
"1731",18,"undammed","LBV",2023,4331.8057,41.8032154719599,0,7,"237",882.434202469798,15031.7188526528,0.3723514783035,3779.65984894335,0,"2023.LBV.18",167,2,11,3,0,11,6.78381681526805,1,1,-0.939641437061175
"1732",18,"undammed","LBV",2023,4331.8057,41.8032154719599,0,8,"238",456.24897558432,16543.6185183357,0.396228128430448,3779.65984894335,0,"2023.LBV.18",167,2,12,3,0,12,6.12522804688426,1,1,-0.939641437061175
"1733",19,"dammed","LBV",2023,4330.2256,44.5379230911342,1.13057853801119,5,"235",668.108158851839,21645.7628245933,0.445600609259035,6377.681435287,4.52231415204476,"2023.LBV.19",177,2,9,3,1,9,6.50594571948492,1,1,0.497430845874671
"1734",19,"dammed","LBV",2023,4330.2256,44.5379230911342,1.13057853801119,6,"236",246.188419904195,23107.2663977529,0.504755676059583,6377.681435287,4.52231415204476,"2023.LBV.19",177,2,10,3,1,10,5.51015087943852,1,1,0.497430845874671
"1735",19,"dammed","LBV",2023,4330.2256,44.5379230911342,1.13057853801119,7,"237",729.668839744026,23588.9618823781,0.487938444314934,6377.681435287,4.52231415204476,"2023.LBV.19",177,2,11,3,1,11,6.5939603334976,1,1,0.497430845874671
"1736",19,"dammed","LBV",2023,4330.2256,44.5379230911342,1.13057853801119,8,"238",375.0653754246,25356.4202336031,0.503154337576061,6377.681435287,4.52231415204476,"2023.LBV.19",177,2,12,3,1,12,5.92976299908622,1,1,0.497430845874671
"1737",19,"undammed","LBV",2023,4330.06,53.8467758312879,0,5,"235",1506.90162829465,17145.5582118913,0.351656236046286,5054.16988866031,0,"2023.LBV.19",177,2,9,3,0,9,7.31847431321376,1,1,-0.939641437061175
"1738",19,"undammed","LBV",2023,4330.06,53.8467758312879,0,6,"236",1903.97733749549,18083.7089050293,0.449860371358727,5054.16988866031,0,"2023.LBV.19",177,2,10,3,0,10,7.55222539116221,1,1,-0.939641437061175
"1739",19,"undammed","LBV",2023,4330.06,53.8467758312879,0,7,"237",2150.69952810699,18120.677728092,0.454047714446122,5054.16988866031,0,"2023.LBV.19",177,2,11,3,0,11,7.67401328704767,1,1,-0.939641437061175
"1740",19,"undammed","LBV",2023,4330.06,53.8467758312879,0,8,"238",1637.29724308089,18916.1577660654,0.506302161446272,5054.16988866031,0,"2023.LBV.19",177,2,12,3,0,12,7.40141271503221,1,1,-0.939641437061175
"1741",20,"dammed","LBV",2023,4309.839,66.8047914517931,1.11058767979199,6,"236",3087.05495165586,33026.1207731958,0.519546703356056,17276.3897284754,4.44235071916796,"2023.LBV.20",185,2,10,3,1,10,8.03529670621168,1,1,0.472020573794459
"1742",20,"dammed","LBV",2023,4309.839,66.8047914517931,1.11058767979199,7,"237",3064.84021905567,32697.2419184068,0.540116508916613,17276.3897284754,4.44235071916796,"2023.LBV.20",185,2,11,3,1,11,8.02807694426285,1,1,0.472020573794459
"1743",20,"dammed","LBV",2023,4309.839,66.8047914517931,1.11058767979199,8,"238",3088.57897790624,33490.5499772016,0.610932335245958,17276.3897284754,4.44235071916796,"2023.LBV.20",185,2,12,3,1,12,8.03579010750372,1,1,0.472020573794459
"1744",20,"undammed","LBV",2023,4314.98,57.057230544735,0,6,"236",1941.10153643477,22242.4510654823,0.347870484277722,11177.8106424734,0,"2023.LBV.20",185,2,10,3,0,10,7.57152593195141,1,1,-0.939641437061175
"1745",20,"undammed","LBV",2023,4314.98,57.057230544735,0,7,"237",2341.99786809449,21825.877267845,0.374699981368672,11177.8106424734,0,"2023.LBV.20",185,2,11,3,0,11,7.75918652860319,1,1,-0.939641437061175
"1746",20,"undammed","LBV",2023,4314.98,57.057230544735,0,8,"238",873.334036928065,24054.6942297842,0.452529508329397,11177.8106424734,0,"2023.LBV.20",185,2,12,3,0,12,6.77346249591983,1,1,-0.939641437061175
"1747",21,"dammed","LBV",2023,4304.791,66.3449807582258,1.12724246868702,5,"235",3282.32870923631,24176.078635601,0.383313745541918,24657.3166549318,4.50896987474808,"2023.LBV.21",196,2,9,3,1,9,8.09661303714261,1,1,0.493190386146724
"1748",21,"dammed","LBV",2023,4304.791,66.3449807582258,1.12724246868702,6,"236",4838.71724202025,18041.837368565,0.347067224123206,24657.3166549318,4.50896987474808,"2023.LBV.21",196,2,10,3,1,10,8.4846115769339,1,1,0.493190386146724
"1749",21,"dammed","LBV",2023,4304.791,66.3449807582258,1.12724246868702,7,"237",6694.96802213847,13573.6547401877,0.339621095550538,24657.3166549318,4.50896987474808,"2023.LBV.21",196,2,11,3,1,11,8.80926083649161,1,1,0.493190386146724
"1750",21,"dammed","LBV",2023,4304.791,66.3449807582258,1.12724246868702,8,"238",3003.98213592651,28384.0104964312,0.327559824247496,24657.3166549318,4.50896987474808,"2023.LBV.21",196,2,12,3,1,12,8.00802690216845,1,1,0.493190386146724
"1751",21,"undammed","LBV",2023,4304.9565,73.4673682540359,0,5,"235",4719.67539272706,24707.5397359212,0.502848241169316,13407.5390045773,0,"2023.LBV.21",196,2,9,3,0,9,8.45970716002243,1,1,-0.939641437061175
"1752",21,"undammed","LBV",2023,4304.9565,73.4673682540359,0,6,"236",4363.59176228981,25464.4275052538,0.512180175815401,13407.5390045773,0,"2023.LBV.21",196,2,10,3,0,10,8.38127993865133,1,1,-0.939641437061175
"1753",21,"undammed","LBV",2023,4304.9565,73.4673682540359,0,7,"237",4377.39599404171,25686.5543879191,0.461749436512628,13407.5390045773,0,"2023.LBV.21",196,2,11,3,0,11,8.38443772489272,1,1,-0.939641437061175
"1754",21,"undammed","LBV",2023,4304.9565,73.4673682540359,0,8,"238",4959.03496029611,26915.7845170264,0.460797196495519,13407.5390045773,0,"2023.LBV.21",196,2,12,3,0,12,8.50916806814093,1,1,-0.939641437061175
"1755",22,"dammed","LBV",2023,4286.174,65.0183444735951,1.13011326259039,5,"235",5424.07129555006,18736.3995598587,0.502073729264381,10168.2418558598,4.52045305036156,"2023.LBV.22",208,2,9,3,1,9,8.59878632035918,1,1,0.496839436796325
"1756",22,"dammed","LBV",2023,4286.174,65.0183444735951,1.13011326259039,6,"236",4841.55817599063,19753.8145800422,0.476765650229659,10168.2418558598,4.52045305036156,"2023.LBV.22",208,2,10,3,1,10,8.48519840883638,1,1,0.496839436796325
"1757",22,"dammed","LBV",2023,4286.174,65.0183444735951,1.13011326259039,7,"237",4399.66151595326,19660.7057762296,0.402681753251469,10168.2418558598,4.52045305036156,"2023.LBV.22",208,2,11,3,1,11,8.38951015314058,1,1,0.496839436796325
"1758",22,"dammed","LBV",2023,4286.174,65.0183444735951,1.13011326259039,8,"238",5169.517630147,19653.1630214317,0.39456963866283,10168.2418558598,4.52045305036156,"2023.LBV.22",208,2,12,3,1,12,8.55072808437591,1,1,0.496839436796325
"1759",22,"undammed","LBV",2023,4286.407,69.2406962815324,0,5,"235",4768.06801875596,21640.419691946,0.556646299188601,11331.0574491508,0,"2023.LBV.22",208,2,9,3,0,9,8.46990618088386,1,1,-0.939641437061175
"1760",22,"undammed","LBV",2023,4286.407,69.2406962815324,0,6,"236",4112.83443772793,22152.7782555075,0.536942060598835,11331.0574491508,0,"2023.LBV.22",208,2,10,3,0,10,8.32211082577839,1,1,-0.939641437061175
"1761",22,"undammed","LBV",2023,4286.407,69.2406962815324,0,7,"237",3583.19835562145,22141.8559640323,0.472971071828673,11331.0574491508,0,"2023.LBV.22",208,2,11,3,0,11,8.1842901173238,1,1,-0.939641437061175
"1762",22,"undammed","LBV",2023,4286.407,69.2406962815324,0,8,"238",4249.17265174459,21818.5739568075,0.480408417853869,11331.0574491508,0,"2023.LBV.22",208,2,12,3,0,12,8.35471488503324,1,1,-0.939641437061175
"1763",24,"dammed","LBV",2023,4134.4673,66.1853224803901,2.24102095684875,6,"236",5112.37873701582,14338.2759639067,0.521027981478728,8744.16788252443,7.4700698561625,"2023.LBV.24",223,2,10,3,1,10,8.53961566568226,1,1,1.43414994075185
"1764",24,"dammed","LBV",2023,4134.4673,66.1853224803901,2.24102095684875,7,"237",5045.99497968379,13056.5478779213,0.484444369335201,8744.16788252443,7.4700698561625,"2023.LBV.24",223,2,11,3,1,11,8.52654829162683,1,1,1.43414994075185
"1765",24,"dammed","LBV",2023,4134.4673,66.1853224803901,2.24102095684875,8,"238",5378.92487947801,14440.5182569915,0.451603498354082,8744.16788252443,7.4700698561625,"2023.LBV.24",223,2,12,3,1,12,8.59042969013604,1,1,1.43414994075185
"1766",24,"undammed","LBV",2023,4134.7354,68.0454473749153,0,6,"236",4577.4170391777,21721.752896537,0.459170777190648,9653.06335976906,0,"2023.LBV.24",223,2,10,3,0,10,8.42910859273258,1,1,-0.939641437061175
"1767",24,"undammed","LBV",2023,4134.7354,68.0454473749153,0,7,"237",4579.03443180136,19368.8561389699,0.412690056882778,9653.06335976906,0,"2023.LBV.24",223,2,11,3,0,11,8.42946179494053,1,1,-0.939641437061175
"1768",24,"undammed","LBV",2023,4134.7354,68.0454473749153,0,8,"238",5468.6349863999,19511.9360509536,0.409694677107584,9653.06335976906,0,"2023.LBV.24",223,2,12,3,0,12,8.60696716309805,1,1,-0.939641437061175
"1769",25,"dammed","LBV",2023,4133.67,65.5969823340687,1.11478853434112,6,"236",3808.51831444292,23403.7433190738,0.513929775049149,9400.87565957196,4.45915413736448,"2023.LBV.25",229,2,10,3,1,10,8.24525803347282,1,1,0.477360257358432
"1770",25,"dammed","LBV",2023,4133.67,65.5969823340687,1.11478853434112,8,"238",4866.94681773396,23077.0076713412,0.424325610338941,9400.87565957196,4.45915413736448,"2023.LBV.25",229,2,12,3,1,12,8.49042752917797,1,1,0.477360257358432
"1771",25,"undammed","LBV",2023,4131.0312,69.0966211699858,0,6,"236",4032.68014019658,17875.6927549474,0.431035147256778,7308.44215674885,0,"2023.LBV.25",229,2,10,3,0,10,8.30243442439292,1,1,-0.939641437061175
"1772",25,"undammed","LBV",2023,4131.0312,69.0966211699858,0,8,"238",4451.04420355488,18111.657778422,0.368168525924219,7308.44215674885,0,"2023.LBV.25",229,2,12,3,0,12,8.40111864126683,1,1,-0.939641437061175
"1773",29,"dammed","LBV",2023,4130.256,61.5095353569806,1.12538685212741,6,"236",2946.35771816174,14458.5161365883,0.513978838951142,6921.08155371621,4.50154740850964,"2023.LBV.29",251,2,10,3,1,10,7.98866435920627,1,1,0.490831721944356
"1774",29,"dammed","LBV",2023,4130.256,61.5095353569806,1.12538685212741,7,"237",2968.12001063426,13835.345686101,0.473754506906321,6921.08155371621,4.50154740850964,"2023.LBV.29",251,2,11,3,1,11,7.99602089517765,1,1,0.490831721944356
"1775",29,"dammed","LBV",2023,4130.256,61.5095353569806,1.12538685212741,8,"238",3949.70096378677,12411.2780178594,0.461001940146525,6921.08155371621,4.50154740850964,"2023.LBV.29",251,2,12,3,1,12,8.28164830133767,1,1,0.490831721944356
"1776",29,"undammed","LBV",2023,4130.239,66.479017097567,0,6,"236",5005.18008895411,14406.5018430822,0.382951385966262,7810.65752410516,0,"2023.LBV.29",251,2,10,3,0,10,8.51842844596593,1,1,-0.939641437061175
"1777",29,"undammed","LBV",2023,4130.239,66.479017097567,0,7,"237",5136.53080759446,14092.1862718171,0.367533455355937,7810.65752410516,0,"2023.LBV.29",251,2,11,3,0,11,8.54432785539857,1,1,-0.939641437061175
"1778",29,"undammed","LBV",2023,4130.239,66.479017097567,0,8,"238",4290.37943758591,15086.3833143646,0.350596707682533,7810.65752410516,0,"2023.LBV.29",251,2,12,3,0,12,8.36436350745966,1,1,-0.939641437061175
"1779",30,"dammed","LBV",2023,4130.256,70.670492391953,1.12784828416456,6,"236",12803.7402981889,19285.0125070011,0.381074614900493,24791.5659303963,4.51139313665824,"2023.LBV.30",257,2,10,3,1,10,9.45757071714634,1,1,0.49396043493332
"1780",30,"dammed","LBV",2023,4130.256,70.670492391953,1.12784828416456,7,"237",7924.26446714986,9191.64161619299,0.454184821398941,24791.5659303963,4.51139313665824,"2023.LBV.30",257,2,11,3,1,11,8.97781096943787,1,1,0.49396043493332
"1781",30,"dammed","LBV",2023,4130.256,70.670492391953,1.12784828416456,8,"238",9102.57368135195,10078.4430637135,0.426992696908245,24791.5659303963,4.51139313665824,"2023.LBV.30",257,2,12,3,1,12,9.11642232765015,1,1,0.49396043493332
"1782",30,"undammed","LBV",2023,4128.392,66.0425672586528,0,6,"236",6043.48036493811,13254.7183426203,0.399306038370416,13543.1636797749,0,"2023.LBV.30",257,2,10,3,0,10,8.70690079821889,1,1,-0.939641437061175
"1783",30,"undammed","LBV",2023,4128.392,66.0425672586528,0,7,"237",6627.98290537222,10123.0092739629,0.354946826919675,13543.1636797749,0,"2023.LBV.30",257,2,11,3,0,11,8.79920666347388,1,1,-0.939641437061175
"1784",30,"undammed","LBV",2023,4128.392,66.0425672586528,0,8,"238",6282.0577902282,10623.9791657392,0.350307488458394,13543.1636797749,0,"2023.LBV.30",257,2,12,3,0,12,8.7456120502324,1,1,-0.939641437061175
"1785",31,"dammed","LBV",2023,4112.8477,47.6779597076182,1.16339373446757,6,"236",1531.71425112042,16471.2548878688,0.3948411797893,4850.96037154645,4.65357493787028,"2023.LBV.31",260,2,10,3,1,10,7.3347954630111,1,1,0.53914206513195
"1786",31,"dammed","LBV",2023,4112.8477,47.6779597076182,1.16339373446757,8,"238",1282.5306276298,15253.4914561253,0.334835612037458,4850.96037154645,4.65357493787028,"2023.LBV.31",260,2,12,3,1,12,7.15736986261301,1,1,0.53914206513195
"1787",31,"undammed","LBV",2023,4108.3584,53.6798878726775,0,6,"236",2596.39436704435,13145.7427731682,0.340271036327574,5306.60279841721,0,"2023.LBV.31",260,2,10,3,0,10,7.86226405498354,1,1,-0.939641437061175
"1788",31,"undammed","LBV",2023,4108.3584,53.6798878726775,0,8,"238",3871.0585267483,9317.96849356259,0.293161887734575,5306.60279841721,0,"2023.LBV.31",260,2,12,3,0,12,8.26154156366144,1,1,-0.939641437061175
"1789",35,"dammed","LBV",2023,4106.4473,59.9495202283537,2.26133664900074,6,"236",3936.02336594077,18943.848971797,0.437140428221387,11063.7604731321,7.53778883000247,"2023.LBV.35",277,2,10,3,1,10,8.27818022588695,1,1,1.45566924636893
"1790",35,"dammed","LBV",2023,4106.4473,59.9495202283537,2.26133664900074,8,"238",3450.16841031523,17005.2926063986,0.387275020708875,11063.7604731321,7.53778883000247,"2023.LBV.35",277,2,12,3,1,12,8.14646812234637,1,1,1.45566924636893
"1791",35,"undammed","LBV",2023,4106.5215,52.5706783503441,0,6,"236",1566.75191800548,13305.0708003624,0.420925530755694,5850.74237895384,0,"2023.LBV.35",277,2,10,3,0,10,7.35739797283522,1,1,-0.939641437061175
"1792",35,"undammed","LBV",2023,4106.5215,52.5706783503441,0,8,"238",883.053658384903,12406.2676622279,0.367521613063665,5850.74237895384,0,"2023.LBV.35",277,2,12,3,0,12,6.78451776032593,1,1,-0.939641437061175
"1793",38,"dammed","LBV",2023,3067.5098,55.5893818298167,1.12360629072486,6,"236",2388.21053621652,14352.2126937567,0.436540720747158,11121.46124807,4.49442516289944,"2023.LBV.38",289,2,10,3,1,10,7.77871827078335,1,1,0.488568459947387
"1794",38,"dammed","LBV",2023,3067.5098,55.5893818298167,1.12360629072486,8,"238",2206.00126457822,12188.7118150898,0.3922505069653,11121.46124807,4.49442516289944,"2023.LBV.38",289,2,12,3,1,12,7.69938997924172,1,1,0.488568459947387
"1795",38,"undammed","LBV",2023,3075.3398,57.2610374085659,0,6,"236",2946.68437011429,12871.8233332316,0.36825544714615,5248.5665884912,0,"2023.LBV.38",289,2,10,3,0,10,7.98877518180872,1,1,-0.939641437061175
"1796",38,"undammed","LBV",2023,3075.3398,57.2610374085659,0,8,"238",1801.72536426759,12566.2766106699,0.309009480951506,5248.5665884912,0,"2023.LBV.38",289,2,12,3,0,12,7.49705489006355,1,1,-0.939641437061175
"1797",1,"dammed","UBV",2019,1399.0016,38.4055477786524,1.14846991250226,5,"195",0,19881.9505991019,0.497877456297252,4418.96008189023,4.59387965000904,"2019.UBV.1",13,5,1,1,1,1,0,0,1,0.520172475509681
"1798",1,"dammed","UBV",2019,1399.0016,38.4055477786524,1.14846991250226,6,"196",0,19874.3444852941,0.474052031617252,4418.96008189023,4.59387965000904,"2019.UBV.1",13,5,2,1,1,2,0,0,1,0.520172475509681
"1799",1,"dammed","UBV",2019,1399.0016,38.4055477786524,1.14846991250226,7,"197",37.1618372795629,19651.6687769871,0.496526291952456,4418.96008189023,4.59387965000904,"2019.UBV.1",13,5,3,1,1,3,3.64183599216014,1,1,0.520172475509681
"1800",1,"dammed","UBV",2019,1399.0016,38.4055477786524,1.14846991250226,8,"198",117.878392507516,19695.468802209,0.493665459259893,4418.96008189023,4.59387965000904,"2019.UBV.1",13,5,4,1,1,4,4.77810105890222,1,1,0.520172475509681
"1801",1,"undammed","UBV",2019,1396.9104,35.7609131985076,0,5,"195",0,23266.6915101893,0.489767422810559,5416.28902260959,0,"2019.UBV.1",13,5,1,1,0,1,0,0,1,-0.939641437061175
"1802",1,"undammed","UBV",2019,1396.9104,35.7609131985076,0,6,"196",0,23082.8200883753,0.469710745996617,5416.28902260959,0,"2019.UBV.1",13,5,2,1,0,2,0,0,1,-0.939641437061175
"1803",1,"undammed","UBV",2019,1396.9104,35.7609131985076,0,7,"197",31.0823903378318,23242.5601812624,0.49358977653735,5416.28902260959,0,"2019.UBV.1",13,5,3,1,0,3,3.46830729200025,1,1,-0.939641437061175
"1804",1,"undammed","UBV",2019,1396.9104,35.7609131985076,0,8,"198",219.802796183848,22969.5089731254,0.493763066217393,5416.28902260959,0,"2019.UBV.1",13,5,4,1,0,4,5.39726997819888,1,1,-0.939641437061175
"1805",2,"dammed","UBV",2019,1301.4417,41.3540994238475,2.31826190629659,5,"195",142.072208079404,26938.1838023466,0.457842919332597,6404.95198407769,7.47826421385997,"2019.UBV.2",25,5,1,1,1,1,4.96334945441897,1,1,1.43675389172199
"1806",2,"dammed","UBV",2019,1301.4417,41.3540994238475,2.31826190629659,6,"196",144.075989882853,26545.5401130527,0.461656411458865,6404.95198407769,7.47826421385997,"2019.UBV.2",25,5,2,1,1,2,4.97725767330242,1,1,1.43675389172199
"1807",2,"dammed","UBV",2019,1301.4417,41.3540994238475,2.31826190629659,7,"197",243.310451657632,27020.063486735,0.511862922260231,6404.95198407769,7.47826421385997,"2019.UBV.2",25,5,3,1,1,3,5.4984397594101,1,1,1.43675389172199
"1808",2,"dammed","UBV",2019,1301.4417,41.3540994238475,2.31826190629659,8,"198",775.526333449869,26251.070363602,0.522520504278625,6404.95198407769,7.47826421385997,"2019.UBV.2",25,5,4,1,1,4,6.65483055502062,1,1,1.43675389172199
"1809",2,"undammed","UBV",2019,1301.4417,39.7092021586128,0,5,"195",0,19136.0463068943,0.506082887735046,4741.76249624789,0,"2019.UBV.2",25,5,1,1,0,1,0,0,1,-0.939641437061175
"1810",2,"undammed","UBV",2019,1301.4417,39.7092021586128,0,6,"196",0,20647.6996736115,0.493073091333665,4741.76249624789,0,"2019.UBV.2",25,5,2,1,0,2,0,0,1,-0.939641437061175
"1811",2,"undammed","UBV",2019,1301.4417,39.7092021586128,0,7,"197",313.054155302749,20218.6265215705,0.575420651841018,4741.76249624789,0,"2019.UBV.2",25,5,3,1,0,3,5.7495654401542,1,1,-0.939641437061175
"1812",2,"undammed","UBV",2019,1301.4417,39.7092021586128,0,8,"198",567.269040911104,19949.3658356311,0.60301836022437,4741.76249624789,0,"2019.UBV.2",25,5,4,1,0,4,6.34259497015386,1,1,-0.939641437061175
"1813",3,"dammed","UBV",2019,422.69003,42.1306176964193,2.31058129008306,5,"195",0,42978.9080325557,0.448071052105504,19876.1377683282,5.25132111382514,"2019.UBV.3",32,5,1,1,1,1,0,0,1,0.729090050348151
"1814",3,"dammed","UBV",2019,422.69003,42.1306176964193,2.31058129008306,6,"196",0,41966.1754993813,0.434756945007131,19876.1377683282,5.25132111382514,"2019.UBV.3",32,5,2,1,1,2,0,0,1,0.729090050348151
"1815",3,"dammed","UBV",2019,422.69003,42.1306176964193,2.31058129008306,7,"197",0,42101.4719761568,0.439049082005395,19876.1377683282,5.25132111382514,"2019.UBV.3",32,5,3,1,1,3,0,0,1,0.729090050348151
"1816",3,"dammed","UBV",2019,422.69003,42.1306176964193,2.31058129008306,8,"198",82.1502423323837,42613.4855371513,0.493950029024118,19876.1377683282,5.25132111382514,"2019.UBV.3",32,5,4,1,1,4,4.42064912003497,1,1,0.729090050348151
"1817",3,"undammed","UBV",2019,424.57132,45.3855286811941,0,5,"195",155.034173003832,34033.4423013725,0.504953980326387,16390.6884491146,0,"2019.UBV.3",32,5,1,1,0,1,5.05007504097677,1,1,-0.939641437061175
"1818",3,"undammed","UBV",2019,424.57132,45.3855286811941,0,6,"196",0,33838.0059863521,0.489725100065427,16390.6884491146,0,"2019.UBV.3",32,5,2,1,0,2,0,0,1,-0.939641437061175
"1819",3,"undammed","UBV",2019,424.57132,45.3855286811941,0,7,"197",133.569611316569,33835.3760565664,0.489619033301327,16390.6884491146,0,"2019.UBV.3",32,5,3,1,0,3,4.90208162141287,1,1,-0.939641437061175
"1820",3,"undammed","UBV",2019,424.57132,45.3855286811941,0,8,"198",745.296858803665,32901.2559886558,0.498148458456227,16390.6884491146,0,"2019.UBV.3",32,5,4,1,0,4,6.61512345510217,1,1,-0.939641437061175
"1821",4,"dammed","UBV",2019,386.06177,46.8167896134174,1.14467973319732,5,"195",1415.72101144253,21570.2071935915,0.450088725495638,8785.24757504463,4.57871893278928,"2019.UBV.4",40,5,1,1,1,1,7.25610033353284,1,1,0.515354799034
"1822",4,"dammed","UBV",2019,386.06177,46.8167896134174,1.14467973319732,6,"196",1188.78889065513,21307.3963226318,0.412880941788105,8785.24757504463,4.57871893278928,"2019.UBV.4",40,5,2,1,1,2,7.08153116755702,1,1,0.515354799034
"1823",4,"dammed","UBV",2019,386.06177,46.8167896134174,1.14467973319732,7,"197",1482.91355812269,20920.2890485876,0.393655512948181,8785.24757504463,4.57871893278928,"2019.UBV.4",40,5,3,1,1,3,7.3024381727873,1,1,0.515354799034
"1824",4,"dammed","UBV",2019,386.06177,46.8167896134174,1.14467973319732,8,"198",1678.63979529516,21369.6875133739,0.418829275859164,8785.24757504463,4.57871893278928,"2019.UBV.4",40,5,4,1,1,4,7.42633464184631,1,1,0.515354799034
"1825",4,"undammed","UBV",2019,386.25748,39.0629518106129,0,5,"195",0,18438.4990863576,0.387167508254719,7183.53228968382,0,"2019.UBV.4",40,5,1,1,0,1,0,0,1,-0.939641437061175
"1826",4,"undammed","UBV",2019,386.25748,39.0629518106129,0,6,"196",0,16602.3502423455,0.345898933101093,7183.53228968382,0,"2019.UBV.4",40,5,2,1,0,2,0,0,1,-0.939641437061175
"1827",4,"undammed","UBV",2019,386.25748,39.0629518106129,0,7,"197",0,16636.5106056961,0.327812204801625,7183.53228968382,0,"2019.UBV.4",40,5,3,1,0,3,0,0,1,-0.939641437061175
"1828",4,"undammed","UBV",2019,386.25748,39.0629518106129,0,8,"198",0,17306.378755906,0.387683050751118,7183.53228968382,0,"2019.UBV.4",40,5,4,1,0,4,0,0,1,-0.939641437061175
"1829",5,"dammed","UBV",2019,375.3425,57.9855429680397,1.14265913425824,5,"195",1896.5305775619,22988.4804550171,0.405024184395499,7441.38358390331,4.57063653703296,"2019.UBV.5",49,5,1,1,1,1,7.54830862379707,1,1,0.512786426618768
"1830",5,"dammed","UBV",2019,375.3425,57.9855429680397,1.14265913425824,6,"196",1511.20654801224,21397.9594979978,0.348949695437873,7441.38358390331,4.57063653703296,"2019.UBV.5",49,5,2,1,1,2,7.32132515323795,1,1,0.512786426618768
"1831",5,"dammed","UBV",2019,375.3425,57.9855429680397,1.14265913425824,7,"197",1373.92084387143,22721.2031528248,0.332515614826693,7441.38358390331,4.57063653703296,"2019.UBV.5",49,5,3,1,1,3,7.22615144035006,1,1,0.512786426618768
"1832",5,"dammed","UBV",2019,375.3425,57.9855429680397,1.14265913425824,8,"198",2040.82213103865,22921.2023634069,0.395508689650774,7441.38358390331,4.57063653703296,"2019.UBV.5",49,5,4,1,1,4,7.62159788966072,1,1,0.512786426618768
"1833",5,"undammed","UBV",2019,375.94113,49.8083194256327,0,5,"195",73.0365720900835,23715.2976865581,0.381047530110215,10710.4578819275,0,"2019.UBV.5",49,5,1,1,0,1,4.30455918855252,1,1,-0.939641437061175
"1834",5,"undammed","UBV",2019,375.94113,49.8083194256327,0,6,"196",73.0365720900835,23406.2491142722,0.335194481696207,10710.4578819275,0,"2019.UBV.5",49,5,2,1,0,2,4.30455918855252,1,1,-0.939641437061175
"1835",5,"undammed","UBV",2019,375.94113,49.8083194256327,0,7,"197",73.0365720900835,23472.9991782693,0.319212252587386,10710.4578819275,0,"2019.UBV.5",49,5,3,1,0,3,4.30455918855252,1,1,-0.939641437061175
"1836",5,"undammed","UBV",2019,375.94113,49.8083194256327,0,8,"198",155.19748405148,23514.5205211265,0.344323285727605,10710.4578819275,0,"2019.UBV.5",49,5,4,1,0,4,5.05112113005102,1,1,-0.939641437061175
"1837",6,"dammed","UBV",2019,370.61713,56.347356635465,2.29647332599447,5,"195",1698.03157601801,25407.9646537332,0.348207361915103,11470.9464342296,9.18589330397788,"2019.UBV.6",58,5,1,1,1,1,7.43781370655986,1,1,1.97939342370449
"1838",6,"dammed","UBV",2019,370.61713,56.347356635465,2.29647332599447,6,"196",1619.46192973618,24109.0865704705,0.30214395529536,11470.9464342296,9.18589330397788,"2019.UBV.6",58,5,2,1,1,2,7.39046652939369,1,1,1.97939342370449
"1839",6,"dammed","UBV",2019,370.61713,56.347356635465,2.29647332599447,7,"197",2079.96968865044,23946.3875387154,0.279511135583056,11470.9464342296,9.18589330397788,"2019.UBV.6",58,5,3,1,1,3,7.64058926052611,1,1,1.97939342370449
"1840",6,"dammed","UBV",2019,370.61713,56.347356635465,2.29647332599447,8,"198",1855.21152758107,24204.7438656377,0.322162218844248,11470.9464342296,9.18589330397788,"2019.UBV.6",58,5,4,1,1,4,7.52629287645397,1,1,1.97939342370449
"1841",6,"undammed","UBV",2019,370.4732,52.895706137395,0,5,"195",234.456165656155,22852.3775061813,0.34619196005859,10954.8414257169,0,"2019.UBV.6",58,5,1,1,0,1,5.46152476303667,1,1,-0.939641437061175
"1842",6,"undammed","UBV",2019,370.4732,52.895706137395,0,6,"196",234.456165656155,22800.8609576655,0.319756097481948,10954.8414257169,0,"2019.UBV.6",58,5,2,1,0,2,5.46152476303667,1,1,-0.939641437061175
"1843",6,"undammed","UBV",2019,370.4732,52.895706137395,0,7,"197",287.376408906076,22746.4533462824,0.300573924322419,10954.8414257169,0,"2019.UBV.6",58,5,3,1,0,3,5.66426660215541,1,1,-0.939641437061175
"1844",6,"undammed","UBV",2019,370.4732,52.895706137395,0,8,"198",234.456165656155,23014.0255105411,0.318085965341138,10954.8414257169,0,"2019.UBV.6",58,5,4,1,0,4,5.46152476303667,1,1,-0.939641437061175
"1845",8,"dammed","UBV",2019,353.9711,38.5082284253666,5.96199836957659,5,"195",755.736441852532,47166.5341711605,0.363843910077007,12873.4884156287,9.31562245246342,"2019.UBV.8",78,5,1,1,1,1,6.62901503145792,1,1,2.02061792897093
"1846",8,"dammed","UBV",2019,353.9711,38.5082284253666,5.96199836957659,6,"196",494.519501449548,45326.467577377,0.31584684203549,12873.4884156287,9.31562245246342,"2019.UBV.8",78,5,2,1,1,2,6.20560671010869,1,1,2.02061792897093
"1847",8,"dammed","UBV",2019,353.9711,38.5082284253666,5.96199836957659,7,"197",564.269013818806,45336.4542020611,0.294364468635245,12873.4884156287,9.31562245246342,"2019.UBV.8",78,5,3,1,1,3,6.33730174848496,1,1,2.02061792897093
"1848",8,"dammed","UBV",2019,353.9711,38.5082284253666,5.96199836957659,8,"198",1031.33130145026,44677.2053397384,0.317437469995643,12873.4884156287,9.31562245246342,"2019.UBV.8",78,5,4,1,1,4,6.93957492305995,1,1,2.02061792897093
"1849",8,"undammed","UBV",2019,356.7818,39.6073770015872,0,5,"195",0,21887.0235388662,0.321469542784095,7382.70509269834,0,"2019.UBV.8",78,5,1,1,0,1,0,0,1,-0.939641437061175
"1850",8,"undammed","UBV",2019,356.7818,39.6073770015872,0,6,"196",0,21525.8587422988,0.270891330948914,7382.70509269834,0,"2019.UBV.8",78,5,2,1,0,2,0,0,1,-0.939641437061175
"1851",8,"undammed","UBV",2019,356.7818,39.6073770015872,0,7,"197",0,21659.3884381163,0.257029598663419,7382.70509269834,0,"2019.UBV.8",78,5,3,1,0,3,0,0,1,-0.939641437061175
"1852",8,"undammed","UBV",2019,356.7818,39.6073770015872,0,8,"198",0,21151.2948304719,0.302805034250752,7382.70509269834,0,"2019.UBV.8",78,5,4,1,0,4,0,0,1,-0.939641437061175
"1853",9,"dammed","UBV",2019,352.52612,37.0098758123684,1.14913921126426,5,"195",0,19400.2486786487,0.417113660532291,5072.33590433002,4.59655684505704,"2019.UBV.9",87,5,1,1,1,1,0,0,1,0.521023217556815
"1854",9,"dammed","UBV",2019,352.52612,37.0098758123684,1.14913921126426,6,"196",0,17986.4924791224,0.355018859746513,5072.33590433002,4.59655684505704,"2019.UBV.9",87,5,2,1,1,2,0,0,1,0.521023217556815
"1855",9,"dammed","UBV",2019,352.52612,37.0098758123684,1.14913921126426,7,"197",0,16750.4403456445,0.327456565528629,5072.33590433002,4.59655684505704,"2019.UBV.9",87,5,3,1,1,3,0,0,1,0.521023217556815
"1856",9,"dammed","UBV",2019,352.52612,37.0098758123684,1.14913921126426,8,"198",0,17759.3654998181,0.333230214455971,5072.33590433002,4.59655684505704,"2019.UBV.9",87,5,4,1,1,4,0,0,1,0.521023217556815
"1857",9,"undammed","UBV",2019,352.52612,38.0223625669184,0,5,"195",0,22444.5620721256,0.417480650404426,6739.5838496685,0,"2019.UBV.9",87,5,1,1,0,1,0,0,1,-0.939641437061175
"1858",9,"undammed","UBV",2019,352.52612,38.0223625669184,0,6,"196",0,22239.5296909407,0.355677074895207,6739.5838496685,0,"2019.UBV.9",87,5,2,1,0,2,0,0,1,-0.939641437061175
"1859",9,"undammed","UBV",2019,352.52612,38.0223625669184,0,7,"197",0,21431.7437364167,0.326822579359572,6739.5838496685,0,"2019.UBV.9",87,5,3,1,0,3,0,0,1,-0.939641437061175
"1860",9,"undammed","UBV",2019,352.52612,38.0223625669184,0,8,"198",0,22310.7646784165,0.351345924951147,6739.5838496685,0,"2019.UBV.9",87,5,4,1,0,4,0,0,1,-0.939641437061175
"1861",10,"dammed","UBV",2019,338.61472,36.3840382137792,1.14825308168694,5,"195",0,18493.7320391786,0.389352373593435,4764.00946936011,4.59301232674776,"2019.UBV.10",95,5,1,1,1,1,0,0,1,0.519896863029605
"1862",10,"dammed","UBV",2019,338.61472,36.3840382137792,1.14825308168694,6,"196",0,17679.0496012071,0.326657214037781,4764.00946936011,4.59301232674776,"2019.UBV.10",95,5,2,1,1,2,0,0,1,0.519896863029605
"1863",10,"dammed","UBV",2019,338.61472,36.3840382137792,1.14825308168694,7,"197",0,16246.3444065767,0.290025673456916,4764.00946936011,4.59301232674776,"2019.UBV.10",95,5,3,1,1,3,0,0,1,0.519896863029605
"1864",10,"dammed","UBV",2019,338.61472,36.3840382137792,1.14825308168694,8,"198",0,18538.945107015,0.309574681059837,4764.00946936011,4.59301232674776,"2019.UBV.10",95,5,4,1,1,4,0,0,1,0.519896863029605
"1865",10,"undammed","UBV",2019,338.67807,38.5793780783899,0,5,"195",387.353699143026,15723.9248662313,0.445652752570414,7380.776694417,0,"2019.UBV.10",95,5,1,1,0,1,5.96191652010168,1,1,-0.939641437061175
"1866",10,"undammed","UBV",2019,338.67807,38.5793780783899,0,6,"196",162.854937282029,14040.8958762375,0.417118865702361,7380.776694417,0,"2019.UBV.10",95,5,2,1,0,2,5.09898150762968,1,1,-0.939641437061175
"1867",10,"undammed","UBV",2019,338.67807,38.5793780783899,0,7,"197",145.178278073844,12061.0625500847,0.410114866699684,7380.776694417,0,"2019.UBV.10",95,5,3,1,0,3,4.98482695949076,1,1,-0.939641437061175
"1868",10,"undammed","UBV",2019,338.67807,38.5793780783899,0,8,"198",394.600860361959,14725.467829177,0.368978419339753,7380.776694417,0,"2019.UBV.10",95,5,4,1,0,4,5.9804057745742,1,1,-0.939641437061175
"1869",11,"dammed","UBV",2019,337.71634,33.5050264213872,1.23626379148172,5,"195",0,14991.2605460373,0.390421506272382,5304.18541359901,4.94505516592688,"2019.UBV.11",104,5,1,1,1,1,0,0,1,0.631766801645348
"1870",11,"dammed","UBV",2019,337.71634,33.5050264213872,1.23626379148172,6,"196",0,13753.0271599863,0.340014295982506,5304.18541359901,4.94505516592688,"2019.UBV.11",104,5,2,1,1,2,0,0,1,0.631766801645348
"1871",11,"dammed","UBV",2019,337.71634,33.5050264213872,1.23626379148172,7,"197",0,13063.713369003,0.301891998786492,5304.18541359901,4.94505516592688,"2019.UBV.11",104,5,3,1,1,3,0,0,1,0.631766801645348
"1872",11,"dammed","UBV",2019,337.71634,33.5050264213872,1.23626379148172,8,"198",0,14586.1406876508,0.308430753195884,5304.18541359901,4.94505516592688,"2019.UBV.11",104,5,4,1,1,4,0,0,1,0.631766801645348
"1873",11,"undammed","UBV",2019,333.13745,37.520777283195,0,5,"195",0,20385.8576731663,0.36932548972412,4217.45162597299,0,"2019.UBV.11",104,5,1,1,0,1,0,0,1,-0.939641437061175
"1874",11,"undammed","UBV",2019,333.13745,37.520777283195,0,6,"196",0,18862.5922094906,0.298146515588576,4217.45162597299,0,"2019.UBV.11",104,5,2,1,0,2,0,0,1,-0.939641437061175
"1875",11,"undammed","UBV",2019,333.13745,37.520777283195,0,7,"197",0,15727.7244812909,0.274092668973096,4217.45162597299,0,"2019.UBV.11",104,5,3,1,0,3,0,0,1,-0.939641437061175
"1876",11,"undammed","UBV",2019,333.13745,37.520777283195,0,8,"198",0,20100.8692709829,0.315114778376708,4217.45162597299,0,"2019.UBV.11",104,5,4,1,0,4,0,0,1,-0.939641437061175
"1877",13,"dammed","UBV",2019,316.69504,36.9994335941826,1.13626961756913,5,"195",0,18492.5879195569,0.325767812680008,3615.66463968158,4.54507847027652,"2019.UBV.13",126,5,1,1,1,1,0,0,1,0.504664746411192
"1878",13,"dammed","UBV",2019,316.69504,36.9994335941826,1.13626961756913,6,"196",0,15340.5471761068,0.284423522939558,3615.66463968158,4.54507847027652,"2019.UBV.13",126,5,2,1,1,2,0,0,1,0.504664746411192
"1879",13,"dammed","UBV",2019,316.69504,36.9994335941826,1.13626961756913,7,"197",0,15260.0793352912,0.248261957104577,3615.66463968158,4.54507847027652,"2019.UBV.13",126,5,3,1,1,3,0,0,1,0.504664746411192
"1880",13,"dammed","UBV",2019,316.69504,36.9994335941826,1.13626961756913,8,"198",0,17154.6619317747,0.280740628001998,3615.66463968158,4.54507847027652,"2019.UBV.13",126,5,4,1,1,4,0,0,1,0.504664746411192
"1881",13,"undammed","UBV",2019,316.69504,42.7035060459793,0,5,"195",71.0682840134583,21474.3879422655,0.35677472261496,7031.6030010283,0,"2019.UBV.13",126,5,1,1,0,1,4.27761405865508,1,1,-0.939641437061175
"1882",13,"undammed","UBV",2019,316.69504,42.7035060459793,0,6,"196",77.0326786172156,19364.0945374134,0.29579084400862,7031.6030010283,0,"2019.UBV.13",126,5,2,1,0,2,4.35712769558274,1,1,-0.939641437061175
"1883",13,"undammed","UBV",2019,316.69504,42.7035060459793,0,7,"197",204.236255901468,17261.1731956332,0.266549931416948,7031.6030010283,0,"2019.UBV.13",126,5,3,1,0,3,5.32416178336921,1,1,-0.939641437061175
"1884",13,"undammed","UBV",2019,316.69504,42.7035060459793,0,8,"198",127.203577284252,19566.046736893,0.317230336137957,7031.6030010283,0,"2019.UBV.13",126,5,4,1,0,4,4.85361944803059,1,1,-0.939641437061175
"1885",14,"dammed","UBV",2019,303.77417,33.2537873831757,1.17104554663076,5,"195",0,11796.1077053893,0.323281567322277,3532.25947114825,4.68418218652304,"2019.UBV.14",136,5,1,1,1,1,0,0,1,0.548868242309605
"1886",14,"dammed","UBV",2019,303.77417,33.2537873831757,1.17104554663076,6,"196",0,8457.72125387753,0.283101906833611,3532.25947114825,4.68418218652304,"2019.UBV.14",136,5,2,1,1,2,0,0,1,0.548868242309605
"1887",14,"dammed","UBV",2019,303.77417,33.2537873831757,1.17104554663076,7,"197",0,8893.22755662507,0.268823841986743,3532.25947114825,4.68418218652304,"2019.UBV.14",136,5,3,1,1,3,0,0,1,0.548868242309605
"1888",14,"dammed","UBV",2019,303.77417,33.2537873831757,1.17104554663076,8,"198",64.2690233342788,12782.8161519668,0.32395711113509,3532.25947114825,4.68418218652304,"2019.UBV.14",136,5,4,1,1,4,4.17851754906465,1,1,0.548868242309605
"1889",14,"undammed","UBV",2019,306.31372,39.5878735134848,0,5,"195",0,21246.2273367788,0.336012024720028,6207.45153060555,0,"2019.UBV.14",136,5,1,1,0,1,0,0,1,-0.939641437061175
"1890",14,"undammed","UBV",2019,306.31372,39.5878735134848,0,6,"196",0,20543.5396846098,0.273890250812627,6207.45153060555,0,"2019.UBV.14",136,5,2,1,0,2,0,0,1,-0.939641437061175
"1891",14,"undammed","UBV",2019,306.31372,39.5878735134848,0,7,"197",0,21045.0437453326,0.261102353831236,6207.45153060555,0,"2019.UBV.14",136,5,3,1,0,3,0,0,1,-0.939641437061175
"1892",14,"undammed","UBV",2019,306.31372,39.5878735134848,0,8,"198",0,21341.6897130031,0.292336490062131,6207.45153060555,0,"2019.UBV.14",136,5,4,1,0,4,0,0,1,-0.939641437061175
"1893",15,"dammed","UBV",2019,299.42465,36.8948579798698,1.13983067387269,5,"195",0,20327.7810259052,0.328683804600499,5342.59551718831,4.55932269549076,"2019.UBV.15",142,5,1,1,1,1,0,0,1,0.509191185875382
"1894",15,"dammed","UBV",2019,299.42465,36.8948579798698,1.13983067387269,6,"196",0,18283.7844957539,0.281674100685027,5342.59551718831,4.55932269549076,"2019.UBV.15",142,5,2,1,1,2,0,0,1,0.509191185875382
"1895",15,"dammed","UBV",2019,299.42465,36.8948579798698,1.13983067387269,7,"197",0,17069.0175162222,0.270235474162706,5342.59551718831,4.55932269549076,"2019.UBV.15",142,5,3,1,1,3,0,0,1,0.509191185875382
"1896",15,"dammed","UBV",2019,299.42465,36.8948579798698,1.13983067387269,8,"198",0,20710.7015155568,0.343984159275912,5342.59551718831,4.55932269549076,"2019.UBV.15",142,5,4,1,1,4,0,0,1,0.509191185875382
"1897",15,"undammed","UBV",2019,299.89124,34.5543218340395,0,5,"195",0,13817.4164220773,0.36081003868591,3956.33779835701,0,"2019.UBV.15",142,5,1,1,0,1,0,0,1,-0.939641437061175
"1898",15,"undammed","UBV",2019,299.89124,34.5543218340395,0,6,"196",0,12662.2982172648,0.31137394879131,3956.33779835701,0,"2019.UBV.15",142,5,2,1,0,2,0,0,1,-0.939641437061175
"1899",15,"undammed","UBV",2019,299.89124,34.5543218340395,0,7,"197",0,11971.6458937402,0.294346670342005,3956.33779835701,0,"2019.UBV.15",142,5,3,1,0,3,0,0,1,-0.939641437061175
"1900",15,"undammed","UBV",2019,299.89124,34.5543218340395,0,8,"198",116.486834436772,14455.7359792672,0.331487457985164,3956.33779835701,0,"2019.UBV.15",142,5,4,1,0,4,4.76632627995982,1,1,-0.939641437061175
"1901",16,"dammed","UBV",2019,254.52106,49.2849762682851,4.55232702576656,5,"195",1399.66789627893,62521.1058487537,0.468822079451158,30640.0790943801,7.11301097776025,"2019.UBV.16",153,5,1,1,1,1,7.24470447061289,1,1,1.32068603703432
"1902",16,"dammed","UBV",2019,254.52106,49.2849762682851,4.55232702576656,6,"196",1315.9717400462,61126.5124019847,0.429106405612992,30640.0790943801,7.11301097776025,"2019.UBV.16",153,5,2,1,1,2,7.18309024368937,1,1,1.32068603703432
"1903",16,"dammed","UBV",2019,254.52106,49.2849762682851,4.55232702576656,7,"197",983.960919854688,61971.7862529979,0.414612634328147,30640.0790943801,7.11301097776025,"2019.UBV.16",153,5,3,1,1,3,6.89260196511058,1,1,1.32068603703432
"1904",16,"dammed","UBV",2019,254.52106,49.2849762682851,4.55232702576656,8,"198",1287.97719652326,61482.7315769869,0.418764777223996,30640.0790943801,7.11301097776025,"2019.UBV.16",153,5,4,1,1,4,7.16160431195513,1,1,1.32068603703432
"1905",16,"undammed","UBV",2019,254.08311,36.3972368264389,0,5,"195",0,47798.9743396834,0.441944827901171,19881.7540664375,0,"2019.UBV.16",153,5,1,1,0,1,0,0,1,-0.939641437061175
"1906",16,"undammed","UBV",2019,254.08311,36.3972368264389,0,6,"196",0,46024.4863584032,0.413047869702698,19881.7540664375,0,"2019.UBV.16",153,5,2,1,0,2,0,0,1,-0.939641437061175
"1907",16,"undammed","UBV",2019,254.08311,36.3972368264389,0,7,"197",0,45288.1119291717,0.385576029750407,19881.7540664375,0,"2019.UBV.16",153,5,3,1,0,3,0,0,1,-0.939641437061175
"1908",16,"undammed","UBV",2019,254.08311,36.3972368264389,0,8,"198",41.1062907756544,45756.3990099739,0.380378361831317,19881.7540664375,0,"2019.UBV.16",153,5,4,1,0,4,3.74019715412546,1,1,-0.939641437061175
"1909",18,"dammed","UBV",2019,252.69441,33.2933891419516,2.3771792118654,5,"195",0,20413.1946917366,0.443047730555109,3757.18611204624,7.923930706218,"2019.UBV.18",173,5,1,1,1,1,0,0,1,1.57837496050851
"1910",18,"dammed","UBV",2019,252.69441,33.2933891419516,2.3771792118654,6,"196",0,20163.246051923,0.386206510520571,3757.18611204624,7.923930706218,"2019.UBV.18",173,5,2,1,1,2,0,0,1,1.57837496050851
"1911",18,"dammed","UBV",2019,252.69441,33.2933891419516,2.3771792118654,7,"197",0,19991.439722308,0.35429575552609,3757.18611204624,7.923930706218,"2019.UBV.18",173,5,3,1,1,3,0,0,1,1.57837496050851
"1912",18,"dammed","UBV",2019,252.69441,33.2933891419516,2.3771792118654,8,"198",0,20361.0992516013,0.404316170723971,3757.18611204624,7.923930706218,"2019.UBV.18",173,5,4,1,1,4,0,0,1,1.57837496050851
"1913",18,"undammed","UBV",2019,253.01134,31.2044628245338,0,5,"195",0,19008.9661607331,0.45178039290732,3805.85313811898,0,"2019.UBV.18",173,5,1,1,0,1,0,0,1,-0.939641437061175
"1914",18,"undammed","UBV",2019,253.01134,31.2044628245338,0,6,"196",0,18616.9543242211,0.394766177075149,3805.85313811898,0,"2019.UBV.18",173,5,2,1,0,2,0,0,1,-0.939641437061175
"1915",18,"undammed","UBV",2019,253.01134,31.2044628245338,0,7,"197",0,18403.3215376312,0.356913246711299,3805.85313811898,0,"2019.UBV.18",173,5,3,1,0,3,0,0,1,-0.939641437061175
"1916",18,"undammed","UBV",2019,253.01134,31.2044628245338,0,8,"198",0,18845.0567541983,0.355696073332534,3805.85313811898,0,"2019.UBV.18",173,5,4,1,0,4,0,0,1,-0.939641437061175
"1917",19,"dammed","UBV",2019,251.72049,29.6068164473391,1.12902253097848,5,"195",0,15973.4783776377,0.432598302262353,4096.46503931284,4.51609012391392,"2019.UBV.19",180,5,1,1,1,1,0,0,1,0.495453013726279
"1918",19,"dammed","UBV",2019,251.72049,29.6068164473391,1.12902253097848,6,"196",0,16123.9707706227,0.383398109395349,4096.46503931284,4.51609012391392,"2019.UBV.19",180,5,2,1,1,2,0,0,1,0.495453013726279
"1919",19,"dammed","UBV",2019,251.72049,29.6068164473391,1.12902253097848,7,"197",0,15895.3329047409,0.344431713365114,4096.46503931284,4.51609012391392,"2019.UBV.19",180,5,3,1,1,3,0,0,1,0.495453013726279
"1920",19,"dammed","UBV",2019,251.72049,29.6068164473391,1.12902253097848,8,"198",0,16055.5630993114,0.359848973853787,4096.46503931284,4.51609012391392,"2019.UBV.19",180,5,4,1,1,4,0,0,1,0.495453013726279
"1921",19,"undammed","UBV",2019,251.82999,32.6205024440962,0,5,"195",0,16262.1079589245,0.429997382505606,4019.83798536658,0,"2019.UBV.19",180,5,1,1,0,1,0,0,1,-0.939641437061175
"1922",19,"undammed","UBV",2019,251.82999,32.6205024440962,0,6,"196",0,14946.8849047493,0.388219393481469,4019.83798536658,0,"2019.UBV.19",180,5,2,1,0,2,0,0,1,-0.939641437061175
"1923",19,"undammed","UBV",2019,251.82999,32.6205024440962,0,7,"197",0,14310.4561104569,0.357162164933744,4019.83798536658,0,"2019.UBV.19",180,5,3,1,0,3,0,0,1,-0.939641437061175
"1924",19,"undammed","UBV",2019,251.82999,32.6205024440962,0,8,"198",0,15032.3937463798,0.359369645422303,4019.83798536658,0,"2019.UBV.19",180,5,4,1,0,4,0,0,1,-0.939641437061175
"1925",21,"dammed","UBV",2019,193.18059,54.0742086537979,14.9677843478114,5,"195",1909.11313650585,107537.391072681,0.425826072361071,63670.9058882892,11.9742274782491,"2019.UBV.21",201,5,1,1,1,1,7.55491775305912,1,1,2.86545255685787
"1926",21,"dammed","UBV",2019,193.18059,54.0742086537979,14.9677843478114,6,"196",2294.93301342305,107500.815780699,0.402431712942777,63670.9058882892,11.9742274782491,"2019.UBV.21",201,5,2,1,1,2,7.73889458167546,1,1,2.86545255685787
"1927",21,"dammed","UBV",2019,193.18059,54.0742086537979,14.9677843478114,7,"197",3158.85972146287,101838.947073723,0.371179813980642,63670.9058882892,11.9742274782491,"2019.UBV.21",201,5,3,1,1,3,8.05828291365348,1,1,2.86545255685787
"1928",21,"dammed","UBV",2019,193.18059,54.0742086537979,14.9677843478114,8,"198",5812.2142479193,107762.214951938,0.353419199525504,63670.9058882892,11.9742274782491,"2019.UBV.21",201,5,4,1,1,4,8.66788892370878,1,1,2.86545255685787
"1929",21,"undammed","UBV",2019,193.91835,44.6100284713216,1.27349586233191,5,"195",0,62006.1630092247,0.488983355345868,34987.6710115373,2.05402558440631,"2019.UBV.21",201,5,1,1,1,1,0,0,1,-0.286926226098496
"1930",21,"undammed","UBV",2019,193.91835,44.6100284713216,1.27349586233191,6,"196",0,63049.3152790743,0.4682736148615,34987.6710115373,2.05402558440631,"2019.UBV.21",201,5,2,1,1,2,0,0,1,-0.286926226098496
"1931",21,"undammed","UBV",2019,193.91835,44.6100284713216,1.27349586233191,7,"197",0,61242.2235942766,0.438538582514683,34987.6710115373,2.05402558440631,"2019.UBV.21",201,5,3,1,1,3,0,0,1,-0.286926226098496
"1932",21,"undammed","UBV",2019,193.91835,44.6100284713216,1.27349586233191,8,"198",0,62711.4297324386,0.392196847388156,34987.6710115373,2.05402558440631,"2019.UBV.21",201,5,4,1,1,4,0,0,1,-0.286926226098496
"1933",22,"dammed","UBV",2019,171.74188,57.2318192798615,2.41563707223369,5,"195",159.693573710731,32220.0167531331,0.413178936237819,19783.1894927323,6.90182020638197,"2019.UBV.22",212,5,1,1,1,1,5.07949928258937,1,1,1.25357517437514
"1934",22,"dammed","UBV",2019,171.74188,57.2318192798615,2.41563707223369,6,"196",159.693573710731,32636.6498829561,0.395327086723467,19783.1894927323,6.90182020638197,"2019.UBV.22",212,5,2,1,1,2,5.07949928258937,1,1,1.25357517437514
"1935",22,"dammed","UBV",2019,171.74188,57.2318192798615,2.41563707223369,7,"197",646.830790343238,31481.4998973173,0.364911381329563,19783.1894927323,6.90182020638197,"2019.UBV.22",212,5,3,1,1,3,6.47362953623942,1,1,1.25357517437514
"1936",22,"dammed","UBV",2019,171.74188,57.2318192798615,2.41563707223369,8,"198",538.141019012648,32724.2967686971,0.36767698700178,19783.1894927323,6.90182020638197,"2019.UBV.22",212,5,4,1,1,4,6.28997716751086,1,1,1.25357517437514
"1937",22,"undammed","UBV",2019,192.59264,38.3030349224982,0,5,"195",0,25488.0075574688,0.398109271925645,12923.2789084911,0,"2019.UBV.22",212,5,1,1,0,1,0,0,1,-0.939641437061175
"1938",22,"undammed","UBV",2019,192.59264,38.3030349224982,0,6,"196",0,25822.7865120682,0.380736655141179,12923.2789084911,0,"2019.UBV.22",212,5,2,1,0,2,0,0,1,-0.939641437061175
"1939",22,"undammed","UBV",2019,192.59264,38.3030349224982,0,7,"197",0,25190.5976294125,0.356938767965466,12923.2789084911,0,"2019.UBV.22",212,5,3,1,0,3,0,0,1,-0.939641437061175
"1940",22,"undammed","UBV",2019,192.59264,38.3030349224982,0,8,"198",0,25703.8256877226,0.368922675846326,12923.2789084911,0,"2019.UBV.22",212,5,4,1,0,4,0,0,1,-0.939641437061175
"1941",23,"dammed","UBV",2019,171.62082,50.6090086100645,1.14412155162158,5,"195",0,22852.5286139395,0.46808845402547,14233.6678581536,4.57648620648632,"2019.UBV.23",219,5,1,1,1,1,0,0,1,0.514645297443113
"1942",23,"dammed","UBV",2019,171.62082,50.6090086100645,1.14412155162158,6,"196",0,22849.6335654464,0.432579528577796,14233.6678581536,4.57648620648632,"2019.UBV.23",219,5,2,1,1,2,0,0,1,0.514645297443113
"1943",23,"dammed","UBV",2019,171.62082,50.6090086100645,1.14412155162158,7,"197",0,22778.0470338709,0.401112099667264,14233.6678581536,4.57648620648632,"2019.UBV.23",219,5,3,1,1,3,0,0,1,0.514645297443113
"1944",23,"dammed","UBV",2019,171.62082,50.6090086100645,1.14412155162158,8,"198",292.542180548462,22114.0305980608,0.386642547470052,14233.6678581536,4.57648620648632,"2019.UBV.23",219,5,4,1,1,4,5.68202134460972,1,1,0.514645297443113
"1945",23,"undammed","UBV",2019,171.61507,43.0370227189741,0,5,"195",0,20375.8965422088,0.451908446171517,12462.5883186013,0,"2019.UBV.23",219,5,1,1,0,1,0,0,1,-0.939641437061175
"1946",23,"undammed","UBV",2019,171.61507,43.0370227189741,0,6,"196",0,20375.8965422088,0.430830967684669,12462.5883186013,0,"2019.UBV.23",219,5,2,1,0,2,0,0,1,-0.939641437061175
"1947",23,"undammed","UBV",2019,171.61507,43.0370227189741,0,7,"197",328.766695660703,20040.8661119648,0.396297132639625,12462.5883186013,0,"2019.UBV.23",219,5,3,1,0,3,5.79838542158395,1,1,-0.939641437061175
"1948",23,"undammed","UBV",2019,171.61507,43.0370227189741,0,8,"198",352.931711902338,19906.9068505979,0.404903309960869,12462.5883186013,0,"2019.UBV.23",219,5,4,1,0,4,5.86910399029468,1,1,-0.939641437061175
"1949",28,"dammed","UBV",2019,141.1639,60.1213173851668,9.31832363524699,5,"195",2881.34099723521,70474.8246804331,0.502314783183841,38617.1090876013,11.5041032533913,"2019.UBV.28",247,5,1,1,1,1,7.96635808921161,1,1,2.71605946509879
"1950",28,"dammed","UBV",2019,141.1639,60.1213173851668,9.31832363524699,6,"196",2719.9721603272,69714.9960409127,0.487587289708823,38617.1090876013,11.5041032533913,"2019.UBV.28",247,5,2,1,1,2,7.90874450731863,1,1,2.71605946509879
"1951",28,"dammed","UBV",2019,141.1639,60.1213173851668,9.31832363524699,7,"197",2821.63337328831,69694.4767552394,0.449586352717031,38617.1090876013,11.5041032533913,"2019.UBV.28",247,5,3,1,1,3,7.94542554850822,1,1,2.71605946509879
"1952",28,"dammed","UBV",2019,141.1639,60.1213173851668,9.31832363524699,8,"198",4746.94135425044,67382.8914441576,0.434097142655074,38617.1090876013,11.5041032533913,"2019.UBV.28",247,5,4,1,1,4,8.46546640397898,1,1,2.71605946509879
"1953",28,"undammed","UBV",2019,168.24902,52.1542571040847,3.47999894191947,5,"195",325.391127838574,99329.0019128238,0.499069704409749,58697.6935372949,4.29629499002404,"2019.UBV.28",247,5,1,1,1,1,5.7880964408534,1,1,0.425607911369887
"1954",28,"undammed","UBV",2019,168.24902,52.1542571040847,3.47999894191947,6,"196",325.391127838574,99535.5767117669,0.459031677207279,58697.6935372949,4.29629499002404,"2019.UBV.28",247,5,2,1,1,2,5.7880964408534,1,1,0.425607911369887
"1955",28,"undammed","UBV",2019,168.24902,52.1542571040847,3.47999894191947,7,"197",325.391127838574,98917.1652600756,0.432078628288972,58697.6935372949,4.29629499002404,"2019.UBV.28",247,5,3,1,1,3,5.7880964408534,1,1,0.425607911369887
"1956",28,"undammed","UBV",2019,168.24902,52.1542571040847,3.47999894191947,8,"198",412.592447128015,99773.7328979193,0.4312286795361,58697.6935372949,4.29629499002404,"2019.UBV.28",247,5,4,1,1,4,6.02488106173158,1,1,0.425607911369887
"1957",29,"dammed","UBV",2019,140.31108,58.1725403638297,3.66233499040141,5,"195",0,44320.7920873605,0.480061079662577,17910.7342396677,7.18104900078708,"2019.UBV.29",254,5,1,1,1,1,0,0,1,1.34230672807663
"1958",29,"dammed","UBV",2019,140.31108,58.1725403638297,3.66233499040141,6,"196",0,44320.7920873605,0.476449120210515,17910.7342396677,7.18104900078708,"2019.UBV.29",254,5,2,1,1,2,0,0,1,1.34230672807663
"1959",29,"dammed","UBV",2019,140.31108,58.1725403638297,3.66233499040141,7,"197",0,44320.7920873605,0.44434737473925,17910.7342396677,7.18104900078708,"2019.UBV.29",254,5,3,1,1,3,0,0,1,1.34230672807663
"1960",29,"dammed","UBV",2019,140.31108,58.1725403638297,3.66233499040141,8,"198",0,44320.7920873605,0.438449324332368,17910.7342396677,7.18104900078708,"2019.UBV.29",254,5,4,1,1,4,0,0,1,1.34230672807663
"1961",29,"undammed","UBV",2019,139.11267,45.0179908987883,0,5,"195",0,45428.8788443173,0.493802108946131,15346.0438756496,0,"2019.UBV.29",254,5,1,1,0,1,0,0,1,-0.939641437061175
"1962",29,"undammed","UBV",2019,139.11267,45.0179908987883,0,6,"196",0,45388.1027905633,0.472010143674524,15346.0438756496,0,"2019.UBV.29",254,5,2,1,0,2,0,0,1,-0.939641437061175
"1963",29,"undammed","UBV",2019,139.11267,45.0179908987883,0,7,"197",0,45052.4647907332,0.43660055727223,15346.0438756496,0,"2019.UBV.29",254,5,3,1,0,3,0,0,1,-0.939641437061175
"1964",29,"undammed","UBV",2019,139.11267,45.0179908987883,0,8,"198",0,45415.9804589664,0.441427968339787,15346.0438756496,0,"2019.UBV.29",254,5,4,1,0,4,0,0,1,-0.939641437061175
"1965",34,"dammed","UBV",2019,126.431,60.7928982281085,6.09706990389085,5,"195",0,63797.7055732877,0.528491350111,27490.4817805886,9.67788873633468,"2019.UBV.34",274,5,1,1,1,1,0,0,1,2.13573660894104
"1966",34,"dammed","UBV",2019,126.431,60.7928982281085,6.09706990389085,6,"196",0,63663.8150512097,0.505294689762331,27490.4817805886,9.67788873633468,"2019.UBV.34",274,5,2,1,1,2,0,0,1,2.13573660894104
"1967",34,"dammed","UBV",2019,126.431,60.7928982281085,6.09706990389085,7,"197",0,62912.8533541212,0.475437389321947,27490.4817805886,9.67788873633468,"2019.UBV.34",274,5,3,1,1,3,0,0,1,2.13573660894104
"1968",34,"dammed","UBV",2019,126.431,60.7928982281085,6.09706990389085,8,"198",0,64183.3137410482,0.45218496818705,27490.4817805886,9.67788873633468,"2019.UBV.34",274,5,4,1,1,4,0,0,1,2.13573660894104
"1969",34,"undammed","UBV",2019,126.05076,51.2560020739406,0,5,"195",0,61145.7259957407,0.489878531551145,35354.7236347497,0,"2019.UBV.34",274,5,1,1,0,1,0,0,1,-0.939641437061175
"1970",34,"undammed","UBV",2019,126.05076,51.2560020739406,0,6,"196",0,61222.7947731766,0.463488330866684,35354.7236347497,0,"2019.UBV.34",274,5,2,1,0,2,0,0,1,-0.939641437061175
"1971",34,"undammed","UBV",2019,126.05076,51.2560020739406,0,7,"197",0,59453.3671892952,0.433165005926003,35354.7236347497,0,"2019.UBV.34",274,5,3,1,0,3,0,0,1,-0.939641437061175
"1972",34,"undammed","UBV",2019,126.05076,51.2560020739406,0,8,"198",169.690724198024,61225.9535584394,0.439491307993527,35354.7236347497,0,"2019.UBV.34",274,5,4,1,0,4,5.13985328853497,1,1,-0.939641437061175
"1973",36,"dammed","UBV",2019,124.22462,57.5162273916785,2.52272831373729,5,"195",0,57133.1511597577,0.402437344814805,31824.680409871,6.30682078434322,"2019.UBV.36",282,5,1,1,1,1,0,0,1,1.06450003518161
"1974",36,"dammed","UBV",2019,124.22462,57.5162273916785,2.52272831373729,6,"196",0,56932.1920655494,0.334002123171885,31824.680409871,6.30682078434322,"2019.UBV.36",282,5,2,1,1,2,0,0,1,1.06450003518161
"1975",36,"dammed","UBV",2019,124.22462,57.5162273916785,2.52272831373729,7,"197",0,56396.9267698999,0.292967361280029,31824.680409871,6.30682078434322,"2019.UBV.36",282,5,3,1,1,3,0,0,1,1.06450003518161
"1976",36,"dammed","UBV",2019,124.22462,57.5162273916785,2.52272831373729,8,"198",0,56398.515296218,0.385608628895236,31824.680409871,6.30682078434322,"2019.UBV.36",282,5,4,1,1,4,0,0,1,1.06450003518161
"1977",36,"undammed","UBV",2019,124.59335,72.806069057135,0,5,"195",0,27920.7303910798,0.419229804962775,15325.0362278372,0,"2019.UBV.36",282,5,1,1,0,1,0,0,1,-0.939641437061175
"1978",36,"undammed","UBV",2019,124.59335,72.806069057135,0,6,"196",0,28052.7795635149,0.364071432434933,15325.0362278372,0,"2019.UBV.36",282,5,2,1,0,2,0,0,1,-0.939641437061175
"1979",36,"undammed","UBV",2019,124.59335,72.806069057135,0,7,"197",0,27419.3625126857,0.324088746653395,15325.0362278372,0,"2019.UBV.36",282,5,3,1,0,3,0,0,1,-0.939641437061175
"1980",36,"undammed","UBV",2019,124.59335,72.806069057135,0,8,"198",4627.39359610034,20445.7971116907,0.353456900034915,15325.0362278372,0,"2019.UBV.36",282,5,4,1,0,4,8.43996513139141,1,1,-0.939641437061175
"1981",37,"dammed","UBV",2019,117.33938,66.5156270494794,1.25431767125128,5,"195",0,28321.5228041705,0.618638454934682,21144.5525821373,5.01727068500512,"2019.UBV.37",286,5,1,1,1,1,0,0,1,0.654714990863525
"1982",37,"dammed","UBV",2019,117.33938,66.5156270494794,1.25431767125128,6,"196",0,28321.5228041705,0.508205470214156,21144.5525821373,5.01727068500512,"2019.UBV.37",286,5,2,1,1,2,0,0,1,0.654714990863525
"1983",37,"dammed","UBV",2019,117.33938,66.5156270494794,1.25431767125128,7,"197",0,28321.5228041705,0.506603209186811,21144.5525821373,5.01727068500512,"2019.UBV.37",286,5,3,1,1,3,0,0,1,0.654714990863525
"1984",37,"dammed","UBV",2019,117.33938,66.5156270494794,1.25431767125128,8,"198",20796.6795058021,2612.32530065798,0.419604089328319,21144.5525821373,5.01727068500512,"2019.UBV.37",286,5,4,1,1,4,9.94259669724483,1,1,0.654714990863525
"1985",37,"undammed","UBV",2019,94.9247,62.2547876197771,0,5,"195",0,27469.8762812596,0.552882743882334,17906.211091198,0,"2019.UBV.37",286,5,1,1,0,1,0,0,1,-0.939641437061175
"1986",37,"undammed","UBV",2019,94.9247,62.2547876197771,0,6,"196",0,27469.8762812596,0.58450984459316,17906.211091198,0,"2019.UBV.37",286,5,2,1,0,2,0,0,1,-0.939641437061175
"1987",37,"undammed","UBV",2019,94.9247,62.2547876197771,0,7,"197",0,27469.8762812596,0.626492304511712,17906.211091198,0,"2019.UBV.37",286,5,3,1,0,3,0,0,1,-0.939641437061175
"1988",37,"undammed","UBV",2019,94.9247,62.2547876197771,0,8,"198",0,27469.8762812596,0.63354391691223,17906.211091198,0,"2019.UBV.37",286,5,4,1,0,4,0,0,1,-0.939641437061175
"1989",1,"dammed","UBV",2021,2213.4539,32.0689847791141,1.1120426991242,6,"216",0,6241.93034380744,0.266965817333789,2178.36575700343,4.4481707964968,"2021.UBV.1",14,5,6,2,1,6,0,0,1,0.473870041021329
"1990",1,"dammed","UBV",2021,2213.4539,32.0689847791141,1.1120426991242,7,"217",120.415554988618,7445.51315496108,0.280174780776967,2178.36575700343,4.4481707964968,"2021.UBV.1",14,5,7,2,1,7,4.79921900047196,1,1,0.473870041021329
"1991",1,"dammed","UBV",2021,2213.4539,32.0689847791141,1.1120426991242,8,"218",195.970820792049,7650.87255880318,0.277669968161604,2178.36575700343,4.4481707964968,"2021.UBV.1",14,5,8,2,1,8,5.2830555999606,1,1,0.473870041021329
"1992",1,"undammed","UBV",2021,2213.4539,35.8522193198582,0,6,"216",0,5201.40010890587,0.248074516414573,3977.23939602077,0,"2021.UBV.1",14,5,6,2,0,6,0,0,1,-0.939641437061175
"1993",1,"undammed","UBV",2021,2213.4539,35.8522193198582,0,7,"217",0,10191.6710971608,0.251167430801024,3977.23939602077,0,"2021.UBV.1",14,5,7,2,0,7,0,0,1,-0.939641437061175
"1994",1,"undammed","UBV",2021,2213.4539,35.8522193198582,0,8,"218",0,11483.6245519301,0.252698313408666,3977.23939602077,0,"2021.UBV.1",14,5,8,2,0,8,0,0,1,-0.939641437061175
"1995",2,"dammed","UBV",2021,2213.4539,31.1615548170916,1.1120426991242,6,"216",69.0557610874083,9095.16536030489,0.244970429202758,2621.1023350358,4.4481707964968,"2021.UBV.2",26,5,6,2,1,6,4.24929151190533,1,1,0.473870041021329
"1996",2,"dammed","UBV",2021,2213.4539,31.1615548170916,1.1120426991242,7,"217",137.58411549657,11501.9261544919,0.269318806021971,2621.1023350358,4.4481707964968,"2021.UBV.2",26,5,7,2,1,7,4.93147747338109,1,1,0.473870041021329
"1997",2,"dammed","UBV",2021,2213.4539,31.1615548170916,1.1120426991242,8,"218",150.71179802932,10557.9421349021,0.276186002691151,2621.1023350358,4.4481707964968,"2021.UBV.2",26,5,8,2,1,8,5.02198265544193,1,1,0.473870041021329
"1998",2,"undammed","UBV",2021,2213.4539,30.1977545629567,0,6,"216",0,7507.93897624296,0.228049777799905,2954.8261397332,0,"2021.UBV.2",26,5,6,2,0,6,0,0,1,-0.939641437061175
"1999",2,"undammed","UBV",2021,2213.4539,30.1977545629567,0,7,"217",0,13174.1491689345,0.260103226507022,2954.8261397332,0,"2021.UBV.2",26,5,7,2,0,7,0,0,1,-0.939641437061175
"2000",2,"undammed","UBV",2021,2213.4539,30.1977545629567,0,8,"218",0,13398.657834341,0.263766074414251,2954.8261397332,0,"2021.UBV.2",26,5,8,2,0,8,0,0,1,-0.939641437061175
"2001",3,"dammed","UBV",2021,2213.4539,33.5428096358007,1.11102167386747,6,"216",0,9621.15389604755,0.298641587791732,4448.50841443241,4.44408669546988,"2021.UBV.3",33,5,6,2,1,6,0,0,1,0.472572221323456
"2002",3,"dammed","UBV",2021,2213.4539,33.5428096358007,1.11102167386747,7,"217",0,12725.1821623559,0.295122529603268,4448.50841443241,4.44408669546988,"2021.UBV.3",33,5,7,2,1,7,0,0,1,0.472572221323456
"2003",3,"dammed","UBV",2021,2213.4539,33.5428096358007,1.11102167386747,8,"218",0,12498.2745235368,0.29997178889713,4448.50841443241,4.44408669546988,"2021.UBV.3",33,5,8,2,1,8,0,0,1,0.472572221323456
"2004",3,"undammed","UBV",2021,2213.4539,38.4830046928107,0,6,"216",28.8748475808723,8967.66635329303,0.26020784006205,4628.98940950632,0,"2021.UBV.3",33,5,6,2,0,6,3.39701690834317,1,1,-0.939641437061175
"2005",3,"undammed","UBV",2021,2213.4539,38.4830046928107,0,7,"217",75.4895986370012,14155.9342687569,0.267186652600893,4628.98940950632,0,"2021.UBV.3",33,5,7,2,0,7,4.33715476605894,1,1,-0.939641437061175
"2006",3,"undammed","UBV",2021,2213.4539,38.4830046928107,0,8,"218",152.912277522975,12739.9758815691,0.271851806710534,4628.98940950632,0,"2021.UBV.3",33,5,8,2,0,8,5.03638281364064,1,1,-0.939641437061175
"2007",4,"dammed","UBV",2021,2208.4133,32.4207930989433,1.11864148793411,6,"216",543.078784545263,5091.22802246692,0.227848828379533,3180.98955544829,4.47456595173644,"2021.UBV.4",41,5,6,2,1,6,6.29909406090162,1,1,0.482257725893139
"2008",4,"dammed","UBV",2021,2208.4133,32.4207930989433,1.11864148793411,7,"217",639.381314449918,6819.85542204614,0.266889760050331,3180.98955544829,4.47456595173644,"2021.UBV.4",41,5,7,2,1,7,6.46206380276108,1,1,0.482257725893139
"2009",4,"dammed","UBV",2021,2208.4133,32.4207930989433,1.11864148793411,8,"218",310.569352678692,7441.29993866565,0.2822446720762,3180.98955544829,4.47456595173644,"2021.UBV.4",41,5,8,2,1,8,5.74162195446976,1,1,0.482257725893139
"2010",4,"undammed","UBV",2021,2208.5686,31.6285675333316,0,6,"216",0,3456.05331011006,0.233167477539792,3223.82500883937,0,"2021.UBV.4",41,5,6,2,0,6,0,0,1,-0.939641437061175
"2011",4,"undammed","UBV",2021,2208.5686,31.6285675333316,0,7,"217",0,11339.6035499722,0.242257286729166,3223.82500883937,0,"2021.UBV.4",41,5,7,2,0,7,0,0,1,-0.939641437061175
"2012",4,"undammed","UBV",2021,2208.5686,31.6285675333316,0,8,"218",0,12343.8763930676,0.260301229337156,3223.82500883937,0,"2021.UBV.4",41,5,8,2,0,8,0,0,1,-0.939641437061175
"2013",5,"dammed","UBV",2021,2199.7544,38.6156173464749,1.10813582584008,6,"216",0,1400.31680375641,0.233259961410605,4836.68530085683,4.43254330336032,"2021.UBV.5",50,5,6,2,1,6,0,0,1,0.468904035457994
"2014",5,"dammed","UBV",2021,2199.7544,38.6156173464749,1.10813582584008,7,"217",0,8823.0971869076,0.247216781579258,4836.68530085683,4.43254330336032,"2021.UBV.5",50,5,7,2,1,7,0,0,1,0.468904035457994
"2015",5,"dammed","UBV",2021,2199.7544,38.6156173464749,1.10813582584008,8,"218",0,7922.43724344291,0.254091350234973,4836.68530085683,4.43254330336032,"2021.UBV.5",50,5,8,2,1,8,0,0,1,0.468904035457994
"2016",5,"undammed","UBV",2021,2199.7944,32.4638915557273,0,6,"216",0,334.068827849743,0.206069722424986,3304.7362255156,0,"2021.UBV.5",50,5,6,2,0,6,0,0,1,-0.939641437061175
"2017",5,"undammed","UBV",2021,2199.7944,32.4638915557273,0,7,"217",0,6484.04330752504,0.225634809759551,3304.7362255156,0,"2021.UBV.5",50,5,7,2,0,7,0,0,1,-0.939641437061175
"2018",5,"undammed","UBV",2021,2199.7944,32.4638915557273,0,8,"218",0,7898.51938847561,0.22996265894184,3304.7362255156,0,"2021.UBV.5",50,5,8,2,0,8,0,0,1,-0.939641437061175
"2019",6,"dammed","UBV",2021,1542.3789,40.7746196447604,1.12334346739968,6,"216",1187.96393070595,2689.92605572869,0.201743391181376,4127.13625171781,4.49337386959872,"2021.UBV.6",59,5,6,2,1,6,7.08083756040722,1,1,0.488234386636045
"2020",6,"dammed","UBV",2021,1542.3789,40.7746196447604,1.12334346739968,7,"217",1553.61937843912,7530.39499775008,0.334879063520024,4127.13625171781,4.49337386959872,"2021.UBV.6",59,5,7,2,1,7,7.34898602194364,1,1,0.488234386636045
"2021",6,"dammed","UBV",2021,1542.3789,40.7746196447604,1.12334346739968,8,"218",1670.65942663258,8905.6643231261,0.369624054648209,4127.13625171781,4.49337386959872,"2021.UBV.6",59,5,8,2,1,8,7.42157208069118,1,1,0.488234386636045
"2022",6,"undammed","UBV",2021,1542.8043,37.1031788619566,0,6,"216",621.343517666938,183.191447957357,0.206364053539383,4357.16103979945,0,"2021.UBV.6",59,5,6,2,0,6,6.43349221949644,1,1,-0.939641437061175
"2023",6,"undammed","UBV",2021,1542.8043,37.1031788619566,0,7,"217",640.176801070279,8624.62809660668,0.282219467079708,4357.16103979945,0,"2021.UBV.6",59,5,7,2,0,7,6.4633052395916,1,1,-0.939641437061175
"2024",6,"undammed","UBV",2021,1542.8043,37.1031788619566,0,8,"218",535.073240932296,10558.889934106,0.304490570526234,4357.16103979945,0,"2021.UBV.6",59,5,8,2,0,8,6.28427079526633,1,1,-0.939641437061175
"2025",7,"dammed","UBV",2021,1541.942,35.1633067909404,2.23135758463606,6,"216",594.481511220979,10668.1787124335,0.217451591670613,6278.87187418342,4.85077735790448,"2021.UBV.7",68,5,6,2,1,6,6.38937034082551,1,1,0.60180779830108
"2026",7,"dammed","UBV",2021,1541.942,35.1633067909404,2.23135758463606,7,"217",1786.53519801088,17553.096850556,0.349549341585981,6278.87187418342,4.85077735790448,"2021.UBV.7",68,5,7,2,1,7,7.48859296556919,1,1,0.60180779830108
"2027",7,"dammed","UBV",2021,1541.942,35.1633067909404,2.23135758463606,8,"218",323.360454923966,23338.2578067854,0.382497651920255,6278.87187418342,4.85077735790448,"2021.UBV.7",68,5,8,2,1,8,5.78185541260332,1,1,0.60180779830108
"2028",7,"undammed","UBV",2021,1542.2236,35.6731259110319,0,6,"216",162.696040565126,358.01563206093,0.202883094667742,3970.3255212903,0,"2021.UBV.7",68,5,6,2,0,6,5.09801129694423,1,1,-0.939641437061175
"2029",7,"undammed","UBV",2021,1542.2236,35.6731259110319,0,7,"217",729.622892862909,7670.0951616175,0.319437028298426,3970.3255212903,0,"2021.UBV.7",68,5,7,2,0,7,6.5938974482022,1,1,-0.939641437061175
"2030",7,"undammed","UBV",2021,1542.2236,35.6731259110319,0,8,"218",137.70393299215,9858.10751106412,0.358236030002855,3970.3255212903,0,"2021.UBV.7",68,5,8,2,0,8,4.93234168302655,1,1,-0.939641437061175
"2031",8,"dammed","UBV",2021,1540.8842,37.6291694398261,1.11104212999552,6,"216",0,668.20450963039,0.229484267043203,4353.37702974677,4.44416851998208,"2021.UBV.8",79,5,6,2,1,6,0,0,1,0.472598222997509
"2032",8,"dammed","UBV",2021,1540.8842,37.6291694398261,1.11104212999552,7,"217",764.619067288146,11986.848463799,0.239519581254321,4353.37702974677,4.44416851998208,"2021.UBV.8",79,5,7,2,1,7,6.64068474485493,1,1,0.472598222997509
"2033",8,"dammed","UBV",2021,1540.8842,37.6291694398261,1.11104212999552,8,"218",0,15522.3954986273,0.276777185393902,4353.37702974677,4.44416851998208,"2021.UBV.8",79,5,8,2,1,8,0,0,1,0.472598222997509
"2034",8,"undammed","UBV",2021,1540.8842,34.9994662986064,0,6,"216",122.534531443259,3708.44901111079,0.264144271904092,3546.16641238332,0,"2021.UBV.8",79,5,6,2,0,6,4.81652072381334,1,1,-0.939641437061175
"2035",8,"undammed","UBV",2021,1540.8842,34.9994662986064,0,7,"217",590.995272047847,10986.2247569664,0.262040026083938,3546.16641238332,0,"2021.UBV.8",79,5,7,2,0,7,6.38349864844645,1,1,-0.939641437061175
"2036",8,"undammed","UBV",2021,1540.8842,34.9994662986064,0,8,"218",0,15244.287979485,0.29270251086913,3546.16641238332,0,"2021.UBV.8",79,5,8,2,0,8,0,0,1,-0.939641437061175
"2037",10,"dammed","UBV",2021,1527.8373,35.2741839978683,1.17163437366079,6,"216",0,7836.36430568321,0.222413161305717,5200.85205742717,4.68653749464316,"2021.UBV.10",96,5,6,2,1,6,0,0,1,0.549616697172182
"2038",10,"dammed","UBV",2021,1527.8373,35.2741839978683,1.17163437366079,7,"217",0,17937.0149379356,0.246460438118192,5200.85205742717,4.68653749464316,"2021.UBV.10",96,5,7,2,1,7,0,0,1,0.549616697172182
"2039",10,"dammed","UBV",2021,1527.8373,35.2741839978683,1.17163437366079,8,"218",0,16072.0515827254,0.273053462307234,5200.85205742717,4.68653749464316,"2021.UBV.10",96,5,8,2,1,8,0,0,1,0.549616697172182
"2040",10,"undammed","UBV",2021,1529.1879,28.7883865398366,0,6,"216",0,6361.82295280905,0.221921614972148,2762.6947427094,0,"2021.UBV.10",96,5,6,2,0,6,0,0,1,-0.939641437061175
"2041",10,"undammed","UBV",2021,1529.1879,28.7883865398366,0,7,"217",0,11022.0579921648,0.264037169357309,2762.6947427094,0,"2021.UBV.10",96,5,7,2,0,7,0,0,1,-0.939641437061175
"2042",10,"undammed","UBV",2021,1529.1879,28.7883865398366,0,8,"218",0,8528.86388597675,0.250979920086036,2762.6947427094,0,"2021.UBV.10",96,5,8,2,0,8,0,0,1,-0.939641437061175
"2043",11,"dammed","UBV",2021,1526.188,40.3176291762493,1.13815338538204,6,"216",0,276.773472984164,0.234172476809767,6824.17691637576,4.55261354152816,"2021.UBV.11",105,5,6,2,1,6,0,0,1,0.507059193519822
"2044",11,"dammed","UBV",2021,1526.188,40.3176291762493,1.13815338538204,7,"217",155.750489645378,7914.4858296413,0.23613066775875,6824.17691637576,4.55261354152816,"2021.UBV.11",105,5,7,2,1,7,5.05465530324262,1,1,0.507059193519822
"2045",11,"dammed","UBV",2021,1526.188,40.3176291762493,1.13815338538204,8,"218",0,7070.25076772652,0.221627048349952,6824.17691637576,4.55261354152816,"2021.UBV.11",105,5,8,2,1,8,0,0,1,0.507059193519822
"2046",11,"undammed","UBV",2021,1527.6534,31.3932168257167,0,6,"216",0,5434.07991048775,0.220095996083408,3106.95102185011,0,"2021.UBV.11",105,5,6,2,0,6,0,0,1,-0.939641437061175
"2047",11,"undammed","UBV",2021,1527.6534,31.3932168257167,0,7,"217",0,12143.250424673,0.255409053546659,3106.95102185011,0,"2021.UBV.11",105,5,7,2,0,7,0,0,1,-0.939641437061175
"2048",11,"undammed","UBV",2021,1527.6534,31.3932168257167,0,8,"218",0,10960.7746183508,0.244868936184599,3106.95102185011,0,"2021.UBV.11",105,5,8,2,0,8,0,0,1,-0.939641437061175
"2049",12,"dammed","UBV",2021,1521.873,45.3998596117198,1.11520129705488,6,"216",0,16200.9672757616,0.229295255208909,17811.6198396385,4.46080518821952,"2021.UBV.12",115,5,6,2,1,6,0,0,1,0.477884917818039
"2050",12,"dammed","UBV",2021,1521.873,45.3998596117198,1.11520129705488,7,"217",336.750255985587,21285.1786761415,0.301374317842258,17811.6198396385,4.46080518821952,"2021.UBV.12",115,5,7,2,1,7,5.82230673475442,1,1,0.477884917818039
"2051",12,"dammed","UBV",2021,1521.873,45.3998596117198,1.11520129705488,8,"218",0,19643.1572323967,0.260150113613319,17811.6198396385,4.46080518821952,"2021.UBV.12",115,5,8,2,1,8,0,0,1,0.477884917818039
"2052",12,"undammed","UBV",2021,1523.1312,32.7500620343617,0,6,"216",0,4871.49141208424,0.222826079143722,3518.55569550395,0,"2021.UBV.12",115,5,6,2,0,6,0,0,1,-0.939641437061175
"2053",12,"undammed","UBV",2021,1523.1312,32.7500620343617,0,7,"217",0,11668.5179632449,0.276013888651144,3518.55569550395,0,"2021.UBV.12",115,5,7,2,0,7,0,0,1,-0.939641437061175
"2054",12,"undammed","UBV",2021,1523.1312,32.7500620343617,0,8,"218",0,12163.2937957165,0.26247735611195,3518.55569550395,0,"2021.UBV.12",115,5,8,2,0,8,0,0,1,-0.939641437061175
"2055",13,"dammed","UBV",2021,1518.1619,44.8745400067974,1.12834653947995,6,"216",0,11693.4193837783,0.223574618363328,13361.9764924645,4.5133861579198,"2021.UBV.13",127,5,6,2,1,6,0,0,1,0.494593764577832
"2056",13,"dammed","UBV",2021,1518.1619,44.8745400067974,1.12834653947995,7,"217",0,17242.6133600572,0.290595818216095,13361.9764924645,4.5133861579198,"2021.UBV.13",127,5,7,2,1,7,0,0,1,0.494593764577832
"2057",13,"dammed","UBV",2021,1518.1619,44.8745400067974,1.12834653947995,8,"218",0,17714.0086035336,0.271441872730724,13361.9764924645,4.5133861579198,"2021.UBV.13",127,5,8,2,1,8,0,0,1,0.494593764577832
"2058",13,"undammed","UBV",2021,1518.57,44.1531862237071,0,6,"216",0,7762.10255937763,0.234776822059225,18088.8586351126,0,"2021.UBV.13",127,5,6,2,0,6,0,0,1,-0.939641437061175
"2059",13,"undammed","UBV",2021,1518.57,44.1531862237071,0,7,"217",677.32147361344,22291.542060134,0.260259010351102,18088.8586351126,0,"2021.UBV.13",127,5,7,2,0,7,6.5196213254392,1,1,-0.939641437061175
"2060",13,"undammed","UBV",2021,1518.57,44.1531862237071,0,8,"218",0,13880.1224787693,0.22875231533689,18088.8586351126,0,"2021.UBV.13",127,5,8,2,0,8,0,0,1,-0.939641437061175
"2061",14,"dammed","UBV",2021,1517.9608,49.4560890591867,1.13154862477512,6,"216",82.934182015821,15424.9671824736,0.225713387570694,20676.5921100378,4.52619449910048,"2021.UBV.14",137,5,6,2,1,6,4.43003294427888,1,1,0.498663917929036
"2062",14,"dammed","UBV",2021,1517.9608,49.4560890591867,1.13154862477512,7,"217",408.76102072468,27812.4436824125,0.278491251284801,20676.5921100378,4.52619449910048,"2021.UBV.14",137,5,7,2,1,7,6.01557411347867,1,1,0.498663917929036
"2063",14,"dammed","UBV",2021,1517.9608,49.4560890591867,1.13154862477512,8,"218",0,22240.1603512932,0.271360365275344,20676.5921100378,4.52619449910048,"2021.UBV.14",137,5,8,2,1,8,0,0,1,0.498663917929036
"2064",14,"undammed","UBV",2021,1516.8405,41.5419143723036,0,6,"216",0,9801.82845455993,0.242618448271859,16525.8082874566,0,"2021.UBV.14",137,5,6,2,0,6,0,0,1,-0.939641437061175
"2065",14,"undammed","UBV",2021,1516.8405,41.5419143723036,0,7,"217",82.260972673519,17321.4438114241,0.273947797654999,16525.8082874566,0,"2021.UBV.14",137,5,7,2,0,7,4.4219799240613,1,1,-0.939641437061175
"2066",14,"undammed","UBV",2021,1516.8405,41.5419143723036,0,8,"218",0,18122.2958971211,0.257937444324125,16525.8082874566,0,"2021.UBV.14",137,5,8,2,0,8,0,0,1,-0.939641437061175
"2067",15,"dammed","UBV",2021,1495.9867,45.1428145082514,1.11847041907033,6,"216",0,2959.92874678069,0.217030747194993,6802.4479245618,4.47388167628132,"2021.UBV.15",143,5,6,2,1,6,0,0,1,0.48204028118289
"2068",15,"dammed","UBV",2021,1495.9867,45.1428145082514,1.11847041907033,7,"217",877.871044442467,8866.63990900376,0.287564945958475,6802.4479245618,4.47388167628132,"2021.UBV.15",143,5,7,2,1,7,6.77863817980371,1,1,0.48204028118289
"2069",15,"dammed","UBV",2021,1495.9867,45.1428145082514,1.11847041907033,8,"218",0,10729.9682313807,0.309804179216663,6802.4479245618,4.47388167628132,"2021.UBV.15",143,5,8,2,1,8,0,0,1,0.48204028118289
"2070",15,"undammed","UBV",2021,1495.9982,48.1852907767721,0,6,"216",84.9037097559256,7885.77870411592,0.230544384667327,13108.1857272461,0,"2021.UBV.15",143,5,6,2,0,6,4.45322701497183,1,1,-0.939641437061175
"2071",15,"undammed","UBV",2021,1495.9982,48.1852907767721,0,7,"217",1810.75410711648,27005.7284533033,0.30285403216591,13108.1857272461,0,"2021.UBV.15",143,5,7,2,0,7,7.50205077492016,1,1,-0.939641437061175
"2072",15,"undammed","UBV",2021,1495.9982,48.1852907767721,0,8,"218",517.409622907872,28539.9862053665,0.334306124763147,13108.1857272461,0,"2021.UBV.15",143,5,8,2,0,8,6.25076570757387,1,1,-0.939641437061175
"2073",16,"dammed","UBV",2021,1492.7883,48.7337913482639,1.12084651966496,6,"216",144.381775105701,3040.54005539838,0.227880718104785,8901.31181697547,4.48338607865984,"2021.UBV.16",154,5,6,2,1,6,4.97936321409132,1,1,0.485060529835422
"2074",16,"dammed","UBV",2021,1492.7883,48.7337913482639,1.12084651966496,7,"217",835.936298684279,17588.8880123363,0.300109334275308,8901.31181697547,4.48338607865984,"2021.UBV.16",154,5,7,2,1,7,6.72974796088387,1,1,0.485060529835422
"2075",16,"dammed","UBV",2021,1492.7883,48.7337913482639,1.12084651966496,8,"218",618.041470365197,18272.9196944891,0.311895697828648,8901.31181697547,4.48338607865984,"2021.UBV.16",154,5,8,2,1,8,6.42817226618393,1,1,0.485060529835422
"2076",16,"undammed","UBV",2021,1493.2592,46.2176240728998,0,6,"216",96.2201495890524,1156.54121422861,0.202402136683336,8863.31438133866,0,"2021.UBV.16",154,5,6,2,0,6,4.57697799028155,1,1,-0.939641437061175
"2077",16,"undammed","UBV",2021,1493.2592,46.2176240728998,0,7,"217",1116.01926372799,11716.1310221354,0.26836537518997,8863.31438133866,0,"2021.UBV.16",154,5,7,2,0,7,7.01841904487214,1,1,-0.939641437061175
"2078",16,"undammed","UBV",2021,1493.2592,46.2176240728998,0,8,"218",789.070851301446,12149.8028182684,0.295224591134428,8863.31438133866,0,"2021.UBV.16",154,5,8,2,0,8,6.67212262663129,1,1,-0.939641437061175
"2079",17,"dammed","UBV",2021,1486.64,45.5945511610754,1.11110191844123,5,"215",0,0,NA,5356.19945666566,4.44440767376492,"2021.UBV.17",163,5,5,2,1,5,0,0,0,0.472674219768437
"2080",17,"dammed","UBV",2021,1486.64,45.5945511610754,1.11110191844123,6,"216",0,3917.33582249062,0.224559528660547,5356.19945666566,4.44440767376492,"2021.UBV.17",163,5,6,2,1,6,0,0,1,0.472674219768437
"2081",17,"dammed","UBV",2021,1486.64,45.5945511610754,1.11110191844123,7,"217",2083.94805126284,15286.5771443087,0.373159647111563,5356.19945666566,4.44440767376492,"2021.UBV.17",163,5,7,2,1,7,7.64249921846104,1,1,0.472674219768437
"2082",17,"dammed","UBV",2021,1486.64,45.5945511610754,1.11110191844123,8,"218",85.5538128415743,17296.3707221835,0.340710023100206,5356.19945666566,4.44440767376492,"2021.UBV.17",163,5,8,2,1,8,4.4607663342807,1,1,0.472674219768437
"2083",17,"undammed","UBV",2021,1486.64,42.863483567467,0,6,"216",0,200.308342428768,0.201572574552136,4638.36497937888,0,"2021.UBV.17",163,5,6,2,0,6,0,0,1,-0.939641437061175
"2084",17,"undammed","UBV",2021,1486.64,42.863483567467,0,7,"217",226.202887970793,6516.5350395053,0.322138547786934,4638.36497937888,0,"2021.UBV.17",163,5,7,2,0,7,5.42584339790526,1,1,-0.939641437061175
"2085",17,"undammed","UBV",2021,1486.64,42.863483567467,0,8,"218",0,7716.54178239411,0.305871600713724,4638.36497937888,0,"2021.UBV.17",163,5,8,2,0,8,0,0,1,-0.939641437061175
"2086",18,"dammed","UBV",2021,1399.9723,33.0016818096456,1.14035667066203,5,"215",0,133.741828918457,0.253024566173553,3307.05191120505,4.56142668264812,"2021.UBV.18",174,5,5,2,1,5,0,0,1,0.509859777557835
"2087",18,"dammed","UBV",2021,1399.9723,33.0016818096456,1.14035667066203,6,"216",0,1269.24309674431,0.230238272196125,3307.05191120505,4.56142668264812,"2021.UBV.18",174,5,6,2,1,6,0,0,1,0.509859777557835
"2088",18,"dammed","UBV",2021,1399.9723,33.0016818096456,1.14035667066203,7,"217",0,16489.3828478046,0.336312991080054,3307.05191120505,4.56142668264812,"2021.UBV.18",174,5,7,2,1,7,0,0,1,0.509859777557835
"2089",18,"dammed","UBV",2021,1399.9723,33.0016818096456,1.14035667066203,8,"218",0,18310.6401897954,0.447962590642261,3307.05191120505,4.56142668264812,"2021.UBV.18",174,5,8,2,1,8,0,0,1,0.509859777557835
"2090",18,"undammed","UBV",2021,1399.9608,34.255089516968,0,5,"215",0,0,NA,3870.15977034718,0,"2021.UBV.18",174,5,5,2,0,5,0,0,0,-0.939641437061175
"2091",18,"undammed","UBV",2021,1399.9608,34.255089516968,0,6,"216",0,1998.32879887001,0.21601111161519,3870.15977034718,0,"2021.UBV.18",174,5,6,2,0,6,0,0,1,-0.939641437061175
"2092",18,"undammed","UBV",2021,1399.9608,34.255089516968,0,7,"217",0,10898.5365967395,0.300985807033434,3870.15977034718,0,"2021.UBV.18",174,5,7,2,0,7,0,0,1,-0.939641437061175
"2093",18,"undammed","UBV",2021,1399.9608,34.255089516968,0,8,"218",84.2455984975777,17932.1011805815,0.373626934010246,3870.15977034718,0,"2021.UBV.18",174,5,8,2,0,8,4.44553648430378,1,1,-0.939641437061175
"2094",20,"dammed","UBV",2021,1399.0073,40.0308303696292,1.11396913405952,5,"215",0,1958.90358225505,0.271759358200776,4885.94583798945,4.45587653623808,"2021.UBV.20",189,5,5,2,1,5,0,0,1,0.476318722079169
"2095",20,"dammed","UBV",2021,1399.0073,40.0308303696292,1.11396913405952,6,"216",0,5525.80993667303,0.238981286141111,4885.94583798945,4.45587653623808,"2021.UBV.20",189,5,6,2,1,6,0,0,1,0.476318722079169
"2096",20,"dammed","UBV",2021,1399.0073,40.0308303696292,1.11396913405952,7,"217",467.284128965116,10282.3684884165,0.32872781045303,4885.94583798945,4.45587653623808,"2021.UBV.20",189,5,7,2,1,7,6.14907522487233,1,1,0.476318722079169
"2097",20,"dammed","UBV",2021,1399.0073,40.0308303696292,1.11396913405952,8,"218",159.272329791387,14826.7848482618,0.401892304652295,4885.94583798945,4.45587653623808,"2021.UBV.20",189,5,8,2,1,8,5.07687442956537,1,1,0.476318722079169
"2098",20,"undammed","UBV",2021,1399.2773,36.8902507728663,0,5,"215",0,0,NA,4155.64604242146,0,"2021.UBV.20",189,5,5,2,0,5,0,0,0,-0.939641437061175
"2099",20,"undammed","UBV",2021,1399.2773,36.8902507728663,0,6,"216",0,423.542849522011,0.216485126668882,4155.64604242146,0,"2021.UBV.20",189,5,6,2,0,6,0,0,1,-0.939641437061175
"2100",20,"undammed","UBV",2021,1399.2773,36.8902507728663,0,7,"217",0,14519.2681532318,0.313807731760851,4155.64604242146,0,"2021.UBV.20",189,5,7,2,0,7,0,0,1,-0.939641437061175
"2101",20,"undammed","UBV",2021,1399.2773,36.8902507728663,0,8,"218",0,19586.5523825253,0.408173814967339,4155.64604242146,0,"2021.UBV.20",189,5,8,2,0,8,0,0,1,-0.939641437061175
"2102",21,"dammed","UBV",2021,1399.0016,38.4055477786524,1.15098502041084,5,"215",0,1924.63388752657,0.253939603254764,4418.96008189023,4.60394008164336,"2021.UBV.21",202,5,5,2,1,5,0,0,1,0.523369415609368
"2103",21,"dammed","UBV",2021,1399.0016,38.4055477786524,1.15098502041084,6,"216",0,5744.24769981235,0.246629404492181,4418.96008189023,4.60394008164336,"2021.UBV.21",202,5,6,2,1,6,0,0,1,0.523369415609368
"2104",21,"dammed","UBV",2021,1399.0016,38.4055477786524,1.15098502041084,7,"217",529.134345002735,15741.0888021731,0.312808119404751,4418.96008189023,4.60394008164336,"2021.UBV.21",202,5,7,2,1,7,6.27313045556249,1,1,0.523369415609368
"2105",21,"dammed","UBV",2021,1399.0016,38.4055477786524,1.15098502041084,8,"218",80.7165552279529,19169.3389188579,0.425083929780141,4418.96008189023,4.60394008164336,"2021.UBV.21",202,5,8,2,1,8,4.40325661570745,1,1,0.523369415609368
"2106",21,"undammed","UBV",2021,1396.9104,35.7609131985076,0,6,"216",0,6169.246114484,0.236139658827337,5416.28901840746,0,"2021.UBV.21",202,5,6,2,0,6,0,0,1,-0.939641437061175
"2107",21,"undammed","UBV",2021,1396.9104,35.7609131985076,0,7,"217",76.9053788512361,18007.0666671753,0.308788807920628,5416.28901840746,0,"2021.UBV.21",202,5,7,2,0,7,4.3554949986475,1,1,-0.939641437061175
"2108",21,"undammed","UBV",2021,1396.9104,35.7609131985076,0,8,"218",0,22827.3475086885,0.418231963163922,5416.28901840746,0,"2021.UBV.21",202,5,8,2,0,8,0,0,1,-0.939641437061175
"2109",22,"dammed","UBV",2021,1393.9744,34.3459729303589,1.14867093352863,5,"215",0,1690.50375464944,0.250429174099269,4636.92987407744,4.59468373411452,"2021.UBV.22",213,5,5,2,1,5,0,0,1,0.520427992252279
"2110",22,"dammed","UBV",2021,1393.9744,34.3459729303589,1.14867093352863,6,"216",0,10578.593451586,0.252462776597869,4636.92987407744,4.59468373411452,"2021.UBV.22",213,5,6,2,1,6,0,0,1,0.520427992252279
"2111",22,"dammed","UBV",2021,1393.9744,34.3459729303589,1.14867093352863,7,"217",1230.04159345346,21055.6367370605,0.368305443558199,4636.92987407744,4.59468373411452,"2021.UBV.22",213,5,7,2,1,7,7.11561591395926,1,1,0.520427992252279
"2112",22,"dammed","UBV",2021,1393.9744,34.3459729303589,1.14867093352863,8,"218",0,22737.5106257719,0.450640390276464,4636.92987407744,4.59468373411452,"2021.UBV.22",213,5,8,2,1,8,0,0,1,0.520427992252279
"2113",22,"undammed","UBV",2021,1393.9744,37.2788114928068,0,5,"215",0,1234.60885425642,0.249883950540714,5427.25409299135,0,"2021.UBV.22",213,5,5,2,0,5,0,0,1,-0.939641437061175
"2114",22,"undammed","UBV",2021,1393.9744,37.2788114928068,0,6,"216",0,8589.79943545472,0.245273356829543,5427.25409299135,0,"2021.UBV.22",213,5,6,2,0,6,0,0,1,-0.939641437061175
"2115",22,"undammed","UBV",2021,1393.9744,37.2788114928068,0,7,"217",143.891718516163,20295.4938313204,0.337614275613117,5427.25409299135,0,"2021.UBV.22",213,5,7,2,0,7,4.97598669459577,1,1,-0.939641437061175
"2116",22,"undammed","UBV",2021,1393.9744,37.2788114928068,0,8,"218",222.614000645806,21626.6469931808,0.408738038851491,5427.25409299135,0,"2021.UBV.22",213,5,8,2,0,8,5.40992135401574,1,1,-0.939641437061175
"2117",23,"dammed","UBV",2021,1301.6946,40.8625025637667,2.21252542228128,5,"215",1848.73492748153,2738.21868148505,0.330302069418376,5109.32935158908,8.50971316262031,"2021.UBV.23",220,5,5,2,1,5,7.52279762536404,1,1,1.76452119087272
"2118",23,"dammed","UBV",2021,1301.6946,40.8625025637667,2.21252542228128,6,"216",70.3879864283636,9428.01574883555,0.365502359656905,5109.32935158908,8.50971316262031,"2021.UBV.23",220,5,6,2,1,6,4.26812959788286,1,1,1.76452119087272
"2119",23,"dammed","UBV",2021,1301.6946,40.8625025637667,2.21252542228128,7,"217",1289.94136762993,13948.0148293888,0.405515730312137,5109.32935158908,8.50971316262031,"2021.UBV.23",220,5,7,2,1,7,7.16312697357202,1,1,1.76452119087272
"2120",23,"dammed","UBV",2021,1301.6946,40.8625025637667,2.21252542228128,8,"218",436.97373713886,14482.276075625,0.381901160527105,5109.32935158908,8.50971316262031,"2021.UBV.23",220,5,8,2,1,8,6.08215894770854,1,1,1.76452119087272
"2121",23,"undammed","UBV",2021,1301.6256,38.7163377258348,0,5,"215",799.952706640608,6212.7244053261,0.305111284562238,4075.33857226372,0,"2021.UBV.23",220,5,5,2,0,5,6.68580190242964,1,1,-0.939641437061175
"2122",23,"undammed","UBV",2021,1301.6256,38.7163377258348,0,6,"216",137.361053426593,12049.9702572093,0.337264594470281,4075.33857226372,0,"2021.UBV.23",220,5,6,2,0,6,4.92986659770429,1,1,-0.939641437061175
"2123",23,"undammed","UBV",2021,1301.6256,38.7163377258348,0,7,"217",638.803645786818,14243.0556516161,0.385923421206028,4075.33857226372,0,"2021.UBV.23",220,5,7,2,0,7,6.46116132582181,1,1,-0.939641437061175
"2124",23,"undammed","UBV",2021,1301.6256,38.7163377258348,0,8,"218",0,18399.6299928553,0.376582661224743,4075.33857226372,0,"2021.UBV.23",220,5,8,2,0,8,0,0,1,-0.939641437061175
"2125",24,"dammed","UBV",2021,1301.4417,40.414484588528,1.15412043098641,5,"215",2517.7788626201,5470.00828312893,0.295589326566046,4720.39534386992,4.61648172394564,"2021.UBV.24",226,5,5,2,1,5,7.83152948473409,1,1,0.527354819084037
"2126",24,"dammed","UBV",2021,1301.4417,40.414484588528,1.15412043098641,6,"216",1015.87730666703,15699.8028099808,0.330049441649738,4720.39534386992,4.61648172394564,"2021.UBV.24",226,5,6,2,1,6,6.92449174635871,1,1,0.527354819084037
"2127",24,"dammed","UBV",2021,1301.4417,40.414484588528,1.15412043098641,7,"217",2231.68642411326,17236.2394057928,0.415414285542956,4720.39534386992,4.61648172394564,"2021.UBV.24",226,5,7,2,1,7,7.71096081390633,1,1,0.527354819084037
"2128",24,"dammed","UBV",2021,1301.4417,40.414484588528,1.15412043098641,8,"218",1833.75327318416,18060.8704022277,0.387969660580755,4720.39534386992,4.61648172394564,"2021.UBV.24",226,5,8,2,1,8,7.51466529541822,1,1,0.527354819084037
"2129",24,"undammed","UBV",2021,1301.4417,38.7370132262485,0,5,"215",563.207057656026,4658.42952656465,0.274171991487694,3730.55876246095,0,"2021.UBV.24",226,5,5,2,0,5,6.33542130762831,1,1,-0.939641437061175
"2130",24,"undammed","UBV",2021,1301.4417,38.7370132262485,0,6,"216",88.9548539491261,11347.6524206124,0.271852657585524,3730.55876246095,0,"2021.UBV.24",226,5,6,2,0,6,4.49930792168798,1,1,-0.939641437061175
"2131",24,"undammed","UBV",2021,1301.4417,38.7370132262485,0,7,"217",661.967073657933,15590.3994772818,0.360903423653094,3730.55876246095,0,"2021.UBV.24",226,5,7,2,0,7,6.49672532629491,1,1,-0.939641437061175
"2132",24,"undammed","UBV",2021,1301.4417,38.7370132262485,0,8,"218",745.13904933836,15803.5080082015,0.358756507254868,3730.55876246095,0,"2021.UBV.24",226,5,8,2,0,8,6.61491197604966,1,1,-0.939641437061175
"2133",25,"dammed","UBV",2021,1297.1234,33.3272854096258,2.27845536628524,5,"215",125.720962343496,9917.30495761049,0.278741880469719,8239.85220342875,4.84777737507498,"2021.UBV.25",231,5,5,2,1,5,4.84198752228835,1,1,0.600854482801844
"2134",25,"dammed","UBV",2021,1297.1234,33.3272854096258,2.27845536628524,6,"216",0,23863.8646327,0.296173533272543,8239.85220342875,4.84777737507498,"2021.UBV.25",231,5,6,2,1,6,0,0,1,0.600854482801844
"2135",25,"dammed","UBV",2021,1297.1234,33.3272854096258,2.27845536628524,7,"217",115.660717572184,37157.2908020618,0.3466191485265,8239.85220342875,4.84777737507498,"2021.UBV.25",231,5,7,2,1,7,4.75926987227678,1,1,0.600854482801844
"2136",25,"dammed","UBV",2021,1297.1234,33.3272854096258,2.27845536628524,8,"218",0,39130.7278333178,0.359482290404402,8239.85220342875,4.84777737507498,"2021.UBV.25",231,5,8,2,1,8,0,0,1,0.600854482801844
"2137",25,"undammed","UBV",2021,1297.1234,33.7430676514856,0,5,"215",79.5825582494923,6755.7661426619,0.296284205128637,3363.87676945329,0,"2021.UBV.25",231,5,5,2,0,5,4.38928222720529,1,1,-0.939641437061175
"2138",25,"undammed","UBV",2021,1297.1234,33.7430676514856,0,6,"216",0,14658.9544803395,0.288534334992439,3363.87676945329,0,"2021.UBV.25",231,5,6,2,0,6,0,0,1,-0.939641437061175
"2139",25,"undammed","UBV",2021,1297.1234,33.7430676514856,0,7,"217",254.126415916985,15548.9419885673,0.405006879382846,3363.87676945329,0,"2021.UBV.25",231,5,7,2,0,7,5.5417591710097,1,1,-0.939641437061175
"2140",25,"undammed","UBV",2021,1297.1234,33.7430676514856,0,8,"218",0,16724.201854272,0.384074751284074,3363.87676945329,0,"2021.UBV.25",231,5,8,2,0,8,0,0,1,-0.939641437061175
"2141",26,"dammed","UBV",2021,1296.836,37.3500999011362,1.12265826085147,5,"215",0,1743.01526489258,0.253516470927835,4750.20935404301,4.49063304340588,"2021.UBV.26",236,5,5,2,1,5,0,0,1,0.487363424287644
"2142",26,"dammed","UBV",2021,1296.836,37.3500999011362,1.12265826085147,6,"216",0,7919.27695477056,0.263773797455964,4750.20935404301,4.49063304340588,"2021.UBV.26",236,5,6,2,1,6,0,0,1,0.487363424287644
"2143",26,"dammed","UBV",2021,1296.836,37.3500999011362,1.12265826085147,7,"217",130.667018987618,17533.8257965686,0.32871796735528,4750.20935404301,4.49063304340588,"2021.UBV.26",236,5,7,2,1,7,4.88027615208476,1,1,0.487363424287644
"2144",26,"dammed","UBV",2021,1296.836,37.3500999011362,1.12265826085147,8,"218",52.3954222036343,19425.396738359,0.394702837379279,4750.20935404301,4.49063304340588,"2021.UBV.26",236,5,8,2,1,8,3.97772501576772,1,1,0.487363424287644
"2145",26,"undammed","UBV",2021,1258.847331,29.7327814353564,0,5,"215",947.41545002554,4340.61235106225,0.333707442647138,2675.84969359636,0,"2021.UBV.26",236,5,5,2,0,5,6.85479264468017,1,1,-0.939641437061175
"2146",26,"undammed","UBV",2021,1258.847331,29.7327814353564,0,6,"216",0,17861.1119181614,0.378511049299966,2675.84969359636,0,"2021.UBV.26",236,5,6,2,0,6,0,0,1,-0.939641437061175
"2147",26,"undammed","UBV",2021,1258.847331,29.7327814353564,0,7,"217",0,18172.1272226969,0.438449382895192,2675.84969359636,0,"2021.UBV.26",236,5,7,2,0,7,0,0,1,-0.939641437061175
"2148",26,"undammed","UBV",2021,1258.847331,29.7327814353564,0,8,"218",426.044575231216,17164.0121975768,0.440707103748817,2675.84969359636,0,"2021.UBV.26",236,5,8,2,0,8,6.05688839942239,1,1,-0.939641437061175
"2149",28,"dammed","UBV",2021,555.1786,35.0482528224731,1.18531192308157,5,"215",1740.59738030551,5172.02039301255,0.318918628596075,3886.14489591122,4.74124769232628,"2021.UBV.28",248,5,5,2,1,5,7.46255800573082,1,1,0.567002156483717
"2150",28,"dammed","UBV",2021,555.1786,35.0482528224731,1.18531192308157,6,"216",433.493688806132,16230.560184404,0.382924618411178,3886.14489591122,4.74124769232628,"2021.UBV.28",248,5,6,2,1,6,6.07418141941269,1,1,0.567002156483717
"2151",28,"dammed","UBV",2021,555.1786,35.0482528224731,1.18531192308157,7,"217",527.79731205398,18360.7546694886,0.411189854271462,3886.14489591122,4.74124769232628,"2021.UBV.28",248,5,7,2,1,7,6.27060520541938,1,1,0.567002156483717
"2152",28,"dammed","UBV",2021,555.1786,35.0482528224731,1.18531192308157,8,"218",1490.09638005799,16594.9350248449,0.428553703571726,3886.14489591122,4.74124769232628,"2021.UBV.28",248,5,8,2,1,8,7.30726695389489,1,1,0.567002156483717
"2153",28,"undammed","UBV",2021,739.3424307,36.2989350440622,0,5,"215",2647.84508560382,3478.66463709813,0.339218335069511,3579.60930499434,0,"2021.UBV.28",248,5,5,2,0,5,7.88187900723127,1,1,-0.939641437061175
"2154",28,"undammed","UBV",2021,739.3424307,36.2989350440622,0,6,"216",965.156099303797,17600.1562424304,0.411717827445041,3579.60930499434,0,"2021.UBV.28",248,5,6,2,0,6,6.87332541463989,1,1,-0.939641437061175
"2155",28,"undammed","UBV",2021,739.3424307,36.2989350440622,0,7,"217",1491.85119806551,17011.9320654776,0.465923376252923,3579.60930499434,0,"2021.UBV.28",248,5,7,2,0,7,7.30844312617264,1,1,-0.939641437061175
"2156",28,"undammed","UBV",2021,739.3424307,36.2989350440622,0,8,"218",1828.61032438208,16112.6671521654,0.472221533392286,3579.60930499434,0,"2021.UBV.28",248,5,8,2,0,8,7.51185828566493,1,1,-0.939641437061175
"2157",29,"dammed","UBV",2021,386.06177,42.1109689619151,4.47830944059114,5,"215",1755.24018880339,3526.02737229291,0.275369245118426,15166.7139721513,9.9517987568692,"2021.UBV.29",255,5,5,2,1,5,7.47093054661998,1,1,2.22277799644628
"2158",29,"dammed","UBV",2021,386.06177,42.1109689619151,4.47830944059114,6,"216",1311.39847925434,20003.4132678163,0.284014967282853,15166.7139721513,9.9517987568692,"2021.UBV.29",255,5,6,2,1,6,7.17961164233463,1,1,2.22277799644628
"2159",29,"dammed","UBV",2021,386.06177,42.1109689619151,4.47830944059114,7,"217",1106.63869145571,28877.9694948084,0.386662229078345,15166.7139721513,9.9517987568692,"2021.UBV.29",255,5,7,2,1,7,7.00998572338414,1,1,2.22277799644628
"2160",29,"dammed","UBV",2021,386.06177,42.1109689619151,4.47830944059114,8,"218",1806.67455403711,30215.0953418507,0.412607272339627,15166.7139721513,9.9517987568692,"2021.UBV.29",255,5,8,2,1,8,7.49979652145153,1,1,2.22277799644628
"2161",29,"undammed","UBV",2021,386.25748,40.4783124776969,0,5,"215",0,0,NA,9084.75325965881,0,"2021.UBV.29",255,5,5,2,0,5,0,0,0,-0.939641437061175
"2162",29,"undammed","UBV",2021,386.25748,40.4783124776969,0,6,"216",0,823.592202250163,0.218515702461206,9084.75325965881,0,"2021.UBV.29",255,5,6,2,0,6,0,0,1,-0.939641437061175
"2163",29,"undammed","UBV",2021,386.25748,40.4783124776969,0,7,"217",0,20073.1119465847,0.315404164114072,9084.75325965881,0,"2021.UBV.29",255,5,7,2,0,7,0,0,1,-0.939641437061175
"2164",29,"undammed","UBV",2021,386.25748,40.4783124776969,0,8,"218",0,20508.5568657071,0.323283128682329,9084.75325965881,0,"2021.UBV.29",255,5,8,2,0,8,0,0,1,-0.939641437061175
"2165",31,"dammed","UBV",2021,375.3425,49.6782581270479,3.42238134763131,5,"215",0,532.430629206639,0.237718986140021,16774.5815645754,10.0658274930333,"2021.UBV.31",262,5,5,2,1,5,0,0,1,2.25901332435367
"2166",31,"dammed","UBV",2021,375.3425,49.6782581270479,3.42238134763131,6,"216",0,21165.4090946871,0.267365612477361,16774.5815645754,10.0658274930333,"2021.UBV.31",262,5,6,2,1,6,0,0,1,2.25901332435367
"2167",31,"dammed","UBV",2021,375.3425,49.6782581270479,3.42238134763131,7,"217",0,30850.0786824245,0.349070882293,16774.5815645754,10.0658274930333,"2021.UBV.31",262,5,7,2,1,7,0,0,1,2.25901332435367
"2168",31,"dammed","UBV",2021,375.3425,49.6782581270479,3.42238134763131,8,"218",77.0657724142075,29976.53908473,0.348119346523097,16774.5815645754,10.0658274930333,"2021.UBV.31",262,5,8,2,1,8,4.35755170744537,1,1,2.25901332435367
"2169",31,"undammed","UBV",2021,379.39468,55.0173544989506,0,5,"215",577.84293989247,200.509437321682,0.225719609111547,19731.502879113,0,"2021.UBV.31",262,5,5,2,0,5,6.36103117979489,1,1,-0.939641437061175
"2170",31,"undammed","UBV",2021,379.39468,55.0173544989506,0,6,"216",164.813563288193,15625.2027848786,0.249188480515998,19731.502879113,0,"2021.UBV.31",262,5,6,2,0,6,5.1108640444711,1,1,-0.939641437061175
"2171",31,"undammed","UBV",2021,379.39468,55.0173544989506,0,7,"217",624.553278050002,36400.7622411092,0.380167853549636,19731.502879113,0,"2021.UBV.31",262,5,7,2,0,7,6.43863650301825,1,1,-0.939641437061175
"2172",31,"undammed","UBV",2021,379.39468,55.0173544989506,0,8,"218",491.072521069938,36018.6595666324,0.371957618169473,19731.502879113,0,"2021.UBV.31",262,5,8,2,0,8,6.19862610617857,1,1,-0.939641437061175
"2173",32,"dammed","UBV",2021,361.69492,46.790282497516,2.24128478139895,5,"215",668.082697075021,200.558107204063,0.25149563565183,9595.94944792986,6.403670803997,"2021.UBV.32",267,5,5,2,1,5,6.50590766545592,1,1,1.09527641960932
"2174",32,"dammed","UBV",2021,361.69492,46.790282497516,2.24128478139895,6,"216",222.675682774712,1980.86824236103,0.239477733030801,9595.94944792986,6.403670803997,"2021.UBV.32",267,5,6,2,1,6,5.41019715795929,1,1,1.09527641960932
"2175",32,"dammed","UBV",2021,361.69492,46.790282497516,2.24128478139895,7,"217",0,19654.1968097762,0.253862236506559,9595.94944792986,6.403670803997,"2021.UBV.32",267,5,7,2,1,7,0,0,1,1.09527641960932
"2176",32,"dammed","UBV",2021,361.69492,46.790282497516,2.24128478139895,8,"218",229.855961230456,20347.342608852,0.259402806601597,9595.94944792986,6.403670803997,"2021.UBV.32",267,5,8,2,1,8,5.4417939715802,1,1,1.09527641960932
"2177",32,"undammed","UBV",2021,361.62006,34.7056360407644,0,5,"215",0,0,NA,5155.28223997355,0,"2021.UBV.32",267,5,5,2,0,5,0,0,0,-0.939641437061175
"2178",32,"undammed","UBV",2021,361.62006,34.7056360407644,0,6,"216",0,4762.23082392076,0.226096324583784,5155.28223997355,0,"2021.UBV.32",267,5,6,2,0,6,0,0,1,-0.939641437061175
"2179",32,"undammed","UBV",2021,361.62006,34.7056360407644,0,7,"217",75.160365457862,15333.8867262896,0.273439360567354,5155.28223997355,0,"2021.UBV.32",267,5,7,2,0,7,4.33284118902546,1,1,-0.939641437061175
"2180",32,"undammed","UBV",2021,361.62006,34.7056360407644,0,8,"218",75.160365457862,12766.0362130857,0.257736878968494,5155.28223997355,0,"2021.UBV.32",267,5,8,2,0,8,4.33284118902546,1,1,-0.939641437061175
"2181",33,"dammed","UBV",2021,356.7818,40.2007682956739,4.55148538947621,5,"215",0,800.383338928223,0.241544578116175,15737.081214875,8.42867664717817,"2021.UBV.33",271,5,5,2,1,5,0,0,1,1.73876992142697
"2182",33,"dammed","UBV",2021,356.7818,40.2007682956739,4.55148538947621,6,"216",0,8731.50399101108,0.225889288513186,15737.081214875,8.42867664717817,"2021.UBV.33",271,5,6,2,1,6,0,0,1,1.73876992142697
"2183",33,"dammed","UBV",2021,356.7818,40.2007682956739,4.55148538947621,7,"217",0,33377.5168389414,0.275588442387039,15737.081214875,8.42867664717817,"2021.UBV.33",271,5,7,2,1,7,0,0,1,1.73876992142697
"2184",33,"dammed","UBV",2021,356.7818,40.2007682956739,4.55148538947621,8,"218",0,26209.7388803819,0.259580019315965,15737.081214875,8.42867664717817,"2021.UBV.33",271,5,8,2,1,8,0,0,1,1.73876992142697
"2185",33,"undammed","UBV",2021,339.3979,37.4249438389006,0,5,"215",0,1155.6678074257,0.24600304262425,14929.3012507558,0,"2021.UBV.33",271,5,5,2,0,5,0,0,1,-0.939641437061175
"2186",33,"undammed","UBV",2021,339.3979,37.4249438389006,0,6,"216",0,17584.5117034314,0.248513371275407,14929.3012507558,0,"2021.UBV.33",271,5,6,2,0,6,0,0,1,-0.939641437061175
"2187",33,"undammed","UBV",2021,339.3979,37.4249438389006,0,7,"217",0,33822.6024362003,0.334016350943341,14929.3012507558,0,"2021.UBV.33",271,5,7,2,0,7,0,0,1,-0.939641437061175
"2188",33,"undammed","UBV",2021,339.3979,37.4249438389006,0,8,"218",0,30351.28186092,0.332152834611202,14929.3012507558,0,"2021.UBV.33",271,5,8,2,0,8,0,0,1,-0.939641437061175
"2189",37,"dammed","UBV",2021,337.71634,33.7464260484101,1.13720121671376,5,"215",0,267.882582062366,0.249805460765183,4200.53955897689,4.54880486685504,"2021.UBV.37",287,5,5,2,1,5,0,0,1,0.505848897060212
"2190",37,"dammed","UBV",2021,337.71634,33.7464260484101,1.13720121671376,6,"216",0,4983.07281745462,0.217991022120799,4200.53955897689,4.54880486685504,"2021.UBV.37",287,5,6,2,1,6,0,0,1,0.505848897060212
"2191",37,"dammed","UBV",2021,337.71634,33.7464260484101,1.13720121671376,7,"217",0,14918.696946477,0.287743775430477,4200.53955897689,4.54880486685504,"2021.UBV.37",287,5,7,2,1,7,0,0,1,0.505848897060212
"2192",37,"dammed","UBV",2021,337.71634,33.7464260484101,1.13720121671376,8,"218",0,14037.7612995222,0.292935250816498,4200.53955897689,4.54880486685504,"2021.UBV.37",287,5,8,2,1,8,0,0,1,0.505848897060212
"2193",37,"undammed","UBV",2021,338.61472,35.4466421368715,0,5,"215",0,1472.4359307981,0.233654567473212,5758.7417241931,0,"2021.UBV.37",287,5,5,2,0,5,0,0,1,-0.939641437061175
"2194",37,"undammed","UBV",2021,338.61472,35.4466421368715,0,6,"216",0,8293.3122183407,0.25342267746475,5758.7417241931,0,"2021.UBV.37",287,5,6,2,0,6,0,0,1,-0.939641437061175
"2195",37,"undammed","UBV",2021,338.61472,35.4466421368715,0,7,"217",0,12788.6693685494,0.313895392894708,5758.7417241931,0,"2021.UBV.37",287,5,7,2,0,7,0,0,1,-0.939641437061175
"2196",37,"undammed","UBV",2021,338.61472,35.4466421368715,0,8,"218",81.1013180382111,12944.8338265812,0.302598231627382,5758.7417241931,0,"2021.UBV.37",287,5,8,2,0,8,4.40795407038812,1,1,-0.939641437061175
"2197",38,"dammed","UBV",2021,333.41956,33.4868490983543,1.15148831555499,5,"215",0,0,NA,3185.30613926053,4.60595326221996,"2021.UBV.38",290,5,5,2,1,5,0,0,0,0.52400915135304
"2198",38,"dammed","UBV",2021,333.41956,33.4868490983543,1.15148831555499,6,"216",0,133.551834465476,0.191491878032684,3185.30613926053,4.60595326221996,"2021.UBV.38",290,5,6,2,1,6,0,0,1,0.52400915135304
"2199",38,"dammed","UBV",2021,333.41956,33.4868490983543,1.15148831555499,7,"217",0,10526.9379245534,0.252219223645981,3185.30613926053,4.60595326221996,"2021.UBV.38",290,5,7,2,1,7,0,0,1,0.52400915135304
"2200",38,"dammed","UBV",2021,333.41956,33.4868490983543,1.15148831555499,8,"218",0,9705.12193352194,0.285008236864054,3185.30613926053,4.60595326221996,"2021.UBV.38",290,5,8,2,1,8,0,0,1,0.52400915135304
"2201",38,"undammed","UBV",2021,332.99924,32.3041699645249,0,5,"215",0,13.6712117513021,0.239603966474533,3691.10857236385,0,"2021.UBV.38",290,5,5,2,0,5,0,0,1,-0.939641437061175
"2202",38,"undammed","UBV",2021,332.99924,32.3041699645249,0,6,"216",0,2657.74098666322,0.217735350935928,3691.10857236385,0,"2021.UBV.38",290,5,6,2,0,6,0,0,1,-0.939641437061175
"2203",38,"undammed","UBV",2021,332.99924,32.3041699645249,0,7,"217",0,8983.84040751738,0.256856665426365,3691.10857236385,0,"2021.UBV.38",290,5,7,2,0,7,0,0,1,-0.939641437061175
"2204",38,"undammed","UBV",2021,332.99924,32.3041699645249,0,8,"218",0,8917.06181823132,0.269633291307819,3691.10857236385,0,"2021.UBV.38",290,5,8,2,0,8,0,0,1,-0.939641437061175
"2205",39,"dammed","UBV",2021,323.26862,37.5724201586956,1.12554660881385,5,"215",0,0,NA,5110.2585837543,4.5021864352554,"2021.UBV.39",293,5,5,2,1,5,0,0,0,0.49103478780699
"2206",39,"dammed","UBV",2021,323.26862,37.5724201586956,1.12554660881385,6,"216",0,2276.05392554788,0.212309252916048,5110.2585837543,4.5021864352554,"2021.UBV.39",293,5,6,2,1,6,0,0,1,0.49103478780699
"2207",39,"dammed","UBV",2021,323.26862,37.5724201586956,1.12554660881385,7,"217",0,10423.3438863418,0.253997842282941,5110.2585837543,4.5021864352554,"2021.UBV.39",293,5,7,2,1,7,0,0,1,0.49103478780699
"2208",39,"dammed","UBV",2021,323.26862,37.5724201586956,1.12554660881385,8,"218",0,9838.04004833745,0.250973373760136,5110.2585837543,4.5021864352554,"2021.UBV.39",293,5,8,2,1,8,0,0,1,0.49103478780699
"2209",39,"undammed","UBV",2021,324.02878,37.3384977583325,0,5,"215",0,0,NA,5109.98302078247,0,"2021.UBV.39",293,5,5,2,0,5,0,0,0,-0.939641437061175
"2210",39,"undammed","UBV",2021,324.02878,37.3384977583325,0,6,"216",0,1331.73877551509,0.213526801521455,5109.98302078247,0,"2021.UBV.39",293,5,6,2,0,6,0,0,1,-0.939641437061175
"2211",39,"undammed","UBV",2021,324.02878,37.3384977583325,0,7,"217",0,7981.79987933589,0.259650295101916,5109.98302078247,0,"2021.UBV.39",293,5,7,2,0,7,0,0,1,-0.939641437061175
"2212",39,"undammed","UBV",2021,324.02878,37.3384977583325,0,8,"218",0,8407.22331321567,0.27652665794204,5109.98302078247,0,"2021.UBV.39",293,5,8,2,0,8,0,0,1,-0.939641437061175
"2213",40,"dammed","UBV",2021,316.69504,39.9792199715042,2.24668267845164,5,"215",0,0,NA,7889.03187656403,6.07211534716659,"2021.UBV.40",296,5,5,2,1,5,0,0,0,0.989916831299505
"2214",40,"dammed","UBV",2021,316.69504,39.9792199715042,2.24668267845164,6,"216",0,1338.75761727726,0.218082104338846,7889.03187656403,6.07211534716659,"2021.UBV.40",296,5,6,2,1,6,0,0,1,0.989916831299505
"2215",40,"dammed","UBV",2021,316.69504,39.9792199715042,2.24668267845164,7,"217",0,15851.718147218,0.275895182232328,7889.03187656403,6.07211534716659,"2021.UBV.40",296,5,7,2,1,7,0,0,1,0.989916831299505
"2216",40,"dammed","UBV",2021,316.69504,39.9792199715042,2.24668267845164,8,"218",0,11524.1397112678,0.263892368621042,7889.03187656403,6.07211534716659,"2021.UBV.40",296,5,8,2,1,8,0,0,1,0.989916831299505
"2217",40,"undammed","UBV",2021,316.7469,33.0580648100982,0,5,"215",0,0,NA,5095.40078321099,0,"2021.UBV.40",296,5,5,2,0,5,0,0,0,-0.939641437061175
"2218",40,"undammed","UBV",2021,316.7469,33.0580648100982,0,6,"216",0,0,NA,5095.40078321099,0,"2021.UBV.40",296,5,6,2,0,6,0,0,0,-0.939641437061175
"2219",40,"undammed","UBV",2021,316.7469,33.0580648100982,0,7,"217",0,10611.7054014917,0.27234307002745,5095.40078321099,0,"2021.UBV.40",296,5,7,2,0,7,0,0,1,-0.939641437061175
"2220",40,"undammed","UBV",2021,316.7469,33.0580648100982,0,8,"218",0,4746.80134391037,0.256313052720674,5095.40078321099,0,"2021.UBV.40",296,5,8,2,0,8,0,0,1,-0.939641437061175
"2221",41,"dammed","UBV",2021,254.52106,47.9977202924417,3.36849897855472,5,"215",1404.48462128359,24206.0799469593,0.325184184544463,26944.85303092,6.35565845010325,"2021.UBV.41",298,5,5,2,1,5,7.24813744847498,1,1,1.0800193585783
"2222",41,"dammed","UBV",2021,254.52106,47.9977202924417,3.36849897855472,6,"216",89.8773026957231,38255.1537284402,0.340073341660882,26944.85303092,6.35565845010325,"2021.UBV.41",298,5,6,2,1,6,4.50951027468779,1,1,1.0800193585783
"2223",41,"dammed","UBV",2021,254.52106,47.9977202924417,3.36849897855472,7,"217",0,41413.9354519414,0.340983941502879,26944.85303092,6.35565845010325,"2021.UBV.41",298,5,7,2,1,7,0,0,1,1.0800193585783
"2224",41,"dammed","UBV",2021,254.52106,47.9977202924417,3.36849897855472,8,"218",75.1163641840804,43556.729854838,0.345978814533218,26944.85303092,6.35565845010325,"2021.UBV.41",298,5,8,2,1,8,4.33226327702131,1,1,1.0800193585783
"2225",41,"undammed","UBV",2021,290.622,43.5397574500056,1.14270454930005,5,"215",0,1948.21528137805,0.250752954766407,21039.4448882043,2.15604631943406,"2021.UBV.41",298,5,5,2,1,5,0,0,1,-0.254506724563683
"2226",41,"undammed","UBV",2021,290.622,43.5397574500056,1.14270454930005,6,"216",0,29129.9149084054,0.286118971637971,21039.4448882043,2.15604631943406,"2021.UBV.41",298,5,6,2,1,6,0,0,1,-0.254506724563683
"2227",41,"undammed","UBV",2021,290.622,43.5397574500056,1.14270454930005,7,"217",0,42068.3425937428,0.330379704520427,21039.4448882043,2.15604631943406,"2021.UBV.41",298,5,7,2,1,7,0,0,1,-0.254506724563683
"2228",41,"undammed","UBV",2021,290.622,43.5397574500056,1.14270454930005,8,"218",0,38052.2549708348,0.343916781624974,21039.4448882043,2.15604631943406,"2021.UBV.41",298,5,8,2,1,8,0,0,1,-0.254506724563683
"2229",42,"dammed","UBV",2021,254.08311,38.731854215972,1.13733288087242,5,"215",0,6397.86413445566,0.31350962117024,8185.42354151607,4.54933152348968,"2021.UBV.42",299,5,5,2,1,5,0,0,1,0.506016254662276
"2230",42,"dammed","UBV",2021,254.08311,38.731854215972,1.13733288087242,6,"216",0,14357.3657725315,0.324898715145259,8185.42354151607,4.54933152348968,"2021.UBV.42",299,5,6,2,1,6,0,0,1,0.506016254662276
"2231",42,"dammed","UBV",2021,254.08311,38.731854215972,1.13733288087242,7,"217",0,16355.1833674711,0.335771884187653,8185.42354151607,4.54933152348968,"2021.UBV.42",299,5,7,2,1,7,0,0,1,0.506016254662276
"2232",42,"dammed","UBV",2021,254.08311,38.731854215972,1.13733288087242,8,"218",0,17910.5358736824,0.351133517995941,8185.42354151607,4.54933152348968,"2021.UBV.42",299,5,8,2,1,8,0,0,1,0.506016254662276
"2233",42,"undammed","UBV",2021,253.8411,35.6502463724021,0,5,"215",53.8002567375407,7079.01846310485,0.332118238138483,8841.1786596179,0,"2021.UBV.42",299,5,5,2,0,5,4.00369487893461,1,1,-0.939641437061175
"2234",42,"undammed","UBV",2021,253.8411,35.6502463724021,0,6,"216",0,12116.2308836694,0.349097070054393,8841.1786596179,0,"2021.UBV.42",299,5,6,2,0,6,0,0,1,-0.939641437061175
"2235",42,"undammed","UBV",2021,253.8411,35.6502463724021,0,7,"217",0,15971.1602462469,0.334497408223773,8841.1786596179,0,"2021.UBV.42",299,5,7,2,0,7,0,0,1,-0.939641437061175
"2236",42,"undammed","UBV",2021,253.8411,35.6502463724021,0,8,"218",0,17532.8183103674,0.385561028817248,8841.1786596179,0,"2021.UBV.42",299,5,8,2,0,8,0,0,1,-0.939641437061175
"2237",44,"dammed","UBV",2021,253.2188,34.2949869889905,1.14492918289059,5,"215",68.3768963168649,500.676384032006,0.244435616151441,3533.77969411016,4.57971673156236,"2021.UBV.44",304,5,5,2,1,5,4.23955390599018,1,1,0.51567187319394
"2238",44,"dammed","UBV",2021,253.2188,34.2949869889905,1.14492918289059,6,"216",0,5955.49434928146,0.22808029546694,3533.77969411016,4.57971673156236,"2021.UBV.44",304,5,6,2,1,6,0,0,1,0.51567187319394
"2239",44,"dammed","UBV",2021,253.2188,34.2949869889905,1.14492918289059,7,"217",0,12101.2299825033,0.265295629557397,3533.77969411016,4.57971673156236,"2021.UBV.44",304,5,7,2,1,7,0,0,1,0.51567187319394
"2240",44,"dammed","UBV",2021,253.2188,34.2949869889905,1.14492918289059,8,"218",0,16721.7807874792,0.308215778342254,3533.77969411016,4.57971673156236,"2021.UBV.44",304,5,8,2,1,8,0,0,1,0.51567187319394
"2241",44,"undammed","UBV",2021,253.45505,43.0767478142946,0,5,"215",2718.48560385821,114.180733684465,0.243428826332092,6964.71667549014,0,"2021.UBV.44",304,5,5,2,0,5,7.90819802517671,1,1,-0.939641437061175
"2242",44,"undammed","UBV",2021,253.45505,43.0767478142946,0,6,"216",1274.73165766328,2694.28364281748,0.216859372904674,6964.71667549014,0,"2021.UBV.44",304,5,6,2,0,6,7.15127514215174,1,1,-0.939641437061175
"2243",44,"undammed","UBV",2021,253.45505,43.0767478142946,0,7,"217",1037.22091700236,12074.6701126697,0.252001506919675,6964.71667549014,0,"2021.UBV.44",304,5,7,2,0,7,6.9452638705629,1,1,-0.939641437061175
"2244",44,"undammed","UBV",2021,253.45505,43.0767478142946,0,8,"218",1165.35060067504,16014.9616338992,0.288835574324207,6964.71667549014,0,"2021.UBV.44",304,5,8,2,0,8,7.06163500839854,1,1,-0.939641437061175
"2245",46,"dammed","UBV",2021,251.8876,32.6717068781959,1.16201492090711,5,"215",0,803.505728957232,0.273053728618869,3816.7507224381,4.64805968362844,"2021.UBV.46",307,5,5,2,1,5,0,0,1,0.537389462650605
"2246",46,"dammed","UBV",2021,251.8876,32.6717068781959,1.16201492090711,6,"216",0,3616.30696847953,0.237866215136213,3816.7507224381,4.64805968362844,"2021.UBV.46",307,5,6,2,1,6,0,0,1,0.537389462650605
"2247",46,"dammed","UBV",2021,251.8876,32.6717068781959,1.16201492090711,7,"217",0,13933.4972672406,0.267884361278975,3816.7507224381,4.64805968362844,"2021.UBV.46",307,5,7,2,1,7,0,0,1,0.537389462650605
"2248",46,"dammed","UBV",2021,251.8876,32.6717068781959,1.16201492090711,8,"218",0,14368.4049201517,0.312711896548519,3816.7507224381,4.64805968362844,"2021.UBV.46",307,5,8,2,1,8,0,0,1,0.537389462650605
"2249",46,"undammed","UBV",2021,252.69441,33.8727619418333,0,5,"215",0,635.403976769541,0.25221968274202,2989.39267924428,0,"2021.UBV.46",307,5,5,2,0,5,0,0,1,-0.939641437061175
"2250",46,"undammed","UBV",2021,252.69441,33.8727619418333,0,6,"216",0,5323.44660306444,0.227450484537703,2989.39267924428,0,"2021.UBV.46",307,5,6,2,0,6,0,0,1,-0.939641437061175
"2251",46,"undammed","UBV",2021,252.69441,33.8727619418333,0,7,"217",0,15341.0045666863,0.282833907067124,2989.39267924428,0,"2021.UBV.46",307,5,7,2,0,7,0,0,1,-0.939641437061175
"2252",46,"undammed","UBV",2021,252.69441,33.8727619418333,0,8,"218",0,16137.432049022,0.327116892034212,2989.39267924428,0,"2021.UBV.46",307,5,8,2,0,8,0,0,1,-0.939641437061175
"2253",47,"dammed","UBV",2021,251.8876,31.7782501615922,5.79506627604583,5,"215",0,267.309591914158,0.269407968910247,12826.5113897026,8.52215628830269,"2021.UBV.47",309,5,5,2,1,5,0,0,1,1.76847528836131
"2254",47,"dammed","UBV",2021,251.8876,31.7782501615922,5.79506627604583,6,"216",0,13006.3535821653,0.238710273467381,12826.5113897026,8.52215628830269,"2021.UBV.47",309,5,6,2,1,6,0,0,1,1.76847528836131
"2255",47,"dammed","UBV",2021,251.8876,31.7782501615922,5.79506627604583,7,"217",0,36296.7160639146,0.290452041486039,12826.5113897026,8.52215628830269,"2021.UBV.47",309,5,7,2,1,7,0,0,1,1.76847528836131
"2256",47,"dammed","UBV",2021,251.8876,31.7782501615922,5.79506627604583,8,"218",46.6263183416105,37773.2330552643,0.323344870533687,12826.5113897026,8.52215628830269,"2021.UBV.47",309,5,8,2,1,8,3.86338551477734,1,1,1.76847528836131
"2257",47,"undammed","UBV",2021,207.01013,31.8702839807846,0,5,"215",0,3864.99510228774,0.285738301630251,12017.6623924375,0,"2021.UBV.47",309,5,5,2,0,5,0,0,1,-0.939641437061175
"2258",47,"undammed","UBV",2021,207.01013,31.8702839807846,0,6,"216",0,9206.08875166949,0.258357602256627,12017.6623924375,0,"2021.UBV.47",309,5,6,2,0,6,0,0,1,-0.939641437061175
"2259",47,"undammed","UBV",2021,207.01013,31.8702839807846,0,7,"217",0,19550.1602650063,0.258538013589271,12017.6623924375,0,"2021.UBV.47",309,5,7,2,0,7,0,0,1,-0.939641437061175
"2260",47,"undammed","UBV",2021,207.01013,31.8702839807846,0,8,"218",0,26568.1022372676,0.288856852981999,12017.6623924375,0,"2021.UBV.47",309,5,8,2,0,8,0,0,1,-0.939641437061175
"2261",51,"dammed","UBV",2021,193.18059,56.5681966684149,7.02929794690051,5,"215",9946.40736415597,25578.1575343712,0.281735479854743,38973.5577875972,9.90041964352184,"2021.UBV.51",313,5,5,2,1,5,9.20506722978283,1,1,2.20645106796876
"2262",51,"dammed","UBV",2021,193.18059,56.5681966684149,7.02929794690051,6,"216",4057.17031564502,45482.2368738511,0.295590812455461,38973.5577875972,9.90041964352184,"2021.UBV.51",313,5,6,2,1,6,8.30848748984634,1,1,2.20645106796876
"2263",51,"dammed","UBV",2021,193.18059,56.5681966684149,7.02929794690051,7,"217",2526.67537146409,58673.6852291032,0.282024719265932,38973.5577875972,9.90041964352184,"2021.UBV.51",313,5,7,2,1,7,7.8350553338344,1,1,2.20645106796876
"2264",51,"dammed","UBV",2021,193.18059,56.5681966684149,7.02929794690051,8,"218",2922.18533804557,53296.9273132324,0.281362242621273,38973.5577875972,9.90041964352184,"2021.UBV.51",313,5,8,2,1,8,7.98042916989057,1,1,2.20645106796876
"2265",51,"undammed","UBV",2021,193.9241,44.8017290451826,1.1906062220598,5,"215",2198.17066572531,20859.8331225227,0.275261299363974,38148.7943461835,1.67691017191521,"2021.UBV.51",313,5,5,2,1,5,7.69583559815045,1,1,-0.406763567897016
"2266",51,"undammed","UBV",2021,193.9241,44.8017290451826,1.1906062220598,6,"216",158.993420654185,34934.6491435331,0.280561223078922,38148.7943461835,1.67691017191521,"2021.UBV.51",313,5,6,2,1,6,5.07513269347699,1,1,-0.406763567897016
"2267",51,"undammed","UBV",2021,193.9241,44.8017290451826,1.1906062220598,7,"217",318.002446587413,47998.2324896121,0.267581436482633,38148.7943461835,1.67691017191521,"2021.UBV.51",313,5,7,2,1,7,5.76519877230845,1,1,-0.406763567897016
"2268",51,"undammed","UBV",2021,193.9241,44.8017290451826,1.1906062220598,8,"218",247.538729823571,51186.1487103032,0.294090557727672,38148.7943461835,1.67691017191521,"2021.UBV.51",313,5,8,2,1,8,5.51559868781345,1,1,-0.406763567897016
"2269",52,"dammed","UBV",2021,193.02496,50.0973446440719,3.39761430236773,5,"215",4643.00211987285,13160.491629507,0.304536273353912,24141.7038708627,6.66198882817202,"2021.UBV.52",314,5,5,2,1,5,8.44333179929331,1,1,1.17736308149168
"2270",52,"dammed","UBV",2021,193.02496,50.0973446440719,3.39761430236773,6,"216",77.1680269785956,26556.0274392221,0.326133412637925,24141.7038708627,6.66198882817202,"2021.UBV.52",314,5,6,2,1,6,4.35886070177804,1,1,1.17736308149168
"2271",52,"dammed","UBV",2021,193.02496,50.0973446440719,3.39761430236773,7,"217",245.566732929968,35453.132721037,0.292691271895754,24141.7038708627,6.66198882817202,"2021.UBV.52",314,5,7,2,1,7,5.50763267866963,1,1,1.17736308149168
"2272",52,"dammed","UBV",2021,193.02496,50.0973446440719,3.39761430236773,8,"218",0,32077.1358449001,0.298017633132781,24141.7038708627,6.66198882817202,"2021.UBV.52",314,5,8,2,1,8,0,0,1,1.17736308149168
"2273",52,"undammed","UBV",2021,192.69064,37.4165058132269,0,5,"215",2538.88274543916,6489.70047149658,0.259945262170484,20933.1105255485,0,"2021.UBV.52",314,5,5,2,0,5,7.8398731957341,1,1,-0.939641437061175
"2274",52,"undammed","UBV",2021,192.69064,37.4165058132269,0,6,"216",733.261645871985,22870.25645734,0.251887503307526,20933.1105255485,0,"2021.UBV.52",314,5,6,2,0,6,6.59886543086134,1,1,-0.939641437061175
"2275",52,"undammed","UBV",2021,192.69064,37.4165058132269,0,7,"217",0,31035.9671905817,0.27739819324384,20933.1105255485,0,"2021.UBV.52",314,5,7,2,0,7,0,0,1,-0.939641437061175
"2276",52,"undammed","UBV",2021,192.69064,37.4165058132269,0,8,"218",0,31781.3109802545,0.334527612823899,20933.1105255485,0,"2021.UBV.52",314,5,8,2,0,8,0,0,1,-0.939641437061175
"2277",57,"dammed","UBV",2021,169.45938,35.1599609809636,3.52893761288335,5,"215",368.92812139614,6868.44024463728,0.271268327821156,11745.8427719921,6.65837285449689,"2021.UBV.57",320,5,5,2,1,5,5.91330872026917,1,1,1.17621402033191
"2278",57,"dammed","UBV",2021,169.45938,35.1599609809636,3.52893761288335,6,"216",546.305713029469,21665.3585366043,0.258619481663047,11745.8427719921,6.65837285449689,"2021.UBV.57",320,5,6,2,1,6,6.30500753666559,1,1,1.17621402033191
"2279",57,"dammed","UBV",2021,169.45938,35.1599609809636,3.52893761288335,7,"217",0,41353.1950210571,0.296908649944163,11745.8427719921,6.65837285449689,"2021.UBV.57",320,5,7,2,1,7,0,0,1,1.17621402033191
"2280",57,"dammed","UBV",2021,169.45938,35.1599609809636,3.52893761288335,8,"218",0,42542.8964542165,0.335031454624006,11745.8427719921,6.65837285449689,"2021.UBV.57",320,5,8,2,1,8,0,0,1,1.17621402033191
"2281",57,"undammed","UBV",2021,144.5697,47.9627658553394,0,5,"215",525.910821171134,23182.3765071495,0.396799700566471,23063.2031956166,0,"2021.UBV.57",320,5,5,2,0,5,6.26703131443296,1,1,-0.939641437061175
"2282",57,"undammed","UBV",2021,144.5697,47.9627658553394,0,6,"216",0,32594.1416846182,0.427393905274326,23063.2031956166,0,"2021.UBV.57",320,5,6,2,0,6,0,0,1,-0.939641437061175
"2283",57,"undammed","UBV",2021,144.5697,47.9627658553394,0,7,"217",0,44268.0519509708,0.398850209303944,23063.2031956166,0,"2021.UBV.57",320,5,7,2,0,7,0,0,1,-0.939641437061175
"2284",57,"undammed","UBV",2021,144.5697,47.9627658553394,0,8,"218",0,43110.4900049546,0.422350117510405,23063.2031956166,0,"2021.UBV.57",320,5,8,2,0,8,0,0,1,-0.939641437061175
"2285",66,"dammed","UBV",2021,126.431,73.2946421389262,8.06764777921513,5,"215",1690.50482967063,28322.3308431887,0.350908783689209,38025.8898179531,12.4117658141771,"2021.UBV.66",328,5,5,2,1,5,7.43337384347571,1,1,3.00449071169276
"2286",66,"dammed","UBV",2021,126.431,73.2946421389262,8.06764777921513,6,"216",0,33506.5027827843,0.342589017025469,38025.8898179531,12.4117658141771,"2021.UBV.66",328,5,6,2,1,6,0,0,1,3.00449071169276
"2287",66,"dammed","UBV",2021,126.431,73.2946421389262,8.06764777921513,7,"217",0,33708.7470355763,0.340972232021851,38025.8898179531,12.4117658141771,"2021.UBV.66",328,5,7,2,1,7,0,0,1,3.00449071169276
"2288",66,"dammed","UBV",2021,126.431,73.2946421389262,8.06764777921513,8,"218",0,33801.347684763,0.362936867891887,38025.8898179531,12.4117658141771,"2021.UBV.66",328,5,8,2,1,8,0,0,1,3.00449071169276
"2289",66,"undammed","UBV",2021,95.00535,63.7993316125653,0,5,"215",70.83636219221,26682.9860949946,0.364616205959873,45993.2052899413,0,"2021.UBV.66",328,5,5,2,0,5,4.27439078507554,1,1,-0.939641437061175
"2290",66,"undammed","UBV",2021,95.00535,63.7993316125653,0,6,"216",0,60969.1365807028,0.436877952290137,45993.2052899413,0,"2021.UBV.66",328,5,6,2,0,6,0,0,1,-0.939641437061175
"2291",66,"undammed","UBV",2021,95.00535,63.7993316125653,0,7,"217",0,67557.3998008279,0.494743915908238,45993.2052899413,0,"2021.UBV.66",328,5,7,2,0,7,0,0,1,-0.939641437061175
"2292",66,"undammed","UBV",2021,95.00535,63.7993316125653,0,8,"218",0,67557.3998008279,0.515869025020983,45993.2052899413,0,"2021.UBV.66",328,5,8,2,0,8,0,0,1,-0.939641437061175
"2293",1,"dammed","UBV",2023,2213.4539,31.1359431746565,2.26072006276547,5,"235",0,14305.5761677162,0.395497219525863,2488.49380369484,7.79558642332921,"2023.UBV.1",15,5,9,3,1,9,0,0,1,1.53759052904008
"2294",1,"dammed","UBV",2023,2213.4539,31.1359431746565,2.26072006276547,6,"236",0,13255.6836983774,0.393535327554958,2488.49380369484,7.79558642332921,"2023.UBV.1",15,5,10,3,1,10,0,0,1,1.53759052904008
"2295",1,"dammed","UBV",2023,2213.4539,31.1359431746565,2.26072006276547,7,"237",0,12227.0413341747,0.365808542122463,2488.49380369484,7.79558642332921,"2023.UBV.1",15,5,11,3,1,11,0,0,1,1.53759052904008
"2296",1,"dammed","UBV",2023,2213.4539,31.1359431746565,2.26072006276547,8,"238",0,13549.9478641585,0.369617311172725,2488.49380369484,7.79558642332921,"2023.UBV.1",15,5,12,3,1,12,0,0,1,1.53759052904008
"2297",1,"undammed","UBV",2023,2213.4539,31.0923702031507,0,5,"235",0,15413.9427244299,0.364814776358236,3810.94290931523,0,"2023.UBV.1",15,5,9,3,0,9,0,0,1,-0.939641437061175
"2298",1,"undammed","UBV",2023,2213.4539,31.0923702031507,0,6,"236",0,14757.7440076342,0.369200377155417,3810.94290931523,0,"2023.UBV.1",15,5,10,3,0,10,0,0,1,-0.939641437061175
"2299",1,"undammed","UBV",2023,2213.4539,31.0923702031507,0,7,"237",0,14930.0591562309,0.337103093172541,3810.94290931523,0,"2023.UBV.1",15,5,11,3,0,11,0,0,1,-0.939641437061175
"2300",1,"undammed","UBV",2023,2213.4539,31.0923702031507,0,8,"238",0,15520.1702740239,0.342245853384641,3810.94290931523,0,"2023.UBV.1",15,5,12,3,0,12,0,0,1,-0.939641437061175
"2301",4,"dammed","UBV",2023,2213.4539,33.5428096358007,1.13675702075356,6,"236",0,13934.7558666454,0.372143097068454,4448.50841443241,4.54702808301424,"2023.UBV.4",42,5,10,3,1,10,0,0,1,0.505284281970562
"2302",4,"dammed","UBV",2023,2213.4539,33.5428096358007,1.13675702075356,7,"237",0,13256.654949263,0.339303151079429,4448.50841443241,4.54702808301424,"2023.UBV.4",42,5,11,3,1,11,0,0,1,0.505284281970562
"2303",4,"dammed","UBV",2023,2213.4539,33.5428096358007,1.13675702075356,8,"238",0,13312.2690935621,0.350730808102722,4448.50841443241,4.54702808301424,"2023.UBV.4",42,5,12,3,1,12,0,0,1,0.505284281970562
"2304",4,"undammed","UBV",2023,2213.4539,38.4830046928107,0,6,"236",0,15639.3269431619,0.375240380936113,4628.98940950632,0,"2023.UBV.4",42,5,10,3,0,10,0,0,1,-0.939641437061175
"2305",4,"undammed","UBV",2023,2213.4539,38.4830046928107,0,7,"237",0,14469.4107484705,0.349960408320096,4628.98940950632,0,"2023.UBV.4",42,5,11,3,0,11,0,0,1,-0.939641437061175
"2306",4,"undammed","UBV",2023,2213.4539,38.4830046928107,0,8,"238",0,14877.0526115567,0.347124278583313,4628.98940950632,0,"2023.UBV.4",42,5,12,3,0,12,0,0,1,-0.939641437061175
"2307",5,"dammed","UBV",2023,1536.0673,35.9488304368755,1.1417142934335,6,"236",157.550947564957,12821.7378175324,0.345149084305355,3646.06784006953,4.566857173734,"2023.UBV.5",51,5,10,3,1,10,5.06607597740899,1,1,0.511585444541567
"2308",5,"dammed","UBV",2023,1536.0673,35.9488304368755,1.1417142934335,7,"237",78.9341949175386,12021.7714896109,0.321286869194206,3646.06784006953,4.566857173734,"2023.UBV.5",51,5,11,3,1,11,4.3812037326521,1,1,0.511585444541567
"2309",5,"dammed","UBV",2023,1536.0673,35.9488304368755,1.1417142934335,8,"238",157.550947564957,12495.2446348303,0.306872670833639,3646.06784006953,4.566857173734,"2023.UBV.5",51,5,12,3,1,12,5.06607597740899,1,1,0.511585444541567
"2310",5,"undammed","UBV",2023,1536.5099,36.8170413998715,0,6,"236",0,14769.5048127118,0.404373811227343,4516.56147411466,0,"2023.UBV.5",51,5,10,3,0,10,0,0,1,-0.939641437061175
"2311",5,"undammed","UBV",2023,1536.5099,36.8170413998715,0,7,"237",0,14044.6029481476,0.345636583053157,4516.56147411466,0,"2023.UBV.5",51,5,11,3,0,11,0,0,1,-0.939641437061175
"2312",5,"undammed","UBV",2023,1536.5099,36.8170413998715,0,8,"238",0,15363.1928263945,0.352796247588454,4516.56147411466,0,"2023.UBV.5",51,5,12,3,0,12,0,0,1,-0.939641437061175
"2313",6,"dammed","UBV",2023,1535.5385,40.5382452983987,1.13963287419953,6,"236",0,12818.7866044288,0.345697905793404,4475.54878851771,4.55853149679812,"2023.UBV.6",60,5,10,3,1,10,0,0,1,0.508939763777478
"2314",6,"dammed","UBV",2023,1535.5385,40.5382452983987,1.13963287419953,8,"238",0,11950.9503326416,0.304071700599166,4475.54878851771,4.55853149679812,"2023.UBV.6",60,5,12,3,1,12,0,0,1,0.508939763777478
"2315",6,"undammed","UBV",2023,1535.8604,42.5234444622098,0,6,"236",0,10335.275375815,0.338550001789289,4346.94781920314,0,"2023.UBV.6",60,5,10,3,0,10,0,0,1,-0.939641437061175
"2316",6,"undammed","UBV",2023,1535.8604,42.5234444622098,0,8,"238",0,10072.0476672603,0.309570869683149,4346.94781920314,0,"2023.UBV.6",60,5,12,3,0,12,0,0,1,-0.939641437061175
"2317",7,"dammed","UBV",2023,1527.6534,32.0315054177682,1.15356473272667,6,"236",0,12678.574757475,0.416407282721983,3265.24246281385,4.61425893090668,"2023.UBV.7",69,5,10,3,1,10,0,0,1,0.526648474022726
"2318",7,"dammed","UBV",2023,1527.6534,32.0315054177682,1.15356473272667,7,"237",0,11413.7032062905,0.375522898127018,3265.24246281385,4.61425893090668,"2023.UBV.7",69,5,11,3,1,11,0,0,1,0.526648474022726
"2319",7,"dammed","UBV",2023,1527.6534,32.0315054177682,1.15356473272667,8,"238",0,12248.8327622058,0.362857153966548,3265.24246281385,4.61425893090668,"2023.UBV.7",69,5,12,3,1,12,0,0,1,0.526648474022726
"2320",7,"undammed","UBV",2023,1527.8373,32.7902886132856,0,6,"236",0,13422.5573570102,0.396789030809466,4944.70978617668,0,"2023.UBV.7",69,5,10,3,0,10,0,0,1,-0.939641437061175
"2321",7,"undammed","UBV",2023,1527.8373,32.7902886132856,0,8,"238",0,11685.8652836818,0.359044678874993,4944.70978617668,0,"2023.UBV.7",69,5,12,3,0,12,0,0,1,-0.939641437061175
"2322",8,"dammed","UBV",2023,1497.5431,44.0607351347447,1.14235444241671,6,"236",0,9115.32025975246,0.3118134379565,11478.0586504191,4.56941776966684,"2023.UBV.8",80,5,10,3,1,10,0,0,1,0.512399134462073
"2323",8,"dammed","UBV",2023,1497.5431,44.0607351347447,1.14235444241671,7,"237",3.48270490309771,7072.64356267592,0.257794593688027,11478.0586504191,4.56941776966684,"2023.UBV.8",80,5,11,3,1,11,1.50022663724218,1,1,0.512399134462073
"2324",8,"dammed","UBV",2023,1497.5431,44.0607351347447,1.14235444241671,8,"238",0,9053.16997198965,0.263518827601461,11478.0586504191,4.56941776966684,"2023.UBV.8",80,5,12,3,1,12,0,0,1,0.512399134462073
"2325",8,"undammed","UBV",2023,1498.9447,44.7916710430102,0,6,"236",40.1081586201986,25633.344723032,0.408234938205121,15159.9129231572,0,"2023.UBV.8",80,5,10,3,0,10,3.71620660837654,1,1,-0.939641437061175
"2326",8,"undammed","UBV",2023,1498.9447,44.7916710430102,0,7,"237",0,21686.0536005955,0.331212291411108,15159.9129231572,0,"2023.UBV.8",80,5,11,3,0,11,0,0,1,-0.939641437061175
"2327",8,"undammed","UBV",2023,1498.9447,44.7916710430102,0,8,"238",0,21551.009393161,0.325748094406526,15159.9129231572,0,"2023.UBV.8",80,5,12,3,0,12,0,0,1,-0.939641437061175
"2328",9,"dammed","UBV",2023,1495.9982,44.5606994899317,3.41469452909754,6,"236",188.532520201861,15881.6380558388,0.331171846899042,14350.2638665512,11.3823150969918,"2023.UBV.9",88,5,10,3,1,10,5.24456062036298,1,1,2.67735839788688
"2329",9,"dammed","UBV",2023,1495.9982,44.5606994899317,3.41469452909754,7,"237",84.9037088627909,8008.04240285836,0.224254695366692,14350.2638665512,11.3823150969918,"2023.UBV.9",88,5,11,3,1,11,4.4532270045749,1,1,2.67735839788688
"2330",9,"dammed","UBV",2023,1495.9982,44.5606994899317,3.41469452909754,8,"238",185.858136317543,10168.5209299424,0.229142605619647,14350.2638665512,11.3823150969918,"2023.UBV.9",88,5,12,3,1,12,5.2303496996318,1,1,2.67735839788688
"2331",9,"undammed","UBV",2023,1496.3141,39.9462595029014,0,6,"236",75.5365703255522,14337.3400656906,0.340569081045485,12919.2698807865,0,"2023.UBV.9",88,5,10,3,0,10,4.33776867007738,1,1,-0.939641437061175
"2332",9,"undammed","UBV",2023,1496.3141,39.9462595029014,0,7,"237",0,8924.67070348403,0.246197638688463,12919.2698807865,0,"2023.UBV.9",88,5,11,3,0,11,0,0,1,-0.939641437061175
"2333",9,"undammed","UBV",2023,1496.3141,39.9462595029014,0,8,"238",0,10629.1720491895,0.254945286325918,12919.2698807865,0,"2023.UBV.9",88,5,12,3,0,12,0,0,1,-0.939641437061175
"2334",10,"dammed","UBV",2023,1486.64,45.5945511610754,1.12948379275821,6,"236",0,20348.2675828522,0.376501609821101,5356.19945666566,4.51793517103284,"2023.UBV.10",97,5,10,3,1,10,0,0,1,0.496039321087104
"2335",10,"dammed","UBV",2023,1486.64,45.5945511610754,1.12948379275821,7,"237",0,18254.8669334561,0.313112059849727,5356.19945666566,4.51793517103284,"2023.UBV.10",97,5,11,3,1,11,0,0,1,0.496039321087104
"2336",10,"dammed","UBV",2023,1486.64,45.5945511610754,1.12948379275821,8,"238",0,19164.8486258413,0.328440589994881,5356.19945666566,4.51793517103284,"2023.UBV.10",97,5,12,3,1,12,0,0,1,0.496039321087104
"2337",10,"undammed","UBV",2023,1486.64,42.863483567467,0,6,"236",0,10526.6213542265,0.354783726266833,4638.36497937888,0,"2023.UBV.10",97,5,10,3,0,10,0,0,1,-0.939641437061175
"2338",10,"undammed","UBV",2023,1486.64,42.863483567467,0,7,"237",0,5476.72011249019,0.210154177784398,4638.36497937888,0,"2023.UBV.10",97,5,11,3,0,11,0,0,1,-0.939641437061175
"2339",10,"undammed","UBV",2023,1486.64,42.863483567467,0,8,"238",0,6146.86085773543,0.210292440493987,4638.36497937888,0,"2023.UBV.10",97,5,12,3,0,12,0,0,1,-0.939641437061175
"2340",11,"dammed","UBV",2023,1484.751,46.7723524453192,1.14267844721747,6,"236",324.565904218777,15561.7768323711,0.384457888376981,5617.15189655684,4.57071378886988,"2023.UBV.11",106,5,10,3,1,10,5.7855649118724,1,1,0.512810975217099
"2341",11,"dammed","UBV",2023,1484.751,46.7723524453192,1.14267844721747,7,"237",155.740162059373,14225.1184625065,0.334541750386815,5617.15189655684,4.57071378886988,"2023.UBV.11",106,5,11,3,1,11,5.05458941556174,1,1,0.512810975217099
"2342",11,"dammed","UBV",2023,1484.751,46.7723524453192,1.14267844721747,8,"238",75.5201808475981,13461.5047208001,0.316942257074541,5617.15189655684,4.57071378886988,"2023.UBV.11",106,5,12,3,1,12,4.33755450797227,1,1,0.512810975217099
"2343",11,"undammed","UBV",2023,1484.8372,47.6532902305142,0,6,"236",55.11996763968,15906.1319103166,0.432734393251516,6772.94357339293,0,"2023.UBV.11",106,5,10,3,0,10,4.02749167860687,1,1,-0.939641437061175
"2344",11,"undammed","UBV",2023,1484.8372,47.6532902305142,0,7,"237",91.5549177623263,14439.1194644704,0.344841618490728,6772.94357339293,0,"2023.UBV.11",106,5,11,3,0,11,4.52780217388364,1,1,-0.939641437061175
"2345",11,"undammed","UBV",2023,1484.8372,47.6532902305142,0,8,"238",0,13225.354477916,0.316508050240066,6772.94357339293,0,"2023.UBV.11",106,5,12,3,0,12,0,0,1,-0.939641437061175
"2346",12,"dammed","UBV",2023,1380.1217,33.8864090948839,1.14243314739694,6,"236",0,18551.0314994962,0.458340751444572,3150.3540097028,4.56973258958776,"2023.UBV.12",116,5,10,3,1,10,0,0,1,0.512499175938021
"2347",12,"dammed","UBV",2023,1380.1217,33.8864090948839,1.14243314739694,7,"237",0,18690.0838952457,0.371957226122059,3150.3540097028,4.56973258958776,"2023.UBV.12",116,5,11,3,1,11,0,0,1,0.512499175938021
"2348",12,"dammed","UBV",2023,1380.1217,33.8864090948839,1.14243314739694,8,"238",0,18938.7981430652,0.396683944189319,3150.3540097028,4.56973258958776,"2023.UBV.12",116,5,12,3,1,12,0,0,1,0.512499175938021
"2349",12,"undammed","UBV",2023,1393.9744,35.7825392639935,0,6,"236",0,18227.7777991501,0.471789582758954,3947.04553128779,0,"2023.UBV.12",116,5,10,3,0,10,0,0,1,-0.939641437061175
"2350",12,"undammed","UBV",2023,1393.9744,35.7825392639935,0,7,"237",0,17474.8619732726,0.386527336124332,3947.04553128779,0,"2023.UBV.12",116,5,11,3,0,11,0,0,1,-0.939641437061175
"2351",12,"undammed","UBV",2023,1393.9744,35.7825392639935,0,8,"238",0,18208.8995244942,0.385579088346799,3947.04553128779,0,"2023.UBV.12",116,5,12,3,0,12,0,0,1,-0.939641437061175
"2352",13,"dammed","UBV",2023,1301.6946,40.4701103957589,1.14292184400813,6,"236",0,14891.6165089028,0.449952613604976,4790.7949860096,4.57168737603252,"2023.UBV.13",128,5,10,3,1,10,0,0,1,0.513120355565171
"2353",13,"dammed","UBV",2023,1301.6946,40.4701103957589,1.14292184400813,7,"237",0,11944.7690242393,0.372043018837884,4790.7949860096,4.57168737603252,"2023.UBV.13",128,5,11,3,1,11,0,0,1,0.513120355565171
"2354",13,"dammed","UBV",2023,1301.6946,40.4701103957589,1.14292184400813,8,"238",0,14744.6658131618,0.384083526543209,4790.7949860096,4.57168737603252,"2023.UBV.13",128,5,12,3,1,12,0,0,1,0.513120355565171
"2355",13,"undammed","UBV",2023,1301.6256,38.670855886569,0,6,"236",0,15941.7973235186,0.490028676051389,3907.4334872067,0,"2023.UBV.13",128,5,10,3,0,10,0,0,1,-0.939641437061175
"2356",13,"undammed","UBV",2023,1301.6256,38.670855886569,0,7,"237",0,15472.3684721704,0.381200153601751,3907.4334872067,0,"2023.UBV.13",128,5,11,3,0,11,0,0,1,-0.939641437061175
"2357",13,"undammed","UBV",2023,1301.6256,38.670855886569,0,8,"238",0,14643.2093186921,0.386686785347149,3907.4334872067,0,"2023.UBV.13",128,5,12,3,0,12,0,0,1,-0.939641437061175
"2358",14,"dammed","UBV",2023,1301.4417,40.1843593243836,1.14243969459447,6,"236",262.726932865966,18132.9925731584,0.473035949112724,4630.70079740882,4.56975877837788,"2023.UBV.14",138,5,10,3,1,10,5.57491422263748,1,1,0.512507498045495
"2359",14,"dammed","UBV",2023,1301.4417,40.1843593243836,1.14243969459447,7,"237",407.584996345931,16660.1007104013,0.383440325109203,4630.70079740882,4.56975877837788,"2023.UBV.14",138,5,11,3,1,11,6.01269996204691,1,1,0.512507498045495
"2360",14,"dammed","UBV",2023,1301.4417,40.1843593243836,1.14243969459447,8,"238",0,18523.001922398,0.392665568674835,4630.70079740882,4.56975877837788,"2023.UBV.14",138,5,12,3,1,12,0,0,1,0.512507498045495
"2361",14,"undammed","UBV",2023,1301.4417,38.7166209926952,0,6,"236",0,15969.3884718053,0.467811769777111,3746.02444931865,0,"2023.UBV.14",138,5,10,3,0,10,0,0,1,-0.939641437061175
"2362",14,"undammed","UBV",2023,1301.4417,38.7166209926952,0,7,"237",0,14892.5688391293,0.403597519311099,3746.02444931865,0,"2023.UBV.14",138,5,11,3,0,11,0,0,1,-0.939641437061175
"2363",14,"undammed","UBV",2023,1301.4417,38.7166209926952,0,8,"238",0,16022.6633872238,0.40708898126741,3746.02444931865,0,"2023.UBV.14",138,5,12,3,0,12,0,0,1,-0.939641437061175
"2364",15,"dammed","UBV",2023,1297.1234,33.7414943542282,3.43196575805134,6,"236",0,34425.025675725,0.451931346851431,9873.5947060883,5.81689111534125,"2023.UBV.15",144,5,10,3,1,10,0,0,1,0.908813295110195
"2365",15,"dammed","UBV",2023,1297.1234,33.7414943542282,3.43196575805134,7,"237",0,28562.4226681878,0.394289572013512,9873.5947060883,5.81689111534125,"2023.UBV.15",144,5,11,3,1,11,0,0,1,0.908813295110195
"2366",15,"dammed","UBV",2023,1297.1234,33.7414943542282,3.43196575805134,8,"238",0,32220.8703063067,0.407932114866613,9873.5947060883,5.81689111534125,"2023.UBV.15",144,5,12,3,1,12,0,0,1,0.908813295110195
"2367",15,"undammed","UBV",2023,1297.1234,33.7430676514856,0,6,"236",0,15525.0709322761,0.49320516917324,3363.87676945329,0,"2023.UBV.15",144,5,10,3,0,10,0,0,1,-0.939641437061175
"2368",15,"undammed","UBV",2023,1297.1234,33.7430676514856,0,7,"237",0,15189.6569310805,0.411751871852532,3363.87676945329,0,"2023.UBV.15",144,5,11,3,0,11,0,0,1,-0.939641437061175
"2369",15,"undammed","UBV",2023,1297.1234,33.7430676514856,0,8,"238",0,15943.4134668388,0.413566435142816,3363.87676945329,0,"2023.UBV.15",144,5,12,3,0,12,0,0,1,-0.939641437061175
"2370",16,"dammed","UBV",2023,740.65717,32.8910391421865,1.15511840792255,6,"236",0,19869.7822770661,0.50680450831089,3471.35466042161,4.6204736316902,"2023.UBV.16",155,5,10,3,1,10,0,0,1,0.528623342185898
"2371",16,"dammed","UBV",2023,740.65717,32.8910391421865,1.15511840792255,7,"237",0,18106.5528307148,0.431187250848986,3471.35466042161,4.6204736316902,"2023.UBV.16",155,5,11,3,1,11,0,0,1,0.528623342185898
"2372",16,"dammed","UBV",2023,740.65717,32.8910391421865,1.15511840792255,8,"238",0,18369.0240852506,0.413413909041014,3471.35466042161,4.6204736316902,"2023.UBV.16",155,5,12,3,1,12,0,0,1,0.528623342185898
"2373",16,"undammed","UBV",2023,930.362663,29.1711697749335,0,6,"236",0,18523.9255177217,0.544006729064901,3282.99478596449,0,"2023.UBV.16",155,5,10,3,0,10,0,0,1,-0.939641437061175
"2374",16,"undammed","UBV",2023,930.362663,29.1711697749335,0,7,"237",0,18523.6630559585,0.413021866044504,3282.99478596449,0,"2023.UBV.16",155,5,11,3,0,11,0,0,1,-0.939641437061175
"2375",16,"undammed","UBV",2023,930.362663,29.1711697749335,0,8,"238",0,18171.175733858,0.419783289532238,3282.99478596449,0,"2023.UBV.16",155,5,12,3,0,12,0,0,1,-0.939641437061175
"2376",17,"dammed","UBV",2023,555.1786,35.0482528224731,1.14644637805872,6,"236",0,18648.1751240151,0.502605508720113,3886.14489591122,4.58578551223488,"2023.UBV.17",164,5,10,3,1,10,0,0,1,0.51760037179056
"2377",17,"dammed","UBV",2023,555.1786,35.0482528224731,1.14644637805872,7,"237",77.6511664406926,17816.5768654318,0.399254739013842,3886.14489591122,4.58578551223488,"2023.UBV.17",164,5,11,3,1,11,4.36502246017235,1,1,0.51760037179056
"2378",17,"dammed","UBV",2023,555.1786,35.0482528224731,1.14644637805872,8,"238",0,18368.8732498767,0.390840373483871,3886.14489591122,4.58578551223488,"2023.UBV.17",164,5,12,3,1,12,0,0,1,0.51760037179056
"2379",17,"undammed","UBV",2023,739.3424307,36.2989350440622,0,6,"236",0,19114.672660319,0.524440690628285,3579.60930499434,0,"2023.UBV.17",164,5,10,3,0,10,0,0,1,-0.939641437061175
"2380",17,"undammed","UBV",2023,739.3424307,36.2989350440622,0,7,"237",141.739177034649,18580.7864986046,0.399913090186164,3579.60930499434,0,"2023.UBV.17",164,5,11,3,0,11,4.96101902804115,1,1,-0.939641437061175
"2381",17,"undammed","UBV",2023,739.3424307,36.2989350440622,0,8,"238",0,19114.672660319,0.407575534369741,3579.60930499434,0,"2023.UBV.17",164,5,12,3,0,12,0,0,1,-0.939641437061175
"2382",18,"dammed","UBV",2023,386.06177,47.8877175808344,1.13858067290601,6,"236",1138.28824336365,12331.6710281073,0.283153291461845,8433.48065456748,4.55432269162404,"2023.UBV.18",175,5,10,3,1,10,7.03815899847559,1,1,0.50760231638736
"2383",18,"dammed","UBV",2023,386.06177,47.8877175808344,1.13858067290601,8,"238",590.32718305728,11280.9941479552,0.282474756889579,8433.48065456748,4.55432269162404,"2023.UBV.18",175,5,12,3,1,12,6.38236947345502,1,1,0.50760231638736
"2384",18,"undammed","UBV",2023,386.25748,38.778883785099,0,6,"236",0,3988.71072079528,0.231873675334822,7240.21999451518,0,"2023.UBV.18",175,5,10,3,0,10,0,0,1,-0.939641437061175
"2385",18,"undammed","UBV",2023,386.25748,38.778883785099,0,8,"238",0,2846.0784325394,0.214163027521333,7240.21999451518,0,"2023.UBV.18",175,5,12,3,0,12,0,0,1,-0.939641437061175
"2386",19,"dammed","UBV",2023,353.6084,36.0676577172142,1.16056309416072,6,"236",595.300434871749,7503.87195009718,0.301556945820261,4670.36273768544,4.64225237664288,"2023.UBV.19",181,5,10,3,1,10,6.39074462541229,1,1,0.535544053502354
"2387",19,"dammed","UBV",2023,353.6084,36.0676577172142,1.16056309416072,8,"238",392.303594733219,6029.96306346819,0.26138973897717,4670.36273768544,4.64225237664288,"2023.UBV.19",181,5,12,3,1,12,5.97458181932282,1,1,0.535544053502354
"2388",19,"undammed","UBV",2023,353.9711,40.9028038303883,0,6,"236",0,7775.02983359543,0.282228374260339,7382.95427122712,0,"2023.UBV.19",181,5,10,3,0,10,0,0,1,-0.939641437061175
"2389",19,"undammed","UBV",2023,353.9711,40.9028038303883,0,8,"238",0,6766.71254607556,0.249320470191896,7382.95427122712,0,"2023.UBV.19",181,5,12,3,0,12,0,0,1,-0.939641437061175
"2390",20,"dammed","UBV",2023,352.52612,37.0098758123684,1.14642932253868,6,"236",0,10388.3215154311,0.329651901610363,5072.33590433002,4.58571729015472,"2023.UBV.20",190,5,10,3,1,10,0,0,1,0.51757869261101
"2391",20,"dammed","UBV",2023,352.52612,37.0098758123684,1.14642932253868,7,"237",0,9226.93457198797,0.2966242289503,5072.33590433002,4.58571729015472,"2023.UBV.20",190,5,11,3,1,11,0,0,1,0.51757869261101
"2392",20,"dammed","UBV",2023,352.52612,37.0098758123684,1.14642932253868,8,"238",0,9022.68685512169,0.289413062183797,5072.33590433002,4.58571729015472,"2023.UBV.20",190,5,12,3,1,12,0,0,1,0.51757869261101
"2393",20,"undammed","UBV",2023,352.52612,38.0223625669184,0,6,"236",0,13311.8489282047,0.332693567609523,6739.5838496685,0,"2023.UBV.20",190,5,10,3,0,10,0,0,1,-0.939641437061175
"2394",20,"undammed","UBV",2023,352.52612,38.0223625669184,0,7,"237",0,11541.2001212625,0.302833846702445,6739.5838496685,0,"2023.UBV.20",190,5,11,3,0,11,0,0,1,-0.939641437061175
"2395",20,"undammed","UBV",2023,352.52612,38.0223625669184,0,8,"238",0,11360.6115438723,0.283343992893048,6739.5838496685,0,"2023.UBV.20",190,5,12,3,0,12,0,0,1,-0.939641437061175
"2396",21,"dammed","UBV",2023,336.84683,36.7521734617028,1.14983276145712,6,"236",0,10005.5260978848,0.295116090890917,4490.1567428112,4.59933104582848,"2023.UBV.21",203,5,10,3,1,10,0,0,1,0.521904785466938
"2397",21,"dammed","UBV",2023,336.84683,36.7521734617028,1.14983276145712,7,"237",0,7292.44963289149,0.259292242361166,4490.1567428112,4.59933104582848,"2023.UBV.21",203,5,11,3,1,11,0,0,1,0.521904785466938
"2398",21,"dammed","UBV",2023,336.84683,36.7521734617028,1.14983276145712,8,"238",0,5991.6457344504,0.244231690046239,4490.1567428112,4.59933104582848,"2023.UBV.21",203,5,12,3,1,12,0,0,1,0.521904785466938
"2399",21,"undammed","UBV",2023,337.71634,33.2112314641439,0,6,"236",0,8824.09856082692,0.32015254103146,5587.70251023769,0,"2023.UBV.21",203,5,10,3,0,10,0,0,1,-0.939641437061175
"2400",21,"undammed","UBV",2023,337.71634,33.2112314641439,0,7,"237",159.059676078955,8330.11799295463,0.279220042096425,5587.70251023769,0,"2023.UBV.21",203,5,11,3,0,11,5.07554672118923,1,1,-0.939641437061175
"2401",21,"undammed","UBV",2023,337.71634,33.2112314641439,0,8,"238",0,8776.78126226687,0.268503598425082,5587.70251023769,0,"2023.UBV.21",203,5,12,3,0,12,0,0,1,-0.939641437061175
"2402",22,"dammed","UBV",2023,254.52106,48.4930094025982,3.44177595474236,6,"236",0,35632.275536152,0.372720427367122,25996.6165119708,6.88355190948472,"2023.UBV.22",214,5,10,3,1,10,0,0,1,1.24776999095691
"2403",22,"dammed","UBV",2023,254.52106,48.4930094025982,3.44177595474236,8,"238",0,33833.5987931195,0.290562269578194,25996.6165119708,6.88355190948472,"2023.UBV.22",214,5,12,3,1,12,0,0,1,1.24776999095691
"2404",22,"undammed","UBV",2023,290.622,43.382410594479,0,6,"236",528.907984414989,17761.5138535743,0.283895009416198,19894.1991699636,0,"2023.UBV.22",214,5,10,3,0,10,6.27270337716212,1,1,-0.939641437061175
"2405",22,"undammed","UBV",2023,290.622,43.382410594479,0,8,"238",825.315162190736,14295.2306587668,0.231258523905577,19894.1991699636,0,"2023.UBV.22",214,5,12,3,0,12,6.71697625303744,1,1,-0.939641437061175
"2406",23,"dammed","UBV",2023,254.08311,38.731854215972,1.15068746926473,6,"236",0,11701.8322192323,0.391177065444572,8185.42354151607,4.60274987705892,"2023.UBV.23",221,5,10,3,1,10,0,0,1,0.522991199952115
"2407",23,"dammed","UBV",2023,254.08311,38.731854215972,1.15068746926473,8,"238",0,10402.7412462721,0.295432440571294,8185.42354151607,4.60274987705892,"2023.UBV.23",221,5,12,3,1,12,0,0,1,0.522991199952115
"2408",23,"undammed","UBV",2023,253.87567,36.8697466815862,0,6,"236",0,11297.8585507262,0.389000604205331,7894.14145869017,0,"2023.UBV.23",221,5,10,3,0,10,0,0,1,-0.939641437061175
"2409",23,"undammed","UBV",2023,253.87567,36.8697466815862,0,8,"238",0,10060.3481843238,0.292283644223052,7894.14145869017,0,"2023.UBV.23",221,5,12,3,0,12,0,0,1,-0.939641437061175
"2410",24,"dammed","UBV",2023,251.71474,33.9088195727209,1.14197182677285,6,"236",81.3363380792094,3559.43993584128,0.277914035793853,4975.10720199347,4.5678873070914,"2023.UBV.24",227,5,10,3,1,10,4.41081254218313,1,1,0.511912793780447
"2411",24,"dammed","UBV",2023,251.71474,33.9088195727209,1.14197182677285,8,"238",46.6263183416105,1007.92827633128,0.215321624093984,4975.10720199347,4.5678873070914,"2023.UBV.24",227,5,12,3,1,12,3.86338551477734,1,1,0.511912793780447
"2412",24,"undammed","UBV",2023,251.8876,32.253994394221,0,6,"236",0,4487.50544421626,0.299033499746428,4397.68108958006,0,"2023.UBV.24",227,5,10,3,0,10,0,0,1,-0.939641437061175
"2413",24,"undammed","UBV",2023,251.8876,32.253994394221,0,8,"238",2.83627572153129,3664.51483282949,0.220519567985888,4397.68108958006,0,"2023.UBV.24",227,5,12,3,0,12,1.34450203179249,1,1,-0.939641437061175
"2414",26,"dammed","UBV",2023,193.18059,55.3942980187659,5.80216700694766,6,"236",2796.45221986537,42358.6895425834,0.371644509310573,36596.6561227143,8.92641077991948,"2023.UBV.26",237,5,10,3,1,10,7.9364643604568,1,1,1.89693671444161
"2415",26,"dammed","UBV",2023,193.18059,55.3942980187659,5.80216700694766,8,"238",2359.49271026149,36314.5517960791,0.284247357653734,36596.6561227143,8.92641077991948,"2023.UBV.26",237,5,12,3,1,12,7.76662565176361,1,1,1.89693671444161
"2416",26,"undammed","UBV",2023,193.91835,44.6100284713216,1.16103220851071,6,"236",0,48653.0666643629,0.323259272080346,34987.6710115373,1.87263259437211,"2023.UBV.26",237,5,10,3,1,10,0,0,1,-0.344568138962761
"2417",26,"undammed","UBV",2023,193.91835,44.6100284713216,1.16103220851071,8,"238",3.93669852322223,41255.0204462986,0.235576326626521,34987.6710115373,1.87263259437211,"2023.UBV.26",237,5,12,3,1,12,1.59669679264052,1,1,-0.344568138962761
"2418",27,"dammed","UBV",2023,193.02496,49.4210011720742,2.28931843063883,6,"236",599.208831494462,22107.0728948855,0.346282588122266,23821.8943021297,4.57863686127766,"2023.UBV.27",242,5,10,3,1,10,6.3972776471507,1,1,0.51532871887004
"2419",27,"dammed","UBV",2023,193.02496,49.4210011720742,2.28931843063883,8,"238",458.718278905457,14086.5848342596,0.245198129021832,23821.8943021297,4.57863686127766,"2023.UBV.27",242,5,12,3,1,12,6.13061386470485,1,1,0.51532871887004
"2420",27,"undammed","UBV",2023,192.69064,37.5287392636059,0,6,"236",73.5036090890567,26283.814041766,0.288108862047338,20517.6414712369,0,"2023.UBV.27",242,5,10,3,0,10,4.31084756836055,1,1,-0.939641437061175
"2421",27,"undammed","UBV",2023,192.69064,37.5287392636059,0,8,"238",481.91077208332,19953.600347691,0.219241445439877,20517.6414712369,0,"2023.UBV.27",242,5,12,3,0,12,6.17983189969908,1,1,-0.939641437061175
"2422",29,"dammed","UBV",2023,171.62082,51.144410846778,2.30016719533892,6,"236",546.806038912839,25924.1067507576,0.381410229080525,21637.229855001,6.05307156668137,"2023.UBV.29",256,5,10,3,1,10,6.30592128070549,1,1,0.983865219629569
"2423",29,"dammed","UBV",2023,171.62082,51.144410846778,2.30016719533892,8,"238",0,24525.8189042634,0.294551137305519,21637.229855001,6.05307156668137,"2023.UBV.29",256,5,12,3,1,12,0,0,1,0.983865219629569
"2424",29,"undammed","UBV",2023,171.61507,40.3780946109878,0,6,"236",0,24730.5769957599,0.34051186104595,19417.6600975245,0,"2023.UBV.29",256,5,10,3,0,10,0,0,1,-0.939641437061175
"2425",29,"undammed","UBV",2023,171.61507,40.3780946109878,0,8,"238",0,20690.0695660759,0.265830376951609,19417.6600975245,0,"2023.UBV.29",256,5,12,3,0,12,0,0,1,-0.939641437061175
"2426",36,"dammed","UBV",2023,141.3022,56.3265219878478,18.5005173645421,6,"236",173.469016795299,115656.861657146,0.423270207297276,81750.9468234777,11.9358176545433,"2023.UBV.36",283,5,10,3,1,10,5.1617471716962,1,1,2.85324692691172
"2427",36,"dammed","UBV",2023,141.3022,56.3265219878478,18.5005173645421,8,"238",0,109317.389643351,0.347541191845498,81750.9468234777,11.9358176545433,"2023.UBV.36",283,5,12,3,1,12,0,0,1,2.85324692691172
"2428",36,"undammed","UBV",2023,169.41327,49.3362053160744,4.61299793231814,6,"236",376.394392109151,129384.318314107,0.343232627796642,88586.7033425122,2.97612769826977,"2023.UBV.36",283,5,10,3,1,10,5.93329077354782,1,1,0.00609353000813787
"2429",36,"undammed","UBV",2023,169.41327,49.3362053160744,4.61299793231814,8,"238",321.727909906471,100892.375534117,0.262235411343908,88586.7033425122,2.97612769826977,"2023.UBV.36",283,5,12,3,1,12,5.77680958402722,1,1,0.00609353000813787
"2430",37,"dammed","UBV",2023,140.69716,56.2930411245344,8.10680461500098,6,"236",0,50652.6890703987,0.361866456401925,38132.8438294232,7.72076630000093,"2023.UBV.37",288,5,10,3,1,10,0,0,1,1.51381466521773
"2431",37,"dammed","UBV",2023,140.69716,56.2930411245344,8.10680461500098,8,"238",0,44918.7975297516,0.29223970998492,38132.8438294232,7.72076630000093,"2023.UBV.37",288,5,12,3,1,12,0,0,1,1.51381466521773
"2432",37,"undammed","UBV",2023,139.11267,53.5129813591422,6.91557047044157,6,"236",1276.74164908704,56039.1388290106,0.370651608717657,40774.4460379183,6.58625759089673,"2023.UBV.37",288,5,10,3,1,10,7.15284946198785,1,1,1.15329768966313
"2433",37,"undammed","UBV",2023,139.11267,53.5129813591422,6.91557047044157,8,"238",1599.01803184584,48779.982817676,0.283413645173062,40774.4460379183,6.58625759089673,"2023.UBV.37",288,5,12,3,1,12,7.37777017806802,1,1,1.15329768966313
"2434",42,"dammed","UBV",2023,126.431,67.5119567036874,12.7601196106083,6,"236",1586.66619121514,75669.4790698781,0.428026710577677,64067.588222906,10.2080956884866,"2023.UBV.42",300,5,10,3,1,10,7.37002041266712,1,1,2.30422240836587
"2435",42,"dammed","UBV",2023,126.431,67.5119567036874,12.7601196106083,8,"238",157.60877405592,74617.2898104799,0.356816316688201,64067.588222906,10.2080956884866,"2023.UBV.42",300,5,12,3,1,12,5.06644062958681,1,1,2.30422240836587
"2436",42,"undammed","UBV",2023,126.05076,58.6265533921103,0,6,"236",0,44401.4413069482,0.346699516701865,71938.6922601834,0,"2023.UBV.42",300,5,10,3,0,10,0,0,1,-0.939641437061175
"2437",42,"undammed","UBV",2023,126.05076,58.6265533921103,0,8,"238",0,43008.6315543979,0.270259322094659,71938.6922601834,0,"2023.UBV.42",300,5,12,3,0,12,0,0,1,-0.939641437061175
"2438",43,"dammed","UBV",2023,117.33938,58.2715725504621,1.17194783188528,6,"236",0,28005.8544815961,0.383154854648402,20678.4298998266,4.68779132754112,"2023.UBV.43",302,5,10,3,1,10,0,0,1,0.550015132230984
"2439",43,"dammed","UBV",2023,117.33938,58.2715725504621,1.17194783188528,8,"238",0,28972.093630413,0.335857055911433,20678.4298998266,4.68779132754112,"2023.UBV.43",302,5,12,3,1,12,0,0,1,0.550015132230984
"2440",43,"undammed","UBV",2023,95.00535,55.4675453731331,0,6,"236",0,14061.0074812347,0.423346505205132,16178.524186261,0,"2023.UBV.43",302,5,10,3,0,10,0,0,1,-0.939641437061175
"2441",43,"undammed","UBV",2023,95.00535,55.4675453731331,0,8,"238",0,22020.3422814762,0.319111329710867,16178.524186261,0,"2023.UBV.43",302,5,12,3,0,12,0,0,1,-0.939641437061175
"2442",45,"dammed","UBV",2023,88.85882,62.0919417028329,1.17189679901331,6,"236",0,13508.4574334836,0.471004573164084,15022.2336371019,4.68758719605324,"2023.UBV.45",305,5,10,3,1,10,0,0,1,0.549950264622622
"2443",45,"dammed","UBV",2023,88.85882,62.0919417028329,1.17189679901331,8,"238",0,24030.7935564228,0.435705951772179,15022.2336371019,4.68758719605324,"2023.UBV.45",305,5,12,3,1,12,0,0,1,0.549950264622622
"2444",45,"undammed","UBV",2023,94.9247,67.0636109036652,0,6,"236",0,34320.8530177397,0.466114308104947,21819.415155746,0,"2023.UBV.45",305,5,10,3,0,10,0,0,1,-0.939641437061175
"2445",45,"undammed","UBV",2023,94.9247,67.0636109036652,0,8,"238",0,34346.8899624993,0.425879310217696,21819.415155746,0,"2023.UBV.45",305,5,12,3,0,12,0,0,1,-0.939641437061175
